timestamp,open,high,low,close,adj_close,volume,open_adj,high_adj,low_adj,close_adj
2025-11-11T14:30:00Z,434.82000732421875,438.4200134277344,434.82000732421875,438.4200134277344,438.4200134277344,2653.0,434.82000732421875,438.4200134277344,434.82000732421875,438.4200134277344
2025-11-11T14:38:00Z,433.57000732421875,433.57000732421875,432.06500244140625,432.06500244140625,432.06500244140625,365.0,433.57000732421875,433.57000732421875,432.06500244140625,432.06500244140625
2025-11-11T14:39:00Z,432.06500244140625,432.06500244140625,432.06500244140625,432.06500244140625,432.06500244140625,330.0,432.06500244140625,432.06500244140625,432.06500244140625,432.06500244140625
2025-11-11T14:46:00Z,430.2132873535156,432.3299865722656,427.4200134277344,429.864990234375,429.864990234375,1545.0,430.2132873535156,432.3299865722656,427.4200134277344,429.864990234375
2025-11-11T14:47:00Z,429.864990234375,429.864990234375,427.4200134277344,428.4530029296875,428.4530029296875,983.0,429.864990234375,429.864990234375,427.4200134277344,428.4530029296875
2025-11-11T14:48:00Z,427.3550109863281,427.3550109863281,426.3699951171875,426.3699951171875,426.3699951171875,1054.0,427.3550109863281,427.3550109863281,426.3699951171875,426.3699951171875
2025-11-11T14:49:00Z,427.69000244140625,428.5299987792969,427.69000244140625,428.5299987792969,428.5299987792969,296.0,427.69000244140625,428.5299987792969,427.69000244140625,428.5299987792969
2025-11-11T14:52:00Z,428.2799987792969,429.5899963378906,428.2799987792969,429.5799865722656,429.5799865722656,887.0,428.2799987792969,429.5899963378906,428.2799987792969,429.5799865722656
2025-11-11T14:53:00Z,430.2550048828125,430.5299987792969,429.760009765625,430.2300109863281,430.2300109863281,2326.0,430.2550048828125,430.5299987792969,429.760009765625,430.2300109863281
2025-11-11T14:54:00Z,430.8299865722656,431.19500732421875,430.8299865722656,431.19500732421875,431.19500732421875,432.0,430.8299865722656,431.19500732421875,430.8299865722656,431.19500732421875
2025-11-11T14:57:00Z,431.2074890136719,431.2074890136719,431.2074890136719,431.2074890136719,431.2074890136719,190.0,431.2074890136719,431.2074890136719,431.2074890136719,431.2074890136719
2025-11-11T14:58:00Z,430.70001220703125,431.19500732421875,430.70001220703125,431.19500732421875,431.19500732421875,690.0,430.70001220703125,431.19500732421875,430.70001220703125,431.19500732421875
2025-11-11T15:03:00Z,431.19500732421875,431.19500732421875,431.19500732421875,431.19500732421875,431.19500732421875,1684.0,431.19500732421875,431.19500732421875,431.19500732421875,431.19500732421875
2025-11-11T15:04:00Z,431.19500732421875,431.19500732421875,430.0899963378906,430.1099853515625,430.1099853515625,945.0,431.19500732421875,431.19500732421875,430.0899963378906,430.1099853515625
2025-11-11T15:05:00Z,430.6199951171875,430.6199951171875,430.1000061035156,430.1000061035156,430.1000061035156,158.0,430.6199951171875,430.6199951171875,430.1000061035156,430.1000061035156
2025-11-11T15:06:00Z,430.1499938964844,430.8999938964844,427.84271240234375,427.84271240234375,427.84271240234375,1353.0,430.1499938964844,430.8999938964844,427.84271240234375,427.84271240234375
2025-11-11T15:07:00Z,429.5975036621094,429.5975036621094,429.5775146484375,429.5775146484375,429.5775146484375,422.0,429.5975036621094,429.5975036621094,429.5775146484375,429.5775146484375
2025-11-11T15:08:00Z,431.2799987792969,431.29998779296875,431.2799987792969,431.29998779296875,431.29998779296875,687.0,431.2799987792969,431.29998779296875,431.2799987792969,431.29998779296875
2025-11-11T15:10:00Z,429.99749755859375,429.99749755859375,429.9649963378906,429.9649963378906,429.9649963378906,268.0,429.99749755859375,429.99749755859375,429.9649963378906,429.9649963378906
2025-11-11T15:13:00Z,429.5068054199219,430.3266906738281,429.45001220703125,430.3266906738281,430.3266906738281,573.0,429.5068054199219,430.3266906738281,429.45001220703125,430.3266906738281
2025-11-11T15:14:00Z,430.1099853515625,431.3500061035156,430.0267028808594,430.1099853515625,430.1099853515625,505.0,430.1099853515625,431.3500061035156,430.0267028808594,430.1099853515625
2025-11-11T15:15:00Z,430.1099853515625,430.5,430.1099853515625,430.1099853515625,430.1099853515625,497.0,430.1099853515625,430.5,430.1099853515625,430.1099853515625
2025-11-11T15:16:00Z,430.1099853515625,430.1099853515625,430.1099853515625,430.1099853515625,430.1099853515625,88.0,430.1099853515625,430.1099853515625,430.1099853515625,430.1099853515625
2025-11-11T15:17:00Z,430.1099853515625,430.1099853515625,430.1099853515625,430.1099853515625,430.1099853515625,392.0,430.1099853515625,430.1099853515625,430.1099853515625,430.1099853515625
2025-11-11T15:18:00Z,430.1300048828125,430.1300048828125,430.1300048828125,430.1300048828125,430.1300048828125,61.0,430.1300048828125,430.1300048828125,430.1300048828125,430.1300048828125
2025-11-11T15:19:00Z,430.1499938964844,430.1499938964844,430.1499938964844,430.1499938964844,430.1499938964844,214.0,430.1499938964844,430.1499938964844,430.1499938964844,430.1499938964844
2025-11-11T15:21:00Z,429.9599914550781,429.9599914550781,429.9599914550781,429.9599914550781,429.9599914550781,151.0,429.9599914550781,429.9599914550781,429.9599914550781,429.9599914550781
2025-11-11T15:24:00Z,429.8424987792969,429.8424987792969,429.8424987792969,429.8424987792969,429.8424987792969,205.0,429.8424987792969,429.8424987792969,429.8424987792969,429.8424987792969
2025-11-11T15:26:00Z,429.94000244140625,429.94000244140625,429.6600036621094,429.6600036621094,429.6600036621094,1082.0,429.94000244140625,429.94000244140625,429.6600036621094,429.6600036621094
2025-11-11T15:28:00Z,429.5050048828125,429.5050048828125,429.5050048828125,429.5050048828125,429.5050048828125,190.0,429.5050048828125,429.5050048828125,429.5050048828125,429.5050048828125
2025-11-11T15:29:00Z,429.8900146484375,429.8900146484375,429.6600036621094,429.6600036621094,429.6600036621094,239.0,429.8900146484375,429.8900146484375,429.6600036621094,429.6600036621094
2025-11-11T15:30:00Z,428.7650146484375,428.7650146484375,428.7650146484375,428.7650146484375,428.7650146484375,257.0,428.7650146484375,428.7650146484375,428.7650146484375,428.7650146484375
2025-11-11T15:32:00Z,428.760009765625,428.760009765625,427.20001220703125,428.010009765625,428.010009765625,2127.0,428.760009765625,428.760009765625,427.20001220703125,428.010009765625
2025-11-11T15:33:00Z,428.20001220703125,429.05999755859375,428.20001220703125,429.05999755859375,429.05999755859375,1194.0,428.20001220703125,429.05999755859375,428.20001220703125,429.05999755859375
2025-11-11T15:34:00Z,429.1600036621094,429.1600036621094,429.1600036621094,429.1600036621094,429.1600036621094,170.0,429.1600036621094,429.1600036621094,429.1600036621094,429.1600036621094
2025-11-11T15:35:00Z,429.9599914550781,430.3999938964844,429.9599914550781,430.3999938964844,430.3999938964844,355.0,429.9599914550781,430.3999938964844,429.9599914550781,430.3999938964844
2025-11-11T15:36:00Z,429.8949890136719,429.8949890136719,429.8949890136719,429.8949890136719,429.8949890136719,139.0,429.8949890136719,429.8949890136719,429.8949890136719,429.8949890136719
2025-11-11T15:38:00Z,430.0174865722656,430.0174865722656,430.0174865722656,430.0174865722656,430.0174865722656,250.0,430.0174865722656,430.0174865722656,430.0174865722656,430.0174865722656
2025-11-11T15:40:00Z,431.42999267578125,431.7200012207031,431.42999267578125,431.7200012207031,431.7200012207031,163.0,431.42999267578125,431.7200012207031,431.42999267578125,431.7200012207031
2025-11-11T15:41:00Z,430.9200134277344,430.9200134277344,430.9200134277344,430.9200134277344,430.9200134277344,67.0,430.9200134277344,430.9200134277344,430.9200134277344,430.9200134277344
2025-11-11T15:42:00Z,430.30999755859375,430.30999755859375,430.30999755859375,430.30999755859375,430.30999755859375,96.0,430.30999755859375,430.30999755859375,430.30999755859375,430.30999755859375
2025-11-11T15:43:00Z,431.1000061035156,431.5799865722656,429.8900146484375,429.8900146484375,429.8900146484375,704.0,431.1000061035156,431.5799865722656,429.8900146484375,429.8900146484375
2025-11-11T15:46:00Z,430.7550048828125,430.7550048828125,430.7550048828125,430.7550048828125,430.7550048828125,256.0,430.7550048828125,430.7550048828125,430.7550048828125,430.7550048828125
2025-11-11T15:47:00Z,430.6400146484375,430.6400146484375,429.7850036621094,429.7850036621094,429.7850036621094,315.0,430.6400146484375,430.6400146484375,429.7850036621094,429.7850036621094
2025-11-11T15:48:00Z,430.0,431.1400146484375,429.7850036621094,430.42498779296875,430.42498779296875,1981.0,430.0,431.1400146484375,429.7850036621094,430.42498779296875
2025-11-11T15:50:00Z,430.42999267578125,431.1499938964844,430.42999267578125,431.1499938964844,431.1499938964844,331.0,430.42999267578125,431.1499938964844,430.42999267578125,431.1499938964844
2025-11-11T15:53:00Z,431.4200134277344,431.4200134277344,431.3999938964844,431.3999938964844,431.3999938964844,455.0,431.4200134277344,431.4200134277344,431.3999938964844,431.3999938964844
2025-11-11T15:55:00Z,430.5299987792969,430.5299987792969,429.6600036621094,430.3900146484375,430.3900146484375,844.0,430.5299987792969,430.5299987792969,429.6600036621094,430.3900146484375
2025-11-11T15:57:00Z,429.3900146484375,430.0,429.3900146484375,429.68499755859375,429.68499755859375,917.0,429.3900146484375,430.0,429.3900146484375,429.68499755859375
2025-11-11T15:58:00Z,430.1300048828125,430.1300048828125,430.1300048828125,430.1300048828125,430.1300048828125,140.0,430.1300048828125,430.1300048828125,430.1300048828125,430.1300048828125
2025-11-11T15:59:00Z,430.3699951171875,430.55999755859375,430.3699951171875,430.55999755859375,430.55999755859375,273.0,430.3699951171875,430.55999755859375,430.3699951171875,430.55999755859375
2025-11-11T16:00:00Z,430.0,430.0,430.0,430.0,430.0,151.0,430.0,430.0,430.0,430.0
2025-11-11T16:01:00Z,430.0,430.0,429.3699951171875,429.7799987792969,429.7799987792969,4077.0,430.0,430.0,429.3699951171875,429.7799987792969
2025-11-11T16:02:00Z,430.0,430.0,430.0,430.0,430.0,182.0,430.0,430.0,430.0,430.0
2025-11-11T16:03:00Z,430.3999938964844,430.3999938964844,429.989990234375,430.0,430.0,591.0,430.3999938964844,430.3999938964844,429.989990234375,430.0
2025-11-11T16:05:00Z,429.9949951171875,430.6199951171875,429.9949951171875,430.6199951171875,430.6199951171875,405.0,429.9949951171875,430.6199951171875,429.9949951171875,430.6199951171875
2025-11-11T16:06:00Z,430.6075134277344,430.6075134277344,430.6075134277344,430.6075134277344,430.6075134277344,178.0,430.6075134277344,430.6075134277344,430.6075134277344,430.6075134277344
2025-11-11T16:07:00Z,430.6199951171875,430.6199951171875,430.6099853515625,430.6199951171875,430.6199951171875,440.0,430.6199951171875,430.6199951171875,430.6099853515625,430.6199951171875
2025-11-11T16:08:00Z,430.37249755859375,430.37249755859375,430.37249755859375,430.37249755859375,430.37249755859375,179.0,430.37249755859375,430.37249755859375,430.37249755859375,430.37249755859375
2025-11-11T16:09:00Z,430.75,430.7799987792969,430.75,430.7799987792969,430.7799987792969,277.0,430.75,430.7799987792969,430.75,430.7799987792969
2025-11-11T16:10:00Z,430.31500244140625,430.31500244140625,430.31500244140625,430.31500244140625,430.31500244140625,112.0,430.31500244140625,430.31500244140625,430.31500244140625,430.31500244140625
2025-11-11T16:12:00Z,430.7699890136719,430.7699890136719,430.7699890136719,430.7699890136719,430.7699890136719,387.0,430.7699890136719,430.7699890136719,430.7699890136719,430.7699890136719
2025-11-11T16:13:00Z,430.32000732421875,430.32000732421875,430.32000732421875,430.32000732421875,430.32000732421875,195.0,430.32000732421875,430.32000732421875,430.32000732421875,430.32000732421875
2025-11-11T16:14:00Z,430.375,430.375,430.375,430.375,430.375,208.0,430.375,430.375,430.375,430.375
2025-11-11T16:15:00Z,430.375,431.54998779296875,430.375,431.54998779296875,431.54998779296875,1023.0,430.375,431.54998779296875,430.375,431.54998779296875
2025-11-11T16:16:00Z,431.5400085449219,431.5400085449219,431.5400085449219,431.5400085449219,431.5400085449219,359.0,431.5400085449219,431.5400085449219,431.5400085449219,431.5400085449219
2025-11-11T16:18:00Z,431.57000732421875,431.57000732421875,431.3374938964844,431.3374938964844,431.3374938964844,306.0,431.57000732421875,431.57000732421875,431.3374938964844,431.3374938964844
2025-11-11T16:19:00Z,431.7799987792969,431.8999938964844,431.6300048828125,431.6300048828125,431.6300048828125,498.0,431.7799987792969,431.8999938964844,431.6300048828125,431.6300048828125
2025-11-11T16:20:00Z,431.3550109863281,431.3550109863281,431.3550109863281,431.3550109863281,431.3550109863281,187.0,431.3550109863281,431.3550109863281,431.3550109863281,431.3550109863281
2025-11-11T16:22:00Z,431.8699951171875,431.8800048828125,431.8699951171875,431.8800048828125,431.8800048828125,363.0,431.8699951171875,431.8800048828125,431.8699951171875,431.8800048828125
2025-11-11T16:25:00Z,431.5799865722656,431.5799865722656,430.80999755859375,431.54998779296875,431.54998779296875,1336.0,431.5799865722656,431.5799865722656,430.80999755859375,431.54998779296875
2025-11-11T16:26:00Z,430.8900146484375,430.9100036621094,430.79998779296875,430.80999755859375,430.80999755859375,295.0,430.8900146484375,430.9100036621094,430.79998779296875,430.80999755859375
2025-11-11T16:27:00Z,430.8500061035156,431.0899963378906,430.79998779296875,430.8475036621094,430.8475036621094,754.0,430.8500061035156,431.0899963378906,430.79998779296875,430.8475036621094
2025-11-11T16:29:00Z,431.05999755859375,431.54998779296875,431.05999755859375,431.3599853515625,431.3599853515625,308.0,431.05999755859375,431.54998779296875,431.05999755859375,431.3599853515625
2025-11-11T16:30:00Z,430.82000732421875,430.82000732421875,430.80999755859375,430.80999755859375,430.80999755859375,273.0,430.82000732421875,430.82000732421875,430.80999755859375,430.80999755859375
2025-11-11T16:31:00Z,430.7601013183594,430.7601013183594,430.7601013183594,430.7601013183594,430.7601013183594,122.0,430.7601013183594,430.7601013183594,430.7601013183594,430.7601013183594
2025-11-11T16:32:00Z,431.2200012207031,431.3999938964844,431.2200012207031,431.3399963378906,431.3399963378906,402.0,431.2200012207031,431.3999938964844,431.2200012207031,431.3399963378906
2025-11-11T16:33:00Z,431.19000244140625,431.19000244140625,431.19000244140625,431.19000244140625,431.19000244140625,155.0,431.19000244140625,431.19000244140625,431.19000244140625,431.19000244140625
2025-11-11T16:34:00Z,430.8349914550781,430.8349914550781,430.8349914550781,430.8349914550781,430.8349914550781,217.0,430.8349914550781,430.8349914550781,430.8349914550781,430.8349914550781
2025-11-11T16:35:00Z,431.3800048828125,431.6700134277344,430.9043884277344,431.6700134277344,431.6700134277344,1226.0,431.3800048828125,431.6700134277344,430.9043884277344,431.6700134277344
2025-11-11T16:38:00Z,431.6300048828125,431.6300048828125,431.6300048828125,431.6300048828125,431.6300048828125,70.0,431.6300048828125,431.6300048828125,431.6300048828125,431.6300048828125
2025-11-11T16:39:00Z,431.5799865722656,431.5799865722656,430.3500061035156,430.3500061035156,430.3500061035156,408.0,431.5799865722656,431.5799865722656,430.3500061035156,430.3500061035156
2025-11-11T16:40:00Z,430.989990234375,431.04998779296875,430.989990234375,431.04998779296875,431.04998779296875,230.0,430.989990234375,431.04998779296875,430.989990234375,431.04998779296875
2025-11-11T16:41:00Z,431.6000061035156,431.6000061035156,431.0299987792969,431.0299987792969,431.0299987792969,478.0,431.6000061035156,431.6000061035156,431.0299987792969,431.0299987792969
2025-11-11T16:42:00Z,431.4100036621094,431.5,431.4100036621094,431.5,431.5,385.0,431.4100036621094,431.5,431.4100036621094,431.5
2025-11-11T16:45:00Z,431.5400085449219,431.55999755859375,431.5400085449219,431.55999755859375,431.55999755859375,214.0,431.5400085449219,431.55999755859375,431.5400085449219,431.55999755859375
2025-11-11T16:46:00Z,431.1199951171875,431.1199951171875,430.9599914550781,430.9599914550781,430.9599914550781,96.0,431.1199951171875,431.1199951171875,430.9599914550781,430.9599914550781
2025-11-11T16:47:00Z,431.0400085449219,431.6000061035156,431.0400085449219,431.6000061035156,431.6000061035156,462.0,431.0400085449219,431.6000061035156,431.0400085449219,431.6000061035156
2025-11-11T16:48:00Z,431.1875,431.1875,431.1875,431.1875,431.1875,186.0,431.1875,431.1875,431.1875,431.1875
2025-11-11T16:49:00Z,431.2900085449219,431.6099853515625,431.2900085449219,431.6099853515625,431.6099853515625,282.0,431.2900085449219,431.6099853515625,431.2900085449219,431.6099853515625
2025-11-11T16:50:00Z,430.9849853515625,430.9849853515625,430.9849853515625,430.9849853515625,430.9849853515625,112.0,430.9849853515625,430.9849853515625,430.9849853515625,430.9849853515625
2025-11-11T16:51:00Z,430.8900146484375,430.8900146484375,430.8900146484375,430.8900146484375,430.8900146484375,52.0,430.8900146484375,430.8900146484375,430.8900146484375,430.8900146484375
2025-11-11T16:52:00Z,430.9849853515625,431.5899963378906,430.9849853515625,430.9849853515625,430.9849853515625,578.0,430.9849853515625,431.5899963378906,430.9849853515625,430.9849853515625
2025-11-11T16:55:00Z,431.3599853515625,431.3599853515625,430.9849853515625,430.9849853515625,430.9849853515625,467.0,431.3599853515625,431.3599853515625,430.9849853515625,430.9849853515625
2025-11-11T16:56:00Z,430.9849853515625,430.9849853515625,430.9849853515625,430.9849853515625,430.9849853515625,381.0,430.9849853515625,430.9849853515625,430.9849853515625,430.9849853515625
2025-11-11T16:57:00Z,430.8900146484375,430.8900146484375,430.8900146484375,430.8900146484375,430.8900146484375,208.0,430.8900146484375,430.8900146484375,430.8900146484375,430.8900146484375
2025-11-11T16:58:00Z,430.3699951171875,430.3800048828125,430.0249938964844,430.0249938964844,430.0249938964844,938.0,430.3699951171875,430.3800048828125,430.0249938964844,430.0249938964844
2025-11-11T16:59:00Z,429.7799987792969,429.7799987792969,429.7799987792969,429.7799987792969,429.7799987792969,125.0,429.7799987792969,429.7799987792969,429.7799987792969,429.7799987792969
2025-11-11T17:00:00Z,430.0050048828125,430.0050048828125,430.0050048828125,430.0050048828125,430.0050048828125,325.0,430.0050048828125,430.0050048828125,430.0050048828125,430.0050048828125
2025-11-11T17:01:00Z,430.69000244140625,430.69000244140625,430.69000244140625,430.69000244140625,430.69000244140625,160.0,430.69000244140625,430.69000244140625,430.69000244140625,430.69000244140625
2025-11-11T17:02:00Z,430.0224914550781,430.0224914550781,429.9849853515625,429.9849853515625,429.9849853515625,533.0,430.0224914550781,430.0224914550781,429.9849853515625,429.9849853515625
2025-11-11T17:05:00Z,429.9700012207031,429.9700012207031,429.9700012207031,429.9700012207031,429.9700012207031,445.0,429.9700012207031,429.9700012207031,429.9700012207031,429.9700012207031
2025-11-11T17:06:00Z,429.9800109863281,429.9800109863281,429.9750061035156,429.9750061035156,429.9750061035156,120.0,429.9800109863281,429.9800109863281,429.9750061035156,429.9750061035156
2025-11-11T17:07:00Z,430.0899963378906,430.69000244140625,430.0899963378906,430.69000244140625,430.69000244140625,384.0,430.0899963378906,430.69000244140625,430.0899963378906,430.69000244140625
2025-11-11T17:10:00Z,430.7099914550781,431.07000732421875,430.7099914550781,431.07000732421875,431.07000732421875,857.0,430.7099914550781,431.07000732421875,430.7099914550781,431.07000732421875
2025-11-11T17:12:00Z,430.6025085449219,430.6025085449219,430.6025085449219,430.6025085449219,430.6025085449219,126.0,430.6025085449219,430.6025085449219,430.6025085449219,430.6025085449219
2025-11-11T17:13:00Z,430.94000244140625,431.07000732421875,430.3949890136719,430.3949890136719,430.3949890136719,254.0,430.94000244140625,431.07000732421875,430.3949890136719,430.3949890136719
2025-11-11T17:14:00Z,430.7300109863281,430.7300109863281,430.7300109863281,430.7300109863281,430.7300109863281,139.0,430.7300109863281,430.7300109863281,430.7300109863281,430.7300109863281
2025-11-11T17:15:00Z,431.05999755859375,431.1400146484375,431.05999755859375,431.1400146484375,431.1400146484375,317.0,431.05999755859375,431.1400146484375,431.05999755859375,431.1400146484375
2025-11-11T17:16:00Z,431.3299865722656,431.3299865722656,431.3299865722656,431.3299865722656,431.3299865722656,196.0,431.3299865722656,431.3299865722656,431.3299865722656,431.3299865722656
2025-11-11T17:17:00Z,430.80999755859375,430.80999755859375,430.80999755859375,430.80999755859375,430.80999755859375,125.0,430.80999755859375,430.80999755859375,430.80999755859375,430.80999755859375
2025-11-11T17:18:00Z,430.9926452636719,430.9926452636719,430.80999755859375,430.9599914550781,430.9599914550781,348.0,430.9926452636719,430.9926452636719,430.80999755859375,430.9599914550781
2025-11-11T17:19:00Z,430.54998779296875,430.54998779296875,430.54998779296875,430.54998779296875,430.54998779296875,385.0,430.54998779296875,430.54998779296875,430.54998779296875,430.54998779296875
2025-11-11T17:21:00Z,430.80999755859375,431.5400085449219,430.6300048828125,431.5400085449219,431.5400085449219,1666.0,430.80999755859375,431.5400085449219,430.6300048828125,431.5400085449219
2025-11-11T17:23:00Z,431.9800109863281,431.9800109863281,431.9800109863281,431.9800109863281,431.9800109863281,233.0,431.9800109863281,431.9800109863281,431.9800109863281,431.9800109863281
2025-11-11T17:24:00Z,432.239990234375,432.44000244140625,432.239990234375,432.44000244140625,432.44000244140625,565.0,432.239990234375,432.44000244140625,432.239990234375,432.44000244140625
2025-11-11T17:25:00Z,431.9049987792969,432.9100036621094,431.9049987792969,432.9100036621094,432.9100036621094,468.0,431.9049987792969,432.9100036621094,431.9049987792969,432.9100036621094
2025-11-11T17:26:00Z,432.6099853515625,432.8299865722656,432.6099853515625,432.7200012207031,432.7200012207031,335.0,432.6099853515625,432.8299865722656,432.6099853515625,432.7200012207031
2025-11-11T17:27:00Z,433.0,433.25,432.50750732421875,432.7550048828125,432.7550048828125,1706.0,433.0,433.25,432.50750732421875,432.7550048828125
2025-11-11T17:28:00Z,432.9700012207031,432.9700012207031,432.9700012207031,432.9700012207031,432.9700012207031,219.0,432.9700012207031,432.9700012207031,432.9700012207031,432.9700012207031
2025-11-11T17:29:00Z,432.94000244140625,432.94000244140625,432.1300048828125,432.1400146484375,432.1400146484375,1266.0,432.94000244140625,432.94000244140625,432.1300048828125,432.1400146484375
2025-11-11T17:31:00Z,432.0899963378906,432.0899963378906,432.0899963378906,432.0899963378906,432.0899963378906,224.0,432.0899963378906,432.0899963378906,432.0899963378906,432.0899963378906
2025-11-11T17:33:00Z,432.0899963378906,432.0899963378906,432.0899963378906,432.0899963378906,432.0899963378906,275.0,432.0899963378906,432.0899963378906,432.0899963378906,432.0899963378906
2025-11-11T17:34:00Z,431.70001220703125,431.7300109863281,431.5849914550781,431.5849914550781,431.5849914550781,485.0,431.70001220703125,431.7300109863281,431.5849914550781,431.5849914550781
2025-11-11T17:38:00Z,432.0899963378906,432.0899963378906,432.0899963378906,432.0899963378906,432.0899963378906,128.0,432.0899963378906,432.0899963378906,432.0899963378906,432.0899963378906
2025-11-11T17:39:00Z,431.70001220703125,431.70001220703125,431.4700012207031,431.4700012207031,431.4700012207031,542.0,431.70001220703125,431.70001220703125,431.4700012207031,431.4700012207031
2025-11-11T17:41:00Z,431.8949890136719,431.8949890136719,431.57000732421875,431.70001220703125,431.70001220703125,507.0,431.8949890136719,431.8949890136719,431.57000732421875,431.70001220703125
2025-11-11T17:43:00Z,431.8800048828125,431.8800048828125,431.8800048828125,431.8800048828125,431.8800048828125,56.0,431.8800048828125,431.8800048828125,431.8800048828125,431.8800048828125
2025-11-11T17:44:00Z,431.4849853515625,432.3599853515625,431.4700012207031,431.9574890136719,431.9574890136719,1452.0,431.4849853515625,432.3599853515625,431.4700012207031,431.9574890136719
2025-11-11T17:46:00Z,432.2200012207031,432.2200012207031,432.2200012207031,432.2200012207031,432.2200012207031,46.0,432.2200012207031,432.2200012207031,432.2200012207031,432.2200012207031
2025-11-11T17:47:00Z,432.25,432.25,432.25,432.25,432.25,135.0,432.25,432.25,432.25,432.25
2025-11-11T17:48:00Z,432.3599853515625,432.92999267578125,431.989990234375,432.92999267578125,432.92999267578125,833.0,432.3599853515625,432.92999267578125,431.989990234375,432.92999267578125
2025-11-11T17:50:00Z,432.94000244140625,432.94000244140625,432.94000244140625,432.94000244140625,432.94000244140625,382.0,432.94000244140625,432.94000244140625,432.94000244140625,432.94000244140625
2025-11-11T17:54:00Z,432.4100036621094,432.8299865722656,432.4100036621094,432.8299865722656,432.8299865722656,203.0,432.4100036621094,432.8299865722656,432.4100036621094,432.8299865722656
2025-11-11T17:55:00Z,432.8999938964844,432.8999938964844,432.8999938964844,432.8999938964844,432.8999938964844,60.0,432.8999938964844,432.8999938964844,432.8999938964844,432.8999938964844
2025-11-11T17:57:00Z,432.31500244140625,432.31500244140625,432.31500244140625,432.31500244140625,432.31500244140625,127.0,432.31500244140625,432.31500244140625,432.31500244140625,432.31500244140625
2025-11-11T17:59:00Z,432.31500244140625,432.4049987792969,432.31500244140625,432.4049987792969,432.4049987792969,631.0,432.31500244140625,432.4049987792969,432.31500244140625,432.4049987792969
2025-11-11T18:05:00Z,432.4100036621094,432.4100036621094,432.4100036621094,432.4100036621094,432.4100036621094,91.0,432.4100036621094,432.4100036621094,432.4100036621094,432.4100036621094
2025-11-11T18:06:00Z,432.4049987792969,432.4049987792969,432.4049987792969,432.4049987792969,432.4049987792969,146.0,432.4049987792969,432.4049987792969,432.4049987792969,432.4049987792969
2025-11-11T18:07:00Z,432.4049987792969,432.4049987792969,432.4049987792969,432.4049987792969,432.4049987792969,167.0,432.4049987792969,432.4049987792969,432.4049987792969,432.4049987792969
2025-11-11T18:08:00Z,432.3999938964844,432.3999938964844,432.3999938964844,432.3999938964844,432.3999938964844,244.0,432.3999938964844,432.3999938964844,432.3999938964844,432.3999938964844
2025-11-11T18:11:00Z,432.3999938964844,432.3999938964844,432.3999938964844,432.3999938964844,432.3999938964844,112.0,432.3999938964844,432.3999938964844,432.3999938964844,432.3999938964844
2025-11-11T18:12:00Z,432.3999938964844,432.3999938964844,432.3999938964844,432.3999938964844,432.3999938964844,89.0,432.3999938964844,432.3999938964844,432.3999938964844,432.3999938964844
2025-11-11T18:13:00Z,432.3349914550781,432.3349914550781,432.3349914550781,432.3349914550781,432.3349914550781,387.0,432.3349914550781,432.3349914550781,432.3349914550781,432.3349914550781
2025-11-11T18:14:00Z,432.3349914550781,432.3349914550781,432.3349914550781,432.3349914550781,432.3349914550781,160.0,432.3349914550781,432.3349914550781,432.3349914550781,432.3349914550781
2025-11-11T18:16:00Z,432.4100036621094,432.4100036621094,432.4100036621094,432.4100036621094,432.4100036621094,71.0,432.4100036621094,432.4100036621094,432.4100036621094,432.4100036621094
2025-11-11T18:17:00Z,433.0249938964844,433.0249938964844,432.760009765625,432.760009765625,432.760009765625,344.0,433.0249938964844,433.0249938964844,432.760009765625,432.760009765625
2025-11-11T18:20:00Z,432.69000244140625,433.1400146484375,432.69000244140625,433.0299987792969,433.0299987792969,614.0,432.69000244140625,433.1400146484375,432.69000244140625,433.0299987792969
2025-11-11T18:21:00Z,433.1449890136719,433.1449890136719,432.92999267578125,432.92999267578125,432.92999267578125,491.0,433.1449890136719,433.1449890136719,432.92999267578125,432.92999267578125
2025-11-11T18:22:00Z,432.7850036621094,433.05999755859375,432.7850036621094,433.0299987792969,433.0299987792969,761.0,432.7850036621094,433.05999755859375,432.7850036621094,433.0299987792969
2025-11-11T18:23:00Z,432.9100036621094,432.9100036621094,432.9100036621094,432.9100036621094,432.9100036621094,384.0,432.9100036621094,432.9100036621094,432.9100036621094,432.9100036621094
2025-11-11T18:25:00Z,432.7200012207031,432.760009765625,432.3900146484375,432.3900146484375,432.3900146484375,1082.0,432.7200012207031,432.760009765625,432.3900146484375,432.3900146484375
2025-11-11T18:28:00Z,432.0950012207031,432.0950012207031,432.0950012207031,432.0950012207031,432.0950012207031,138.0,432.0950012207031,432.0950012207031,432.0950012207031,432.0950012207031
2025-11-11T18:29:00Z,432.3475036621094,432.3475036621094,432.2825012207031,432.2825012207031,432.2825012207031,363.0,432.3475036621094,432.3475036621094,432.2825012207031,432.2825012207031
2025-11-11T18:30:00Z,432.75,432.8800048828125,432.75,432.8800048828125,432.8800048828125,207.0,432.75,432.8800048828125,432.75,432.8800048828125
2025-11-11T18:33:00Z,432.2550048828125,432.70001220703125,432.2550048828125,432.70001220703125,432.70001220703125,264.0,432.2550048828125,432.70001220703125,432.2550048828125,432.70001220703125
2025-11-11T18:34:00Z,432.3424987792969,432.3424987792969,432.3424987792969,432.3424987792969,432.3424987792969,232.0,432.3424987792969,432.3424987792969,432.3424987792969,432.3424987792969
2025-11-11T18:37:00Z,432.07000732421875,432.94000244140625,432.07000732421875,432.92999267578125,432.92999267578125,522.0,432.07000732421875,432.94000244140625,432.07000732421875,432.92999267578125
2025-11-11T18:39:00Z,432.92999267578125,432.92999267578125,432.92999267578125,432.92999267578125,432.92999267578125,217.0,432.92999267578125,432.92999267578125,432.92999267578125,432.92999267578125
2025-11-11T18:41:00Z,432.92999267578125,432.92999267578125,432.42999267578125,432.92999267578125,432.92999267578125,371.0,432.92999267578125,432.92999267578125,432.42999267578125,432.92999267578125
2025-11-11T18:42:00Z,432.447509765625,432.92999267578125,432.447509765625,432.739990234375,432.739990234375,610.0,432.447509765625,432.92999267578125,432.447509765625,432.739990234375
2025-11-11T18:45:00Z,432.67498779296875,432.67498779296875,432.67498779296875,432.67498779296875,432.67498779296875,241.0,432.67498779296875,432.67498779296875,432.67498779296875,432.67498779296875
2025-11-11T18:47:00Z,432.5899963378906,432.5899963378906,432.5899963378906,432.5899963378906,432.5899963378906,102.0,432.5899963378906,432.5899963378906,432.5899963378906,432.5899963378906
2025-11-11T18:49:00Z,432.5450134277344,432.5450134277344,432.5450134277344,432.5450134277344,432.5450134277344,115.0,432.5450134277344,432.5450134277344,432.5450134277344,432.5450134277344
2025-11-11T18:50:00Z,432.5299987792969,432.5299987792969,432.5299987792969,432.5299987792969,432.5299987792969,47.0,432.5299987792969,432.5299987792969,432.5299987792969,432.5299987792969
2025-11-11T18:51:00Z,432.5299987792969,432.5299987792969,432.5299987792969,432.5299987792969,432.5299987792969,325.0,432.5299987792969,432.5299987792969,432.5299987792969,432.5299987792969
2025-11-11T18:54:00Z,432.0950012207031,432.5299987792969,432.0950012207031,432.5299987792969,432.5299987792969,986.0,432.0950012207031,432.5299987792969,432.0950012207031,432.5299987792969
2025-11-11T18:55:00Z,432.5299987792969,432.5299987792969,432.5299987792969,432.5299987792969,432.5299987792969,236.0,432.5299987792969,432.5299987792969,432.5299987792969,432.5299987792969
2025-11-11T18:57:00Z,432.79998779296875,432.79998779296875,432.79998779296875,432.79998779296875,432.79998779296875,392.0,432.79998779296875,432.79998779296875,432.79998779296875,432.79998779296875
2025-11-11T19:00:00Z,432.7300109863281,432.7300109863281,432.7300109863281,432.7300109863281,432.7300109863281,224.0,432.7300109863281,432.7300109863281,432.7300109863281,432.7300109863281
2025-11-11T19:01:00Z,432.5199890136719,432.82501220703125,432.5199890136719,432.822509765625,432.822509765625,1482.0,432.5199890136719,432.82501220703125,432.5199890136719,432.822509765625
2025-11-11T19:02:00Z,432.82501220703125,432.82501220703125,432.74249267578125,432.82501220703125,432.82501220703125,1570.0,432.82501220703125,432.82501220703125,432.74249267578125,432.82501220703125
2025-11-11T19:03:00Z,432.82501220703125,432.82501220703125,432.82501220703125,432.82501220703125,432.82501220703125,179.0,432.82501220703125,432.82501220703125,432.82501220703125,432.82501220703125
2025-11-11T19:05:00Z,433.25,433.5199890136719,433.0,433.0474853515625,433.0474853515625,2261.0,433.25,433.5199890136719,433.0,433.0474853515625
2025-11-11T19:06:00Z,433.4700012207031,433.5199890136719,433.4700012207031,433.5199890136719,433.5199890136719,450.0,433.4700012207031,433.5199890136719,433.4700012207031,433.5199890136719
2025-11-11T19:09:00Z,433.489990234375,433.489990234375,433.489990234375,433.489990234375,433.489990234375,303.0,433.489990234375,433.489990234375,433.489990234375,433.489990234375
2025-11-11T19:12:00Z,432.7900085449219,433.5199890136719,432.7900085449219,432.7900085449219,432.7900085449219,505.0,432.7900085449219,433.5199890136719,432.7900085449219,432.7900085449219
2025-11-11T19:13:00Z,433.0,433.0,433.0,433.0,433.0,143.0,433.0,433.0,433.0,433.0
2025-11-11T19:14:00Z,432.8450012207031,432.8450012207031,432.7799987792969,432.7799987792969,432.7799987792969,254.0,432.8450012207031,432.8450012207031,432.7799987792969,432.7799987792969
2025-11-11T19:15:00Z,432.7799987792969,432.7799987792969,432.7799987792969,432.7799987792969,432.7799987792969,1632.0,432.7799987792969,432.7799987792969,432.7799987792969,432.7799987792969
2025-11-11T19:16:00Z,432.7799987792969,432.7799987792969,432.7799987792969,432.7799987792969,432.7799987792969,224.0,432.7799987792969,432.7799987792969,432.7799987792969,432.7799987792969
2025-11-11T19:17:00Z,432.8800048828125,433.2200012207031,432.8800048828125,433.2200012207031,433.2200012207031,237.0,432.8800048828125,433.2200012207031,432.8800048828125,433.2200012207031
2025-11-11T19:18:00Z,433.2099914550781,433.5,433.2099914550781,433.5,433.5,636.0,433.2099914550781,433.5,433.2099914550781,433.5
2025-11-11T19:19:00Z,432.92498779296875,432.92498779296875,432.92498779296875,432.92498779296875,432.92498779296875,148.0,432.92498779296875,432.92498779296875,432.92498779296875,432.92498779296875
2025-11-11T19:20:00Z,432.7850036621094,432.7850036621094,432.7799987792969,432.7799987792969,432.7799987792969,286.0,432.7850036621094,432.7850036621094,432.7799987792969,432.7799987792969
2025-11-11T19:22:00Z,433.489990234375,433.489990234375,432.69500732421875,432.69500732421875,432.69500732421875,246.0,433.489990234375,433.489990234375,432.69500732421875,432.69500732421875
2025-11-11T19:23:00Z,433.3699951171875,433.4700012207031,432.69500732421875,432.69500732421875,432.69500732421875,320.0,433.3699951171875,433.4700012207031,432.69500732421875,432.69500732421875
2025-11-11T19:24:00Z,432.4700012207031,432.885009765625,431.6700134277344,431.8349914550781,431.8349914550781,3793.0,432.4700012207031,432.885009765625,431.6700134277344,431.8349914550781
2025-11-11T19:25:00Z,431.375,431.375,431.375,431.375,431.375,278.0,431.375,431.375,431.375,431.375
2025-11-11T19:27:00Z,431.9100036621094,432.5199890136719,431.30999755859375,431.30999755859375,431.30999755859375,491.0,431.9100036621094,432.5199890136719,431.30999755859375,431.30999755859375
2025-11-11T19:28:00Z,431.30999755859375,431.625,431.30999755859375,431.625,431.625,206.0,431.30999755859375,431.625,431.30999755859375,431.625
2025-11-11T19:29:00Z,431.8550109863281,431.8999938964844,431.80499267578125,431.80499267578125,431.80499267578125,754.0,431.8550109863281,431.8999938964844,431.80499267578125,431.80499267578125
2025-11-11T19:30:00Z,431.80499267578125,431.80499267578125,431.80499267578125,431.80499267578125,431.80499267578125,367.0,431.80499267578125,431.80499267578125,431.80499267578125,431.80499267578125
2025-11-11T19:31:00Z,431.80499267578125,431.80499267578125,431.80499267578125,431.80499267578125,431.80499267578125,226.0,431.80499267578125,431.80499267578125,431.80499267578125,431.80499267578125
2025-11-11T19:32:00Z,431.80499267578125,431.80499267578125,431.80499267578125,431.80499267578125,431.80499267578125,233.0,431.80499267578125,431.80499267578125,431.80499267578125,431.80499267578125
2025-11-11T19:33:00Z,431.32000732421875,432.0,431.239990234375,431.989990234375,431.989990234375,717.0,431.32000732421875,432.0,431.239990234375,431.989990234375
2025-11-11T19:34:00Z,431.239990234375,431.239990234375,431.239990234375,431.239990234375,431.239990234375,135.0,431.239990234375,431.239990234375,431.239990234375,431.239990234375
2025-11-11T19:35:00Z,431.6400146484375,432.0,431.6400146484375,432.0,432.0,581.0,431.6400146484375,432.0,431.6400146484375,432.0
2025-11-11T19:38:00Z,431.94000244140625,432.0,431.94000244140625,432.0,432.0,815.0,431.94000244140625,432.0,431.94000244140625,432.0
2025-11-11T19:39:00Z,431.989990234375,432.0,431.989990234375,432.0,432.0,387.0,431.989990234375,432.0,431.989990234375,432.0
2025-11-11T19:40:00Z,431.4700012207031,432.1700134277344,431.4700012207031,432.1650085449219,432.1650085449219,321.0,431.4700012207031,432.1700134277344,431.4700012207031,432.1650085449219
2025-11-11T19:41:00Z,431.4700012207031,432.1700134277344,431.4700012207031,432.1650085449219,432.1650085449219,347.0,431.4700012207031,432.1700134277344,431.4700012207031,432.1650085449219
2025-11-11T19:42:00Z,432.1000061035156,432.1700134277344,432.1000061035156,432.1600036621094,432.1600036621094,681.0,432.1000061035156,432.1700134277344,432.1000061035156,432.1600036621094
2025-11-11T19:43:00Z,432.1650085449219,432.1650085449219,432.1650085449219,432.1650085449219,432.1650085449219,108.0,432.1650085449219,432.1650085449219,432.1650085449219,432.1650085449219
2025-11-11T19:44:00Z,432.1700134277344,432.2099914550781,432.1099853515625,432.2099914550781,432.2099914550781,878.0,432.1700134277344,432.2099914550781,432.1099853515625,432.2099914550781
2025-11-11T19:45:00Z,432.3800048828125,432.3800048828125,431.4523010253906,431.4523010253906,431.4523010253906,255.0,432.3800048828125,432.3800048828125,431.4523010253906,431.4523010253906
2025-11-11T19:46:00Z,431.7799987792969,432.4200134277344,431.7799987792969,432.4200134277344,432.4200134277344,722.0,431.7799987792969,432.4200134277344,431.7799987792969,432.4200134277344
2025-11-11T19:48:00Z,432.29998779296875,432.44000244140625,432.29998779296875,432.4150085449219,432.4150085449219,549.0,432.29998779296875,432.44000244140625,432.29998779296875,432.4150085449219
2025-11-11T19:49:00Z,432.44000244140625,432.44000244140625,432.0050048828125,432.44000244140625,432.44000244140625,723.0,432.44000244140625,432.44000244140625,432.0050048828125,432.44000244140625
2025-11-11T19:50:00Z,432.4200134277344,432.44000244140625,432.0050048828125,432.4049987792969,432.4049987792969,472.0,432.4200134277344,432.44000244140625,432.0050048828125,432.4049987792969
2025-11-11T19:51:00Z,432.3399963378906,432.44000244140625,432.32000732421875,432.32000732421875,432.32000732421875,461.0,432.3399963378906,432.44000244140625,432.32000732421875,432.32000732421875
2025-11-11T19:52:00Z,432.11749267578125,432.11749267578125,432.0975036621094,432.0975036621094,432.0975036621094,160.0,432.11749267578125,432.11749267578125,432.0975036621094,432.0975036621094
2025-11-11T19:53:00Z,432.3299865722656,432.44000244140625,432.0899963378906,432.0899963378906,432.0899963378906,654.0,432.3299865722656,432.44000244140625,432.0899963378906,432.0899963378906
2025-11-11T19:54:00Z,432.0899963378906,432.0899963378906,432.0899963378906,432.0899963378906,432.0899963378906,257.0,432.0899963378906,432.0899963378906,432.0899963378906,432.0899963378906
2025-11-11T19:55:00Z,432.3900146484375,432.5,432.0849914550781,432.0849914550781,432.0849914550781,470.0,432.3900146484375,432.5,432.0849914550781,432.0849914550781
2025-11-11T19:56:00Z,432.0849914550781,432.0849914550781,432.0849914550781,432.0849914550781,432.0849914550781,282.0,432.0849914550781,432.0849914550781,432.0849914550781,432.0849914550781
2025-11-11T19:58:00Z,432.0199890136719,432.0849914550781,431.57000732421875,431.9375,431.9375,3509.0,432.0199890136719,432.0849914550781,431.57000732421875,431.9375
2025-11-11T19:59:00Z,431.30999755859375,431.30999755859375,431.30999755859375,431.30999755859375,431.30999755859375,204.0,431.30999755859375,431.30999755859375,431.30999755859375,431.30999755859375
2025-11-11T20:00:00Z,431.2049865722656,431.2049865722656,431.2049865722656,431.2049865722656,431.2049865722656,109.0,431.2049865722656,431.2049865722656,431.2049865722656,431.2049865722656
2025-11-11T20:01:00Z,431.2049865722656,431.70001220703125,431.2049865722656,431.30999755859375,431.30999755859375,1082.0,431.2049865722656,431.70001220703125,431.2049865722656,431.30999755859375
2025-11-11T20:03:00Z,431.4100036621094,431.4100036621094,431.4100036621094,431.4100036621094,431.4100036621094,247.0,431.4100036621094,431.4100036621094,431.4100036621094,431.4100036621094
2025-11-11T20:04:00Z,431.8999938964844,432.3900146484375,431.8999938964844,432.3900146484375,432.3900146484375,399.0,431.8999938964844,432.3900146484375,431.8999938964844,432.3900146484375
2025-11-11T20:05:00Z,431.4100036621094,431.4100036621094,431.4100036621094,431.4100036621094,431.4100036621094,175.0,431.4100036621094,431.4100036621094,431.4100036621094,431.4100036621094
2025-11-11T20:06:00Z,431.4100036621094,431.4100036621094,431.4100036621094,431.4100036621094,431.4100036621094,244.0,431.4100036621094,431.4100036621094,431.4100036621094,431.4100036621094
2025-11-11T20:07:00Z,432.42999267578125,432.510009765625,431.8699951171875,432.4849853515625,432.4849853515625,4253.0,432.42999267578125,432.510009765625,431.8699951171875,432.4849853515625
2025-11-11T20:08:00Z,431.5899963378906,432.739990234375,431.5799865722656,432.70001220703125,432.70001220703125,11927.0,431.5899963378906,432.739990234375,431.5799865722656,432.70001220703125
2025-11-11T20:09:00Z,432.6400146484375,432.94000244140625,432.0150146484375,432.92999267578125,432.92999267578125,8100.0,432.6400146484375,432.94000244140625,432.0150146484375,432.92999267578125
2025-11-11T20:10:00Z,433.010009765625,433.3299865722656,432.6337890625,432.739990234375,432.739990234375,2347.0,433.010009765625,433.3299865722656,432.6337890625,432.739990234375
2025-11-11T20:12:00Z,432.6199951171875,432.6199951171875,432.6199951171875,432.6199951171875,432.6199951171875,597.0,432.6199951171875,432.6199951171875,432.6199951171875,432.6199951171875
2025-11-11T20:13:00Z,432.80999755859375,432.80999755859375,432.80999755859375,432.80999755859375,432.80999755859375,378.0,432.80999755859375,432.80999755859375,432.80999755859375,432.80999755859375
2025-11-11T20:15:00Z,432.3974914550781,433.55999755859375,432.37249755859375,433.55999755859375,433.55999755859375,2380.0,432.3974914550781,433.55999755859375,432.37249755859375,433.55999755859375
2025-11-11T20:17:00Z,433.5799865722656,433.5799865722656,433.5799865722656,433.5799865722656,433.5799865722656,283.0,433.5799865722656,433.5799865722656,433.5799865722656,433.5799865722656
2025-11-11T20:18:00Z,433.4800109863281,433.4800109863281,433.4800109863281,433.4800109863281,433.4800109863281,52.0,433.4800109863281,433.4800109863281,433.4800109863281,433.4800109863281
2025-11-11T20:19:00Z,432.68310546875,433.6400146484375,432.68310546875,433.6400146484375,433.6400146484375,240.0,432.68310546875,433.6400146484375,432.68310546875,433.6400146484375
2025-11-11T20:20:00Z,433.0849914550781,433.5,433.06500244140625,433.5,433.5,521.0,433.0849914550781,433.5,433.06500244140625,433.5
2025-11-11T20:21:00Z,433.4100036621094,433.4100036621094,432.8974914550781,432.8974914550781,432.8974914550781,257.0,433.4100036621094,433.4100036621094,432.8974914550781,432.8974914550781
2025-11-11T20:22:00Z,433.3999938964844,433.3999938964844,433.3999938964844,433.3999938964844,433.3999938964844,504.0,433.3999938964844,433.3999938964844,433.3999938964844,433.3999938964844
2025-11-11T20:25:00Z,433.8900146484375,433.8999938964844,433.6499938964844,433.67999267578125,433.67999267578125,840.0,433.8900146484375,433.8999938964844,433.6499938964844,433.67999267578125
2025-11-11T20:26:00Z,432.93499755859375,432.93499755859375,432.93499755859375,432.93499755859375,432.93499755859375,432.0,432.93499755859375,432.93499755859375,432.93499755859375,432.93499755859375
2025-11-11T20:27:00Z,432.94000244140625,432.94000244140625,432.94000244140625,432.94000244140625,432.94000244140625,69.0,432.94000244140625,432.94000244140625,432.94000244140625,432.94000244140625
2025-11-11T20:28:00Z,433.5299987792969,433.7699890136719,432.92999267578125,432.9700012207031,432.9700012207031,1544.0,433.5299987792969,433.7699890136719,432.92999267578125,432.9700012207031
2025-11-11T20:30:00Z,433.5199890136719,433.5199890136719,433.5199890136719,433.5199890136719,433.5199890136719,329.0,433.5199890136719,433.5199890136719,433.5199890136719,433.5199890136719
2025-11-11T20:31:00Z,432.9100036621094,432.93499755859375,432.9100036621094,432.93499755859375,432.93499755859375,473.0,432.9100036621094,432.93499755859375,432.9100036621094,432.93499755859375
2025-11-11T20:32:00Z,432.92999267578125,432.92999267578125,432.92999267578125,432.92999267578125,432.92999267578125,309.0,432.92999267578125,432.92999267578125,432.92999267578125,432.92999267578125
2025-11-11T20:33:00Z,433.5849914550781,433.8699951171875,433.4599914550781,433.8299865722656,433.8299865722656,1262.0,433.5849914550781,433.8699951171875,433.4599914550781,433.8299865722656
2025-11-11T20:34:00Z,433.8399963378906,433.8800048828125,433.7900085449219,433.864990234375,433.864990234375,624.0,433.8399963378906,433.8800048828125,433.7900085449219,433.864990234375
2025-11-11T20:35:00Z,433.82000732421875,433.82000732421875,433.7799987792969,433.7799987792969,433.7799987792969,361.0,433.82000732421875,433.82000732421875,433.7799987792969,433.7799987792969
2025-11-11T20:36:00Z,433.81500244140625,433.8800048828125,433.3800048828125,433.864990234375,433.864990234375,1450.0,433.81500244140625,433.8800048828125,433.3800048828125,433.864990234375
2025-11-11T20:37:00Z,433.8299865722656,433.8800048828125,433.6600036621094,433.82000732421875,433.82000732421875,2632.0,433.8299865722656,433.8800048828125,433.6600036621094,433.82000732421875
2025-11-11T20:38:00Z,433.82000732421875,433.989990234375,433.4599914550781,433.989990234375,433.989990234375,7181.0,433.82000732421875,433.989990234375,433.4599914550781,433.989990234375
2025-11-11T20:39:00Z,433.989990234375,434.010009765625,433.9200134277344,433.95001220703125,433.95001220703125,1153.0,433.989990234375,434.010009765625,433.9200134277344,433.95001220703125
2025-11-11T20:40:00Z,434.0299987792969,434.8399963378906,434.0199890136719,434.8399963378906,434.8399963378906,3850.0,434.0299987792969,434.8399963378906,434.0199890136719,434.8399963378906
2025-11-11T20:42:00Z,434.7900085449219,434.7900085449219,434.67999267578125,434.67999267578125,434.67999267578125,530.0,434.7900085449219,434.7900085449219,434.67999267578125,434.67999267578125
2025-11-11T20:43:00Z,434.67999267578125,434.94000244140625,434.67999267578125,434.94000244140625,434.94000244140625,621.0,434.67999267578125,434.94000244140625,434.67999267578125,434.94000244140625
2025-11-11T20:44:00Z,434.7099914550781,434.7974853515625,434.6650085449219,434.6650085449219,434.6650085449219,654.0,434.7099914550781,434.7974853515625,434.6650085449219,434.6650085449219
2025-11-11T20:45:00Z,434.6650085449219,435.2099914550781,434.6650085449219,435.1499938964844,435.1499938964844,2013.0,434.6650085449219,435.2099914550781,434.6650085449219,435.1499938964844
2025-11-11T20:46:00Z,435.1499938964844,435.3999938964844,435.07000732421875,435.3999938964844,435.3999938964844,1349.0,435.1499938964844,435.3999938964844,435.07000732421875,435.3999938964844
2025-11-11T20:47:00Z,435.5299987792969,436.3299865722656,435.5299987792969,435.8699951171875,435.8699951171875,2032.0,435.5299987792969,436.3299865722656,435.5299987792969,435.8699951171875
2025-11-11T20:48:00Z,435.9200134277344,435.9200134277344,435.6650085449219,435.9200134277344,435.9200134277344,2356.0,435.9200134277344,435.9200134277344,435.6650085449219,435.9200134277344
2025-11-11T20:49:00Z,435.9200134277344,436.0899963378906,435.6700134277344,435.6700134277344,435.6700134277344,6164.0,435.9200134277344,436.0899963378906,435.6700134277344,435.6700134277344
2025-11-11T20:50:00Z,435.05999755859375,435.2900085449219,434.7300109863281,434.8399963378906,434.8399963378906,2952.0,435.05999755859375,435.2900085449219,434.7300109863281,434.8399963378906
2025-11-11T20:51:00Z,435.04998779296875,435.20001220703125,434.760009765625,434.760009765625,434.760009765625,827.0,435.04998779296875,435.20001220703125,434.760009765625,434.760009765625
2025-11-11T20:52:00Z,434.760009765625,435.05999755859375,433.31500244140625,433.31500244140625,433.31500244140625,2242.0,434.760009765625,435.05999755859375,433.31500244140625,433.31500244140625
2025-11-11T20:53:00Z,433.2749938964844,433.2749938964844,432.9549865722656,432.9549865722656,432.9549865722656,1195.0,433.2749938964844,433.2749938964844,432.9549865722656,432.9549865722656
2025-11-11T20:54:00Z,432.9549865722656,433.1400146484375,431.0350036621094,431.79998779296875,431.79998779296875,2681.0,432.9549865722656,433.1400146484375,431.0350036621094,431.79998779296875
2025-11-11T20:55:00Z,431.5849914550781,432.6000061035156,431.2449951171875,432.6000061035156,432.6000061035156,4129.0,431.5849914550781,432.6000061035156,431.2449951171875,432.6000061035156
2025-11-11T20:56:00Z,432.45001220703125,433.42999267578125,432.3999938964844,432.9700012207031,432.9700012207031,3601.0,432.45001220703125,433.42999267578125,432.3999938964844,432.9700012207031
2025-11-11T20:57:00Z,432.9700012207031,433.6600036621094,432.9700012207031,433.6199951171875,433.6199951171875,7803.0,432.9700012207031,433.6600036621094,432.9700012207031,433.6199951171875
2025-11-11T20:58:00Z,433.5799865722656,434.0899963378906,433.3699951171875,433.7900085449219,433.7900085449219,9964.0,433.5799865722656,434.0899963378906,433.3699951171875,433.7900085449219
2025-11-11T20:59:00Z,433.8399963378906,434.20001220703125,433.3699951171875,433.3699951171875,433.3699951171875,25485.0,433.8399963378906,434.20001220703125,433.3699951171875,433.3699951171875
2025-11-12T14:30:00Z,432.94000244140625,432.94000244140625,432.94000244140625,432.94000244140625,432.94000244140625,1453.0,432.94000244140625,432.94000244140625,432.94000244140625,432.94000244140625
2025-11-12T14:38:00Z,436.1600036621094,436.1600036621094,436.1600036621094,436.1600036621094,436.1600036621094,121.0,436.1600036621094,436.1600036621094,436.1600036621094,436.1600036621094
2025-11-12T14:40:00Z,434.7149963378906,434.7149963378906,434.7149963378906,434.7149963378906,434.7149963378906,129.0,434.7149963378906,434.7149963378906,434.7149963378906,434.7149963378906
2025-11-12T14:41:00Z,436.07000732421875,436.4599914550781,436.07000732421875,436.4599914550781,436.4599914550781,166.0,436.07000732421875,436.4599914550781,436.07000732421875,436.4599914550781
2025-11-12T14:42:00Z,436.7799987792969,436.8699951171875,436.7799987792969,436.8699951171875,436.8699951171875,138.0,436.7799987792969,436.8699951171875,436.7799987792969,436.8699951171875
2025-11-12T14:43:00Z,436.510009765625,436.510009765625,436.510009765625,436.510009765625,436.510009765625,60.0,436.510009765625,436.510009765625,436.510009765625,436.510009765625
2025-11-12T14:46:00Z,436.9700012207031,437.07000732421875,436.9700012207031,437.07000732421875,437.07000732421875,360.0,436.9700012207031,437.07000732421875,436.9700012207031,437.07000732421875
2025-11-12T14:47:00Z,437.4599914550781,437.8633117675781,437.4599914550781,437.8633117675781,437.8633117675781,790.0,437.4599914550781,437.8633117675781,437.4599914550781,437.8633117675781
2025-11-12T14:48:00Z,437.2200012207031,437.2200012207031,437.2200012207031,437.2200012207031,437.2200012207031,148.0,437.2200012207031,437.2200012207031,437.2200012207031,437.2200012207031
2025-11-12T14:49:00Z,437.2200012207031,437.2200012207031,437.1700134277344,437.1700134277344,437.1700134277344,373.0,437.2200012207031,437.2200012207031,437.1700134277344,437.1700134277344
2025-11-12T14:53:00Z,436.9599914550781,437.0,436.9599914550781,436.9800109863281,436.9800109863281,293.0,436.9599914550781,437.0,436.9599914550781,436.9800109863281
2025-11-12T14:54:00Z,437.4100036621094,437.4100036621094,437.4100036621094,437.4100036621094,437.4100036621094,820.0,437.4100036621094,437.4100036621094,437.4100036621094,437.4100036621094
2025-11-12T14:56:00Z,437.5567932128906,437.5567932128906,437.5567932128906,437.5567932128906,437.5567932128906,82.0,437.5567932128906,437.5567932128906,437.5567932128906,437.5567932128906
2025-11-12T14:59:00Z,437.4100036621094,438.1600036621094,437.4100036621094,438.0400085449219,438.0400085449219,299.0,437.4100036621094,438.1600036621094,437.4100036621094,438.0400085449219
2025-11-12T15:00:00Z,437.31500244140625,437.31500244140625,437.31500244140625,437.31500244140625,437.31500244140625,44.0,437.31500244140625,437.31500244140625,437.31500244140625,437.31500244140625
2025-11-12T15:01:00Z,437.4100036621094,437.4100036621094,437.4100036621094,437.4100036621094,437.4100036621094,81.0,437.4100036621094,437.4100036621094,437.4100036621094,437.4100036621094
2025-11-12T15:02:00Z,436.4599914550781,436.4599914550781,436.4599914550781,436.4599914550781,436.4599914550781,632.0,436.4599914550781,436.4599914550781,436.4599914550781,436.4599914550781
2025-11-12T15:11:00Z,433.70001220703125,433.70001220703125,433.3900146484375,433.3900146484375,433.3900146484375,538.0,433.70001220703125,433.70001220703125,433.3900146484375,433.3900146484375
2025-11-12T15:12:00Z,434.43499755859375,434.43499755859375,434.43499755859375,434.43499755859375,434.43499755859375,72.0,434.43499755859375,434.43499755859375,434.43499755859375,434.43499755859375
2025-11-12T15:13:00Z,434.43499755859375,434.43499755859375,434.43499755859375,434.43499755859375,434.43499755859375,225.0,434.43499755859375,434.43499755859375,434.43499755859375,434.43499755859375
2025-11-12T15:14:00Z,434.3399963378906,434.3399963378906,433.3500061035156,433.3500061035156,433.3500061035156,490.0,434.3399963378906,434.3399963378906,433.3500061035156,433.3500061035156
2025-11-12T15:15:00Z,433.1600036621094,434.33380126953125,432.9150085449219,433.0299987792969,433.0299987792969,513.0,433.1600036621094,434.33380126953125,432.9150085449219,433.0299987792969
2025-11-12T15:17:00Z,433.04998779296875,434.6199951171875,433.04998779296875,433.375,433.375,885.0,433.04998779296875,434.6199951171875,433.04998779296875,433.375
2025-11-12T15:19:00Z,432.8800048828125,432.8800048828125,432.8800048828125,432.8800048828125,432.8800048828125,95.0,432.8800048828125,432.8800048828125,432.8800048828125,432.8800048828125
2025-11-12T15:20:00Z,433.6099853515625,433.6099853515625,432.8800048828125,432.8800048828125,432.8800048828125,171.0,433.6099853515625,433.6099853515625,432.8800048828125,432.8800048828125
2025-11-12T15:21:00Z,433.80999755859375,433.80999755859375,433.80999755859375,433.80999755859375,433.80999755859375,105.0,433.80999755859375,433.80999755859375,433.80999755859375,433.80999755859375
2025-11-12T15:22:00Z,432.8800048828125,432.8800048828125,432.8800048828125,432.8800048828125,432.8800048828125,116.0,432.8800048828125,432.8800048828125,432.8800048828125,432.8800048828125
2025-11-12T15:24:00Z,432.8800048828125,432.8800048828125,432.8800048828125,432.8800048828125,432.8800048828125,171.0,432.8800048828125,432.8800048828125,432.8800048828125,432.8800048828125
2025-11-12T15:25:00Z,432.8800048828125,432.8800048828125,432.8800048828125,432.8800048828125,432.8800048828125,222.0,432.8800048828125,432.8800048828125,432.8800048828125,432.8800048828125
2025-11-12T15:26:00Z,433.30999755859375,433.6199951171875,433.30999755859375,433.6199951171875,433.6199951171875,212.0,433.30999755859375,433.6199951171875,433.30999755859375,433.6199951171875
2025-11-12T15:27:00Z,433.3299865722656,433.6199951171875,433.3299865722656,433.6199951171875,433.6199951171875,1216.0,433.3299865722656,433.6199951171875,433.3299865722656,433.6199951171875
2025-11-12T15:29:00Z,433.239990234375,433.239990234375,433.239990234375,433.239990234375,433.239990234375,109.0,433.239990234375,433.239990234375,433.239990234375,433.239990234375
2025-11-12T15:31:00Z,433.1199951171875,433.1199951171875,433.1199951171875,433.1199951171875,433.1199951171875,443.0,433.1199951171875,433.1199951171875,433.1199951171875,433.1199951171875
2025-11-12T15:32:00Z,433.6400146484375,433.75,433.6400146484375,433.75,433.75,622.0,433.6400146484375,433.75,433.6400146484375,433.75
2025-11-12T15:33:00Z,434.05999755859375,434.05999755859375,433.75,433.9775085449219,433.9775085449219,305.0,434.05999755859375,434.05999755859375,433.75,433.9775085449219
2025-11-12T15:34:00Z,433.7925109863281,433.7925109863281,433.7925109863281,433.7925109863281,433.7925109863281,67.0,433.7925109863281,433.7925109863281,433.7925109863281,433.7925109863281
2025-11-12T15:35:00Z,434.6499938964844,434.6499938964844,434.29998779296875,434.29998779296875,434.29998779296875,182.0,434.6499938964844,434.6499938964844,434.29998779296875,434.29998779296875
2025-11-12T15:36:00Z,434.2950134277344,434.2950134277344,434.2950134277344,434.2950134277344,434.2950134277344,222.0,434.2950134277344,434.2950134277344,434.2950134277344,434.2950134277344
2025-11-12T15:39:00Z,434.2950134277344,435.54998779296875,434.2950134277344,435.54998779296875,435.54998779296875,135.0,434.2950134277344,435.54998779296875,434.2950134277344,435.54998779296875
2025-11-12T15:41:00Z,434.49249267578125,434.49249267578125,434.49249267578125,434.49249267578125,434.49249267578125,85.0,434.49249267578125,434.49249267578125,434.49249267578125,434.49249267578125
2025-11-12T15:42:00Z,434.4574890136719,434.4574890136719,434.3424987792969,434.3424987792969,434.3424987792969,174.0,434.4574890136719,434.4574890136719,434.3424987792969,434.3424987792969
2025-11-12T15:43:00Z,435.30999755859375,435.30999755859375,435.30999755859375,435.30999755859375,435.30999755859375,67.0,435.30999755859375,435.30999755859375,435.30999755859375,435.30999755859375
2025-11-12T15:44:00Z,434.9599914550781,435.5899963378906,434.54998779296875,434.54998779296875,434.54998779296875,522.0,434.9599914550781,435.5899963378906,434.54998779296875,434.54998779296875
2025-11-12T15:45:00Z,434.8900146484375,434.8900146484375,434.4599914550781,434.6400146484375,434.6400146484375,695.0,434.8900146484375,434.8900146484375,434.4599914550781,434.6400146484375
2025-11-12T15:46:00Z,434.8500061035156,434.9949951171875,434.8500061035156,434.9949951171875,434.9949951171875,179.0,434.8500061035156,434.9949951171875,434.8500061035156,434.9949951171875
2025-11-12T15:47:00Z,435.239990234375,435.239990234375,434.5799865722656,434.5799865722656,434.5799865722656,289.0,435.239990234375,435.239990234375,434.5799865722656,434.5799865722656
2025-11-12T15:48:00Z,435.0,435.54998779296875,434.8900146484375,435.54998779296875,435.54998779296875,1247.0,435.0,435.54998779296875,434.8900146484375,435.54998779296875
2025-11-12T15:49:00Z,435.25250244140625,435.25250244140625,435.25250244140625,435.25250244140625,435.25250244140625,88.0,435.25250244140625,435.25250244140625,435.25250244140625,435.25250244140625
2025-11-12T15:50:00Z,435.5299987792969,435.5299987792969,435.5299987792969,435.5299987792969,435.5299987792969,99.0,435.5299987792969,435.5299987792969,435.5299987792969,435.5299987792969
2025-11-12T15:51:00Z,435.7099914550781,435.739990234375,435.7099914550781,435.7300109863281,435.7300109863281,443.0,435.7099914550781,435.739990234375,435.7099914550781,435.7300109863281
2025-11-12T15:52:00Z,435.79998779296875,435.95001220703125,435.68499755859375,435.68499755859375,435.68499755859375,526.0,435.79998779296875,435.95001220703125,435.68499755859375,435.68499755859375
2025-11-12T15:53:00Z,435.427490234375,435.427490234375,435.427490234375,435.427490234375,435.427490234375,114.0,435.427490234375,435.427490234375,435.427490234375,435.427490234375
2025-11-12T15:54:00Z,435.2974853515625,435.42498779296875,435.2974853515625,435.32000732421875,435.32000732421875,365.0,435.2974853515625,435.42498779296875,435.2974853515625,435.32000732421875
2025-11-12T15:58:00Z,434.3277893066406,434.3277893066406,434.3277893066406,434.3277893066406,434.3277893066406,228.0,434.3277893066406,434.3277893066406,434.3277893066406,434.3277893066406
2025-11-12T16:00:00Z,435.2925109863281,435.2925109863281,435.2825012207031,435.2825012207031,435.2825012207031,194.0,435.2925109863281,435.2925109863281,435.2825012207031,435.2825012207031
2025-11-12T16:01:00Z,435.7699890136719,435.7699890136719,435.7699890136719,435.7699890136719,435.7699890136719,187.0,435.7699890136719,435.7699890136719,435.7699890136719,435.7699890136719
2025-11-12T16:02:00Z,435.44000244140625,435.44000244140625,435.44000244140625,435.44000244140625,435.44000244140625,66.0,435.44000244140625,435.44000244140625,435.44000244140625,435.44000244140625
2025-11-12T16:03:00Z,435.1400146484375,435.1400146484375,435.1400146484375,435.1400146484375,435.1400146484375,426.0,435.1400146484375,435.1400146484375,435.1400146484375,435.1400146484375
2025-11-12T16:07:00Z,434.6400146484375,434.6400146484375,433.8299865722656,433.8299865722656,433.8299865722656,290.0,434.6400146484375,434.6400146484375,433.8299865722656,433.8299865722656
2025-11-12T16:08:00Z,433.7250061035156,434.8500061035156,433.7250061035156,434.8500061035156,434.8500061035156,367.0,433.7250061035156,434.8500061035156,433.7250061035156,434.8500061035156
2025-11-12T16:11:00Z,433.7250061035156,433.7250061035156,433.7250061035156,433.7250061035156,433.7250061035156,100.0,433.7250061035156,433.7250061035156,433.7250061035156,433.7250061035156
2025-11-12T16:12:00Z,434.8299865722656,434.8299865722656,433.7250061035156,433.7250061035156,433.7250061035156,220.0,434.8299865722656,434.8299865722656,433.7250061035156,433.7250061035156
2025-11-12T16:13:00Z,434.8500061035156,434.8500061035156,434.2099914550781,434.2099914550781,434.2099914550781,217.0,434.8500061035156,434.8500061035156,434.2099914550781,434.2099914550781
2025-11-12T16:14:00Z,434.364990234375,434.364990234375,434.30999755859375,434.30999755859375,434.30999755859375,257.0,434.364990234375,434.364990234375,434.30999755859375,434.30999755859375
2025-11-12T16:15:00Z,434.2099914550781,434.2099914550781,434.2099914550781,434.2099914550781,434.2099914550781,135.0,434.2099914550781,434.2099914550781,434.2099914550781,434.2099914550781
2025-11-12T16:17:00Z,434.2099914550781,434.2099914550781,434.2099914550781,434.2099914550781,434.2099914550781,200.0,434.2099914550781,434.2099914550781,434.2099914550781,434.2099914550781
2025-11-12T16:18:00Z,434.2099914550781,434.3699951171875,434.2099914550781,434.2099914550781,434.2099914550781,564.0,434.2099914550781,434.3699951171875,434.2099914550781,434.2099914550781
2025-11-12T16:19:00Z,434.2099914550781,434.6059875488281,434.2099914550781,434.6059875488281,434.6059875488281,128.0,434.2099914550781,434.6059875488281,434.2099914550781,434.6059875488281
2025-11-12T16:20:00Z,434.2099914550781,434.2099914550781,434.2099914550781,434.2099914550781,434.2099914550781,178.0,434.2099914550781,434.2099914550781,434.2099914550781,434.2099914550781
2025-11-12T16:21:00Z,434.2099914550781,434.2099914550781,434.2099914550781,434.2099914550781,434.2099914550781,445.0,434.2099914550781,434.2099914550781,434.2099914550781,434.2099914550781
2025-11-12T16:23:00Z,435.0199890136719,435.0199890136719,435.0199890136719,435.0199890136719,435.0199890136719,742.0,435.0199890136719,435.0199890136719,435.0199890136719,435.0199890136719
2025-11-12T16:24:00Z,435.1300048828125,435.2200012207031,435.1300048828125,435.2200012207031,435.2200012207031,375.0,435.1300048828125,435.2200012207031,435.1300048828125,435.2200012207031
2025-11-12T16:27:00Z,435.6625061035156,435.6625061035156,435.6625061035156,435.6625061035156,435.6625061035156,130.0,435.6625061035156,435.6625061035156,435.6625061035156,435.6625061035156
2025-11-12T16:28:00Z,435.6650085449219,435.6650085449219,435.6650085449219,435.6650085449219,435.6650085449219,171.0,435.6650085449219,435.6650085449219,435.6650085449219,435.6650085449219
2025-11-12T16:32:00Z,435.822509765625,436.19000244140625,435.7974853515625,436.19000244140625,436.19000244140625,600.0,435.822509765625,436.19000244140625,435.7974853515625,436.19000244140625
2025-11-12T16:33:00Z,436.260009765625,436.5400085449219,436.260009765625,436.5400085449219,436.5400085449219,898.0,436.260009765625,436.5400085449219,436.260009765625,436.5400085449219
2025-11-12T16:34:00Z,436.510009765625,436.510009765625,436.260009765625,436.3349914550781,436.3349914550781,387.0,436.510009765625,436.510009765625,436.260009765625,436.3349914550781
2025-11-12T16:36:00Z,436.0625,436.0625,436.0625,436.0625,436.0625,213.0,436.0625,436.0625,436.0625,436.0625
2025-11-12T16:37:00Z,436.07000732421875,436.30999755859375,436.07000732421875,436.30999755859375,436.30999755859375,93.0,436.07000732421875,436.30999755859375,436.07000732421875,436.30999755859375
2025-11-12T16:39:00Z,435.80999755859375,436.8399963378906,435.80999755859375,436.8399963378906,436.8399963378906,612.0,435.80999755859375,436.8399963378906,435.80999755859375,436.8399963378906
2025-11-12T16:45:00Z,436.9800109863281,437.3900146484375,436.9800109863281,437.2149963378906,437.2149963378906,689.0,436.9800109863281,437.3900146484375,436.9800109863281,437.2149963378906
2025-11-12T16:46:00Z,436.6700134277344,436.6700134277344,436.1650085449219,436.1650085449219,436.1650085449219,374.0,436.6700134277344,436.6700134277344,436.1650085449219,436.1650085449219
2025-11-12T16:47:00Z,436.20001220703125,436.20001220703125,436.20001220703125,436.20001220703125,436.20001220703125,90.0,436.20001220703125,436.20001220703125,436.20001220703125,436.20001220703125
2025-11-12T16:50:00Z,437.0,437.4100036621094,436.989990234375,437.4100036621094,437.4100036621094,779.0,437.0,437.4100036621094,436.989990234375,437.4100036621094
2025-11-12T16:51:00Z,437.2099914550781,437.2099914550781,437.2099914550781,437.2099914550781,437.2099914550781,218.0,437.2099914550781,437.2099914550781,437.2099914550781,437.2099914550781
2025-11-12T16:53:00Z,438.1000061035156,438.1300048828125,437.7099914550781,437.739990234375,437.739990234375,556.0,438.1000061035156,438.1300048828125,437.7099914550781,437.739990234375
2025-11-12T16:54:00Z,437.6300048828125,437.6600036621094,437.6300048828125,437.6600036621094,437.6600036621094,127.0,437.6300048828125,437.6600036621094,437.6300048828125,437.6600036621094
2025-11-12T16:56:00Z,436.697509765625,436.697509765625,436.697509765625,436.697509765625,436.697509765625,174.0,436.697509765625,436.697509765625,436.697509765625,436.697509765625
2025-11-12T16:57:00Z,436.93499755859375,436.93499755859375,436.93499755859375,436.93499755859375,436.93499755859375,53.0,436.93499755859375,436.93499755859375,436.93499755859375,436.93499755859375
2025-11-12T16:58:00Z,436.8699951171875,436.8699951171875,436.8699951171875,436.8699951171875,436.8699951171875,100.0,436.8699951171875,436.8699951171875,436.8699951171875,436.8699951171875
2025-11-12T16:59:00Z,436.8699951171875,436.8699951171875,436.8699951171875,436.8699951171875,436.8699951171875,68.0,436.8699951171875,436.8699951171875,436.8699951171875,436.8699951171875
2025-11-12T17:01:00Z,436.885009765625,436.885009765625,436.885009765625,436.885009765625,436.885009765625,354.0,436.885009765625,436.885009765625,436.885009765625,436.885009765625
2025-11-12T17:03:00Z,435.6300964355469,435.6300964355469,435.6300964355469,435.6300964355469,435.6300964355469,580.0,435.6300964355469,435.6300964355469,435.6300964355469,435.6300964355469
2025-11-12T17:04:00Z,435.6499938964844,435.6499938964844,435.6300048828125,435.6400146484375,435.6400146484375,448.0,435.6499938964844,435.6499938964844,435.6300048828125,435.6400146484375
2025-11-12T17:05:00Z,436.30499267578125,436.30499267578125,436.30499267578125,436.30499267578125,436.30499267578125,86.0,436.30499267578125,436.30499267578125,436.30499267578125,436.30499267578125
2025-11-12T17:06:00Z,436.0199890136719,436.0199890136719,436.0199890136719,436.0199890136719,436.0199890136719,134.0,436.0199890136719,436.0199890136719,436.0199890136719,436.0199890136719
2025-11-12T17:07:00Z,435.4599914550781,436.0199890136719,435.4599914550781,436.0199890136719,436.0199890136719,347.0,435.4599914550781,436.0199890136719,435.4599914550781,436.0199890136719
2025-11-12T17:08:00Z,436.239990234375,436.239990234375,436.0199890136719,436.0199890136719,436.0199890136719,424.0,436.239990234375,436.239990234375,436.0199890136719,436.0199890136719
2025-11-12T17:10:00Z,436.010009765625,436.5799865722656,435.6000061035156,436.5799865722656,436.5799865722656,267.0,436.010009765625,436.5799865722656,435.6000061035156,436.5799865722656
2025-11-12T17:11:00Z,436.010009765625,436.0150146484375,436.010009765625,436.0150146484375,436.0150146484375,720.0,436.010009765625,436.0150146484375,436.010009765625,436.0150146484375
2025-11-12T17:15:00Z,436.54998779296875,436.5799865722656,436.385009765625,436.385009765625,436.385009765625,543.0,436.54998779296875,436.5799865722656,436.385009765625,436.385009765625
2025-11-12T17:16:00Z,436.3900146484375,436.4849853515625,436.3900146484375,436.4849853515625,436.4849853515625,363.0,436.3900146484375,436.4849853515625,436.3900146484375,436.4849853515625
2025-11-12T17:17:00Z,436.4849853515625,436.6300048828125,436.32000732421875,436.4800109863281,436.4800109863281,1514.0,436.4849853515625,436.6300048828125,436.32000732421875,436.4800109863281
2025-11-12T17:18:00Z,436.135009765625,436.135009765625,436.135009765625,436.135009765625,436.135009765625,370.0,436.135009765625,436.135009765625,436.135009765625,436.135009765625
2025-11-12T17:19:00Z,436.197509765625,436.197509765625,436.197509765625,436.197509765625,436.197509765625,108.0,436.197509765625,436.197509765625,436.197509765625,436.197509765625
2025-11-12T17:20:00Z,436.3900146484375,436.3900146484375,436.3900146484375,436.3900146484375,436.3900146484375,204.0,436.3900146484375,436.3900146484375,436.3900146484375,436.3900146484375
2025-11-12T17:21:00Z,436.1400146484375,436.6199951171875,436.0,436.6199951171875,436.6199951171875,2425.0,436.1400146484375,436.6199951171875,436.0,436.6199951171875
2025-11-12T17:22:00Z,436.7969970703125,436.7969970703125,436.7969970703125,436.7969970703125,436.7969970703125,217.0,436.7969970703125,436.7969970703125,436.7969970703125,436.7969970703125
2025-11-12T17:23:00Z,435.875,435.875,435.875,435.875,435.875,259.0,435.875,435.875,435.875,435.875
2025-11-12T17:27:00Z,436.05999755859375,436.3599853515625,436.05999755859375,436.3599853515625,436.3599853515625,578.0,436.05999755859375,436.3599853515625,436.05999755859375,436.3599853515625
2025-11-12T17:28:00Z,436.2149963378906,436.2149963378906,436.2149963378906,436.2149963378906,436.2149963378906,217.0,436.2149963378906,436.2149963378906,436.2149963378906,436.2149963378906
2025-11-12T17:29:00Z,436.2149963378906,436.2149963378906,436.2149963378906,436.2149963378906,436.2149963378906,183.0,436.2149963378906,436.2149963378906,436.2149963378906,436.2149963378906
2025-11-12T17:31:00Z,436.2149963378906,436.2149963378906,436.1474914550781,436.1474914550781,436.1474914550781,1195.0,436.2149963378906,436.2149963378906,436.1474914550781,436.1474914550781
2025-11-12T17:35:00Z,436.3999938964844,436.8599853515625,436.3999938964844,436.8599853515625,436.8599853515625,185.0,436.3999938964844,436.8599853515625,436.3999938964844,436.8599853515625
2025-11-12T17:37:00Z,436.2799987792969,436.2799987792969,436.2799987792969,436.2799987792969,436.2799987792969,151.0,436.2799987792969,436.2799987792969,436.2799987792969,436.2799987792969
2025-11-12T17:39:00Z,436.3500061035156,436.3500061035156,436.3500061035156,436.3500061035156,436.3500061035156,47.0,436.3500061035156,436.3500061035156,436.3500061035156,436.3500061035156
2025-11-12T17:40:00Z,436.9100036621094,436.9100036621094,436.9100036621094,436.9100036621094,436.9100036621094,90.0,436.9100036621094,436.9100036621094,436.9100036621094,436.9100036621094
2025-11-12T17:41:00Z,436.3500061035156,436.3500061035156,436.3500061035156,436.3500061035156,436.3500061035156,163.0,436.3500061035156,436.3500061035156,436.3500061035156,436.3500061035156
2025-11-12T17:42:00Z,436.6199951171875,436.9700012207031,436.6199951171875,436.94000244140625,436.94000244140625,1180.0,436.6199951171875,436.9700012207031,436.6199951171875,436.94000244140625
2025-11-12T17:44:00Z,436.5799865722656,436.5799865722656,435.51251220703125,435.51251220703125,435.51251220703125,602.0,436.5799865722656,436.5799865722656,435.51251220703125,435.51251220703125
2025-11-12T17:45:00Z,435.19500732421875,435.19500732421875,435.19500732421875,435.19500732421875,435.19500732421875,113.0,435.19500732421875,435.19500732421875,435.19500732421875,435.19500732421875
2025-11-12T17:46:00Z,436.04998779296875,436.04998779296875,436.04998779296875,436.04998779296875,436.04998779296875,113.0,436.04998779296875,436.04998779296875,436.04998779296875,436.04998779296875
2025-11-12T17:50:00Z,435.9549865722656,435.9549865722656,435.9549865722656,435.9549865722656,435.9549865722656,210.0,435.9549865722656,435.9549865722656,435.9549865722656,435.9549865722656
2025-11-12T17:51:00Z,435.4100036621094,435.4100036621094,435.4100036621094,435.4100036621094,435.4100036621094,200.0,435.4100036621094,435.4100036621094,435.4100036621094,435.4100036621094
2025-11-12T17:52:00Z,435.4100036621094,435.4100036621094,435.4100036621094,435.4100036621094,435.4100036621094,56.0,435.4100036621094,435.4100036621094,435.4100036621094,435.4100036621094
2025-11-12T17:53:00Z,435.4100036621094,435.4100036621094,435.4100036621094,435.4100036621094,435.4100036621094,66.0,435.4100036621094,435.4100036621094,435.4100036621094,435.4100036621094
2025-11-12T17:54:00Z,435.7250061035156,435.7250061035156,435.7250061035156,435.7250061035156,435.7250061035156,180.0,435.7250061035156,435.7250061035156,435.7250061035156,435.7250061035156
2025-11-12T17:55:00Z,436.4700012207031,436.4700012207031,435.6499938964844,435.6499938964844,435.6499938964844,120.0,436.4700012207031,436.4700012207031,435.6499938964844,435.6499938964844
2025-11-12T17:56:00Z,435.6499938964844,435.6499938964844,435.6499938964844,435.6499938964844,435.6499938964844,109.0,435.6499938964844,435.6499938964844,435.6499938964844,435.6499938964844
2025-11-12T17:58:00Z,435.6499938964844,435.6499938964844,435.6499938964844,435.6499938964844,435.6499938964844,130.0,435.6499938964844,435.6499938964844,435.6499938964844,435.6499938964844
2025-11-12T18:01:00Z,435.6499938964844,436.0950012207031,435.6449890136719,436.0899963378906,436.0899963378906,1015.0,435.6499938964844,436.0950012207031,435.6449890136719,436.0899963378906
2025-11-12T18:02:00Z,434.8949890136719,434.8949890136719,434.8949890136719,434.8949890136719,434.8949890136719,139.0,434.8949890136719,434.8949890136719,434.8949890136719,434.8949890136719
2025-11-12T18:03:00Z,436.44000244140625,436.44000244140625,436.44000244140625,436.44000244140625,436.44000244140625,120.0,436.44000244140625,436.44000244140625,436.44000244140625,436.44000244140625
2025-11-12T18:04:00Z,434.8949890136719,435.2799987792969,434.8949890136719,435.2799987792969,435.2799987792969,309.0,434.8949890136719,435.2799987792969,434.8949890136719,435.2799987792969
2025-11-12T18:07:00Z,435.6400146484375,435.739990234375,435.6400146484375,435.739990234375,435.739990234375,715.0,435.6400146484375,435.739990234375,435.6400146484375,435.739990234375
2025-11-12T18:09:00Z,434.7349853515625,434.7349853515625,434.7349853515625,434.7349853515625,434.7349853515625,197.0,434.7349853515625,434.7349853515625,434.7349853515625,434.7349853515625
2025-11-12T18:10:00Z,434.1250915527344,435.9100036621094,434.1250915527344,435.0400085449219,435.0400085449219,2779.0,434.1250915527344,435.9100036621094,434.1250915527344,435.0400085449219
2025-11-12T18:11:00Z,435.86151123046875,435.9100036621094,434.70001220703125,435.8500061035156,435.8500061035156,10389.0,435.86151123046875,435.9100036621094,434.70001220703125,435.8500061035156
2025-11-12T18:12:00Z,435.6499938964844,435.8500061035156,434.6600036621094,435.6099853515625,435.6099853515625,3194.0,435.6499938964844,435.8500061035156,434.6600036621094,435.6099853515625
2025-11-12T18:13:00Z,434.614990234375,434.614990234375,434.614990234375,434.614990234375,434.614990234375,86.0,434.614990234375,434.614990234375,434.614990234375,434.614990234375
2025-11-12T18:14:00Z,435.70001220703125,435.8500061035156,435.5,435.79998779296875,435.79998779296875,3076.0,435.70001220703125,435.8500061035156,435.5,435.79998779296875
2025-11-12T18:15:00Z,435.79998779296875,435.9800109863281,435.79998779296875,435.8699951171875,435.8699951171875,390.0,435.79998779296875,435.9800109863281,435.79998779296875,435.8699951171875
2025-11-12T18:16:00Z,435.072509765625,435.8500061035156,434.7349853515625,435.8500061035156,435.8500061035156,744.0,435.072509765625,435.8500061035156,434.7349853515625,435.8500061035156
2025-11-12T18:17:00Z,435.8800048828125,435.94000244140625,434.9100036621094,435.94000244140625,435.94000244140625,1278.0,435.8800048828125,435.94000244140625,434.9100036621094,435.94000244140625
2025-11-12T18:18:00Z,435.8399963378906,435.94000244140625,435.8399963378906,435.94000244140625,435.94000244140625,328.0,435.8399963378906,435.94000244140625,435.8399963378906,435.94000244140625
2025-11-12T18:20:00Z,435.8800048828125,435.8800048828125,435.80999755859375,435.80999755859375,435.80999755859375,124.0,435.8800048828125,435.8800048828125,435.80999755859375,435.80999755859375
2025-11-12T18:21:00Z,434.7749938964844,435.9100036621094,434.7749938964844,434.82000732421875,434.82000732421875,1151.0,434.7749938964844,435.9100036621094,434.7749938964844,434.82000732421875
2025-11-12T18:22:00Z,435.8599853515625,436.1199951171875,434.7749938964844,436.1199951171875,436.1199951171875,7479.0,435.8599853515625,436.1199951171875,434.7749938964844,436.1199951171875
2025-11-12T18:23:00Z,436.114990234375,436.114990234375,434.8349914550781,434.8349914550781,434.8349914550781,2410.0,436.114990234375,436.114990234375,434.8349914550781,434.8349914550781
2025-11-12T18:24:00Z,433.2200927734375,434.8424987792969,433.2200927734375,434.54998779296875,434.54998779296875,292.0,433.2200927734375,434.8424987792969,433.2200927734375,434.54998779296875
2025-11-12T18:25:00Z,434.54998779296875,434.54998779296875,434.54998779296875,434.54998779296875,434.54998779296875,64.0,434.54998779296875,434.54998779296875,434.54998779296875,434.54998779296875
2025-11-12T18:26:00Z,434.375,434.375,434.375,434.375,434.375,56.0,434.375,434.375,434.375,434.375
2025-11-12T18:27:00Z,434.79998779296875,434.8500061035156,434.79998779296875,434.8500061035156,434.8500061035156,521.0,434.79998779296875,434.8500061035156,434.79998779296875,434.8500061035156
2025-11-12T18:28:00Z,435.5400085449219,435.67999267578125,435.2799987792969,435.6000061035156,435.6000061035156,4619.0,435.5400085449219,435.67999267578125,435.2799987792969,435.6000061035156
2025-11-12T18:29:00Z,434.2799987792969,435.54998779296875,434.2799987792969,435.3999938964844,435.3999938964844,825.0,434.2799987792969,435.54998779296875,434.2799987792969,435.3999938964844
2025-11-12T18:30:00Z,435.489990234375,435.489990234375,434.5975036621094,434.5975036621094,434.5975036621094,673.0,435.489990234375,435.489990234375,434.5975036621094,434.5975036621094
2025-11-12T18:31:00Z,434.1449890136719,434.1449890136719,434.1449890136719,434.1449890136719,434.1449890136719,47.0,434.1449890136719,434.1449890136719,434.1449890136719,434.1449890136719
2025-11-12T18:32:00Z,434.4525146484375,434.4525146484375,434.1449890136719,434.1449890136719,434.1449890136719,172.0,434.4525146484375,434.4525146484375,434.1449890136719,434.1449890136719
2025-11-12T18:33:00Z,434.31500244140625,434.31500244140625,434.31500244140625,434.31500244140625,434.31500244140625,93.0,434.31500244140625,434.31500244140625,434.31500244140625,434.31500244140625
2025-11-12T18:34:00Z,435.2699890136719,435.75,434.7349853515625,435.0325012207031,435.0325012207031,2296.0,435.2699890136719,435.75,434.7349853515625,435.0325012207031
2025-11-12T18:35:00Z,435.6499938964844,435.99249267578125,435.6499938964844,435.99249267578125,435.99249267578125,2157.0,435.6499938964844,435.99249267578125,435.6499938964844,435.99249267578125
2025-11-12T18:36:00Z,436.0,436.0150146484375,436.0,436.0150146484375,436.0150146484375,165.0,436.0,436.0150146484375,436.0,436.0150146484375
2025-11-12T18:37:00Z,435.70001220703125,436.17999267578125,435.70001220703125,436.17999267578125,436.17999267578125,4479.0,435.70001220703125,436.17999267578125,435.70001220703125,436.17999267578125
2025-11-12T18:38:00Z,436.1600036621094,437.0899963378906,436.1600036621094,437.04998779296875,437.04998779296875,2919.0,436.1600036621094,437.0899963378906,436.1600036621094,437.04998779296875
2025-11-12T18:40:00Z,437.20001220703125,437.20001220703125,437.20001220703125,437.20001220703125,437.20001220703125,244.0,437.20001220703125,437.20001220703125,437.20001220703125,437.20001220703125
2025-11-12T18:42:00Z,436.4800109863281,436.4800109863281,436.4800109863281,436.4800109863281,436.4800109863281,42.0,436.4800109863281,436.4800109863281,436.4800109863281,436.4800109863281
2025-11-12T18:43:00Z,436.6474914550781,437.239990234375,436.17498779296875,437.239990234375,437.239990234375,1423.0,436.6474914550781,437.239990234375,436.17498779296875,437.239990234375
2025-11-12T18:44:00Z,437.44000244140625,437.45001220703125,437.44000244140625,437.45001220703125,437.45001220703125,455.0,437.44000244140625,437.45001220703125,437.44000244140625,437.45001220703125
2025-11-12T18:45:00Z,437.3800048828125,437.54998779296875,437.3800048828125,437.54998779296875,437.54998779296875,341.0,437.3800048828125,437.54998779296875,437.3800048828125,437.54998779296875
2025-11-12T18:46:00Z,436.82501220703125,437.2984924316406,436.82501220703125,437.2984924316406,437.2984924316406,373.0,436.82501220703125,437.2984924316406,436.82501220703125,437.2984924316406
2025-11-12T18:48:00Z,437.1000061035156,437.1000061035156,437.1000061035156,437.1000061035156,437.1000061035156,286.0,437.1000061035156,437.1000061035156,437.1000061035156,437.1000061035156
2025-11-12T18:49:00Z,436.2749938964844,437.20001220703125,436.2749938964844,437.20001220703125,437.20001220703125,464.0,436.2749938964844,437.20001220703125,436.2749938964844,437.20001220703125
2025-11-12T18:50:00Z,437.2900085449219,437.44000244140625,437.19000244140625,437.44000244140625,437.44000244140625,1095.0,437.2900085449219,437.44000244140625,437.19000244140625,437.44000244140625
2025-11-12T18:51:00Z,437.4700012207031,437.5299987792969,436.875,436.875,436.875,400.0,437.4700012207031,437.5299987792969,436.875,436.875
2025-11-12T18:52:00Z,436.875,436.8900146484375,436.875,436.8900146484375,436.8900146484375,264.0,436.875,436.8900146484375,436.875,436.8900146484375
2025-11-12T18:54:00Z,436.92999267578125,436.95001220703125,436.92999267578125,436.94500732421875,436.94500732421875,433.0,436.92999267578125,436.95001220703125,436.92999267578125,436.94500732421875
2025-11-12T18:57:00Z,436.4949951171875,436.4949951171875,436.4949951171875,436.4949951171875,436.4949951171875,60.0,436.4949951171875,436.4949951171875,436.4949951171875,436.4949951171875
2025-11-12T18:58:00Z,436.4949951171875,437.0,436.30999755859375,436.30999755859375,436.30999755859375,2661.0,436.4949951171875,437.0,436.30999755859375,436.30999755859375
2025-11-12T18:59:00Z,436.3599853515625,436.92999267578125,436.3599853515625,436.70001220703125,436.70001220703125,3469.0,436.3599853515625,436.92999267578125,436.3599853515625,436.70001220703125
2025-11-12T19:00:00Z,436.79998779296875,436.79998779296875,436.79998779296875,436.79998779296875,436.79998779296875,456.0,436.79998779296875,436.79998779296875,436.79998779296875,436.79998779296875
2025-11-12T19:01:00Z,435.75,435.760009765625,435.75,435.760009765625,435.760009765625,294.0,435.75,435.760009765625,435.75,435.760009765625
2025-11-12T19:02:00Z,436.07000732421875,436.19000244140625,436.07000732421875,436.19000244140625,436.19000244140625,329.0,436.07000732421875,436.19000244140625,436.07000732421875,436.19000244140625
2025-11-12T19:03:00Z,435.6424865722656,435.6424865722656,435.5675048828125,435.5675048828125,435.5675048828125,274.0,435.6424865722656,435.6424865722656,435.5675048828125,435.5675048828125
2025-11-12T19:04:00Z,435.375,435.6000061035156,435.375,435.6000061035156,435.6000061035156,207.0,435.375,435.6000061035156,435.375,435.6000061035156
2025-11-12T19:05:00Z,435.385009765625,435.385009765625,435.385009765625,435.385009765625,435.385009765625,70.0,435.385009765625,435.385009765625,435.385009765625,435.385009765625
2025-11-12T19:06:00Z,435.3949890136719,435.3999938964844,435.3949890136719,435.3999938964844,435.3999938964844,166.0,435.3949890136719,435.3999938964844,435.3949890136719,435.3999938964844
2025-11-12T19:07:00Z,435.2250061035156,435.2300109863281,435.2200012207031,435.2200012207031,435.2200012207031,254.0,435.2250061035156,435.2300109863281,435.2200012207031,435.2200012207031
2025-11-12T19:09:00Z,435.2225036621094,435.2950134277344,435.2225036621094,435.2950134277344,435.2950134277344,216.0,435.2225036621094,435.2950134277344,435.2225036621094,435.2950134277344
2025-11-12T19:10:00Z,435.42999267578125,436.0050048828125,435.1449890136719,435.95001220703125,435.95001220703125,1465.0,435.42999267578125,436.0050048828125,435.1449890136719,435.95001220703125
2025-11-12T19:11:00Z,435.94000244140625,435.94000244140625,435.36248779296875,435.36248779296875,435.36248779296875,285.0,435.94000244140625,435.94000244140625,435.36248779296875,435.36248779296875
2025-11-12T19:12:00Z,435.8900146484375,435.9100036621094,435.8900146484375,435.9100036621094,435.9100036621094,100.0,435.8900146484375,435.9100036621094,435.8900146484375,435.9100036621094
2025-11-12T19:13:00Z,435.2149963378906,436.1400146484375,435.2149963378906,436.1400146484375,436.1400146484375,2179.0,435.2149963378906,436.1400146484375,435.2149963378906,436.1400146484375
2025-11-12T19:14:00Z,436.05999755859375,436.05999755859375,435.9700012207031,436.05999755859375,436.05999755859375,2144.0,436.05999755859375,436.05999755859375,435.9700012207031,436.05999755859375
2025-11-12T19:15:00Z,436.1700134277344,436.1700134277344,436.1700134277344,436.1700134277344,436.1700134277344,193.0,436.1700134277344,436.1700134277344,436.1700134277344,436.1700134277344
2025-11-12T19:17:00Z,435.2699890136719,435.2699890136719,435.2699890136719,435.2699890136719,435.2699890136719,478.0,435.2699890136719,435.2699890136719,435.2699890136719,435.2699890136719
2025-11-12T19:18:00Z,435.2799987792969,435.70001220703125,435.1199951171875,435.2300109863281,435.2300109863281,3466.0,435.2799987792969,435.70001220703125,435.1199951171875,435.2300109863281
2025-11-12T19:19:00Z,435.239990234375,435.510009765625,435.239990234375,435.510009765625,435.510009765625,1048.0,435.239990234375,435.510009765625,435.239990234375,435.510009765625
2025-11-12T19:20:00Z,435.3999938964844,435.3999938964844,435.07501220703125,435.07501220703125,435.07501220703125,307.0,435.3999938964844,435.3999938964844,435.07501220703125,435.07501220703125
2025-11-12T19:21:00Z,435.07501220703125,435.2799987792969,435.07000732421875,435.07000732421875,435.07000732421875,1107.0,435.07501220703125,435.2799987792969,435.07000732421875,435.07000732421875
2025-11-12T19:22:00Z,435.114990234375,435.114990234375,435.07000732421875,435.07000732421875,435.07000732421875,332.0,435.114990234375,435.114990234375,435.07000732421875,435.07000732421875
2025-11-12T19:25:00Z,435.05999755859375,435.05999755859375,435.05999755859375,435.05999755859375,435.05999755859375,65.0,435.05999755859375,435.05999755859375,435.05999755859375,435.05999755859375
2025-11-12T19:26:00Z,435.20001220703125,435.3800048828125,435.20001220703125,435.3800048828125,435.3800048828125,1296.0,435.20001220703125,435.3800048828125,435.20001220703125,435.3800048828125
2025-11-12T19:27:00Z,435.5799865722656,435.7300109863281,435.05999755859375,435.6400146484375,435.6400146484375,1046.0,435.5799865722656,435.7300109863281,435.05999755859375,435.6400146484375
2025-11-12T19:29:00Z,435.2250061035156,435.2250061035156,435.2250061035156,435.2250061035156,435.2250061035156,205.0,435.2250061035156,435.2250061035156,435.2250061035156,435.2250061035156
2025-11-12T19:30:00Z,435.6099853515625,435.6400146484375,435.6099853515625,435.6400146484375,435.6400146484375,172.0,435.6099853515625,435.6400146484375,435.6099853515625,435.6400146484375
2025-11-12T19:32:00Z,435.6400146484375,435.9700012207031,435.32501220703125,435.32501220703125,435.32501220703125,562.0,435.6400146484375,435.9700012207031,435.32501220703125,435.32501220703125
2025-11-12T19:33:00Z,435.32501220703125,435.32501220703125,435.32501220703125,435.32501220703125,435.32501220703125,173.0,435.32501220703125,435.32501220703125,435.32501220703125,435.32501220703125
2025-11-12T19:34:00Z,435.55999755859375,435.8699951171875,435.55999755859375,435.8699951171875,435.8699951171875,1109.0,435.55999755859375,435.8699951171875,435.55999755859375,435.8699951171875
2025-11-12T19:35:00Z,435.94000244140625,435.95001220703125,435.6600036621094,435.80999755859375,435.80999755859375,2521.0,435.94000244140625,435.95001220703125,435.6600036621094,435.80999755859375
2025-11-12T19:36:00Z,435.95001220703125,436.30999755859375,435.87249755859375,436.2900085449219,436.2900085449219,2590.0,435.95001220703125,436.30999755859375,435.87249755859375,436.2900085449219
2025-11-12T19:37:00Z,436.3800048828125,436.635009765625,436.3800048828125,436.5,436.5,2247.0,436.3800048828125,436.635009765625,436.3800048828125,436.5
2025-11-12T19:39:00Z,436.6000061035156,436.6000061035156,436.4200134277344,436.4200134277344,436.4200134277344,449.0,436.6000061035156,436.6000061035156,436.4200134277344,436.4200134277344
2025-11-12T19:40:00Z,436.43499755859375,436.43499755859375,436.4200134277344,436.4200134277344,436.4200134277344,266.0,436.43499755859375,436.43499755859375,436.4200134277344,436.4200134277344
2025-11-12T19:41:00Z,436.07000732421875,436.1000061035156,435.3399963378906,436.0799865722656,436.0799865722656,519.0,436.07000732421875,436.1000061035156,435.3399963378906,436.0799865722656
2025-11-12T19:42:00Z,436.0849914550781,436.0849914550781,436.010009765625,436.010009765625,436.010009765625,347.0,436.0849914550781,436.0849914550781,436.010009765625,436.010009765625
2025-11-12T19:44:00Z,435.9049987792969,435.9049987792969,435.9049987792969,435.9049987792969,435.9049987792969,48.0,435.9049987792969,435.9049987792969,435.9049987792969,435.9049987792969
2025-11-12T19:45:00Z,436.1099853515625,436.7699890136719,435.95001220703125,436.7699890136719,436.7699890136719,9387.0,436.1099853515625,436.7699890136719,435.95001220703125,436.7699890136719
2025-11-12T19:46:00Z,436.0574951171875,436.0574951171875,436.0050048828125,436.0050048828125,436.0050048828125,186.0,436.0574951171875,436.0574951171875,436.0050048828125,436.0050048828125
2025-11-12T19:47:00Z,436.6400146484375,436.760009765625,436.00750732421875,436.052490234375,436.052490234375,387.0,436.6400146484375,436.760009765625,436.00750732421875,436.052490234375
2025-11-12T19:48:00Z,436.6050109863281,436.6050109863281,436.0249938964844,436.0249938964844,436.0249938964844,128.0,436.6050109863281,436.6050109863281,436.0249938964844,436.0249938964844
2025-11-12T19:49:00Z,436.0625,436.0625,436.0625,436.0625,436.0625,82.0,436.0625,436.0625,436.0625,436.0625
2025-11-12T19:50:00Z,436.0249938964844,436.1625061035156,436.0249938964844,436.1625061035156,436.1625061035156,373.0,436.0249938964844,436.1625061035156,436.0249938964844,436.1625061035156
2025-11-12T19:51:00Z,435.67498779296875,435.9049987792969,435.67498779296875,435.9049987792969,435.9049987792969,134.0,435.67498779296875,435.9049987792969,435.67498779296875,435.9049987792969
2025-11-12T19:52:00Z,435.79998779296875,436.6499938964844,435.79998779296875,436.6400146484375,436.6400146484375,1907.0,435.79998779296875,436.6499938964844,435.79998779296875,436.6400146484375
2025-11-12T19:53:00Z,436.6400146484375,436.6499938964844,435.8900146484375,436.6199951171875,436.6199951171875,2498.0,436.6400146484375,436.6499938964844,435.8900146484375,436.6199951171875
2025-11-12T19:54:00Z,436.5799865722656,436.7449951171875,436.0249938964844,436.6600036621094,436.6600036621094,2315.0,436.5799865722656,436.7449951171875,436.0249938964844,436.6600036621094
2025-11-12T19:55:00Z,436.05999755859375,436.6400146484375,436.05999755859375,436.6400146484375,436.6400146484375,279.0,436.05999755859375,436.6400146484375,436.05999755859375,436.6400146484375
2025-11-12T19:57:00Z,436.1824951171875,436.1824951171875,436.06500244140625,436.06500244140625,436.06500244140625,332.0,436.1824951171875,436.1824951171875,436.06500244140625,436.06500244140625
2025-11-12T20:00:00Z,436.6400146484375,436.6700134277344,436.0150146484375,436.0150146484375,436.0150146484375,944.0,436.6400146484375,436.6700134277344,436.0150146484375,436.0150146484375
2025-11-12T20:01:00Z,436.3999938964844,436.7300109863281,435.79998779296875,436.6400146484375,436.6400146484375,1357.0,436.3999938964844,436.7300109863281,435.79998779296875,436.6400146484375
2025-11-12T20:02:00Z,436.7300109863281,436.9949951171875,436.7300109863281,436.9949951171875,436.9949951171875,362.0,436.7300109863281,436.9949951171875,436.7300109863281,436.9949951171875
2025-11-12T20:03:00Z,436.989990234375,436.989990234375,436.989990234375,436.989990234375,436.989990234375,52.0,436.989990234375,436.989990234375,436.989990234375,436.989990234375
2025-11-12T20:04:00Z,436.9599914550781,437.0,436.9599914550781,437.0,437.0,384.0,436.9599914550781,437.0,436.9599914550781,437.0
2025-11-12T20:05:00Z,436.82000732421875,436.989990234375,436.82000732421875,436.989990234375,436.989990234375,411.0,436.82000732421875,436.989990234375,436.82000732421875,436.989990234375
2025-11-12T20:06:00Z,436.5899963378906,436.7099914550781,436.5899963378906,436.7099914550781,436.7099914550781,222.0,436.5899963378906,436.7099914550781,436.5899963378906,436.7099914550781
2025-11-12T20:07:00Z,436.7550048828125,436.7550048828125,436.7550048828125,436.7550048828125,436.7550048828125,159.0,436.7550048828125,436.7550048828125,436.7550048828125,436.7550048828125
2025-11-12T20:08:00Z,436.92999267578125,437.05999755859375,436.8900146484375,437.0050048828125,437.0050048828125,1879.0,436.92999267578125,437.05999755859375,436.8900146484375,437.0050048828125
2025-11-12T20:10:00Z,437.18499755859375,437.8500061035156,437.18499755859375,437.8500061035156,437.8500061035156,1590.0,437.18499755859375,437.8500061035156,437.18499755859375,437.8500061035156
2025-11-12T20:11:00Z,437.75,437.989990234375,437.6000061035156,437.8500061035156,437.8500061035156,5347.0,437.75,437.989990234375,437.6000061035156,437.8500061035156
2025-11-12T20:12:00Z,437.8500061035156,437.8500061035156,437.4750061035156,437.4750061035156,437.4750061035156,4267.0,437.8500061035156,437.8500061035156,437.4750061035156,437.4750061035156
2025-11-12T20:13:00Z,437.4750061035156,437.70001220703125,437.4750061035156,437.70001220703125,437.70001220703125,929.0,437.4750061035156,437.70001220703125,437.4750061035156,437.70001220703125
2025-11-12T20:14:00Z,437.8399963378906,438.3500061035156,437.70001220703125,438.3299865722656,438.3299865722656,1370.0,437.8399963378906,438.3500061035156,437.70001220703125,438.3299865722656
2025-11-12T20:15:00Z,438.2900085449219,438.69000244140625,438.2900085449219,438.69000244140625,438.69000244140625,1287.0,438.2900085449219,438.69000244140625,438.2900085449219,438.69000244140625
2025-11-12T20:16:00Z,438.7099914550781,438.8599853515625,438.7099914550781,438.8599853515625,438.8599853515625,398.0,438.7099914550781,438.8599853515625,438.7099914550781,438.8599853515625
2025-11-12T20:17:00Z,438.8999938964844,438.92999267578125,438.8999938964844,438.92999267578125,438.92999267578125,206.0,438.8999938964844,438.92999267578125,438.8999938964844,438.92999267578125
2025-11-12T20:18:00Z,439.0,439.0799865722656,438.74749755859375,439.0799865722656,439.0799865722656,630.0,439.0,439.0799865722656,438.74749755859375,439.0799865722656
2025-11-12T20:19:00Z,438.8074951171875,438.8074951171875,438.7825012207031,438.7825012207031,438.7825012207031,251.0,438.8074951171875,438.8074951171875,438.7825012207031,438.7825012207031
2025-11-12T20:20:00Z,439.0849914550781,439.1199951171875,438.8500061035156,438.8500061035156,438.8500061035156,304.0,439.0849914550781,439.1199951171875,438.8500061035156,438.8500061035156
2025-11-12T20:21:00Z,438.69000244140625,438.7699890136719,438.69000244140625,438.69000244140625,438.69000244140625,439.0,438.69000244140625,438.7699890136719,438.69000244140625,438.69000244140625
2025-11-12T20:22:00Z,438.67999267578125,439.0,438.67999267578125,438.8500061035156,438.8500061035156,725.0,438.67999267578125,439.0,438.67999267578125,438.8500061035156
2025-11-12T20:23:00Z,438.7950134277344,438.79998779296875,438.7900085449219,438.7900085449219,438.7900085449219,131.0,438.7950134277344,438.79998779296875,438.7900085449219,438.7900085449219
2025-11-12T20:24:00Z,438.8599853515625,438.989990234375,438.5849914550781,438.79998779296875,438.79998779296875,1861.0,438.8599853515625,438.989990234375,438.5849914550781,438.79998779296875
2025-11-12T20:25:00Z,438.63250732421875,438.6600036621094,438.5849914550781,438.6600036621094,438.6600036621094,214.0,438.63250732421875,438.6600036621094,438.5849914550781,438.6600036621094
2025-11-12T20:26:00Z,438.5849914550781,438.8999938964844,438.5849914550781,438.8999938964844,438.8999938964844,808.0,438.5849914550781,438.8999938964844,438.5849914550781,438.8999938964844
2025-11-12T20:27:00Z,438.7449951171875,438.7449951171875,438.67999267578125,438.67999267578125,438.67999267578125,161.0,438.7449951171875,438.7449951171875,438.67999267578125,438.67999267578125
2025-11-12T20:28:00Z,438.8900146484375,438.9599914550781,438.67999267578125,438.67999267578125,438.67999267578125,471.0,438.8900146484375,438.9599914550781,438.67999267578125,438.67999267578125
2025-11-12T20:29:00Z,439.07000732421875,439.07000732421875,439.07000732421875,439.07000732421875,439.07000732421875,210.0,439.07000732421875,439.07000732421875,439.07000732421875,439.07000732421875
2025-11-12T20:30:00Z,438.67999267578125,439.0,438.67999267578125,438.75,438.75,540.0,438.67999267578125,439.0,438.67999267578125,438.75
2025-11-12T20:31:00Z,439.0,439.0,439.0,439.0,439.0,94.0,439.0,439.0,439.0,439.0
2025-11-12T20:32:00Z,438.8699951171875,439.0899963378906,438.67498779296875,438.68499755859375,438.68499755859375,2450.0,438.8699951171875,439.0899963378906,438.67498779296875,438.68499755859375
2025-11-12T20:34:00Z,438.67999267578125,439.0899963378906,438.625,438.6549987792969,438.6549987792969,950.0,438.67999267578125,439.0899963378906,438.625,438.6549987792969
2025-11-12T20:35:00Z,438.3599853515625,438.7900085449219,438.0799865722656,438.7900085449219,438.7900085449219,2614.0,438.3599853515625,438.7900085449219,438.0799865722656,438.7900085449219
2025-11-12T20:36:00Z,438.2950134277344,438.8500061035156,438.2950134277344,438.7900085449219,438.7900085449219,1923.0,438.2950134277344,438.8500061035156,438.2950134277344,438.7900085449219
2025-11-12T20:38:00Z,438.3800048828125,438.8800048828125,438.3800048828125,438.8800048828125,438.8800048828125,489.0,438.3800048828125,438.8800048828125,438.3800048828125,438.8800048828125
2025-11-12T20:39:00Z,438.92999267578125,438.94500732421875,438.92999267578125,438.94500732421875,438.94500732421875,125.0,438.92999267578125,438.94500732421875,438.92999267578125,438.94500732421875
2025-11-12T20:40:00Z,438.9599914550781,439.05999755859375,438.6700134277344,438.6700134277344,438.6700134277344,1895.0,438.9599914550781,439.05999755859375,438.6700134277344,438.6700134277344
2025-11-12T20:41:00Z,438.6700134277344,439.1300048828125,438.6700134277344,439.0899963378906,439.0899963378906,845.0,438.6700134277344,439.1300048828125,438.6700134277344,439.0899963378906
2025-11-12T20:42:00Z,439.05999755859375,439.2900085449219,438.95001220703125,439.2900085449219,439.2900085449219,1326.0,439.05999755859375,439.2900085449219,438.95001220703125,439.2900085449219
2025-11-12T20:43:00Z,439.4100036621094,439.489990234375,439.260009765625,439.3949890136719,439.3949890136719,774.0,439.4100036621094,439.489990234375,439.260009765625,439.3949890136719
2025-11-12T20:44:00Z,439.5299987792969,439.5299987792969,439.4599914550781,439.4599914550781,439.4599914550781,203.0,439.5299987792969,439.5299987792969,439.4599914550781,439.4599914550781
2025-11-12T20:45:00Z,439.4599914550781,439.6300048828125,439.3699951171875,439.3699951171875,439.3699951171875,766.0,439.4599914550781,439.6300048828125,439.3699951171875,439.3699951171875
2025-11-12T20:46:00Z,439.29998779296875,439.29998779296875,438.67999267578125,438.67999267578125,438.67999267578125,3782.0,439.29998779296875,439.29998779296875,438.67999267578125,438.67999267578125
2025-11-12T20:47:00Z,438.8699951171875,438.9599914550781,438.8299865722656,438.9599914550781,438.9599914550781,773.0,438.8699951171875,438.9599914550781,438.8299865722656,438.9599914550781
2025-11-12T20:48:00Z,439.1000061035156,439.1700134277344,438.9700012207031,438.989990234375,438.989990234375,2536.0,439.1000061035156,439.1700134277344,438.9700012207031,438.989990234375
2025-11-12T20:49:00Z,438.989990234375,439.1700134277344,438.79998779296875,438.8399963378906,438.8399963378906,3573.0,438.989990234375,439.1700134277344,438.79998779296875,438.8399963378906
2025-11-12T20:50:00Z,438.92999267578125,439.1099853515625,438.7099914550781,439.0199890136719,439.0199890136719,4466.0,438.92999267578125,439.1099853515625,438.7099914550781,439.0199890136719
2025-11-12T20:51:00Z,439.1199951171875,439.2200012207031,438.93499755859375,438.93499755859375,438.93499755859375,2361.0,439.1199951171875,439.2200012207031,438.93499755859375,438.93499755859375
2025-11-12T20:52:00Z,438.9800109863281,439.2449951171875,438.6199951171875,438.8699951171875,438.8699951171875,1409.0,438.9800109863281,439.2449951171875,438.6199951171875,438.8699951171875
2025-11-12T20:53:00Z,439.1000061035156,439.6400146484375,438.8699951171875,439.6400146484375,439.6400146484375,2955.0,439.1000061035156,439.6400146484375,438.8699951171875,439.6400146484375
2025-11-12T20:54:00Z,439.2900085449219,439.7099914550781,439.2900085449219,439.32000732421875,439.32000732421875,1356.0,439.2900085449219,439.7099914550781,439.2900085449219,439.32000732421875
2025-11-12T20:55:00Z,439.0799865722656,439.3399963378906,438.70001220703125,439.3399963378906,439.3399963378906,6084.0,439.0799865722656,439.3399963378906,438.70001220703125,439.3399963378906
2025-11-12T20:56:00Z,439.3699951171875,439.4800109863281,439.0450134277344,439.4100036621094,439.4100036621094,3233.0,439.3699951171875,439.4800109863281,439.0450134277344,439.4100036621094
2025-11-12T20:57:00Z,439.37249755859375,439.8500061035156,439.37249755859375,439.7250061035156,439.7250061035156,7358.0,439.37249755859375,439.8500061035156,439.37249755859375,439.7250061035156
2025-11-12T20:58:00Z,439.7449951171875,439.92999267578125,439.45001220703125,439.5899963378906,439.5899963378906,10333.0,439.7449951171875,439.92999267578125,439.45001220703125,439.5899963378906
2025-11-12T20:59:00Z,439.45001220703125,440.0799865722656,439.4200134277344,440.07000732421875,440.07000732421875,10057.0,439.45001220703125,440.0799865722656,439.4200134277344,440.07000732421875
2025-11-13T14:39:00Z,436.0400085449219,436.0400085449219,435.05999755859375,435.05999755859375,435.05999755859375,240.0,436.0400085449219,436.0400085449219,435.05999755859375,435.05999755859375
2025-11-13T14:41:00Z,437.0,437.125,437.0,437.125,437.125,478.0,437.0,437.125,437.0,437.125
2025-11-13T14:43:00Z,437.125,437.125,437.125,437.125,437.125,327.0,437.125,437.125,437.125,437.125
2025-11-13T14:45:00Z,437.125,437.125,437.125,437.125,437.125,724.0,437.125,437.125,437.125,437.125
2025-11-13T14:46:00Z,438.32501220703125,438.32501220703125,437.125,437.125,437.125,459.0,438.32501220703125,438.32501220703125,437.125,437.125
2025-11-13T14:47:00Z,435.6199951171875,437.125,435.260009765625,437.125,437.125,271.0,435.6199951171875,437.125,435.260009765625,437.125
2025-11-13T14:48:00Z,437.80499267578125,437.80499267578125,437.80499267578125,437.80499267578125,437.80499267578125,70.0,437.80499267578125,437.80499267578125,437.80499267578125,437.80499267578125
2025-11-13T14:49:00Z,436.0199890136719,437.2799987792969,435.9100036621094,437.2799987792969,437.2799987792969,307.0,436.0199890136719,437.2799987792969,435.9100036621094,437.2799987792969
2025-11-13T14:50:00Z,437.2950134277344,438.5299987792969,436.7699890136719,436.7699890136719,436.7699890136719,2331.0,437.2950134277344,438.5299987792969,436.7699890136719,436.7699890136719
2025-11-13T14:51:00Z,436.8800048828125,439.8299865722656,436.8800048828125,439.6300048828125,439.6300048828125,1125.0,436.8800048828125,439.8299865722656,436.8800048828125,439.6300048828125
2025-11-13T14:52:00Z,440.19000244140625,440.19000244140625,439.010009765625,439.32000732421875,439.32000732421875,694.0,440.19000244140625,440.19000244140625,439.010009765625,439.32000732421875
2025-11-13T14:54:00Z,437.5199890136719,437.5199890136719,436.9700012207031,436.9700012207031,436.9700012207031,223.0,437.5199890136719,437.5199890136719,436.9700012207031,436.9700012207031
2025-11-13T14:55:00Z,436.9700012207031,439.4800109863281,436.9700012207031,439.4800109863281,439.4800109863281,307.0,436.9700012207031,439.4800109863281,436.9700012207031,439.4800109863281
2025-11-13T14:57:00Z,439.1300048828125,439.1300048828125,437.0,437.0,437.0,99.0,439.1300048828125,439.1300048828125,437.0,437.0
2025-11-13T14:58:00Z,434.79998779296875,439.29998779296875,434.79998779296875,439.29998779296875,439.29998779296875,222.0,434.79998779296875,439.29998779296875,434.79998779296875,439.29998779296875
2025-11-13T14:59:00Z,437.3500061035156,437.8999938964844,437.3500061035156,437.8999938964844,437.8999938964844,88.0,437.3500061035156,437.8999938964844,437.3500061035156,437.8999938964844
2025-11-13T15:00:00Z,437.6499938964844,437.80999755859375,437.6499938964844,437.80999755859375,437.80999755859375,509.0,437.6499938964844,437.80999755859375,437.6499938964844,437.80999755859375
2025-11-13T15:01:00Z,437.3500061035156,437.3500061035156,437.3500061035156,437.3500061035156,437.3500061035156,199.0,437.3500061035156,437.3500061035156,437.3500061035156,437.3500061035156
2025-11-13T15:02:00Z,437.3500061035156,437.3500061035156,435.7950134277344,437.3450012207031,437.3450012207031,687.0,437.3500061035156,437.3500061035156,435.7950134277344,437.3450012207031
2025-11-13T15:03:00Z,435.7550048828125,435.7550048828125,435.74749755859375,435.74749755859375,435.74749755859375,518.0,435.7550048828125,435.7550048828125,435.74749755859375,435.74749755859375
2025-11-13T15:04:00Z,434.9049987792969,434.9049987792969,434.9049987792969,434.9049987792969,434.9049987792969,153.0,434.9049987792969,434.9049987792969,434.9049987792969,434.9049987792969
2025-11-13T15:05:00Z,434.9049987792969,434.9049987792969,434.9049987792969,434.9049987792969,434.9049987792969,555.0,434.9049987792969,434.9049987792969,434.9049987792969,434.9049987792969
2025-11-13T15:06:00Z,434.9049987792969,434.9049987792969,434.9049987792969,434.9049987792969,434.9049987792969,113.0,434.9049987792969,434.9049987792969,434.9049987792969,434.9049987792969
2025-11-13T15:07:00Z,434.9049987792969,435.7699890136719,434.9049987792969,435.2799987792969,435.2799987792969,1984.0,434.9049987792969,435.7699890136719,434.9049987792969,435.2799987792969
2025-11-13T15:11:00Z,435.0,435.0,435.0,435.0,435.0,174.0,435.0,435.0,435.0,435.0
2025-11-13T15:13:00Z,435.0,435.0,435.0,435.0,435.0,235.0,435.0,435.0,435.0,435.0
2025-11-13T15:14:00Z,435.0,435.0,433.4049987792969,433.4525146484375,433.4525146484375,1824.0,435.0,435.0,433.4049987792969,433.4525146484375
2025-11-13T15:16:00Z,433.260009765625,433.260009765625,433.260009765625,433.260009765625,433.260009765625,75.0,433.260009765625,433.260009765625,433.260009765625,433.260009765625
2025-11-13T15:17:00Z,433.2550048828125,433.2550048828125,433.2550048828125,433.2550048828125,433.2550048828125,175.0,433.2550048828125,433.2550048828125,433.2550048828125,433.2550048828125
2025-11-13T15:18:00Z,433.2099914550781,433.2099914550781,433.2099914550781,433.2099914550781,433.2099914550781,118.0,433.2099914550781,433.2099914550781,433.2099914550781,433.2099914550781
2025-11-13T15:19:00Z,434.4100036621094,434.510009765625,433.489990234375,433.489990234375,433.489990234375,504.0,434.4100036621094,434.510009765625,433.489990234375,433.489990234375
2025-11-13T15:20:00Z,434.489990234375,434.489990234375,434.489990234375,434.489990234375,434.489990234375,140.0,434.489990234375,434.489990234375,434.489990234375,434.489990234375
2025-11-13T15:21:00Z,433.75,434.80999755859375,433.75,434.05999755859375,434.05999755859375,3197.0,433.75,434.80999755859375,433.75,434.05999755859375
2025-11-13T15:22:00Z,434.06500244140625,434.06500244140625,434.06500244140625,434.06500244140625,434.06500244140625,67.0,434.06500244140625,434.06500244140625,434.06500244140625,434.06500244140625
2025-11-13T15:24:00Z,434.06500244140625,434.06500244140625,434.06500244140625,434.06500244140625,434.06500244140625,348.0,434.06500244140625,434.06500244140625,434.06500244140625,434.06500244140625
2025-11-13T15:25:00Z,433.9800109863281,433.9800109863281,433.9800109863281,433.9800109863281,433.9800109863281,733.0,433.9800109863281,433.9800109863281,433.9800109863281,433.9800109863281
2025-11-13T15:26:00Z,433.9800109863281,433.9800109863281,433.9750061035156,433.9750061035156,433.9750061035156,1009.0,433.9800109863281,433.9800109863281,433.9750061035156,433.9750061035156
2025-11-13T15:27:00Z,433.9750061035156,433.9750061035156,433.57000732421875,433.9750061035156,433.9750061035156,878.0,433.9750061035156,433.9750061035156,433.57000732421875,433.9750061035156
2025-11-13T15:28:00Z,433.9750061035156,434.9200134277344,433.3800048828125,433.8800048828125,433.8800048828125,3397.0,433.9750061035156,434.9200134277344,433.3800048828125,433.8800048828125
2025-11-13T15:29:00Z,433.8999938964844,434.3299865722656,432.4649963378906,432.4649963378906,432.4649963378906,3164.0,433.8999938964844,434.3299865722656,432.4649963378906,432.4649963378906
2025-11-13T15:30:00Z,434.0050048828125,434.0050048828125,432.18499755859375,433.7799987792969,433.7799987792969,1764.0,434.0050048828125,434.0050048828125,432.18499755859375,433.7799987792969
2025-11-13T15:31:00Z,433.7749938964844,434.75,433.375,433.5775146484375,433.5775146484375,2036.0,433.7749938964844,434.75,433.375,433.5775146484375
2025-11-13T15:32:00Z,433.42498779296875,435.010009765625,433.42498779296875,435.010009765625,435.010009765625,1618.0,433.42498779296875,435.010009765625,433.42498779296875,435.010009765625
2025-11-13T15:37:00Z,434.2349853515625,434.6600036621094,433.7200012207031,433.7200012207031,433.7200012207031,762.0,434.2349853515625,434.6600036621094,433.7200012207031,433.7200012207031
2025-11-13T15:38:00Z,433.44000244140625,433.44000244140625,433.44000244140625,433.44000244140625,433.44000244140625,134.0,433.44000244140625,433.44000244140625,433.44000244140625,433.44000244140625
2025-11-13T15:40:00Z,433.69000244140625,433.69000244140625,433.25250244140625,433.25250244140625,433.25250244140625,328.0,433.69000244140625,433.69000244140625,433.25250244140625,433.25250244140625
2025-11-13T15:41:00Z,433.2149963378906,433.2149963378906,433.2124938964844,433.2124938964844,433.2124938964844,398.0,433.2149963378906,433.2149963378906,433.2124938964844,433.2124938964844
2025-11-13T15:44:00Z,433.7799987792969,433.7799987792969,433.7799987792969,433.7799987792969,433.7799987792969,132.0,433.7799987792969,433.7799987792969,433.7799987792969,433.7799987792969
2025-11-13T15:45:00Z,434.42999267578125,434.42999267578125,434.42999267578125,434.42999267578125,434.42999267578125,276.0,434.42999267578125,434.42999267578125,434.42999267578125,434.42999267578125
2025-11-13T15:46:00Z,433.31500244140625,433.31500244140625,433.31500244140625,433.31500244140625,433.31500244140625,126.0,433.31500244140625,433.31500244140625,433.31500244140625,433.31500244140625
2025-11-13T15:47:00Z,434.57000732421875,434.8800048828125,434.57000732421875,434.6199951171875,434.6199951171875,814.0,434.57000732421875,434.8800048828125,434.57000732421875,434.6199951171875
2025-11-13T15:51:00Z,434.69000244140625,434.69000244140625,433.8599853515625,433.8599853515625,433.8599853515625,115.0,434.69000244140625,434.69000244140625,433.8599853515625,433.8599853515625
2025-11-13T15:52:00Z,433.8500061035156,434.30999755859375,433.8500061035156,433.9150085449219,433.9150085449219,733.0,433.8500061035156,434.30999755859375,433.8500061035156,433.9150085449219
2025-11-13T15:53:00Z,433.9150085449219,433.9150085449219,433.9150085449219,433.9150085449219,433.9150085449219,74.0,433.9150085449219,433.9150085449219,433.9150085449219,433.9150085449219
2025-11-13T15:54:00Z,434.30999755859375,434.45001220703125,433.5,433.5,433.5,6459.0,434.30999755859375,434.45001220703125,433.5,433.5
2025-11-13T15:55:00Z,432.8900146484375,432.8999938964844,431.0450134277344,432.25,432.25,2238.0,432.8900146484375,432.8999938964844,431.0450134277344,432.25
2025-11-13T15:58:00Z,432.0400085449219,432.04998779296875,431.5050048828125,432.04998779296875,432.04998779296875,261.0,432.0400085449219,432.04998779296875,431.5050048828125,432.04998779296875
2025-11-13T16:00:00Z,433.9800109863281,433.9800109863281,433.9800109863281,433.9800109863281,433.9800109863281,111.0,433.9800109863281,433.9800109863281,433.9800109863281,433.9800109863281
2025-11-13T16:01:00Z,429.03009033203125,433.9800109863281,429.03009033203125,433.5400085449219,433.5400085449219,1880.0,429.03009033203125,433.9800109863281,429.03009033203125,433.5400085449219
2025-11-13T16:02:00Z,433.5400085449219,434.1600036621094,433.5400085449219,433.9599914550781,433.9599914550781,742.0,433.5400085449219,434.1600036621094,433.5400085449219,433.9599914550781
2025-11-13T16:03:00Z,434.19500732421875,434.19500732421875,434.19000244140625,434.19000244140625,434.19000244140625,303.0,434.19500732421875,434.19500732421875,434.19000244140625,434.19000244140625
2025-11-13T16:05:00Z,433.6575012207031,433.6575012207031,433.1199951171875,433.1199951171875,433.1199951171875,542.0,433.6575012207031,433.6575012207031,433.1199951171875,433.1199951171875
2025-11-13T16:06:00Z,432.1000061035156,432.1000061035156,432.1000061035156,432.1000061035156,432.1000061035156,138.0,432.1000061035156,432.1000061035156,432.1000061035156,432.1000061035156
2025-11-13T16:07:00Z,432.4150085449219,432.4200134277344,432.2900085449219,432.4150085449219,432.4150085449219,905.0,432.4150085449219,432.4200134277344,432.2900085449219,432.4150085449219
2025-11-13T16:09:00Z,433.42999267578125,433.80499267578125,433.0,433.0,433.0,4045.0,433.42999267578125,433.80499267578125,433.0,433.0
2025-11-13T16:10:00Z,431.9100036621094,432.5,431.9100036621094,431.99700927734375,431.99700927734375,1787.0,431.9100036621094,432.5,431.9100036621094,431.99700927734375
2025-11-13T16:11:00Z,432.0,432.70001220703125,431.2799987792969,431.42999267578125,431.42999267578125,2262.0,432.0,432.70001220703125,431.2799987792969,431.42999267578125
2025-11-13T16:12:00Z,431.4549865722656,432.2200012207031,431.4549865722656,432.2200012207031,432.2200012207031,156.0,431.4549865722656,432.2200012207031,431.4549865722656,432.2200012207031
2025-11-13T16:13:00Z,432.05999755859375,432.05999755859375,431.4750061035156,431.4750061035156,431.4750061035156,769.0,432.05999755859375,432.05999755859375,431.4750061035156,431.4750061035156
2025-11-13T16:15:00Z,432.3500061035156,432.3500061035156,432.3500061035156,432.3500061035156,432.3500061035156,185.0,432.3500061035156,432.3500061035156,432.3500061035156,432.3500061035156
2025-11-13T16:18:00Z,432.19000244140625,432.19000244140625,432.19000244140625,432.19000244140625,432.19000244140625,230.0,432.19000244140625,432.19000244140625,432.19000244140625,432.19000244140625
2025-11-13T16:20:00Z,432.7300109863281,432.7300109863281,432.7300109863281,432.7300109863281,432.7300109863281,270.0,432.7300109863281,432.7300109863281,432.7300109863281,432.7300109863281
2025-11-13T16:21:00Z,432.760009765625,432.760009765625,432.760009765625,432.760009765625,432.760009765625,243.0,432.760009765625,432.760009765625,432.760009765625,432.760009765625
2025-11-13T16:23:00Z,432.92999267578125,432.92999267578125,431.6449890136719,431.6449890136719,431.6449890136719,237.0,432.92999267578125,432.92999267578125,431.6449890136719,431.6449890136719
2025-11-13T16:26:00Z,431.3399963378906,431.3399963378906,431.30999755859375,431.30999755859375,431.30999755859375,286.0,431.3399963378906,431.3399963378906,431.30999755859375,431.30999755859375
2025-11-13T16:28:00Z,432.5799865722656,432.5799865722656,432.5799865722656,432.5799865722656,432.5799865722656,378.0,432.5799865722656,432.5799865722656,432.5799865722656,432.5799865722656
2025-11-13T16:33:00Z,432.7699890136719,432.8399963378906,432.7200012207031,432.8399963378906,432.8399963378906,403.0,432.7699890136719,432.8399963378906,432.7200012207031,432.8399963378906
2025-11-13T16:34:00Z,432.8699951171875,433.6400146484375,432.8500061035156,432.94000244140625,432.94000244140625,1025.0,432.8699951171875,433.6400146484375,432.8500061035156,432.94000244140625
2025-11-13T16:35:00Z,433.3800048828125,433.3800048828125,433.3800048828125,433.3800048828125,433.3800048828125,290.0,433.3800048828125,433.3800048828125,433.3800048828125,433.3800048828125
2025-11-13T16:41:00Z,431.9150085449219,431.9150085449219,431.9150085449219,431.9150085449219,431.9150085449219,171.0,431.9150085449219,431.9150085449219,431.9150085449219,431.9150085449219
2025-11-13T16:43:00Z,432.2149963378906,432.55499267578125,432.2149963378906,432.55499267578125,432.55499267578125,1024.0,432.2149963378906,432.55499267578125,432.2149963378906,432.55499267578125
2025-11-13T16:46:00Z,433.3900146484375,433.3900146484375,433.3900146484375,433.3900146484375,433.3900146484375,298.0,433.3900146484375,433.3900146484375,433.3900146484375,433.3900146484375
2025-11-13T16:49:00Z,432.1424865722656,432.1424865722656,432.1424865722656,432.1424865722656,432.1424865722656,231.0,432.1424865722656,432.1424865722656,432.1424865722656,432.1424865722656
2025-11-13T16:52:00Z,432.95001220703125,432.9800109863281,432.95001220703125,432.9800109863281,432.9800109863281,126.0,432.95001220703125,432.9800109863281,432.95001220703125,432.9800109863281
2025-11-13T16:54:00Z,432.8999938964844,433.1300048828125,432.8999938964844,433.1300048828125,433.1300048828125,819.0,432.8999938964844,433.1300048828125,432.8999938964844,433.1300048828125
2025-11-13T16:57:00Z,433.2900085449219,433.7900085449219,433.260009765625,433.7900085449219,433.7900085449219,682.0,433.2900085449219,433.7900085449219,433.260009765625,433.7900085449219
2025-11-13T16:58:00Z,434.0400085449219,434.0400085449219,434.0400085449219,434.0400085449219,434.0400085449219,471.0,434.0400085449219,434.0400085449219,434.0400085449219,434.0400085449219
2025-11-13T17:00:00Z,433.93499755859375,434.239990234375,433.93499755859375,434.239990234375,434.239990234375,589.0,433.93499755859375,434.239990234375,433.93499755859375,434.239990234375
2025-11-13T17:01:00Z,434.0,434.0,433.1400146484375,433.42999267578125,433.42999267578125,2043.0,434.0,434.0,433.1400146484375,433.42999267578125
2025-11-13T17:02:00Z,432.6600036621094,432.6600036621094,432.6600036621094,432.6600036621094,432.6600036621094,43.0,432.6600036621094,432.6600036621094,432.6600036621094,432.6600036621094
2025-11-13T17:03:00Z,432.92498779296875,433.1499938964844,432.6000061035156,432.7300109863281,432.7300109863281,3939.0,432.92498779296875,433.1499938964844,432.6000061035156,432.7300109863281
2025-11-13T17:04:00Z,432.8800048828125,433.04998779296875,432.8800048828125,433.04998779296875,433.04998779296875,472.0,432.8800048828125,433.04998779296875,432.8800048828125,433.04998779296875
2025-11-13T17:05:00Z,432.8999938964844,433.0150146484375,432.6549987792969,433.0150146484375,433.0150146484375,565.0,432.8999938964844,433.0150146484375,432.6549987792969,433.0150146484375
2025-11-13T17:07:00Z,432.6600036621094,432.6600036621094,432.3800048828125,432.45001220703125,432.45001220703125,591.0,432.6600036621094,432.6600036621094,432.3800048828125,432.45001220703125
2025-11-13T17:08:00Z,431.8800048828125,431.9750061035156,431.43499755859375,431.43499755859375,431.43499755859375,589.0,431.8800048828125,431.9750061035156,431.43499755859375,431.43499755859375
2025-11-13T17:09:00Z,431.9800109863281,432.2449951171875,431.489990234375,432.1449890136719,432.1449890136719,1711.0,431.9800109863281,432.2449951171875,431.489990234375,432.1449890136719
2025-11-13T17:10:00Z,431.6400146484375,431.6400146484375,430.6300048828125,430.6300048828125,430.6300048828125,437.0,431.6400146484375,431.6400146484375,430.6300048828125,430.6300048828125
2025-11-13T17:11:00Z,431.1499938964844,431.79998779296875,430.614990234375,431.79998779296875,431.79998779296875,807.0,431.1499938964844,431.79998779296875,430.614990234375,431.79998779296875
2025-11-13T17:13:00Z,431.010009765625,431.010009765625,431.010009765625,431.010009765625,431.010009765625,265.0,431.010009765625,431.010009765625,431.010009765625,431.010009765625
2025-11-13T17:15:00Z,430.8500061035156,430.8500061035156,430.8500061035156,430.8500061035156,430.8500061035156,196.0,430.8500061035156,430.8500061035156,430.8500061035156,430.8500061035156
2025-11-13T17:17:00Z,431.4800109863281,431.489990234375,431.4800109863281,431.489990234375,431.489990234375,608.0,431.4800109863281,431.489990234375,431.4800109863281,431.489990234375
2025-11-13T17:20:00Z,430.9599914550781,430.9599914550781,430.9599914550781,430.9599914550781,430.9599914550781,63.0,430.9599914550781,430.9599914550781,430.9599914550781,430.9599914550781
2025-11-13T17:21:00Z,431.25,431.625,431.25,431.625,431.625,190.0,431.25,431.625,431.25,431.625
2025-11-13T17:22:00Z,431.6300048828125,431.92498779296875,431.572509765625,431.572509765625,431.572509765625,1465.0,431.6300048828125,431.92498779296875,431.572509765625,431.572509765625
2025-11-13T17:23:00Z,431.6400146484375,431.9200134277344,431.6400146484375,431.9200134277344,431.9200134277344,108.0,431.6400146484375,431.9200134277344,431.6400146484375,431.9200134277344
2025-11-13T17:24:00Z,431.6300048828125,431.6300048828125,431.625,431.625,431.625,104.0,431.6300048828125,431.6300048828125,431.625,431.625
2025-11-13T17:25:00Z,431.6000061035156,432.0450134277344,431.3299865722656,431.92999267578125,431.92999267578125,3013.0,431.6000061035156,432.0450134277344,431.3299865722656,431.92999267578125
2025-11-13T17:26:00Z,431.92999267578125,432.0450134277344,431.9014892578125,431.92999267578125,431.92999267578125,785.0,431.92999267578125,432.0450134277344,431.9014892578125,431.92999267578125
2025-11-13T17:27:00Z,431.55999755859375,432.07000732421875,431.260009765625,431.5299987792969,431.5299987792969,545.0,431.55999755859375,432.07000732421875,431.260009765625,431.5299987792969
2025-11-13T17:28:00Z,431.05999755859375,431.05999755859375,429.55999755859375,431.0400085449219,431.0400085449219,323.0,431.05999755859375,431.05999755859375,429.55999755859375,431.0400085449219
2025-11-13T17:29:00Z,431.04998779296875,431.04998779296875,431.04998779296875,431.04998779296875,431.04998779296875,192.0,431.04998779296875,431.04998779296875,431.04998779296875,431.04998779296875
2025-11-13T17:30:00Z,431.0249938964844,431.0249938964844,431.0249938964844,431.0249938964844,431.0249938964844,200.0,431.0249938964844,431.0249938964844,431.0249938964844,431.0249938964844
2025-11-13T17:32:00Z,430.82000732421875,430.82000732421875,430.82000732421875,430.82000732421875,430.82000732421875,275.0,430.82000732421875,430.82000732421875,430.82000732421875,430.82000732421875
2025-11-13T17:35:00Z,431.2349853515625,432.2699890136719,431.2349853515625,431.9800109863281,431.9800109863281,2354.0,431.2349853515625,432.2699890136719,431.2349853515625,431.9800109863281
2025-11-13T17:36:00Z,431.2349853515625,431.2349853515625,431.2349853515625,431.2349853515625,431.2349853515625,490.0,431.2349853515625,431.2349853515625,431.2349853515625,431.2349853515625
2025-11-13T17:38:00Z,431.3324890136719,431.3324890136719,431.3324890136719,431.3324890136719,431.3324890136719,130.0,431.3324890136719,431.3324890136719,431.3324890136719,431.3324890136719
2025-11-13T17:39:00Z,431.2349853515625,431.2349853515625,431.2349853515625,431.2349853515625,431.2349853515625,97.0,431.2349853515625,431.2349853515625,431.2349853515625,431.2349853515625
2025-11-13T17:40:00Z,432.1499938964844,432.1499938964844,431.2349853515625,431.32000732421875,431.32000732421875,686.0,432.1499938964844,432.1499938964844,431.2349853515625,431.32000732421875
2025-11-13T17:41:00Z,431.32000732421875,431.32000732421875,430.1099853515625,430.4200134277344,430.4200134277344,1642.0,431.32000732421875,431.32000732421875,430.1099853515625,430.4200134277344
2025-11-13T17:42:00Z,429.5950012207031,430.07501220703125,429.57501220703125,430.07501220703125,430.07501220703125,401.0,429.5950012207031,430.07501220703125,429.57501220703125,430.07501220703125
2025-11-13T17:43:00Z,430.6499938964844,430.6499938964844,430.1600036621094,430.19000244140625,430.19000244140625,489.0,430.6499938964844,430.6499938964844,430.1600036621094,430.19000244140625
2025-11-13T17:44:00Z,429.75,429.93499755859375,429.75,429.9324951171875,429.9324951171875,238.0,429.75,429.93499755859375,429.75,429.9324951171875
2025-11-13T17:45:00Z,429.5199890136719,429.5199890136719,428.875,428.875,428.875,319.0,429.5199890136719,429.5199890136719,428.875,428.875
2025-11-13T17:46:00Z,428.875,428.875,428.875,428.875,428.875,214.0,428.875,428.875,428.875,428.875
2025-11-13T17:48:00Z,429.1199951171875,429.1600036621094,429.1199951171875,429.1199951171875,429.1199951171875,389.0,429.1199951171875,429.1600036621094,429.1199951171875,429.1199951171875
2025-11-13T17:49:00Z,429.3500061035156,429.3500061035156,428.9800109863281,428.9800109863281,428.9800109863281,441.0,429.3500061035156,429.3500061035156,428.9800109863281,428.9800109863281
2025-11-13T17:51:00Z,428.9200134277344,428.9200134277344,428.9200134277344,428.9200134277344,428.9200134277344,259.0,428.9200134277344,428.9200134277344,428.9200134277344,428.9200134277344
2025-11-13T17:52:00Z,428.3800048828125,428.3800048828125,428.3800048828125,428.3800048828125,428.3800048828125,48.0,428.3800048828125,428.3800048828125,428.3800048828125,428.3800048828125
2025-11-13T17:53:00Z,428.0450134277344,428.0450134277344,428.0450134277344,428.0450134277344,428.0450134277344,479.0,428.0450134277344,428.0450134277344,428.0450134277344,428.0450134277344
2025-11-13T17:54:00Z,429.1199951171875,429.4200134277344,429.1199951171875,429.4200134277344,429.4200134277344,1192.0,429.1199951171875,429.4200134277344,429.1199951171875,429.4200134277344
2025-11-13T17:56:00Z,428.44000244140625,428.44000244140625,428.44000244140625,428.44000244140625,428.44000244140625,286.0,428.44000244140625,428.44000244140625,428.44000244140625,428.44000244140625
2025-11-13T17:58:00Z,428.3399963378906,428.3399963378906,428.3399963378906,428.3399963378906,428.3399963378906,268.0,428.3399963378906,428.3399963378906,428.3399963378906,428.3399963378906
2025-11-13T18:00:00Z,428.6099853515625,428.79998779296875,428.54998779296875,428.79998779296875,428.79998779296875,630.0,428.6099853515625,428.79998779296875,428.54998779296875,428.79998779296875
2025-11-13T18:01:00Z,428.67999267578125,428.67999267578125,428.67999267578125,428.67999267578125,428.67999267578125,265.0,428.67999267578125,428.67999267578125,428.67999267578125,428.67999267578125
2025-11-13T18:02:00Z,427.8550109863281,428.1499938964844,427.8275146484375,428.1499938964844,428.1499938964844,871.0,427.8550109863281,428.1499938964844,427.8275146484375,428.1499938964844
2025-11-13T18:04:00Z,427.94500732421875,428.6400146484375,427.94500732421875,428.32501220703125,428.32501220703125,1008.0,427.94500732421875,428.6400146484375,427.94500732421875,428.32501220703125
2025-11-13T18:05:00Z,428.6499938964844,429.7749938964844,428.6499938964844,429.3999938964844,429.3999938964844,1483.0,428.6499938964844,429.7749938964844,428.6499938964844,429.3999938964844
2025-11-13T18:06:00Z,429.3999938964844,429.7749938964844,429.2850036621094,429.2850036621094,429.2850036621094,907.0,429.3999938964844,429.7749938964844,429.2850036621094,429.2850036621094
2025-11-13T18:07:00Z,429.2950134277344,429.2950134277344,429.2950134277344,429.2950134277344,429.2950134277344,563.0,429.2950134277344,429.2950134277344,429.2950134277344,429.2950134277344
2025-11-13T18:10:00Z,428.1400146484375,428.1400146484375,427.8900146484375,427.8900146484375,427.8900146484375,849.0,428.1400146484375,428.1400146484375,427.8900146484375,427.8900146484375
2025-11-13T18:11:00Z,427.55499267578125,427.55499267578125,427.05999755859375,427.05999755859375,427.05999755859375,247.0,427.55499267578125,427.55499267578125,427.05999755859375,427.05999755859375
2025-11-13T18:12:00Z,427.6650085449219,427.6650085449219,426.385009765625,426.6549987792969,426.6549987792969,3861.0,427.6650085449219,427.6650085449219,426.385009765625,426.6549987792969
2025-11-13T18:14:00Z,426.3399963378906,426.3399963378906,426.3399963378906,426.3399963378906,426.3399963378906,280.0,426.3399963378906,426.3399963378906,426.3399963378906,426.3399963378906
2025-11-13T18:17:00Z,426.3450012207031,426.3450012207031,426.3450012207031,426.3450012207031,426.3450012207031,290.0,426.3450012207031,426.3450012207031,426.3450012207031,426.3450012207031
2025-11-13T18:19:00Z,427.2650146484375,427.4800109863281,426.57000732421875,426.57000732421875,426.57000732421875,717.0,427.2650146484375,427.4800109863281,426.57000732421875,426.57000732421875
2025-11-13T18:22:00Z,426.5799865722656,426.5799865722656,426.57000732421875,426.57000732421875,426.57000732421875,353.0,426.5799865722656,426.5799865722656,426.57000732421875,426.57000732421875
2025-11-13T18:25:00Z,426.57000732421875,427.0450134277344,426.4599914550781,426.5299987792969,426.5299987792969,2416.0,426.57000732421875,427.0450134277344,426.4599914550781,426.5299987792969
2025-11-13T18:26:00Z,426.6300048828125,426.6300048828125,426.010009765625,426.010009765625,426.010009765625,568.0,426.6300048828125,426.6300048828125,426.010009765625,426.010009765625
2025-11-13T18:27:00Z,425.8999938964844,425.8999938964844,425.8999938964844,425.8999938964844,425.8999938964844,309.0,425.8999938964844,425.8999938964844,425.8999938964844,425.8999938964844
2025-11-13T18:28:00Z,425.8999938964844,426.2200012207031,425.8949890136719,425.8949890136719,425.8949890136719,1608.0,425.8999938964844,426.2200012207031,425.8949890136719,425.8949890136719
2025-11-13T18:29:00Z,426.2149963378906,427.1400146484375,425.70001220703125,426.75,426.75,2437.0,426.2149963378906,427.1400146484375,425.70001220703125,426.75
2025-11-13T18:31:00Z,427.1700134277344,427.1700134277344,426.2699890136719,426.2699890136719,426.2699890136719,219.0,427.1700134277344,427.1700134277344,426.2699890136719,426.2699890136719
2025-11-13T18:32:00Z,426.7200012207031,426.7200012207031,426.7200012207031,426.7200012207031,426.7200012207031,248.0,426.7200012207031,426.7200012207031,426.7200012207031,426.7200012207031
2025-11-13T18:35:00Z,426.6099853515625,427.2349853515625,426.49249267578125,427.17999267578125,427.17999267578125,454.0,426.6099853515625,427.2349853515625,426.49249267578125,427.17999267578125
2025-11-13T18:37:00Z,426.7900085449219,426.7900085449219,426.7900085449219,426.7900085449219,426.7900085449219,298.0,426.7900085449219,426.7900085449219,426.7900085449219,426.7900085449219
2025-11-13T18:39:00Z,426.75,426.75,426.75,426.75,426.75,319.0,426.75,426.75,426.75,426.75
2025-11-13T18:40:00Z,427.1700134277344,427.19000244140625,427.1700134277344,427.17999267578125,427.17999267578125,473.0,427.1700134277344,427.19000244140625,427.1700134277344,427.17999267578125
2025-11-13T18:41:00Z,426.6400146484375,427.4700012207031,426.6400146484375,427.1099853515625,427.1099853515625,1223.0,426.6400146484375,427.4700012207031,426.6400146484375,427.1099853515625
2025-11-13T18:42:00Z,426.9200134277344,427.2799987792969,426.5,426.69000244140625,426.69000244140625,1733.0,426.9200134277344,427.2799987792969,426.5,426.69000244140625
2025-11-13T18:46:00Z,426.44000244140625,426.44000244140625,426.4100036621094,426.4100036621094,426.4100036621094,369.0,426.44000244140625,426.44000244140625,426.4100036621094,426.4100036621094
2025-11-13T18:47:00Z,426.7799987792969,426.7799987792969,426.7799987792969,426.7799987792969,426.7799987792969,167.0,426.7799987792969,426.7799987792969,426.7799987792969,426.7799987792969
2025-11-13T18:48:00Z,426.7799987792969,426.7799987792969,426.2200012207031,426.4049987792969,426.4049987792969,3737.0,426.7799987792969,426.7799987792969,426.2200012207031,426.4049987792969
2025-11-13T18:49:00Z,426.4049987792969,426.4049987792969,426.0299987792969,426.2349853515625,426.2349853515625,2481.0,426.4049987792969,426.4049987792969,426.0299987792969,426.2349853515625
2025-11-13T18:51:00Z,425.4700012207031,425.4700012207031,425.0150146484375,425.0150146484375,425.0150146484375,745.0,425.4700012207031,425.4700012207031,425.0150146484375,425.0150146484375
2025-11-13T18:52:00Z,425.0150146484375,425.0199890136719,425.0150146484375,425.0150146484375,425.0150146484375,440.0,425.0150146484375,425.0199890136719,425.0150146484375,425.0150146484375
2025-11-13T18:54:00Z,424.3999938964844,424.4100036621094,424.3999938964844,424.4100036621094,424.4100036621094,418.0,424.3999938964844,424.4100036621094,424.3999938964844,424.4100036621094
2025-11-13T18:55:00Z,423.56500244140625,423.56500244140625,423.2099914550781,423.2099914550781,423.2099914550781,332.0,423.56500244140625,423.56500244140625,423.2099914550781,423.2099914550781
2025-11-13T18:56:00Z,423.2099914550781,424.05999755859375,423.2049865722656,423.54998779296875,423.54998779296875,941.0,423.2099914550781,424.05999755859375,423.2049865722656,423.54998779296875
2025-11-13T18:59:00Z,423.2950134277344,423.2950134277344,423.2950134277344,423.2950134277344,423.2950134277344,591.0,423.2950134277344,423.2950134277344,423.2950134277344,423.2950134277344
2025-11-13T19:01:00Z,423.2950134277344,423.4800109863281,423.2950134277344,423.40008544921875,423.40008544921875,421.0,423.2950134277344,423.4800109863281,423.2950134277344,423.40008544921875
2025-11-13T19:02:00Z,423.5849914550781,423.5849914550781,422.5775146484375,422.5775146484375,422.5775146484375,854.0,423.5849914550781,423.5849914550781,422.5775146484375,422.5775146484375
2025-11-13T19:03:00Z,422.2650146484375,422.2650146484375,422.07000732421875,422.07000732421875,422.07000732421875,596.0,422.2650146484375,422.2650146484375,422.07000732421875,422.07000732421875
2025-11-13T19:04:00Z,422.75,423.239990234375,422.75,422.9100036621094,422.9100036621094,569.0,422.75,423.239990234375,422.75,422.9100036621094
2025-11-13T19:05:00Z,423.239990234375,423.4599914550781,423.0799865722656,423.0799865722656,423.0799865722656,1688.0,423.239990234375,423.4599914550781,423.0799865722656,423.0799865722656
2025-11-13T19:06:00Z,423.1050109863281,423.1050109863281,423.1050109863281,423.1050109863281,423.1050109863281,126.0,423.1050109863281,423.1050109863281,423.1050109863281,423.1050109863281
2025-11-13T19:07:00Z,423.07000732421875,423.0799865722656,423.07000732421875,423.0799865722656,423.0799865722656,484.0,423.07000732421875,423.0799865722656,423.07000732421875,423.0799865722656
2025-11-13T19:09:00Z,422.80499267578125,423.25,422.79998779296875,423.0299987792969,423.0299987792969,1106.0,422.80499267578125,423.25,422.79998779296875,423.0299987792969
2025-11-13T19:11:00Z,423.80999755859375,423.80999755859375,423.7099914550781,423.7099914550781,423.7099914550781,276.0,423.80999755859375,423.80999755859375,423.7099914550781,423.7099914550781
2025-11-13T19:12:00Z,423.135009765625,423.135009765625,423.135009765625,423.135009765625,423.135009765625,478.0,423.135009765625,423.135009765625,423.135009765625,423.135009765625
2025-11-13T19:15:00Z,423.1199951171875,423.1199951171875,423.1199951171875,423.1199951171875,423.1199951171875,187.0,423.1199951171875,423.1199951171875,423.1199951171875,423.1199951171875
2025-11-13T19:16:00Z,423.8800048828125,424.2300109863281,423.510009765625,423.510009765625,423.510009765625,812.0,423.8800048828125,424.2300109863281,423.510009765625,423.510009765625
2025-11-13T19:17:00Z,424.9100036621094,425.0400085449219,424.9100036621094,425.0400085449219,425.0400085449219,346.0,424.9100036621094,425.0400085449219,424.9100036621094,425.0400085449219
2025-11-13T19:18:00Z,425.0400085449219,425.3800048828125,425.0400085449219,425.3800048828125,425.3800048828125,921.0,425.0400085449219,425.3800048828125,425.0400085449219,425.3800048828125
2025-11-13T19:22:00Z,426.0199890136719,426.5199890136719,426.0199890136719,426.5199890136719,426.5199890136719,917.0,426.0199890136719,426.5199890136719,426.0199890136719,426.5199890136719
2025-11-13T19:26:00Z,426.05999755859375,426.05999755859375,426.05999755859375,426.05999755859375,426.05999755859375,419.0,426.05999755859375,426.05999755859375,426.05999755859375,426.05999755859375
2025-11-13T19:30:00Z,424.8900146484375,424.8900146484375,424.8900146484375,424.8900146484375,424.8900146484375,47.0,424.8900146484375,424.8900146484375,424.8900146484375,424.8900146484375
2025-11-13T19:31:00Z,425.80999755859375,425.80999755859375,425.80999755859375,425.80999755859375,425.80999755859375,542.0,425.80999755859375,425.80999755859375,425.80999755859375,425.80999755859375
2025-11-13T19:32:00Z,425.010009765625,425.010009765625,424.70001220703125,424.70001220703125,424.70001220703125,556.0,425.010009765625,425.010009765625,424.70001220703125,424.70001220703125
2025-11-13T19:33:00Z,425.30999755859375,425.5299987792969,425.30999755859375,425.5299987792969,425.5299987792969,900.0,425.30999755859375,425.5299987792969,425.30999755859375,425.5299987792969
2025-11-13T19:36:00Z,424.7308044433594,424.7308044433594,424.7308044433594,424.7308044433594,424.7308044433594,215.0,424.7308044433594,424.7308044433594,424.7308044433594,424.7308044433594
2025-11-13T19:37:00Z,425.4599914550781,425.4599914550781,425.4599914550781,425.4599914550781,425.4599914550781,97.0,425.4599914550781,425.4599914550781,425.4599914550781,425.4599914550781
2025-11-13T19:38:00Z,425.1099853515625,425.1099853515625,424.8399963378906,424.8399963378906,424.8399963378906,224.0,425.1099853515625,425.1099853515625,424.8399963378906,424.8399963378906
2025-11-13T19:39:00Z,425.0,425.0094909667969,425.0,425.0094909667969,425.0094909667969,879.0,425.0,425.0094909667969,425.0,425.0094909667969
2025-11-13T19:44:00Z,424.9150085449219,424.9150085449219,424.5,424.5,424.5,812.0,424.9150085449219,424.9150085449219,424.5,424.5
2025-11-13T19:46:00Z,424.5,424.9700012207031,424.45001220703125,424.9700012207031,424.9700012207031,1539.0,424.5,424.9700012207031,424.45001220703125,424.9700012207031
2025-11-13T19:47:00Z,424.67999267578125,424.68499755859375,424.6600036621094,424.68499755859375,424.68499755859375,754.0,424.67999267578125,424.68499755859375,424.6600036621094,424.68499755859375
2025-11-13T19:48:00Z,424.5199890136719,424.5199890136719,424.5199890136719,424.5199890136719,424.5199890136719,455.0,424.5199890136719,424.5199890136719,424.5199890136719,424.5199890136719
2025-11-13T19:51:00Z,424.79998779296875,425.010009765625,424.614990234375,424.614990234375,424.614990234375,790.0,424.79998779296875,425.010009765625,424.614990234375,424.614990234375
2025-11-13T19:52:00Z,425.0199890136719,425.07000732421875,425.010009765625,425.07000732421875,425.07000732421875,870.0,425.0199890136719,425.07000732421875,425.010009765625,425.07000732421875
2025-11-13T19:55:00Z,424.760009765625,424.760009765625,424.3299865722656,424.5,424.5,664.0,424.760009765625,424.760009765625,424.3299865722656,424.5
2025-11-13T19:56:00Z,424.9100036621094,424.9100036621094,424.9100036621094,424.9100036621094,424.9100036621094,434.0,424.9100036621094,424.9100036621094,424.9100036621094,424.9100036621094
2025-11-13T19:58:00Z,425.1000061035156,425.20001220703125,425.0899963378906,425.20001220703125,425.20001220703125,853.0,425.1000061035156,425.20001220703125,425.0899963378906,425.20001220703125
2025-11-13T20:02:00Z,424.2300109863281,424.6099853515625,424.2300109863281,424.3399963378906,424.3399963378906,710.0,424.2300109863281,424.6099853515625,424.2300109863281,424.3399963378906
2025-11-13T20:03:00Z,424.4599914550781,424.4599914550781,424.4599914550781,424.4599914550781,424.4599914550781,667.0,424.4599914550781,424.4599914550781,424.4599914550781,424.4599914550781
2025-11-13T20:05:00Z,424.45001220703125,424.4599914550781,423.9599914550781,423.9599914550781,423.9599914550781,2087.0,424.45001220703125,424.4599914550781,423.9599914550781,423.9599914550781
2025-11-13T20:09:00Z,424.69000244140625,424.8500061035156,424.69000244140625,424.8500061035156,424.8500061035156,1684.0,424.69000244140625,424.8500061035156,424.69000244140625,424.8500061035156
2025-11-13T20:16:00Z,424.0899963378906,424.0899963378906,424.0899963378906,424.0899963378906,424.0899963378906,177.0,424.0899963378906,424.0899963378906,424.0899963378906,424.0899963378906
2025-11-13T20:17:00Z,424.0849914550781,424.0849914550781,424.0849914550781,424.0849914550781,424.0849914550781,174.0,424.0849914550781,424.0849914550781,424.0849914550781,424.0849914550781
2025-11-13T20:18:00Z,424.0849914550781,424.8500061035156,424.0849914550781,424.7699890136719,424.7699890136719,1930.0,424.0849914550781,424.8500061035156,424.0849914550781,424.7699890136719
2025-11-13T20:19:00Z,424.3475036621094,424.3475036621094,424.32000732421875,424.32000732421875,424.32000732421875,193.0,424.3475036621094,424.3475036621094,424.32000732421875,424.32000732421875
2025-11-13T20:20:00Z,424.32000732421875,424.7099914550781,424.2799987792969,424.42999267578125,424.42999267578125,3124.0,424.32000732421875,424.7099914550781,424.2799987792969,424.42999267578125
2025-11-13T20:21:00Z,424.70001220703125,424.70001220703125,424.2149963378906,424.5299987792969,424.5299987792969,3026.0,424.70001220703125,424.70001220703125,424.2149963378906,424.5299987792969
2025-11-13T20:22:00Z,423.85101318359375,424.6000061035156,423.8500061035156,424.6000061035156,424.6000061035156,726.0,423.85101318359375,424.6000061035156,423.8500061035156,424.6000061035156
2025-11-13T20:23:00Z,424.0899963378906,424.2300109863281,424.0899963378906,424.2250061035156,424.2250061035156,970.0,424.0899963378906,424.2300109863281,424.0899963378906,424.2250061035156
2025-11-13T20:24:00Z,424.2250061035156,424.2250061035156,423.8500061035156,423.8500061035156,423.8500061035156,1160.0,424.2250061035156,424.2250061035156,423.8500061035156,423.8500061035156
2025-11-13T20:25:00Z,424.2200012207031,424.2200012207031,423.79998779296875,423.79998779296875,423.79998779296875,1937.0,424.2200012207031,424.2200012207031,423.79998779296875,423.79998779296875
2025-11-13T20:26:00Z,423.79998779296875,423.79998779296875,422.68499755859375,423.32000732421875,423.32000732421875,1728.0,423.79998779296875,423.79998779296875,422.68499755859375,423.32000732421875
2025-11-13T20:27:00Z,423.18499755859375,423.42999267578125,423.18499755859375,423.4200134277344,423.4200134277344,732.0,423.18499755859375,423.42999267578125,423.18499755859375,423.4200134277344
2025-11-13T20:28:00Z,423.30499267578125,423.5,423.30499267578125,423.5,423.5,979.0,423.30499267578125,423.5,423.30499267578125,423.5
2025-11-13T20:30:00Z,423.6499938964844,424.1600036621094,423.6499938964844,424.1600036621094,424.1600036621094,1277.0,423.6499938964844,424.1600036621094,423.6499938964844,424.1600036621094
2025-11-13T20:31:00Z,423.9599914550781,423.9599914550781,423.93499755859375,423.93499755859375,423.93499755859375,359.0,423.9599914550781,423.9599914550781,423.93499755859375,423.93499755859375
2025-11-13T20:32:00Z,423.80999755859375,423.80999755859375,423.80999755859375,423.80999755859375,423.80999755859375,361.0,423.80999755859375,423.80999755859375,423.80999755859375,423.80999755859375
2025-11-13T20:33:00Z,423.55999755859375,423.79998779296875,423.45001220703125,423.79998779296875,423.79998779296875,875.0,423.55999755859375,423.79998779296875,423.45001220703125,423.79998779296875
2025-11-13T20:34:00Z,424.010009765625,424.17999267578125,423.8800048828125,424.17999267578125,424.17999267578125,1211.0,424.010009765625,424.17999267578125,423.8800048828125,424.17999267578125
2025-11-13T20:35:00Z,424.2699890136719,424.4800109863281,424.2699890136719,424.4800109863281,424.4800109863281,460.0,424.2699890136719,424.4800109863281,424.2699890136719,424.4800109863281
2025-11-13T20:36:00Z,424.75,424.75,424.7300109863281,424.7300109863281,424.7300109863281,555.0,424.75,424.75,424.7300109863281,424.7300109863281
2025-11-13T20:38:00Z,424.6700134277344,424.94000244140625,424.6700134277344,424.94000244140625,424.94000244140625,918.0,424.6700134277344,424.94000244140625,424.6700134277344,424.94000244140625
2025-11-13T20:39:00Z,425.05499267578125,425.2900085449219,425.05499267578125,425.2900085449219,425.2900085449219,555.0,425.05499267578125,425.2900085449219,425.05499267578125,425.2900085449219
2025-11-13T20:40:00Z,425.42999267578125,425.8299865722656,425.42999267578125,425.80999755859375,425.80999755859375,1503.0,425.42999267578125,425.8299865722656,425.42999267578125,425.80999755859375
2025-11-13T20:41:00Z,425.75,426.0299987792969,425.75,426.0299987792969,426.0299987792969,711.0,425.75,426.0299987792969,425.75,426.0299987792969
2025-11-13T20:42:00Z,425.9200134277344,425.9200134277344,425.4100036621094,425.4100036621094,425.4100036621094,1746.0,425.9200134277344,425.9200134277344,425.4100036621094,425.4100036621094
2025-11-13T20:43:00Z,425.30999755859375,425.30999755859375,425.30999755859375,425.30999755859375,425.30999755859375,99.0,425.30999755859375,425.30999755859375,425.30999755859375,425.30999755859375
2025-11-13T20:44:00Z,425.32000732421875,425.6000061035156,425.2200012207031,425.6000061035156,425.6000061035156,1000.0,425.32000732421875,425.6000061035156,425.2200012207031,425.6000061035156
2025-11-13T20:45:00Z,425.6000061035156,425.6000061035156,425.1600036621094,425.1600036621094,425.1600036621094,728.0,425.6000061035156,425.6000061035156,425.1600036621094,425.1600036621094
2025-11-13T20:46:00Z,425.0299987792969,425.20001220703125,425.0299987792969,425.20001220703125,425.20001220703125,358.0,425.0299987792969,425.20001220703125,425.0299987792969,425.20001220703125
2025-11-13T20:47:00Z,425.3699951171875,425.5799865722656,425.3699951171875,425.5799865722656,425.5799865722656,823.0,425.3699951171875,425.5799865722656,425.3699951171875,425.5799865722656
2025-11-13T20:48:00Z,425.5799865722656,425.5799865722656,425.5199890136719,425.5199890136719,425.5199890136719,694.0,425.5799865722656,425.5799865722656,425.5199890136719,425.5199890136719
2025-11-13T20:49:00Z,425.3399963378906,425.5299987792969,425.3399963378906,425.43499755859375,425.43499755859375,1288.0,425.3399963378906,425.5299987792969,425.3399963378906,425.43499755859375
2025-11-13T20:50:00Z,425.6099853515625,426.2900085449219,425.20001220703125,426.2900085449219,426.2900085449219,3124.0,425.6099853515625,426.2900085449219,425.20001220703125,426.2900085449219
2025-11-13T20:51:00Z,426.1099853515625,426.9599914550781,426.1099853515625,426.79998779296875,426.79998779296875,2064.0,426.1099853515625,426.9599914550781,426.1099853515625,426.79998779296875
2025-11-13T20:52:00Z,426.70001220703125,426.70001220703125,426.1300048828125,426.3999938964844,426.3999938964844,3621.0,426.70001220703125,426.70001220703125,426.1300048828125,426.3999938964844
2025-11-13T20:53:00Z,426.3800048828125,426.6199951171875,426.0150146484375,426.6000061035156,426.6000061035156,1671.0,426.3800048828125,426.6199951171875,426.0150146484375,426.6000061035156
2025-11-13T20:54:00Z,426.6199951171875,426.6199951171875,426.6199951171875,426.6199951171875,426.6199951171875,789.0,426.6199951171875,426.6199951171875,426.6199951171875,426.6199951171875
2025-11-13T20:55:00Z,426.18499755859375,426.5299987792969,426.18499755859375,426.45001220703125,426.45001220703125,3594.0,426.18499755859375,426.5299987792969,426.18499755859375,426.45001220703125
2025-11-13T20:56:00Z,426.2699890136719,426.4200134277344,426.2699890136719,426.4200134277344,426.4200134277344,2355.0,426.2699890136719,426.4200134277344,426.2699890136719,426.4200134277344
2025-11-13T20:57:00Z,426.0299987792969,426.1499938964844,425.3800048828125,425.3800048828125,425.3800048828125,6497.0,426.0299987792969,426.1499938964844,425.3800048828125,425.3800048828125
2025-11-13T20:58:00Z,425.70001220703125,425.760009765625,425.3800048828125,425.3800048828125,425.3800048828125,6643.0,425.70001220703125,425.760009765625,425.3800048828125,425.3800048828125
2025-11-13T20:59:00Z,425.0,425.2250061035156,423.9700012207031,424.5,424.5,9913.0,425.0,425.2250061035156,423.9700012207031,424.5
2025-11-14T14:54:00Z,424.94000244140625,424.94000244140625,424.94000244140625,424.94000244140625,424.94000244140625,153.0,424.94000244140625,424.94000244140625,424.94000244140625,424.94000244140625
2025-11-14T14:58:00Z,424.9200134277344,424.9200134277344,424.9200134277344,424.9200134277344,424.9200134277344,82.0,424.9200134277344,424.9200134277344,424.9200134277344,424.9200134277344
2025-11-14T15:00:00Z,424.44000244140625,424.44000244140625,424.44000244140625,424.44000244140625,424.44000244140625,136.0,424.44000244140625,424.44000244140625,424.44000244140625,424.44000244140625
2025-11-14T15:01:00Z,422.82000732421875,423.67999267578125,422.04998779296875,423.67999267578125,423.67999267578125,956.0,422.82000732421875,423.67999267578125,422.04998779296875,423.67999267578125
2025-11-14T15:02:00Z,421.7200012207031,421.7200012207031,420.7900085449219,420.8324890136719,420.8324890136719,1184.0,421.7200012207031,421.7200012207031,420.7900085449219,420.8324890136719
2025-11-14T15:06:00Z,420.5325012207031,422.57000732421875,420.5325012207031,422.4599914550781,422.4599914550781,367.0,420.5325012207031,422.57000732421875,420.5325012207031,422.4599914550781
2025-11-14T15:09:00Z,423.0,423.0,422.8800048828125,422.8800048828125,422.8800048828125,549.0,423.0,423.0,422.8800048828125,422.8800048828125
2025-11-14T15:11:00Z,422.72509765625,422.72509765625,421.5899963378906,421.5899963378906,421.5899963378906,364.0,422.72509765625,422.72509765625,421.5899963378906,421.5899963378906
2025-11-14T15:13:00Z,423.2200012207031,423.2200012207031,423.2200012207031,423.2200012207031,423.2200012207031,103.0,423.2200012207031,423.2200012207031,423.2200012207031,423.2200012207031
2025-11-14T15:14:00Z,422.0799865722656,422.0799865722656,420.739990234375,420.9100036621094,420.9100036621094,384.0,422.0799865722656,422.0799865722656,420.739990234375,420.9100036621094
2025-11-14T15:16:00Z,420.75,420.7950134277344,420.75,420.7950134277344,420.7950134277344,148.0,420.75,420.7950134277344,420.75,420.7950134277344
2025-11-14T15:19:00Z,420.0,420.0,420.0,420.0,420.0,112.0,420.0,420.0,420.0,420.0
2025-11-14T15:20:00Z,420.5299987792969,420.5299987792969,420.5299987792969,420.5299987792969,420.5299987792969,214.0,420.5299987792969,420.5299987792969,420.5299987792969,420.5299987792969
2025-11-14T15:21:00Z,422.07000732421875,422.1499938964844,422.07000732421875,422.1499938964844,422.1499938964844,343.0,422.07000732421875,422.1499938964844,422.07000732421875,422.1499938964844
2025-11-14T15:23:00Z,422.2550048828125,424.5199890136719,422.0950012207031,424.5199890136719,424.5199890136719,463.0,422.2550048828125,424.5199890136719,422.0950012207031,424.5199890136719
2025-11-14T15:29:00Z,419.5150146484375,419.5150146484375,419.5150146484375,419.5150146484375,419.5150146484375,298.0,419.5150146484375,419.5150146484375,419.5150146484375,419.5150146484375
2025-11-14T15:30:00Z,421.6199951171875,421.6199951171875,421.6199951171875,421.6199951171875,421.6199951171875,194.0,421.6199951171875,421.6199951171875,421.6199951171875,421.6199951171875
2025-11-14T15:33:00Z,420.82000732421875,420.82000732421875,420.82000732421875,420.82000732421875,420.82000732421875,407.0,420.82000732421875,420.82000732421875,420.82000732421875,420.82000732421875
2025-11-14T15:36:00Z,418.07000732421875,418.07000732421875,418.07000732421875,418.07000732421875,418.07000732421875,65.0,418.07000732421875,418.07000732421875,418.07000732421875,418.07000732421875
2025-11-14T15:37:00Z,420.05999755859375,420.05999755859375,420.05999755859375,420.05999755859375,420.05999755859375,280.0,420.05999755859375,420.05999755859375,420.05999755859375,420.05999755859375
2025-11-14T15:40:00Z,418.8699951171875,418.8699951171875,418.8699951171875,418.8699951171875,418.8699951171875,81.0,418.8699951171875,418.8699951171875,418.8699951171875,418.8699951171875
2025-11-14T15:41:00Z,420.05499267578125,420.05499267578125,420.05499267578125,420.05499267578125,420.05499267578125,234.0,420.05499267578125,420.05499267578125,420.05499267578125,420.05499267578125
2025-11-14T15:42:00Z,420.0799865722656,420.4800109863281,420.0799865722656,420.4800109863281,420.4800109863281,915.0,420.0799865722656,420.4800109863281,420.0799865722656,420.4800109863281
2025-11-14T15:48:00Z,420.2900085449219,420.2900085449219,420.2900085449219,420.2900085449219,420.2900085449219,281.0,420.2900085449219,420.2900085449219,420.2900085449219,420.2900085449219
2025-11-14T15:49:00Z,420.6099853515625,420.6099853515625,420.6099853515625,420.6099853515625,420.6099853515625,109.0,420.6099853515625,420.6099853515625,420.6099853515625,420.6099853515625
2025-11-14T15:50:00Z,419.6600036621094,420.32000732421875,419.25,420.32000732421875,420.32000732421875,256.0,419.6600036621094,420.32000732421875,419.25,420.32000732421875
2025-11-14T15:51:00Z,419.239990234375,420.625,419.2300109863281,419.2300109863281,419.2300109863281,345.0,419.239990234375,420.625,419.2300109863281,419.2300109863281
2025-11-14T15:52:00Z,419.2900085449219,420.6199951171875,419.2900085449219,420.2900085449219,420.2900085449219,528.0,419.2900085449219,420.6199951171875,419.2900085449219,420.2900085449219
2025-11-14T15:53:00Z,419.7099914550781,419.7099914550781,419.0,419.1099853515625,419.1099853515625,1119.0,419.7099914550781,419.7099914550781,419.0,419.1099853515625
2025-11-14T15:59:00Z,418.17999267578125,418.3949890136719,417.19000244140625,417.2900085449219,417.2900085449219,1613.0,418.17999267578125,418.3949890136719,417.19000244140625,417.2900085449219
2025-11-14T16:00:00Z,417.4049987792969,418.5,417.2699890136719,418.5,418.5,978.0,417.4049987792969,418.5,417.2699890136719,418.5
2025-11-14T16:01:00Z,416.7149963378906,417.31500244140625,416.7149963378906,417.31500244140625,417.31500244140625,403.0,416.7149963378906,417.31500244140625,416.7149963378906,417.31500244140625
2025-11-14T16:03:00Z,417.82000732421875,419.0,417.31500244140625,418.385009765625,418.385009765625,3712.0,417.82000732421875,419.0,417.31500244140625,418.385009765625
2025-11-14T16:05:00Z,418.760009765625,418.79998779296875,418.0,418.0,418.0,1290.0,418.760009765625,418.79998779296875,418.0,418.0
2025-11-14T16:06:00Z,418.2674865722656,418.2749938964844,418.2674865722656,418.2749938964844,418.2749938964844,262.0,418.2674865722656,418.2749938964844,418.2674865722656,418.2749938964844
2025-11-14T16:07:00Z,419.2900085449219,419.2900085449219,419.2900085449219,419.2900085449219,419.2900085449219,306.0,419.2900085449219,419.2900085449219,419.2900085449219,419.2900085449219
2025-11-14T16:12:00Z,419.6000061035156,420.0198974609375,419.2449951171875,420.0198974609375,420.0198974609375,927.0,419.6000061035156,420.0198974609375,419.2449951171875,420.0198974609375
2025-11-14T16:13:00Z,419.3399963378906,419.8599853515625,419.3399963378906,419.8550109863281,419.8550109863281,810.0,419.3399963378906,419.8599853515625,419.3399963378906,419.8550109863281
2025-11-14T16:14:00Z,419.7200012207031,419.7200012207031,419.7200012207031,419.7200012207031,419.7200012207031,218.0,419.7200012207031,419.7200012207031,419.7200012207031,419.7200012207031
2025-11-14T16:19:00Z,418.8500061035156,419.8550109863281,418.8500061035156,419.8550109863281,419.8550109863281,277.0,418.8500061035156,419.8550109863281,418.8500061035156,419.8550109863281
2025-11-14T16:20:00Z,419.0400085449219,419.57000732421875,418.8299865722656,419.0299987792969,419.0299987792969,1245.0,419.0400085449219,419.57000732421875,418.8299865722656,419.0299987792969
2025-11-14T16:21:00Z,418.8900146484375,419.45001220703125,418.8800048828125,419.45001220703125,419.45001220703125,444.0,418.8900146484375,419.45001220703125,418.8800048828125,419.45001220703125
2025-11-14T16:22:00Z,418.8999938964844,418.8999938964844,418.8999938964844,418.8999938964844,418.8999938964844,296.0,418.8999938964844,418.8999938964844,418.8999938964844,418.8999938964844
2025-11-14T16:25:00Z,420.6000061035156,420.8500061035156,420.1549987792969,420.1549987792969,420.1549987792969,1240.0,420.6000061035156,420.8500061035156,420.1549987792969,420.1549987792969
2025-11-14T16:28:00Z,421.1400146484375,421.1400146484375,421.1400146484375,421.1400146484375,421.1400146484375,496.0,421.1400146484375,421.1400146484375,421.1400146484375,421.1400146484375
2025-11-14T16:29:00Z,420.7799987792969,420.7799987792969,420.05999755859375,420.05999755859375,420.05999755859375,218.0,420.7799987792969,420.7799987792969,420.05999755859375,420.05999755859375
2025-11-14T16:31:00Z,419.95001220703125,420.760009765625,419.95001220703125,420.760009765625,420.760009765625,251.0,419.95001220703125,420.760009765625,419.95001220703125,420.760009765625
2025-11-14T16:32:00Z,420.9750061035156,420.9750061035156,420.9750061035156,420.9750061035156,420.9750061035156,156.0,420.9750061035156,420.9750061035156,420.9750061035156,420.9750061035156
2025-11-14T16:33:00Z,420.8800048828125,421.0,420.8800048828125,421.0,421.0,584.0,420.8800048828125,421.0,420.8800048828125,421.0
2025-11-14T16:34:00Z,420.9750061035156,420.9750061035156,420.9750061035156,420.9750061035156,420.9750061035156,264.0,420.9750061035156,420.9750061035156,420.9750061035156,420.9750061035156
2025-11-14T16:35:00Z,422.0400085449219,422.0400085449219,422.0400085449219,422.0400085449219,422.0400085449219,187.0,422.0400085449219,422.0400085449219,422.0400085449219,422.0400085449219
2025-11-14T16:36:00Z,421.590087890625,422.1549987792969,421.590087890625,422.1549987792969,422.1549987792969,550.0,421.590087890625,422.1549987792969,421.590087890625,422.1549987792969
2025-11-14T16:38:00Z,422.1549987792969,422.1549987792969,421.79998779296875,422.1549987792969,422.1549987792969,518.0,422.1549987792969,422.1549987792969,421.79998779296875,422.1549987792969
2025-11-14T16:39:00Z,421.6000061035156,421.69000244140625,421.5899963378906,421.69000244140625,421.69000244140625,490.0,421.6000061035156,421.69000244140625,421.5899963378906,421.69000244140625
2025-11-14T16:40:00Z,421.5899963378906,421.5899963378906,421.0299987792969,421.0299987792969,421.0299987792969,831.0,421.5899963378906,421.5899963378906,421.0299987792969,421.0299987792969
2025-11-14T16:42:00Z,420.3399963378906,420.3399963378906,420.3399963378906,420.3399963378906,420.3399963378906,233.0,420.3399963378906,420.3399963378906,420.3399963378906,420.3399963378906
2025-11-14T16:43:00Z,420.1499938964844,420.1499938964844,420.1499938964844,420.1499938964844,420.1499938964844,154.0,420.1499938964844,420.1499938964844,420.1499938964844,420.1499938964844
2025-11-14T16:44:00Z,420.42999267578125,420.42999267578125,420.42999267578125,420.42999267578125,420.42999267578125,75.0,420.42999267578125,420.42999267578125,420.42999267578125,420.42999267578125
2025-11-14T16:45:00Z,420.3399963378906,420.3399963378906,420.1000061035156,420.1000061035156,420.1000061035156,294.0,420.3399963378906,420.3399963378906,420.1000061035156,420.1000061035156
2025-11-14T16:46:00Z,419.92999267578125,420.239990234375,419.92999267578125,420.239990234375,420.239990234375,321.0,419.92999267578125,420.239990234375,419.92999267578125,420.239990234375
2025-11-14T16:47:00Z,420.4400939941406,420.4400939941406,419.2799987792969,419.6700134277344,419.6700134277344,581.0,420.4400939941406,420.4400939941406,419.2799987792969,419.6700134277344
2025-11-14T16:49:00Z,420.44000244140625,420.44000244140625,420.1099853515625,420.1099853515625,420.1099853515625,98.0,420.44000244140625,420.44000244140625,420.1099853515625,420.1099853515625
2025-11-14T16:50:00Z,419.2799987792969,419.2799987792969,419.2799987792969,419.2799987792969,419.2799987792969,169.0,419.2799987792969,419.2799987792969,419.2799987792969,419.2799987792969
2025-11-14T16:51:00Z,419.5799865722656,420.1700134277344,419.5799865722656,420.1700134277344,420.1700134277344,181.0,419.5799865722656,420.1700134277344,419.5799865722656,420.1700134277344
2025-11-14T16:52:00Z,419.5799865722656,419.5799865722656,419.5799865722656,419.5799865722656,419.5799865722656,316.0,419.5799865722656,419.5799865722656,419.5799865722656,419.5799865722656
2025-11-14T16:53:00Z,420.5899963378906,420.9700012207031,419.5799865722656,419.8599853515625,419.8599853515625,452.0,420.5899963378906,420.9700012207031,419.5799865722656,419.8599853515625
2025-11-14T16:55:00Z,419.57000732421875,419.989990234375,419.57000732421875,419.989990234375,419.989990234375,260.0,419.57000732421875,419.989990234375,419.57000732421875,419.989990234375
2025-11-14T16:56:00Z,419.57000732421875,419.7699890136719,419.57000732421875,419.7699890136719,419.7699890136719,161.0,419.57000732421875,419.7699890136719,419.57000732421875,419.7699890136719
2025-11-14T16:57:00Z,420.5899963378906,420.5899963378906,420.5899963378906,420.5899963378906,420.5899963378906,70.0,420.5899963378906,420.5899963378906,420.5899963378906,420.5899963378906
2025-11-14T16:58:00Z,419.5799865722656,419.760009765625,419.5799865722656,419.6499938964844,419.6499938964844,284.0,419.5799865722656,419.760009765625,419.5799865722656,419.6499938964844
2025-11-14T17:00:00Z,419.5799865722656,420.7950134277344,419.5799865722656,420.5899963378906,420.5899963378906,4311.0,419.5799865722656,420.7950134277344,419.5799865722656,420.5899963378906
2025-11-14T17:01:00Z,419.5799865722656,419.5799865722656,419.5799865722656,419.5799865722656,419.5799865722656,139.0,419.5799865722656,419.5799865722656,419.5799865722656,419.5799865722656
2025-11-14T17:02:00Z,419.5799865722656,421.0,419.5799865722656,421.0,421.0,300.0,419.5799865722656,421.0,419.5799865722656,421.0
2025-11-14T17:03:00Z,420.3800048828125,420.3800048828125,420.3800048828125,420.3800048828125,420.3800048828125,40.0,420.3800048828125,420.3800048828125,420.3800048828125,420.3800048828125
2025-11-14T17:04:00Z,420.3800048828125,421.2900085449219,420.3800048828125,421.2900085449219,421.2900085449219,2381.0,420.3800048828125,421.2900085449219,420.3800048828125,421.2900085449219
2025-11-14T17:05:00Z,421.0199890136719,421.19000244140625,421.0199890136719,421.19000244140625,421.19000244140625,240.0,421.0199890136719,421.19000244140625,421.0199890136719,421.19000244140625
2025-11-14T17:06:00Z,420.7799987792969,420.7799987792969,419.32000732421875,419.32000732421875,419.32000732421875,748.0,420.7799987792969,420.7799987792969,419.32000732421875,419.32000732421875
2025-11-14T17:07:00Z,418.5400085449219,418.5400085449219,418.5400085449219,418.5400085449219,418.5400085449219,200.0,418.5400085449219,418.5400085449219,418.5400085449219,418.5400085449219
2025-11-14T17:08:00Z,419.989990234375,419.989990234375,419.989990234375,419.989990234375,419.989990234375,107.0,419.989990234375,419.989990234375,419.989990234375,419.989990234375
2025-11-14T17:10:00Z,419.5,420.7958068847656,419.5,420.7958068847656,420.7958068847656,234.0,419.5,420.7958068847656,419.5,420.7958068847656
2025-11-14T17:11:00Z,419.5,420.375,419.5,420.375,420.375,302.0,419.5,420.375,419.5,420.375
2025-11-14T17:12:00Z,419.5,419.5,419.5,419.5,419.5,341.0,419.5,419.5,419.5,419.5
2025-11-14T17:13:00Z,421.29998779296875,421.29998779296875,421.29998779296875,421.29998779296875,421.29998779296875,219.0,421.29998779296875,421.29998779296875,421.29998779296875,421.29998779296875
2025-11-14T17:14:00Z,420.7699890136719,420.8599853515625,420.2099914550781,420.8599853515625,420.8599853515625,483.0,420.7699890136719,420.8599853515625,420.2099914550781,420.8599853515625
2025-11-14T17:15:00Z,420.32000732421875,420.32000732421875,420.32000732421875,420.32000732421875,420.32000732421875,255.0,420.32000732421875,420.32000732421875,420.32000732421875,420.32000732421875
2025-11-14T17:16:00Z,420.32000732421875,420.32000732421875,420.32000732421875,420.32000732421875,420.32000732421875,183.0,420.32000732421875,420.32000732421875,420.32000732421875,420.32000732421875
2025-11-14T17:18:00Z,420.2200012207031,420.2200012207031,420.2200012207031,420.2200012207031,420.2200012207031,137.0,420.2200012207031,420.2200012207031,420.2200012207031,420.2200012207031
2025-11-14T17:20:00Z,420.2200012207031,420.3800048828125,420.1199951171875,420.1199951171875,420.1199951171875,729.0,420.2200012207031,420.3800048828125,420.1199951171875,420.1199951171875
2025-11-14T17:21:00Z,420.1199951171875,420.1199951171875,420.1199951171875,420.1199951171875,420.1199951171875,117.0,420.1199951171875,420.1199951171875,420.1199951171875,420.1199951171875
2025-11-14T17:22:00Z,420.1700134277344,420.19000244140625,420.1199951171875,420.1199951171875,420.1199951171875,338.0,420.1700134277344,420.19000244140625,420.1199951171875,420.1199951171875
2025-11-14T17:23:00Z,420.1199951171875,420.1199951171875,420.1199951171875,420.1199951171875,420.1199951171875,108.0,420.1199951171875,420.1199951171875,420.1199951171875,420.1199951171875
2025-11-14T17:24:00Z,420.6000061035156,420.7099914550781,420.385009765625,420.385009765625,420.385009765625,269.0,420.6000061035156,420.7099914550781,420.385009765625,420.385009765625
2025-11-14T17:25:00Z,420.1199951171875,420.1199951171875,420.1199951171875,420.1199951171875,420.1199951171875,281.0,420.1199951171875,420.1199951171875,420.1199951171875,420.1199951171875
2025-11-14T17:26:00Z,419.80999755859375,419.80999755859375,418.4800109863281,418.4800109863281,418.4800109863281,241.0,419.80999755859375,419.80999755859375,418.4800109863281,418.4800109863281
2025-11-14T17:27:00Z,418.1700134277344,418.1700134277344,418.1700134277344,418.1700134277344,418.1700134277344,123.0,418.1700134277344,418.1700134277344,418.1700134277344,418.1700134277344
2025-11-14T17:28:00Z,418.1700134277344,418.989990234375,418.1700134277344,418.989990234375,418.989990234375,166.0,418.1700134277344,418.989990234375,418.1700134277344,418.989990234375
2025-11-14T17:29:00Z,418.9599914550781,418.9599914550781,418.9599914550781,418.9599914550781,418.9599914550781,182.0,418.9599914550781,418.9599914550781,418.9599914550781,418.9599914550781
2025-11-14T17:30:00Z,418.19000244140625,418.19000244140625,418.19000244140625,418.19000244140625,418.19000244140625,227.0,418.19000244140625,418.19000244140625,418.19000244140625,418.19000244140625
2025-11-14T17:31:00Z,418.2099914550781,418.2099914550781,418.2099914550781,418.2099914550781,418.2099914550781,131.0,418.2099914550781,418.2099914550781,418.2099914550781,418.2099914550781
2025-11-14T17:32:00Z,418.7799987792969,419.43499755859375,418.4700012207031,419.43499755859375,419.43499755859375,371.0,418.7799987792969,419.43499755859375,418.4700012207031,419.43499755859375
2025-11-14T17:33:00Z,418.44000244140625,418.6300048828125,418.44000244140625,418.6300048828125,418.6300048828125,361.0,418.44000244140625,418.6300048828125,418.44000244140625,418.6300048828125
2025-11-14T17:34:00Z,419.5400085449219,419.5400085449219,419.5400085449219,419.5400085449219,419.5400085449219,74.0,419.5400085449219,419.5400085449219,419.5400085449219,419.5400085449219
2025-11-14T17:35:00Z,418.239990234375,419.42999267578125,418.239990234375,418.510009765625,418.510009765625,435.0,418.239990234375,419.42999267578125,418.239990234375,418.510009765625
2025-11-14T17:36:00Z,418.239990234375,418.239990234375,418.239990234375,418.239990234375,418.239990234375,149.0,418.239990234375,418.239990234375,418.239990234375,418.239990234375
2025-11-14T17:38:00Z,419.67498779296875,419.67498779296875,419.2449951171875,419.2900085449219,419.2900085449219,570.0,419.67498779296875,419.67498779296875,419.2449951171875,419.2900085449219
2025-11-14T17:40:00Z,418.3299865722656,418.6600036621094,418.3299865722656,418.6600036621094,418.6600036621094,239.0,418.3299865722656,418.6600036621094,418.3299865722656,418.6600036621094
2025-11-14T17:41:00Z,419.3399963378906,419.3399963378906,418.3299865722656,418.3299865722656,418.3299865722656,163.0,419.3399963378906,419.3399963378906,418.3299865722656,418.3299865722656
2025-11-14T17:42:00Z,419.2900085449219,419.2900085449219,418.3299865722656,418.3299865722656,418.3299865722656,340.0,419.2900085449219,419.2900085449219,418.3299865722656,418.3299865722656
2025-11-14T17:44:00Z,418.9599914550781,419.2900085449219,418.79998779296875,419.2900085449219,419.2900085449219,174.0,418.9599914550781,419.2900085449219,418.79998779296875,419.2900085449219
2025-11-14T17:45:00Z,418.3299865722656,419.6600036621094,418.3299865722656,419.6600036621094,419.6600036621094,530.0,418.3299865722656,419.6600036621094,418.3299865722656,419.6600036621094
2025-11-14T17:47:00Z,419.2900085449219,419.55999755859375,419.0899963378906,419.1099853515625,419.1099853515625,544.0,419.2900085449219,419.55999755859375,419.0899963378906,419.1099853515625
2025-11-14T17:48:00Z,419.0400085449219,419.6400146484375,419.0400085449219,419.6400146484375,419.6400146484375,312.0,419.0400085449219,419.6400146484375,419.0400085449219,419.6400146484375
2025-11-14T17:49:00Z,419.0299987792969,419.0299987792969,419.0299987792969,419.0299987792969,419.0299987792969,152.0,419.0299987792969,419.0299987792969,419.0299987792969,419.0299987792969
2025-11-14T17:50:00Z,419.6400146484375,419.6400146484375,419.0299987792969,419.0299987792969,419.0299987792969,497.0,419.6400146484375,419.6400146484375,419.0299987792969,419.0299987792969
2025-11-14T17:51:00Z,419.62750244140625,419.62750244140625,418.7200012207031,418.7200012207031,418.7200012207031,4172.0,419.62750244140625,419.62750244140625,418.7200012207031,418.7200012207031
2025-11-14T17:52:00Z,418.9150085449219,419.70001220703125,418.9150085449219,419.18499755859375,419.18499755859375,3276.0,418.9150085449219,419.70001220703125,418.9150085449219,419.18499755859375
2025-11-14T17:53:00Z,419.18499755859375,420.25,419.010009765625,419.010009765625,419.010009765625,3950.0,419.18499755859375,420.25,419.010009765625,419.010009765625
2025-11-14T17:54:00Z,419.55999755859375,419.6499938964844,418.9150085449219,419.54998779296875,419.54998779296875,2796.0,419.55999755859375,419.6499938964844,418.9150085449219,419.54998779296875
2025-11-14T17:55:00Z,418.4800109863281,419.54998779296875,418.4800109863281,419.19000244140625,419.19000244140625,7172.0,418.4800109863281,419.54998779296875,418.4800109863281,419.19000244140625
2025-11-14T17:56:00Z,418.9200134277344,419.55999755859375,418.17999267578125,419.2705078125,419.2705078125,6251.0,418.9200134277344,419.55999755859375,418.17999267578125,419.2705078125
2025-11-14T17:57:00Z,419.68499755859375,420.0769958496094,419.68499755859375,420.0769958496094,420.0769958496094,1274.0,419.68499755859375,420.0769958496094,419.68499755859375,420.0769958496094
2025-11-14T17:58:00Z,420.2590026855469,420.2590026855469,420.1400146484375,420.1495056152344,420.1495056152344,492.0,420.2590026855469,420.2590026855469,420.1400146484375,420.1495056152344
2025-11-14T17:59:00Z,420.6199951171875,420.6199951171875,420.2900085449219,420.4284973144531,420.4284973144531,1290.0,420.6199951171875,420.6199951171875,420.2900085449219,420.4284973144531
2025-11-14T18:00:00Z,419.2099914550781,420.17999267578125,419.2099914550781,420.1610107421875,420.1610107421875,415.0,419.2099914550781,420.17999267578125,419.2099914550781,420.1610107421875
2025-11-14T18:01:00Z,418.3399963378906,420.3450012207031,418.3399963378906,420.1300048828125,420.1300048828125,1948.0,418.3399963378906,420.3450012207031,418.3399963378906,420.1300048828125
2025-11-14T18:02:00Z,419.7699890136719,419.7699890136719,419.2900085449219,419.3599853515625,419.3599853515625,2593.0,419.7699890136719,419.7699890136719,419.2900085449219,419.3599853515625
2025-11-14T18:04:00Z,418.8699951171875,418.8699951171875,418.8699951171875,418.8699951171875,418.8699951171875,144.0,418.8699951171875,418.8699951171875,418.8699951171875,418.8699951171875
2025-11-14T18:05:00Z,418.81500244140625,418.81500244140625,418.1700134277344,418.1700134277344,418.1700134277344,334.0,418.81500244140625,418.81500244140625,418.1700134277344,418.1700134277344
2025-11-14T18:06:00Z,418.1700134277344,418.1700134277344,418.1700134277344,418.1700134277344,418.1700134277344,131.0,418.1700134277344,418.1700134277344,418.1700134277344,418.1700134277344
2025-11-14T18:08:00Z,418.5199890136719,418.989990234375,418.5199890136719,418.989990234375,418.989990234375,292.0,418.5199890136719,418.989990234375,418.5199890136719,418.989990234375
2025-11-14T18:10:00Z,418.5299987792969,419.42999267578125,418.5299987792969,419.42999267578125,419.42999267578125,445.0,418.5299987792969,419.42999267578125,418.5299987792969,419.42999267578125
2025-11-14T18:11:00Z,418.5299987792969,419.0,418.5299987792969,419.0,419.0,286.0,418.5299987792969,419.0,418.5299987792969,419.0
2025-11-14T18:12:00Z,419.4599914550781,419.510009765625,419.2200012207031,419.2200012207031,419.2200012207031,587.0,419.4599914550781,419.510009765625,419.2200012207031,419.2200012207031
2025-11-14T18:13:00Z,419.6300048828125,419.6499938964844,419.6300048828125,419.6499938964844,419.6499938964844,373.0,419.6300048828125,419.6499938964844,419.6300048828125,419.6499938964844
2025-11-14T18:14:00Z,419.2699890136719,419.2699890136719,419.2699890136719,419.2699890136719,419.2699890136719,344.0,419.2699890136719,419.2699890136719,419.2699890136719,419.2699890136719
2025-11-14T18:16:00Z,419.635009765625,419.635009765625,419.5199890136719,419.5199890136719,419.5199890136719,272.0,419.635009765625,419.635009765625,419.5199890136719,419.5199890136719
2025-11-14T18:17:00Z,419.6600036621094,419.6600036621094,419.6600036621094,419.6600036621094,419.6600036621094,361.0,419.6600036621094,419.6600036621094,419.6600036621094,419.6600036621094
2025-11-14T18:18:00Z,419.3399963378906,419.3399963378906,419.3399963378906,419.3399963378906,419.3399963378906,293.0,419.3399963378906,419.3399963378906,419.3399963378906,419.3399963378906
2025-11-14T18:20:00Z,419.32000732421875,419.32000732421875,419.0,419.0,419.0,635.0,419.32000732421875,419.32000732421875,419.0,419.0
2025-11-14T18:21:00Z,418.80999755859375,418.80999755859375,418.2099914550781,418.2099914550781,418.2099914550781,1006.0,418.80999755859375,418.80999755859375,418.2099914550781,418.2099914550781
2025-11-14T18:22:00Z,418.2099914550781,418.2101135253906,417.4599914550781,417.4599914550781,417.4599914550781,328.0,418.2099914550781,418.2101135253906,417.4599914550781,417.4599914550781
2025-11-14T18:25:00Z,417.6000061035156,418.2799987792969,417.6000061035156,418.2799987792969,418.2799987792969,385.0,417.6000061035156,418.2799987792969,417.6000061035156,418.2799987792969
2025-11-14T18:26:00Z,417.6000061035156,418.4200134277344,417.6000061035156,418.3800048828125,418.3800048828125,680.0,417.6000061035156,418.4200134277344,417.6000061035156,418.3800048828125
2025-11-14T18:27:00Z,418.6400146484375,418.6400146484375,418.6400146484375,418.6400146484375,418.6400146484375,231.0,418.6400146484375,418.6400146484375,418.6400146484375,418.6400146484375
2025-11-14T18:28:00Z,418.6600036621094,418.6600036621094,418.6600036621094,418.6600036621094,418.6600036621094,174.0,418.6600036621094,418.6600036621094,418.6600036621094,418.6600036621094
2025-11-14T18:29:00Z,418.4049987792969,418.4049987792969,418.4049987792969,418.4049987792969,418.4049987792969,119.0,418.4049987792969,418.4049987792969,418.4049987792969,418.4049987792969
2025-11-14T18:30:00Z,418.9599914550781,419.1600036621094,418.9599914550781,419.06500244140625,419.06500244140625,1317.0,418.9599914550781,419.1600036621094,418.9599914550781,419.06500244140625
2025-11-14T18:31:00Z,418.9700012207031,418.9700012207031,417.9800109863281,417.9800109863281,417.9800109863281,342.0,418.9700012207031,418.9700012207031,417.9800109863281,417.9800109863281
2025-11-14T18:35:00Z,418.1199951171875,418.1199951171875,418.1199951171875,418.1199951171875,418.1199951171875,112.0,418.1199951171875,418.1199951171875,418.1199951171875,418.1199951171875
2025-11-14T18:36:00Z,418.25,418.25,418.25,418.25,418.25,127.0,418.25,418.25,418.25,418.25
2025-11-14T18:37:00Z,418.5199890136719,418.5199890136719,418.5199890136719,418.5199890136719,418.5199890136719,110.0,418.5199890136719,418.5199890136719,418.5199890136719,418.5199890136719
2025-11-14T18:38:00Z,418.3800048828125,418.43499755859375,418.3699951171875,418.3699951171875,418.3699951171875,791.0,418.3800048828125,418.43499755859375,418.3699951171875,418.3699951171875
2025-11-14T18:40:00Z,418.5,418.6474914550781,418.1400146484375,418.3999938964844,418.3999938964844,712.0,418.5,418.6474914550781,418.1400146484375,418.3999938964844
2025-11-14T18:41:00Z,418.5,418.5,418.3999938964844,418.3999938964844,418.3999938964844,367.0,418.5,418.5,418.3999938964844,418.3999938964844
2025-11-14T18:42:00Z,418.5,418.5,418.44000244140625,418.4599914550781,418.4599914550781,605.0,418.5,418.5,418.44000244140625,418.4599914550781
2025-11-14T18:43:00Z,418.5,418.5,417.5,418.2799987792969,418.2799987792969,1799.0,418.5,418.5,417.5,418.2799987792969
2025-11-14T18:44:00Z,418.3699951171875,418.42498779296875,417.5199890136719,417.5199890136719,417.5199890136719,1141.0,418.3699951171875,418.42498779296875,417.5199890136719,417.5199890136719
2025-11-14T18:45:00Z,417.54998779296875,417.54998779296875,417.3699951171875,417.3699951171875,417.3699951171875,435.0,417.54998779296875,417.54998779296875,417.3699951171875,417.3699951171875
2025-11-14T18:46:00Z,416.95001220703125,416.95001220703125,416.760009765625,416.760009765625,416.760009765625,275.0,416.95001220703125,416.95001220703125,416.760009765625,416.760009765625
2025-11-14T18:47:00Z,416.7900085449219,417.1050109863281,416.7900085449219,416.9700012207031,416.9700012207031,498.0,416.7900085449219,417.1050109863281,416.7900085449219,416.9700012207031
2025-11-14T18:48:00Z,416.9700012207031,416.9700012207031,416.9700012207031,416.9700012207031,416.9700012207031,439.0,416.9700012207031,416.9700012207031,416.9700012207031,416.9700012207031
2025-11-14T18:50:00Z,417.3550109863281,417.3550109863281,417.3550109863281,417.3550109863281,417.3550109863281,245.0,417.3550109863281,417.3550109863281,417.3550109863281,417.3550109863281
2025-11-14T18:52:00Z,418.1000061035156,418.1300048828125,418.1000061035156,418.1300048828125,418.1300048828125,456.0,418.1000061035156,418.1300048828125,418.1000061035156,418.1300048828125
2025-11-14T18:54:00Z,418.739990234375,418.739990234375,418.4649963378906,418.4649963378906,418.4649963378906,398.0,418.739990234375,418.739990234375,418.4649963378906,418.4649963378906
2025-11-14T18:55:00Z,418.8999938964844,418.8999938964844,418.8999938964844,418.8999938964844,418.8999938964844,272.0,418.8999938964844,418.8999938964844,418.8999938964844,418.8999938964844
2025-11-14T18:56:00Z,418.6875,418.6875,418.6875,418.6875,418.6875,209.0,418.6875,418.6875,418.6875,418.6875
2025-11-14T18:59:00Z,419.0174865722656,419.0174865722656,419.0174865722656,419.0174865722656,419.0174865722656,117.0,419.0174865722656,419.0174865722656,419.0174865722656,419.0174865722656
2025-11-14T19:01:00Z,419.0350036621094,419.0350036621094,419.0350036621094,419.0350036621094,419.0350036621094,190.0,419.0350036621094,419.0350036621094,419.0350036621094,419.0350036621094
2025-11-14T19:04:00Z,418.9525146484375,418.9525146484375,418.9525146484375,418.9525146484375,418.9525146484375,138.0,418.9525146484375,418.9525146484375,418.9525146484375,418.9525146484375
2025-11-14T19:05:00Z,418.6300048828125,418.6300048828125,418.0400085449219,418.0400085449219,418.0400085449219,374.0,418.6300048828125,418.6300048828125,418.0400085449219,418.0400085449219
2025-11-14T19:06:00Z,418.67999267578125,419.3900146484375,418.67999267578125,419.04998779296875,419.04998779296875,1503.0,418.67999267578125,419.3900146484375,418.67999267578125,419.04998779296875
2025-11-14T19:07:00Z,419.05999755859375,419.05999755859375,419.04998779296875,419.04998779296875,419.04998779296875,535.0,419.05999755859375,419.05999755859375,419.04998779296875,419.04998779296875
2025-11-14T19:10:00Z,419.5,419.5,419.5,419.5,419.5,121.0,419.5,419.5,419.5,419.5
2025-11-14T19:11:00Z,418.8900146484375,418.8900146484375,418.7349853515625,418.7349853515625,418.7349853515625,404.0,418.8900146484375,418.8900146484375,418.7349853515625,418.7349853515625
2025-11-14T19:13:00Z,419.0299987792969,419.5150146484375,419.0299987792969,419.5150146484375,419.5150146484375,273.0,419.0299987792969,419.5150146484375,419.0299987792969,419.5150146484375
2025-11-14T19:15:00Z,419.510009765625,419.5299987792969,419.510009765625,419.5299987792969,419.5299987792969,387.0,419.510009765625,419.5299987792969,419.510009765625,419.5299987792969
2025-11-14T19:17:00Z,419.260009765625,420.07989501953125,419.25,420.07989501953125,420.07989501953125,620.0,419.260009765625,420.07989501953125,419.25,420.07989501953125
2025-11-14T19:20:00Z,419.5273132324219,419.5273132324219,419.5273132324219,419.5273132324219,419.5273132324219,313.0,419.5273132324219,419.5273132324219,419.5273132324219,419.5273132324219
2025-11-14T19:25:00Z,419.5799865722656,419.5799865722656,419.3500061035156,419.3500061035156,419.3500061035156,228.0,419.5799865722656,419.5799865722656,419.3500061035156,419.3500061035156
2025-11-14T19:26:00Z,419.4549865722656,419.4549865722656,419.45001220703125,419.45001220703125,419.45001220703125,420.0,419.4549865722656,419.4549865722656,419.45001220703125,419.45001220703125
2025-11-14T19:29:00Z,419.4549865722656,419.4549865722656,419.4549865722656,419.4549865722656,419.4549865722656,293.0,419.4549865722656,419.4549865722656,419.4549865722656,419.4549865722656
2025-11-14T19:31:00Z,419.45001220703125,419.45001220703125,418.92999267578125,419.1099853515625,419.1099853515625,546.0,419.45001220703125,419.45001220703125,418.92999267578125,419.1099853515625
2025-11-14T19:34:00Z,419.3299865722656,419.3299865722656,419.3299865722656,419.3299865722656,419.3299865722656,340.0,419.3299865722656,419.3299865722656,419.3299865722656,419.3299865722656
2025-11-14T19:35:00Z,419.80499267578125,419.80499267578125,419.80499267578125,419.80499267578125,419.80499267578125,79.0,419.80499267578125,419.80499267578125,419.80499267578125,419.80499267578125
2025-11-14T19:36:00Z,419.32000732421875,419.6099853515625,419.32000732421875,419.6099853515625,419.6099853515625,693.0,419.32000732421875,419.6099853515625,419.32000732421875,419.6099853515625
2025-11-14T19:42:00Z,419.42999267578125,419.44000244140625,419.42999267578125,419.44000244140625,419.44000244140625,160.0,419.42999267578125,419.44000244140625,419.42999267578125,419.44000244140625
2025-11-14T19:43:00Z,419.44000244140625,419.44000244140625,419.44000244140625,419.44000244140625,419.44000244140625,174.0,419.44000244140625,419.44000244140625,419.44000244140625,419.44000244140625
2025-11-14T19:45:00Z,419.44000244140625,419.44000244140625,419.44000244140625,419.44000244140625,419.44000244140625,71.0,419.44000244140625,419.44000244140625,419.44000244140625,419.44000244140625
2025-11-14T19:46:00Z,419.44000244140625,419.44000244140625,419.44000244140625,419.44000244140625,419.44000244140625,200.0,419.44000244140625,419.44000244140625,419.44000244140625,419.44000244140625
2025-11-14T19:48:00Z,419.44000244140625,419.44000244140625,418.8999938964844,419.125,419.125,975.0,419.44000244140625,419.44000244140625,418.8999938964844,419.125
2025-11-14T19:52:00Z,419.125,419.125,419.125,419.125,419.125,50.0,419.125,419.125,419.125,419.125
2025-11-14T19:53:00Z,419.125,419.125,418.9599914550781,418.9599914550781,418.9599914550781,238.0,419.125,419.125,418.9599914550781,418.9599914550781
2025-11-14T19:54:00Z,419.3550109863281,419.3550109863281,419.3550109863281,419.3550109863281,419.3550109863281,241.0,419.3550109863281,419.3550109863281,419.3550109863281,419.3550109863281
2025-11-14T19:57:00Z,419.3550109863281,419.3550109863281,419.3550109863281,419.3550109863281,419.3550109863281,99.0,419.3550109863281,419.3550109863281,419.3550109863281,419.3550109863281
2025-11-14T19:58:00Z,419.3550109863281,419.3550109863281,419.3550109863281,419.3550109863281,419.3550109863281,365.0,419.3550109863281,419.3550109863281,419.3550109863281,419.3550109863281
2025-11-14T20:00:00Z,419.57000732421875,419.57000732421875,418.760009765625,419.19000244140625,419.19000244140625,1250.0,419.57000732421875,419.57000732421875,418.760009765625,419.19000244140625
2025-11-14T20:01:00Z,418.9100036621094,418.9100036621094,418.9100036621094,418.9100036621094,418.9100036621094,304.0,418.9100036621094,418.9100036621094,418.9100036621094,418.9100036621094
2025-11-14T20:02:00Z,419.92999267578125,419.9800109863281,419.447509765625,419.447509765625,419.447509765625,1206.0,419.92999267578125,419.9800109863281,419.447509765625,419.447509765625
2025-11-14T20:03:00Z,419.375,419.375,419.375,419.375,419.375,206.0,419.375,419.375,419.375,419.375
2025-11-14T20:04:00Z,420.010009765625,420.0400085449219,420.010009765625,420.0400085449219,420.0400085449219,591.0,420.010009765625,420.0400085449219,420.010009765625,420.0400085449219
2025-11-14T20:05:00Z,419.5799865722656,419.5799865722656,419.5799865722656,419.5799865722656,419.5799865722656,363.0,419.5799865722656,419.5799865722656,419.5799865722656,419.5799865722656
2025-11-14T20:06:00Z,419.5799865722656,419.5799865722656,419.489990234375,419.489990234375,419.489990234375,347.0,419.5799865722656,419.5799865722656,419.489990234375,419.489990234375
2025-11-14T20:07:00Z,419.5799865722656,419.5799865722656,419.5799865722656,419.5799865722656,419.5799865722656,494.0,419.5799865722656,419.5799865722656,419.5799865722656,419.5799865722656
2025-11-14T20:09:00Z,419.5799865722656,419.5799865722656,419.5799865722656,419.5799865722656,419.5799865722656,172.0,419.5799865722656,419.5799865722656,419.5799865722656,419.5799865722656
2025-11-14T20:11:00Z,419.5799865722656,419.5799865722656,419.5799865722656,419.5799865722656,419.5799865722656,71.0,419.5799865722656,419.5799865722656,419.5799865722656,419.5799865722656
2025-11-14T20:12:00Z,419.04998779296875,419.04998779296875,418.94000244140625,418.94000244140625,418.94000244140625,512.0,419.04998779296875,419.04998779296875,418.94000244140625,418.94000244140625
2025-11-14T20:14:00Z,418.510009765625,418.510009765625,418.510009765625,418.510009765625,418.510009765625,101.0,418.510009765625,418.510009765625,418.510009765625,418.510009765625
2025-11-14T20:15:00Z,418.45001220703125,418.45001220703125,418.45001220703125,418.45001220703125,418.45001220703125,243.0,418.45001220703125,418.45001220703125,418.45001220703125,418.45001220703125
2025-11-14T20:16:00Z,419.010009765625,419.2200012207031,419.010009765625,419.2200012207031,419.2200012207031,655.0,419.010009765625,419.2200012207031,419.010009765625,419.2200012207031
2025-11-14T20:17:00Z,419.2699890136719,419.364990234375,419.2699890136719,419.364990234375,419.364990234375,216.0,419.2699890136719,419.364990234375,419.2699890136719,419.364990234375
2025-11-14T20:18:00Z,418.989990234375,419.0,418.989990234375,419.0,419.0,604.0,418.989990234375,419.0,418.989990234375,419.0
2025-11-14T20:21:00Z,418.8974914550781,419.4100036621094,418.8949890136719,419.4100036621094,419.4100036621094,368.0,418.8974914550781,419.4100036621094,418.8949890136719,419.4100036621094
2025-11-14T20:23:00Z,418.7449951171875,418.7449951171875,418.7449951171875,418.7449951171875,418.7449951171875,190.0,418.7449951171875,418.7449951171875,418.7449951171875,418.7449951171875
2025-11-14T20:24:00Z,418.7449951171875,419.0199890136719,418.7449951171875,419.0199890136719,419.0199890136719,679.0,418.7449951171875,419.0199890136719,418.7449951171875,419.0199890136719
2025-11-14T20:25:00Z,419.4100036621094,419.69500732421875,419.3999938964844,419.4580078125,419.4580078125,957.0,419.4100036621094,419.69500732421875,419.3999938964844,419.4580078125
2025-11-14T20:26:00Z,419.67498779296875,419.67498779296875,419.67498779296875,419.67498779296875,419.67498779296875,511.0,419.67498779296875,419.67498779296875,419.67498779296875,419.67498779296875
2025-11-14T20:27:00Z,419.3999938964844,419.3999938964844,419.3999938964844,419.3999938964844,419.3999938964844,932.0,419.3999938964844,419.3999938964844,419.3999938964844,419.3999938964844
2025-11-14T20:31:00Z,418.7250061035156,418.7250061035156,418.7250061035156,418.7250061035156,418.7250061035156,141.0,418.7250061035156,418.7250061035156,418.7250061035156,418.7250061035156
2025-11-14T20:32:00Z,419.0899963378906,419.0899963378906,418.7200012207031,418.8399963378906,418.8399963378906,411.0,419.0899963378906,419.0899963378906,418.7200012207031,418.8399963378906
2025-11-14T20:33:00Z,418.7799987792969,418.7799987792969,418.7250061035156,418.7250061035156,418.7250061035156,253.0,418.7799987792969,418.7799987792969,418.7250061035156,418.7250061035156
2025-11-14T20:34:00Z,419.0400085449219,419.0400085449219,418.9200134277344,418.9200134277344,418.9200134277344,280.0,419.0400085449219,419.0400085449219,418.9200134277344,418.9200134277344
2025-11-14T20:35:00Z,418.8999938964844,419.0299987792969,418.8999938964844,418.9750061035156,418.9750061035156,692.0,418.8999938964844,419.0299987792969,418.8999938964844,418.9750061035156
2025-11-14T20:36:00Z,419.1700134277344,419.6600036621094,419.1700134277344,419.6600036621094,419.6600036621094,2195.0,419.1700134277344,419.6600036621094,419.1700134277344,419.6600036621094
2025-11-14T20:37:00Z,419.45001220703125,419.45001220703125,419.1300048828125,419.1300048828125,419.1300048828125,812.0,419.45001220703125,419.45001220703125,419.1300048828125,419.1300048828125
2025-11-14T20:38:00Z,419.2799987792969,419.30999755859375,419.2799987792969,419.30999755859375,419.30999755859375,316.0,419.2799987792969,419.30999755859375,419.2799987792969,419.30999755859375
2025-11-14T20:39:00Z,418.3900146484375,419.57000732421875,418.3900146484375,419.5150146484375,419.5150146484375,908.0,418.3900146484375,419.57000732421875,418.3900146484375,419.5150146484375
2025-11-14T20:40:00Z,419.7699890136719,419.7699890136719,419.55999755859375,419.55999755859375,419.55999755859375,512.0,419.7699890136719,419.7699890136719,419.55999755859375,419.55999755859375
2025-11-14T20:41:00Z,419.4599914550781,419.6700134277344,419.4599914550781,419.6300048828125,419.6300048828125,1103.0,419.4599914550781,419.6700134277344,419.4599914550781,419.6300048828125
2025-11-14T20:42:00Z,419.5899963378906,419.5899963378906,419.5899963378906,419.5899963378906,419.5899963378906,478.0,419.5899963378906,419.5899963378906,419.5899963378906,419.5899963378906
2025-11-14T20:43:00Z,419.29998779296875,419.42999267578125,419.29998779296875,419.32598876953125,419.32598876953125,731.0,419.29998779296875,419.42999267578125,419.29998779296875,419.32598876953125
2025-11-14T20:45:00Z,419.2900085449219,419.2900085449219,418.6029968261719,419.20001220703125,419.20001220703125,2643.0,419.2900085449219,419.2900085449219,418.6029968261719,419.20001220703125
2025-11-14T20:46:00Z,419.3999938964844,419.5799865722656,419.30999755859375,419.5799865722656,419.5799865722656,935.0,419.3999938964844,419.5799865722656,419.30999755859375,419.5799865722656
2025-11-14T20:47:00Z,419.489990234375,419.489990234375,419.1499938964844,419.1499938964844,419.1499938964844,392.0,419.489990234375,419.489990234375,419.1499938964844,419.1499938964844
2025-11-14T20:48:00Z,419.2099914550781,419.2099914550781,419.1700134277344,419.1700134277344,419.1700134277344,336.0,419.2099914550781,419.2099914550781,419.1700134277344,419.1700134277344
2025-11-14T20:49:00Z,419.45001220703125,419.57000732421875,419.45001220703125,419.5400085449219,419.5400085449219,990.0,419.45001220703125,419.57000732421875,419.45001220703125,419.5400085449219
2025-11-14T20:50:00Z,419.3699951171875,419.6199951171875,419.3699951171875,419.385009765625,419.385009765625,1437.0,419.3699951171875,419.6199951171875,419.3699951171875,419.385009765625
2025-11-14T20:51:00Z,419.385009765625,420.05999755859375,419.385009765625,419.9599914550781,419.9599914550781,2986.0,419.385009765625,420.05999755859375,419.385009765625,419.9599914550781
2025-11-14T20:52:00Z,419.9599914550781,420.0400085449219,419.7550964355469,420.0400085449219,420.0400085449219,1095.0,419.9599914550781,420.0400085449219,419.7550964355469,420.0400085449219
2025-11-14T20:53:00Z,419.7825012207031,420.0199890136719,419.7650146484375,419.7650146484375,419.7650146484375,774.0,419.7825012207031,420.0199890136719,419.7650146484375,419.7650146484375
2025-11-14T20:54:00Z,419.6000061035156,419.7650146484375,418.70001220703125,418.9549865722656,418.9549865722656,2685.0,419.6000061035156,419.7650146484375,418.70001220703125,418.9549865722656
2025-11-14T20:55:00Z,418.9599914550781,419.1300048828125,418.8699951171875,419.0950012207031,419.0950012207031,2602.0,418.9599914550781,419.1300048828125,418.8699951171875,419.0950012207031
2025-11-14T20:56:00Z,418.94000244140625,419.0199890136719,418.05999755859375,418.2200012207031,418.2200012207031,4241.0,418.94000244140625,419.0199890136719,418.05999755859375,418.2200012207031
2025-11-14T20:57:00Z,418.2699890136719,418.489990234375,418.1600036621094,418.25,418.25,3853.0,418.2699890136719,418.489990234375,418.1600036621094,418.25
2025-11-14T20:58:00Z,418.3699951171875,418.67999267578125,418.04998779296875,418.29998779296875,418.29998779296875,5252.0,418.3699951171875,418.67999267578125,418.04998779296875,418.29998779296875
2025-11-14T20:59:00Z,418.3599853515625,419.0,418.0199890136719,419.0,419.0,8620.0,418.3599853515625,419.0,418.0199890136719,419.0
2025-11-17T14:30:00Z,418.92999267578125,418.92999267578125,418.92999267578125,418.92999267578125,418.92999267578125,2477.0,418.92999267578125,418.92999267578125,418.92999267578125,418.92999267578125
2025-11-17T14:31:00Z,418.9825134277344,418.9825134277344,418.9825134277344,418.9825134277344,418.9825134277344,80.0,418.9825134277344,418.9825134277344,418.9825134277344,418.9825134277344
2025-11-17T14:38:00Z,412.54998779296875,414.29998779296875,412.3999938964844,414.29998779296875,414.29998779296875,611.0,412.54998779296875,414.29998779296875,412.3999938964844,414.29998779296875
2025-11-17T14:40:00Z,415.29998779296875,415.29998779296875,415.29998779296875,415.29998779296875,415.29998779296875,75.0,415.29998779296875,415.29998779296875,415.29998779296875,415.29998779296875
2025-11-17T14:41:00Z,415.30999755859375,415.30999755859375,415.30999755859375,415.30999755859375,415.30999755859375,78.0,415.30999755859375,415.30999755859375,415.30999755859375,415.30999755859375
2025-11-17T14:44:00Z,415.625,415.625,414.69000244140625,414.69000244140625,414.69000244140625,268.0,415.625,415.625,414.69000244140625,414.69000244140625
2025-11-17T14:45:00Z,414.55499267578125,414.55499267578125,414.55499267578125,414.55499267578125,414.55499267578125,182.0,414.55499267578125,414.55499267578125,414.55499267578125,414.55499267578125
2025-11-17T14:48:00Z,417.0,417.0,416.8800048828125,416.8800048828125,416.8800048828125,340.0,417.0,417.0,416.8800048828125,416.8800048828125
2025-11-17T14:49:00Z,416.70001220703125,416.70001220703125,416.70001220703125,416.70001220703125,416.70001220703125,275.0,416.70001220703125,416.70001220703125,416.70001220703125,416.70001220703125
2025-11-17T14:50:00Z,416.1000061035156,418.69000244140625,416.1000061035156,418.510009765625,418.510009765625,642.0,416.1000061035156,418.69000244140625,416.1000061035156,418.510009765625
2025-11-17T14:51:00Z,418.5,418.5,418.5,418.5,418.5,116.0,418.5,418.5,418.5,418.5
2025-11-17T14:52:00Z,418.9599914550781,418.9599914550781,418.9599914550781,418.9599914550781,418.9599914550781,98.0,418.9599914550781,418.9599914550781,418.9599914550781,418.9599914550781
2025-11-17T14:53:00Z,418.54998779296875,418.95001220703125,418.54998779296875,418.95001220703125,418.95001220703125,323.0,418.54998779296875,418.95001220703125,418.54998779296875,418.95001220703125
2025-11-17T14:54:00Z,420.6199951171875,420.6199951171875,420.6199951171875,420.6199951171875,420.6199951171875,127.0,420.6199951171875,420.6199951171875,420.6199951171875,420.6199951171875
2025-11-17T14:55:00Z,419.114990234375,419.114990234375,419.114990234375,419.114990234375,419.114990234375,160.0,419.114990234375,419.114990234375,419.114990234375,419.114990234375
2025-11-17T14:58:00Z,417.30999755859375,417.30999755859375,417.30999755859375,417.30999755859375,417.30999755859375,177.0,417.30999755859375,417.30999755859375,417.30999755859375,417.30999755859375
2025-11-17T14:59:00Z,417.29998779296875,417.29998779296875,417.29998779296875,417.29998779296875,417.29998779296875,191.0,417.29998779296875,417.29998779296875,417.29998779296875,417.29998779296875
2025-11-17T15:04:00Z,416.3999938964844,416.3999938964844,416.3999938964844,416.3999938964844,416.3999938964844,299.0,416.3999938964844,416.3999938964844,416.3999938964844,416.3999938964844
2025-11-17T15:08:00Z,416.3999938964844,416.3999938964844,416.3999938964844,416.3999938964844,416.3999938964844,420.0,416.3999938964844,416.3999938964844,416.3999938964844,416.3999938964844
2025-11-17T15:09:00Z,415.3699951171875,415.3699951171875,415.3500061035156,415.3500061035156,415.3500061035156,186.0,415.3699951171875,415.3699951171875,415.3500061035156,415.3500061035156
2025-11-17T15:10:00Z,415.875,415.875,415.875,415.875,415.875,555.0,415.875,415.875,415.875,415.875
2025-11-17T15:16:00Z,413.32000732421875,413.32000732421875,413.32000732421875,413.32000732421875,413.32000732421875,417.0,413.32000732421875,413.32000732421875,413.32000732421875,413.32000732421875
2025-11-17T15:20:00Z,413.32000732421875,415.7699890136719,413.32000732421875,414.8299865722656,414.8299865722656,1690.0,413.32000732421875,415.7699890136719,413.32000732421875,414.8299865722656
2025-11-17T15:21:00Z,414.8299865722656,414.8299865722656,414.8299865722656,414.8299865722656,414.8299865722656,282.0,414.8299865722656,414.8299865722656,414.8299865722656,414.8299865722656
2025-11-17T15:25:00Z,414.9700012207031,415.0299987792969,412.4700012207031,412.4700012207031,412.4700012207031,257.0,414.9700012207031,415.0299987792969,412.4700012207031,412.4700012207031
2025-11-17T15:31:00Z,412.67999267578125,414.32501220703125,411.1700134277344,414.32501220703125,414.32501220703125,1853.0,412.67999267578125,414.32501220703125,411.1700134277344,414.32501220703125
2025-11-17T15:35:00Z,412.7749938964844,412.7749938964844,412.7749938964844,412.7749938964844,412.7749938964844,193.0,412.7749938964844,412.7749938964844,412.7749938964844,412.7749938964844
2025-11-17T15:39:00Z,412.6650085449219,412.6650085449219,412.6650085449219,412.6650085449219,412.6650085449219,366.0,412.6650085449219,412.6650085449219,412.6650085449219,412.6650085449219
2025-11-17T15:44:00Z,414.19000244140625,415.1600036621094,414.1300048828125,414.9599914550781,414.9599914550781,1330.0,414.19000244140625,415.1600036621094,414.1300048828125,414.9599914550781
2025-11-17T15:53:00Z,414.2300109863281,414.2300109863281,414.2300109863281,414.2300109863281,414.2300109863281,146.0,414.2300109863281,414.2300109863281,414.2300109863281,414.2300109863281
2025-11-17T15:54:00Z,414.80999755859375,415.8599853515625,414.42999267578125,414.42999267578125,414.42999267578125,532.0,414.80999755859375,415.8599853515625,414.42999267578125,414.42999267578125
2025-11-17T15:57:00Z,413.8299865722656,414.30499267578125,413.69000244140625,414.2124938964844,414.2124938964844,1196.0,413.8299865722656,414.30499267578125,413.69000244140625,414.2124938964844
2025-11-17T16:00:00Z,413.385009765625,413.385009765625,413.385009765625,413.385009765625,413.385009765625,165.0,413.385009765625,413.385009765625,413.385009765625,413.385009765625
2025-11-17T16:01:00Z,413.67999267578125,413.67999267578125,413.2550048828125,413.2550048828125,413.2550048828125,235.0,413.67999267578125,413.67999267578125,413.2550048828125,413.2550048828125
2025-11-17T16:02:00Z,413.9800109863281,413.9800109863281,413.9800109863281,413.9800109863281,413.9800109863281,86.0,413.9800109863281,413.9800109863281,413.9800109863281,413.9800109863281
2025-11-17T16:03:00Z,415.05999755859375,415.05999755859375,415.05999755859375,415.05999755859375,415.05999755859375,116.0,415.05999755859375,415.05999755859375,415.05999755859375,415.05999755859375
2025-11-17T16:04:00Z,415.05999755859375,415.05999755859375,413.44000244140625,413.44000244140625,413.44000244140625,218.0,415.05999755859375,415.05999755859375,413.44000244140625,413.44000244140625
2025-11-17T16:05:00Z,413.43499755859375,413.43499755859375,413.43499755859375,413.43499755859375,413.43499755859375,222.0,413.43499755859375,413.43499755859375,413.43499755859375,413.43499755859375
2025-11-17T16:09:00Z,413.43499755859375,413.43499755859375,413.43499755859375,413.43499755859375,413.43499755859375,279.0,413.43499755859375,413.43499755859375,413.43499755859375,413.43499755859375
2025-11-17T16:12:00Z,412.7799987792969,412.8800048828125,412.7799987792969,412.8800048828125,412.8800048828125,144.0,412.7799987792969,412.8800048828125,412.7799987792969,412.8800048828125
2025-11-17T16:13:00Z,412.7799987792969,412.7799987792969,412.7799987792969,412.7799987792969,412.7799987792969,200.0,412.7799987792969,412.7799987792969,412.7799987792969,412.7799987792969
2025-11-17T16:16:00Z,412.7799987792969,412.7799987792969,412.7799987792969,412.7799987792969,412.7799987792969,84.0,412.7799987792969,412.7799987792969,412.7799987792969,412.7799987792969
2025-11-17T16:17:00Z,412.7799987792969,412.79998779296875,412.7799987792969,412.7799987792969,412.7799987792969,220.0,412.7799987792969,412.79998779296875,412.7799987792969,412.7799987792969
2025-11-17T16:18:00Z,412.7799987792969,413.69000244140625,412.7799987792969,413.69000244140625,413.69000244140625,595.0,412.7799987792969,413.69000244140625,412.7799987792969,413.69000244140625
2025-11-17T16:21:00Z,413.75,413.80999755859375,412.92498779296875,413.4200134277344,413.4200134277344,1564.0,413.75,413.80999755859375,412.92498779296875,413.4200134277344
2025-11-17T16:22:00Z,413.4100036621094,413.4100036621094,413.4100036621094,413.4100036621094,413.4100036621094,77.0,413.4100036621094,413.4100036621094,413.4100036621094,413.4100036621094
2025-11-17T16:24:00Z,412.6099853515625,412.6099853515625,412.6099853515625,412.6099853515625,412.6099853515625,112.0,412.6099853515625,412.6099853515625,412.6099853515625,412.6099853515625
2025-11-17T16:26:00Z,413.3699951171875,413.3699951171875,413.3699951171875,413.3699951171875,413.3699951171875,213.0,413.3699951171875,413.3699951171875,413.3699951171875,413.3699951171875
2025-11-17T16:29:00Z,413.3800048828125,414.0400085449219,413.3800048828125,413.8550109863281,413.8550109863281,352.0,413.3800048828125,414.0400085449219,413.3800048828125,413.8550109863281
2025-11-17T16:31:00Z,413.5924987792969,413.5924987792969,413.5924987792969,413.5924987792969,413.5924987792969,250.0,413.5924987792969,413.5924987792969,413.5924987792969,413.5924987792969
2025-11-17T16:32:00Z,414.8299865722656,414.8399963378906,414.30499267578125,414.5899963378906,414.5899963378906,912.0,414.8299865722656,414.8399963378906,414.30499267578125,414.5899963378906
2025-11-17T16:34:00Z,414.1400146484375,414.1400146484375,414.1300048828125,414.1400146484375,414.1400146484375,355.0,414.1400146484375,414.1400146484375,414.1300048828125,414.1400146484375
2025-11-17T16:35:00Z,414.1400146484375,414.1400146484375,414.1400146484375,414.1400146484375,414.1400146484375,471.0,414.1400146484375,414.1400146484375,414.1400146484375,414.1400146484375
2025-11-17T16:39:00Z,414.5799865722656,414.5799865722656,414.5799865722656,414.5799865722656,414.5799865722656,278.0,414.5799865722656,414.5799865722656,414.5799865722656,414.5799865722656
2025-11-17T16:41:00Z,415.1199951171875,415.1199951171875,415.1199951171875,415.1199951171875,415.1199951171875,129.0,415.1199951171875,415.1199951171875,415.1199951171875,415.1199951171875
2025-11-17T16:43:00Z,414.92498779296875,414.9800109863281,414.9200134277344,414.9800109863281,414.9800109863281,528.0,414.92498779296875,414.9800109863281,414.9200134277344,414.9800109863281
2025-11-17T16:44:00Z,414.92498779296875,414.92498779296875,414.92498779296875,414.92498779296875,414.92498779296875,154.0,414.92498779296875,414.92498779296875,414.92498779296875,414.92498779296875
2025-11-17T16:46:00Z,414.364990234375,414.364990234375,414.364990234375,414.364990234375,414.364990234375,60.0,414.364990234375,414.364990234375,414.364990234375,414.364990234375
2025-11-17T16:47:00Z,414.4809875488281,414.4809875488281,414.4809875488281,414.4809875488281,414.4809875488281,251.0,414.4809875488281,414.4809875488281,414.4809875488281,414.4809875488281
2025-11-17T16:49:00Z,414.364990234375,414.364990234375,414.364990234375,414.364990234375,414.364990234375,205.0,414.364990234375,414.364990234375,414.364990234375,414.364990234375
2025-11-17T16:51:00Z,415.0299987792969,415.0799865722656,414.4200134277344,415.0199890136719,415.0199890136719,759.0,415.0299987792969,415.0799865722656,414.4200134277344,415.0199890136719
2025-11-17T16:52:00Z,414.92999267578125,414.92999267578125,414.92999267578125,414.92999267578125,414.92999267578125,249.0,414.92999267578125,414.92999267578125,414.92999267578125,414.92999267578125
2025-11-17T16:55:00Z,415.2300109863281,415.2699890136719,415.2300109863281,415.2699890136719,415.2699890136719,187.0,415.2300109863281,415.2699890136719,415.2300109863281,415.2699890136719
2025-11-17T16:57:00Z,415.260009765625,415.2699890136719,415.260009765625,415.2699890136719,415.2699890136719,219.0,415.260009765625,415.2699890136719,415.260009765625,415.2699890136719
2025-11-17T16:59:00Z,414.6499938964844,414.6499938964844,414.5,414.5,414.5,1086.0,414.6499938964844,414.6499938964844,414.5,414.5
2025-11-17T17:00:00Z,414.5,414.5,414.5,414.5,414.5,76.0,414.5,414.5,414.5,414.5
2025-11-17T17:01:00Z,413.989990234375,413.989990234375,413.989990234375,413.989990234375,413.989990234375,187.0,413.989990234375,413.989990234375,413.989990234375,413.989990234375
2025-11-17T17:02:00Z,414.75,414.75,414.75,414.75,414.75,193.0,414.75,414.75,414.75,414.75
2025-11-17T17:04:00Z,414.75,414.75,414.75,414.75,414.75,351.0,414.75,414.75,414.75,414.75
2025-11-17T17:06:00Z,414.9649963378906,414.9649963378906,414.9024963378906,414.9024963378906,414.9024963378906,368.0,414.9649963378906,414.9649963378906,414.9024963378906,414.9024963378906
2025-11-17T17:07:00Z,414.9649963378906,414.9649963378906,414.9649963378906,414.9649963378906,414.9649963378906,117.0,414.9649963378906,414.9649963378906,414.9649963378906,414.9649963378906
2025-11-17T17:11:00Z,414.92999267578125,414.92999267578125,414.1600036621094,414.1600036621094,414.1600036621094,263.0,414.92999267578125,414.92999267578125,414.1600036621094,414.1600036621094
2025-11-17T17:16:00Z,414.3900146484375,414.80499267578125,414.3900146484375,414.80499267578125,414.80499267578125,230.0,414.3900146484375,414.80499267578125,414.3900146484375,414.80499267578125
2025-11-17T17:18:00Z,414.69000244140625,414.69000244140625,414.69000244140625,414.69000244140625,414.69000244140625,222.0,414.69000244140625,414.69000244140625,414.69000244140625,414.69000244140625
2025-11-17T17:21:00Z,414.5899963378906,414.5899963378906,414.5899963378906,414.5899963378906,414.5899963378906,119.0,414.5899963378906,414.5899963378906,414.5899963378906,414.5899963378906
2025-11-17T17:22:00Z,413.8297119140625,413.8297119140625,413.8297119140625,413.8297119140625,413.8297119140625,144.0,413.8297119140625,413.8297119140625,413.8297119140625,413.8297119140625
2025-11-17T17:23:00Z,414.1000061035156,414.1000061035156,414.1000061035156,414.1000061035156,414.1000061035156,132.0,414.1000061035156,414.1000061035156,414.1000061035156,414.1000061035156
2025-11-17T17:25:00Z,414.1000061035156,414.1000061035156,414.1000061035156,414.1000061035156,414.1000061035156,219.0,414.1000061035156,414.1000061035156,414.1000061035156,414.1000061035156
2025-11-17T17:28:00Z,413.7300109863281,413.80999755859375,413.5199890136719,413.5199890136719,413.5199890136719,608.0,413.7300109863281,413.80999755859375,413.5199890136719,413.5199890136719
2025-11-17T17:29:00Z,414.67999267578125,414.67999267578125,413.8699951171875,413.9599914550781,413.9599914550781,491.0,414.67999267578125,414.67999267578125,413.8699951171875,413.9599914550781
2025-11-17T17:33:00Z,413.3030090332031,414.67999267578125,413.3030090332031,414.67999267578125,414.67999267578125,448.0,413.3030090332031,414.67999267578125,413.3030090332031,414.67999267578125
2025-11-17T17:34:00Z,414.69000244140625,414.7099914550781,414.5950012207031,414.6000061035156,414.6000061035156,465.0,414.69000244140625,414.7099914550781,414.5950012207031,414.6000061035156
2025-11-17T17:36:00Z,414.30999755859375,414.30999755859375,414.30999755859375,414.30999755859375,414.30999755859375,100.0,414.30999755859375,414.30999755859375,414.30999755859375,414.30999755859375
2025-11-17T17:37:00Z,414.5502014160156,415.760009765625,414.5502014160156,415.760009765625,415.760009765625,707.0,414.5502014160156,415.760009765625,414.5502014160156,415.760009765625
2025-11-17T17:38:00Z,414.8399963378906,414.8399963378906,414.8399963378906,414.8399963378906,414.8399963378906,169.0,414.8399963378906,414.8399963378906,414.8399963378906,414.8399963378906
2025-11-17T17:40:00Z,414.8299865722656,414.8299865722656,414.8299865722656,414.8299865722656,414.8299865722656,145.0,414.8299865722656,414.8299865722656,414.8299865722656,414.8299865722656
2025-11-17T17:41:00Z,414.7699890136719,414.7699890136719,414.4200134277344,414.4200134277344,414.4200134277344,102.0,414.7699890136719,414.7699890136719,414.4200134277344,414.4200134277344
2025-11-17T17:42:00Z,414.8299865722656,414.8299865722656,414.8299865722656,414.8299865722656,414.8299865722656,81.0,414.8299865722656,414.8299865722656,414.8299865722656,414.8299865722656
2025-11-17T17:44:00Z,414.510009765625,414.510009765625,413.7799987792969,413.7799987792969,413.7799987792969,174.0,414.510009765625,414.510009765625,413.7799987792969,413.7799987792969
2025-11-17T17:46:00Z,413.7799987792969,413.7799987792969,413.7799987792969,413.7799987792969,413.7799987792969,80.0,413.7799987792969,413.7799987792969,413.7799987792969,413.7799987792969
2025-11-17T17:49:00Z,414.7099914550781,414.7099914550781,414.7099914550781,414.7099914550781,414.7099914550781,192.0,414.7099914550781,414.7099914550781,414.7099914550781,414.7099914550781
2025-11-17T17:52:00Z,414.7099914550781,414.7099914550781,414.7099914550781,414.7099914550781,414.7099914550781,43.0,414.7099914550781,414.7099914550781,414.7099914550781,414.7099914550781
2025-11-17T17:53:00Z,413.5400085449219,413.5400085449219,413.5400085449219,413.5400085449219,413.5400085449219,124.0,413.5400085449219,413.5400085449219,413.5400085449219,413.5400085449219
2025-11-17T17:55:00Z,414.1099853515625,414.7101135253906,413.5299987792969,413.5299987792969,413.5299987792969,820.0,414.1099853515625,414.7101135253906,413.5299987792969,413.5299987792969
2025-11-17T17:57:00Z,413.55999755859375,413.55999755859375,413.55999755859375,413.55999755859375,413.55999755859375,303.0,413.55999755859375,413.55999755859375,413.55999755859375,413.55999755859375
2025-11-17T18:01:00Z,413.55499267578125,413.55499267578125,413.55499267578125,413.55499267578125,413.55499267578125,593.0,413.55499267578125,413.55499267578125,413.55499267578125,413.55499267578125
2025-11-17T18:02:00Z,412.1400146484375,412.1400146484375,412.1400146484375,412.1400146484375,412.1400146484375,159.0,412.1400146484375,412.1400146484375,412.1400146484375,412.1400146484375
2025-11-17T18:03:00Z,413.114990234375,413.114990234375,413.114990234375,413.114990234375,413.114990234375,70.0,413.114990234375,413.114990234375,413.114990234375,413.114990234375
2025-11-17T18:04:00Z,413.114990234375,413.114990234375,413.114990234375,413.114990234375,413.114990234375,126.0,413.114990234375,413.114990234375,413.114990234375,413.114990234375
2025-11-17T18:06:00Z,412.9599914550781,412.9599914550781,412.9599914550781,412.9599914550781,412.9599914550781,268.0,412.9599914550781,412.9599914550781,412.9599914550781,412.9599914550781
2025-11-17T18:10:00Z,413.760009765625,413.760009765625,413.6300048828125,413.6300048828125,413.6300048828125,633.0,413.760009765625,413.760009765625,413.6300048828125,413.6300048828125
2025-11-17T18:11:00Z,412.9800109863281,412.9800109863281,412.9800109863281,412.9800109863281,412.9800109863281,206.0,412.9800109863281,412.9800109863281,412.9800109863281,412.9800109863281
2025-11-17T18:15:00Z,412.9100036621094,412.9100036621094,411.3999938964844,411.3999938964844,411.3999938964844,327.0,412.9100036621094,412.9100036621094,411.3999938964844,411.3999938964844
2025-11-17T18:16:00Z,411.92498779296875,412.4200134277344,411.92498779296875,412.4200134277344,412.4200134277344,889.0,411.92498779296875,412.4200134277344,411.92498779296875,412.4200134277344
2025-11-17T18:20:00Z,411.4649963378906,411.4649963378906,411.4649963378906,411.4649963378906,411.4649963378906,209.0,411.4649963378906,411.4649963378906,411.4649963378906,411.4649963378906
2025-11-17T18:21:00Z,412.4200134277344,412.55999755859375,412.4200134277344,412.55999755859375,412.55999755859375,394.0,412.4200134277344,412.55999755859375,412.4200134277344,412.55999755859375
2025-11-17T18:22:00Z,411.7799987792969,411.7799987792969,411.7799987792969,411.7799987792969,411.7799987792969,75.0,411.7799987792969,411.7799987792969,411.7799987792969,411.7799987792969
2025-11-17T18:23:00Z,411.8500061035156,411.8500061035156,411.8500061035156,411.8500061035156,411.8500061035156,351.0,411.8500061035156,411.8500061035156,411.8500061035156,411.8500061035156
2025-11-17T18:26:00Z,411.29998779296875,411.6499938964844,411.29998779296875,411.6499938964844,411.6499938964844,647.0,411.29998779296875,411.6499938964844,411.29998779296875,411.6499938964844
2025-11-17T18:27:00Z,412.2900085449219,412.3399963378906,412.2900085449219,412.3399963378906,412.3399963378906,418.0,412.2900085449219,412.3399963378906,412.2900085449219,412.3399963378906
2025-11-17T18:28:00Z,411.81500244140625,411.81500244140625,411.81500244140625,411.81500244140625,411.81500244140625,455.0,411.81500244140625,411.81500244140625,411.81500244140625,411.81500244140625
2025-11-17T18:31:00Z,411.82501220703125,411.82501220703125,411.82501220703125,411.82501220703125,411.82501220703125,300.0,411.82501220703125,411.82501220703125,411.82501220703125,411.82501220703125
2025-11-17T18:33:00Z,412.06500244140625,412.06500244140625,412.06500244140625,412.06500244140625,412.06500244140625,59.0,412.06500244140625,412.06500244140625,412.06500244140625,412.06500244140625
2025-11-17T18:34:00Z,412.06500244140625,412.06500244140625,412.06500244140625,412.06500244140625,412.06500244140625,86.0,412.06500244140625,412.06500244140625,412.06500244140625,412.06500244140625
2025-11-17T18:35:00Z,412.06500244140625,412.06500244140625,411.75,412.06500244140625,412.06500244140625,567.0,412.06500244140625,412.06500244140625,411.75,412.06500244140625
2025-11-17T18:37:00Z,411.6449890136719,411.6449890136719,410.9599914550781,411.2467956542969,411.2467956542969,750.0,411.6449890136719,411.6449890136719,410.9599914550781,411.2467956542969
2025-11-17T18:39:00Z,411.07501220703125,411.07501220703125,411.07501220703125,411.07501220703125,411.07501220703125,136.0,411.07501220703125,411.07501220703125,411.07501220703125,411.07501220703125
2025-11-17T18:40:00Z,410.93499755859375,410.94000244140625,410.93499755859375,410.94000244140625,410.94000244140625,96.0,410.93499755859375,410.94000244140625,410.93499755859375,410.94000244140625
2025-11-17T18:41:00Z,410.5,410.5,410.5,410.5,410.5,273.0,410.5,410.5,410.5,410.5
2025-11-17T18:42:00Z,409.7699890136719,410.7799987792969,409.7699890136719,410.67999267578125,410.67999267578125,1151.0,409.7699890136719,410.7799987792969,409.7699890136719,410.67999267578125
2025-11-17T18:43:00Z,410.5299987792969,410.5299987792969,410.30499267578125,410.30499267578125,410.30499267578125,548.0,410.5299987792969,410.5299987792969,410.30499267578125,410.30499267578125
2025-11-17T18:45:00Z,410.3500061035156,410.3500061035156,410.32501220703125,410.32501220703125,410.32501220703125,144.0,410.3500061035156,410.3500061035156,410.32501220703125,410.32501220703125
2025-11-17T18:47:00Z,410.30999755859375,411.1549987792969,410.30999755859375,411.1549987792969,411.1549987792969,442.0,410.30999755859375,411.1549987792969,410.30999755859375,411.1549987792969
2025-11-17T18:48:00Z,411.3399963378906,411.3399963378906,411.3399963378906,411.3399963378906,411.3399963378906,134.0,411.3399963378906,411.3399963378906,411.3399963378906,411.3399963378906
2025-11-17T18:49:00Z,411.0849914550781,411.0849914550781,411.0849914550781,411.0849914550781,411.0849914550781,129.0,411.0849914550781,411.0849914550781,411.0849914550781,411.0849914550781
2025-11-17T18:52:00Z,411.0849914550781,411.0849914550781,410.29998779296875,410.29998779296875,410.29998779296875,188.0,411.0849914550781,411.0849914550781,410.29998779296875,410.29998779296875
2025-11-17T18:55:00Z,410.29998779296875,410.29998779296875,409.2699890136719,409.2699890136719,409.2699890136719,541.0,410.29998779296875,410.29998779296875,409.2699890136719,409.2699890136719
2025-11-17T18:56:00Z,409.2974853515625,409.2974853515625,409.2875061035156,409.2875061035156,409.2875061035156,139.0,409.2974853515625,409.2974853515625,409.2875061035156,409.2875061035156
2025-11-17T18:57:00Z,409.2699890136719,409.2699890136719,409.2699890136719,409.2699890136719,409.2699890136719,202.0,409.2699890136719,409.2699890136719,409.2699890136719,409.2699890136719
2025-11-17T18:58:00Z,409.2699890136719,409.2699890136719,409.2699890136719,409.2699890136719,409.2699890136719,315.0,409.2699890136719,409.2699890136719,409.2699890136719,409.2699890136719
2025-11-17T19:00:00Z,409.98699951171875,410.0950012207031,409.98699951171875,410.0950012207031,410.0950012207031,414.0,409.98699951171875,410.0950012207031,409.98699951171875,410.0950012207031
2025-11-17T19:01:00Z,409.2699890136719,409.44000244140625,408.239990234375,409.44000244140625,409.44000244140625,577.0,409.2699890136719,409.44000244140625,408.239990234375,409.44000244140625
2025-11-17T19:02:00Z,409.31500244140625,409.31500244140625,409.31500244140625,409.31500244140625,409.31500244140625,52.0,409.31500244140625,409.31500244140625,409.31500244140625,409.31500244140625
2025-11-17T19:03:00Z,409.17498779296875,409.17498779296875,409.17498779296875,409.17498779296875,409.17498779296875,105.0,409.17498779296875,409.17498779296875,409.17498779296875,409.17498779296875
2025-11-17T19:04:00Z,408.7049865722656,409.54998779296875,408.7049865722656,409.3450012207031,409.3450012207031,590.0,408.7049865722656,409.54998779296875,408.7049865722656,409.3450012207031
2025-11-17T19:06:00Z,409.3500061035156,409.3500061035156,409.3450012207031,409.3450012207031,409.3450012207031,225.0,409.3500061035156,409.3500061035156,409.3450012207031,409.3450012207031
2025-11-17T19:08:00Z,409.0450134277344,409.0450134277344,409.0450134277344,409.0450134277344,409.0450134277344,270.0,409.0450134277344,409.0450134277344,409.0450134277344,409.0450134277344
2025-11-17T19:10:00Z,408.32000732421875,408.32000732421875,408.2200012207031,408.2200012207031,408.2200012207031,335.0,408.32000732421875,408.32000732421875,408.2200012207031,408.2200012207031
2025-11-17T19:11:00Z,407.9324951171875,407.9949951171875,407.55499267578125,407.55499267578125,407.55499267578125,1031.0,407.9324951171875,407.9949951171875,407.55499267578125,407.55499267578125
2025-11-17T19:12:00Z,407.3800048828125,407.82000732421875,407.30499267578125,407.6700134277344,407.6700134277344,2191.0,407.3800048828125,407.82000732421875,407.30499267578125,407.6700134277344
2025-11-17T19:13:00Z,407.4624938964844,407.4624938964844,407.4624938964844,407.4624938964844,407.4624938964844,164.0,407.4624938964844,407.4624938964844,407.4624938964844,407.4624938964844
2025-11-17T19:15:00Z,407.43499755859375,407.43499755859375,406.75,406.75,406.75,248.0,407.43499755859375,407.43499755859375,406.75,406.75
2025-11-17T19:17:00Z,407.4375,407.9700012207031,407.43499755859375,407.43499755859375,407.43499755859375,584.0,407.4375,407.9700012207031,407.43499755859375,407.43499755859375
2025-11-17T19:18:00Z,407.5274963378906,407.5274963378906,407.43499755859375,407.43499755859375,407.43499755859375,190.0,407.5274963378906,407.5274963378906,407.43499755859375,407.43499755859375
2025-11-17T19:19:00Z,407.43499755859375,407.43499755859375,407.43499755859375,407.43499755859375,407.43499755859375,66.0,407.43499755859375,407.43499755859375,407.43499755859375,407.43499755859375
2025-11-17T19:20:00Z,407.43499755859375,407.43499755859375,407.43499755859375,407.43499755859375,407.43499755859375,77.0,407.43499755859375,407.43499755859375,407.43499755859375,407.43499755859375
2025-11-17T19:21:00Z,407.43499755859375,407.43499755859375,407.43499755859375,407.43499755859375,407.43499755859375,191.0,407.43499755859375,407.43499755859375,407.43499755859375,407.43499755859375
2025-11-17T19:22:00Z,407.43499755859375,407.43499755859375,407.43499755859375,407.43499755859375,407.43499755859375,115.0,407.43499755859375,407.43499755859375,407.43499755859375,407.43499755859375
2025-11-17T19:24:00Z,407.43499755859375,407.43499755859375,407.43499755859375,407.43499755859375,407.43499755859375,64.0,407.43499755859375,407.43499755859375,407.43499755859375,407.43499755859375
2025-11-17T19:25:00Z,407.43499755859375,407.43499755859375,406.75,407.30999755859375,407.30999755859375,506.0,407.43499755859375,407.43499755859375,406.75,407.30999755859375
2025-11-17T19:27:00Z,407.8999938964844,408.13250732421875,407.4425048828125,407.7900085449219,407.7900085449219,2141.0,407.8999938964844,408.13250732421875,407.4425048828125,407.7900085449219
2025-11-17T19:30:00Z,408.2074890136719,408.44500732421875,408.2074890136719,408.3900146484375,408.3900146484375,273.0,408.2074890136719,408.44500732421875,408.2074890136719,408.3900146484375
2025-11-17T19:31:00Z,408.1000061035156,408.1000061035156,408.0899963378906,408.0899963378906,408.0899963378906,119.0,408.1000061035156,408.1000061035156,408.0899963378906,408.0899963378906
2025-11-17T19:32:00Z,407.7825012207031,407.7825012207031,407.75,407.75,407.75,83.0,407.7825012207031,407.7825012207031,407.75,407.75
2025-11-17T19:33:00Z,407.7449951171875,407.7449951171875,407.7449951171875,407.7449951171875,407.7449951171875,59.0,407.7449951171875,407.7449951171875,407.7449951171875,407.7449951171875
2025-11-17T19:34:00Z,407.7449951171875,407.7449951171875,407.7099914550781,407.7099914550781,407.7099914550781,243.0,407.7449951171875,407.7449951171875,407.7099914550781,407.7099914550781
2025-11-17T19:35:00Z,407.82501220703125,407.82501220703125,406.92010498046875,406.92010498046875,406.92010498046875,266.0,407.82501220703125,407.82501220703125,406.92010498046875,406.92010498046875
2025-11-17T19:38:00Z,407.8949890136719,407.8949890136719,407.8949890136719,407.8949890136719,407.8949890136719,270.0,407.8949890136719,407.8949890136719,407.8949890136719,407.8949890136719
2025-11-17T19:40:00Z,407.05999755859375,407.0799865722656,407.05999755859375,407.0799865722656,407.0799865722656,810.0,407.05999755859375,407.0799865722656,407.05999755859375,407.0799865722656
2025-11-17T19:42:00Z,406.4800109863281,407.3299865722656,406.2799987792969,407.07000732421875,407.07000732421875,846.0,406.4800109863281,407.3299865722656,406.2799987792969,407.07000732421875
2025-11-17T19:43:00Z,406.510009765625,406.510009765625,406.510009765625,406.510009765625,406.510009765625,705.0,406.510009765625,406.510009765625,406.510009765625,406.510009765625
2025-11-17T19:44:00Z,406.510009765625,406.510009765625,406.510009765625,406.510009765625,406.510009765625,149.0,406.510009765625,406.510009765625,406.510009765625,406.510009765625
2025-11-17T19:45:00Z,406.0050048828125,406.0050048828125,406.0050048828125,406.0050048828125,406.0050048828125,275.0,406.0050048828125,406.0050048828125,406.0050048828125,406.0050048828125
2025-11-17T19:48:00Z,405.3349914550781,406.4200134277344,405.3349914550781,406.4200134277344,406.4200134277344,1075.0,405.3349914550781,406.4200134277344,405.3349914550781,406.4200134277344
2025-11-17T19:49:00Z,406.4200134277344,406.55999755859375,406.4200134277344,406.55999755859375,406.55999755859375,189.0,406.4200134277344,406.55999755859375,406.4200134277344,406.55999755859375
2025-11-17T19:50:00Z,406.32000732421875,406.3299865722656,406.32000732421875,406.3299865722656,406.3299865722656,324.0,406.32000732421875,406.3299865722656,406.32000732421875,406.3299865722656
2025-11-17T19:54:00Z,405.9649963378906,405.9649963378906,405.9649963378906,405.9649963378906,405.9649963378906,113.0,405.9649963378906,405.9649963378906,405.9649963378906,405.9649963378906
2025-11-17T19:55:00Z,405.9599914550781,405.9599914550781,405.3699951171875,405.7099914550781,405.7099914550781,656.0,405.9599914550781,405.9599914550781,405.3699951171875,405.7099914550781
2025-11-17T19:56:00Z,405.8399963378906,405.8399963378906,405.0400085449219,405.0400085449219,405.0400085449219,623.0,405.8399963378906,405.8399963378906,405.0400085449219,405.0400085449219
2025-11-17T19:57:00Z,405.0299987792969,405.0299987792969,405.0299987792969,405.0299987792969,405.0299987792969,59.0,405.0299987792969,405.0299987792969,405.0299987792969,405.0299987792969
2025-11-17T19:58:00Z,404.9700012207031,405.0400085449219,404.9700012207031,405.0400085449219,405.0400085449219,317.0,404.9700012207031,405.0400085449219,404.9700012207031,405.0400085449219
2025-11-17T19:59:00Z,404.9750061035156,404.9750061035156,404.8450012207031,404.8450012207031,404.8450012207031,147.0,404.9750061035156,404.9750061035156,404.8450012207031,404.8450012207031
2025-11-17T20:00:00Z,404.7749938964844,404.7749938964844,403.7699890136719,404.0249938964844,404.0249938964844,1512.0,404.7749938964844,404.7749938964844,403.7699890136719,404.0249938964844
2025-11-17T20:01:00Z,403.8949890136719,404.0299987792969,403.3399963378906,403.6099853515625,403.6099853515625,2635.0,403.8949890136719,404.0299987792969,403.3399963378906,403.6099853515625
2025-11-17T20:02:00Z,403.697509765625,403.697509765625,402.9599914550781,402.9599914550781,402.9599914550781,691.0,403.697509765625,403.697509765625,402.9599914550781,402.9599914550781
2025-11-17T20:03:00Z,402.6199951171875,402.9700012207031,402.6199951171875,402.92999267578125,402.92999267578125,459.0,402.6199951171875,402.9700012207031,402.6199951171875,402.92999267578125
2025-11-17T20:04:00Z,402.989990234375,403.9100036621094,402.17999267578125,403.135009765625,403.135009765625,1472.0,402.989990234375,403.9100036621094,402.17999267578125,403.135009765625
2025-11-17T20:05:00Z,402.92498779296875,403.5299987792969,402.92498779296875,403.1400146484375,403.1400146484375,1153.0,402.92498779296875,403.5299987792969,402.92498779296875,403.1400146484375
2025-11-17T20:07:00Z,403.1400146484375,403.1400146484375,403.1400146484375,403.1400146484375,403.1400146484375,203.0,403.1400146484375,403.1400146484375,403.1400146484375,403.1400146484375
2025-11-17T20:08:00Z,403.0350036621094,403.0350036621094,403.0350036621094,403.0350036621094,403.0350036621094,229.0,403.0350036621094,403.0350036621094,403.0350036621094,403.0350036621094
2025-11-17T20:09:00Z,403.44000244140625,403.5,403.1400146484375,403.1400146484375,403.1400146484375,802.0,403.44000244140625,403.5,403.1400146484375,403.1400146484375
2025-11-17T20:10:00Z,403.1400146484375,403.69000244140625,403.1400146484375,403.69000244140625,403.69000244140625,855.0,403.1400146484375,403.69000244140625,403.1400146484375,403.69000244140625
2025-11-17T20:11:00Z,403.82000732421875,403.82000732421875,403.82000732421875,403.82000732421875,403.82000732421875,149.0,403.82000732421875,403.82000732421875,403.82000732421875,403.82000732421875
2025-11-17T20:12:00Z,403.82000732421875,403.82000732421875,403.5799865722656,403.5799865722656,403.5799865722656,578.0,403.82000732421875,403.82000732421875,403.5799865722656,403.5799865722656
2025-11-17T20:13:00Z,403.5849914550781,403.5849914550781,403.5849914550781,403.5849914550781,403.5849914550781,279.0,403.5849914550781,403.5849914550781,403.5849914550781,403.5849914550781
2025-11-17T20:14:00Z,403.29998779296875,403.29998779296875,403.29998779296875,403.29998779296875,403.29998779296875,90.0,403.29998779296875,403.29998779296875,403.29998779296875,403.29998779296875
2025-11-17T20:15:00Z,403.4849853515625,403.4849853515625,403.4849853515625,403.4849853515625,403.4849853515625,245.0,403.4849853515625,403.4849853515625,403.4849853515625,403.4849853515625
2025-11-17T20:16:00Z,403.4849853515625,403.80999755859375,403.4849853515625,403.79998779296875,403.79998779296875,770.0,403.4849853515625,403.80999755859375,403.4849853515625,403.79998779296875
2025-11-17T20:18:00Z,404.07000732421875,404.0799865722656,404.07000732421875,404.0799865722656,404.0799865722656,809.0,404.07000732421875,404.0799865722656,404.07000732421875,404.0799865722656
2025-11-17T20:22:00Z,403.6050109863281,403.6499938964844,403.6050109863281,403.6499938964844,403.6499938964844,141.0,403.6050109863281,403.6499938964844,403.6050109863281,403.6499938964844
2025-11-17T20:23:00Z,403.6625061035156,404.2699890136719,403.6050109863281,403.69000244140625,403.69000244140625,1222.0,403.6625061035156,404.2699890136719,403.6050109863281,403.69000244140625
2025-11-17T20:24:00Z,404.79998779296875,404.79998779296875,404.79998779296875,404.79998779296875,404.79998779296875,200.0,404.79998779296875,404.79998779296875,404.79998779296875,404.79998779296875
2025-11-17T20:25:00Z,404.8900146484375,404.8900146484375,404.8900146484375,404.8900146484375,404.8900146484375,106.0,404.8900146484375,404.8900146484375,404.8900146484375,404.8900146484375
2025-11-17T20:26:00Z,404.8900146484375,404.8900146484375,404.8900146484375,404.8900146484375,404.8900146484375,111.0,404.8900146484375,404.8900146484375,404.8900146484375,404.8900146484375
2025-11-17T20:27:00Z,404.8900146484375,405.57000732421875,404.8900146484375,404.8900146484375,404.8900146484375,339.0,404.8900146484375,405.57000732421875,404.8900146484375,404.8900146484375
2025-11-17T20:29:00Z,404.8900146484375,405.4200134277344,404.8900146484375,404.8900146484375,404.8900146484375,401.0,404.8900146484375,405.4200134277344,404.8900146484375,404.8900146484375
2025-11-17T20:30:00Z,405.2449951171875,405.44000244140625,405.2449951171875,405.44000244140625,405.44000244140625,334.0,405.2449951171875,405.44000244140625,405.2449951171875,405.44000244140625
2025-11-17T20:31:00Z,404.8699951171875,405.45001220703125,404.17999267578125,404.17999267578125,404.17999267578125,1702.0,404.8699951171875,405.45001220703125,404.17999267578125,404.17999267578125
2025-11-17T20:32:00Z,404.0,404.0,404.0,404.0,404.0,205.0,404.0,404.0,404.0,404.0
2025-11-17T20:33:00Z,403.55999755859375,403.55999755859375,403.5400085449219,403.5400085449219,403.5400085449219,870.0,403.55999755859375,403.55999755859375,403.5400085449219,403.5400085449219
2025-11-17T20:35:00Z,403.4100036621094,403.82000732421875,402.885009765625,403.82000732421875,403.82000732421875,1609.0,403.4100036621094,403.82000732421875,402.885009765625,403.82000732421875
2025-11-17T20:36:00Z,403.92999267578125,403.94000244140625,403.92999267578125,403.94000244140625,403.94000244140625,481.0,403.92999267578125,403.94000244140625,403.92999267578125,403.94000244140625
2025-11-17T20:37:00Z,403.4100036621094,403.4100036621094,403.4049987792969,403.4049987792969,403.4049987792969,209.0,403.4100036621094,403.4100036621094,403.4049987792969,403.4049987792969
2025-11-17T20:38:00Z,403.5299987792969,403.5299987792969,403.5299987792969,403.5299987792969,403.5299987792969,208.0,403.5299987792969,403.5299987792969,403.5299987792969,403.5299987792969
2025-11-17T20:39:00Z,403.302490234375,403.302490234375,402.5799865722656,402.5799865722656,402.5799865722656,287.0,403.302490234375,403.302490234375,402.5799865722656,402.5799865722656
2025-11-17T20:40:00Z,402.8900146484375,403.5249938964844,402.8900146484375,403.5249938964844,403.5249938964844,420.0,402.8900146484375,403.5249938964844,402.8900146484375,403.5249938964844
2025-11-17T20:42:00Z,403.4599914550781,403.4599914550781,403.4599914550781,403.4599914550781,403.4599914550781,374.0,403.4599914550781,403.4599914550781,403.4599914550781,403.4599914550781
2025-11-17T20:44:00Z,403.4599914550781,403.4599914550781,403.4599914550781,403.4599914550781,403.4599914550781,135.0,403.4599914550781,403.4599914550781,403.4599914550781,403.4599914550781
2025-11-17T20:45:00Z,403.4599914550781,403.4700012207031,403.1099853515625,403.1099853515625,403.1099853515625,774.0,403.4599914550781,403.4700012207031,403.1099853515625,403.1099853515625
2025-11-17T20:46:00Z,403.4649963378906,404.25,402.94000244140625,403.7049865722656,403.7049865722656,2185.0,403.4649963378906,404.25,402.94000244140625,403.7049865722656
2025-11-17T20:47:00Z,403.7925109863281,404.4700012207031,403.7049865722656,404.125,404.125,799.0,403.7925109863281,404.4700012207031,403.7049865722656,404.125
2025-11-17T20:48:00Z,404.17999267578125,404.17999267578125,404.17999267578125,404.17999267578125,404.17999267578125,340.0,404.17999267578125,404.17999267578125,404.17999267578125,404.17999267578125
2025-11-17T20:49:00Z,404.54998779296875,405.32000732421875,404.18499755859375,405.32000732421875,405.32000732421875,1426.0,404.54998779296875,405.32000732421875,404.18499755859375,405.32000732421875
2025-11-17T20:50:00Z,404.67498779296875,404.8599853515625,404.2200012207031,404.45001220703125,404.45001220703125,2383.0,404.67498779296875,404.8599853515625,404.2200012207031,404.45001220703125
2025-11-17T20:51:00Z,403.9700012207031,404.0849914550781,403.4150085449219,403.4150085449219,403.4150085449219,1748.0,403.9700012207031,404.0849914550781,403.4150085449219,403.4150085449219
2025-11-17T20:53:00Z,403.1499938964844,403.4849853515625,403.1499938964844,403.239990234375,403.239990234375,1323.0,403.1499938964844,403.4849853515625,403.1499938964844,403.239990234375
2025-11-17T20:54:00Z,402.8599853515625,403.0249938964844,402.5400085449219,403.0249938964844,403.0249938964844,996.0,402.8599853515625,403.0249938964844,402.5400085449219,403.0249938964844
2025-11-17T20:55:00Z,402.9849853515625,403.510009765625,402.4601135253906,402.9849853515625,402.9849853515625,1853.0,402.9849853515625,403.510009765625,402.4601135253906,402.9849853515625
2025-11-17T20:56:00Z,402.9849853515625,403.45001220703125,402.9849853515625,403.45001220703125,403.45001220703125,2789.0,402.9849853515625,403.45001220703125,402.9849853515625,403.45001220703125
2025-11-17T20:57:00Z,402.989990234375,403.3299865722656,402.9849853515625,403.3299865722656,403.3299865722656,1867.0,402.989990234375,403.3299865722656,402.9849853515625,403.3299865722656
2025-11-17T20:58:00Z,403.2900085449219,403.5,402.989990234375,403.1600036621094,403.1600036621094,6515.0,403.2900085449219,403.5,402.989990234375,403.1600036621094
2025-11-17T20:59:00Z,403.5,404.07000732421875,402.80999755859375,404.07000732421875,404.07000732421875,13308.0,403.5,404.07000732421875,402.80999755859375,404.07000732421875
2025-11-18T14:39:00Z,399.57000732421875,399.57000732421875,399.57000732421875,399.57000732421875,399.57000732421875,195.0,399.57000732421875,399.57000732421875,399.57000732421875,399.57000732421875
2025-11-18T14:40:00Z,397.20001220703125,399.6000061035156,397.20001220703125,399.6000061035156,399.6000061035156,399.0,397.20001220703125,399.6000061035156,397.20001220703125,399.6000061035156
2025-11-18T14:42:00Z,398.1400146484375,398.1400146484375,398.1400146484375,398.1400146484375,398.1400146484375,93.0,398.1400146484375,398.1400146484375,398.1400146484375,398.1400146484375
2025-11-18T14:43:00Z,399.4700012207031,399.4700012207031,397.57000732421875,399.4700012207031,399.4700012207031,512.0,399.4700012207031,399.4700012207031,397.57000732421875,399.4700012207031
2025-11-18T14:45:00Z,400.284912109375,400.284912109375,400.284912109375,400.284912109375,400.284912109375,47.0,400.284912109375,400.284912109375,400.284912109375,400.284912109375
2025-11-18T14:47:00Z,397.42999267578125,400.8299865722656,397.42999267578125,400.0799865722656,400.0799865722656,241.0,397.42999267578125,400.8299865722656,397.42999267578125,400.0799865722656
2025-11-18T14:48:00Z,400.1499938964844,400.1499938964844,400.1199951171875,400.1199951171875,400.1199951171875,328.0,400.1499938964844,400.1499938964844,400.1199951171875,400.1199951171875
2025-11-18T14:49:00Z,400.25,400.25,399.8500061035156,399.8500061035156,399.8500061035156,321.0,400.25,400.25,399.8500061035156,399.8500061035156
2025-11-18T14:51:00Z,400.7699890136719,402.2300109863281,400.7699890136719,402.2300109863281,402.2300109863281,1050.0,400.7699890136719,402.2300109863281,400.7699890136719,402.2300109863281
2025-11-18T14:53:00Z,402.70001220703125,402.7210998535156,402.70001220703125,402.7210998535156,402.7210998535156,144.0,402.70001220703125,402.7210998535156,402.70001220703125,402.7210998535156
2025-11-18T14:57:00Z,403.3999938964844,403.3999938964844,403.32000732421875,403.32000732421875,403.32000732421875,142.0,403.3999938964844,403.3999938964844,403.32000732421875,403.32000732421875
2025-11-18T14:58:00Z,403.5799865722656,403.5799865722656,402.9700012207031,402.9700012207031,402.9700012207031,426.0,403.5799865722656,403.5799865722656,402.9700012207031,402.9700012207031
2025-11-18T14:59:00Z,403.57000732421875,403.5849914550781,403.4100036621094,403.5849914550781,403.5849914550781,525.0,403.57000732421875,403.5849914550781,403.4100036621094,403.5849914550781
2025-11-18T15:00:00Z,404.3299865722656,404.3299865722656,404.3299865722656,404.3299865722656,404.3299865722656,107.0,404.3299865722656,404.3299865722656,404.3299865722656,404.3299865722656
2025-11-18T15:01:00Z,403.5849914550781,403.5849914550781,403.5849914550781,403.5849914550781,403.5849914550781,71.0,403.5849914550781,403.5849914550781,403.5849914550781,403.5849914550781
2025-11-18T15:03:00Z,404.0849914550781,404.0849914550781,404.0849914550781,404.0849914550781,404.0849914550781,626.0,404.0849914550781,404.0849914550781,404.0849914550781,404.0849914550781
2025-11-18T15:04:00Z,403.2699890136719,403.42999267578125,403.04998779296875,403.04998779296875,403.04998779296875,412.0,403.2699890136719,403.42999267578125,403.04998779296875,403.04998779296875
2025-11-18T15:05:00Z,403.5350036621094,403.5350036621094,402.3299865722656,402.3299865722656,402.3299865722656,413.0,403.5350036621094,403.5350036621094,402.3299865722656,402.3299865722656
2025-11-18T15:07:00Z,402.9599914550781,403.25,402.0,403.0199890136719,403.0199890136719,949.0,402.9599914550781,403.25,402.0,403.0199890136719
2025-11-18T15:08:00Z,402.0,402.19000244140625,402.0,402.0,402.0,374.0,402.0,402.19000244140625,402.0,402.0
2025-11-18T15:10:00Z,402.510009765625,402.8299865722656,401.989990234375,402.8299865722656,402.8299865722656,1999.0,402.510009765625,402.8299865722656,401.989990234375,402.8299865722656
2025-11-18T15:11:00Z,402.010009765625,403.0050048828125,402.0,403.0050048828125,403.0050048828125,574.0,402.010009765625,403.0050048828125,402.0,403.0050048828125
2025-11-18T15:12:00Z,403.9200134277344,403.9200134277344,403.1549987792969,403.1549987792969,403.1549987792969,247.0,403.9200134277344,403.9200134277344,403.1549987792969,403.1549987792969
2025-11-18T15:14:00Z,401.80999755859375,403.2099914550781,401.80999755859375,402.0,402.0,1293.0,401.80999755859375,403.2099914550781,401.80999755859375,402.0
2025-11-18T15:15:00Z,401.80999755859375,402.0,401.5350036621094,401.6300048828125,401.6300048828125,525.0,401.80999755859375,402.0,401.5350036621094,401.6300048828125
2025-11-18T15:16:00Z,401.0,401.114990234375,399.7950134277344,400.6199951171875,400.6199951171875,1830.0,401.0,401.114990234375,399.7950134277344,400.6199951171875
2025-11-18T15:17:00Z,400.80999755859375,400.80999755859375,400.1000061035156,400.1499938964844,400.1499938964844,218.0,400.80999755859375,400.80999755859375,400.1000061035156,400.1499938964844
2025-11-18T15:19:00Z,401.1099853515625,401.7099914550781,401.0299987792969,401.7099914550781,401.7099914550781,1017.0,401.1099853515625,401.7099914550781,401.0299987792969,401.7099914550781
2025-11-18T15:20:00Z,401.42999267578125,401.42999267578125,401.42999267578125,401.42999267578125,401.42999267578125,120.0,401.42999267578125,401.42999267578125,401.42999267578125,401.42999267578125
2025-11-18T15:21:00Z,402.25,402.25,402.25,402.25,402.25,232.0,402.25,402.25,402.25,402.25
2025-11-18T15:24:00Z,403.0799865722656,403.0799865722656,402.67999267578125,402.9700012207031,402.9700012207031,715.0,403.0799865722656,403.0799865722656,402.67999267578125,402.9700012207031
2025-11-18T15:26:00Z,402.9700012207031,402.9700012207031,402.9700012207031,402.9700012207031,402.9700012207031,231.0,402.9700012207031,402.9700012207031,402.9700012207031,402.9700012207031
2025-11-18T15:27:00Z,402.9700012207031,402.9700012207031,402.9700012207031,402.9700012207031,402.9700012207031,40.0,402.9700012207031,402.9700012207031,402.9700012207031,402.9700012207031
2025-11-18T15:28:00Z,404.44000244140625,404.44000244140625,404.44000244140625,404.44000244140625,404.44000244140625,101.0,404.44000244140625,404.44000244140625,404.44000244140625,404.44000244140625
2025-11-18T15:30:00Z,402.6400146484375,402.9700012207031,402.6400146484375,402.9700012207031,402.9700012207031,156.0,402.6400146484375,402.9700012207031,402.6400146484375,402.9700012207031
2025-11-18T15:32:00Z,404.3800048828125,405.1000061035156,404.2950134277344,405.1000061035156,405.1000061035156,860.0,404.3800048828125,405.1000061035156,404.2950134277344,405.1000061035156
2025-11-18T15:33:00Z,404.57501220703125,404.57501220703125,404.57501220703125,404.57501220703125,404.57501220703125,187.0,404.57501220703125,404.57501220703125,404.57501220703125,404.57501220703125
2025-11-18T15:34:00Z,402.8900146484375,402.8900146484375,402.260009765625,402.260009765625,402.260009765625,524.0,402.8900146484375,402.8900146484375,402.260009765625,402.260009765625
2025-11-18T15:35:00Z,402.93499755859375,402.93499755859375,402.1099853515625,402.1099853515625,402.1099853515625,334.0,402.93499755859375,402.93499755859375,402.1099853515625,402.1099853515625
2025-11-18T15:36:00Z,402.7300109863281,402.7300109863281,402.53509521484375,402.53509521484375,402.53509521484375,369.0,402.7300109863281,402.7300109863281,402.53509521484375,402.53509521484375
2025-11-18T15:37:00Z,402.9100036621094,402.94000244140625,402.1099853515625,402.20001220703125,402.20001220703125,991.0,402.9100036621094,402.94000244140625,402.1099853515625,402.20001220703125
2025-11-18T15:39:00Z,401.94000244140625,402.2799987792969,401.94000244140625,402.2799987792969,402.2799987792969,312.0,401.94000244140625,402.2799987792969,401.94000244140625,402.2799987792969
2025-11-18T15:40:00Z,401.8500061035156,401.8500061035156,401.8500061035156,401.8500061035156,401.8500061035156,83.0,401.8500061035156,401.8500061035156,401.8500061035156,401.8500061035156
2025-11-18T15:41:00Z,402.4100036621094,402.69000244140625,402.4100036621094,402.4100036621094,402.4100036621094,638.0,402.4100036621094,402.69000244140625,402.4100036621094,402.4100036621094
2025-11-18T15:44:00Z,402.57000732421875,402.57000732421875,402.57000732421875,402.57000732421875,402.57000732421875,386.0,402.57000732421875,402.57000732421875,402.57000732421875,402.57000732421875
2025-11-18T15:46:00Z,402.5950012207031,402.5950012207031,402.5950012207031,402.5950012207031,402.5950012207031,172.0,402.5950012207031,402.5950012207031,402.5950012207031,402.5950012207031
2025-11-18T15:50:00Z,402.20001220703125,402.20001220703125,402.20001220703125,402.20001220703125,402.20001220703125,133.0,402.20001220703125,402.20001220703125,402.20001220703125,402.20001220703125
2025-11-18T15:53:00Z,402.5950012207031,402.5950012207031,402.20001220703125,402.2799987792969,402.2799987792969,499.0,402.5950012207031,402.5950012207031,402.20001220703125,402.2799987792969
2025-11-18T15:54:00Z,402.20001220703125,402.25,402.20001220703125,402.25,402.25,295.0,402.20001220703125,402.25,402.20001220703125,402.25
2025-11-18T15:55:00Z,401.5,402.5400085449219,401.5,402.5400085449219,402.5400085449219,116.0,401.5,402.5400085449219,401.5,402.5400085449219
2025-11-18T15:56:00Z,403.2300109863281,403.2300109863281,402.5400085449219,402.5400085449219,402.5400085449219,341.0,403.2300109863281,403.2300109863281,402.5400085449219,402.5400085449219
2025-11-18T15:57:00Z,402.5150146484375,402.5150146484375,402.5150146484375,402.5150146484375,402.5150146484375,90.0,402.5150146484375,402.5150146484375,402.5150146484375,402.5150146484375
2025-11-18T15:58:00Z,403.5799865722656,403.5799865722656,402.489990234375,402.489990234375,402.489990234375,512.0,403.5799865722656,403.5799865722656,402.489990234375,402.489990234375
2025-11-18T15:59:00Z,402.5,402.5,402.0,402.0,402.0,409.0,402.5,402.5,402.0,402.0
2025-11-18T16:00:00Z,402.0,403.20001220703125,402.0,403.20001220703125,403.20001220703125,1265.0,402.0,403.20001220703125,402.0,403.20001220703125
2025-11-18T16:04:00Z,403.5799865722656,403.5799865722656,403.364990234375,403.364990234375,403.364990234375,800.0,403.5799865722656,403.5799865722656,403.364990234375,403.364990234375
2025-11-18T16:07:00Z,404.1700134277344,404.69500732421875,403.7650146484375,403.7650146484375,403.7650146484375,385.0,404.1700134277344,404.69500732421875,403.7650146484375,403.7650146484375
2025-11-18T16:08:00Z,404.7300109863281,404.7300109863281,404.7300109863281,404.7300109863281,404.7300109863281,137.0,404.7300109863281,404.7300109863281,404.7300109863281,404.7300109863281
2025-11-18T16:09:00Z,404.07000732421875,404.07000732421875,403.29998779296875,403.29998779296875,403.29998779296875,213.0,404.07000732421875,404.07000732421875,403.29998779296875,403.29998779296875
2025-11-18T16:11:00Z,404.6600036621094,404.6600036621094,404.4599914550781,404.4599914550781,404.4599914550781,334.0,404.6600036621094,404.6600036621094,404.4599914550781,404.4599914550781
2025-11-18T16:13:00Z,404.4599914550781,404.4599914550781,404.4599914550781,404.4599914550781,404.4599914550781,269.0,404.4599914550781,404.4599914550781,404.4599914550781,404.4599914550781
2025-11-18T16:15:00Z,404.9700012207031,405.0150146484375,404.75,404.9700012207031,404.9700012207031,1110.0,404.9700012207031,405.0150146484375,404.75,404.9700012207031
2025-11-18T16:16:00Z,405.32000732421875,405.32000732421875,405.32000732421875,405.32000732421875,405.32000732421875,123.0,405.32000732421875,405.32000732421875,405.32000732421875,405.32000732421875
2025-11-18T16:17:00Z,404.125,404.125,404.125,404.125,404.125,84.0,404.125,404.125,404.125,404.125
2025-11-18T16:18:00Z,403.2799987792969,403.2799987792969,403.2799987792969,403.2799987792969,403.2799987792969,126.0,403.2799987792969,403.2799987792969,403.2799987792969,403.2799987792969
2025-11-18T16:19:00Z,404.3900146484375,405.0799865722656,404.3900146484375,405.0799865722656,405.0799865722656,310.0,404.3900146484375,405.0799865722656,404.3900146484375,405.0799865722656
2025-11-18T16:20:00Z,405.6300048828125,405.9800109863281,405.42999267578125,405.5,405.5,713.0,405.6300048828125,405.9800109863281,405.42999267578125,405.5
2025-11-18T16:21:00Z,405.92498779296875,405.92498779296875,405.7300109863281,405.8599853515625,405.8599853515625,201.0,405.92498779296875,405.92498779296875,405.7300109863281,405.8599853515625
2025-11-18T16:23:00Z,405.25,405.6499938964844,405.25,405.6499938964844,405.6499938964844,450.0,405.25,405.6499938964844,405.25,405.6499938964844
2025-11-18T16:25:00Z,406.3900146484375,406.760009765625,406.3900146484375,406.739990234375,406.739990234375,578.0,406.3900146484375,406.760009765625,406.3900146484375,406.739990234375
2025-11-18T16:27:00Z,408.010009765625,408.010009765625,407.5400085449219,407.5400085449219,407.5400085449219,376.0,408.010009765625,408.010009765625,407.5400085449219,407.5400085449219
2025-11-18T16:29:00Z,407.5799865722656,407.5799865722656,407.5799865722656,407.5799865722656,407.5799865722656,105.0,407.5799865722656,407.5799865722656,407.5799865722656,407.5799865722656
2025-11-18T16:30:00Z,407.3900146484375,407.3900146484375,407.3900146484375,407.3900146484375,407.3900146484375,269.0,407.3900146484375,407.3900146484375,407.3900146484375,407.3900146484375
2025-11-18T16:32:00Z,407.0,407.0,407.0,407.0,407.0,86.0,407.0,407.0,407.0,407.0
2025-11-18T16:33:00Z,407.7200012207031,408.0199890136719,407.7200012207031,408.0199890136719,408.0199890136719,271.0,407.7200012207031,408.0199890136719,407.7200012207031,408.0199890136719
2025-11-18T16:34:00Z,407.5050048828125,407.5299987792969,407.2099914550781,407.2099914550781,407.2099914550781,300.0,407.5050048828125,407.5299987792969,407.2099914550781,407.2099914550781
2025-11-18T16:35:00Z,407.1199951171875,407.1199951171875,406.9100036621094,406.9100036621094,406.9100036621094,517.0,407.1199951171875,407.1199951171875,406.9100036621094,406.9100036621094
2025-11-18T16:36:00Z,406.6600036621094,406.6600036621094,406.6600036621094,406.6600036621094,406.6600036621094,109.0,406.6600036621094,406.6600036621094,406.6600036621094,406.6600036621094
2025-11-18T16:37:00Z,407.1148986816406,407.1148986816406,406.88751220703125,406.88751220703125,406.88751220703125,190.0,407.1148986816406,407.1148986816406,406.88751220703125,406.88751220703125
2025-11-18T16:38:00Z,406.67999267578125,406.67999267578125,406.67999267578125,406.67999267578125,406.67999267578125,122.0,406.67999267578125,406.67999267578125,406.67999267578125,406.67999267578125
2025-11-18T16:40:00Z,406.4100036621094,406.4100036621094,406.4100036621094,406.4100036621094,406.4100036621094,349.0,406.4100036621094,406.4100036621094,406.4100036621094,406.4100036621094
2025-11-18T16:45:00Z,406.44000244140625,406.44000244140625,406.44000244140625,406.44000244140625,406.44000244140625,70.0,406.44000244140625,406.44000244140625,406.44000244140625,406.44000244140625
2025-11-18T16:46:00Z,406.5899963378906,406.7799987792969,406.5899963378906,406.7200012207031,406.7200012207031,415.0,406.5899963378906,406.7799987792969,406.5899963378906,406.7200012207031
2025-11-18T16:48:00Z,406.2300109863281,406.2300109863281,406.2300109863281,406.2300109863281,406.2300109863281,178.0,406.2300109863281,406.2300109863281,406.2300109863281,406.2300109863281
2025-11-18T16:50:00Z,406.17999267578125,406.7049865722656,406.17999267578125,406.7049865722656,406.7049865722656,362.0,406.17999267578125,406.7049865722656,406.17999267578125,406.7049865722656
2025-11-18T16:51:00Z,405.9100036621094,405.9100036621094,405.8500061035156,405.8500061035156,405.8500061035156,138.0,405.9100036621094,405.9100036621094,405.8500061035156,405.8500061035156
2025-11-18T16:52:00Z,405.8599853515625,406.0400085449219,405.8299865722656,405.8299865722656,405.8299865722656,622.0,405.8599853515625,406.0400085449219,405.8299865722656,405.8299865722656
2025-11-18T16:53:00Z,405.8299865722656,405.8299865722656,405.8299865722656,405.8299865722656,405.8299865722656,243.0,405.8299865722656,405.8299865722656,405.8299865722656,405.8299865722656
2025-11-18T16:56:00Z,406.2099914550781,406.2550048828125,406.2099914550781,406.2099914550781,406.2099914550781,415.0,406.2099914550781,406.2550048828125,406.2099914550781,406.2099914550781
2025-11-18T16:57:00Z,406.04998779296875,406.04998779296875,405.82501220703125,405.82501220703125,405.82501220703125,238.0,406.04998779296875,406.04998779296875,405.82501220703125,405.82501220703125
2025-11-18T16:58:00Z,405.67999267578125,406.1499938964844,405.6700134277344,406.1499938964844,406.1499938964844,959.0,405.67999267578125,406.1499938964844,405.6700134277344,406.1499938964844
2025-11-18T17:05:00Z,405.7699890136719,405.9100036621094,405.7699890136719,405.9100036621094,405.9100036621094,288.0,405.7699890136719,405.9100036621094,405.7699890136719,405.9100036621094
2025-11-18T17:07:00Z,405.6499938964844,405.6499938964844,405.6499938964844,405.6499938964844,405.6499938964844,112.0,405.6499938964844,405.6499938964844,405.6499938964844,405.6499938964844
2025-11-18T17:08:00Z,405.7099914550781,405.7099914550781,405.7099914550781,405.7099914550781,405.7099914550781,118.0,405.7099914550781,405.7099914550781,405.7099914550781,405.7099914550781
2025-11-18T17:09:00Z,405.2900085449219,405.2900085449219,405.25,405.25,405.25,602.0,405.2900085449219,405.2900085449219,405.25,405.25
2025-11-18T17:11:00Z,405.0299987792969,405.0299987792969,405.0299987792969,405.0299987792969,405.0299987792969,307.0,405.0299987792969,405.0299987792969,405.0299987792969,405.0299987792969
2025-11-18T17:12:00Z,405.30999755859375,405.30999755859375,405.30999755859375,405.30999755859375,405.30999755859375,556.0,405.30999755859375,405.30999755859375,405.30999755859375,405.30999755859375
2025-11-18T17:15:00Z,404.79998779296875,404.79998779296875,404.79998779296875,404.79998779296875,404.79998779296875,293.0,404.79998779296875,404.79998779296875,404.79998779296875,404.79998779296875
2025-11-18T17:17:00Z,404.1000061035156,404.1000061035156,404.1000061035156,404.1000061035156,404.1000061035156,548.0,404.1000061035156,404.1000061035156,404.1000061035156,404.1000061035156
2025-11-18T17:20:00Z,405.30999755859375,405.30999755859375,405.30999755859375,405.30999755859375,405.30999755859375,506.0,405.30999755859375,405.30999755859375,405.30999755859375,405.30999755859375
2025-11-18T17:21:00Z,404.76251220703125,404.76251220703125,404.5874938964844,404.5874938964844,404.5874938964844,113.0,404.76251220703125,404.76251220703125,404.5874938964844,404.5874938964844
2025-11-18T17:22:00Z,404.32000732421875,404.32000732421875,404.32000732421875,404.32000732421875,404.32000732421875,327.0,404.32000732421875,404.32000732421875,404.32000732421875,404.32000732421875
2025-11-18T17:23:00Z,404.18499755859375,404.18499755859375,404.18499755859375,404.18499755859375,404.18499755859375,198.0,404.18499755859375,404.18499755859375,404.18499755859375,404.18499755859375
2025-11-18T17:25:00Z,404.68499755859375,404.68499755859375,404.20001220703125,404.20001220703125,404.20001220703125,230.0,404.68499755859375,404.68499755859375,404.20001220703125,404.20001220703125
2025-11-18T17:27:00Z,404.010009765625,404.0199890136719,403.82000732421875,403.82000732421875,403.82000732421875,1024.0,404.010009765625,404.0199890136719,403.82000732421875,403.82000732421875
2025-11-18T17:32:00Z,403.25,403.25,403.239990234375,403.239990234375,403.239990234375,474.0,403.25,403.25,403.239990234375,403.239990234375
2025-11-18T17:36:00Z,403.5199890136719,403.5199890136719,403.5199890136719,403.5199890136719,403.5199890136719,202.0,403.5199890136719,403.5199890136719,403.5199890136719,403.5199890136719
2025-11-18T17:37:00Z,404.6499938964844,404.6600036621094,404.6499938964844,404.6600036621094,404.6600036621094,274.0,404.6499938964844,404.6600036621094,404.6499938964844,404.6600036621094
2025-11-18T17:38:00Z,404.67999267578125,405.1199951171875,404.67999267578125,405.1199951171875,405.1199951171875,819.0,404.67999267578125,405.1199951171875,404.67999267578125,405.1199951171875
2025-11-18T17:40:00Z,405.9700012207031,405.9700012207031,405.6600036621094,405.6600036621094,405.6600036621094,279.0,405.9700012207031,405.9700012207031,405.6600036621094,405.6600036621094
2025-11-18T17:42:00Z,405.6700134277344,405.6700134277344,405.6700134277344,405.6700134277344,405.6700134277344,622.0,405.6700134277344,405.6700134277344,405.6700134277344,405.6700134277344
2025-11-18T17:46:00Z,405.1400146484375,405.1400146484375,405.1400146484375,405.1400146484375,405.1400146484375,102.0,405.1400146484375,405.1400146484375,405.1400146484375,405.1400146484375
2025-11-18T17:48:00Z,406.1700134277344,406.42999267578125,406.1700134277344,406.42999267578125,406.42999267578125,830.0,406.1700134277344,406.42999267578125,406.1700134277344,406.42999267578125
2025-11-18T17:54:00Z,406.8800048828125,406.8999938964844,406.7799987792969,406.7799987792969,406.7799987792969,292.0,406.8800048828125,406.8999938964844,406.7799987792969,406.7799987792969
2025-11-18T17:55:00Z,406.93499755859375,406.93499755859375,406.93499755859375,406.93499755859375,406.93499755859375,122.0,406.93499755859375,406.93499755859375,406.93499755859375,406.93499755859375
2025-11-18T17:56:00Z,406.7200012207031,406.7200012207031,406.7200012207031,406.7200012207031,406.7200012207031,132.0,406.7200012207031,406.7200012207031,406.7200012207031,406.7200012207031
2025-11-18T17:57:00Z,407.3399963378906,407.3399963378906,407.3399963378906,407.3399963378906,407.3399963378906,125.0,407.3399963378906,407.3399963378906,407.3399963378906,407.3399963378906
2025-11-18T17:58:00Z,406.7300109863281,407.1650085449219,406.7300109863281,407.1650085449219,407.1650085449219,239.0,406.7300109863281,407.1650085449219,406.7300109863281,407.1650085449219
2025-11-18T17:59:00Z,406.9338073730469,407.3399963378906,406.9200134277344,407.3399963378906,407.3399963378906,881.0,406.9338073730469,407.3399963378906,406.9200134277344,407.3399963378906
2025-11-18T18:01:00Z,407.0799865722656,407.0799865722656,407.0799865722656,407.0799865722656,407.0799865722656,324.0,407.0799865722656,407.0799865722656,407.0799865722656,407.0799865722656
2025-11-18T18:03:00Z,406.5799865722656,406.5899963378906,406.3500061035156,406.3500061035156,406.3500061035156,613.0,406.5799865722656,406.5899963378906,406.3500061035156,406.3500061035156
2025-11-18T18:04:00Z,406.94659423828125,406.94659423828125,406.94659423828125,406.94659423828125,406.94659423828125,194.0,406.94659423828125,406.94659423828125,406.94659423828125,406.94659423828125
2025-11-18T18:05:00Z,406.95001220703125,406.95001220703125,406.95001220703125,406.95001220703125,406.95001220703125,122.0,406.95001220703125,406.95001220703125,406.95001220703125,406.95001220703125
2025-11-18T18:06:00Z,406.8599853515625,407.2699890136719,406.8599853515625,407.2699890136719,407.2699890136719,377.0,406.8599853515625,407.2699890136719,406.8599853515625,407.2699890136719
2025-11-18T18:08:00Z,406.989990234375,406.989990234375,406.989990234375,406.989990234375,406.989990234375,300.0,406.989990234375,406.989990234375,406.989990234375,406.989990234375
2025-11-18T18:10:00Z,407.5799865722656,407.5799865722656,407.2900085449219,407.2900085449219,407.2900085449219,345.0,407.5799865722656,407.5799865722656,407.2900085449219,407.2900085449219
2025-11-18T18:11:00Z,407.739990234375,407.80999755859375,407.7250061035156,407.80999755859375,407.80999755859375,300.0,407.739990234375,407.80999755859375,407.7250061035156,407.80999755859375
2025-11-18T18:12:00Z,407.7200012207031,407.7200012207031,407.7200012207031,407.7200012207031,407.7200012207031,121.0,407.7200012207031,407.7200012207031,407.7200012207031,407.7200012207031
2025-11-18T18:13:00Z,407.8299865722656,407.8299865722656,407.5400085449219,407.5400085449219,407.5400085449219,273.0,407.8299865722656,407.8299865722656,407.5400085449219,407.5400085449219
2025-11-18T18:14:00Z,407.70001220703125,407.70001220703125,407.70001220703125,407.70001220703125,407.70001220703125,72.0,407.70001220703125,407.70001220703125,407.70001220703125,407.70001220703125
2025-11-18T18:15:00Z,407.62750244140625,407.62750244140625,407.4100036621094,407.4100036621094,407.4100036621094,196.0,407.62750244140625,407.62750244140625,407.4100036621094,407.4100036621094
2025-11-18T18:18:00Z,407.42999267578125,407.6300048828125,407.42999267578125,407.6300048828125,407.6300048828125,371.0,407.42999267578125,407.6300048828125,407.42999267578125,407.6300048828125
2025-11-18T18:20:00Z,407.0950012207031,407.7699890136719,407.0950012207031,407.7699890136719,407.7699890136719,564.0,407.0950012207031,407.7699890136719,407.0950012207031,407.7699890136719
2025-11-18T18:23:00Z,408.1000061035156,408.3900146484375,408.1000061035156,408.3900146484375,408.3900146484375,167.0,408.1000061035156,408.3900146484375,408.1000061035156,408.3900146484375
2025-11-18T18:24:00Z,408.0899963378906,408.3900146484375,408.0899963378906,408.3900146484375,408.3900146484375,275.0,408.0899963378906,408.3900146484375,408.0899963378906,408.3900146484375
2025-11-18T18:25:00Z,407.94000244140625,407.94000244140625,407.7850036621094,407.7850036621094,407.7850036621094,575.0,407.94000244140625,407.94000244140625,407.7850036621094,407.7850036621094
2025-11-18T18:28:00Z,407.80999755859375,407.80999755859375,407.7900085449219,407.7900085449219,407.7900085449219,343.0,407.80999755859375,407.80999755859375,407.7900085449219,407.7900085449219
2025-11-18T18:29:00Z,407.7900085449219,407.7900085449219,407.75,407.7900085449219,407.7900085449219,243.0,407.7900085449219,407.7900085449219,407.75,407.7900085449219
2025-11-18T18:30:00Z,407.9049987792969,407.9049987792969,407.9049987792969,407.9049987792969,407.9049987792969,285.0,407.9049987792969,407.9049987792969,407.9049987792969,407.9049987792969
2025-11-18T18:32:00Z,408.3999938964844,408.9700012207031,408.3999938964844,408.45001220703125,408.45001220703125,1113.0,408.3999938964844,408.9700012207031,408.3999938964844,408.45001220703125
2025-11-18T18:33:00Z,408.42999267578125,408.6000061035156,408.42999267578125,408.5899963378906,408.5899963378906,726.0,408.42999267578125,408.6000061035156,408.42999267578125,408.5899963378906
2025-11-18T18:34:00Z,408.760009765625,408.7650146484375,408.760009765625,408.760009765625,408.760009765625,289.0,408.760009765625,408.7650146484375,408.760009765625,408.760009765625
2025-11-18T18:35:00Z,408.5950012207031,408.5950012207031,408.5950012207031,408.5950012207031,408.5950012207031,96.0,408.5950012207031,408.5950012207031,408.5950012207031,408.5950012207031
2025-11-18T18:37:00Z,408.5950012207031,408.5950012207031,408.5950012207031,408.5950012207031,408.5950012207031,223.0,408.5950012207031,408.5950012207031,408.5950012207031,408.5950012207031
2025-11-18T18:40:00Z,409.2349853515625,409.2349853515625,409.2349853515625,409.2349853515625,409.2349853515625,144.0,409.2349853515625,409.2349853515625,409.2349853515625,409.2349853515625
2025-11-18T18:42:00Z,409.3399963378906,409.3399963378906,409.3399963378906,409.3399963378906,409.3399963378906,117.0,409.3399963378906,409.3399963378906,409.3399963378906,409.3399963378906
2025-11-18T18:43:00Z,409.2699890136719,409.2699890136719,409.2699890136719,409.2699890136719,409.2699890136719,102.0,409.2699890136719,409.2699890136719,409.2699890136719,409.2699890136719
2025-11-18T18:44:00Z,408.7200012207031,408.7200012207031,408.7200012207031,408.7200012207031,408.7200012207031,52.0,408.7200012207031,408.7200012207031,408.7200012207031,408.7200012207031
2025-11-18T18:45:00Z,408.260009765625,409.2149963378906,408.260009765625,409.2149963378906,409.2149963378906,492.0,408.260009765625,409.2149963378906,408.260009765625,409.2149963378906
2025-11-18T18:46:00Z,409.215087890625,409.739990234375,409.215087890625,409.739990234375,409.739990234375,425.0,409.215087890625,409.739990234375,409.215087890625,409.739990234375
2025-11-18T18:48:00Z,409.510009765625,409.739990234375,409.4700012207031,409.739990234375,409.739990234375,940.0,409.510009765625,409.739990234375,409.4700012207031,409.739990234375
2025-11-18T18:53:00Z,409.5325012207031,409.56500244140625,408.9599914550781,409.0,409.0,785.0,409.5325012207031,409.56500244140625,408.9599914550781,409.0
2025-11-18T18:54:00Z,408.80999755859375,408.9700012207031,408.70001220703125,408.70001220703125,408.70001220703125,592.0,408.80999755859375,408.9700012207031,408.70001220703125,408.70001220703125
2025-11-18T18:55:00Z,408.9599914550781,408.9599914550781,408.9599914550781,408.9599914550781,408.9599914550781,558.0,408.9599914550781,408.9599914550781,408.9599914550781,408.9599914550781
2025-11-18T18:56:00Z,408.6300048828125,408.9700012207031,408.6300048828125,408.9599914550781,408.9599914550781,733.0,408.6300048828125,408.9700012207031,408.6300048828125,408.9599914550781
2025-11-18T18:58:00Z,408.9599914550781,408.9599914550781,408.9599914550781,408.9599914550781,408.9599914550781,309.0,408.9599914550781,408.9599914550781,408.9599914550781,408.9599914550781
2025-11-18T18:59:00Z,408.94000244140625,408.94000244140625,408.94000244140625,408.94000244140625,408.94000244140625,111.0,408.94000244140625,408.94000244140625,408.94000244140625,408.94000244140625
2025-11-18T19:00:00Z,409.1199951171875,409.1199951171875,408.9599914550781,408.9599914550781,408.9599914550781,447.0,409.1199951171875,409.1199951171875,408.9599914550781,408.9599914550781
2025-11-18T19:01:00Z,409.0,409.0,409.0,409.0,409.0,101.0,409.0,409.0,409.0,409.0
2025-11-18T19:03:00Z,409.0,409.0,408.8399963378906,408.8399963378906,408.8399963378906,549.0,409.0,409.0,408.8399963378906,408.8399963378906
2025-11-18T19:04:00Z,408.6700134277344,408.6700134277344,408.6700134277344,408.6700134277344,408.6700134277344,64.0,408.6700134277344,408.6700134277344,408.6700134277344,408.6700134277344
2025-11-18T19:05:00Z,408.3699951171875,408.95001220703125,408.3699951171875,408.95001220703125,408.95001220703125,435.0,408.3699951171875,408.95001220703125,408.3699951171875,408.95001220703125
2025-11-18T19:07:00Z,408.9150085449219,408.9849853515625,408.6400146484375,408.93499755859375,408.93499755859375,427.0,408.9150085449219,408.9849853515625,408.6400146484375,408.93499755859375
2025-11-18T19:08:00Z,409.0,409.0,408.93499755859375,408.93499755859375,408.93499755859375,460.0,409.0,409.0,408.93499755859375,408.93499755859375
2025-11-18T19:09:00Z,408.8800048828125,408.9200134277344,408.8800048828125,408.9200134277344,408.9200134277344,371.0,408.8800048828125,408.9200134277344,408.8800048828125,408.9200134277344
2025-11-18T19:10:00Z,408.9100036621094,409.0,408.9100036621094,408.9549865722656,408.9549865722656,408.0,408.9100036621094,409.0,408.9100036621094,408.9549865722656
2025-11-18T19:11:00Z,408.9100036621094,408.9100036621094,408.8299865722656,408.8299865722656,408.8299865722656,402.0,408.9100036621094,408.9100036621094,408.8299865722656,408.8299865722656
2025-11-18T19:13:00Z,408.9100036621094,408.9949951171875,408.6300048828125,408.8900146484375,408.8900146484375,1529.0,408.9100036621094,408.9949951171875,408.6300048828125,408.8900146484375
2025-11-18T19:17:00Z,408.9700012207031,408.9700012207031,408.9700012207031,408.9700012207031,408.9700012207031,263.0,408.9700012207031,408.9700012207031,408.9700012207031,408.9700012207031
2025-11-18T19:18:00Z,408.9750061035156,409.29998779296875,408.9750061035156,409.2799987792969,409.2799987792969,559.0,408.9750061035156,409.29998779296875,408.9750061035156,409.2799987792969
2025-11-18T19:19:00Z,409.54998779296875,409.57000732421875,409.54998779296875,409.57000732421875,409.57000732421875,612.0,409.54998779296875,409.57000732421875,409.54998779296875,409.57000732421875
2025-11-18T19:21:00Z,409.54998779296875,409.67498779296875,409.5450134277344,409.5450134277344,409.5450134277344,315.0,409.54998779296875,409.67498779296875,409.5450134277344,409.5450134277344
2025-11-18T19:22:00Z,409.63238525390625,409.80999755859375,409.63238525390625,409.80999755859375,409.80999755859375,336.0,409.63238525390625,409.80999755859375,409.63238525390625,409.80999755859375
2025-11-18T19:23:00Z,409.2099914550781,409.5899963378906,409.2099914550781,409.3800048828125,409.3800048828125,334.0,409.2099914550781,409.5899963378906,409.2099914550781,409.3800048828125
2025-11-18T19:24:00Z,409.2099914550781,409.2099914550781,409.0899963378906,409.0899963378906,409.0899963378906,680.0,409.2099914550781,409.2099914550781,409.0899963378906,409.0899963378906
2025-11-18T19:26:00Z,409.3609924316406,409.4949951171875,409.3609924316406,409.4949951171875,409.4949951171875,334.0,409.3609924316406,409.4949951171875,409.3609924316406,409.4949951171875
2025-11-18T19:27:00Z,409.4949951171875,409.4949951171875,409.4800109863281,409.4800109863281,409.4800109863281,556.0,409.4949951171875,409.4949951171875,409.4800109863281,409.4800109863281
2025-11-18T19:29:00Z,409.8800048828125,409.8800048828125,409.4949951171875,409.4949951171875,409.4949951171875,182.0,409.8800048828125,409.8800048828125,409.4949951171875,409.4949951171875
2025-11-18T19:30:00Z,409.7900085449219,409.9100036621094,409.57000732421875,409.75,409.75,685.0,409.7900085449219,409.9100036621094,409.57000732421875,409.75
2025-11-18T19:31:00Z,409.7099914550781,409.7550048828125,409.7099914550781,409.7550048828125,409.7550048828125,169.0,409.7099914550781,409.7550048828125,409.7099914550781,409.7550048828125
2025-11-18T19:32:00Z,409.67999267578125,409.760009765625,409.67999267578125,409.7550048828125,409.7550048828125,496.0,409.67999267578125,409.760009765625,409.67999267578125,409.7550048828125
2025-11-18T19:33:00Z,409.7550048828125,409.7550048828125,409.75,409.7550048828125,409.7550048828125,508.0,409.7550048828125,409.7550048828125,409.75,409.7550048828125
2025-11-18T19:35:00Z,409.8900146484375,409.989990234375,409.8900146484375,409.989990234375,409.989990234375,723.0,409.8900146484375,409.989990234375,409.8900146484375,409.989990234375
2025-11-18T19:36:00Z,410.0,410.1000061035156,410.0,410.1000061035156,410.1000061035156,798.0,410.0,410.1000061035156,410.0,410.1000061035156
2025-11-18T19:37:00Z,410.2900085449219,410.3599853515625,410.2900085449219,410.3599853515625,410.3599853515625,557.0,410.2900085449219,410.3599853515625,410.2900085449219,410.3599853515625
2025-11-18T19:38:00Z,410.1300048828125,410.1300048828125,410.04998779296875,410.04998779296875,410.04998779296875,496.0,410.1300048828125,410.1300048828125,410.04998779296875,410.04998779296875
2025-11-18T19:40:00Z,410.2300109863281,410.2300109863281,410.1400146484375,410.1400146484375,410.1400146484375,314.0,410.2300109863281,410.2300109863281,410.1400146484375,410.1400146484375
2025-11-18T19:43:00Z,409.75,410.1700134277344,409.75,410.1700134277344,410.1700134277344,252.0,409.75,410.1700134277344,409.75,410.1700134277344
2025-11-18T19:44:00Z,410.1700134277344,410.20001220703125,410.1499938964844,410.20001220703125,410.20001220703125,1011.0,410.1700134277344,410.20001220703125,410.1499938964844,410.20001220703125
2025-11-18T19:45:00Z,410.20001220703125,410.3999938964844,410.20001220703125,410.20001220703125,410.20001220703125,513.0,410.20001220703125,410.3999938964844,410.20001220703125,410.20001220703125
2025-11-18T19:46:00Z,410.20001220703125,410.30999755859375,409.677490234375,409.677490234375,409.677490234375,1062.0,410.20001220703125,410.30999755859375,409.677490234375,409.677490234375
2025-11-18T19:47:00Z,409.75,409.9800109863281,409.75,409.9800109863281,409.9800109863281,872.0,409.75,409.9800109863281,409.75,409.9800109863281
2025-11-18T19:50:00Z,409.42999267578125,409.42999267578125,408.7900085449219,409.2799987792969,409.2799987792969,1401.0,409.42999267578125,409.42999267578125,408.7900085449219,409.2799987792969
2025-11-18T19:51:00Z,409.4100036621094,409.4100036621094,409.4100036621094,409.4100036621094,409.4100036621094,106.0,409.4100036621094,409.4100036621094,409.4100036621094,409.4100036621094
2025-11-18T19:52:00Z,409.0950012207031,409.0950012207031,409.0950012207031,409.0950012207031,409.0950012207031,140.0,409.0950012207031,409.0950012207031,409.0950012207031,409.0950012207031
2025-11-18T19:55:00Z,409.1700134277344,409.1700134277344,409.1700134277344,409.1700134277344,409.1700134277344,256.0,409.1700134277344,409.1700134277344,409.1700134277344,409.1700134277344
2025-11-18T19:56:00Z,409.4100036621094,409.4100036621094,409.4100036621094,409.4100036621094,409.4100036621094,164.0,409.4100036621094,409.4100036621094,409.4100036621094,409.4100036621094
2025-11-18T19:57:00Z,409.19000244140625,409.19000244140625,409.19000244140625,409.19000244140625,409.19000244140625,143.0,409.19000244140625,409.19000244140625,409.19000244140625,409.19000244140625
2025-11-18T19:58:00Z,409.5199890136719,409.5199890136719,409.1600036621094,409.1600036621094,409.1600036621094,235.0,409.5199890136719,409.5199890136719,409.1600036621094,409.1600036621094
2025-11-18T19:59:00Z,409.260009765625,409.927490234375,409.260009765625,409.927490234375,409.927490234375,1111.0,409.260009765625,409.927490234375,409.260009765625,409.927490234375
2025-11-18T20:00:00Z,409.927490234375,410.239990234375,409.927490234375,410.239990234375,410.239990234375,414.0,409.927490234375,410.239990234375,409.927490234375,410.239990234375
2025-11-18T20:01:00Z,410.1600036621094,410.2149963378906,409.8500061035156,410.2149963378906,410.2149963378906,1647.0,410.1600036621094,410.2149963378906,409.8500061035156,410.2149963378906
2025-11-18T20:02:00Z,410.2149963378906,410.2149963378906,410.0299987792969,410.2149963378906,410.2149963378906,814.0,410.2149963378906,410.2149963378906,410.0299987792969,410.2149963378906
2025-11-18T20:04:00Z,410.2149963378906,410.364990234375,410.0799865722656,410.2950134277344,410.2950134277344,1186.0,410.2149963378906,410.364990234375,410.0799865722656,410.2950134277344
2025-11-18T20:05:00Z,410.3550109863281,410.3550109863281,410.1000061035156,410.2300109863281,410.2300109863281,767.0,410.3550109863281,410.3550109863281,410.1000061035156,410.2300109863281
2025-11-18T20:06:00Z,410.3399963378906,410.3399963378906,409.9100036621094,410.0950012207031,410.0950012207031,2386.0,410.3399963378906,410.3399963378906,409.9100036621094,410.0950012207031
2025-11-18T20:07:00Z,410.1000061035156,410.1000061035156,410.1000061035156,410.1000061035156,410.1000061035156,116.0,410.1000061035156,410.1000061035156,410.1000061035156,410.1000061035156
2025-11-18T20:08:00Z,410.1000061035156,410.1050109863281,410.0199890136719,410.0950012207031,410.0950012207031,544.0,410.1000061035156,410.1050109863281,410.0199890136719,410.0950012207031
2025-11-18T20:09:00Z,410.0249938964844,410.1260070800781,409.9800109863281,409.989990234375,409.989990234375,383.0,410.0249938964844,410.1260070800781,409.9800109863281,409.989990234375
2025-11-18T20:10:00Z,409.9599914550781,409.9599914550781,409.9100036621094,409.95001220703125,409.95001220703125,520.0,409.9599914550781,409.9599914550781,409.9100036621094,409.95001220703125
2025-11-18T20:11:00Z,409.9150085449219,409.9150085449219,409.3999938964844,409.4100036621094,409.4100036621094,969.0,409.9150085449219,409.9150085449219,409.3999938964844,409.4100036621094
2025-11-18T20:12:00Z,409.6000061035156,409.6000061035156,409.2950134277344,409.2950134277344,409.2950134277344,511.0,409.6000061035156,409.6000061035156,409.2950134277344,409.2950134277344
2025-11-18T20:13:00Z,409.3299865722656,409.3299865722656,409.3110046386719,409.3110046386719,409.3110046386719,207.0,409.3299865722656,409.3299865722656,409.3110046386719,409.3110046386719
2025-11-18T20:14:00Z,409.55999755859375,409.80999755859375,409.5400085449219,409.5799865722656,409.5799865722656,1592.0,409.55999755859375,409.80999755859375,409.5400085449219,409.5799865722656
2025-11-18T20:16:00Z,410.3299865722656,410.3299865722656,410.3299865722656,410.3299865722656,410.3299865722656,339.0,410.3299865722656,410.3299865722656,410.3299865722656,410.3299865722656
2025-11-18T20:19:00Z,410.1400146484375,410.322509765625,410.07000732421875,410.07000732421875,410.07000732421875,585.0,410.1400146484375,410.322509765625,410.07000732421875,410.07000732421875
2025-11-18T20:20:00Z,410.2699890136719,410.2699890136719,410.2699890136719,410.2699890136719,410.2699890136719,445.0,410.2699890136719,410.2699890136719,410.2699890136719,410.2699890136719
2025-11-18T20:21:00Z,410.5899963378906,410.6499938964844,410.5849914550781,410.6499938964844,410.6499938964844,739.0,410.5899963378906,410.6499938964844,410.5849914550781,410.6499938964844
2025-11-18T20:22:00Z,410.6300048828125,410.6499938964844,410.510009765625,410.54998779296875,410.54998779296875,1445.0,410.6300048828125,410.6499938964844,410.510009765625,410.54998779296875
2025-11-18T20:23:00Z,410.4150085449219,410.4150085449219,409.9549865722656,409.9549865722656,409.9549865722656,298.0,410.4150085449219,410.4150085449219,409.9549865722656,409.9549865722656
2025-11-18T20:24:00Z,409.9549865722656,410.07000732421875,409.93499755859375,409.93499755859375,409.93499755859375,809.0,409.9549865722656,410.07000732421875,409.93499755859375,409.93499755859375
2025-11-18T20:25:00Z,410.239990234375,410.25,409.8699951171875,409.8699951171875,409.8699951171875,641.0,410.239990234375,410.25,409.8699951171875,409.8699951171875
2025-11-18T20:27:00Z,410.07000732421875,410.07000732421875,410.07000732421875,410.07000732421875,410.07000732421875,203.0,410.07000732421875,410.07000732421875,410.07000732421875,410.07000732421875
2025-11-18T20:28:00Z,409.7200012207031,409.7200012207031,409.7049865722656,409.7200012207031,409.7200012207031,677.0,409.7200012207031,409.7200012207031,409.7049865722656,409.7200012207031
2025-11-18T20:29:00Z,410.0799865722656,410.0799865722656,410.0799865722656,410.0799865722656,410.0799865722656,216.0,410.0799865722656,410.0799865722656,410.0799865722656,410.0799865722656
2025-11-18T20:30:00Z,410.0799865722656,410.4100036621094,410.07000732421875,410.4100036621094,410.4100036621094,1262.0,410.0799865722656,410.4100036621094,410.07000732421875,410.4100036621094
2025-11-18T20:31:00Z,410.239990234375,410.4100036621094,410.2099914550781,410.2749938964844,410.2749938964844,1810.0,410.239990234375,410.4100036621094,410.2099914550781,410.2749938964844
2025-11-18T20:32:00Z,410.2650146484375,410.2650146484375,410.0249938964844,410.0249938964844,410.0249938964844,374.0,410.2650146484375,410.2650146484375,410.0249938964844,410.0249938964844
2025-11-18T20:34:00Z,410.45001220703125,410.45001220703125,410.30999755859375,410.30999755859375,410.30999755859375,189.0,410.45001220703125,410.45001220703125,410.30999755859375,410.30999755859375
2025-11-18T20:35:00Z,410.4800109863281,410.7799987792969,410.42999267578125,410.42999267578125,410.42999267578125,2212.0,410.4800109863281,410.7799987792969,410.42999267578125,410.42999267578125
2025-11-18T20:36:00Z,410.55999755859375,410.6300048828125,410.55999755859375,410.6300048828125,410.6300048828125,406.0,410.55999755859375,410.6300048828125,410.55999755859375,410.6300048828125
2025-11-18T20:37:00Z,410.239990234375,410.42999267578125,410.239990234375,410.42999267578125,410.42999267578125,437.0,410.239990234375,410.42999267578125,410.239990234375,410.42999267578125
2025-11-18T20:38:00Z,410.8299865722656,410.8299865722656,410.4602966308594,410.4602966308594,410.4602966308594,680.0,410.8299865722656,410.8299865722656,410.4602966308594,410.4602966308594
2025-11-18T20:41:00Z,410.30999755859375,410.6400146484375,410.30999755859375,410.6400146484375,410.6400146484375,238.0,410.30999755859375,410.6400146484375,410.30999755859375,410.6400146484375
2025-11-18T20:42:00Z,410.6499938964844,410.7900085449219,410.6400146484375,410.7799987792969,410.7799987792969,633.0,410.6499938964844,410.7900085449219,410.6400146484375,410.7799987792969
2025-11-18T20:43:00Z,410.7699890136719,410.7900085449219,410.3599853515625,410.3599853515625,410.3599853515625,433.0,410.7699890136719,410.7900085449219,410.3599853515625,410.3599853515625
2025-11-18T20:44:00Z,410.5400085449219,410.5400085449219,410.5400085449219,410.5400085449219,410.5400085449219,341.0,410.5400085449219,410.5400085449219,410.5400085449219,410.5400085449219
2025-11-18T20:45:00Z,410.260009765625,410.5400085449219,410.19000244140625,410.5400085449219,410.5400085449219,1545.0,410.260009765625,410.5400085449219,410.19000244140625,410.5400085449219
2025-11-18T20:46:00Z,410.3699951171875,410.385009765625,410.1700134277344,410.17999267578125,410.17999267578125,1461.0,410.3699951171875,410.385009765625,410.1700134277344,410.17999267578125
2025-11-18T20:47:00Z,410.010009765625,410.0299987792969,409.760009765625,410.0299987792969,410.0299987792969,2001.0,410.010009765625,410.0299987792969,409.760009765625,410.0299987792969
2025-11-18T20:48:00Z,410.05999755859375,410.3599853515625,410.0400085449219,410.3599853515625,410.3599853515625,1750.0,410.05999755859375,410.3599853515625,410.0400085449219,410.3599853515625
2025-11-18T20:49:00Z,410.0350036621094,410.45001220703125,410.0350036621094,410.1549987792969,410.1549987792969,2073.0,410.0350036621094,410.45001220703125,410.0350036621094,410.1549987792969
2025-11-18T20:50:00Z,410.5,410.81500244140625,410.4700012207031,410.81500244140625,410.81500244140625,1645.0,410.5,410.81500244140625,410.4700012207031,410.81500244140625
2025-11-18T20:51:00Z,410.5299987792969,411.5199890136719,410.5299987792969,411.5199890136719,411.5199890136719,1425.0,410.5299987792969,411.5199890136719,410.5299987792969,411.5199890136719
2025-11-18T20:52:00Z,411.125,411.125,410.75,410.75,410.75,589.0,411.125,411.125,410.75,410.75
2025-11-18T20:53:00Z,410.8399963378906,411.1099853515625,410.7799987792969,410.8399963378906,410.8399963378906,876.0,410.8399963378906,411.1099853515625,410.7799987792969,410.8399963378906
2025-11-18T20:54:00Z,410.8399963378906,410.8399963378906,410.5299987792969,410.614990234375,410.614990234375,3098.0,410.8399963378906,410.8399963378906,410.5299987792969,410.614990234375
2025-11-18T20:55:00Z,410.614990234375,411.010009765625,410.5400085449219,410.82000732421875,410.82000732421875,3615.0,410.614990234375,411.010009765625,410.5400085449219,410.82000732421875
2025-11-18T20:56:00Z,410.8299865722656,410.8699951171875,410.6400146484375,410.82000732421875,410.82000732421875,3506.0,410.8299865722656,410.8699951171875,410.6400146484375,410.82000732421875
2025-11-18T20:57:00Z,410.8500061035156,410.8500061035156,410.45001220703125,410.7099914550781,410.7099914550781,10222.0,410.8500061035156,410.8500061035156,410.45001220703125,410.7099914550781
2025-11-18T20:58:00Z,410.79998779296875,411.0,410.4200134277344,410.6600036621094,410.6600036621094,8072.0,410.79998779296875,411.0,410.4200134277344,410.6600036621094
2025-11-18T20:59:00Z,410.79998779296875,411.82501220703125,410.54998779296875,411.82000732421875,411.82000732421875,22952.0,410.79998779296875,411.82501220703125,410.54998779296875,411.82000732421875
2025-11-19T14:30:00Z,412.82000732421875,412.82000732421875,412.82000732421875,412.82000732421875,412.82000732421875,1902.0,412.82000732421875,412.82000732421875,412.82000732421875,412.82000732421875
2025-11-19T14:34:00Z,410.489990234375,413.3399963378906,404.42999267578125,410.7149963378906,410.7149963378906,442.0,410.489990234375,413.3399963378906,404.42999267578125,410.7149963378906
2025-11-19T14:35:00Z,413.06500244140625,413.06500244140625,411.739990234375,411.92999267578125,411.92999267578125,530.0,413.06500244140625,413.06500244140625,411.739990234375,411.92999267578125
2025-11-19T14:36:00Z,412.0,412.0,412.0,412.0,412.0,243.0,412.0,412.0,412.0,412.0
2025-11-19T14:41:00Z,409.9700012207031,410.6499938964844,409.9700012207031,410.6499938964844,410.6499938964844,846.0,409.9700012207031,410.6499938964844,409.9700012207031,410.6499938964844
2025-11-19T14:45:00Z,410.17999267578125,410.17999267578125,410.17999267578125,410.17999267578125,410.17999267578125,335.0,410.17999267578125,410.17999267578125,410.17999267578125,410.17999267578125
2025-11-19T14:47:00Z,410.1400146484375,410.1700134277344,410.1400146484375,410.1400146484375,410.1400146484375,286.0,410.1400146484375,410.1700134277344,410.1400146484375,410.1400146484375
2025-11-19T14:48:00Z,410.1400146484375,410.1400146484375,410.1400146484375,410.1400146484375,410.1400146484375,159.0,410.1400146484375,410.1400146484375,410.1400146484375,410.1400146484375
2025-11-19T14:52:00Z,410.1400146484375,410.1400146484375,410.1400146484375,410.1400146484375,410.1400146484375,63.0,410.1400146484375,410.1400146484375,410.1400146484375,410.1400146484375
2025-11-19T14:55:00Z,408.7349853515625,410.0450134277344,408.7349853515625,410.0450134277344,410.0450134277344,193.0,408.7349853515625,410.0450134277344,408.7349853515625,410.0450134277344
2025-11-19T14:56:00Z,409.3500061035156,409.3500061035156,409.3500061035156,409.3500061035156,409.3500061035156,100.0,409.3500061035156,409.3500061035156,409.3500061035156,409.3500061035156
2025-11-19T14:58:00Z,409.5400085449219,409.5400085449219,409.5400085449219,409.5400085449219,409.5400085449219,63.0,409.5400085449219,409.5400085449219,409.5400085449219,409.5400085449219
2025-11-19T14:59:00Z,410.55999755859375,410.55999755859375,409.5675048828125,409.5675048828125,409.5675048828125,259.0,410.55999755859375,410.55999755859375,409.5675048828125,409.5675048828125
2025-11-19T15:01:00Z,410.3999938964844,410.3999938964844,410.3999938964844,410.3999938964844,410.3999938964844,372.0,410.3999938964844,410.3999938964844,410.3999938964844,410.3999938964844
2025-11-19T15:04:00Z,410.6300048828125,410.6300048828125,410.6300048828125,410.6300048828125,410.6300048828125,197.0,410.6300048828125,410.6300048828125,410.6300048828125,410.6300048828125
2025-11-19T15:05:00Z,410.4700012207031,410.4700012207031,410.260009765625,410.260009765625,410.260009765625,160.0,410.4700012207031,410.4700012207031,410.260009765625,410.260009765625
2025-11-19T15:07:00Z,410.5799865722656,411.32000732421875,410.5799865722656,411.32000732421875,411.32000732421875,566.0,410.5799865722656,411.32000732421875,410.5799865722656,411.32000732421875
2025-11-19T15:08:00Z,411.1700134277344,412.2799987792969,411.1600036621094,412.2799987792969,412.2799987792969,1065.0,411.1700134277344,412.2799987792969,411.1600036621094,412.2799987792969
2025-11-19T15:09:00Z,412.6499938964844,412.6499938964844,412.6499938964844,412.6499938964844,412.6499938964844,117.0,412.6499938964844,412.6499938964844,412.6499938964844,412.6499938964844
2025-11-19T15:10:00Z,412.45001220703125,412.45001220703125,412.45001220703125,412.45001220703125,412.45001220703125,133.0,412.45001220703125,412.45001220703125,412.45001220703125,412.45001220703125
2025-11-19T15:11:00Z,413.25,413.25,413.25,413.25,413.25,151.0,413.25,413.25,413.25,413.25
2025-11-19T15:13:00Z,413.1199951171875,413.1199951171875,413.1199951171875,413.1199951171875,413.1199951171875,474.0,413.1199951171875,413.1199951171875,413.1199951171875,413.1199951171875
2025-11-19T15:17:00Z,414.4700012207031,414.79998779296875,414.24749755859375,414.79998779296875,414.79998779296875,784.0,414.4700012207031,414.79998779296875,414.24749755859375,414.79998779296875
2025-11-19T15:18:00Z,415.0,415.760009765625,414.739990234375,415.760009765625,415.760009765625,811.0,415.0,415.760009765625,414.739990234375,415.760009765625
2025-11-19T15:19:00Z,414.7200012207031,414.7200012207031,414.7200012207031,414.7200012207031,414.7200012207031,121.0,414.7200012207031,414.7200012207031,414.7200012207031,414.7200012207031
2025-11-19T15:20:00Z,416.0299987792969,416.0299987792969,416.0299987792969,416.0299987792969,416.0299987792969,58.0,416.0299987792969,416.0299987792969,416.0299987792969,416.0299987792969
2025-11-19T15:21:00Z,414.1202087402344,414.4849853515625,414.1202087402344,414.4849853515625,414.4849853515625,479.0,414.1202087402344,414.4849853515625,414.1202087402344,414.4849853515625
2025-11-19T15:25:00Z,414.7699890136719,414.7699890136719,414.7699890136719,414.7699890136719,414.7699890136719,278.0,414.7699890136719,414.7699890136719,414.7699890136719,414.7699890136719
2025-11-19T15:28:00Z,412.70001220703125,412.70001220703125,412.70001220703125,412.70001220703125,412.70001220703125,154.0,412.70001220703125,412.70001220703125,412.70001220703125,412.70001220703125
2025-11-19T15:29:00Z,412.2673034667969,412.2673034667969,412.2673034667969,412.2673034667969,412.2673034667969,80.0,412.2673034667969,412.2673034667969,412.2673034667969,412.2673034667969
2025-11-19T15:30:00Z,413.9949951171875,413.9949951171875,413.9949951171875,413.9949951171875,413.9949951171875,398.0,413.9949951171875,413.9949951171875,413.9949951171875,413.9949951171875
2025-11-19T15:32:00Z,413.80999755859375,413.80999755859375,413.80999755859375,413.80999755859375,413.80999755859375,328.0,413.80999755859375,413.80999755859375,413.80999755859375,413.80999755859375
2025-11-19T15:34:00Z,414.2200012207031,414.2200012207031,414.2200012207031,414.2200012207031,414.2200012207031,183.0,414.2200012207031,414.2200012207031,414.2200012207031,414.2200012207031
2025-11-19T15:35:00Z,414.0,414.0,414.0,414.0,414.0,235.0,414.0,414.0,414.0,414.0
2025-11-19T15:36:00Z,414.0,414.2799987792969,414.0,414.0,414.0,550.0,414.0,414.2799987792969,414.0,414.0
2025-11-19T15:38:00Z,414.3599853515625,414.3599853515625,414.3599853515625,414.3599853515625,414.3599853515625,125.0,414.3599853515625,414.3599853515625,414.3599853515625,414.3599853515625
2025-11-19T15:39:00Z,413.6025085449219,413.8399963378906,413.6025085449219,413.82000732421875,413.82000732421875,550.0,413.6025085449219,413.8399963378906,413.6025085449219,413.82000732421875
2025-11-19T15:40:00Z,414.2200012207031,414.2200012207031,414.2200012207031,414.2200012207031,414.2200012207031,134.0,414.2200012207031,414.2200012207031,414.2200012207031,414.2200012207031
2025-11-19T15:42:00Z,414.17999267578125,414.17999267578125,414.17999267578125,414.17999267578125,414.17999267578125,179.0,414.17999267578125,414.17999267578125,414.17999267578125,414.17999267578125
2025-11-19T15:44:00Z,414.3800048828125,414.3800048828125,414.3800048828125,414.3800048828125,414.3800048828125,463.0,414.3800048828125,414.3800048828125,414.3800048828125,414.3800048828125
2025-11-19T15:47:00Z,413.989990234375,414.2300109863281,413.3599853515625,414.2300109863281,414.2300109863281,1819.0,413.989990234375,414.2300109863281,413.3599853515625,414.2300109863281
2025-11-19T15:48:00Z,414.0299987792969,414.489990234375,413.3500061035156,414.44000244140625,414.44000244140625,1986.0,414.0299987792969,414.489990234375,413.3500061035156,414.44000244140625
2025-11-19T15:49:00Z,413.95001220703125,413.9599914550781,413.95001220703125,413.9599914550781,413.9599914550781,179.0,413.95001220703125,413.9599914550781,413.95001220703125,413.9599914550781
2025-11-19T15:50:00Z,413.9750061035156,414.0,413.9750061035156,413.9849853515625,413.9849853515625,564.0,413.9750061035156,414.0,413.9750061035156,413.9849853515625
2025-11-19T15:51:00Z,414.0,414.0,413.80499267578125,413.80499267578125,413.80499267578125,563.0,414.0,414.0,413.80499267578125,413.80499267578125
2025-11-19T15:52:00Z,414.0,414.0,414.0,414.0,414.0,271.0,414.0,414.0,414.0,414.0
2025-11-19T15:53:00Z,414.17999267578125,414.489990234375,414.17999267578125,414.489990234375,414.489990234375,936.0,414.17999267578125,414.489990234375,414.17999267578125,414.489990234375
2025-11-19T15:56:00Z,414.0,414.25,413.7850036621094,413.9599914550781,413.9599914550781,12381.0,414.0,414.25,413.7850036621094,413.9599914550781
2025-11-19T15:57:00Z,413.9599914550781,414.2900085449219,413.4049987792969,414.2900085449219,414.2900085449219,5854.0,413.9599914550781,414.2900085449219,413.4049987792969,414.2900085449219
2025-11-19T15:58:00Z,414.2300109863281,414.2300109863281,413.1199951171875,413.2099914550781,413.2099914550781,2539.0,414.2300109863281,414.2300109863281,413.1199951171875,413.2099914550781
2025-11-19T16:00:00Z,412.5249938964844,412.5249938964844,412.5249938964844,412.5249938964844,412.5249938964844,424.0,412.5249938964844,412.5249938964844,412.5249938964844,412.5249938964844
2025-11-19T16:03:00Z,412.5,412.5,412.5,412.5,412.5,355.0,412.5,412.5,412.5,412.5
2025-11-19T16:06:00Z,412.0,412.0,411.9549865722656,412.0,412.0,713.0,412.0,412.0,411.9549865722656,412.0
2025-11-19T16:09:00Z,412.510009765625,412.510009765625,412.510009765625,412.510009765625,412.510009765625,425.0,412.510009765625,412.510009765625,412.510009765625,412.510009765625
2025-11-19T16:10:00Z,413.1000061035156,413.2099914550781,413.0,413.2099914550781,413.2099914550781,522.0,413.1000061035156,413.2099914550781,413.0,413.2099914550781
2025-11-19T16:12:00Z,413.04998779296875,413.04998779296875,413.04998779296875,413.04998779296875,413.04998779296875,152.0,413.04998779296875,413.04998779296875,413.04998779296875,413.04998779296875
2025-11-19T16:16:00Z,412.95001220703125,412.95001220703125,412.95001220703125,412.95001220703125,412.95001220703125,171.0,412.95001220703125,412.95001220703125,412.95001220703125,412.95001220703125
2025-11-19T16:18:00Z,412.6300048828125,412.6300048828125,412.0,412.0,412.0,426.0,412.6300048828125,412.6300048828125,412.0,412.0
2025-11-19T16:19:00Z,411.9549865722656,412.0,411.9549865722656,411.9549865722656,411.9549865722656,631.0,411.9549865722656,412.0,411.9549865722656,411.9549865722656
2025-11-19T16:21:00Z,412.3450012207031,412.3450012207031,412.3450012207031,412.3450012207031,412.3450012207031,252.0,412.3450012207031,412.3450012207031,412.3450012207031,412.3450012207031
2025-11-19T16:23:00Z,411.9100036621094,411.9549865722656,411.9100036621094,411.9549865722656,411.9549865722656,284.0,411.9100036621094,411.9549865722656,411.9100036621094,411.9549865722656
2025-11-19T16:24:00Z,411.9800109863281,411.9800109863281,411.94500732421875,411.94500732421875,411.94500732421875,1465.0,411.9800109863281,411.9800109863281,411.94500732421875,411.94500732421875
2025-11-19T16:25:00Z,411.9800109863281,411.9800109863281,411.9800109863281,411.9800109863281,411.9800109863281,197.0,411.9800109863281,411.9800109863281,411.9800109863281,411.9800109863281
2025-11-19T16:27:00Z,412.4599914550781,412.6400146484375,412.2799987792969,412.6400146484375,412.6400146484375,320.0,412.4599914550781,412.6400146484375,412.2799987792969,412.6400146484375
2025-11-19T16:28:00Z,412.2850036621094,412.2850036621094,412.2850036621094,412.2850036621094,412.2850036621094,104.0,412.2850036621094,412.2850036621094,412.2850036621094,412.2850036621094
2025-11-19T16:29:00Z,411.9800109863281,411.9800109863281,411.96099853515625,411.96099853515625,411.96099853515625,939.0,411.9800109863281,411.9800109863281,411.96099853515625,411.96099853515625
2025-11-19T16:30:00Z,411.9800109863281,412.2300109863281,411.94500732421875,411.9800109863281,411.9800109863281,2864.0,411.9800109863281,412.2300109863281,411.94500732421875,411.9800109863281
2025-11-19T16:31:00Z,411.9800109863281,411.9800109863281,411.5849914550781,411.6000061035156,411.6000061035156,7603.0,411.9800109863281,411.9800109863281,411.5849914550781,411.6000061035156
2025-11-19T16:32:00Z,411.6400146484375,411.6700134277344,411.6400146484375,411.6700134277344,411.6700134277344,199.0,411.6400146484375,411.6700134277344,411.6400146484375,411.6700134277344
2025-11-19T16:34:00Z,411.6650085449219,412.0,411.6650085449219,411.6700134277344,411.6700134277344,991.0,411.6650085449219,412.0,411.6650085449219,411.6700134277344
2025-11-19T16:35:00Z,412.1400146484375,412.1700134277344,411.67999267578125,411.67999267578125,411.67999267578125,1132.0,412.1400146484375,412.1700134277344,411.67999267578125,411.67999267578125
2025-11-19T16:36:00Z,411.4800109863281,411.5400085449219,411.4800109863281,411.5400085449219,411.5400085449219,172.0,411.4800109863281,411.5400085449219,411.4800109863281,411.5400085449219
2025-11-19T16:38:00Z,411.5150146484375,411.5150146484375,411.5150146484375,411.5150146484375,411.5150146484375,211.0,411.5150146484375,411.5150146484375,411.5150146484375,411.5150146484375
2025-11-19T16:39:00Z,412.0799865722656,412.1199951171875,412.0799865722656,412.1199951171875,412.1199951171875,149.0,412.0799865722656,412.1199951171875,412.0799865722656,412.1199951171875
2025-11-19T16:40:00Z,412.1700134277344,412.19000244140625,412.1700134277344,412.19000244140625,412.19000244140625,333.0,412.1700134277344,412.19000244140625,412.1700134277344,412.19000244140625
2025-11-19T16:41:00Z,411.5799865722656,411.9599914550781,411.5799865722656,411.92999267578125,411.92999267578125,325.0,411.5799865722656,411.9599914550781,411.5799865722656,411.92999267578125
2025-11-19T16:42:00Z,412.2799987792969,412.4700012207031,412.239990234375,412.4700012207031,412.4700012207031,394.0,412.2799987792969,412.4700012207031,412.239990234375,412.4700012207031
2025-11-19T16:43:00Z,412.510009765625,412.8800048828125,412.510009765625,412.79998779296875,412.79998779296875,835.0,412.510009765625,412.8800048828125,412.510009765625,412.79998779296875
2025-11-19T16:44:00Z,412.6099853515625,412.6099853515625,412.5899963378906,412.5899963378906,412.5899963378906,200.0,412.6099853515625,412.6099853515625,412.5899963378906,412.5899963378906
2025-11-19T16:45:00Z,412.5899963378906,412.5899963378906,412.1600036621094,412.45001220703125,412.45001220703125,258.0,412.5899963378906,412.5899963378906,412.1600036621094,412.45001220703125
2025-11-19T16:46:00Z,411.9100036621094,411.9100036621094,411.8500061035156,411.8500061035156,411.8500061035156,165.0,411.9100036621094,411.9100036621094,411.8500061035156,411.8500061035156
2025-11-19T16:47:00Z,411.7099914550781,411.7099914550781,411.7099914550781,411.7099914550781,411.7099914550781,417.0,411.7099914550781,411.7099914550781,411.7099914550781,411.7099914550781
2025-11-19T16:50:00Z,411.0299987792969,411.07000732421875,411.0299987792969,411.07000732421875,411.07000732421875,241.0,411.0299987792969,411.07000732421875,411.0299987792969,411.07000732421875
2025-11-19T16:51:00Z,410.8800048828125,411.19500732421875,410.8800048828125,411.19500732421875,411.19500732421875,305.0,410.8800048828125,411.19500732421875,410.8800048828125,411.19500732421875
2025-11-19T16:52:00Z,410.94000244140625,410.94000244140625,410.8800048828125,410.8800048828125,410.8800048828125,721.0,410.94000244140625,410.94000244140625,410.8800048828125,410.8800048828125
2025-11-19T17:00:00Z,411.5050048828125,411.5050048828125,411.5050048828125,411.5050048828125,411.5050048828125,118.0,411.5050048828125,411.5050048828125,411.5050048828125,411.5050048828125
2025-11-19T17:01:00Z,411.5050048828125,412.3599853515625,411.5050048828125,412.3599853515625,412.3599853515625,892.0,411.5050048828125,412.3599853515625,411.5050048828125,412.3599853515625
2025-11-19T17:02:00Z,412.75,412.75,412.6199951171875,412.6549987792969,412.6549987792969,661.0,412.75,412.75,412.6199951171875,412.6549987792969
2025-11-19T17:03:00Z,412.19000244140625,412.19000244140625,411.875,411.875,411.875,662.0,412.19000244140625,412.19000244140625,411.875,411.875
2025-11-19T17:06:00Z,412.0299987792969,412.8900146484375,412.0299987792969,412.8900146484375,412.8900146484375,738.0,412.0299987792969,412.8900146484375,412.0299987792969,412.8900146484375
2025-11-19T17:07:00Z,413.0799865722656,413.0799865722656,413.0799865722656,413.0799865722656,413.0799865722656,299.0,413.0799865722656,413.0799865722656,413.0799865722656,413.0799865722656
2025-11-19T17:11:00Z,413.5199890136719,413.5199890136719,413.5199890136719,413.5199890136719,413.5199890136719,201.0,413.5199890136719,413.5199890136719,413.5199890136719,413.5199890136719
2025-11-19T17:13:00Z,413.4100036621094,413.4100036621094,413.4100036621094,413.4100036621094,413.4100036621094,206.0,413.4100036621094,413.4100036621094,413.4100036621094,413.4100036621094
2025-11-19T17:16:00Z,412.7650146484375,412.7650146484375,412.42498779296875,412.42498779296875,412.42498779296875,88.0,412.7650146484375,412.7650146484375,412.42498779296875,412.42498779296875
2025-11-19T17:17:00Z,412.5899963378906,412.5899963378906,412.5899963378906,412.5899963378906,412.5899963378906,90.0,412.5899963378906,412.5899963378906,412.5899963378906,412.5899963378906
2025-11-19T17:18:00Z,413.3599853515625,413.3599853515625,413.3599853515625,413.3599853515625,413.3599853515625,386.0,413.3599853515625,413.3599853515625,413.3599853515625,413.3599853515625
2025-11-19T17:23:00Z,412.3999938964844,412.3999938964844,412.3999938964844,412.3999938964844,412.3999938964844,84.0,412.3999938964844,412.3999938964844,412.3999938964844,412.3999938964844
2025-11-19T17:24:00Z,412.44000244140625,412.44000244140625,412.44000244140625,412.44000244140625,412.44000244140625,429.0,412.44000244140625,412.44000244140625,412.44000244140625,412.44000244140625
2025-11-19T17:30:00Z,412.1700134277344,412.1700134277344,412.1650085449219,412.1650085449219,412.1650085449219,182.0,412.1700134277344,412.1700134277344,412.1650085449219,412.1650085449219
2025-11-19T17:31:00Z,412.1650085449219,412.1650085449219,412.1650085449219,412.1650085449219,412.1650085449219,84.0,412.1650085449219,412.1650085449219,412.1650085449219,412.1650085449219
2025-11-19T17:32:00Z,412.1650085449219,412.1650085449219,412.1650085449219,412.1650085449219,412.1650085449219,308.0,412.1650085449219,412.1650085449219,412.1650085449219,412.1650085449219
2025-11-19T17:35:00Z,411.4800109863281,411.4800109863281,411.45001220703125,411.45001220703125,411.45001220703125,169.0,411.4800109863281,411.4800109863281,411.45001220703125,411.45001220703125
2025-11-19T17:36:00Z,411.489990234375,411.8590087890625,410.760009765625,411.8590087890625,411.8590087890625,553.0,411.489990234375,411.8590087890625,410.760009765625,411.8590087890625
2025-11-19T17:37:00Z,411.2300109863281,411.2300109863281,411.2300109863281,411.2300109863281,411.2300109863281,203.0,411.2300109863281,411.2300109863281,411.2300109863281,411.2300109863281
2025-11-19T17:38:00Z,411.6000061035156,411.6099853515625,411.6000061035156,411.6099853515625,411.6099853515625,999.0,411.6000061035156,411.6099853515625,411.6000061035156,411.6099853515625
2025-11-19T17:42:00Z,412.42999267578125,412.7900085449219,412.42999267578125,412.7900085449219,412.7900085449219,308.0,412.42999267578125,412.7900085449219,412.42999267578125,412.7900085449219
2025-11-19T17:44:00Z,412.45001220703125,412.45001220703125,412.45001220703125,412.45001220703125,412.45001220703125,257.0,412.45001220703125,412.45001220703125,412.45001220703125,412.45001220703125
2025-11-19T17:46:00Z,412.5299987792969,412.5299987792969,412.5299987792969,412.5299987792969,412.5299987792969,142.0,412.5299987792969,412.5299987792969,412.5299987792969,412.5299987792969
2025-11-19T17:51:00Z,412.54998779296875,412.54998779296875,412.54998779296875,412.54998779296875,412.54998779296875,98.0,412.54998779296875,412.54998779296875,412.54998779296875,412.54998779296875
2025-11-19T17:53:00Z,412.0150146484375,412.0150146484375,412.0150146484375,412.0150146484375,412.0150146484375,130.0,412.0150146484375,412.0150146484375,412.0150146484375,412.0150146484375
2025-11-19T17:54:00Z,412.0425109863281,412.0425109863281,412.0425109863281,412.0425109863281,412.0425109863281,109.0,412.0425109863281,412.0425109863281,412.0425109863281,412.0425109863281
2025-11-19T17:56:00Z,412.55999755859375,412.55999755859375,412.55999755859375,412.55999755859375,412.55999755859375,242.0,412.55999755859375,412.55999755859375,412.55999755859375,412.55999755859375
2025-11-19T17:57:00Z,412.3500061035156,412.3500061035156,410.7200012207031,412.1650085449219,412.1650085449219,275.0,412.3500061035156,412.3500061035156,410.7200012207031,412.1650085449219
2025-11-19T17:58:00Z,412.0400085449219,412.0400085449219,412.0400085449219,412.0400085449219,412.0400085449219,186.0,412.0400085449219,412.0400085449219,412.0400085449219,412.0400085449219
2025-11-19T18:00:00Z,412.25,412.25,412.25,412.25,412.25,111.0,412.25,412.25,412.25,412.25
2025-11-19T18:01:00Z,412.32501220703125,412.32501220703125,412.32501220703125,412.32501220703125,412.32501220703125,211.0,412.32501220703125,412.32501220703125,412.32501220703125,412.32501220703125
2025-11-19T18:03:00Z,412.1700134277344,412.1700134277344,412.1700134277344,412.1700134277344,412.1700134277344,243.0,412.1700134277344,412.1700134277344,412.1700134277344,412.1700134277344
2025-11-19T18:06:00Z,412.135009765625,413.05999755859375,412.135009765625,413.05999755859375,413.05999755859375,1023.0,412.135009765625,413.05999755859375,412.135009765625,413.05999755859375
2025-11-19T18:09:00Z,413.2699890136719,413.2799987792969,412.5675048828125,412.5675048828125,412.5675048828125,469.0,413.2699890136719,413.2799987792969,412.5675048828125,412.5675048828125
2025-11-19T18:11:00Z,412.6724853515625,412.6724853515625,412.6724853515625,412.6724853515625,412.6724853515625,266.0,412.6724853515625,412.6724853515625,412.6724853515625,412.6724853515625
2025-11-19T18:14:00Z,413.0,413.0899963378906,413.0,413.0899963378906,413.0899963378906,227.0,413.0,413.0899963378906,413.0,413.0899963378906
2025-11-19T18:17:00Z,412.4825134277344,412.4825134277344,412.4825134277344,412.4825134277344,412.4825134277344,85.0,412.4825134277344,412.4825134277344,412.4825134277344,412.4825134277344
2025-11-19T18:19:00Z,412.5799865722656,412.5799865722656,412.5799865722656,412.5799865722656,412.5799865722656,105.0,412.5799865722656,412.5799865722656,412.5799865722656,412.5799865722656
2025-11-19T18:20:00Z,413.1499938964844,413.1499938964844,412.5474853515625,412.5474853515625,412.5474853515625,197.0,413.1499938964844,413.1499938964844,412.5474853515625,412.5474853515625
2025-11-19T18:21:00Z,413.4100036621094,413.4100036621094,412.9800109863281,412.9800109863281,412.9800109863281,577.0,413.4100036621094,413.4100036621094,412.9800109863281,412.9800109863281
2025-11-19T18:22:00Z,413.6099853515625,413.6099853515625,413.6099853515625,413.6099853515625,413.6099853515625,40.0,413.6099853515625,413.6099853515625,413.6099853515625,413.6099853515625
2025-11-19T18:23:00Z,413.4100036621094,413.68499755859375,413.1700134277344,413.1700134277344,413.1700134277344,788.0,413.4100036621094,413.68499755859375,413.1700134277344,413.1700134277344
2025-11-19T18:27:00Z,413.2699890136719,413.2699890136719,413.2699890136719,413.2699890136719,413.2699890136719,257.0,413.2699890136719,413.2699890136719,413.2699890136719,413.2699890136719
2025-11-19T18:32:00Z,412.9049987792969,412.9100036621094,412.5799865722656,412.9100036621094,412.9100036621094,835.0,412.9049987792969,412.9100036621094,412.5799865722656,412.9100036621094
2025-11-19T18:38:00Z,413.6700134277344,413.8800048828125,413.6700134277344,413.8800048828125,413.8800048828125,904.0,413.6700134277344,413.8800048828125,413.6700134277344,413.8800048828125
2025-11-19T18:39:00Z,413.37750244140625,413.37750244140625,413.37750244140625,413.37750244140625,413.37750244140625,83.0,413.37750244140625,413.37750244140625,413.37750244140625,413.37750244140625
2025-11-19T18:40:00Z,413.6715087890625,413.6715087890625,413.6715087890625,413.6715087890625,413.6715087890625,193.0,413.6715087890625,413.6715087890625,413.6715087890625,413.6715087890625
2025-11-19T18:41:00Z,412.6199951171875,413.0375061035156,412.6199951171875,413.0375061035156,413.0375061035156,719.0,412.6199951171875,413.0375061035156,412.6199951171875,413.0375061035156
2025-11-19T18:49:00Z,411.9200134277344,411.9200134277344,411.9200134277344,411.9200134277344,411.9200134277344,330.0,411.9200134277344,411.9200134277344,411.9200134277344,411.9200134277344
2025-11-19T18:53:00Z,413.6600036621094,413.6600036621094,412.92999267578125,412.92999267578125,412.92999267578125,175.0,413.6600036621094,413.6600036621094,412.92999267578125,412.92999267578125
2025-11-19T18:55:00Z,413.2200012207031,413.2200012207031,413.2200012207031,413.2200012207031,413.2200012207031,83.0,413.2200012207031,413.2200012207031,413.2200012207031,413.2200012207031
2025-11-19T18:56:00Z,412.8399963378906,412.8399963378906,412.8399963378906,412.8399963378906,412.8399963378906,199.0,412.8399963378906,412.8399963378906,412.8399963378906,412.8399963378906
2025-11-19T18:57:00Z,413.6600036621094,413.67999267578125,413.5899963378906,413.5950012207031,413.5950012207031,627.0,413.6600036621094,413.67999267578125,413.5899963378906,413.5950012207031
2025-11-19T18:59:00Z,413.8699951171875,415.05999755859375,413.8699951171875,414.55999755859375,414.55999755859375,1641.0,413.8699951171875,415.05999755859375,413.8699951171875,414.55999755859375
2025-11-19T19:00:00Z,413.95001220703125,413.95001220703125,413.95001220703125,413.95001220703125,413.95001220703125,755.0,413.95001220703125,413.95001220703125,413.95001220703125,413.95001220703125
2025-11-19T19:09:00Z,414.3900146484375,414.3900146484375,413.3599853515625,413.3599853515625,413.3599853515625,968.0,414.3900146484375,414.3900146484375,413.3599853515625,413.3599853515625
2025-11-19T19:15:00Z,413.1300048828125,413.17999267578125,413.1300048828125,413.17999267578125,413.17999267578125,806.0,413.1300048828125,413.17999267578125,413.1300048828125,413.17999267578125
2025-11-19T19:19:00Z,412.760009765625,412.7850036621094,412.7099914550781,412.7850036621094,412.7850036621094,514.0,412.760009765625,412.7850036621094,412.7099914550781,412.7850036621094
2025-11-19T19:20:00Z,412.3599853515625,412.3599853515625,412.3599853515625,412.3599853515625,412.3599853515625,228.0,412.3599853515625,412.3599853515625,412.3599853515625,412.3599853515625
2025-11-19T19:22:00Z,412.0,412.0,412.0,412.0,412.0,229.0,412.0,412.0,412.0,412.0
2025-11-19T19:24:00Z,411.4800109863281,411.4800109863281,411.4800109863281,411.4800109863281,411.4800109863281,150.0,411.4800109863281,411.4800109863281,411.4800109863281,411.4800109863281
2025-11-19T19:25:00Z,411.2900085449219,411.2900085449219,410.989990234375,410.989990234375,410.989990234375,255.0,411.2900085449219,411.2900085449219,410.989990234375,410.989990234375
2025-11-19T19:26:00Z,410.7900085449219,410.7900085449219,410.6400146484375,410.6400146484375,410.6400146484375,359.0,410.7900085449219,410.7900085449219,410.6400146484375,410.6400146484375
2025-11-19T19:27:00Z,410.0899963378906,410.2200012207031,409.95001220703125,410.1300048828125,410.1300048828125,1016.0,410.0899963378906,410.2200012207031,409.95001220703125,410.1300048828125
2025-11-19T19:29:00Z,410.04998779296875,410.04998779296875,410.0,410.0,410.0,319.0,410.04998779296875,410.04998779296875,410.0,410.0
2025-11-19T19:30:00Z,410.364990234375,410.3999938964844,410.364990234375,410.3999938964844,410.3999938964844,327.0,410.364990234375,410.3999938964844,410.364990234375,410.3999938964844
2025-11-19T19:31:00Z,410.2900085449219,410.2900085449219,410.2900085449219,410.2900085449219,410.2900085449219,240.0,410.2900085449219,410.2900085449219,410.2900085449219,410.2900085449219
2025-11-19T19:33:00Z,410.0450134277344,410.0450134277344,410.0450134277344,410.0450134277344,410.0450134277344,224.0,410.0450134277344,410.0450134277344,410.0450134277344,410.0450134277344
2025-11-19T19:34:00Z,410.739990234375,410.95001220703125,410.3550109863281,410.95001220703125,410.95001220703125,1005.0,410.739990234375,410.95001220703125,410.3550109863281,410.95001220703125
2025-11-19T19:35:00Z,410.5899963378906,410.5899963378906,410.5899963378906,410.5899963378906,410.5899963378906,200.0,410.5899963378906,410.5899963378906,410.5899963378906,410.5899963378906
2025-11-19T19:36:00Z,410.82000732421875,410.82000732421875,410.5950012207031,410.5950012207031,410.5950012207031,80.0,410.82000732421875,410.82000732421875,410.5950012207031,410.5950012207031
2025-11-19T19:37:00Z,410.5950012207031,410.5950012207031,410.5950012207031,410.5950012207031,410.5950012207031,350.0,410.5950012207031,410.5950012207031,410.5950012207031,410.5950012207031
2025-11-19T19:39:00Z,410.510009765625,410.510009765625,410.19000244140625,410.19000244140625,410.19000244140625,267.0,410.510009765625,410.510009765625,410.19000244140625,410.19000244140625
2025-11-19T19:41:00Z,410.1199951171875,410.1199951171875,409.8699951171875,409.8700866699219,409.8700866699219,432.0,410.1199951171875,410.1199951171875,409.8699951171875,409.8700866699219
2025-11-19T19:42:00Z,409.9949951171875,410.239990234375,409.9949951171875,410.2149963378906,410.2149963378906,894.0,409.9949951171875,410.239990234375,409.9949951171875,410.2149963378906
2025-11-19T19:43:00Z,410.54998779296875,410.8800048828125,410.54998779296875,410.8800048828125,410.8800048828125,977.0,410.54998779296875,410.8800048828125,410.54998779296875,410.8800048828125
2025-11-19T19:44:00Z,410.4949951171875,410.8900146484375,410.489990234375,410.6700134277344,410.6700134277344,569.0,410.4949951171875,410.8900146484375,410.489990234375,410.6700134277344
2025-11-19T19:47:00Z,410.4049987792969,410.4049987792969,410.4049987792969,410.4049987792969,410.4049987792969,128.0,410.4049987792969,410.4049987792969,410.4049987792969,410.4049987792969
2025-11-19T19:48:00Z,410.4049987792969,410.4049987792969,410.4049987792969,410.4049987792969,410.4049987792969,338.0,410.4049987792969,410.4049987792969,410.4049987792969,410.4049987792969
2025-11-19T19:51:00Z,410.75,410.75,410.39459228515625,410.39459228515625,410.39459228515625,371.0,410.75,410.75,410.39459228515625,410.39459228515625
2025-11-19T19:52:00Z,410.6499938964844,410.6499938964844,410.6499938964844,410.6499938964844,410.6499938964844,267.0,410.6499938964844,410.6499938964844,410.6499938964844,410.6499938964844
2025-11-19T19:53:00Z,411.04998779296875,411.05999755859375,411.04998779296875,411.05999755859375,411.05999755859375,246.0,411.04998779296875,411.05999755859375,411.04998779296875,411.05999755859375
2025-11-19T19:54:00Z,411.1000061035156,411.3399963378906,410.9200134277344,411.3399963378906,411.3399963378906,418.0,411.1000061035156,411.3399963378906,410.9200134277344,411.3399963378906
2025-11-19T19:55:00Z,411.7099914550781,411.7099914550781,411.69500732421875,411.69500732421875,411.69500732421875,325.0,411.7099914550781,411.7099914550781,411.69500732421875,411.69500732421875
2025-11-19T19:56:00Z,411.69500732421875,411.69500732421875,411.69500732421875,411.69500732421875,411.69500732421875,83.0,411.69500732421875,411.69500732421875,411.69500732421875,411.69500732421875
2025-11-19T19:57:00Z,411.7900085449219,411.7900085449219,411.7900085449219,411.7900085449219,411.7900085449219,318.0,411.7900085449219,411.7900085449219,411.7900085449219,411.7900085449219
2025-11-19T19:59:00Z,412.1199951171875,412.1199951171875,412.1199951171875,412.1199951171875,412.1199951171875,194.0,412.1199951171875,412.1199951171875,412.1199951171875,412.1199951171875
2025-11-19T20:00:00Z,412.1300048828125,412.1300048828125,412.1300048828125,412.1300048828125,412.1300048828125,416.0,412.1300048828125,412.1300048828125,412.1300048828125,412.1300048828125
2025-11-19T20:01:00Z,411.3800048828125,411.6300048828125,411.260009765625,411.6300048828125,411.6300048828125,763.0,411.3800048828125,411.6300048828125,411.260009765625,411.6300048828125
2025-11-19T20:02:00Z,411.4800109863281,411.55999755859375,411.4800109863281,411.55999755859375,411.55999755859375,471.0,411.4800109863281,411.55999755859375,411.4800109863281,411.55999755859375
2025-11-19T20:03:00Z,412.2799987792969,412.2900085449219,412.2799987792969,412.2900085449219,412.2900085449219,274.0,412.2799987792969,412.2900085449219,412.2799987792969,412.2900085449219
2025-11-19T20:04:00Z,412.3699951171875,412.7950134277344,412.3699951171875,412.3949890136719,412.3949890136719,570.0,412.3699951171875,412.7950134277344,412.3699951171875,412.3949890136719
2025-11-19T20:05:00Z,412.5899963378906,412.5899963378906,412.5899963378906,412.5899963378906,412.5899963378906,140.0,412.5899963378906,412.5899963378906,412.5899963378906,412.5899963378906
2025-11-19T20:06:00Z,412.1700134277344,412.1700134277344,412.1700134277344,412.1700134277344,412.1700134277344,296.0,412.1700134277344,412.1700134277344,412.1700134277344,412.1700134277344
2025-11-19T20:08:00Z,412.7099914550781,413.0,412.7099914550781,413.0,413.0,861.0,412.7099914550781,413.0,412.7099914550781,413.0
2025-11-19T20:09:00Z,413.1499938964844,413.55999755859375,413.07000732421875,413.55999755859375,413.55999755859375,923.0,413.1499938964844,413.55999755859375,413.07000732421875,413.55999755859375
2025-11-19T20:10:00Z,413.3399963378906,413.55999755859375,413.3399963378906,413.55999755859375,413.55999755859375,468.0,413.3399963378906,413.55999755859375,413.3399963378906,413.55999755859375
2025-11-19T20:11:00Z,413.56500244140625,413.56500244140625,413.56500244140625,413.56500244140625,413.56500244140625,179.0,413.56500244140625,413.56500244140625,413.56500244140625,413.56500244140625
2025-11-19T20:12:00Z,413.55999755859375,413.55999755859375,413.5400085449219,413.5400085449219,413.5400085449219,318.0,413.55999755859375,413.55999755859375,413.5400085449219,413.5400085449219
2025-11-19T20:13:00Z,413.07000732421875,413.07000732421875,413.07000732421875,413.07000732421875,413.07000732421875,487.0,413.07000732421875,413.07000732421875,413.07000732421875,413.07000732421875
2025-11-19T20:14:00Z,413.5299987792969,413.5299987792969,413.5299987792969,413.5299987792969,413.5299987792969,260.0,413.5299987792969,413.5299987792969,413.5299987792969,413.5299987792969
2025-11-19T20:15:00Z,413.739990234375,413.739990234375,413.739990234375,413.739990234375,413.739990234375,229.0,413.739990234375,413.739990234375,413.739990234375,413.739990234375
2025-11-19T20:16:00Z,414.05999755859375,414.3349914550781,414.05999755859375,414.3349914550781,414.3349914550781,357.0,414.05999755859375,414.3349914550781,414.05999755859375,414.3349914550781
2025-11-19T20:17:00Z,413.760009765625,413.760009765625,413.57000732421875,413.67999267578125,413.67999267578125,639.0,413.760009765625,413.760009765625,413.57000732421875,413.67999267578125
2025-11-19T20:18:00Z,413.95001220703125,413.95001220703125,413.95001220703125,413.95001220703125,413.95001220703125,347.0,413.95001220703125,413.95001220703125,413.95001220703125,413.95001220703125
2025-11-19T20:20:00Z,413.94500732421875,414.3999938964844,413.94500732421875,414.3999938964844,414.3999938964844,756.0,413.94500732421875,414.3999938964844,413.94500732421875,414.3999938964844
2025-11-19T20:22:00Z,414.0899963378906,414.0899963378906,414.0899963378906,414.0899963378906,414.0899963378906,181.0,414.0899963378906,414.0899963378906,414.0899963378906,414.0899963378906
2025-11-19T20:23:00Z,413.9800109863281,414.0,413.9800109863281,414.0,414.0,350.0,413.9800109863281,414.0,413.9800109863281,414.0
2025-11-19T20:24:00Z,413.9800109863281,414.4100036621094,413.9800109863281,414.4100036621094,414.4100036621094,1515.0,413.9800109863281,414.4100036621094,413.9800109863281,414.4100036621094
2025-11-19T20:26:00Z,414.3999938964844,414.3999938964844,414.3999938964844,414.3999938964844,414.3999938964844,366.0,414.3999938964844,414.3999938964844,414.3999938964844,414.3999938964844
2025-11-19T20:27:00Z,414.0,414.2099914550781,414.0,414.125,414.125,1271.0,414.0,414.2099914550781,414.0,414.125
2025-11-19T20:28:00Z,414.125,414.5,414.125,414.5,414.5,458.0,414.125,414.5,414.125,414.5
2025-11-19T20:29:00Z,414.5400085449219,414.5400085449219,414.1700134277344,414.4700012207031,414.4700012207031,419.0,414.5400085449219,414.5400085449219,414.1700134277344,414.4700012207031
2025-11-19T20:30:00Z,414.3999938964844,414.6099853515625,414.3999938964844,414.6000061035156,414.6000061035156,1978.0,414.3999938964844,414.6099853515625,414.3999938964844,414.6000061035156
2025-11-19T20:31:00Z,414.739990234375,414.739990234375,414.739990234375,414.739990234375,414.739990234375,1617.0,414.739990234375,414.739990234375,414.739990234375,414.739990234375
2025-11-19T20:33:00Z,414.6700134277344,414.75,414.6650085449219,414.6650085449219,414.6650085449219,464.0,414.6700134277344,414.75,414.6650085449219,414.6650085449219
2025-11-19T20:34:00Z,414.4599914550781,414.4599914550781,414.2850036621094,414.3299865722656,414.3299865722656,1963.0,414.4599914550781,414.4599914550781,414.2850036621094,414.3299865722656
2025-11-19T20:35:00Z,414.3599853515625,414.8550109863281,414.2900085449219,414.8550109863281,414.8550109863281,1676.0,414.3599853515625,414.8550109863281,414.2900085449219,414.8550109863281
2025-11-19T20:36:00Z,415.0199890136719,415.0899963378906,414.9750061035156,415.07000732421875,415.07000732421875,490.0,415.0199890136719,415.0899963378906,414.9750061035156,415.07000732421875
2025-11-19T20:37:00Z,415.2699890136719,415.57000732421875,415.2699890136719,415.510009765625,415.510009765625,831.0,415.2699890136719,415.57000732421875,415.2699890136719,415.510009765625
2025-11-19T20:38:00Z,415.5799865722656,416.04998779296875,415.5799865722656,416.0,416.0,2090.0,415.5799865722656,416.04998779296875,415.5799865722656,416.0
2025-11-19T20:39:00Z,416.0,416.0,415.947509765625,415.947509765625,415.947509765625,385.0,416.0,416.0,415.947509765625,415.947509765625
2025-11-19T20:40:00Z,416.05999755859375,416.05999755859375,415.94000244140625,416.0,416.0,1776.0,416.05999755859375,416.05999755859375,415.94000244140625,416.0
2025-11-19T20:41:00Z,416.0,416.0,415.42999267578125,415.7149963378906,415.7149963378906,8415.0,416.0,416.0,415.42999267578125,415.7149963378906
2025-11-19T20:42:00Z,415.5899963378906,416.3999938964844,415.5899963378906,415.8349914550781,415.8349914550781,16591.0,415.5899963378906,416.3999938964844,415.5899963378906,415.8349914550781
2025-11-19T20:43:00Z,415.82000732421875,415.8450012207031,415.82000732421875,415.8399963378906,415.8399963378906,687.0,415.82000732421875,415.8450012207031,415.82000732421875,415.8399963378906
2025-11-19T20:44:00Z,416.0400085449219,416.2049865722656,416.0400085449219,416.2049865722656,416.2049865722656,1933.0,416.0400085449219,416.2049865722656,416.0400085449219,416.2049865722656
2025-11-19T20:45:00Z,416.4100036621094,416.4100036621094,415.4599914550781,415.4599914550781,415.4599914550781,1707.0,416.4100036621094,416.4100036621094,415.4599914550781,415.4599914550781
2025-11-19T20:46:00Z,415.04998779296875,415.04998779296875,415.04998779296875,415.04998779296875,415.04998779296875,473.0,415.04998779296875,415.04998779296875,415.04998779296875,415.04998779296875
2025-11-19T20:48:00Z,414.8699951171875,415.0899963378906,414.8699951171875,415.0899963378906,415.0899963378906,843.0,414.8699951171875,415.0899963378906,414.8699951171875,415.0899963378906
2025-11-19T20:49:00Z,414.80999755859375,414.8299865722656,414.2200012207031,414.2200012207031,414.2200012207031,1773.0,414.80999755859375,414.8299865722656,414.2200012207031,414.2200012207031
2025-11-19T20:51:00Z,414.1199951171875,414.1199951171875,413.8999938964844,413.9800109863281,413.9800109863281,1458.0,414.1199951171875,414.1199951171875,413.8999938964844,413.9800109863281
2025-11-19T20:52:00Z,414.04998779296875,414.2300109863281,413.989990234375,414.2300109863281,414.2300109863281,1114.0,414.04998779296875,414.2300109863281,413.989990234375,414.2300109863281
2025-11-19T20:53:00Z,413.9800109863281,414.0050048828125,413.7699890136719,413.7699890136719,413.7699890136719,1154.0,413.9800109863281,414.0050048828125,413.7699890136719,413.7699890136719
2025-11-19T20:54:00Z,413.760009765625,413.760009765625,413.5899963378906,413.5899963378906,413.5899963378906,466.0,413.760009765625,413.760009765625,413.5899963378906,413.5899963378906
2025-11-19T20:55:00Z,413.57000732421875,413.92999267578125,413.3500061035156,413.5899963378906,413.5899963378906,3520.0,413.57000732421875,413.92999267578125,413.3500061035156,413.5899963378906
2025-11-19T20:56:00Z,413.6000061035156,414.239990234375,413.6000061035156,413.9200134277344,413.9200134277344,4346.0,413.6000061035156,414.239990234375,413.6000061035156,413.9200134277344
2025-11-19T20:57:00Z,413.8800048828125,413.8800048828125,412.8599853515625,412.8599853515625,412.8599853515625,4420.0,413.8800048828125,413.8800048828125,412.8599853515625,412.8599853515625
2025-11-19T20:58:00Z,412.80999755859375,412.92999267578125,412.4649963378906,412.4649963378906,412.4649963378906,3495.0,412.80999755859375,412.92999267578125,412.4649963378906,412.4649963378906
2025-11-19T20:59:00Z,412.42498779296875,412.7200012207031,412.3299865722656,412.6700134277344,412.6700134277344,10763.0,412.42498779296875,412.7200012207031,412.3299865722656,412.6700134277344
2025-11-20T14:30:00Z,413.3599853515625,413.3599853515625,413.3599853515625,413.3599853515625,413.3599853515625,3451.0,413.3599853515625,413.3599853515625,413.3599853515625,413.3599853515625
2025-11-20T14:31:00Z,414.4649963378906,414.4649963378906,414.4649963378906,414.4649963378906,414.4649963378906,302.0,414.4649963378906,414.4649963378906,414.4649963378906,414.4649963378906
2025-11-20T14:35:00Z,416.3599853515625,417.3999938964844,414.0400085449219,414.0400085449219,414.0400085449219,345.0,416.3599853515625,417.3999938964844,414.0400085449219,414.0400085449219
2025-11-20T14:36:00Z,415.80999755859375,415.80999755859375,415.80999755859375,415.80999755859375,415.80999755859375,45.0,415.80999755859375,415.80999755859375,415.80999755859375,415.80999755859375
2025-11-20T14:37:00Z,414.7449951171875,414.7449951171875,414.7449951171875,414.7449951171875,414.7449951171875,94.0,414.7449951171875,414.7449951171875,414.7449951171875,414.7449951171875
2025-11-20T14:38:00Z,414.20001220703125,414.20001220703125,413.7799987792969,413.7799987792969,413.7799987792969,808.0,414.20001220703125,414.20001220703125,413.7799987792969,413.7799987792969
2025-11-20T14:40:00Z,418.0450134277344,418.0450134277344,413.18499755859375,414.32000732421875,414.32000732421875,631.0,418.0450134277344,418.0450134277344,413.18499755859375,414.32000732421875
2025-11-20T14:41:00Z,414.739990234375,414.760009765625,414.5199890136719,414.75,414.75,446.0,414.739990234375,414.760009765625,414.5199890136719,414.75
2025-11-20T14:44:00Z,416.2900085449219,416.2900085449219,415.2699890136719,415.2699890136719,415.2699890136719,180.0,416.2900085449219,416.2900085449219,415.2699890136719,415.2699890136719
2025-11-20T14:46:00Z,415.510009765625,415.7650146484375,415.0450134277344,415.0450134277344,415.0450134277344,2135.0,415.510009765625,415.7650146484375,415.0450134277344,415.0450134277344
2025-11-20T14:48:00Z,415.6099853515625,415.6099853515625,415.010009765625,415.010009765625,415.010009765625,803.0,415.6099853515625,415.6099853515625,415.010009765625,415.010009765625
2025-11-20T14:49:00Z,415.010009765625,415.010009765625,415.010009765625,415.010009765625,415.010009765625,447.0,415.010009765625,415.010009765625,415.010009765625,415.010009765625
2025-11-20T14:50:00Z,415.0101013183594,415.0101013183594,415.010009765625,415.010009765625,415.010009765625,139.0,415.0101013183594,415.0101013183594,415.010009765625,415.010009765625
2025-11-20T14:51:00Z,415.010009765625,415.010009765625,415.010009765625,415.010009765625,415.010009765625,115.0,415.010009765625,415.010009765625,415.010009765625,415.010009765625
2025-11-20T14:52:00Z,415.4150085449219,415.4150085449219,414.3299865722656,414.3299865722656,414.3299865722656,389.0,415.4150085449219,415.4150085449219,414.3299865722656,414.3299865722656
2025-11-20T14:53:00Z,414.5,414.5,414.5,414.5,414.5,200.0,414.5,414.5,414.5,414.5
2025-11-20T14:56:00Z,414.31500244140625,415.3299865722656,414.31500244140625,415.3299865722656,415.3299865722656,466.0,414.31500244140625,415.3299865722656,414.31500244140625,415.3299865722656
2025-11-20T14:58:00Z,415.3500061035156,415.5,414.364990234375,414.364990234375,414.364990234375,2439.0,415.3500061035156,415.5,414.364990234375,414.364990234375
2025-11-20T14:59:00Z,414.239990234375,414.25,414.239990234375,414.25,414.25,328.0,414.239990234375,414.25,414.239990234375,414.25
2025-11-20T15:00:00Z,414.17498779296875,414.17498779296875,414.17498779296875,414.17498779296875,414.17498779296875,71.0,414.17498779296875,414.17498779296875,414.17498779296875,414.17498779296875
2025-11-20T15:01:00Z,413.42999267578125,413.42999267578125,412.17498779296875,412.17498779296875,412.17498779296875,2742.0,413.42999267578125,413.42999267578125,412.17498779296875,412.17498779296875
2025-11-20T15:02:00Z,412.9800109863281,413.1300048828125,412.9800109863281,413.07000732421875,413.07000732421875,478.0,412.9800109863281,413.1300048828125,412.9800109863281,413.07000732421875
2025-11-20T15:05:00Z,413.0,413.0,413.0,413.0,413.0,116.0,413.0,413.0,413.0,413.0
2025-11-20T15:06:00Z,412.3652038574219,412.5400085449219,412.3652038574219,412.5400085449219,412.5400085449219,480.0,412.3652038574219,412.5400085449219,412.3652038574219,412.5400085449219
2025-11-20T15:07:00Z,412.94000244140625,412.94000244140625,412.94000244140625,412.94000244140625,412.94000244140625,56.0,412.94000244140625,412.94000244140625,412.94000244140625,412.94000244140625
2025-11-20T15:08:00Z,413.1499938964844,413.70001220703125,413.1300048828125,413.635009765625,413.635009765625,1105.0,413.1499938964844,413.70001220703125,413.1300048828125,413.635009765625
2025-11-20T15:10:00Z,413.2300109863281,413.239990234375,412.8900146484375,413.239990234375,413.239990234375,705.0,413.2300109863281,413.239990234375,412.8900146484375,413.239990234375
2025-11-20T15:11:00Z,413.239990234375,413.239990234375,413.239990234375,413.239990234375,413.239990234375,174.0,413.239990234375,413.239990234375,413.239990234375,413.239990234375
2025-11-20T15:12:00Z,413.239990234375,414.1300048828125,413.239990234375,413.5299987792969,413.5299987792969,276.0,413.239990234375,414.1300048828125,413.239990234375,413.5299987792969
2025-11-20T15:13:00Z,414.9284973144531,414.9284973144531,414.9284973144531,414.9284973144531,414.9284973144531,102.0,414.9284973144531,414.9284973144531,414.9284973144531,414.9284973144531
2025-11-20T15:14:00Z,414.7200012207031,416.5,414.7200012207031,416.5,416.5,799.0,414.7200012207031,416.5,414.7200012207031,416.5
2025-11-20T15:15:00Z,416.1700134277344,416.8900146484375,416.1700134277344,416.8900146484375,416.8900146484375,1000.0,416.1700134277344,416.8900146484375,416.1700134277344,416.8900146484375
2025-11-20T15:16:00Z,416.8900146484375,417.25,416.3349914550781,416.489990234375,416.489990234375,671.0,416.8900146484375,417.25,416.3349914550781,416.489990234375
2025-11-20T15:18:00Z,417.8699951171875,418.3399963378906,417.8699951171875,418.2950134277344,418.2950134277344,1020.0,417.8699951171875,418.3399963378906,417.8699951171875,418.2950134277344
2025-11-20T15:19:00Z,418.2950134277344,418.2950134277344,418.2950134277344,418.2950134277344,418.2950134277344,83.0,418.2950134277344,418.2950134277344,418.2950134277344,418.2950134277344
2025-11-20T15:20:00Z,418.5249938964844,418.5249938964844,418.5249938964844,418.5249938964844,418.5249938964844,142.0,418.5249938964844,418.5249938964844,418.5249938964844,418.5249938964844
2025-11-20T15:21:00Z,418.5249938964844,418.5249938964844,418.5199890136719,418.5249938964844,418.5249938964844,239.0,418.5249938964844,418.5249938964844,418.5199890136719,418.5249938964844
2025-11-20T15:22:00Z,418.5249938964844,418.5249938964844,418.5249938964844,418.5249938964844,418.5249938964844,262.0,418.5249938964844,418.5249938964844,418.5249938964844,418.5249938964844
2025-11-20T15:23:00Z,418.5249938964844,419.3900146484375,418.5150146484375,419.3299865722656,419.3299865722656,3468.0,418.5249938964844,419.3900146484375,418.5150146484375,419.3299865722656
2025-11-20T15:24:00Z,418.989990234375,419.260009765625,418.7900085449219,419.114990234375,419.114990234375,1250.0,418.989990234375,419.260009765625,418.7900085449219,419.114990234375
2025-11-20T15:25:00Z,419.4700012207031,420.0,419.3800048828125,419.9700012207031,419.9700012207031,2540.0,419.4700012207031,420.0,419.3800048828125,419.9700012207031
2025-11-20T15:27:00Z,419.489990234375,419.489990234375,419.489990234375,419.489990234375,419.489990234375,65.0,419.489990234375,419.489990234375,419.489990234375,419.489990234375
2025-11-20T15:28:00Z,419.4949951171875,419.4949951171875,419.4949951171875,419.4949951171875,419.4949951171875,441.0,419.4949951171875,419.4949951171875,419.4949951171875,419.4949951171875
2025-11-20T15:29:00Z,420.0,420.0,420.0,420.0,420.0,125.0,420.0,420.0,420.0,420.0
2025-11-20T15:30:00Z,419.635009765625,419.635009765625,419.635009765625,419.635009765625,419.635009765625,416.0,419.635009765625,419.635009765625,419.635009765625,419.635009765625
2025-11-20T15:31:00Z,419.635009765625,419.635009765625,418.989990234375,418.989990234375,418.989990234375,695.0,419.635009765625,419.635009765625,418.989990234375,418.989990234375
2025-11-20T15:33:00Z,418.760009765625,418.760009765625,418.760009765625,418.760009765625,418.760009765625,287.0,418.760009765625,418.760009765625,418.760009765625,418.760009765625
2025-11-20T15:34:00Z,417.80999755859375,417.80999755859375,417.80999755859375,417.80999755859375,417.80999755859375,167.0,417.80999755859375,417.80999755859375,417.80999755859375,417.80999755859375
2025-11-20T15:36:00Z,418.5199890136719,418.5199890136719,418.5199890136719,418.5199890136719,418.5199890136719,106.0,418.5199890136719,418.5199890136719,418.5199890136719,418.5199890136719
2025-11-20T15:39:00Z,417.3999938964844,417.54998779296875,416.3299865722656,416.3399963378906,416.3399963378906,744.0,417.3999938964844,417.54998779296875,416.3299865722656,416.3399963378906
2025-11-20T15:40:00Z,416.510009765625,416.510009765625,416.510009765625,416.510009765625,416.510009765625,120.0,416.510009765625,416.510009765625,416.510009765625,416.510009765625
2025-11-20T15:41:00Z,416.7200012207031,416.7200012207031,416.1300048828125,416.1300048828125,416.1300048828125,427.0,416.7200012207031,416.7200012207031,416.1300048828125,416.1300048828125
2025-11-20T15:43:00Z,416.7250061035156,416.7250061035156,416.7250061035156,416.7250061035156,416.7250061035156,229.0,416.7250061035156,416.7250061035156,416.7250061035156,416.7250061035156
2025-11-20T15:44:00Z,416.7250061035156,416.7250061035156,416.7250061035156,416.7250061035156,416.7250061035156,143.0,416.7250061035156,416.7250061035156,416.7250061035156,416.7250061035156
2025-11-20T15:45:00Z,416.2799987792969,416.2799987792969,416.2250061035156,416.2250061035156,416.2250061035156,337.0,416.2799987792969,416.2799987792969,416.2250061035156,416.2250061035156
2025-11-20T15:46:00Z,416.04998779296875,416.04998779296875,415.8500061035156,415.8500061035156,415.8500061035156,496.0,416.04998779296875,416.04998779296875,415.8500061035156,415.8500061035156
2025-11-20T15:49:00Z,415.0799865722656,415.0799865722656,415.0,415.0,415.0,193.0,415.0799865722656,415.0799865722656,415.0,415.0
2025-11-20T15:50:00Z,415.0199890136719,415.0199890136719,415.0199890136719,415.0199890136719,415.0199890136719,139.0,415.0199890136719,415.0199890136719,415.0199890136719,415.0199890136719
2025-11-20T15:52:00Z,415.55499267578125,415.55499267578125,415.0,415.135009765625,415.135009765625,494.0,415.55499267578125,415.55499267578125,415.0,415.135009765625
2025-11-20T15:53:00Z,414.7200012207031,414.7200012207031,414.239990234375,414.239990234375,414.239990234375,534.0,414.7200012207031,414.7200012207031,414.239990234375,414.239990234375
2025-11-20T15:54:00Z,414.635009765625,414.635009765625,414.239990234375,414.239990234375,414.239990234375,807.0,414.635009765625,414.635009765625,414.239990234375,414.239990234375
2025-11-20T15:55:00Z,413.239990234375,413.7049865722656,413.239990234375,413.7049865722656,413.7049865722656,342.0,413.239990234375,413.7049865722656,413.239990234375,413.7049865722656
2025-11-20T15:56:00Z,413.7049865722656,415.0199890136719,413.7049865722656,414.5174865722656,414.5174865722656,980.0,413.7049865722656,415.0199890136719,413.7049865722656,414.5174865722656
2025-11-20T15:58:00Z,414.93341064453125,414.93341064453125,414.93341064453125,414.93341064453125,414.93341064453125,83.0,414.93341064453125,414.93341064453125,414.93341064453125,414.93341064453125
2025-11-20T15:59:00Z,415.17999267578125,415.32000732421875,414.42999267578125,414.42999267578125,414.42999267578125,1239.0,415.17999267578125,415.32000732421875,414.42999267578125,414.42999267578125
2025-11-20T16:00:00Z,414.42999267578125,414.6600036621094,414.42999267578125,414.5199890136719,414.5199890136719,717.0,414.42999267578125,414.6600036621094,414.42999267578125,414.5199890136719
2025-11-20T16:02:00Z,414.239990234375,414.239990234375,413.989990234375,413.989990234375,413.989990234375,640.0,414.239990234375,414.239990234375,413.989990234375,413.989990234375
2025-11-20T16:06:00Z,413.30999755859375,413.30999755859375,413.30999755859375,413.30999755859375,413.30999755859375,270.0,413.30999755859375,413.30999755859375,413.30999755859375,413.30999755859375
2025-11-20T16:11:00Z,413.885009765625,413.885009765625,413.885009765625,413.885009765625,413.885009765625,80.0,413.885009765625,413.885009765625,413.885009765625,413.885009765625
2025-11-20T16:12:00Z,413.79669189453125,413.79669189453125,412.9599914550781,413.44000244140625,413.44000244140625,998.0,413.79669189453125,413.79669189453125,412.9599914550781,413.44000244140625
2025-11-20T16:13:00Z,413.2300109863281,413.3599853515625,413.2300109863281,413.3599853515625,413.3599853515625,285.0,413.2300109863281,413.3599853515625,413.2300109863281,413.3599853515625
2025-11-20T16:14:00Z,413.0199890136719,413.0400085449219,413.0199890136719,413.0400085449219,413.0400085449219,247.0,413.0199890136719,413.0400085449219,413.0199890136719,413.0400085449219
2025-11-20T16:16:00Z,412.5199890136719,412.5199890136719,412.5199890136719,412.5199890136719,412.5199890136719,335.0,412.5199890136719,412.5199890136719,412.5199890136719,412.5199890136719
2025-11-20T16:17:00Z,412.44500732421875,412.6199951171875,412.44500732421875,412.44500732421875,412.44500732421875,441.0,412.44500732421875,412.6199951171875,412.44500732421875,412.44500732421875
2025-11-20T16:18:00Z,412.80999755859375,413.3299865722656,412.80999755859375,412.8349914550781,412.8349914550781,3116.0,412.80999755859375,413.3299865722656,412.80999755859375,412.8349914550781
2025-11-20T16:19:00Z,413.0299987792969,413.29998779296875,412.8924865722656,412.8924865722656,412.8924865722656,383.0,413.0299987792969,413.29998779296875,412.8924865722656,412.8924865722656
2025-11-20T16:21:00Z,413.3399963378906,413.3900146484375,413.3399963378906,413.3900146484375,413.3900146484375,278.0,413.3399963378906,413.3900146484375,413.3399963378906,413.3900146484375
2025-11-20T16:22:00Z,413.06500244140625,413.06500244140625,413.06500244140625,413.06500244140625,413.06500244140625,145.0,413.06500244140625,413.06500244140625,413.06500244140625,413.06500244140625
2025-11-20T16:24:00Z,413.06500244140625,413.06500244140625,413.06500244140625,413.06500244140625,413.06500244140625,299.0,413.06500244140625,413.06500244140625,413.06500244140625,413.06500244140625
2025-11-20T16:27:00Z,413.5400085449219,413.5400085449219,413.4599914550781,413.4599914550781,413.4599914550781,168.0,413.5400085449219,413.5400085449219,413.4599914550781,413.4599914550781
2025-11-20T16:28:00Z,413.69000244140625,413.7200012207031,413.5400085449219,413.5400085449219,413.5400085449219,291.0,413.69000244140625,413.7200012207031,413.5400085449219,413.5400085449219
2025-11-20T16:29:00Z,413.2300109863281,413.2300109863281,413.2300109863281,413.2300109863281,413.2300109863281,497.0,413.2300109863281,413.2300109863281,413.2300109863281,413.2300109863281
2025-11-20T16:31:00Z,413.45001220703125,413.45001220703125,413.3500061035156,413.3500061035156,413.3500061035156,189.0,413.45001220703125,413.45001220703125,413.3500061035156,413.3500061035156
2025-11-20T16:33:00Z,413.51251220703125,413.51251220703125,413.51251220703125,413.51251220703125,413.51251220703125,49.0,413.51251220703125,413.51251220703125,413.51251220703125,413.51251220703125
2025-11-20T16:34:00Z,413.54998779296875,413.760009765625,413.54998779296875,413.760009765625,413.760009765625,168.0,413.54998779296875,413.760009765625,413.54998779296875,413.760009765625
2025-11-20T16:35:00Z,413.9599914550781,414.1000061035156,413.75,413.75,413.75,946.0,413.9599914550781,414.1000061035156,413.75,413.75
2025-11-20T16:36:00Z,413.3599853515625,413.3599853515625,413.3599853515625,413.3599853515625,413.3599853515625,299.0,413.3599853515625,413.3599853515625,413.3599853515625,413.3599853515625
2025-11-20T16:38:00Z,412.55999755859375,412.55999755859375,412.55999755859375,412.55999755859375,412.55999755859375,221.0,412.55999755859375,412.55999755859375,412.55999755859375,412.55999755859375
2025-11-20T16:40:00Z,412.8800048828125,412.8800048828125,412.8800048828125,412.8800048828125,412.8800048828125,173.0,412.8800048828125,412.8800048828125,412.8800048828125,412.8800048828125
2025-11-20T16:41:00Z,413.2850036621094,413.2850036621094,412.6099853515625,412.6099853515625,412.6099853515625,148.0,413.2850036621094,413.2850036621094,412.6099853515625,412.6099853515625
2025-11-20T16:44:00Z,413.1600036621094,413.1600036621094,412.7699890136719,412.80499267578125,412.80499267578125,314.0,413.1600036621094,413.1600036621094,412.7699890136719,412.80499267578125
2025-11-20T16:45:00Z,412.3500061035156,412.3500061035156,412.3500061035156,412.3500061035156,412.3500061035156,344.0,412.3500061035156,412.3500061035156,412.3500061035156,412.3500061035156
2025-11-20T16:47:00Z,413.54998779296875,413.54998779296875,412.3999938964844,412.3999938964844,412.3999938964844,297.0,413.54998779296875,413.54998779296875,412.3999938964844,412.3999938964844
2025-11-20T16:48:00Z,412.2449951171875,412.3699951171875,412.2449951171875,412.3699951171875,412.3699951171875,150.0,412.2449951171875,412.3699951171875,412.2449951171875,412.3699951171875
2025-11-20T16:49:00Z,412.0950012207031,412.0950012207031,412.0950012207031,412.0950012207031,412.0950012207031,335.0,412.0950012207031,412.0950012207031,412.0950012207031,412.0950012207031
2025-11-20T16:51:00Z,413.07000732421875,413.1600036621094,412.7300109863281,412.7300109863281,412.7300109863281,726.0,413.07000732421875,413.1600036621094,412.7300109863281,412.7300109863281
2025-11-20T16:52:00Z,412.42498779296875,412.5299987792969,412.42498779296875,412.5299987792969,412.5299987792969,240.0,412.42498779296875,412.5299987792969,412.42498779296875,412.5299987792969
2025-11-20T16:53:00Z,412.4200134277344,412.4200134277344,412.0799865722656,412.0799865722656,412.0799865722656,788.0,412.4200134277344,412.4200134277344,412.0799865722656,412.0799865722656
2025-11-20T16:55:00Z,410.75,410.75,410.75,410.75,410.75,247.0,410.75,410.75,410.75,410.75
2025-11-20T16:56:00Z,410.7900085449219,410.82000732421875,410.7099914550781,410.81500244140625,410.81500244140625,364.0,410.7900085449219,410.82000732421875,410.7099914550781,410.81500244140625
2025-11-20T16:57:00Z,410.3399963378906,410.7799987792969,410.3399963378906,410.7099914550781,410.7099914550781,367.0,410.3399963378906,410.7799987792969,410.3399963378906,410.7099914550781
2025-11-20T16:58:00Z,409.8299865722656,409.8299865722656,409.8299865722656,409.8299865722656,409.8299865722656,54.0,409.8299865722656,409.8299865722656,409.8299865722656,409.8299865722656
2025-11-20T16:59:00Z,409.79998779296875,409.79998779296875,409.5899963378906,409.5899963378906,409.5899963378906,348.0,409.79998779296875,409.79998779296875,409.5899963378906,409.5899963378906
2025-11-20T17:00:00Z,410.739990234375,410.8500061035156,410.739990234375,410.8500061035156,410.8500061035156,466.0,410.739990234375,410.8500061035156,410.739990234375,410.8500061035156
2025-11-20T17:02:00Z,410.739990234375,410.739990234375,410.739990234375,410.739990234375,410.739990234375,236.0,410.739990234375,410.739990234375,410.739990234375,410.739990234375
2025-11-20T17:04:00Z,411.0,411.010009765625,410.989990234375,410.989990234375,410.989990234375,360.0,411.0,411.010009765625,410.989990234375,410.989990234375
2025-11-20T17:05:00Z,411.1449890136719,411.1449890136719,410.6700134277344,410.6700134277344,410.6700134277344,650.0,411.1449890136719,411.1449890136719,410.6700134277344,410.6700134277344
2025-11-20T17:06:00Z,410.5899963378906,410.5899963378906,410.489990234375,410.489990234375,410.489990234375,268.0,410.5899963378906,410.5899963378906,410.489990234375,410.489990234375
2025-11-20T17:07:00Z,409.9173889160156,409.9173889160156,409.9173889160156,409.9173889160156,409.9173889160156,136.0,409.9173889160156,409.9173889160156,409.9173889160156,409.9173889160156
2025-11-20T17:08:00Z,411.1700134277344,411.45001220703125,411.0199890136719,411.2300109863281,411.2300109863281,651.0,411.1700134277344,411.45001220703125,411.0199890136719,411.2300109863281
2025-11-20T17:10:00Z,410.489990234375,410.489990234375,410.489990234375,410.489990234375,410.489990234375,133.0,410.489990234375,410.489990234375,410.489990234375,410.489990234375
2025-11-20T17:12:00Z,410.17999267578125,410.17999267578125,409.3599853515625,410.05499267578125,410.05499267578125,943.0,410.17999267578125,410.17999267578125,409.3599853515625,410.05499267578125
2025-11-20T17:15:00Z,409.82000732421875,409.82000732421875,409.739990234375,409.82000732421875,409.82000732421875,445.0,409.82000732421875,409.82000732421875,409.739990234375,409.82000732421875
2025-11-20T17:16:00Z,409.3599853515625,409.4800109863281,409.19000244140625,409.19000244140625,409.19000244140625,655.0,409.3599853515625,409.4800109863281,409.19000244140625,409.19000244140625
2025-11-20T17:18:00Z,408.94000244140625,409.6300048828125,408.94000244140625,409.6300048828125,409.6300048828125,358.0,408.94000244140625,409.6300048828125,408.94000244140625,409.6300048828125
2025-11-20T17:19:00Z,409.0799865722656,409.0799865722656,408.7900085449219,408.7900085449219,408.7900085449219,573.0,409.0799865722656,409.0799865722656,408.7900085449219,408.7900085449219
2025-11-20T17:20:00Z,408.70001220703125,408.9200134277344,408.70001220703125,408.9200134277344,408.9200134277344,433.0,408.70001220703125,408.9200134277344,408.70001220703125,408.9200134277344
2025-11-20T17:21:00Z,408.9700012207031,408.9700012207031,408.9700012207031,408.9700012207031,408.9700012207031,233.0,408.9700012207031,408.9700012207031,408.9700012207031,408.9700012207031
2025-11-20T17:24:00Z,409.0799865722656,409.0799865722656,409.0799865722656,409.0799865722656,409.0799865722656,161.0,409.0799865722656,409.0799865722656,409.0799865722656,409.0799865722656
2025-11-20T17:25:00Z,409.07000732421875,409.07000732421875,408.67999267578125,408.67999267578125,408.67999267578125,222.0,409.07000732421875,409.07000732421875,408.67999267578125,408.67999267578125
2025-11-20T17:26:00Z,409.2099914550781,409.2099914550781,409.2099914550781,409.2099914550781,409.2099914550781,131.0,409.2099914550781,409.2099914550781,409.2099914550781,409.2099914550781
2025-11-20T17:27:00Z,409.6000061035156,409.80999755859375,409.6000061035156,409.80999755859375,409.80999755859375,808.0,409.6000061035156,409.80999755859375,409.6000061035156,409.80999755859375
2025-11-20T17:31:00Z,409.4700012207031,409.4700012207031,409.42999267578125,409.42999267578125,409.42999267578125,256.0,409.4700012207031,409.4700012207031,409.42999267578125,409.42999267578125
2025-11-20T17:32:00Z,409.42999267578125,409.42999267578125,409.42999267578125,409.42999267578125,409.42999267578125,276.0,409.42999267578125,409.42999267578125,409.42999267578125,409.42999267578125
2025-11-20T17:34:00Z,409.42999267578125,409.43499755859375,409.42999267578125,409.43499755859375,409.43499755859375,371.0,409.42999267578125,409.43499755859375,409.42999267578125,409.43499755859375
2025-11-20T17:36:00Z,409.07000732421875,409.07000732421875,409.0299987792969,409.0299987792969,409.0299987792969,639.0,409.07000732421875,409.07000732421875,409.0299987792969,409.0299987792969
2025-11-20T17:37:00Z,409.4200134277344,409.4200134277344,409.0799865722656,409.1549987792969,409.1549987792969,517.0,409.4200134277344,409.4200134277344,409.0799865722656,409.1549987792969
2025-11-20T17:39:00Z,409.1000061035156,409.7699890136719,409.1000061035156,409.6099853515625,409.6099853515625,716.0,409.1000061035156,409.7699890136719,409.1000061035156,409.6099853515625
2025-11-20T17:40:00Z,409.239990234375,409.25,409.239990234375,409.239990234375,409.239990234375,428.0,409.239990234375,409.25,409.239990234375,409.239990234375
2025-11-20T17:41:00Z,408.95001220703125,408.95001220703125,408.95001220703125,408.95001220703125,408.95001220703125,239.0,408.95001220703125,408.95001220703125,408.95001220703125,408.95001220703125
2025-11-20T17:42:00Z,408.2200012207031,408.2200012207031,408.2099914550781,408.2099914550781,408.2099914550781,272.0,408.2200012207031,408.2200012207031,408.2099914550781,408.2099914550781
2025-11-20T17:43:00Z,407.7300109863281,407.9599914550781,407.7300109863281,407.9599914550781,407.9599914550781,985.0,407.7300109863281,407.9599914550781,407.7300109863281,407.9599914550781
2025-11-20T17:45:00Z,407.4200134277344,407.4200134277344,407.4200134277344,407.4200134277344,407.4200134277344,475.0,407.4200134277344,407.4200134277344,407.4200134277344,407.4200134277344
2025-11-20T17:52:00Z,407.55499267578125,407.55499267578125,407.2300109863281,407.2300109863281,407.2300109863281,90.0,407.55499267578125,407.55499267578125,407.2300109863281,407.2300109863281
2025-11-20T17:53:00Z,406.885009765625,406.885009765625,406.510009765625,406.510009765625,406.510009765625,438.0,406.885009765625,406.885009765625,406.510009765625,406.510009765625
2025-11-20T17:56:00Z,406.6400146484375,406.6400146484375,406.6400146484375,406.6400146484375,406.6400146484375,64.0,406.6400146484375,406.6400146484375,406.6400146484375,406.6400146484375
2025-11-20T17:57:00Z,407.1050109863281,407.57000732421875,407.1050109863281,407.57000732421875,407.57000732421875,327.0,407.1050109863281,407.57000732421875,407.1050109863281,407.57000732421875
2025-11-20T17:59:00Z,407.54998779296875,407.57000732421875,407.4800109863281,407.57000732421875,407.57000732421875,824.0,407.54998779296875,407.57000732421875,407.4800109863281,407.57000732421875
2025-11-20T18:00:00Z,407.3273010253906,408.1300048828125,407.3273010253906,408.1300048828125,408.1300048828125,1131.0,407.3273010253906,408.1300048828125,407.3273010253906,408.1300048828125
2025-11-20T18:01:00Z,408.1300048828125,408.1300048828125,407.7200012207031,407.7200012207031,407.7200012207031,1390.0,408.1300048828125,408.1300048828125,407.7200012207031,407.7200012207031
2025-11-20T18:04:00Z,408.6700134277344,409.1700134277344,408.6700134277344,409.1700134277344,409.1700134277344,308.0,408.6700134277344,409.1700134277344,408.6700134277344,409.1700134277344
2025-11-20T18:05:00Z,408.7699890136719,408.7699890136719,408.7699890136719,408.7699890136719,408.7699890136719,127.0,408.7699890136719,408.7699890136719,408.7699890136719,408.7699890136719
2025-11-20T18:06:00Z,409.1700134277344,410.1000061035156,409.1700134277344,410.1000061035156,410.1000061035156,574.0,409.1700134277344,410.1000061035156,409.1700134277344,410.1000061035156
2025-11-20T18:08:00Z,410.4800109863281,410.4800109863281,409.95001220703125,410.260009765625,410.260009765625,956.0,410.4800109863281,410.4800109863281,409.95001220703125,410.260009765625
2025-11-20T18:10:00Z,410.0199890136719,410.0199890136719,409.82000732421875,409.82000732421875,409.82000732421875,615.0,410.0199890136719,410.0199890136719,409.82000732421875,409.82000732421875
2025-11-20T18:12:00Z,410.05999755859375,410.05999755859375,410.05999755859375,410.05999755859375,410.05999755859375,620.0,410.05999755859375,410.05999755859375,410.05999755859375,410.05999755859375
2025-11-20T18:14:00Z,411.17999267578125,411.17999267578125,411.0299987792969,411.0299987792969,411.0299987792969,544.0,411.17999267578125,411.17999267578125,411.0299987792969,411.0299987792969
2025-11-20T18:15:00Z,411.7699890136719,411.7799987792969,411.2749938964844,411.2749938964844,411.2749938964844,527.0,411.7699890136719,411.7799987792969,411.2749938964844,411.2749938964844
2025-11-20T18:16:00Z,411.04998779296875,411.04998779296875,411.04998779296875,411.04998779296875,411.04998779296875,107.0,411.04998779296875,411.04998779296875,411.04998779296875,411.04998779296875
2025-11-20T18:17:00Z,411.6400146484375,411.6400146484375,411.6400146484375,411.6400146484375,411.6400146484375,226.0,411.6400146484375,411.6400146484375,411.6400146484375,411.6400146484375
2025-11-20T18:18:00Z,410.7799987792969,411.0274963378906,410.7799987792969,411.0274963378906,411.0274963378906,429.0,410.7799987792969,411.0274963378906,410.7799987792969,411.0274963378906
2025-11-20T18:19:00Z,410.6499938964844,410.6499938964844,410.6000061035156,410.6000061035156,410.6000061035156,452.0,410.6499938964844,410.6499938964844,410.6000061035156,410.6000061035156
2025-11-20T18:20:00Z,410.6000061035156,410.6000061035156,410.5899963378906,410.5899963378906,410.5899963378906,385.0,410.6000061035156,410.6000061035156,410.5899963378906,410.5899963378906
2025-11-20T18:21:00Z,410.4649963378906,410.4649963378906,409.8999938964844,410.3599853515625,410.3599853515625,197.0,410.4649963378906,410.4649963378906,409.8999938964844,410.3599853515625
2025-11-20T18:23:00Z,409.8599853515625,409.8599853515625,409.7900085449219,409.7900085449219,409.7900085449219,548.0,409.8599853515625,409.8599853515625,409.7900085449219,409.7900085449219
2025-11-20T18:25:00Z,409.4700012207031,409.4700012207031,409.4700012207031,409.4700012207031,409.4700012207031,139.0,409.4700012207031,409.4700012207031,409.4700012207031,409.4700012207031
2025-11-20T18:26:00Z,409.4700012207031,409.4700012207031,409.4700012207031,409.4700012207031,409.4700012207031,134.0,409.4700012207031,409.4700012207031,409.4700012207031,409.4700012207031
2025-11-20T18:27:00Z,409.25,409.3500061035156,409.25,409.3500061035156,409.3500061035156,755.0,409.25,409.3500061035156,409.25,409.3500061035156
2025-11-20T18:28:00Z,409.25,409.5400085449219,408.55999755859375,409.2300109863281,409.2300109863281,938.0,409.25,409.5400085449219,408.55999755859375,409.2300109863281
2025-11-20T18:29:00Z,409.04998779296875,409.6499938964844,409.04998779296875,409.1400146484375,409.1400146484375,1091.0,409.04998779296875,409.6499938964844,409.04998779296875,409.1400146484375
2025-11-20T18:30:00Z,409.54998779296875,409.69000244140625,409.3999938964844,409.3999938964844,409.3999938964844,1216.0,409.54998779296875,409.69000244140625,409.3999938964844,409.3999938964844
2025-11-20T18:31:00Z,409.3900146484375,409.3900146484375,409.3900146484375,409.3900146484375,409.3900146484375,177.0,409.3900146484375,409.3900146484375,409.3900146484375,409.3900146484375
2025-11-20T18:32:00Z,409.1099853515625,409.1199951171875,408.69000244140625,408.9624938964844,408.9624938964844,1267.0,409.1099853515625,409.1199951171875,408.69000244140625,408.9624938964844
2025-11-20T18:35:00Z,408.8299865722656,408.8299865722656,408.3299865722656,408.3299865722656,408.3299865722656,243.0,408.8299865722656,408.8299865722656,408.3299865722656,408.3299865722656
2025-11-20T18:36:00Z,408.739990234375,408.739990234375,408.739990234375,408.739990234375,408.739990234375,67.0,408.739990234375,408.739990234375,408.739990234375,408.739990234375
2025-11-20T18:38:00Z,408.1199951171875,408.1199951171875,408.1199951171875,408.1199951171875,408.1199951171875,618.0,408.1199951171875,408.1199951171875,408.1199951171875,408.1199951171875
2025-11-20T18:39:00Z,408.510009765625,408.510009765625,408.1700134277344,408.1700134277344,408.1700134277344,324.0,408.510009765625,408.510009765625,408.1700134277344,408.1700134277344
2025-11-20T18:40:00Z,408.5050048828125,408.5050048828125,408.1199951171875,408.1199951171875,408.1199951171875,213.0,408.5050048828125,408.5050048828125,408.1199951171875,408.1199951171875
2025-11-20T18:42:00Z,407.8599853515625,407.8599853515625,407.07000732421875,407.1199951171875,407.1199951171875,530.0,407.8599853515625,407.8599853515625,407.07000732421875,407.1199951171875
2025-11-20T18:44:00Z,407.1969909667969,407.6050109863281,407.1969909667969,407.6050109863281,407.6050109863281,196.0,407.1969909667969,407.6050109863281,407.1969909667969,407.6050109863281
2025-11-20T18:46:00Z,407.510009765625,407.510009765625,407.0400085449219,407.0400085449219,407.0400085449219,443.0,407.510009765625,407.510009765625,407.0400085449219,407.0400085449219
2025-11-20T18:47:00Z,406.989990234375,406.989990234375,406.54998779296875,406.6499938964844,406.6499938964844,335.0,406.989990234375,406.989990234375,406.54998779296875,406.6499938964844
2025-11-20T18:48:00Z,406.625,407.20001220703125,406.625,407.20001220703125,407.20001220703125,1463.0,406.625,407.20001220703125,406.625,407.20001220703125
2025-11-20T18:49:00Z,407.1199951171875,407.1199951171875,407.1199951171875,407.1199951171875,407.1199951171875,103.0,407.1199951171875,407.1199951171875,407.1199951171875,407.1199951171875
2025-11-20T18:50:00Z,406.885009765625,407.3800048828125,406.5899963378906,407.3800048828125,407.3800048828125,1037.0,406.885009765625,407.3800048828125,406.5899963378906,407.3800048828125
2025-11-20T18:51:00Z,407.3900146484375,407.4700012207031,407.3900146484375,407.42999267578125,407.42999267578125,747.0,407.3900146484375,407.4700012207031,407.3900146484375,407.42999267578125
2025-11-20T18:55:00Z,406.45001220703125,406.8949890136719,406.44000244140625,406.8949890136719,406.8949890136719,614.0,406.45001220703125,406.8949890136719,406.44000244140625,406.8949890136719
2025-11-20T18:58:00Z,406.6700134277344,406.6700134277344,406.6700134277344,406.6700134277344,406.6700134277344,256.0,406.6700134277344,406.6700134277344,406.6700134277344,406.6700134277344
2025-11-20T18:59:00Z,406.80999755859375,406.80999755859375,406.80999755859375,406.80999755859375,406.80999755859375,239.0,406.80999755859375,406.80999755859375,406.80999755859375,406.80999755859375
2025-11-20T19:00:00Z,406.7799987792969,406.7799987792969,406.7799987792969,406.7799987792969,406.7799987792969,69.0,406.7799987792969,406.7799987792969,406.7799987792969,406.7799987792969
2025-11-20T19:02:00Z,406.44000244140625,406.80999755859375,406.44000244140625,406.80999755859375,406.80999755859375,409.0,406.44000244140625,406.80999755859375,406.44000244140625,406.80999755859375
2025-11-20T19:03:00Z,406.9100036621094,407.0174865722656,406.8764953613281,406.9100036621094,406.9100036621094,463.0,406.9100036621094,407.0174865722656,406.8764953613281,406.9100036621094
2025-11-20T19:05:00Z,406.44000244140625,406.44000244140625,406.44000244140625,406.44000244140625,406.44000244140625,363.0,406.44000244140625,406.44000244140625,406.44000244140625,406.44000244140625
2025-11-20T19:08:00Z,406.6499938964844,407.07000732421875,406.6499938964844,407.0400085449219,407.0400085449219,361.0,406.6499938964844,407.07000732421875,406.6499938964844,407.0400085449219
2025-11-20T19:09:00Z,407.3299865722656,407.3299865722656,406.8550109863281,406.8550109863281,406.8550109863281,389.0,407.3299865722656,407.3299865722656,406.8550109863281,406.8550109863281
2025-11-20T19:10:00Z,407.2699890136719,407.3399963378906,406.92498779296875,407.13751220703125,407.13751220703125,1773.0,407.2699890136719,407.3399963378906,406.92498779296875,407.13751220703125
2025-11-20T19:11:00Z,407.4800109863281,407.489990234375,407.4800109863281,407.4800109863281,407.4800109863281,335.0,407.4800109863281,407.489990234375,407.4800109863281,407.4800109863281
2025-11-20T19:12:00Z,407.1903991699219,407.1903991699219,407.1903991699219,407.1903991699219,407.1903991699219,210.0,407.1903991699219,407.1903991699219,407.1903991699219,407.1903991699219
2025-11-20T19:13:00Z,407.54998779296875,407.54998779296875,407.1199951171875,407.1199951171875,407.1199951171875,892.0,407.54998779296875,407.54998779296875,407.1199951171875,407.1199951171875
2025-11-20T19:15:00Z,406.80999755859375,406.80999755859375,406.7900085449219,406.7900085449219,406.7900085449219,279.0,406.80999755859375,406.80999755859375,406.7900085449219,406.7900085449219
2025-11-20T19:17:00Z,406.9049987792969,407.0400085449219,406.9049987792969,407.0400085449219,407.0400085449219,290.0,406.9049987792969,407.0400085449219,406.9049987792969,407.0400085449219
2025-11-20T19:18:00Z,407.1499938964844,407.1499938964844,407.1499938964844,407.1499938964844,407.1499938964844,287.0,407.1499938964844,407.1499938964844,407.1499938964844,407.1499938964844
2025-11-20T19:19:00Z,407.17999267578125,407.32000732421875,407.17999267578125,407.32000732421875,407.32000732421875,105.0,407.17999267578125,407.32000732421875,407.17999267578125,407.32000732421875
2025-11-20T19:21:00Z,407.07501220703125,407.8999938964844,407.0400085449219,407.8999938964844,407.8999938964844,1093.0,407.07501220703125,407.8999938964844,407.0400085449219,407.8999938964844
2025-11-20T19:24:00Z,407.3500061035156,407.3500061035156,407.3500061035156,407.3500061035156,407.3500061035156,287.0,407.3500061035156,407.3500061035156,407.3500061035156,407.3500061035156
2025-11-20T19:25:00Z,407.30999755859375,407.30999755859375,407.30999755859375,407.30999755859375,407.30999755859375,342.0,407.30999755859375,407.30999755859375,407.30999755859375,407.30999755859375
2025-11-20T19:27:00Z,408.17999267578125,408.81500244140625,408.1499938964844,408.81500244140625,408.81500244140625,1337.0,408.17999267578125,408.81500244140625,408.1499938964844,408.81500244140625
2025-11-20T19:28:00Z,408.7900085449219,408.7900085449219,408.7900085449219,408.7900085449219,408.7900085449219,82.0,408.7900085449219,408.7900085449219,408.7900085449219,408.7900085449219
2025-11-20T19:29:00Z,408.7200012207031,409.3500061035156,408.70001220703125,408.70001220703125,408.70001220703125,684.0,408.7200012207031,409.3500061035156,408.70001220703125,408.70001220703125
2025-11-20T19:30:00Z,408.2799987792969,408.2799987792969,408.2799987792969,408.2799987792969,408.2799987792969,138.0,408.2799987792969,408.2799987792969,408.2799987792969,408.2799987792969
2025-11-20T19:31:00Z,408.2699890136719,408.2699890136719,408.2699890136719,408.2699890136719,408.2699890136719,440.0,408.2699890136719,408.2699890136719,408.2699890136719,408.2699890136719
2025-11-20T19:34:00Z,408.2699890136719,408.2699890136719,408.2699890136719,408.2699890136719,408.2699890136719,229.0,408.2699890136719,408.2699890136719,408.2699890136719,408.2699890136719
2025-11-20T19:35:00Z,408.5899963378906,408.6000061035156,408.5350036621094,408.5350036621094,408.5350036621094,356.0,408.5899963378906,408.6000061035156,408.5350036621094,408.5350036621094
2025-11-20T19:36:00Z,408.5450134277344,408.5450134277344,408.07000732421875,408.07000732421875,408.07000732421875,1115.0,408.5450134277344,408.5450134277344,408.07000732421875,408.07000732421875
2025-11-20T19:37:00Z,408.42999267578125,408.42999267578125,408.07000732421875,408.07000732421875,408.07000732421875,259.0,408.42999267578125,408.42999267578125,408.07000732421875,408.07000732421875
2025-11-20T19:38:00Z,408.07000732421875,408.07000732421875,407.9200134277344,407.9200134277344,407.9200134277344,558.0,408.07000732421875,408.07000732421875,407.9200134277344,407.9200134277344
2025-11-20T19:40:00Z,407.30999755859375,407.3699951171875,407.30999755859375,407.3699951171875,407.3699951171875,329.0,407.30999755859375,407.3699951171875,407.30999755859375,407.3699951171875
2025-11-20T19:41:00Z,407.3399963378906,407.3399963378906,407.3399963378906,407.3399963378906,407.3399963378906,308.0,407.3399963378906,407.3399963378906,407.3399963378906,407.3399963378906
2025-11-20T19:42:00Z,407.6675109863281,408.0,407.5249938964844,408.0,408.0,444.0,407.6675109863281,408.0,407.5249938964844,408.0
2025-11-20T19:43:00Z,407.94000244140625,408.0400085449219,407.1300048828125,407.1300048828125,407.1300048828125,541.0,407.94000244140625,408.0400085449219,407.1300048828125,407.1300048828125
2025-11-20T19:44:00Z,408.0299987792969,408.2349853515625,408.0299987792969,408.2349853515625,408.2349853515625,463.0,408.0299987792969,408.2349853515625,408.0299987792969,408.2349853515625
2025-11-20T19:45:00Z,408.2300109863281,408.2300109863281,408.2300109863281,408.2300109863281,408.2300109863281,110.0,408.2300109863281,408.2300109863281,408.2300109863281,408.2300109863281
2025-11-20T19:47:00Z,407.8399963378906,408.04998779296875,407.82000732421875,408.04998779296875,408.04998779296875,333.0,407.8399963378906,408.04998779296875,407.82000732421875,408.04998779296875
2025-11-20T19:48:00Z,408.5,408.5,408.5,408.5,408.5,189.0,408.5,408.5,408.5,408.5
2025-11-20T19:49:00Z,408.3349914550781,408.3349914550781,408.1700134277344,408.1700134277344,408.1700134277344,176.0,408.3349914550781,408.3349914550781,408.1700134277344,408.1700134277344
2025-11-20T19:50:00Z,408.19000244140625,408.489990234375,408.17999267578125,408.489990234375,408.489990234375,910.0,408.19000244140625,408.489990234375,408.17999267578125,408.489990234375
2025-11-20T19:52:00Z,408.1700134277344,408.70001220703125,407.9700012207031,407.9700012207031,407.9700012207031,1165.0,408.1700134277344,408.70001220703125,407.9700012207031,407.9700012207031
2025-11-20T19:53:00Z,408.3299865722656,408.3299865722656,408.3299865722656,408.3299865722656,408.3299865722656,128.0,408.3299865722656,408.3299865722656,408.3299865722656,408.3299865722656
2025-11-20T19:54:00Z,408.3299865722656,408.69000244140625,408.3299865722656,408.3299865722656,408.3299865722656,721.0,408.3299865722656,408.69000244140625,408.3299865722656,408.3299865722656
2025-11-20T19:55:00Z,408.32501220703125,408.32501220703125,408.32501220703125,408.32501220703125,408.32501220703125,525.0,408.32501220703125,408.32501220703125,408.32501220703125,408.32501220703125
2025-11-20T19:56:00Z,408.32501220703125,408.67999267578125,408.239990234375,408.3500061035156,408.3500061035156,623.0,408.32501220703125,408.67999267578125,408.239990234375,408.3500061035156
2025-11-20T19:57:00Z,408.3349914550781,409.1300048828125,408.3349914550781,409.0899963378906,409.0899963378906,2795.0,408.3349914550781,409.1300048828125,408.3349914550781,409.0899963378906
2025-11-20T19:59:00Z,409.07501220703125,409.3800048828125,409.07501220703125,409.3800048828125,409.3800048828125,697.0,409.07501220703125,409.3800048828125,409.07501220703125,409.3800048828125
2025-11-20T20:02:00Z,409.1000061035156,409.1000061035156,408.7149963378906,408.7149963378906,408.7149963378906,1432.0,409.1000061035156,409.1000061035156,408.7149963378906,408.7149963378906
2025-11-20T20:04:00Z,408.95001220703125,408.95001220703125,408.7300109863281,408.7300109863281,408.7300109863281,306.0,408.95001220703125,408.95001220703125,408.7300109863281,408.7300109863281
2025-11-20T20:05:00Z,408.67999267578125,408.67999267578125,408.67999267578125,408.67999267578125,408.67999267578125,871.0,408.67999267578125,408.67999267578125,408.67999267578125,408.67999267578125
2025-11-20T20:08:00Z,408.3299865722656,408.4599914550781,408.3299865722656,408.4599914550781,408.4599914550781,319.0,408.3299865722656,408.4599914550781,408.3299865722656,408.4599914550781
2025-11-20T20:09:00Z,408.3299865722656,408.3299865722656,408.32000732421875,408.32000732421875,408.32000732421875,454.0,408.3299865722656,408.3299865722656,408.32000732421875,408.32000732421875
2025-11-20T20:10:00Z,408.31500244140625,408.31500244140625,407.7900085449219,407.9599914550781,407.9599914550781,620.0,408.31500244140625,408.31500244140625,407.7900085449219,407.9599914550781
2025-11-20T20:11:00Z,407.6199951171875,407.7699890136719,407.6000061035156,407.7699890136719,407.7699890136719,836.0,407.6199951171875,407.7699890136719,407.6000061035156,407.7699890136719
2025-11-20T20:12:00Z,407.7875061035156,407.8500061035156,407.7449951171875,407.7799987792969,407.7799987792969,282.0,407.7875061035156,407.8500061035156,407.7449951171875,407.7799987792969
2025-11-20T20:13:00Z,407.7449951171875,407.7449951171875,407.7449951171875,407.7449951171875,407.7449951171875,150.0,407.7449951171875,407.7449951171875,407.7449951171875,407.7449951171875
2025-11-20T20:15:00Z,407.9599914550781,408.3399963378906,407.7200012207031,408.3399963378906,408.3399963378906,1244.0,407.9599914550781,408.3399963378906,407.7200012207031,408.3399963378906
2025-11-20T20:17:00Z,408.6300048828125,408.6300048828125,408.385009765625,408.385009765625,408.385009765625,331.0,408.6300048828125,408.6300048828125,408.385009765625,408.385009765625
2025-11-20T20:18:00Z,408.42498779296875,408.42498779296875,408.42498779296875,408.42498779296875,408.42498779296875,146.0,408.42498779296875,408.42498779296875,408.42498779296875,408.42498779296875
2025-11-20T20:20:00Z,408.4750061035156,408.4750061035156,408.4750061035156,408.4750061035156,408.4750061035156,57.0,408.4750061035156,408.4750061035156,408.4750061035156,408.4750061035156
2025-11-20T20:21:00Z,408.7099914550781,408.9800109863281,408.4750061035156,408.7799987792969,408.7799987792969,1573.0,408.7099914550781,408.9800109863281,408.4750061035156,408.7799987792969
2025-11-20T20:23:00Z,408.4599914550781,408.6700134277344,408.1300048828125,408.6700134277344,408.6700134277344,525.0,408.4599914550781,408.6700134277344,408.1300048828125,408.6700134277344
2025-11-20T20:24:00Z,408.1600036621094,408.5299987792969,408.0899963378906,408.1449890136719,408.1449890136719,753.0,408.1600036621094,408.5299987792969,408.0899963378906,408.1449890136719
2025-11-20T20:25:00Z,408.239990234375,408.3299865722656,408.239990234375,408.3299865722656,408.3299865722656,747.0,408.239990234375,408.3299865722656,408.239990234375,408.3299865722656
2025-11-20T20:26:00Z,408.5199890136719,408.5199890136719,407.8900146484375,407.8900146484375,407.8900146484375,753.0,408.5199890136719,408.5199890136719,407.8900146484375,407.8900146484375
2025-11-20T20:27:00Z,407.7250061035156,407.7250061035156,407.7250061035156,407.7250061035156,407.7250061035156,134.0,407.7250061035156,407.7250061035156,407.7250061035156,407.7250061035156
2025-11-20T20:28:00Z,407.8500061035156,408.0299987792969,407.8500061035156,408.0299987792969,408.0299987792969,197.0,407.8500061035156,408.0299987792969,407.8500061035156,408.0299987792969
2025-11-20T20:29:00Z,407.9849853515625,407.9849853515625,407.9599914550781,407.9599914550781,407.9599914550781,258.0,407.9849853515625,407.9849853515625,407.9599914550781,407.9599914550781
2025-11-20T20:30:00Z,408.25,408.2900085449219,408.0799865722656,408.0799865722656,408.0799865722656,686.0,408.25,408.2900085449219,408.0799865722656,408.0799865722656
2025-11-20T20:31:00Z,407.82000732421875,407.82000732421875,407.7449951171875,407.7449951171875,407.7449951171875,199.0,407.82000732421875,407.82000732421875,407.7449951171875,407.7449951171875
2025-11-20T20:32:00Z,408.05499267578125,408.05499267578125,407.9700012207031,408.05499267578125,408.05499267578125,556.0,408.05499267578125,408.05499267578125,407.9700012207031,408.05499267578125
2025-11-20T20:34:00Z,407.7200012207031,407.75,407.6600036621094,407.7200012207031,407.7200012207031,1360.0,407.7200012207031,407.75,407.6600036621094,407.7200012207031
2025-11-20T20:35:00Z,407.4849853515625,407.4849853515625,407.4849853515625,407.4849853515625,407.4849853515625,479.0,407.4849853515625,407.4849853515625,407.4849853515625,407.4849853515625
2025-11-20T20:38:00Z,407.4849853515625,407.4849853515625,407.04998779296875,407.04998779296875,407.04998779296875,1107.0,407.4849853515625,407.4849853515625,407.04998779296875,407.04998779296875
2025-11-20T20:39:00Z,407.04998779296875,407.1600036621094,406.7900085449219,407.1400146484375,407.1400146484375,1760.0,407.04998779296875,407.1600036621094,406.7900085449219,407.1400146484375
2025-11-20T20:40:00Z,407.20001220703125,407.20001220703125,406.75,406.9200134277344,406.9200134277344,1006.0,407.20001220703125,407.20001220703125,406.75,406.9200134277344
2025-11-20T20:41:00Z,406.92999267578125,406.92999267578125,406.55999755859375,406.635009765625,406.635009765625,552.0,406.92999267578125,406.92999267578125,406.55999755859375,406.635009765625
2025-11-20T20:42:00Z,406.82000732421875,406.92999267578125,406.67999267578125,406.9100036621094,406.9100036621094,1209.0,406.82000732421875,406.92999267578125,406.67999267578125,406.9100036621094
2025-11-20T20:43:00Z,406.69500732421875,406.69500732421875,406.45001220703125,406.69500732421875,406.69500732421875,1037.0,406.69500732421875,406.69500732421875,406.45001220703125,406.69500732421875
2025-11-20T20:44:00Z,406.8399963378906,406.8399963378906,406.5,406.5,406.5,446.0,406.8399963378906,406.8399963378906,406.5,406.5
2025-11-20T20:45:00Z,406.44000244140625,406.6449890136719,406.3699951171875,406.6449890136719,406.6449890136719,379.0,406.44000244140625,406.6449890136719,406.3699951171875,406.6449890136719
2025-11-20T20:46:00Z,406.6000061035156,406.8399963378906,406.5400085449219,406.6300048828125,406.6300048828125,764.0,406.6000061035156,406.8399963378906,406.5400085449219,406.6300048828125
2025-11-20T20:47:00Z,406.6300048828125,406.6300048828125,406.4200134277344,406.4800109863281,406.4800109863281,655.0,406.6300048828125,406.6300048828125,406.4200134277344,406.4800109863281
2025-11-20T20:48:00Z,406.6199951171875,406.6199951171875,406.3699951171875,406.3699951171875,406.3699951171875,881.0,406.6199951171875,406.6199951171875,406.3699951171875,406.3699951171875
2025-11-20T20:49:00Z,406.42999267578125,406.42999267578125,406.2200012207031,406.2200012207031,406.2200012207031,518.0,406.42999267578125,406.42999267578125,406.2200012207031,406.2200012207031
2025-11-20T20:50:00Z,406.55999755859375,406.9100036621094,406.54998779296875,406.9100036621094,406.9100036621094,2721.0,406.55999755859375,406.9100036621094,406.54998779296875,406.9100036621094
2025-11-20T20:51:00Z,406.3699951171875,406.6700134277344,406.1700134277344,406.6700134277344,406.6700134277344,816.0,406.3699951171875,406.6700134277344,406.1700134277344,406.6700134277344
2025-11-20T20:52:00Z,406.1400146484375,406.19000244140625,406.0950012207031,406.0950012207031,406.0950012207031,546.0,406.1400146484375,406.19000244140625,406.0950012207031,406.0950012207031
2025-11-20T20:53:00Z,406.42999267578125,406.4549865722656,406.1300048828125,406.30999755859375,406.30999755859375,1827.0,406.42999267578125,406.4549865722656,406.1300048828125,406.30999755859375
2025-11-20T20:54:00Z,406.5799865722656,406.8500061035156,406.32501220703125,406.8500061035156,406.8500061035156,1026.0,406.5799865722656,406.8500061035156,406.32501220703125,406.8500061035156
2025-11-20T20:55:00Z,406.8500061035156,407.1499938964844,406.67498779296875,407.135009765625,407.135009765625,2848.0,406.8500061035156,407.1499938964844,406.67498779296875,407.135009765625
2025-11-20T20:56:00Z,406.94000244140625,407.3500061035156,406.94000244140625,407.1700134277344,407.1700134277344,3880.0,406.94000244140625,407.3500061035156,406.94000244140625,407.1700134277344
2025-11-20T20:57:00Z,407.1700134277344,407.1700134277344,406.9599914550781,406.9599914550781,406.9599914550781,1398.0,407.1700134277344,407.1700134277344,406.9599914550781,406.9599914550781
2025-11-20T20:58:00Z,406.9800109863281,407.6099853515625,406.92999267578125,407.3599853515625,407.3599853515625,6363.0,406.9800109863281,407.6099853515625,406.92999267578125,407.3599853515625
2025-11-20T20:59:00Z,407.2900085449219,407.4049987792969,407.1700134277344,407.1700134277344,407.1700134277344,9853.0,407.2900085449219,407.4049987792969,407.1700134277344,407.1700134277344
2025-11-21T14:30:00Z,409.1499938964844,409.1499938964844,409.1499938964844,409.1499938964844,409.1499938964844,1091.0,409.1499938964844,409.1499938964844,409.1499938964844,409.1499938964844
2025-11-21T14:47:00Z,419.135009765625,419.135009765625,419.135009765625,419.135009765625,419.135009765625,486.0,419.135009765625,419.135009765625,419.135009765625,419.135009765625
2025-11-21T14:48:00Z,419.1400146484375,419.1400146484375,419.1400146484375,419.1400146484375,419.1400146484375,146.0,419.1400146484375,419.1400146484375,419.1400146484375,419.1400146484375
2025-11-21T14:49:00Z,418.0400085449219,418.0400085449219,418.0400085449219,418.0400085449219,418.0400085449219,42.0,418.0400085449219,418.0400085449219,418.0400085449219,418.0400085449219
2025-11-21T14:50:00Z,417.0849914550781,418.2850036621094,417.0849914550781,418.2850036621094,418.2850036621094,4775.0,417.0849914550781,418.2850036621094,417.0849914550781,418.2850036621094
2025-11-21T14:51:00Z,418.0,418.0,416.635009765625,416.635009765625,416.635009765625,1057.0,418.0,418.0,416.635009765625,416.635009765625
2025-11-21T14:53:00Z,419.1199951171875,419.4100036621094,418.79998779296875,419.19000244140625,419.19000244140625,4160.0,419.1199951171875,419.4100036621094,418.79998779296875,419.19000244140625
2025-11-21T14:55:00Z,419.5799865722656,419.5799865722656,418.5400085449219,418.760009765625,418.760009765625,6379.0,419.5799865722656,419.5799865722656,418.5400085449219,418.760009765625
2025-11-21T14:56:00Z,418.3949890136719,418.3949890136719,418.3949890136719,418.3949890136719,418.3949890136719,503.0,418.3949890136719,418.3949890136719,418.3949890136719,418.3949890136719
2025-11-21T14:59:00Z,418.9800109863281,420.3999938964844,418.79998779296875,420.3999938964844,420.3999938964844,15530.0,418.9800109863281,420.3999938964844,418.79998779296875,420.3999938964844
2025-11-21T15:00:00Z,421.1400146484375,422.2099914550781,420.8699951171875,421.5,421.5,1676.0,421.1400146484375,422.2099914550781,420.8699951171875,421.5
2025-11-21T15:02:00Z,420.7200012207031,420.7200012207031,420.7200012207031,420.7200012207031,420.7200012207031,221.0,420.7200012207031,420.7200012207031,420.7200012207031,420.7200012207031
2025-11-21T15:03:00Z,420.55499267578125,420.55499267578125,420.131591796875,420.55499267578125,420.55499267578125,259.0,420.55499267578125,420.55499267578125,420.131591796875,420.55499267578125
2025-11-21T15:05:00Z,420.55499267578125,423.3399963378906,420.55499267578125,421.5450134277344,421.5450134277344,2688.0,420.55499267578125,423.3399963378906,420.55499267578125,421.5450134277344
2025-11-21T15:06:00Z,422.45001220703125,424.5799865722656,422.20001220703125,423.8999938964844,423.8999938964844,11789.0,422.45001220703125,424.5799865722656,422.20001220703125,423.8999938964844
2025-11-21T15:07:00Z,423.43499755859375,423.9800109863281,423.29998779296875,423.29998779296875,423.29998779296875,1187.0,423.43499755859375,423.9800109863281,423.29998779296875,423.29998779296875
2025-11-21T15:09:00Z,423.260009765625,423.260009765625,423.260009765625,423.260009765625,423.260009765625,115.0,423.260009765625,423.260009765625,423.260009765625,423.260009765625
2025-11-21T15:10:00Z,422.41009521484375,422.41009521484375,422.41009521484375,422.41009521484375,422.41009521484375,89.0,422.41009521484375,422.41009521484375,422.41009521484375,422.41009521484375
2025-11-21T15:11:00Z,422.9200134277344,422.9200134277344,422.9200134277344,422.9200134277344,422.9200134277344,259.0,422.9200134277344,422.9200134277344,422.9200134277344,422.9200134277344
2025-11-21T15:12:00Z,421.3399963378906,422.93499755859375,420.80999755859375,420.80999755859375,420.80999755859375,199.0,421.3399963378906,422.93499755859375,420.80999755859375,420.80999755859375
2025-11-21T15:13:00Z,422.93499755859375,425.05999755859375,422.4100036621094,423.25079345703125,423.25079345703125,487.0,422.93499755859375,425.05999755859375,422.4100036621094,423.25079345703125
2025-11-21T15:14:00Z,423.177490234375,423.3450012207031,423.177490234375,423.3450012207031,423.3450012207031,115.0,423.177490234375,423.3450012207031,423.177490234375,423.3450012207031
2025-11-21T15:15:00Z,422.1700134277344,425.0199890136719,422.1650085449219,425.0199890136719,425.0199890136719,189.0,422.1700134277344,425.0199890136719,422.1650085449219,425.0199890136719
2025-11-21T15:16:00Z,423.5199890136719,425.0199890136719,423.4800109863281,424.6099853515625,424.6099853515625,913.0,423.5199890136719,425.0199890136719,423.4800109863281,424.6099853515625
2025-11-21T15:17:00Z,424.6099853515625,424.6099853515625,424.5249938964844,424.5249938964844,424.5249938964844,623.0,424.6099853515625,424.6099853515625,424.5249938964844,424.5249938964844
2025-11-21T15:19:00Z,423.9800109863281,423.9800109863281,423.9800109863281,423.9800109863281,423.9800109863281,145.0,423.9800109863281,423.9800109863281,423.9800109863281,423.9800109863281
2025-11-21T15:20:00Z,422.6600036621094,422.67999267578125,422.6600036621094,422.67999267578125,422.67999267578125,445.0,422.6600036621094,422.67999267578125,422.6600036621094,422.67999267578125
2025-11-21T15:21:00Z,425.5398864746094,425.5398864746094,421.6000061035156,422.6108093261719,422.6108093261719,295.0,425.5398864746094,425.5398864746094,421.6000061035156,422.6108093261719
2025-11-21T15:22:00Z,423.6449890136719,424.510009765625,423.1050109863281,424.510009765625,424.510009765625,401.0,423.6449890136719,424.510009765625,423.1050109863281,424.510009765625
2025-11-21T15:23:00Z,423.54998779296875,423.54998779296875,423.54998779296875,423.54998779296875,423.54998779296875,211.0,423.54998779296875,423.54998779296875,423.54998779296875,423.54998779296875
2025-11-21T15:24:00Z,423.3800048828125,423.3800048828125,423.3800048828125,423.3800048828125,423.3800048828125,160.0,423.3800048828125,423.3800048828125,423.3800048828125,423.3800048828125
2025-11-21T15:25:00Z,424.05999755859375,424.05999755859375,423.75,423.75,423.75,284.0,424.05999755859375,424.05999755859375,423.75,423.75
2025-11-21T15:26:00Z,423.5274963378906,423.53851318359375,423.510009765625,423.53851318359375,423.53851318359375,312.0,423.5274963378906,423.53851318359375,423.510009765625,423.53851318359375
2025-11-21T15:27:00Z,423.2799987792969,423.375,423.2799987792969,423.375,423.375,138.0,423.2799987792969,423.375,423.2799987792969,423.375
2025-11-21T15:28:00Z,423.3800048828125,423.3800048828125,421.7900085449219,421.82501220703125,421.82501220703125,391.0,423.3800048828125,423.3800048828125,421.7900085449219,421.82501220703125
2025-11-21T15:29:00Z,423.44000244140625,423.4800109863281,423.44000244140625,423.4800109863281,423.4800109863281,254.0,423.44000244140625,423.4800109863281,423.44000244140625,423.4800109863281
2025-11-21T15:30:00Z,423.0400085449219,424.4700012207031,422.8999938964844,423.05999755859375,423.05999755859375,1060.0,423.0400085449219,424.4700012207031,422.8999938964844,423.05999755859375
2025-11-21T15:31:00Z,424.1000061035156,424.1600036621094,423.7900085449219,423.7900085449219,423.7900085449219,1061.0,424.1000061035156,424.1600036621094,423.7900085449219,423.7900085449219
2025-11-21T15:37:00Z,423.760009765625,423.760009765625,423.760009765625,423.760009765625,423.760009765625,55.0,423.760009765625,423.760009765625,423.760009765625,423.760009765625
2025-11-21T15:38:00Z,422.4700012207031,422.4700012207031,422.4700012207031,422.4700012207031,422.4700012207031,356.0,422.4700012207031,422.4700012207031,422.4700012207031,422.4700012207031
2025-11-21T15:39:00Z,420.739990234375,422.9800109863281,420.739990234375,422.9800109863281,422.9800109863281,230.0,420.739990234375,422.9800109863281,420.739990234375,422.9800109863281
2025-11-21T15:40:00Z,422.4700012207031,423.19000244140625,422.4700012207031,423.19000244140625,423.19000244140625,770.0,422.4700012207031,423.19000244140625,422.4700012207031,423.19000244140625
2025-11-21T15:41:00Z,422.625,422.625,422.625,422.625,422.625,827.0,422.625,422.625,422.625,422.625
2025-11-21T15:51:00Z,421.7900085449219,421.7900085449219,421.7900085449219,421.7900085449219,421.7900085449219,360.0,421.7900085449219,421.7900085449219,421.7900085449219,421.7900085449219
2025-11-21T15:52:00Z,420.614990234375,420.614990234375,420.6050109863281,420.614990234375,420.614990234375,293.0,420.614990234375,420.614990234375,420.6050109863281,420.614990234375
2025-11-21T15:53:00Z,421.9700012207031,421.9700012207031,421.9700012207031,421.9700012207031,421.9700012207031,155.0,421.9700012207031,421.9700012207031,421.9700012207031,421.9700012207031
2025-11-21T15:54:00Z,423.7300109863281,423.7300109863281,423.7300109863281,423.7300109863281,423.7300109863281,183.0,423.7300109863281,423.7300109863281,423.7300109863281,423.7300109863281
2025-11-21T15:56:00Z,424.2900085449219,424.3399963378906,424.2900085449219,424.3399963378906,424.3399963378906,328.0,424.2900085449219,424.3399963378906,424.2900085449219,424.3399963378906
2025-11-21T15:57:00Z,422.8949890136719,424.57000732421875,422.8949890136719,424.57000732421875,424.57000732421875,826.0,422.8949890136719,424.57000732421875,422.8949890136719,424.57000732421875
2025-11-21T15:58:00Z,424.0299987792969,425.05999755859375,424.0299987792969,425.05999755859375,425.05999755859375,346.0,424.0299987792969,425.05999755859375,424.0299987792969,425.05999755859375
2025-11-21T16:00:00Z,424.0299987792969,424.0299987792969,424.0299987792969,424.0299987792969,424.0299987792969,205.0,424.0299987792969,424.0299987792969,424.0299987792969,424.0299987792969
2025-11-21T16:02:00Z,423.1099853515625,423.1099853515625,423.1099853515625,423.1099853515625,423.1099853515625,192.0,423.1099853515625,423.1099853515625,423.1099853515625,423.1099853515625
2025-11-21T16:03:00Z,422.57000732421875,423.3399963378906,422.1199951171875,423.3399963378906,423.3399963378906,275.0,422.57000732421875,423.3399963378906,422.1199951171875,423.3399963378906
2025-11-21T16:04:00Z,422.1300048828125,422.1300048828125,422.1300048828125,422.1300048828125,422.1300048828125,492.0,422.1300048828125,422.1300048828125,422.1300048828125,422.1300048828125
2025-11-21T16:06:00Z,423.6700134277344,423.6700134277344,423.6700134277344,423.6700134277344,423.6700134277344,236.0,423.6700134277344,423.6700134277344,423.6700134277344,423.6700134277344
2025-11-21T16:08:00Z,423.0899963378906,423.0899963378906,423.0899963378906,423.0899963378906,423.0899963378906,143.0,423.0899963378906,423.0899963378906,423.0899963378906,423.0899963378906
2025-11-21T16:09:00Z,423.6499938964844,423.6499938964844,423.3800048828125,423.3800048828125,423.3800048828125,296.0,423.6499938964844,423.6499938964844,423.3800048828125,423.3800048828125
2025-11-21T16:10:00Z,423.7799987792969,423.7799987792969,423.7799987792969,423.7799987792969,423.7799987792969,351.0,423.7799987792969,423.7799987792969,423.7799987792969,423.7799987792969
2025-11-21T16:11:00Z,423.135009765625,423.135009765625,423.135009765625,423.135009765625,423.135009765625,135.0,423.135009765625,423.135009765625,423.135009765625,423.135009765625
2025-11-21T16:12:00Z,424.3349914550781,424.3699951171875,424.3299865722656,424.3699951171875,424.3699951171875,807.0,424.3349914550781,424.3699951171875,424.3299865722656,424.3699951171875
2025-11-21T16:14:00Z,424.2300109863281,424.2300109863281,424.2300109863281,424.2300109863281,424.2300109863281,297.0,424.2300109863281,424.2300109863281,424.2300109863281,424.2300109863281
2025-11-21T16:16:00Z,423.510009765625,423.510009765625,423.510009765625,423.510009765625,423.510009765625,453.0,423.510009765625,423.510009765625,423.510009765625,423.510009765625
2025-11-21T16:20:00Z,422.92999267578125,422.92999267578125,422.9100036621094,422.9100036621094,422.9100036621094,223.0,422.92999267578125,422.92999267578125,422.9100036621094,422.9100036621094
2025-11-21T16:23:00Z,423.18499755859375,423.18499755859375,423.18499755859375,423.18499755859375,423.18499755859375,74.0,423.18499755859375,423.18499755859375,423.18499755859375,423.18499755859375
2025-11-21T16:24:00Z,423.3324890136719,423.3324890136719,423.17498779296875,423.24749755859375,423.24749755859375,626.0,423.3324890136719,423.3324890136719,423.17498779296875,423.24749755859375
2025-11-21T16:27:00Z,424.8800048828125,425.2099914550781,424.4549865722656,425.2099914550781,425.2099914550781,1468.0,424.8800048828125,425.2099914550781,424.4549865722656,425.2099914550781
2025-11-21T16:28:00Z,425.9800109863281,425.9800109863281,425.9800109863281,425.9800109863281,425.9800109863281,114.0,425.9800109863281,425.9800109863281,425.9800109863281,425.9800109863281
2025-11-21T16:30:00Z,425.4100036621094,427.3699951171875,423.70001220703125,425.1809997558594,425.1809997558594,387.0,425.4100036621094,427.3699951171875,423.70001220703125,425.1809997558594
2025-11-21T16:31:00Z,425.2799987792969,427.3699951171875,425.2799987792969,425.5350036621094,425.5350036621094,650.0,425.2799987792969,427.3699951171875,425.2799987792969,425.5350036621094
2025-11-21T16:32:00Z,425.8299865722656,426.0,424.8255920410156,426.0,426.0,688.0,425.8299865722656,426.0,424.8255920410156,426.0
2025-11-21T16:33:00Z,425.8299865722656,425.8299865722656,424.7257080078125,425.82501220703125,425.82501220703125,499.0,425.8299865722656,425.8299865722656,424.7257080078125,425.82501220703125
2025-11-21T16:34:00Z,425.55999755859375,425.55999755859375,425.55999755859375,425.55999755859375,425.55999755859375,119.0,425.55999755859375,425.55999755859375,425.55999755859375,425.55999755859375
2025-11-21T16:36:00Z,425.489990234375,425.489990234375,425.489990234375,425.489990234375,425.489990234375,133.0,425.489990234375,425.489990234375,425.489990234375,425.489990234375
2025-11-21T16:37:00Z,426.1000061035156,426.5799865722656,426.1000061035156,426.5799865722656,426.5799865722656,242.0,426.1000061035156,426.5799865722656,426.1000061035156,426.5799865722656
2025-11-21T16:38:00Z,426.2699890136719,427.17999267578125,426.2699890136719,427.17999267578125,427.17999267578125,575.0,426.2699890136719,427.17999267578125,426.2699890136719,427.17999267578125
2025-11-21T16:39:00Z,425.9649963378906,425.9649963378906,425.9649963378906,425.9649963378906,425.9649963378906,91.0,425.9649963378906,425.9649963378906,425.9649963378906,425.9649963378906
2025-11-21T16:40:00Z,427.19000244140625,427.57000732421875,427.19000244140625,427.3949890136719,427.3949890136719,823.0,427.19000244140625,427.57000732421875,427.19000244140625,427.3949890136719
2025-11-21T16:41:00Z,427.3949890136719,427.3949890136719,427.3949890136719,427.3949890136719,427.3949890136719,252.0,427.3949890136719,427.3949890136719,427.3949890136719,427.3949890136719
2025-11-21T16:43:00Z,428.239990234375,428.5050048828125,428.239990234375,428.5050048828125,428.5050048828125,575.0,428.239990234375,428.5050048828125,428.239990234375,428.5050048828125
2025-11-21T16:44:00Z,428.5050048828125,428.5050048828125,428.5050048828125,428.5050048828125,428.5050048828125,186.0,428.5050048828125,428.5050048828125,428.5050048828125,428.5050048828125
2025-11-21T16:45:00Z,428.44000244140625,428.45001220703125,428.0199890136719,428.45001220703125,428.45001220703125,423.0,428.44000244140625,428.45001220703125,428.0199890136719,428.45001220703125
2025-11-21T16:47:00Z,428.2099914550781,428.2099914550781,427.9599914550781,427.9599914550781,427.9599914550781,449.0,428.2099914550781,428.2099914550781,427.9599914550781,427.9599914550781
2025-11-21T16:50:00Z,428.99249267578125,428.99249267578125,428.99249267578125,428.99249267578125,428.99249267578125,204.0,428.99249267578125,428.99249267578125,428.99249267578125,428.99249267578125
2025-11-21T16:51:00Z,428.88739013671875,429.8699951171875,428.88739013671875,429.8699951171875,429.8699951171875,194.0,428.88739013671875,429.8699951171875,428.88739013671875,429.8699951171875
2025-11-21T16:52:00Z,430.1000061035156,430.8699951171875,430.1000061035156,430.8699951171875,430.8699951171875,561.0,430.1000061035156,430.8699951171875,430.1000061035156,430.8699951171875
2025-11-21T16:53:00Z,430.3500061035156,430.3500061035156,430.3500061035156,430.3500061035156,430.3500061035156,428.0,430.3500061035156,430.3500061035156,430.3500061035156,430.3500061035156
2025-11-21T16:55:00Z,431.1600036621094,431.1600036621094,430.1000061035156,430.1000061035156,430.1000061035156,201.0,431.1600036621094,431.1600036621094,430.1000061035156,430.1000061035156
2025-11-21T16:56:00Z,431.57000732421875,431.6600036621094,431.55999755859375,431.55999755859375,431.55999755859375,523.0,431.57000732421875,431.6600036621094,431.55999755859375,431.55999755859375
2025-11-21T16:57:00Z,432.19500732421875,432.19500732421875,432.19500732421875,432.19500732421875,432.19500732421875,254.0,432.19500732421875,432.19500732421875,432.19500732421875,432.19500732421875
2025-11-21T16:59:00Z,432.0,433.42999267578125,432.0,433.2099914550781,433.2099914550781,570.0,432.0,433.42999267578125,432.0,433.2099914550781
2025-11-21T17:00:00Z,432.54998779296875,432.54998779296875,432.54998779296875,432.54998779296875,432.54998779296875,677.0,432.54998779296875,432.54998779296875,432.54998779296875,432.54998779296875
2025-11-21T17:07:00Z,431.7699890136719,431.7699890136719,431.7699890136719,431.7699890136719,431.7699890136719,161.0,431.7699890136719,431.7699890136719,431.7699890136719,431.7699890136719
2025-11-21T17:08:00Z,432.04998779296875,432.04998779296875,432.04998779296875,432.04998779296875,432.04998779296875,227.0,432.04998779296875,432.04998779296875,432.04998779296875,432.04998779296875
2025-11-21T17:10:00Z,432.1400146484375,432.1499938964844,432.1000061035156,432.1000061035156,432.1000061035156,473.0,432.1400146484375,432.1499938964844,432.1000061035156,432.1000061035156
2025-11-21T17:12:00Z,432.0899963378906,432.1300048828125,432.010009765625,432.010009765625,432.010009765625,366.0,432.0899963378906,432.1300048828125,432.010009765625,432.010009765625
2025-11-21T17:13:00Z,431.9599914550781,431.9599914550781,431.9599914550781,431.9599914550781,431.9599914550781,234.0,431.9599914550781,431.9599914550781,431.9599914550781,431.9599914550781
2025-11-21T17:14:00Z,433.1600036621094,433.2099914550781,433.1600036621094,433.2099914550781,433.2099914550781,378.0,433.1600036621094,433.2099914550781,433.1600036621094,433.2099914550781
2025-11-21T17:15:00Z,433.2300109863281,433.2300109863281,433.2200012207031,433.2200012207031,433.2200012207031,372.0,433.2300109863281,433.2300109863281,433.2200012207031,433.2200012207031
2025-11-21T17:16:00Z,432.6099853515625,432.6099853515625,432.6099853515625,432.6099853515625,432.6099853515625,94.0,432.6099853515625,432.6099853515625,432.6099853515625,432.6099853515625
2025-11-21T17:17:00Z,432.55999755859375,432.57000732421875,432.55999755859375,432.57000732421875,432.57000732421875,253.0,432.55999755859375,432.57000732421875,432.55999755859375,432.57000732421875
2025-11-21T17:20:00Z,431.92999267578125,431.92999267578125,431.92999267578125,431.92999267578125,431.92999267578125,196.0,431.92999267578125,431.92999267578125,431.92999267578125,431.92999267578125
2025-11-21T17:23:00Z,432.4599914550781,432.4599914550781,432.05999755859375,432.05999755859375,432.05999755859375,226.0,432.4599914550781,432.4599914550781,432.05999755859375,432.05999755859375
2025-11-21T17:24:00Z,432.989990234375,433.0,432.989990234375,432.989990234375,432.989990234375,714.0,432.989990234375,433.0,432.989990234375,432.989990234375
2025-11-21T17:25:00Z,433.1300048828125,433.2099914550781,433.0,433.1099853515625,433.1099853515625,1136.0,433.1300048828125,433.2099914550781,433.0,433.1099853515625
2025-11-21T17:27:00Z,433.0299987792969,433.0299987792969,433.0299987792969,433.0299987792969,433.0299987792969,231.0,433.0299987792969,433.0299987792969,433.0299987792969,433.0299987792969
2025-11-21T17:29:00Z,432.5461120605469,432.5461120605469,432.5461120605469,432.5461120605469,432.5461120605469,126.0,432.5461120605469,432.5461120605469,432.5461120605469,432.5461120605469
2025-11-21T17:33:00Z,432.5899963378906,434.1899108886719,431.2799987792969,431.2799987792969,431.2799987792969,1090.0,432.5899963378906,434.1899108886719,431.2799987792969,431.2799987792969
2025-11-21T17:34:00Z,432.55810546875,433.80999755859375,431.28009033203125,433.80999755859375,433.80999755859375,885.0,432.55810546875,433.80999755859375,431.28009033203125,433.80999755859375
2025-11-21T17:35:00Z,433.6300048828125,434.20001220703125,433.6300048828125,434.05999755859375,434.05999755859375,1876.0,433.6300048828125,434.20001220703125,433.6300048828125,434.05999755859375
2025-11-21T17:36:00Z,434.5899963378906,434.5899963378906,434.5899963378906,434.5899963378906,434.5899963378906,258.0,434.5899963378906,434.5899963378906,434.5899963378906,434.5899963378906
2025-11-21T17:38:00Z,433.82000732421875,433.82000732421875,433.49249267578125,433.49249267578125,433.49249267578125,472.0,433.82000732421875,433.82000732421875,433.49249267578125,433.49249267578125
2025-11-21T17:45:00Z,433.7049865722656,433.7049865722656,433.7049865722656,433.7049865722656,433.7049865722656,188.0,433.7049865722656,433.7049865722656,433.7049865722656,433.7049865722656
2025-11-21T17:48:00Z,433.7049865722656,433.7049865722656,433.7049865722656,433.7049865722656,433.7049865722656,813.0,433.7049865722656,433.7049865722656,433.7049865722656,433.7049865722656
2025-11-21T17:50:00Z,432.7900085449219,432.7900085449219,432.7900085449219,432.7900085449219,432.7900085449219,150.0,432.7900085449219,432.7900085449219,432.7900085449219,432.7900085449219
2025-11-21T17:51:00Z,433.3900146484375,433.7796936035156,433.3900146484375,433.7796936035156,433.7796936035156,427.0,433.3900146484375,433.7796936035156,433.3900146484375,433.7796936035156
2025-11-21T17:52:00Z,433.4049987792969,433.4049987792969,432.3200988769531,433.3900146484375,433.3900146484375,4051.0,433.4049987792969,433.4049987792969,432.3200988769531,433.3900146484375
2025-11-21T17:54:00Z,432.4007873535156,432.4007873535156,431.92999267578125,432.20001220703125,432.20001220703125,766.0,432.4007873535156,432.4007873535156,431.92999267578125,432.20001220703125
2025-11-21T17:55:00Z,433.0299987792969,433.0299987792969,433.0299987792969,433.0299987792969,433.0299987792969,176.0,433.0299987792969,433.0299987792969,433.0299987792969,433.0299987792969
2025-11-21T17:57:00Z,432.0400085449219,432.0400085449219,432.0400085449219,432.0400085449219,432.0400085449219,79.0,432.0400085449219,432.0400085449219,432.0400085449219,432.0400085449219
2025-11-21T17:59:00Z,432.0249938964844,432.0249938964844,432.0249938964844,432.0249938964844,432.0249938964844,290.0,432.0249938964844,432.0249938964844,432.0249938964844,432.0249938964844
2025-11-21T18:00:00Z,433.1099853515625,433.3299865722656,432.7699890136719,433.3299865722656,433.3299865722656,673.0,433.1099853515625,433.3299865722656,432.7699890136719,433.3299865722656
2025-11-21T18:07:00Z,432.1499938964844,432.1499938964844,432.1499938964844,432.1499938964844,432.1499938964844,649.0,432.1499938964844,432.1499938964844,432.1499938964844,432.1499938964844
2025-11-21T18:11:00Z,430.6099853515625,430.6099853515625,430.6000061035156,430.6000061035156,430.6000061035156,126.0,430.6099853515625,430.6099853515625,430.6000061035156,430.6000061035156
2025-11-21T18:12:00Z,431.1600036621094,431.1600036621094,430.7950134277344,430.7950134277344,430.7950134277344,371.0,431.1600036621094,431.1600036621094,430.7950134277344,430.7950134277344
2025-11-21T18:16:00Z,430.25,430.6300048828125,430.2200012207031,430.2200012207031,430.2200012207031,340.0,430.25,430.6300048828125,430.2200012207031,430.2200012207031
2025-11-21T18:17:00Z,430.0299987792969,430.1499938964844,430.0299987792969,430.1499938964844,430.1499938964844,386.0,430.0299987792969,430.1499938964844,430.0299987792969,430.1499938964844
2025-11-21T18:19:00Z,430.79998779296875,430.8599853515625,430.79998779296875,430.8599853515625,430.8599853515625,946.0,430.79998779296875,430.8599853515625,430.79998779296875,430.8599853515625
2025-11-21T18:20:00Z,430.8699951171875,430.8699951171875,430.8699951171875,430.8699951171875,430.8699951171875,510.0,430.8699951171875,430.8699951171875,430.8699951171875,430.8699951171875
2025-11-21T18:23:00Z,431.6000061035156,431.6199951171875,430.1640930175781,431.6199951171875,431.6199951171875,187.0,431.6000061035156,431.6199951171875,430.1640930175781,431.6199951171875
2025-11-21T18:24:00Z,431.6300048828125,431.6300048828125,428.860107421875,428.860107421875,428.860107421875,281.0,431.6300048828125,431.6300048828125,428.860107421875,428.860107421875
2025-11-21T18:26:00Z,430.8450012207031,430.8450012207031,430.8450012207031,430.8450012207031,430.8450012207031,94.0,430.8450012207031,430.8450012207031,430.8450012207031,430.8450012207031
2025-11-21T18:27:00Z,431.1000061035156,431.1000061035156,430.44000244140625,430.44000244140625,430.44000244140625,365.0,431.1000061035156,431.1000061035156,430.44000244140625,430.44000244140625
2025-11-21T18:28:00Z,431.5400085449219,431.614990234375,431.5400085449219,431.614990234375,431.614990234375,481.0,431.5400085449219,431.614990234375,431.5400085449219,431.614990234375
2025-11-21T18:32:00Z,431.6199951171875,431.6199951171875,431.6199951171875,431.6199951171875,431.6199951171875,248.0,431.6199951171875,431.6199951171875,431.6199951171875,431.6199951171875
2025-11-21T18:33:00Z,431.6300048828125,431.6300048828125,431.6300048828125,431.6300048828125,431.6300048828125,418.0,431.6300048828125,431.6300048828125,431.6300048828125,431.6300048828125
2025-11-21T18:34:00Z,431.1099853515625,431.1099853515625,431.1099853515625,431.1099853515625,431.1099853515625,118.0,431.1099853515625,431.1099853515625,431.1099853515625,431.1099853515625
2025-11-21T18:35:00Z,431.0400085449219,431.0400085449219,431.0400085449219,431.0400085449219,431.0400085449219,231.0,431.0400085449219,431.0400085449219,431.0400085449219,431.0400085449219
2025-11-21T18:39:00Z,431.5899963378906,432.3522033691406,431.5899963378906,432.3522033691406,432.3522033691406,256.0,431.5899963378906,432.3522033691406,431.5899963378906,432.3522033691406
2025-11-21T18:42:00Z,431.57000732421875,431.57000732421875,431.57000732421875,431.57000732421875,431.57000732421875,88.0,431.57000732421875,431.57000732421875,431.57000732421875,431.57000732421875
2025-11-21T18:43:00Z,432.5799865722656,432.5799865722656,432.5799865722656,432.5799865722656,432.5799865722656,232.0,432.5799865722656,432.5799865722656,432.5799865722656,432.5799865722656
2025-11-21T18:44:00Z,432.54998779296875,432.5799865722656,432.54998779296875,432.5799865722656,432.5799865722656,356.0,432.54998779296875,432.5799865722656,432.54998779296875,432.5799865722656
2025-11-21T18:45:00Z,432.6099853515625,432.6099853515625,432.6099853515625,432.6099853515625,432.6099853515625,242.0,432.6099853515625,432.6099853515625,432.6099853515625,432.6099853515625
2025-11-21T18:46:00Z,433.2950134277344,433.2950134277344,433.2950134277344,433.2950134277344,433.2950134277344,79.0,433.2950134277344,433.2950134277344,433.2950134277344,433.2950134277344
2025-11-21T18:47:00Z,432.3900146484375,432.4599914550781,432.3900146484375,432.42999267578125,432.42999267578125,332.0,432.3900146484375,432.4599914550781,432.3900146484375,432.42999267578125
2025-11-21T18:48:00Z,432.82000732421875,433.5899963378906,432.82000732421875,433.5899963378906,433.5899963378906,548.0,432.82000732421875,433.5899963378906,432.82000732421875,433.5899963378906
2025-11-21T18:49:00Z,431.8599853515625,432.6400146484375,431.8599853515625,432.6400146484375,432.6400146484375,373.0,431.8599853515625,432.6400146484375,431.8599853515625,432.6400146484375
2025-11-21T18:53:00Z,432.9825134277344,432.9825134277344,432.86749267578125,432.86749267578125,432.86749267578125,292.0,432.9825134277344,432.9825134277344,432.86749267578125,432.86749267578125
2025-11-21T18:56:00Z,433.6600036621094,433.6600036621094,433.6600036621094,433.6600036621094,433.6600036621094,478.0,433.6600036621094,433.6600036621094,433.6600036621094,433.6600036621094
2025-11-21T19:00:00Z,433.8898010253906,433.8898010253906,432.80999755859375,432.80999755859375,432.80999755859375,748.0,433.8898010253906,433.8898010253906,432.80999755859375,432.80999755859375
2025-11-21T19:05:00Z,431.8699951171875,431.8699951171875,431.8699951171875,431.8699951171875,431.8699951171875,70.0,431.8699951171875,431.8699951171875,431.8699951171875,431.8699951171875
2025-11-21T19:06:00Z,432.1099853515625,432.1099853515625,431.8999938964844,431.8999938964844,431.8999938964844,274.0,432.1099853515625,432.1099853515625,431.8999938964844,431.8999938964844
2025-11-21T19:08:00Z,432.0950012207031,432.55999755859375,432.0950012207031,432.5299987792969,432.5299987792969,988.0,432.0950012207031,432.55999755859375,432.0950012207031,432.5299987792969
2025-11-21T19:09:00Z,433.5350036621094,433.5350036621094,433.5350036621094,433.5350036621094,433.5350036621094,272.0,433.5350036621094,433.5350036621094,433.5350036621094,433.5350036621094
2025-11-21T19:14:00Z,431.8301086425781,431.8301086425781,431.8301086425781,431.8301086425781,431.8301086425781,91.0,431.8301086425781,431.8301086425781,431.8301086425781,431.8301086425781
2025-11-21T19:15:00Z,432.8599853515625,433.3900146484375,432.8599853515625,433.3900146484375,433.3900146484375,550.0,432.8599853515625,433.3900146484375,432.8599853515625,433.3900146484375
2025-11-21T19:19:00Z,433.7699890136719,433.7799987792969,433.7699890136719,433.7799987792969,433.7799987792969,447.0,433.7699890136719,433.7799987792969,433.7699890136719,433.7799987792969
2025-11-21T19:21:00Z,433.95001220703125,433.95001220703125,432.6770935058594,432.6770935058594,432.6770935058594,711.0,433.95001220703125,433.95001220703125,432.6770935058594,432.6770935058594
2025-11-21T19:22:00Z,433.7900085449219,433.7900085449219,433.7900085449219,433.7900085449219,433.7900085449219,195.0,433.7900085449219,433.7900085449219,433.7900085449219,433.7900085449219
2025-11-21T19:24:00Z,433.510009765625,433.510009765625,433.2900085449219,433.2900085449219,433.2900085449219,203.0,433.510009765625,433.510009765625,433.2900085449219,433.2900085449219
2025-11-21T19:25:00Z,433.8800048828125,433.8800048828125,433.8800048828125,433.8800048828125,433.8800048828125,308.0,433.8800048828125,433.8800048828125,433.8800048828125,433.8800048828125
2025-11-21T19:26:00Z,433.0899963378906,433.0899963378906,433.0899963378906,433.0899963378906,433.0899963378906,417.0,433.0899963378906,433.0899963378906,433.0899963378906,433.0899963378906
2025-11-21T19:28:00Z,433.2699890136719,433.2699890136719,433.2699890136719,433.2699890136719,433.2699890136719,157.0,433.2699890136719,433.2699890136719,433.2699890136719,433.2699890136719
2025-11-21T19:31:00Z,433.1400146484375,433.1400146484375,433.1400146484375,433.1400146484375,433.1400146484375,163.0,433.1400146484375,433.1400146484375,433.1400146484375,433.1400146484375
2025-11-21T19:32:00Z,433.1300048828125,433.1300048828125,433.0899963378906,433.0899963378906,433.0899963378906,432.0,433.1300048828125,433.1300048828125,433.0899963378906,433.0899963378906
2025-11-21T19:34:00Z,432.8800048828125,432.8800048828125,432.489990234375,432.489990234375,432.489990234375,790.0,432.8800048828125,432.8800048828125,432.489990234375,432.489990234375
2025-11-21T19:36:00Z,433.3599853515625,433.5400085449219,433.3599853515625,433.5400085449219,433.5400085449219,609.0,433.3599853515625,433.5400085449219,433.3599853515625,433.5400085449219
2025-11-21T19:38:00Z,433.7900085449219,433.8299865722656,433.7900085449219,433.8299865722656,433.8299865722656,474.0,433.7900085449219,433.8299865722656,433.7900085449219,433.8299865722656
2025-11-21T19:39:00Z,433.75,433.75,433.7300109863281,433.7300109863281,433.7300109863281,303.0,433.75,433.75,433.7300109863281,433.7300109863281
2025-11-21T19:41:00Z,432.9700012207031,433.07000732421875,432.0050048828125,432.0050048828125,432.0050048828125,2112.0,432.9700012207031,433.07000732421875,432.0050048828125,432.0050048828125
2025-11-21T19:42:00Z,432.0050048828125,432.6600036621094,431.69500732421875,432.6600036621094,432.6600036621094,1964.0,432.0050048828125,432.6600036621094,431.69500732421875,432.6600036621094
2025-11-21T19:48:00Z,432.44000244140625,432.44000244140625,432.44000244140625,432.44000244140625,432.44000244140625,351.0,432.44000244140625,432.44000244140625,432.44000244140625,432.44000244140625
2025-11-21T19:52:00Z,432.7449951171875,432.7449951171875,432.69000244140625,432.69000244140625,432.69000244140625,358.0,432.7449951171875,432.7449951171875,432.69000244140625,432.69000244140625
2025-11-21T19:53:00Z,432.4800109863281,432.4800109863281,432.4800109863281,432.4800109863281,432.4800109863281,279.0,432.4800109863281,432.4800109863281,432.4800109863281,432.4800109863281
2025-11-21T19:54:00Z,432.76251220703125,432.76251220703125,432.76251220703125,432.76251220703125,432.76251220703125,332.0,432.76251220703125,432.76251220703125,432.76251220703125,432.76251220703125
2025-11-21T19:57:00Z,432.239990234375,432.239990234375,431.8900146484375,432.17999267578125,432.17999267578125,555.0,432.239990234375,432.239990234375,431.8900146484375,432.17999267578125
2025-11-21T19:58:00Z,432.42999267578125,432.42999267578125,432.42999267578125,432.42999267578125,432.42999267578125,270.0,432.42999267578125,432.42999267578125,432.42999267578125,432.42999267578125
2025-11-21T20:00:00Z,433.04998779296875,433.07000732421875,432.20458984375,432.20458984375,432.20458984375,667.0,433.04998779296875,433.07000732421875,432.20458984375,432.20458984375
2025-11-21T20:03:00Z,432.67999267578125,432.67999267578125,431.3800964355469,431.8800048828125,431.8800048828125,7613.0,432.67999267578125,432.67999267578125,431.3800964355469,431.8800048828125
2025-11-21T20:04:00Z,431.9200134277344,431.9200134277344,431.9200134277344,431.9200134277344,431.9200134277344,301.0,431.9200134277344,431.9200134277344,431.9200134277344,431.9200134277344
2025-11-21T20:05:00Z,432.0249938964844,432.0249938964844,432.0249938964844,432.0249938964844,432.0249938964844,193.0,432.0249938964844,432.0249938964844,432.0249938964844,432.0249938964844
2025-11-21T20:06:00Z,431.42999267578125,431.45001220703125,431.42999267578125,431.45001220703125,431.45001220703125,309.0,431.42999267578125,431.45001220703125,431.42999267578125,431.45001220703125
2025-11-21T20:08:00Z,431.29998779296875,431.29998779296875,431.239990234375,431.239990234375,431.239990234375,853.0,431.29998779296875,431.29998779296875,431.239990234375,431.239990234375
2025-11-21T20:09:00Z,431.3999938964844,431.4649963378906,431.3999938964844,431.4649963378906,431.4649963378906,690.0,431.3999938964844,431.4649963378906,431.3999938964844,431.4649963378906
2025-11-21T20:10:00Z,431.1300048828125,431.1300048828125,431.1199951171875,431.1300048828125,431.1300048828125,566.0,431.1300048828125,431.1300048828125,431.1199951171875,431.1300048828125
2025-11-21T20:11:00Z,430.7449951171875,430.7449951171875,430.70001220703125,430.70001220703125,430.70001220703125,577.0,430.7449951171875,430.7449951171875,430.70001220703125,430.70001220703125
2025-11-21T20:14:00Z,430.94000244140625,431.32000732421875,430.94000244140625,431.32000732421875,431.32000732421875,507.0,430.94000244140625,431.32000732421875,430.94000244140625,431.32000732421875
2025-11-21T20:16:00Z,431.6700134277344,431.67999267578125,431.6700134277344,431.67999267578125,431.67999267578125,672.0,431.6700134277344,431.67999267578125,431.6700134277344,431.67999267578125
2025-11-21T20:17:00Z,431.80999755859375,432.3999938964844,431.75,432.3999938964844,432.3999938964844,2899.0,431.80999755859375,432.3999938964844,431.75,432.3999938964844
2025-11-21T20:18:00Z,432.1474914550781,432.1474914550781,429.6300048828125,429.6300048828125,429.6300048828125,780.0,432.1474914550781,432.1474914550781,429.6300048828125,429.6300048828125
2025-11-21T20:19:00Z,431.5400085449219,431.8699951171875,431.5299987792969,431.8699951171875,431.8699951171875,587.0,431.5400085449219,431.8699951171875,431.5299987792969,431.8699951171875
2025-11-21T20:22:00Z,431.614990234375,431.614990234375,431.614990234375,431.614990234375,431.614990234375,360.0,431.614990234375,431.614990234375,431.614990234375,431.614990234375
2025-11-21T20:24:00Z,430.9700012207031,430.9700012207031,430.9700012207031,430.9700012207031,430.9700012207031,235.0,430.9700012207031,430.9700012207031,430.9700012207031,430.9700012207031
2025-11-21T20:26:00Z,432.0098876953125,432.0098876953125,430.989990234375,431.2900085449219,431.2900085449219,489.0,432.0098876953125,432.0098876953125,430.989990234375,431.2900085449219
2025-11-21T20:27:00Z,431.1650085449219,431.1650085449219,431.1650085449219,431.1650085449219,431.1650085449219,215.0,431.1650085449219,431.1650085449219,431.1650085449219,431.1650085449219
2025-11-21T20:28:00Z,430.8450012207031,430.8450012207031,430.8450012207031,430.8450012207031,430.8450012207031,275.0,430.8450012207031,430.8450012207031,430.8450012207031,430.8450012207031
2025-11-21T20:29:00Z,430.5799865722656,430.5799865722656,430.4049987792969,430.4049987792969,430.4049987792969,607.0,430.5799865722656,430.5799865722656,430.4049987792969,430.4049987792969
2025-11-21T20:30:00Z,430.7550048828125,430.7550048828125,430.2900085449219,430.2900085449219,430.2900085449219,515.0,430.7550048828125,430.7550048828125,430.2900085449219,430.2900085449219
2025-11-21T20:31:00Z,430.2650146484375,430.2650146484375,430.2650146484375,430.2650146484375,430.2650146484375,160.0,430.2650146484375,430.2650146484375,430.2650146484375,430.2650146484375
2025-11-21T20:32:00Z,430.32000732421875,430.32000732421875,430.30999755859375,430.30999755859375,430.30999755859375,239.0,430.32000732421875,430.32000732421875,430.30999755859375,430.30999755859375
2025-11-21T20:33:00Z,430.9800109863281,430.9800109863281,430.67999267578125,430.9200134277344,430.9200134277344,1271.0,430.9800109863281,430.9800109863281,430.67999267578125,430.9200134277344
2025-11-21T20:34:00Z,431.1199951171875,431.1199951171875,430.75,430.75,430.75,268.0,431.1199951171875,431.1199951171875,430.75,430.75
2025-11-21T20:35:00Z,431.0150146484375,431.45001220703125,431.0150146484375,431.45001220703125,431.45001220703125,1024.0,431.0150146484375,431.45001220703125,431.0150146484375,431.45001220703125
2025-11-21T20:37:00Z,431.0199890136719,431.0199890136719,431.0199890136719,431.0199890136719,431.0199890136719,712.0,431.0199890136719,431.0199890136719,431.0199890136719,431.0199890136719
2025-11-21T20:42:00Z,430.9700012207031,430.9700012207031,430.9700012207031,430.9700012207031,430.9700012207031,357.0,430.9700012207031,430.9700012207031,430.9700012207031,430.9700012207031
2025-11-21T20:43:00Z,430.42999267578125,430.6300048828125,430.42999267578125,430.6300048828125,430.6300048828125,575.0,430.42999267578125,430.6300048828125,430.42999267578125,430.6300048828125
2025-11-21T20:44:00Z,430.81500244140625,430.989990234375,430.81500244140625,430.989990234375,430.989990234375,690.0,430.81500244140625,430.989990234375,430.81500244140625,430.989990234375
2025-11-21T20:45:00Z,430.7300109863281,431.1600036621094,430.7200012207031,431.1600036621094,431.1600036621094,920.0,430.7300109863281,431.1600036621094,430.7200012207031,431.1600036621094
2025-11-21T20:46:00Z,430.739990234375,431.3999938964844,430.739990234375,431.32000732421875,431.32000732421875,597.0,430.739990234375,431.3999938964844,430.739990234375,431.32000732421875
2025-11-21T20:48:00Z,431.1400146484375,431.1400146484375,431.1400146484375,431.1400146484375,431.1400146484375,243.0,431.1400146484375,431.1400146484375,431.1400146484375,431.1400146484375
2025-11-21T20:49:00Z,431.0899963378906,431.1300048828125,430.6600036621094,430.8699951171875,430.8699951171875,670.0,431.0899963378906,431.1300048828125,430.6600036621094,430.8699951171875
2025-11-21T20:50:00Z,430.6499938964844,431.6700134277344,430.3399963378906,431.510009765625,431.510009765625,1849.0,430.6499938964844,431.6700134277344,430.3399963378906,431.510009765625
2025-11-21T20:51:00Z,431.5249938964844,431.5249938964844,431.04998779296875,431.2099914550781,431.2099914550781,645.0,431.5249938964844,431.5249938964844,431.04998779296875,431.2099914550781
2025-11-21T20:52:00Z,431.1000061035156,431.1000061035156,430.5400085449219,430.5400085449219,430.5400085449219,1111.0,431.1000061035156,431.1000061035156,430.5400085449219,430.5400085449219
2025-11-21T20:53:00Z,430.6600036621094,431.07000732421875,430.6600036621094,430.6600036621094,430.6600036621094,755.0,430.6600036621094,431.07000732421875,430.6600036621094,430.6600036621094
2025-11-21T20:54:00Z,430.760009765625,431.07000732421875,430.63751220703125,430.63751220703125,430.63751220703125,674.0,430.760009765625,431.07000732421875,430.63751220703125,430.63751220703125
2025-11-21T20:55:00Z,430.6600036621094,430.69000244140625,430.5,430.5,430.5,1080.0,430.6600036621094,430.69000244140625,430.5,430.5
2025-11-21T20:56:00Z,430.7099914550781,430.7900085449219,430.55499267578125,430.7099914550781,430.7099914550781,2623.0,430.7099914550781,430.7900085449219,430.55499267578125,430.7099914550781
2025-11-21T20:57:00Z,430.45001220703125,430.45001220703125,429.92999267578125,429.92999267578125,429.92999267578125,2350.0,430.45001220703125,430.45001220703125,429.92999267578125,429.92999267578125
2025-11-21T20:58:00Z,429.92999267578125,430.7749938964844,429.6099853515625,430.7749938964844,430.7749938964844,4596.0,429.92999267578125,430.7749938964844,429.6099853515625,430.7749938964844
2025-11-21T20:59:00Z,430.9849853515625,431.3800048828125,430.1400146484375,431.239990234375,431.239990234375,12497.0,430.9849853515625,431.3800048828125,430.1400146484375,431.239990234375
2025-11-24T14:30:00Z,429.3900146484375,429.3900146484375,429.3900146484375,429.3900146484375,429.3900146484375,1799.0,429.3900146484375,429.3900146484375,429.3900146484375,429.3900146484375
2025-11-24T14:31:00Z,431.05999755859375,431.2699890136719,431.05999755859375,431.2699890136719,431.2699890136719,3621.0,431.05999755859375,431.2699890136719,431.05999755859375,431.2699890136719
2025-11-24T14:41:00Z,427.1099853515625,427.1099853515625,427.1099853515625,427.1099853515625,427.1099853515625,113.0,427.1099853515625,427.1099853515625,427.1099853515625,427.1099853515625
2025-11-24T14:45:00Z,426.0,427.2749938964844,426.0,427.2749938964844,427.2749938964844,440.0,426.0,427.2749938964844,426.0,427.2749938964844
2025-11-24T14:46:00Z,428.1449890136719,428.1449890136719,428.1449890136719,428.1449890136719,428.1449890136719,61.0,428.1449890136719,428.1449890136719,428.1449890136719,428.1449890136719
2025-11-24T14:47:00Z,429.29998779296875,429.29998779296875,429.29998779296875,429.29998779296875,429.29998779296875,111.0,429.29998779296875,429.29998779296875,429.29998779296875,429.29998779296875
2025-11-24T14:48:00Z,429.79998779296875,429.79998779296875,429.79998779296875,429.79998779296875,429.79998779296875,167.0,429.79998779296875,429.79998779296875,429.79998779296875,429.79998779296875
2025-11-24T14:49:00Z,428.6650085449219,428.6650085449219,428.6650085449219,428.6650085449219,428.6650085449219,304.0,428.6650085449219,428.6650085449219,428.6650085449219,428.6650085449219
2025-11-24T14:53:00Z,429.95001220703125,430.0299987792969,429.95001220703125,430.0150146484375,430.0150146484375,540.0,429.95001220703125,430.0299987792969,429.95001220703125,430.0150146484375
2025-11-24T14:55:00Z,428.0419921875,431.30999755859375,428.0419921875,431.30999755859375,431.30999755859375,856.0,428.0419921875,431.30999755859375,428.0419921875,431.30999755859375
2025-11-24T14:59:00Z,432.6000061035156,432.6000061035156,432.6000061035156,432.6000061035156,432.6000061035156,424.0,432.6000061035156,432.6000061035156,432.6000061035156,432.6000061035156
2025-11-24T15:01:00Z,431.3399963378906,431.92999267578125,431.3399963378906,431.92999267578125,431.92999267578125,283.0,431.3399963378906,431.92999267578125,431.3399963378906,431.92999267578125
2025-11-24T15:03:00Z,431.95001220703125,432.79998779296875,431.95001220703125,432.79998779296875,432.79998779296875,319.0,431.95001220703125,432.79998779296875,431.95001220703125,432.79998779296875
2025-11-24T15:08:00Z,433.010009765625,433.010009765625,431.6184997558594,431.6184997558594,431.6184997558594,320.0,433.010009765625,433.010009765625,431.6184997558594,431.6184997558594
2025-11-24T15:11:00Z,432.4200134277344,432.4200134277344,432.4200134277344,432.4200134277344,432.4200134277344,240.0,432.4200134277344,432.4200134277344,432.4200134277344,432.4200134277344
2025-11-24T15:12:00Z,431.3299865722656,431.3299865722656,430.7900085449219,431.0050048828125,431.0050048828125,902.0,431.3299865722656,431.3299865722656,430.7900085449219,431.0050048828125
2025-11-24T15:16:00Z,430.9049987792969,430.9049987792969,430.9049987792969,430.9049987792969,430.9049987792969,345.0,430.9049987792969,430.9049987792969,430.9049987792969,430.9049987792969
2025-11-24T15:17:00Z,430.2300109863281,430.2300109863281,430.2300109863281,430.2300109863281,430.2300109863281,110.0,430.2300109863281,430.2300109863281,430.2300109863281,430.2300109863281
2025-11-24T15:18:00Z,432.1600036621094,432.1600036621094,429.4700012207031,431.3900146484375,431.3900146484375,443.0,432.1600036621094,432.1600036621094,429.4700012207031,431.3900146484375
2025-11-24T15:19:00Z,430.6742858886719,430.6742858886719,430.6742858886719,430.6742858886719,430.6742858886719,174.0,430.6742858886719,430.6742858886719,430.6742858886719,430.6742858886719
2025-11-24T15:21:00Z,430.2300109863281,430.2300109863281,430.2300109863281,430.2300109863281,430.2300109863281,442.0,430.2300109863281,430.2300109863281,430.2300109863281,430.2300109863281
2025-11-24T15:26:00Z,430.375,430.375,430.375,430.375,430.375,99.0,430.375,430.375,430.375,430.375
2025-11-24T15:27:00Z,430.375,431.4750061035156,428.95001220703125,428.95001220703125,428.95001220703125,1093.0,430.375,431.4750061035156,428.95001220703125,428.95001220703125
2025-11-24T15:30:00Z,431.79998779296875,431.79998779296875,430.375,430.375,430.375,709.0,431.79998779296875,431.79998779296875,430.375,430.375
2025-11-24T15:31:00Z,431.69000244140625,431.7699890136719,431.5950012207031,431.6300048828125,431.6300048828125,370.0,431.69000244140625,431.7699890136719,431.5950012207031,431.6300048828125
2025-11-24T15:32:00Z,431.7799987792969,431.79998779296875,430.8349914550781,430.8349914550781,430.8349914550781,1600.0,431.7799987792969,431.79998779296875,430.8349914550781,430.8349914550781
2025-11-24T15:34:00Z,430.8299865722656,430.8299865722656,430.8299865722656,430.8299865722656,430.8299865722656,222.0,430.8299865722656,430.8299865722656,430.8299865722656,430.8299865722656
2025-11-24T15:37:00Z,430.739990234375,430.739990234375,430.7300109863281,430.7300109863281,430.7300109863281,561.0,430.739990234375,430.739990234375,430.7300109863281,430.7300109863281
2025-11-24T15:42:00Z,430.82000732421875,431.1700134277344,430.760009765625,431.1700134277344,431.1700134277344,328.0,430.82000732421875,431.1700134277344,430.760009765625,431.1700134277344
2025-11-24T15:43:00Z,430.5799865722656,430.5799865722656,430.5799865722656,430.5799865722656,430.5799865722656,131.0,430.5799865722656,430.5799865722656,430.5799865722656,430.5799865722656
2025-11-24T15:45:00Z,430.760009765625,431.385009765625,430.760009765625,431.385009765625,431.385009765625,495.0,430.760009765625,431.385009765625,430.760009765625,431.385009765625
2025-11-24T15:47:00Z,430.760009765625,431.6099853515625,430.04998779296875,431.6099853515625,431.6099853515625,3069.0,430.760009765625,431.6099853515625,430.04998779296875,431.6099853515625
2025-11-24T15:48:00Z,430.8699951171875,431.9849853515625,430.8699951171875,431.9849853515625,431.9849853515625,3343.0,430.8699951171875,431.9849853515625,430.8699951171875,431.9849853515625
2025-11-24T15:49:00Z,431.54998779296875,433.6899108886719,430.05999755859375,431.6935119628906,431.6935119628906,4462.0,431.54998779296875,433.6899108886719,430.05999755859375,431.6935119628906
2025-11-24T15:50:00Z,431.7200012207031,432.94610595703125,431.4700012207031,431.4700012207031,431.4700012207031,3473.0,431.7200012207031,432.94610595703125,431.4700012207031,431.4700012207031
2025-11-24T15:52:00Z,431.6300048828125,432.239990234375,431.6300048828125,432.239990234375,432.239990234375,219.0,431.6300048828125,432.239990234375,431.6300048828125,432.239990234375
2025-11-24T15:53:00Z,432.5899963378906,432.5899963378906,432.5899963378906,432.5899963378906,432.5899963378906,108.0,432.5899963378906,432.5899963378906,432.5899963378906,432.5899963378906
2025-11-24T15:54:00Z,432.9100036621094,432.9100036621094,431.8299865722656,431.8299865722656,431.8299865722656,210.0,432.9100036621094,432.9100036621094,431.8299865722656,431.8299865722656
2025-11-24T15:55:00Z,431.8699951171875,431.8699951171875,430.7300109863281,431.8699951171875,431.8699951171875,346.0,431.8699951171875,431.8699951171875,430.7300109863281,431.8699951171875
2025-11-24T15:56:00Z,430.2799987792969,430.2799987792969,430.2799987792969,430.2799987792969,430.2799987792969,150.0,430.2799987792969,430.2799987792969,430.2799987792969,430.2799987792969
2025-11-24T15:57:00Z,430.3999938964844,432.5400085449219,430.3999938964844,432.5400085449219,432.5400085449219,130.0,430.3999938964844,432.5400085449219,430.3999938964844,432.5400085449219
2025-11-24T15:58:00Z,430.4200134277344,430.4200134277344,430.4200134277344,430.4200134277344,430.4200134277344,86.0,430.4200134277344,430.4200134277344,430.4200134277344,430.4200134277344
2025-11-24T15:59:00Z,430.4100036621094,430.4100036621094,430.4100036621094,430.4100036621094,430.4100036621094,139.0,430.4100036621094,430.4100036621094,430.4100036621094,430.4100036621094
2025-11-24T16:00:00Z,430.4100036621094,430.4100036621094,430.4100036621094,430.4100036621094,430.4100036621094,131.0,430.4100036621094,430.4100036621094,430.4100036621094,430.4100036621094
2025-11-24T16:02:00Z,431.8699951171875,432.6700134277344,431.8699951171875,432.260009765625,432.260009765625,375.0,431.8699951171875,432.6700134277344,431.8699951171875,432.260009765625
2025-11-24T16:03:00Z,431.92999267578125,432.2950134277344,431.92999267578125,432.2950134277344,432.2950134277344,362.0,431.92999267578125,432.2950134277344,431.92999267578125,432.2950134277344
2025-11-24T16:05:00Z,432.2950134277344,433.4800109863281,432.2950134277344,433.4800109863281,433.4800109863281,454.0,432.2950134277344,433.4800109863281,432.2950134277344,433.4800109863281
2025-11-24T16:07:00Z,433.67999267578125,434.4100036621094,433.67999267578125,434.4100036621094,434.4100036621094,947.0,433.67999267578125,434.4100036621094,433.67999267578125,434.4100036621094
2025-11-24T16:08:00Z,433.9849853515625,434.04998779296875,433.45001220703125,434.04998779296875,434.04998779296875,153.0,433.9849853515625,434.04998779296875,433.45001220703125,434.04998779296875
2025-11-24T16:09:00Z,433.9849853515625,433.9849853515625,433.9849853515625,433.9849853515625,433.9849853515625,86.0,433.9849853515625,433.9849853515625,433.9849853515625,433.9849853515625
2025-11-24T16:10:00Z,433.1199951171875,433.5199890136719,433.0799865722656,433.0950012207031,433.0950012207031,2174.0,433.1199951171875,433.5199890136719,433.0799865722656,433.0950012207031
2025-11-24T16:11:00Z,434.1499938964844,434.1499938964844,434.1499938964844,434.1499938964844,434.1499938964844,218.0,434.1499938964844,434.1499938964844,434.1499938964844,434.1499938964844
2025-11-24T16:15:00Z,433.7900085449219,433.7900085449219,433.7900085449219,433.7900085449219,433.7900085449219,159.0,433.7900085449219,433.7900085449219,433.7900085449219,433.7900085449219
2025-11-24T16:20:00Z,433.7900085449219,433.7900085449219,433.7900085449219,433.7900085449219,433.7900085449219,61.0,433.7900085449219,433.7900085449219,433.7900085449219,433.7900085449219
2025-11-24T16:21:00Z,433.7900085449219,433.7900085449219,433.625,433.625,433.625,286.0,433.7900085449219,433.7900085449219,433.625,433.625
2025-11-24T16:25:00Z,433.56500244140625,433.56500244140625,433.4599914550781,433.4599914550781,433.4599914550781,259.0,433.56500244140625,433.56500244140625,433.4599914550781,433.4599914550781
2025-11-24T16:26:00Z,432.9700012207031,432.9700012207031,431.95001220703125,431.95001220703125,431.95001220703125,1060.0,432.9700012207031,432.9700012207031,431.95001220703125,431.95001220703125
2025-11-24T16:27:00Z,432.04998779296875,432.04998779296875,432.04998779296875,432.04998779296875,432.04998779296875,254.0,432.04998779296875,432.04998779296875,432.04998779296875,432.04998779296875
2025-11-24T16:29:00Z,432.5,432.5199890136719,432.5,432.5199890136719,432.5199890136719,360.0,432.5,432.5199890136719,432.5,432.5199890136719
2025-11-24T16:33:00Z,432.06500244140625,432.06500244140625,432.06500244140625,432.06500244140625,432.06500244140625,469.0,432.06500244140625,432.06500244140625,432.06500244140625,432.06500244140625
2025-11-24T16:37:00Z,432.92999267578125,432.92999267578125,432.92999267578125,432.92999267578125,432.92999267578125,88.0,432.92999267578125,432.92999267578125,432.92999267578125,432.92999267578125
2025-11-24T16:38:00Z,432.7799987792969,432.7799987792969,432.7799987792969,432.7799987792969,432.7799987792969,178.0,432.7799987792969,432.7799987792969,432.7799987792969,432.7799987792969
2025-11-24T16:40:00Z,432.9800109863281,433.4700012207031,432.9800109863281,433.4700012207031,433.4700012207031,564.0,432.9800109863281,433.4700012207031,432.9800109863281,433.4700012207031
2025-11-24T16:41:00Z,433.4700012207031,433.4700012207031,433.1099853515625,433.1099853515625,433.1099853515625,174.0,433.4700012207031,433.4700012207031,433.1099853515625,433.1099853515625
2025-11-24T16:44:00Z,433.0400085449219,433.0799865722656,433.0400085449219,433.0799865722656,433.0799865722656,167.0,433.0400085449219,433.0799865722656,433.0400085449219,433.0799865722656
2025-11-24T16:46:00Z,432.6099853515625,432.6099853515625,432.6099853515625,432.6099853515625,432.6099853515625,154.0,432.6099853515625,432.6099853515625,432.6099853515625,432.6099853515625
2025-11-24T16:47:00Z,433.3299865722656,433.3299865722656,433.3299865722656,433.3299865722656,433.3299865722656,100.0,433.3299865722656,433.3299865722656,433.3299865722656,433.3299865722656
2025-11-24T16:50:00Z,433.5799865722656,433.5799865722656,433.5799865722656,433.5799865722656,433.5799865722656,68.0,433.5799865722656,433.5799865722656,433.5799865722656,433.5799865722656
2025-11-24T16:51:00Z,433.8699951171875,433.8699951171875,433.8699951171875,433.8699951171875,433.8699951171875,281.0,433.8699951171875,433.8699951171875,433.8699951171875,433.8699951171875
2025-11-24T16:56:00Z,432.67999267578125,432.67999267578125,432.67999267578125,432.67999267578125,432.67999267578125,55.0,432.67999267578125,432.67999267578125,432.67999267578125,432.67999267578125
2025-11-24T16:57:00Z,432.7099914550781,432.7099914550781,432.7099914550781,432.7099914550781,432.7099914550781,111.0,432.7099914550781,432.7099914550781,432.7099914550781,432.7099914550781
2025-11-24T16:58:00Z,432.5,433.18499755859375,432.5,433.18499755859375,433.18499755859375,576.0,432.5,433.18499755859375,432.5,433.18499755859375
2025-11-24T16:59:00Z,433.2900085449219,433.2900085449219,433.2900085449219,433.2900085449219,433.2900085449219,185.0,433.2900085449219,433.2900085449219,433.2900085449219,433.2900085449219
2025-11-24T17:00:00Z,433.3399963378906,433.3399963378906,433.3399963378906,433.3399963378906,433.3399963378906,153.0,433.3399963378906,433.3399963378906,433.3399963378906,433.3399963378906
2025-11-24T17:02:00Z,433.7300109863281,433.7300109863281,432.42999267578125,432.42999267578125,432.42999267578125,170.0,433.7300109863281,433.7300109863281,432.42999267578125,432.42999267578125
2025-11-24T17:03:00Z,433.20001220703125,434.2298889160156,433.20001220703125,434.2298889160156,434.2298889160156,1607.0,433.20001220703125,434.2298889160156,433.20001220703125,434.2298889160156
2025-11-24T17:06:00Z,433.45001220703125,433.45001220703125,433.45001220703125,433.45001220703125,433.45001220703125,187.0,433.45001220703125,433.45001220703125,433.45001220703125,433.45001220703125
2025-11-24T17:07:00Z,433.8699951171875,433.8800048828125,433.8699951171875,433.8800048828125,433.8800048828125,596.0,433.8699951171875,433.8800048828125,433.8699951171875,433.8800048828125
2025-11-24T17:15:00Z,432.510009765625,432.510009765625,432.510009765625,432.510009765625,432.510009765625,1117.0,432.510009765625,432.510009765625,432.510009765625,432.510009765625
2025-11-24T17:18:00Z,432.489990234375,432.489990234375,432.489990234375,432.489990234375,432.489990234375,164.0,432.489990234375,432.489990234375,432.489990234375,432.489990234375
2025-11-24T17:21:00Z,432.8800048828125,432.8800048828125,432.8800048828125,432.8800048828125,432.8800048828125,115.0,432.8800048828125,432.8800048828125,432.8800048828125,432.8800048828125
2025-11-24T17:22:00Z,432.79998779296875,432.79998779296875,432.79998779296875,432.79998779296875,432.79998779296875,613.0,432.79998779296875,432.79998779296875,432.79998779296875,432.79998779296875
2025-11-24T17:29:00Z,432.510009765625,432.510009765625,432.1000061035156,432.1000061035156,432.1000061035156,324.0,432.510009765625,432.510009765625,432.1000061035156,432.1000061035156
2025-11-24T17:32:00Z,432.510009765625,432.635009765625,432.510009765625,432.510009765625,432.510009765625,596.0,432.510009765625,432.635009765625,432.510009765625,432.510009765625
2025-11-24T17:35:00Z,432.79998779296875,432.79998779296875,432.79998779296875,432.79998779296875,432.79998779296875,66.0,432.79998779296875,432.79998779296875,432.79998779296875,432.79998779296875
2025-11-24T17:36:00Z,432.3949890136719,432.3949890136719,432.3949890136719,432.3949890136719,432.3949890136719,257.0,432.3949890136719,432.3949890136719,432.3949890136719,432.3949890136719
2025-11-24T17:38:00Z,433.1499938964844,433.3500061035156,433.1499938964844,433.3500061035156,433.3500061035156,599.0,433.1499938964844,433.3500061035156,433.1499938964844,433.3500061035156
2025-11-24T17:40:00Z,433.3500061035156,433.3500061035156,433.3500061035156,433.3500061035156,433.3500061035156,421.0,433.3500061035156,433.3500061035156,433.3500061035156,433.3500061035156
2025-11-24T17:42:00Z,432.93499755859375,432.93499755859375,432.93499755859375,432.93499755859375,432.93499755859375,218.0,432.93499755859375,432.93499755859375,432.93499755859375,432.93499755859375
2025-11-24T17:45:00Z,433.1499938964844,433.94000244140625,433.1499938964844,433.94000244140625,433.94000244140625,832.0,433.1499938964844,433.94000244140625,433.1499938964844,433.94000244140625
2025-11-24T17:46:00Z,434.7499084472656,434.7499084472656,434.7499084472656,434.7499084472656,434.7499084472656,1080.0,434.7499084472656,434.7499084472656,434.7499084472656,434.7499084472656
2025-11-24T17:49:00Z,433.760009765625,433.760009765625,433.760009765625,433.760009765625,433.760009765625,107.0,433.760009765625,433.760009765625,433.760009765625,433.760009765625
2025-11-24T17:50:00Z,434.0400085449219,434.0400085449219,434.0400085449219,434.0400085449219,434.0400085449219,182.0,434.0400085449219,434.0400085449219,434.0400085449219,434.0400085449219
2025-11-24T17:52:00Z,433.760009765625,433.9200134277344,433.760009765625,433.9200134277344,433.9200134277344,248.0,433.760009765625,433.9200134277344,433.760009765625,433.9200134277344
2025-11-24T17:56:00Z,433.4599914550781,433.4599914550781,433.4599914550781,433.4599914550781,433.4599914550781,44.0,433.4599914550781,433.4599914550781,433.4599914550781,433.4599914550781
2025-11-24T17:57:00Z,433.6099853515625,433.6099853515625,432.8599853515625,432.8599853515625,432.8599853515625,242.0,433.6099853515625,433.6099853515625,432.8599853515625,432.8599853515625
2025-11-24T17:58:00Z,432.8500061035156,432.8500061035156,432.8500061035156,432.8500061035156,432.8500061035156,282.0,432.8500061035156,432.8500061035156,432.8500061035156,432.8500061035156
2025-11-24T17:59:00Z,433.3074951171875,433.92999267578125,433.239990234375,433.92999267578125,433.92999267578125,650.0,433.3074951171875,433.92999267578125,433.239990234375,433.92999267578125
2025-11-24T18:00:00Z,434.05999755859375,434.07000732421875,434.05999755859375,434.07000732421875,434.07000732421875,436.0,434.05999755859375,434.07000732421875,434.05999755859375,434.07000732421875
2025-11-24T18:05:00Z,434.19000244140625,434.32000732421875,434.17999267578125,434.17999267578125,434.17999267578125,1004.0,434.19000244140625,434.32000732421875,434.17999267578125,434.17999267578125
2025-11-24T18:06:00Z,434.3699951171875,434.54998779296875,434.2799987792969,434.54998779296875,434.54998779296875,267.0,434.3699951171875,434.54998779296875,434.2799987792969,434.54998779296875
2025-11-24T18:07:00Z,434.54998779296875,434.55999755859375,434.54998779296875,434.55999755859375,434.55999755859375,427.0,434.54998779296875,434.55999755859375,434.54998779296875,434.55999755859375
2025-11-24T18:08:00Z,434.6700134277344,434.6700134277344,434.6700134277344,434.6700134277344,434.6700134277344,173.0,434.6700134277344,434.6700134277344,434.6700134277344,434.6700134277344
2025-11-24T18:10:00Z,434.6400146484375,434.75,434.5799865722656,434.7300109863281,434.7300109863281,779.0,434.6400146484375,434.75,434.5799865722656,434.7300109863281
2025-11-24T18:11:00Z,434.94500732421875,434.94500732421875,434.94500732421875,434.94500732421875,434.94500732421875,359.0,434.94500732421875,434.94500732421875,434.94500732421875,434.94500732421875
2025-11-24T18:17:00Z,435.7200012207031,435.7200012207031,434.8999938964844,434.8999938964844,434.8999938964844,188.0,435.7200012207031,435.7200012207031,434.8999938964844,434.8999938964844
2025-11-24T18:19:00Z,435.3399963378906,435.3399963378906,434.94500732421875,434.94500732421875,434.94500732421875,187.0,435.3399963378906,435.3399963378906,434.94500732421875,434.94500732421875
2025-11-24T18:23:00Z,434.989990234375,435.3299865722656,434.989990234375,435.3299865722656,435.3299865722656,147.0,434.989990234375,435.3299865722656,434.989990234375,435.3299865722656
2025-11-24T18:24:00Z,434.8900146484375,434.8900146484375,434.8900146484375,434.8900146484375,434.8900146484375,96.0,434.8900146484375,434.8900146484375,434.8900146484375,434.8900146484375
2025-11-24T18:27:00Z,435.6099853515625,435.6099853515625,435.6099853515625,435.6099853515625,435.6099853515625,55.0,435.6099853515625,435.6099853515625,435.6099853515625,435.6099853515625
2025-11-24T18:28:00Z,435.3900146484375,435.3900146484375,435.3900146484375,435.3900146484375,435.3900146484375,115.0,435.3900146484375,435.3900146484375,435.3900146484375,435.3900146484375
2025-11-24T18:29:00Z,434.9525146484375,434.9525146484375,434.9525146484375,434.9525146484375,434.9525146484375,60.0,434.9525146484375,434.9525146484375,434.9525146484375,434.9525146484375
2025-11-24T18:30:00Z,435.3399963378906,435.3399963378906,434.44000244140625,434.44000244140625,434.44000244140625,339.0,435.3399963378906,435.3399963378906,434.44000244140625,434.44000244140625
2025-11-24T18:32:00Z,434.9849853515625,434.9849853515625,434.3599853515625,434.3599853515625,434.3599853515625,482.0,434.9849853515625,434.9849853515625,434.3599853515625,434.3599853515625
2025-11-24T18:34:00Z,434.6199951171875,434.6199951171875,434.6199951171875,434.6199951171875,434.6199951171875,80.0,434.6199951171875,434.6199951171875,434.6199951171875,434.6199951171875
2025-11-24T18:36:00Z,434.80499267578125,434.80499267578125,434.80499267578125,434.80499267578125,434.80499267578125,98.0,434.80499267578125,434.80499267578125,434.80499267578125,434.80499267578125
2025-11-24T18:37:00Z,434.2300109863281,434.2300109863281,434.2300109863281,434.2300109863281,434.2300109863281,512.0,434.2300109863281,434.2300109863281,434.2300109863281,434.2300109863281
2025-11-24T18:38:00Z,434.114990234375,434.114990234375,434.1000061035156,434.1099853515625,434.1099853515625,417.0,434.114990234375,434.114990234375,434.1000061035156,434.1099853515625
2025-11-24T18:40:00Z,434.2974853515625,434.2974853515625,434.2974853515625,434.2974853515625,434.2974853515625,168.0,434.2974853515625,434.2974853515625,434.2974853515625,434.2974853515625
2025-11-24T18:41:00Z,434.7300109863281,434.8599853515625,434.6199951171875,434.6199951171875,434.6199951171875,1089.0,434.7300109863281,434.8599853515625,434.6199951171875,434.6199951171875
2025-11-24T18:43:00Z,434.6199951171875,434.6199951171875,434.6199951171875,434.6199951171875,434.6199951171875,211.0,434.6199951171875,434.6199951171875,434.6199951171875,434.6199951171875
2025-11-24T18:49:00Z,434.61248779296875,434.61248779296875,434.4949951171875,434.4949951171875,434.4949951171875,146.0,434.61248779296875,434.61248779296875,434.4949951171875,434.4949951171875
2025-11-24T18:50:00Z,433.8804931640625,434.4949951171875,433.8804931640625,434.4949951171875,434.4949951171875,180.0,433.8804931640625,434.4949951171875,433.8804931640625,434.4949951171875
2025-11-24T18:52:00Z,434.2699890136719,434.2699890136719,434.2699890136719,434.2699890136719,434.2699890136719,130.0,434.2699890136719,434.2699890136719,434.2699890136719,434.2699890136719
2025-11-24T18:53:00Z,434.4949951171875,434.4949951171875,434.4949951171875,434.4949951171875,434.4949951171875,76.0,434.4949951171875,434.4949951171875,434.4949951171875,434.4949951171875
2025-11-24T18:55:00Z,434.4200134277344,434.4200134277344,434.4200134277344,434.4200134277344,434.4200134277344,232.0,434.4200134277344,434.4200134277344,434.4200134277344,434.4200134277344
2025-11-24T18:56:00Z,434.30999755859375,434.3399963378906,434.30999755859375,434.3399963378906,434.3399963378906,180.0,434.30999755859375,434.3399963378906,434.30999755859375,434.3399963378906
2025-11-24T18:58:00Z,435.1600036621094,435.1600036621094,435.1600036621094,435.1600036621094,435.1600036621094,51.0,435.1600036621094,435.1600036621094,435.1600036621094,435.1600036621094
2025-11-24T18:59:00Z,434.6400146484375,434.6400146484375,434.6400146484375,434.6400146484375,434.6400146484375,114.0,434.6400146484375,434.6400146484375,434.6400146484375,434.6400146484375
2025-11-24T19:00:00Z,434.6700134277344,434.6700134277344,434.6700134277344,434.6700134277344,434.6700134277344,42.0,434.6700134277344,434.6700134277344,434.6700134277344,434.6700134277344
2025-11-24T19:01:00Z,434.6199951171875,434.6199951171875,434.6199951171875,434.6199951171875,434.6199951171875,158.0,434.6199951171875,434.6199951171875,434.6199951171875,434.6199951171875
2025-11-24T19:03:00Z,434.7900085449219,434.7900085449219,434.7900085449219,434.7900085449219,434.7900085449219,122.0,434.7900085449219,434.7900085449219,434.7900085449219,434.7900085449219
2025-11-24T19:05:00Z,434.6099853515625,434.6099853515625,434.6099853515625,434.6099853515625,434.6099853515625,48.0,434.6099853515625,434.6099853515625,434.6099853515625,434.6099853515625
2025-11-24T19:06:00Z,434.6000061035156,434.6000061035156,434.6000061035156,434.6000061035156,434.6000061035156,116.0,434.6000061035156,434.6000061035156,434.6000061035156,434.6000061035156
2025-11-24T19:08:00Z,435.1400146484375,435.1400146484375,435.1400146484375,435.1400146484375,435.1400146484375,120.0,435.1400146484375,435.1400146484375,435.1400146484375,435.1400146484375
2025-11-24T19:09:00Z,434.0799865722656,434.3500061035156,434.05999755859375,434.05999755859375,434.05999755859375,1075.0,434.0799865722656,434.3500061035156,434.05999755859375,434.05999755859375
2025-11-24T19:10:00Z,434.0799865722656,434.0799865722656,434.0799865722656,434.0799865722656,434.0799865722656,162.0,434.0799865722656,434.0799865722656,434.0799865722656,434.0799865722656
2025-11-24T19:11:00Z,434.0299987792969,434.0299987792969,434.0299987792969,434.0299987792969,434.0299987792969,369.0,434.0299987792969,434.0299987792969,434.0299987792969,434.0299987792969
2025-11-24T19:12:00Z,434.0400085449219,434.0400085449219,434.0400085449219,434.0400085449219,434.0400085449219,425.0,434.0400085449219,434.0400085449219,434.0400085449219,434.0400085449219
2025-11-24T19:15:00Z,433.6099853515625,433.6099853515625,433.6099853515625,433.6099853515625,433.6099853515625,171.0,433.6099853515625,433.6099853515625,433.6099853515625,433.6099853515625
2025-11-24T19:17:00Z,433.4200134277344,433.4200134277344,433.4200134277344,433.4200134277344,433.4200134277344,402.0,433.4200134277344,433.4200134277344,433.4200134277344,433.4200134277344
2025-11-24T19:22:00Z,433.0199890136719,433.0199890136719,433.0199890136719,433.0199890136719,433.0199890136719,281.0,433.0199890136719,433.0199890136719,433.0199890136719,433.0199890136719
2025-11-24T19:24:00Z,433.04998779296875,433.04998779296875,433.0199890136719,433.0199890136719,433.0199890136719,381.0,433.04998779296875,433.04998779296875,433.0199890136719,433.0199890136719
2025-11-24T19:25:00Z,433.1300048828125,433.1300048828125,433.1300048828125,433.1300048828125,433.1300048828125,252.0,433.1300048828125,433.1300048828125,433.1300048828125,433.1300048828125
2025-11-24T19:28:00Z,433.1199951171875,433.1199951171875,433.1199951171875,433.1199951171875,433.1199951171875,214.0,433.1199951171875,433.1199951171875,433.1199951171875,433.1199951171875
2025-11-24T19:30:00Z,433.1300048828125,433.1300048828125,433.1300048828125,433.1300048828125,433.1300048828125,352.0,433.1300048828125,433.1300048828125,433.1300048828125,433.1300048828125
2025-11-24T19:32:00Z,433.1000061035156,433.17999267578125,433.1000061035156,433.17999267578125,433.17999267578125,1048.0,433.1000061035156,433.17999267578125,433.1000061035156,433.17999267578125
2025-11-24T19:43:00Z,433.0150146484375,433.0150146484375,433.0150146484375,433.0150146484375,433.0150146484375,174.0,433.0150146484375,433.0150146484375,433.0150146484375,433.0150146484375
2025-11-24T19:48:00Z,432.0450134277344,432.32000732421875,432.0450134277344,432.32000732421875,432.32000732421875,1693.0,432.0450134277344,432.32000732421875,432.0450134277344,432.32000732421875
2025-11-24T19:50:00Z,432.44500732421875,432.44500732421875,432.44500732421875,432.44500732421875,432.44500732421875,401.0,432.44500732421875,432.44500732421875,432.44500732421875,432.44500732421875
2025-11-24T19:54:00Z,432.44500732421875,432.5799865722656,432.44500732421875,432.5799865722656,432.5799865722656,288.0,432.44500732421875,432.5799865722656,432.44500732421875,432.5799865722656
2025-11-24T19:57:00Z,431.7799987792969,432.18499755859375,431.7799987792969,432.18499755859375,432.18499755859375,382.0,431.7799987792969,432.18499755859375,431.7799987792969,432.18499755859375
2025-11-24T19:58:00Z,432.45001220703125,432.5799865722656,432.45001220703125,432.45001220703125,432.45001220703125,1319.0,432.45001220703125,432.5799865722656,432.45001220703125,432.45001220703125
2025-11-24T19:59:00Z,432.80999755859375,433.0899963378906,432.4599914550781,432.4599914550781,432.4599914550781,306.0,432.80999755859375,433.0899963378906,432.4599914550781,432.4599914550781
2025-11-24T20:01:00Z,433.0,433.1099853515625,432.69000244140625,432.7650146484375,432.7650146484375,925.0,433.0,433.1099853515625,432.69000244140625,432.7650146484375
2025-11-24T20:03:00Z,433.3800048828125,433.82000732421875,433.3800048828125,433.69500732421875,433.69500732421875,815.0,433.3800048828125,433.82000732421875,433.3800048828125,433.69500732421875
2025-11-24T20:04:00Z,433.7699890136719,433.7699890136719,433.4200134277344,433.69000244140625,433.69000244140625,506.0,433.7699890136719,433.7699890136719,433.4200134277344,433.69000244140625
2025-11-24T20:05:00Z,433.17999267578125,433.25,432.95001220703125,432.95001220703125,432.95001220703125,1497.0,433.17999267578125,433.25,432.95001220703125,432.95001220703125
2025-11-24T20:07:00Z,432.5400085449219,432.5400085449219,432.5400085449219,432.5400085449219,432.5400085449219,249.0,432.5400085449219,432.5400085449219,432.5400085449219,432.5400085449219
2025-11-24T20:10:00Z,431.8999938964844,432.5950012207031,431.8999938964844,432.5950012207031,432.5950012207031,315.0,431.8999938964844,432.5950012207031,431.8999938964844,432.5950012207031
2025-11-24T20:13:00Z,432.5950012207031,432.5950012207031,432.5950012207031,432.5950012207031,432.5950012207031,67.0,432.5950012207031,432.5950012207031,432.5950012207031,432.5950012207031
2025-11-24T20:14:00Z,432.5050048828125,434.1199951171875,432.5050048828125,433.2149963378906,433.2149963378906,1370.0,432.5050048828125,434.1199951171875,432.5050048828125,433.2149963378906
2025-11-24T20:15:00Z,433.2149963378906,433.2149963378906,433.2149963378906,433.2149963378906,433.2149963378906,588.0,433.2149963378906,433.2149963378906,433.2149963378906,433.2149963378906
2025-11-24T20:21:00Z,432.8500061035156,432.8500061035156,432.8500061035156,432.8500061035156,432.8500061035156,109.0,432.8500061035156,432.8500061035156,432.8500061035156,432.8500061035156
2025-11-24T20:22:00Z,433.0899963378906,433.0899963378906,433.0899963378906,433.0899963378906,433.0899963378906,266.0,433.0899963378906,433.0899963378906,433.0899963378906,433.0899963378906
2025-11-24T20:24:00Z,432.1099853515625,432.1099853515625,432.1099853515625,432.1099853515625,432.1099853515625,45.0,432.1099853515625,432.1099853515625,432.1099853515625,432.1099853515625
2025-11-24T20:25:00Z,432.4599914550781,432.4599914550781,432.1300048828125,432.1449890136719,432.1449890136719,293.0,432.4599914550781,432.4599914550781,432.1300048828125,432.1449890136719
2025-11-24T20:26:00Z,432.0899963378906,432.0899963378906,432.0799865722656,432.0799865722656,432.0799865722656,522.0,432.0899963378906,432.0899963378906,432.0799865722656,432.0799865722656
2025-11-24T20:27:00Z,432.385009765625,432.82000732421875,431.8900146484375,431.8900146484375,431.8900146484375,1525.0,432.385009765625,432.82000732421875,431.8900146484375,431.8900146484375
2025-11-24T20:29:00Z,431.4849853515625,431.7699890136719,431.4849853515625,431.7699890136719,431.7699890136719,863.0,431.4849853515625,431.7699890136719,431.4849853515625,431.7699890136719
2025-11-24T20:31:00Z,431.7699890136719,431.9599914550781,431.7699890136719,431.9599914550781,431.9599914550781,255.0,431.7699890136719,431.9599914550781,431.7699890136719,431.9599914550781
2025-11-24T20:33:00Z,431.7699890136719,431.7699890136719,431.7699890136719,431.7699890136719,431.7699890136719,129.0,431.7699890136719,431.7699890136719,431.7699890136719,431.7699890136719
2025-11-24T20:34:00Z,431.7699890136719,431.7699890136719,431.7699890136719,431.7699890136719,431.7699890136719,206.0,431.7699890136719,431.7699890136719,431.7699890136719,431.7699890136719
2025-11-24T20:35:00Z,431.9599914550781,431.9599914550781,431.7699890136719,431.7699890136719,431.7699890136719,248.0,431.9599914550781,431.9599914550781,431.7699890136719,431.7699890136719
2025-11-24T20:36:00Z,431.80499267578125,432.57000732421875,431.7799987792969,432.57000732421875,432.57000732421875,405.0,431.80499267578125,432.57000732421875,431.7799987792969,432.57000732421875
2025-11-24T20:37:00Z,432.364990234375,432.8800048828125,432.364990234375,432.8800048828125,432.8800048828125,1006.0,432.364990234375,432.8800048828125,432.364990234375,432.8800048828125
2025-11-24T20:38:00Z,432.3800048828125,432.3800048828125,432.3800048828125,432.3800048828125,432.3800048828125,237.0,432.3800048828125,432.3800048828125,432.3800048828125,432.3800048828125
2025-11-24T20:39:00Z,432.7049865722656,432.7049865722656,432.3800048828125,432.3800048828125,432.3800048828125,253.0,432.7049865722656,432.7049865722656,432.3800048828125,432.3800048828125
2025-11-24T20:40:00Z,432.3800048828125,432.3800048828125,432.3800048828125,432.3800048828125,432.3800048828125,73.0,432.3800048828125,432.3800048828125,432.3800048828125,432.3800048828125
2025-11-24T20:41:00Z,432.5,432.5,432.5,432.5,432.5,246.0,432.5,432.5,432.5,432.5
2025-11-24T20:42:00Z,432.3800048828125,432.3800048828125,432.3800048828125,432.3800048828125,432.3800048828125,757.0,432.3800048828125,432.3800048828125,432.3800048828125,432.3800048828125
2025-11-24T20:43:00Z,432.3800048828125,432.42999267578125,432.3800048828125,432.42999267578125,432.42999267578125,191.0,432.3800048828125,432.42999267578125,432.3800048828125,432.42999267578125
2025-11-24T20:44:00Z,432.7049865722656,432.7049865722656,432.510009765625,432.510009765625,432.510009765625,231.0,432.7049865722656,432.7049865722656,432.510009765625,432.510009765625
2025-11-24T20:45:00Z,432.7049865722656,433.1050109863281,432.7049865722656,432.7900085449219,432.7900085449219,1265.0,432.7049865722656,433.1050109863281,432.7049865722656,432.7900085449219
2025-11-24T20:46:00Z,432.6700134277344,432.6700134277344,432.489990234375,432.489990234375,432.489990234375,766.0,432.6700134277344,432.6700134277344,432.489990234375,432.489990234375
2025-11-24T20:47:00Z,432.3299865722656,432.3299865722656,432.1600036621094,432.1600036621094,432.1600036621094,276.0,432.3299865722656,432.3299865722656,432.1600036621094,432.1600036621094
2025-11-24T20:48:00Z,431.95001220703125,431.95001220703125,431.7300109863281,431.7300109863281,431.7300109863281,769.0,431.95001220703125,431.95001220703125,431.7300109863281,431.7300109863281
2025-11-24T20:49:00Z,431.8500061035156,431.95001220703125,431.79998779296875,431.864990234375,431.864990234375,981.0,431.8500061035156,431.95001220703125,431.79998779296875,431.864990234375
2025-11-24T20:50:00Z,432.1700134277344,432.3699951171875,431.80999755859375,431.80999755859375,431.80999755859375,1386.0,432.1700134277344,432.3699951171875,431.80999755859375,431.80999755859375
2025-11-24T20:51:00Z,431.79998779296875,431.79998779296875,431.55999755859375,431.6199951171875,431.6199951171875,657.0,431.79998779296875,431.79998779296875,431.55999755859375,431.6199951171875
2025-11-24T20:52:00Z,431.5799865722656,431.5799865722656,431.5299987792969,431.5299987792969,431.5299987792969,530.0,431.5799865722656,431.5799865722656,431.5299987792969,431.5299987792969
2025-11-24T20:54:00Z,431.7300109863281,432.1199951171875,431.6300048828125,431.6300048828125,431.6300048828125,1544.0,431.7300109863281,432.1199951171875,431.6300048828125,431.6300048828125
2025-11-24T20:55:00Z,432.114990234375,432.3999938964844,431.989990234375,432.3999938964844,432.3999938964844,2270.0,432.114990234375,432.3999938964844,431.989990234375,432.3999938964844
2025-11-24T20:56:00Z,432.114990234375,432.2049865722656,431.9800109863281,432.2049865722656,432.2049865722656,1488.0,432.114990234375,432.2049865722656,431.9800109863281,432.2049865722656
2025-11-24T20:57:00Z,431.94000244140625,432.0299987792969,430.614990234375,430.9224853515625,430.9224853515625,4068.0,431.94000244140625,432.0299987792969,430.614990234375,430.9224853515625
2025-11-24T20:58:00Z,430.5799865722656,430.760009765625,429.9700012207031,430.0,430.0,4904.0,430.5799865722656,430.760009765625,429.9700012207031,430.0
2025-11-24T20:59:00Z,430.0,430.2099914550781,429.5199890136719,429.5400085449219,429.5400085449219,9852.0,430.0,430.2099914550781,429.5199890136719,429.5400085449219
2025-11-25T14:30:00Z,433.3299865722656,433.3299865722656,427.7349853515625,427.7349853515625,427.7349853515625,2192.0,433.3299865722656,433.3299865722656,427.7349853515625,427.7349853515625
2025-11-25T14:31:00Z,431.92999267578125,431.92999267578125,427.5899963378906,428.7850036621094,428.7850036621094,579.0,431.92999267578125,431.92999267578125,427.5899963378906,428.7850036621094
2025-11-25T14:36:00Z,429.95001220703125,429.95001220703125,429.664794921875,429.664794921875,429.664794921875,187.0,429.95001220703125,429.95001220703125,429.664794921875,429.664794921875
2025-11-25T14:39:00Z,426.8599853515625,426.8599853515625,426.8599853515625,426.8599853515625,426.8599853515625,133.0,426.8599853515625,426.8599853515625,426.8599853515625,426.8599853515625
2025-11-25T14:43:00Z,435.3900146484375,437.1600036621094,435.2799987792969,437.1600036621094,437.1600036621094,827.0,435.3900146484375,437.1600036621094,435.2799987792969,437.1600036621094
2025-11-25T14:46:00Z,434.93499755859375,434.93499755859375,434.93499755859375,434.93499755859375,434.93499755859375,159.0,434.93499755859375,434.93499755859375,434.93499755859375,434.93499755859375
2025-11-25T14:50:00Z,434.5849914550781,434.5849914550781,434.5849914550781,434.5849914550781,434.5849914550781,166.0,434.5849914550781,434.5849914550781,434.5849914550781,434.5849914550781
2025-11-25T14:52:00Z,434.5849914550781,434.5849914550781,434.5849914550781,434.5849914550781,434.5849914550781,75.0,434.5849914550781,434.5849914550781,434.5849914550781,434.5849914550781
2025-11-25T14:53:00Z,435.5,435.5,433.8599853515625,433.8599853515625,433.8599853515625,317.0,435.5,435.5,433.8599853515625,433.8599853515625
2025-11-25T14:55:00Z,433.32000732421875,433.32000732421875,433.30999755859375,433.30999755859375,433.30999755859375,349.0,433.32000732421875,433.32000732421875,433.30999755859375,433.30999755859375
2025-11-25T14:56:00Z,433.7799987792969,433.7799987792969,433.75,433.75,433.75,235.0,433.7799987792969,433.7799987792969,433.75,433.75
2025-11-25T14:57:00Z,433.54998779296875,433.54998779296875,433.54998779296875,433.54998779296875,433.54998779296875,159.0,433.54998779296875,433.54998779296875,433.54998779296875,433.54998779296875
2025-11-25T14:58:00Z,433.75,434.239990234375,433.0899963378906,433.0899963378906,433.0899963378906,567.0,433.75,434.239990234375,433.0899963378906,433.0899963378906
2025-11-25T15:00:00Z,435.4100036621094,435.67999267578125,435.4100036621094,435.5,435.5,1668.0,435.4100036621094,435.67999267578125,435.4100036621094,435.5
2025-11-25T15:01:00Z,436.239990234375,436.239990234375,435.5,435.5299987792969,435.5299987792969,1309.0,436.239990234375,436.239990234375,435.5,435.5299987792969
2025-11-25T15:03:00Z,435.5,435.9200134277344,435.5,435.9200134277344,435.9200134277344,223.0,435.5,435.9200134277344,435.5,435.9200134277344
2025-11-25T15:04:00Z,435.9200134277344,435.9200134277344,435.9200134277344,435.9200134277344,435.9200134277344,297.0,435.9200134277344,435.9200134277344,435.9200134277344,435.9200134277344
2025-11-25T15:05:00Z,435.5050048828125,436.114990234375,435.5050048828125,436.114990234375,436.114990234375,1183.0,435.5050048828125,436.114990234375,435.5050048828125,436.114990234375
2025-11-25T15:06:00Z,435.8074951171875,435.8074951171875,435.8074951171875,435.8074951171875,435.8074951171875,194.0,435.8074951171875,435.8074951171875,435.8074951171875,435.8074951171875
2025-11-25T15:07:00Z,434.9100036621094,436.864990234375,434.9100036621094,436.864990234375,436.864990234375,839.0,434.9100036621094,436.864990234375,434.9100036621094,436.864990234375
2025-11-25T15:08:00Z,437.19000244140625,437.19000244140625,436.2799987792969,436.2799987792969,436.2799987792969,363.0,437.19000244140625,437.19000244140625,436.2799987792969,436.2799987792969
2025-11-25T15:10:00Z,437.70001220703125,438.30999755859375,436.29998779296875,437.3757019042969,437.3757019042969,822.0,437.70001220703125,438.30999755859375,436.29998779296875,437.3757019042969
2025-11-25T15:11:00Z,437.92498779296875,437.92498779296875,437.92498779296875,437.92498779296875,437.92498779296875,360.0,437.92498779296875,437.92498779296875,437.92498779296875,437.92498779296875
2025-11-25T15:13:00Z,437.0299987792969,437.0299987792969,437.0299987792969,437.0299987792969,437.0299987792969,52.0,437.0299987792969,437.0299987792969,437.0299987792969,437.0299987792969
2025-11-25T15:14:00Z,436.44000244140625,436.44000244140625,436.29998779296875,436.29998779296875,436.29998779296875,347.0,436.44000244140625,436.44000244140625,436.29998779296875,436.29998779296875
2025-11-25T15:15:00Z,434.9800109863281,434.9800109863281,434.9800109863281,434.9800109863281,434.9800109863281,226.0,434.9800109863281,434.9800109863281,434.9800109863281,434.9800109863281
2025-11-25T15:17:00Z,434.9200134277344,434.9200134277344,434.1300048828125,434.1300048828125,434.1300048828125,296.0,434.9200134277344,434.9200134277344,434.1300048828125,434.1300048828125
2025-11-25T15:18:00Z,434.0799865722656,434.8599853515625,434.0799865722656,434.8500061035156,434.8500061035156,478.0,434.0799865722656,434.8599853515625,434.0799865722656,434.8500061035156
2025-11-25T15:20:00Z,434.30999755859375,434.5899963378906,434.30999755859375,434.5899963378906,434.5899963378906,539.0,434.30999755859375,434.5899963378906,434.30999755859375,434.5899963378906
2025-11-25T15:24:00Z,434.6600036621094,434.6600036621094,434.6600036621094,434.6600036621094,434.6600036621094,99.0,434.6600036621094,434.6600036621094,434.6600036621094,434.6600036621094
2025-11-25T15:26:00Z,435.95001220703125,435.95001220703125,435.7699890136719,435.7699890136719,435.7699890136719,495.0,435.95001220703125,435.95001220703125,435.7699890136719,435.7699890136719
2025-11-25T15:27:00Z,436.510009765625,437.45001220703125,436.510009765625,437.45001220703125,437.45001220703125,110.0,436.510009765625,437.45001220703125,436.510009765625,437.45001220703125
2025-11-25T15:28:00Z,436.9200134277344,436.9200134277344,436.9200134277344,436.9200134277344,436.9200134277344,221.0,436.9200134277344,436.9200134277344,436.9200134277344,436.9200134277344
2025-11-25T15:30:00Z,437.45001220703125,437.45001220703125,437.45001220703125,437.45001220703125,437.45001220703125,195.0,437.45001220703125,437.45001220703125,437.45001220703125,437.45001220703125
2025-11-25T15:31:00Z,437.8800048828125,437.8949890136719,437.8800048828125,437.8949890136719,437.8949890136719,547.0,437.8800048828125,437.8949890136719,437.8800048828125,437.8949890136719
2025-11-25T15:32:00Z,438.0199890136719,438.0199890136719,438.0199890136719,438.0199890136719,438.0199890136719,211.0,438.0199890136719,438.0199890136719,438.0199890136719,438.0199890136719
2025-11-25T15:34:00Z,438.30999755859375,438.30999755859375,438.30999755859375,438.30999755859375,438.30999755859375,164.0,438.30999755859375,438.30999755859375,438.30999755859375,438.30999755859375
2025-11-25T15:36:00Z,438.79998779296875,438.9700012207031,438.3699951171875,438.3699951171875,438.3699951171875,1493.0,438.79998779296875,438.9700012207031,438.3699951171875,438.3699951171875
2025-11-25T15:37:00Z,438.9200134277344,438.989990234375,438.67999267578125,438.80499267578125,438.80499267578125,1362.0,438.9200134277344,438.989990234375,438.67999267578125,438.80499267578125
2025-11-25T15:38:00Z,438.79998779296875,439.79998779296875,438.79998779296875,439.79998779296875,439.79998779296875,6945.0,438.79998779296875,439.79998779296875,438.79998779296875,439.79998779296875
2025-11-25T15:39:00Z,440.2200012207031,440.2200012207031,438.5849914550781,438.739990234375,438.739990234375,981.0,440.2200012207031,440.2200012207031,438.5849914550781,438.739990234375
2025-11-25T15:41:00Z,438.29998779296875,440.4700012207031,438.29998779296875,440.4700012207031,440.4700012207031,783.0,438.29998779296875,440.4700012207031,438.29998779296875,440.4700012207031
2025-11-25T15:42:00Z,440.4700012207031,441.19000244140625,440.4700012207031,441.19000244140625,441.19000244140625,234.0,440.4700012207031,441.19000244140625,440.4700012207031,441.19000244140625
2025-11-25T15:43:00Z,440.69500732421875,440.69500732421875,440.69500732421875,440.69500732421875,440.69500732421875,194.0,440.69500732421875,440.69500732421875,440.69500732421875,440.69500732421875
2025-11-25T15:44:00Z,440.69500732421875,440.69500732421875,440.69500732421875,440.69500732421875,440.69500732421875,152.0,440.69500732421875,440.69500732421875,440.69500732421875,440.69500732421875
2025-11-25T15:45:00Z,441.3299865722656,441.3299865722656,441.3299865722656,441.3299865722656,441.3299865722656,209.0,441.3299865722656,441.3299865722656,441.3299865722656,441.3299865722656
2025-11-25T15:46:00Z,441.6000061035156,442.0,441.0950012207031,441.0950012207031,441.0950012207031,884.0,441.6000061035156,442.0,441.0950012207031,441.0950012207031
2025-11-25T15:47:00Z,441.3800048828125,441.3800048828125,441.3800048828125,441.3800048828125,441.3800048828125,110.0,441.3800048828125,441.3800048828125,441.3800048828125,441.3800048828125
2025-11-25T15:49:00Z,442.3399963378906,442.3399963378906,441.3800048828125,441.3800048828125,441.3800048828125,698.0,442.3399963378906,442.3399963378906,441.3800048828125,441.3800048828125
2025-11-25T15:51:00Z,439.75,439.8399963378906,439.55999755859375,439.55999755859375,439.55999755859375,321.0,439.75,439.8399963378906,439.55999755859375,439.55999755859375
2025-11-25T15:52:00Z,439.6000061035156,439.6000061035156,439.6000061035156,439.6000061035156,439.6000061035156,123.0,439.6000061035156,439.6000061035156,439.6000061035156,439.6000061035156
2025-11-25T15:53:00Z,440.1600036621094,440.3999938964844,439.1499938964844,439.1499938964844,439.1499938964844,669.0,440.1600036621094,440.3999938964844,439.1499938964844,439.1499938964844
2025-11-25T15:54:00Z,439.2200012207031,439.2200012207031,437.9100036621094,437.9100036621094,437.9100036621094,1422.0,439.2200012207031,439.2200012207031,437.9100036621094,437.9100036621094
2025-11-25T15:55:00Z,437.8599853515625,437.8599853515625,437.8599853515625,437.8599853515625,437.8599853515625,104.0,437.8599853515625,437.8599853515625,437.8599853515625,437.8599853515625
2025-11-25T15:56:00Z,437.8900146484375,437.8900146484375,436.9800109863281,436.9800109863281,436.9800109863281,414.0,437.8900146484375,437.8900146484375,436.9800109863281,436.9800109863281
2025-11-25T15:57:00Z,437.4599914550781,438.20001220703125,437.1700134277344,437.57000732421875,437.57000732421875,1241.0,437.4599914550781,438.20001220703125,437.1700134277344,437.57000732421875
2025-11-25T15:58:00Z,437.95001220703125,439.0899963378906,437.95001220703125,439.0899963378906,439.0899963378906,536.0,437.95001220703125,439.0899963378906,437.95001220703125,439.0899963378906
2025-11-25T15:59:00Z,439.9049987792969,439.9049987792969,438.1600036621094,438.9700012207031,438.9700012207031,683.0,439.9049987792969,439.9049987792969,438.1600036621094,438.9700012207031
2025-11-25T16:00:00Z,438.9800109863281,439.239990234375,438.79998779296875,438.8900146484375,438.8900146484375,896.0,438.9800109863281,439.239990234375,438.79998779296875,438.8900146484375
2025-11-25T16:02:00Z,438.30999755859375,438.30999755859375,438.17999267578125,438.17999267578125,438.17999267578125,497.0,438.30999755859375,438.30999755859375,438.17999267578125,438.17999267578125
2025-11-25T16:05:00Z,438.864990234375,438.864990234375,438.6499938964844,438.6499938964844,438.6499938964844,635.0,438.864990234375,438.864990234375,438.6499938964844,438.6499938964844
2025-11-25T16:07:00Z,438.79998779296875,438.864990234375,438.79998779296875,438.864990234375,438.864990234375,1356.0,438.79998779296875,438.864990234375,438.79998779296875,438.864990234375
2025-11-25T16:10:00Z,439.04998779296875,439.1700134277344,438.79998779296875,438.8324890136719,438.8324890136719,4749.0,439.04998779296875,439.1700134277344,438.79998779296875,438.8324890136719
2025-11-25T16:11:00Z,439.1650085449219,439.1650085449219,438.9825134277344,438.9825134277344,438.9825134277344,282.0,439.1650085449219,439.1650085449219,438.9825134277344,438.9825134277344
2025-11-25T16:12:00Z,438.9825134277344,438.9825134277344,438.9825134277344,438.9825134277344,438.9825134277344,209.0,438.9825134277344,438.9825134277344,438.9825134277344,438.9825134277344
2025-11-25T16:15:00Z,438.29998779296875,438.29998779296875,437.6400146484375,438.2699890136719,438.2699890136719,503.0,438.29998779296875,438.29998779296875,437.6400146484375,438.2699890136719
2025-11-25T16:16:00Z,438.7449951171875,438.7449951171875,438.7449951171875,438.7449951171875,438.7449951171875,287.0,438.7449951171875,438.7449951171875,438.7449951171875,438.7449951171875
2025-11-25T16:18:00Z,438.30999755859375,438.30999755859375,438.30999755859375,438.30999755859375,438.30999755859375,455.0,438.30999755859375,438.30999755859375,438.30999755859375,438.30999755859375
2025-11-25T16:22:00Z,438.8550109863281,439.8599853515625,438.79998779296875,438.8599853515625,438.8599853515625,5430.0,438.8550109863281,439.8599853515625,438.79998779296875,438.8599853515625
2025-11-25T16:23:00Z,438.7695007324219,439.7250061035156,438.75,439.3900146484375,439.3900146484375,969.0,438.7695007324219,439.7250061035156,438.75,439.3900146484375
2025-11-25T16:25:00Z,438.75,438.75,438.70001220703125,438.70001220703125,438.70001220703125,283.0,438.75,438.75,438.70001220703125,438.70001220703125
2025-11-25T16:26:00Z,438.0799865722656,438.0799865722656,438.0799865722656,438.0799865722656,438.0799865722656,219.0,438.0799865722656,438.0799865722656,438.0799865722656,438.0799865722656
2025-11-25T16:28:00Z,438.7099914550781,438.7099914550781,438.7099914550781,438.7099914550781,438.7099914550781,198.0,438.7099914550781,438.7099914550781,438.7099914550781,438.7099914550781
2025-11-25T16:29:00Z,438.7149963378906,438.7149963378906,438.7149963378906,438.7149963378906,438.7149963378906,115.0,438.7149963378906,438.7149963378906,438.7149963378906,438.7149963378906
2025-11-25T16:30:00Z,438.7349853515625,438.822509765625,438.7349853515625,438.7349853515625,438.7349853515625,311.0,438.7349853515625,438.822509765625,438.7349853515625,438.7349853515625
2025-11-25T16:31:00Z,438.7349853515625,440.3599853515625,438.7349853515625,439.82000732421875,439.82000732421875,1811.0,438.7349853515625,440.3599853515625,438.7349853515625,439.82000732421875
2025-11-25T16:35:00Z,439.8299865722656,439.8299865722656,439.8299865722656,439.8299865722656,439.8299865722656,183.0,439.8299865722656,439.8299865722656,439.8299865722656,439.8299865722656
2025-11-25T16:37:00Z,439.385009765625,439.385009765625,439.385009765625,439.385009765625,439.385009765625,91.0,439.385009765625,439.385009765625,439.385009765625,439.385009765625
2025-11-25T16:39:00Z,439.3800048828125,439.3800048828125,439.3800048828125,439.3800048828125,439.3800048828125,137.0,439.3800048828125,439.3800048828125,439.3800048828125,439.3800048828125
2025-11-25T16:42:00Z,439.385009765625,440.17999267578125,439.385009765625,440.17999267578125,440.17999267578125,209.0,439.385009765625,440.17999267578125,439.385009765625,440.17999267578125
2025-11-25T16:43:00Z,439.4700012207031,439.4700012207031,439.4700012207031,439.4700012207031,439.4700012207031,88.0,439.4700012207031,439.4700012207031,439.4700012207031,439.4700012207031
2025-11-25T16:44:00Z,439.4599914550781,439.4599914550781,439.4599914550781,439.4599914550781,439.4599914550781,587.0,439.4599914550781,439.4599914550781,439.4599914550781,439.4599914550781
2025-11-25T16:50:00Z,439.2699890136719,439.2699890136719,439.2699890136719,439.2699890136719,439.2699890136719,123.0,439.2699890136719,439.2699890136719,439.2699890136719,439.2699890136719
2025-11-25T16:51:00Z,439.9100036621094,439.9100036621094,439.2799987792969,439.2799987792969,439.2799987792969,415.0,439.9100036621094,439.9100036621094,439.2799987792969,439.2799987792969
2025-11-25T16:53:00Z,439.3699951171875,439.3800048828125,439.3699951171875,439.3800048828125,439.3800048828125,275.0,439.3699951171875,439.3800048828125,439.3699951171875,439.3800048828125
2025-11-25T16:54:00Z,439.5003967285156,439.5003967285156,439.2300109863281,439.2300109863281,439.2300109863281,638.0,439.5003967285156,439.5003967285156,439.2300109863281,439.2300109863281
2025-11-25T16:55:00Z,439.45001220703125,439.45001220703125,439.45001220703125,439.45001220703125,439.45001220703125,143.0,439.45001220703125,439.45001220703125,439.45001220703125,439.45001220703125
2025-11-25T16:56:00Z,439.0299987792969,439.07501220703125,439.0299987792969,439.07501220703125,439.07501220703125,337.0,439.0299987792969,439.07501220703125,439.0299987792969,439.07501220703125
2025-11-25T16:57:00Z,438.8299865722656,438.8299865722656,438.8299865722656,438.8299865722656,438.8299865722656,119.0,438.8299865722656,438.8299865722656,438.8299865722656,438.8299865722656
2025-11-25T16:58:00Z,439.6499938964844,439.69500732421875,439.0299987792969,439.0299987792969,439.0299987792969,746.0,439.6499938964844,439.69500732421875,439.0299987792969,439.0299987792969
2025-11-25T16:59:00Z,439.7200012207031,439.7200012207031,439.7200012207031,439.7200012207031,439.7200012207031,135.0,439.7200012207031,439.7200012207031,439.7200012207031,439.7200012207031
2025-11-25T17:00:00Z,439.7200012207031,439.7200012207031,439.7200012207031,439.7200012207031,439.7200012207031,132.0,439.7200012207031,439.7200012207031,439.7200012207031,439.7200012207031
2025-11-25T17:01:00Z,439.7200012207031,439.7200012207031,439.7200012207031,439.7200012207031,439.7200012207031,56.0,439.7200012207031,439.7200012207031,439.7200012207031,439.7200012207031
2025-11-25T17:02:00Z,439.7200012207031,439.7200012207031,439.7200012207031,439.7200012207031,439.7200012207031,445.0,439.7200012207031,439.7200012207031,439.7200012207031,439.7200012207031
2025-11-25T17:07:00Z,439.239990234375,439.239990234375,439.239990234375,439.239990234375,439.239990234375,110.0,439.239990234375,439.239990234375,439.239990234375,439.239990234375
2025-11-25T17:08:00Z,439.8550109863281,439.8550109863281,439.8550109863281,439.8550109863281,439.8550109863281,147.0,439.8550109863281,439.8550109863281,439.8550109863281,439.8550109863281
2025-11-25T17:09:00Z,440.0,440.0,440.0,440.0,440.0,83.0,440.0,440.0,440.0,440.0
2025-11-25T17:10:00Z,440.1700134277344,440.5299987792969,439.7149963378906,440.5299987792969,440.5299987792969,3989.0,440.1700134277344,440.5299987792969,439.7149963378906,440.5299987792969
2025-11-25T17:11:00Z,440.69000244140625,440.8800048828125,440.69000244140625,440.8800048828125,440.8800048828125,415.0,440.69000244140625,440.8800048828125,440.69000244140625,440.8800048828125
2025-11-25T17:12:00Z,440.7099914550781,440.7099914550781,440.2149963378906,440.2149963378906,440.2149963378906,785.0,440.7099914550781,440.7099914550781,440.2149963378906,440.2149963378906
2025-11-25T17:13:00Z,440.0,440.2200012207031,439.75,440.17999267578125,440.17999267578125,4650.0,440.0,440.2200012207031,439.75,440.17999267578125
2025-11-25T17:15:00Z,440.4967041015625,440.4967041015625,440.4967041015625,440.4967041015625,440.4967041015625,152.0,440.4967041015625,440.4967041015625,440.4967041015625,440.4967041015625
2025-11-25T17:17:00Z,440.7699890136719,441.1700134277344,440.70001220703125,440.885009765625,440.885009765625,1537.0,440.7699890136719,441.1700134277344,440.70001220703125,440.885009765625
2025-11-25T17:18:00Z,440.8349914550781,440.8399963378906,440.8349914550781,440.8399963378906,440.8399963378906,161.0,440.8349914550781,440.8399963378906,440.8349914550781,440.8399963378906
2025-11-25T17:19:00Z,440.8550109863281,440.8550109863281,440.8550109863281,440.8550109863281,440.8550109863281,271.0,440.8550109863281,440.8550109863281,440.8550109863281,440.8550109863281
2025-11-25T17:21:00Z,440.80499267578125,440.80499267578125,440.80499267578125,440.80499267578125,440.80499267578125,175.0,440.80499267578125,440.80499267578125,440.80499267578125,440.80499267578125
2025-11-25T17:22:00Z,440.8299865722656,440.8299865722656,440.8299865722656,440.8299865722656,440.8299865722656,66.0,440.8299865722656,440.8299865722656,440.8299865722656,440.8299865722656
2025-11-25T17:23:00Z,440.8399963378906,440.8399963378906,440.8399963378906,440.8399963378906,440.8399963378906,176.0,440.8399963378906,440.8399963378906,440.8399963378906,440.8399963378906
2025-11-25T17:26:00Z,440.8900146484375,440.8900146484375,440.8900146484375,440.8900146484375,440.8900146484375,401.0,440.8900146484375,440.8900146484375,440.8900146484375,440.8900146484375
2025-11-25T17:27:00Z,440.3299865722656,440.3299865722656,440.3299865722656,440.3299865722656,440.3299865722656,514.0,440.3299865722656,440.3299865722656,440.3299865722656,440.3299865722656
2025-11-25T17:33:00Z,441.17999267578125,441.2200012207031,440.4700012207031,441.2200012207031,441.2200012207031,2609.0,441.17999267578125,441.2200012207031,440.4700012207031,441.2200012207031
2025-11-25T17:34:00Z,441.4200134277344,441.45001220703125,440.8299865722656,440.8299865722656,440.8299865722656,415.0,441.4200134277344,441.45001220703125,440.8299865722656,440.8299865722656
2025-11-25T17:36:00Z,442.0791931152344,442.0791931152344,440.7650146484375,440.7650146484375,440.7650146484375,279.0,442.0791931152344,442.0791931152344,440.7650146484375,440.7650146484375
2025-11-25T17:37:00Z,440.1000061035156,441.3550109863281,440.1000061035156,441.3550109863281,441.3550109863281,392.0,440.1000061035156,441.3550109863281,440.1000061035156,441.3550109863281
2025-11-25T17:40:00Z,440.7099914550781,441.2799987792969,440.7099914550781,441.2799987792969,441.2799987792969,177.0,440.7099914550781,441.2799987792969,440.7099914550781,441.2799987792969
2025-11-25T17:41:00Z,441.4649963378906,441.4649963378906,441.4649963378906,441.4649963378906,441.4649963378906,190.0,441.4649963378906,441.4649963378906,441.4649963378906,441.4649963378906
2025-11-25T17:42:00Z,441.4750061035156,441.4750061035156,441.4750061035156,441.4750061035156,441.4750061035156,285.0,441.4750061035156,441.4750061035156,441.4750061035156,441.4750061035156
2025-11-25T17:43:00Z,441.00250244140625,441.00250244140625,441.00250244140625,441.00250244140625,441.00250244140625,126.0,441.00250244140625,441.00250244140625,441.00250244140625,441.00250244140625
2025-11-25T17:44:00Z,441.3974914550781,442.75,440.6099853515625,442.75,442.75,158.0,441.3974914550781,442.75,440.6099853515625,442.75
2025-11-25T17:45:00Z,441.239990234375,441.4100036621094,440.75,440.75,440.75,742.0,441.239990234375,441.4100036621094,440.75,440.75
2025-11-25T17:52:00Z,441.1000061035156,441.1000061035156,440.4700012207031,440.4700012207031,440.4700012207031,473.0,441.1000061035156,441.1000061035156,440.4700012207031,440.4700012207031
2025-11-25T17:53:00Z,441.1499938964844,441.1499938964844,441.1499938964844,441.1499938964844,441.1499938964844,145.0,441.1499938964844,441.1499938964844,441.1499938964844,441.1499938964844
2025-11-25T17:55:00Z,441.1971130371094,441.1971130371094,440.54998779296875,440.9375,440.9375,1622.0,441.1971130371094,441.1971130371094,440.54998779296875,440.9375
2025-11-25T17:56:00Z,440.70001220703125,440.8800048828125,440.70001220703125,440.8800048828125,440.8800048828125,299.0,440.70001220703125,440.8800048828125,440.70001220703125,440.8800048828125
2025-11-25T17:57:00Z,440.8900146484375,440.8900146484375,440.54998779296875,440.54998779296875,440.54998779296875,456.0,440.8900146484375,440.8900146484375,440.54998779296875,440.54998779296875
2025-11-25T18:00:00Z,440.20001220703125,440.20001220703125,440.114990234375,440.1300048828125,440.1300048828125,999.0,440.20001220703125,440.20001220703125,440.114990234375,440.1300048828125
2025-11-25T18:01:00Z,440.3999938964844,440.3999938964844,440.3999938964844,440.3999938964844,440.3999938964844,193.0,440.3999938964844,440.3999938964844,440.3999938964844,440.3999938964844
2025-11-25T18:02:00Z,440.4599914550781,440.4599914550781,439.9849853515625,440.3949890136719,440.3949890136719,1433.0,440.4599914550781,440.4599914550781,439.9849853515625,440.3949890136719
2025-11-25T18:03:00Z,440.3949890136719,440.3949890136719,440.3949890136719,440.3949890136719,440.3949890136719,138.0,440.3949890136719,440.3949890136719,440.3949890136719,440.3949890136719
2025-11-25T18:04:00Z,440.3949890136719,440.3949890136719,440.3949890136719,440.3949890136719,440.3949890136719,377.0,440.3949890136719,440.3949890136719,440.3949890136719,440.3949890136719
2025-11-25T18:05:00Z,440.1600036621094,440.1600036621094,440.1600036621094,440.1600036621094,440.1600036621094,399.0,440.1600036621094,440.1600036621094,440.1600036621094,440.1600036621094
2025-11-25T18:08:00Z,439.9849853515625,439.9849853515625,439.9849853515625,439.9849853515625,439.9849853515625,103.0,439.9849853515625,439.9849853515625,439.9849853515625,439.9849853515625
2025-11-25T18:09:00Z,440.4700012207031,440.7799987792969,440.0400085449219,440.7799987792969,440.7799987792969,658.0,440.4700012207031,440.7799987792969,440.0400085449219,440.7799987792969
2025-11-25T18:10:00Z,440.5899963378906,440.5899963378906,440.5899963378906,440.5899963378906,440.5899963378906,234.0,440.5899963378906,440.5899963378906,440.5899963378906,440.5899963378906
2025-11-25T18:11:00Z,440.739990234375,440.75,440.7200012207031,440.7200012207031,440.7200012207031,442.0,440.739990234375,440.75,440.7200012207031,440.7200012207031
2025-11-25T18:13:00Z,441.1600036621094,441.1600036621094,440.4049987792969,440.9599914550781,440.9599914550781,571.0,441.1600036621094,441.1600036621094,440.4049987792969,440.9599914550781
2025-11-25T18:14:00Z,440.9599914550781,440.9599914550781,440.9549865722656,440.9599914550781,440.9599914550781,583.0,440.9599914550781,440.9599914550781,440.9549865722656,440.9599914550781
2025-11-25T18:15:00Z,440.6700134277344,440.6700134277344,440.6700134277344,440.6700134277344,440.6700134277344,153.0,440.6700134277344,440.6700134277344,440.6700134277344,440.6700134277344
2025-11-25T18:18:00Z,440.9599914550781,440.9599914550781,440.9599914550781,440.9599914550781,440.9599914550781,145.0,440.9599914550781,440.9599914550781,440.9599914550781,440.9599914550781
2025-11-25T18:19:00Z,441.0,441.0,441.0,441.0,441.0,110.0,441.0,441.0,441.0,441.0
2025-11-25T18:20:00Z,441.0350036621094,441.0350036621094,440.9599914550781,440.9599914550781,440.9599914550781,267.0,441.0350036621094,441.0350036621094,440.9599914550781,440.9599914550781
2025-11-25T18:21:00Z,440.95001220703125,440.95001220703125,440.95001220703125,440.95001220703125,440.95001220703125,216.0,440.95001220703125,440.95001220703125,440.95001220703125,440.95001220703125
2025-11-25T18:25:00Z,441.0,441.0050048828125,440.79998779296875,441.0,441.0,1302.0,441.0,441.0050048828125,440.79998779296875,441.0
2025-11-25T18:26:00Z,440.9599914550781,440.9599914550781,440.9599914550781,440.9599914550781,440.9599914550781,124.0,440.9599914550781,440.9599914550781,440.9599914550781,440.9599914550781
2025-11-25T18:28:00Z,441.0,441.0,441.0,441.0,441.0,451.0,441.0,441.0,441.0,441.0
2025-11-25T18:32:00Z,440.9599914550781,440.9599914550781,440.9599914550781,440.9599914550781,440.9599914550781,252.0,440.9599914550781,440.9599914550781,440.9599914550781,440.9599914550781
2025-11-25T18:36:00Z,440.5950012207031,440.5950012207031,440.5950012207031,440.5950012207031,440.5950012207031,215.0,440.5950012207031,440.5950012207031,440.5950012207031,440.5950012207031
2025-11-25T18:38:00Z,441.00750732421875,441.00750732421875,441.00750732421875,441.00750732421875,441.00750732421875,98.0,441.00750732421875,441.00750732421875,441.00750732421875,441.00750732421875
2025-11-25T18:39:00Z,440.93450927734375,440.93450927734375,440.93450927734375,440.93450927734375,440.93450927734375,82.0,440.93450927734375,440.93450927734375,440.93450927734375,440.93450927734375
2025-11-25T18:40:00Z,440.55999755859375,440.55999755859375,440.3599853515625,440.5150146484375,440.5150146484375,770.0,440.55999755859375,440.55999755859375,440.3599853515625,440.5150146484375
2025-11-25T18:45:00Z,440.8200988769531,440.8200988769531,440.6700134277344,440.6700134277344,440.6700134277344,948.0,440.8200988769531,440.8200988769531,440.6700134277344,440.6700134277344
2025-11-25T18:47:00Z,440.7449951171875,440.7449951171875,440.4700012207031,440.4700012207031,440.4700012207031,1226.0,440.7449951171875,440.7449951171875,440.4700012207031,440.4700012207031
2025-11-25T18:48:00Z,440.7449951171875,440.7449951171875,440.7449951171875,440.7449951171875,440.7449951171875,325.0,440.7449951171875,440.7449951171875,440.7449951171875,440.7449951171875
2025-11-25T18:49:00Z,440.260009765625,440.51251220703125,440.260009765625,440.51251220703125,440.51251220703125,1552.0,440.260009765625,440.51251220703125,440.260009765625,440.51251220703125
2025-11-25T18:50:00Z,440.989990234375,441.2799987792969,440.5299987792969,440.69000244140625,440.69000244140625,2729.0,440.989990234375,441.2799987792969,440.5299987792969,440.69000244140625
2025-11-25T18:52:00Z,440.7200012207031,440.7200012207031,440.7200012207031,440.7200012207031,440.7200012207031,174.0,440.7200012207031,440.7200012207031,440.7200012207031,440.7200012207031
2025-11-25T18:53:00Z,441.04998779296875,441.8450012207031,441.04998779296875,441.3399963378906,441.3399963378906,1687.0,441.04998779296875,441.8450012207031,441.04998779296875,441.3399963378906
2025-11-25T18:56:00Z,440.80999755859375,440.80999755859375,440.80999755859375,440.80999755859375,440.80999755859375,50.0,440.80999755859375,440.80999755859375,440.80999755859375,440.80999755859375
2025-11-25T18:57:00Z,440.6199951171875,440.6199951171875,440.6199951171875,440.6199951171875,440.6199951171875,141.0,440.6199951171875,440.6199951171875,440.6199951171875,440.6199951171875
2025-11-25T18:58:00Z,440.70001220703125,441.20001220703125,440.70001220703125,441.20001220703125,441.20001220703125,273.0,440.70001220703125,441.20001220703125,440.70001220703125,441.20001220703125
2025-11-25T18:59:00Z,440.9700012207031,441.3450012207031,440.2900085449219,440.2900085449219,440.2900085449219,291.0,440.9700012207031,441.3450012207031,440.2900085449219,440.2900085449219
2025-11-25T19:00:00Z,441.2300109863281,441.7950134277344,441.2300109863281,441.7950134277344,441.7950134277344,145.0,441.2300109863281,441.7950134277344,441.2300109863281,441.7950134277344
2025-11-25T19:01:00Z,441.4200134277344,441.4200134277344,440.67999267578125,440.67999267578125,440.67999267578125,1039.0,441.4200134277344,441.4200134277344,440.67999267578125,440.67999267578125
2025-11-25T19:02:00Z,440.9750061035156,440.9750061035156,440.9750061035156,440.9750061035156,440.9750061035156,91.0,440.9750061035156,440.9750061035156,440.9750061035156,440.9750061035156
2025-11-25T19:03:00Z,441.1600036621094,441.1600036621094,440.9200134277344,441.1000061035156,441.1000061035156,567.0,441.1600036621094,441.1600036621094,440.9200134277344,441.1000061035156
2025-11-25T19:04:00Z,441.57000732421875,441.6099853515625,441.19500732421875,441.2699890136719,441.2699890136719,521.0,441.57000732421875,441.6099853515625,441.19500732421875,441.2699890136719
2025-11-25T19:05:00Z,441.8599853515625,441.8599853515625,441.80999755859375,441.8599853515625,441.8599853515625,618.0,441.8599853515625,441.8599853515625,441.80999755859375,441.8599853515625
2025-11-25T19:07:00Z,441.8500061035156,441.8500061035156,441.8500061035156,441.8500061035156,441.8500061035156,108.0,441.8500061035156,441.8500061035156,441.8500061035156,441.8500061035156
2025-11-25T19:08:00Z,441.260009765625,441.5899963378906,440.6499938964844,441.2049865722656,441.2049865722656,3927.0,441.260009765625,441.5899963378906,440.6499938964844,441.2049865722656
2025-11-25T19:09:00Z,441.30999755859375,441.30999755859375,441.2799987792969,441.2799987792969,441.2799987792969,455.0,441.30999755859375,441.30999755859375,441.2799987792969,441.2799987792969
2025-11-25T19:10:00Z,441.6700134277344,442.1300048828125,441.1000061035156,441.29998779296875,441.29998779296875,12677.0,441.6700134277344,442.1300048828125,441.1000061035156,441.29998779296875
2025-11-25T19:11:00Z,441.5249938964844,441.5249938964844,441.5249938964844,441.5249938964844,441.5249938964844,435.0,441.5249938964844,441.5249938964844,441.5249938964844,441.5249938964844
2025-11-25T19:12:00Z,441.5199890136719,441.5199890136719,441.5199890136719,441.5199890136719,441.5199890136719,504.0,441.5199890136719,441.5199890136719,441.5199890136719,441.5199890136719
2025-11-25T19:14:00Z,441.94000244140625,442.44000244140625,441.94000244140625,442.44000244140625,442.44000244140625,662.0,441.94000244140625,442.44000244140625,441.94000244140625,442.44000244140625
2025-11-25T19:15:00Z,442.4150085449219,442.4150085449219,442.4150085449219,442.4150085449219,442.4150085449219,135.0,442.4150085449219,442.4150085449219,442.4150085449219,442.4150085449219
2025-11-25T19:16:00Z,442.1700134277344,442.30499267578125,442.1700134277344,442.30499267578125,442.30499267578125,593.0,442.1700134277344,442.30499267578125,442.1700134277344,442.30499267578125
2025-11-25T19:17:00Z,442.4800109863281,442.6199951171875,442.4800109863281,442.6199951171875,442.6199951171875,148.0,442.4800109863281,442.6199951171875,442.4800109863281,442.6199951171875
2025-11-25T19:19:00Z,442.43499755859375,442.43499755859375,442.43499755859375,442.43499755859375,442.43499755859375,103.0,442.43499755859375,442.43499755859375,442.43499755859375,442.43499755859375
2025-11-25T19:20:00Z,442.6400146484375,442.6400146484375,442.6400146484375,442.6400146484375,442.6400146484375,56.0,442.6400146484375,442.6400146484375,442.6400146484375,442.6400146484375
2025-11-25T19:21:00Z,442.54998779296875,442.6099853515625,442.4049987792969,442.4049987792969,442.4049987792969,244.0,442.54998779296875,442.6099853515625,442.4049987792969,442.4049987792969
2025-11-25T19:22:00Z,442.5799865722656,442.8075866699219,442.4100036621094,442.4100036621094,442.4100036621094,677.0,442.5799865722656,442.8075866699219,442.4100036621094,442.4100036621094
2025-11-25T19:23:00Z,442.0,442.0,442.0,442.0,442.0,199.0,442.0,442.0,442.0,442.0
2025-11-25T19:24:00Z,442.2099914550781,442.2099914550781,442.2099914550781,442.2099914550781,442.2099914550781,164.0,442.2099914550781,442.2099914550781,442.2099914550781,442.2099914550781
2025-11-25T19:25:00Z,442.3900146484375,442.3900146484375,442.3900146484375,442.3900146484375,442.3900146484375,184.0,442.3900146484375,442.3900146484375,442.3900146484375,442.3900146484375
2025-11-25T19:27:00Z,442.694091796875,442.694091796875,442.694091796875,442.694091796875,442.694091796875,727.0,442.694091796875,442.694091796875,442.694091796875,442.694091796875
2025-11-25T19:32:00Z,442.8800048828125,442.8800048828125,442.8800048828125,442.8800048828125,442.8800048828125,1085.0,442.8800048828125,442.8800048828125,442.8800048828125,442.8800048828125
2025-11-25T19:40:00Z,442.6099853515625,442.6099853515625,442.6099853515625,442.6099853515625,442.6099853515625,46.0,442.6099853515625,442.6099853515625,442.6099853515625,442.6099853515625
2025-11-25T19:41:00Z,442.6400146484375,442.6400146484375,442.6400146484375,442.6400146484375,442.6400146484375,137.0,442.6400146484375,442.6400146484375,442.6400146484375,442.6400146484375
2025-11-25T19:42:00Z,442.5400085449219,442.7699890136719,442.5400085449219,442.7699890136719,442.7699890136719,282.0,442.5400085449219,442.7699890136719,442.5400085449219,442.7699890136719
2025-11-25T19:43:00Z,443.0,443.0,443.0,443.0,443.0,717.0,443.0,443.0,443.0,443.0
2025-11-25T19:44:00Z,443.0474853515625,443.0474853515625,443.0450134277344,443.0450134277344,443.0450134277344,263.0,443.0474853515625,443.0474853515625,443.0450134277344,443.0450134277344
2025-11-25T19:45:00Z,443.0,443.0,442.9093017578125,443.0,443.0,469.0,443.0,443.0,442.9093017578125,443.0
2025-11-25T19:47:00Z,443.3399963378906,443.3399963378906,443.30999755859375,443.30999755859375,443.30999755859375,560.0,443.3399963378906,443.3399963378906,443.30999755859375,443.30999755859375
2025-11-25T19:48:00Z,443.2799987792969,443.2799987792969,443.2799987792969,443.2799987792969,443.2799987792969,98.0,443.2799987792969,443.2799987792969,443.2799987792969,443.2799987792969
2025-11-25T19:49:00Z,443.42999267578125,443.6700134277344,443.3999938964844,443.5899963378906,443.5899963378906,1310.0,443.42999267578125,443.6700134277344,443.3999938964844,443.5899963378906
2025-11-25T19:50:00Z,443.7160949707031,444.20001220703125,443.6700134277344,443.6700134277344,443.6700134277344,411.0,443.7160949707031,444.20001220703125,443.6700134277344,443.6700134277344
2025-11-25T19:52:00Z,444.20001220703125,444.20001220703125,444.04998779296875,444.04998779296875,444.04998779296875,306.0,444.20001220703125,444.20001220703125,444.04998779296875,444.04998779296875
2025-11-25T19:54:00Z,444.1499938964844,444.6700134277344,444.1499938964844,444.6700134277344,444.6700134277344,576.0,444.1499938964844,444.6700134277344,444.1499938964844,444.6700134277344
2025-11-25T19:55:00Z,444.4549865722656,444.4549865722656,444.4549865722656,444.4549865722656,444.4549865722656,136.0,444.4549865722656,444.4549865722656,444.4549865722656,444.4549865722656
2025-11-25T19:56:00Z,444.4599914550781,444.7200012207031,444.4599914550781,444.7200012207031,444.7200012207031,518.0,444.4599914550781,444.7200012207031,444.4599914550781,444.7200012207031
2025-11-25T20:00:00Z,445.6499938964844,445.6499938964844,444.8500061035156,444.8500061035156,444.8500061035156,471.0,445.6499938964844,445.6499938964844,444.8500061035156,444.8500061035156
2025-11-25T20:02:00Z,444.95001220703125,444.95001220703125,444.95001220703125,444.95001220703125,444.95001220703125,364.0,444.95001220703125,444.95001220703125,444.95001220703125,444.95001220703125
2025-11-25T20:05:00Z,444.95001220703125,445.0,444.95001220703125,445.0,445.0,527.0,444.95001220703125,445.0,444.95001220703125,445.0
2025-11-25T20:07:00Z,445.6499938964844,445.6499938964844,445.6300048828125,445.6300048828125,445.6300048828125,498.0,445.6499938964844,445.6499938964844,445.6300048828125,445.6300048828125
2025-11-25T20:08:00Z,446.0400085449219,446.0400085449219,446.0400085449219,446.0400085449219,446.0400085449219,123.0,446.0400085449219,446.0400085449219,446.0400085449219,446.0400085449219
2025-11-25T20:09:00Z,445.80999755859375,445.80999755859375,445.80999755859375,445.80999755859375,445.80999755859375,169.0,445.80999755859375,445.80999755859375,445.80999755859375,445.80999755859375
2025-11-25T20:10:00Z,445.45001220703125,445.45001220703125,445.2900085449219,445.2900085449219,445.2900085449219,702.0,445.45001220703125,445.45001220703125,445.2900085449219,445.2900085449219
2025-11-25T20:14:00Z,445.2900085449219,445.32000732421875,445.2900085449219,445.32000732421875,445.32000732421875,278.0,445.2900085449219,445.32000732421875,445.2900085449219,445.32000732421875
2025-11-25T20:17:00Z,446.25,446.25,446.25,446.25,446.25,1207.0,446.25,446.25,446.25,446.25
2025-11-25T20:18:00Z,446.4100036621094,446.4100036621094,446.4100036621094,446.4100036621094,446.4100036621094,92.0,446.4100036621094,446.4100036621094,446.4100036621094,446.4100036621094
2025-11-25T20:19:00Z,446.4599914550781,446.4599914550781,446.4599914550781,446.4599914550781,446.4599914550781,135.0,446.4599914550781,446.4599914550781,446.4599914550781,446.4599914550781
2025-11-25T20:20:00Z,446.5299987792969,446.5299987792969,446.5299987792969,446.5299987792969,446.5299987792969,147.0,446.5299987792969,446.5299987792969,446.5299987792969,446.5299987792969
2025-11-25T20:21:00Z,446.010009765625,446.4779968261719,446.010009765625,446.4779968261719,446.4779968261719,419.0,446.010009765625,446.4779968261719,446.010009765625,446.4779968261719
2025-11-25T20:22:00Z,446.6499938964844,446.6499938964844,446.4024963378906,446.4024963378906,446.4024963378906,192.0,446.6499938964844,446.6499938964844,446.4024963378906,446.4024963378906
2025-11-25T20:23:00Z,446.75,446.75,446.5799865722656,446.70001220703125,446.70001220703125,630.0,446.75,446.75,446.5799865722656,446.70001220703125
2025-11-25T20:24:00Z,446.9700012207031,446.9700012207031,446.7550048828125,446.7550048828125,446.7550048828125,590.0,446.9700012207031,446.9700012207031,446.7550048828125,446.7550048828125
2025-11-25T20:27:00Z,447.1400146484375,447.260009765625,446.860107421875,447.260009765625,447.260009765625,906.0,447.1400146484375,447.260009765625,446.860107421875,447.260009765625
2025-11-25T20:28:00Z,447.3599853515625,447.4100036621094,447.3599853515625,447.4100036621094,447.4100036621094,644.0,447.3599853515625,447.4100036621094,447.3599853515625,447.4100036621094
2025-11-25T20:30:00Z,447.9200134277344,447.9200134277344,447.9200134277344,447.9200134277344,447.9200134277344,144.0,447.9200134277344,447.9200134277344,447.9200134277344,447.9200134277344
2025-11-25T20:31:00Z,447.8900146484375,447.8900146484375,447.7799987792969,447.8299865722656,447.8299865722656,412.0,447.8900146484375,447.8900146484375,447.7799987792969,447.8299865722656
2025-11-25T20:32:00Z,447.93499755859375,448.44000244140625,447.93499755859375,448.44000244140625,448.44000244140625,339.0,447.93499755859375,448.44000244140625,447.93499755859375,448.44000244140625
2025-11-25T20:33:00Z,448.3800048828125,448.42999267578125,448.3800048828125,448.42999267578125,448.42999267578125,572.0,448.3800048828125,448.42999267578125,448.3800048828125,448.42999267578125
2025-11-25T20:34:00Z,447.94000244140625,448.0450134277344,447.7099914550781,447.739990234375,447.739990234375,1086.0,447.94000244140625,448.0450134277344,447.7099914550781,447.739990234375
2025-11-25T20:35:00Z,447.9750061035156,448.1310119628906,447.9750061035156,448.1310119628906,448.1310119628906,269.0,447.9750061035156,448.1310119628906,447.9750061035156,448.1310119628906
2025-11-25T20:36:00Z,447.93499755859375,448.29998779296875,447.93499755859375,448.2799987792969,448.2799987792969,973.0,447.93499755859375,448.29998779296875,447.93499755859375,448.2799987792969
2025-11-25T20:37:00Z,448.1499938964844,448.79998779296875,448.1499938964844,448.70001220703125,448.70001220703125,698.0,448.1499938964844,448.79998779296875,448.1499938964844,448.70001220703125
2025-11-25T20:38:00Z,448.9100036621094,448.9100036621094,448.7099914550781,448.7099914550781,448.7099914550781,267.0,448.9100036621094,448.9100036621094,448.7099914550781,448.7099914550781
2025-11-25T20:39:00Z,448.87799072265625,448.87799072265625,448.7699890136719,448.7699890136719,448.7699890136719,446.0,448.87799072265625,448.87799072265625,448.7699890136719,448.7699890136719
2025-11-25T20:40:00Z,448.9100036621094,448.92999267578125,448.7149963378906,448.7149963378906,448.7149963378906,659.0,448.9100036621094,448.92999267578125,448.7149963378906,448.7149963378906
2025-11-25T20:41:00Z,448.7149963378906,448.8399963378906,448.20001220703125,448.3424987792969,448.3424987792969,2165.0,448.7149963378906,448.8399963378906,448.20001220703125,448.3424987792969
2025-11-25T20:42:00Z,448.1099853515625,448.1400146484375,448.1099853515625,448.1400146484375,448.1400146484375,801.0,448.1099853515625,448.1400146484375,448.1099853515625,448.1400146484375
2025-11-25T20:43:00Z,448.2025146484375,448.4410095214844,448.20001220703125,448.4410095214844,448.4410095214844,554.0,448.2025146484375,448.4410095214844,448.20001220703125,448.4410095214844
2025-11-25T20:44:00Z,448.4700012207031,448.864990234375,448.4700012207031,448.7099914550781,448.7099914550781,643.0,448.4700012207031,448.864990234375,448.4700012207031,448.7099914550781
2025-11-25T20:45:00Z,448.5199890136719,448.5199890136719,448.5199890136719,448.5199890136719,448.5199890136719,230.0,448.5199890136719,448.5199890136719,448.5199890136719,448.5199890136719
2025-11-25T20:46:00Z,448.8299865722656,449.2099914550781,448.67498779296875,449.2099914550781,449.2099914550781,1785.0,448.8299865722656,449.2099914550781,448.67498779296875,449.2099914550781
2025-11-25T20:47:00Z,449.30999755859375,449.30999755859375,448.3900146484375,448.77398681640625,448.77398681640625,2448.0,449.30999755859375,449.30999755859375,448.3900146484375,448.77398681640625
2025-11-25T20:48:00Z,448.5199890136719,448.7699890136719,448.5199890136719,448.7699890136719,448.7699890136719,368.0,448.5199890136719,448.7699890136719,448.5199890136719,448.7699890136719
2025-11-25T20:49:00Z,448.6199951171875,448.8299865722656,447.79998779296875,447.79998779296875,447.79998779296875,3202.0,448.6199951171875,448.8299865722656,447.79998779296875,447.79998779296875
2025-11-25T20:50:00Z,447.7149963378906,447.9599914550781,447.4150085449219,447.4150085449219,447.4150085449219,629.0,447.7149963378906,447.9599914550781,447.4150085449219,447.4150085449219
2025-11-25T20:51:00Z,447.4150085449219,447.4150085449219,447.4150085449219,447.4150085449219,447.4150085449219,255.0,447.4150085449219,447.4150085449219,447.4150085449219,447.4150085449219
2025-11-25T20:52:00Z,447.82000732421875,447.8349914550781,447.3399963378906,447.3550109863281,447.3550109863281,1215.0,447.82000732421875,447.8349914550781,447.3399963378906,447.3550109863281
2025-11-25T20:53:00Z,447.92999267578125,448.1400146484375,447.7550048828125,447.8550109863281,447.8550109863281,2317.0,447.92999267578125,448.1400146484375,447.7550048828125,447.8550109863281
2025-11-25T20:54:00Z,448.2900085449219,448.2900085449219,448.0249938964844,448.2799987792969,448.2799987792969,535.0,448.2900085449219,448.2900085449219,448.0249938964844,448.2799987792969
2025-11-25T20:55:00Z,448.2799987792969,448.6400146484375,448.1499938964844,448.510009765625,448.510009765625,2768.0,448.2799987792969,448.6400146484375,448.1499938964844,448.510009765625
2025-11-25T20:56:00Z,448.7300109863281,448.75,448.0799865722656,448.375,448.375,2909.0,448.7300109863281,448.75,448.0799865722656,448.375
2025-11-25T20:57:00Z,448.2799987792969,448.489990234375,447.3399963378906,447.3399963378906,447.3399963378906,5404.0,448.2799987792969,448.489990234375,447.3399963378906,447.3399963378906
2025-11-25T20:58:00Z,447.2900085449219,447.2900085449219,446.6199951171875,446.6199951171875,446.6199951171875,4466.0,447.2900085449219,447.2900085449219,446.6199951171875,446.6199951171875
2025-11-25T20:59:00Z,446.5199890136719,447.3399963378906,446.5199890136719,447.3399963378906,447.3399963378906,7317.0,446.5199890136719,447.3399963378906,446.5199890136719,447.3399963378906
2025-11-26T14:30:00Z,443.3399963378906,444.2099914550781,443.3399963378906,444.18499755859375,444.18499755859375,2298.0,443.3399963378906,444.2099914550781,443.3399963378906,444.18499755859375
2025-11-26T14:35:00Z,444.6700134277344,444.6700134277344,444.6700134277344,444.6700134277344,444.6700134277344,178.0,444.6700134277344,444.6700134277344,444.6700134277344,444.6700134277344
2025-11-26T14:39:00Z,445.0299987792969,445.07000732421875,445.0299987792969,445.07000732421875,445.07000732421875,284.0,445.0299987792969,445.07000732421875,445.0299987792969,445.07000732421875
2025-11-26T14:40:00Z,445.0299987792969,445.0299987792969,444.42999267578125,444.42999267578125,444.42999267578125,561.0,445.0299987792969,445.0299987792969,444.42999267578125,444.42999267578125
2025-11-26T14:42:00Z,445.0849914550781,445.0849914550781,445.0400085449219,445.0400085449219,445.0400085449219,199.0,445.0849914550781,445.0849914550781,445.0400085449219,445.0400085449219
2025-11-26T14:45:00Z,445.0299987792969,445.0299987792969,445.0299987792969,445.0299987792969,445.0299987792969,59.0,445.0299987792969,445.0299987792969,445.0299987792969,445.0299987792969
2025-11-26T14:46:00Z,445.0299987792969,445.2449951171875,444.9800109863281,445.0299987792969,445.0299987792969,3272.0,445.0299987792969,445.2449951171875,444.9800109863281,445.0299987792969
2025-11-26T14:47:00Z,445.0299987792969,445.0299987792969,445.0299987792969,445.0299987792969,445.0299987792969,536.0,445.0299987792969,445.0299987792969,445.0299987792969,445.0299987792969
2025-11-26T14:50:00Z,445.67498779296875,445.67498779296875,445.67498779296875,445.67498779296875,445.67498779296875,95.0,445.67498779296875,445.67498779296875,445.67498779296875,445.67498779296875
2025-11-26T14:55:00Z,445.3399963378906,445.3399963378906,445.3399963378906,445.3399963378906,445.3399963378906,141.0,445.3399963378906,445.3399963378906,445.3399963378906,445.3399963378906
2025-11-26T14:57:00Z,445.6300048828125,445.7449951171875,445.260009765625,445.7449951171875,445.7449951171875,697.0,445.6300048828125,445.7449951171875,445.260009765625,445.7449951171875
2025-11-26T14:59:00Z,445.3800048828125,445.3800048828125,445.3800048828125,445.3800048828125,445.3800048828125,141.0,445.3800048828125,445.3800048828125,445.3800048828125,445.3800048828125
2025-11-26T15:00:00Z,445.989990234375,445.989990234375,445.19500732421875,445.19500732421875,445.19500732421875,257.0,445.989990234375,445.989990234375,445.19500732421875,445.19500732421875
2025-11-26T15:06:00Z,447.1000061035156,447.2200012207031,447.1000061035156,447.2200012207031,447.2200012207031,439.0,447.1000061035156,447.2200012207031,447.1000061035156,447.2200012207031
2025-11-26T15:07:00Z,447.25,447.25,446.8399963378906,446.8399963378906,446.8399963378906,461.0,447.25,447.25,446.8399963378906,446.8399963378906
2025-11-26T15:09:00Z,447.1300048828125,447.1300048828125,447.1300048828125,447.1300048828125,447.1300048828125,127.0,447.1300048828125,447.1300048828125,447.1300048828125,447.1300048828125
2025-11-26T15:10:00Z,444.739990234375,447.0224914550781,444.739990234375,447.0224914550781,447.0224914550781,200.0,444.739990234375,447.0224914550781,444.739990234375,447.0224914550781
2025-11-26T15:12:00Z,446.92999267578125,446.92999267578125,446.92999267578125,446.92999267578125,446.92999267578125,243.0,446.92999267578125,446.92999267578125,446.92999267578125,446.92999267578125
2025-11-26T15:13:00Z,447.0249938964844,447.0249938964844,447.0249938964844,447.0249938964844,447.0249938964844,228.0,447.0249938964844,447.0249938964844,447.0249938964844,447.0249938964844
2025-11-26T15:15:00Z,447.29998779296875,447.29998779296875,447.29998779296875,447.29998779296875,447.29998779296875,242.0,447.29998779296875,447.29998779296875,447.29998779296875,447.29998779296875
2025-11-26T15:18:00Z,447.29998779296875,447.3450012207031,447.29998779296875,447.3450012207031,447.3450012207031,397.0,447.29998779296875,447.3450012207031,447.29998779296875,447.3450012207031
2025-11-26T15:24:00Z,447.6549987792969,447.6549987792969,447.56500244140625,447.56500244140625,447.56500244140625,209.0,447.6549987792969,447.6549987792969,447.56500244140625,447.56500244140625
2025-11-26T15:25:00Z,445.7759094238281,446.95001220703125,445.7759094238281,446.95001220703125,446.95001220703125,164.0,445.7759094238281,446.95001220703125,445.7759094238281,446.95001220703125
2025-11-26T15:28:00Z,447.5350036621094,447.5350036621094,447.5350036621094,447.5350036621094,447.5350036621094,553.0,447.5350036621094,447.5350036621094,447.5350036621094,447.5350036621094
2025-11-26T15:29:00Z,447.5350036621094,447.5350036621094,447.5350036621094,447.5350036621094,447.5350036621094,462.0,447.5350036621094,447.5350036621094,447.5350036621094,447.5350036621094
2025-11-26T15:36:00Z,448.80999755859375,449.2699890136719,448.80999755859375,449.17999267578125,449.17999267578125,536.0,448.80999755859375,449.2699890136719,448.80999755859375,449.17999267578125
2025-11-26T15:37:00Z,448.7200012207031,450.1600036621094,448.7200012207031,450.1600036621094,450.1600036621094,837.0,448.7200012207031,450.1600036621094,448.7200012207031,450.1600036621094
2025-11-26T15:39:00Z,449.6650085449219,449.75,449.6650085449219,449.75,449.75,255.0,449.6650085449219,449.75,449.6650085449219,449.75
2025-11-26T15:40:00Z,448.8399963378906,448.8399963378906,447.92999267578125,447.92999267578125,447.92999267578125,609.0,448.8399963378906,448.8399963378906,447.92999267578125,447.92999267578125
2025-11-26T15:41:00Z,447.94000244140625,448.6099853515625,447.7699890136719,447.8299865722656,447.8299865722656,517.0,447.94000244140625,448.6099853515625,447.7699890136719,447.8299865722656
2025-11-26T15:46:00Z,447.5867919921875,447.5867919921875,447.5867919921875,447.5867919921875,447.5867919921875,273.0,447.5867919921875,447.5867919921875,447.5867919921875,447.5867919921875
2025-11-26T15:51:00Z,447.7650146484375,447.802490234375,447.6400146484375,447.6400146484375,447.6400146484375,348.0,447.7650146484375,447.802490234375,447.6400146484375,447.6400146484375
2025-11-26T15:52:00Z,447.7650146484375,447.7650146484375,447.7650146484375,447.7650146484375,447.7650146484375,293.0,447.7650146484375,447.7650146484375,447.7650146484375,447.7650146484375
2025-11-26T15:54:00Z,447.7699890136719,447.7699890136719,447.7699890136719,447.7699890136719,447.7699890136719,388.0,447.7699890136719,447.7699890136719,447.7699890136719,447.7699890136719
2025-11-26T15:55:00Z,447.7699890136719,447.7699890136719,447.7699890136719,447.7699890136719,447.7699890136719,119.0,447.7699890136719,447.7699890136719,447.7699890136719,447.7699890136719
2025-11-26T15:56:00Z,447.7699890136719,447.7699890136719,447.7699890136719,447.7699890136719,447.7699890136719,164.0,447.7699890136719,447.7699890136719,447.7699890136719,447.7699890136719
2025-11-26T15:57:00Z,447.6000061035156,447.6000061035156,447.6000061035156,447.6000061035156,447.6000061035156,352.0,447.6000061035156,447.6000061035156,447.6000061035156,447.6000061035156
2025-11-26T16:00:00Z,447.7049865722656,448.1400146484375,447.5,447.739990234375,447.739990234375,6162.0,447.7049865722656,448.1400146484375,447.5,447.739990234375
2025-11-26T16:01:00Z,447.6449890136719,447.6449890136719,447.57501220703125,447.57501220703125,447.57501220703125,188.0,447.6449890136719,447.6449890136719,447.57501220703125,447.57501220703125
2025-11-26T16:02:00Z,447.5840148925781,447.5840148925781,447.5840148925781,447.5840148925781,447.5840148925781,158.0,447.5840148925781,447.5840148925781,447.5840148925781,447.5840148925781
2025-11-26T16:03:00Z,447.70001220703125,448.5899963378906,447.67999267578125,447.9599914550781,447.9599914550781,3664.0,447.70001220703125,448.5899963378906,447.67999267578125,447.9599914550781
2025-11-26T16:04:00Z,447.7449951171875,448.2200012207031,447.7449951171875,448.2200012207031,448.2200012207031,203.0,447.7449951171875,448.2200012207031,447.7449951171875,448.2200012207031
2025-11-26T16:05:00Z,448.4075012207031,448.4150085449219,448.29998779296875,448.29998779296875,448.29998779296875,204.0,448.4075012207031,448.4150085449219,448.29998779296875,448.29998779296875
2025-11-26T16:06:00Z,448.3299865722656,448.3299865722656,448.3299865722656,448.3299865722656,448.3299865722656,246.0,448.3299865722656,448.3299865722656,448.3299865722656,448.3299865722656
2025-11-26T16:07:00Z,447.8999938964844,448.0799865722656,447.8999938964844,447.93499755859375,447.93499755859375,628.0,447.8999938964844,448.0799865722656,447.8999938964844,447.93499755859375
2025-11-26T16:08:00Z,448.1400146484375,448.1600036621094,447.79998779296875,447.79998779296875,447.79998779296875,582.0,448.1400146484375,448.1600036621094,447.79998779296875,447.79998779296875
2025-11-26T16:09:00Z,447.7900085449219,448.010009765625,447.7900085449219,448.010009765625,448.010009765625,264.0,447.7900085449219,448.010009765625,447.7900085449219,448.010009765625
2025-11-26T16:11:00Z,448.57000732421875,448.57000732421875,448.0400085449219,448.0899963378906,448.0899963378906,1622.0,448.57000732421875,448.57000732421875,448.0400085449219,448.0899963378906
2025-11-26T16:14:00Z,449.07000732421875,449.510009765625,449.05999755859375,449.5050048828125,449.5050048828125,1840.0,449.07000732421875,449.510009765625,449.05999755859375,449.5050048828125
2025-11-26T16:15:00Z,449.0199890136719,450.69000244140625,449.0199890136719,450.1300048828125,450.1300048828125,9672.0,449.0199890136719,450.69000244140625,449.0199890136719,450.1300048828125
2025-11-26T16:16:00Z,449.8900146484375,449.8900146484375,449.8500061035156,449.8500061035156,449.8500061035156,444.0,449.8900146484375,449.8900146484375,449.8500061035156,449.8500061035156
2025-11-26T16:17:00Z,449.9599914550781,449.9599914550781,449.9599914550781,449.9599914550781,449.9599914550781,166.0,449.9599914550781,449.9599914550781,449.9599914550781,449.9599914550781
2025-11-26T16:19:00Z,450.77899169921875,450.77899169921875,450.05999755859375,450.05999755859375,450.05999755859375,365.0,450.77899169921875,450.77899169921875,450.05999755859375,450.05999755859375
2025-11-26T16:20:00Z,449.7384948730469,450.6600036621094,449.7384948730469,450.6600036621094,450.6600036621094,404.0,449.7384948730469,450.6600036621094,449.7384948730469,450.6600036621094
2025-11-26T16:22:00Z,450.260009765625,450.260009765625,450.260009765625,450.260009765625,450.260009765625,70.0,450.260009765625,450.260009765625,450.260009765625,450.260009765625
2025-11-26T16:23:00Z,450.7200012207031,450.7200012207031,450.7200012207031,450.7200012207031,450.7200012207031,99.0,450.7200012207031,450.7200012207031,450.7200012207031,450.7200012207031
2025-11-26T16:24:00Z,450.8299865722656,450.95001220703125,450.8299865722656,450.95001220703125,450.95001220703125,191.0,450.8299865722656,450.95001220703125,450.8299865722656,450.95001220703125
2025-11-26T16:25:00Z,451.0,451.0,450.3399963378906,450.5274963378906,450.5274963378906,1591.0,451.0,451.0,450.3399963378906,450.5274963378906
2025-11-26T16:26:00Z,450.5325012207031,450.5325012207031,450.5325012207031,450.5325012207031,450.5325012207031,94.0,450.5325012207031,450.5325012207031,450.5325012207031,450.5325012207031
2025-11-26T16:27:00Z,450.79998779296875,450.79998779296875,450.79998779296875,450.79998779296875,450.79998779296875,346.0,450.79998779296875,450.79998779296875,450.79998779296875,450.79998779296875
2025-11-26T16:28:00Z,451.2699890136719,451.2799987792969,450.6650085449219,450.6650085449219,450.6650085449219,1009.0,451.2699890136719,451.2799987792969,450.6650085449219,450.6650085449219
2025-11-26T16:29:00Z,450.7809143066406,450.8599853515625,450.4049987792969,450.8599853515625,450.8599853515625,845.0,450.7809143066406,450.8599853515625,450.4049987792969,450.8599853515625
2025-11-26T16:30:00Z,451.1000061035156,451.5,450.989990234375,450.989990234375,450.989990234375,1111.0,451.1000061035156,451.5,450.989990234375,450.989990234375
2025-11-26T16:31:00Z,451.2149963378906,451.2149963378906,451.2074890136719,451.2074890136719,451.2074890136719,367.0,451.2149963378906,451.2149963378906,451.2074890136719,451.2074890136719
2025-11-26T16:32:00Z,451.5,451.57501220703125,451.5,451.5,451.5,424.0,451.5,451.57501220703125,451.5,451.5
2025-11-26T16:33:00Z,451.82000732421875,451.82000732421875,451.6600036621094,451.6600036621094,451.6600036621094,183.0,451.82000732421875,451.82000732421875,451.6600036621094,451.6600036621094
2025-11-26T16:34:00Z,451.6300048828125,451.6300048828125,451.6300048828125,451.6300048828125,451.6300048828125,210.0,451.6300048828125,451.6300048828125,451.6300048828125,451.6300048828125
2025-11-26T16:35:00Z,451.8999938964844,452.0,451.8699951171875,451.9800109863281,451.9800109863281,868.0,451.8999938964844,452.0,451.8699951171875,451.9800109863281
2025-11-26T16:36:00Z,452.3381042480469,452.3381042480469,452.1025085449219,452.1025085449219,452.1025085449219,283.0,452.3381042480469,452.3381042480469,452.1025085449219,452.1025085449219
2025-11-26T16:37:00Z,452.0799865722656,452.0799865722656,452.0799865722656,452.0799865722656,452.0799865722656,97.0,452.0799865722656,452.0799865722656,452.0799865722656,452.0799865722656
2025-11-26T16:38:00Z,452.29998779296875,452.29998779296875,452.29998779296875,452.29998779296875,452.29998779296875,227.0,452.29998779296875,452.29998779296875,452.29998779296875,452.29998779296875
2025-11-26T16:43:00Z,452.8699951171875,452.8699951171875,452.8699951171875,452.8699951171875,452.8699951171875,93.0,452.8699951171875,452.8699951171875,452.8699951171875,452.8699951171875
2025-11-26T16:44:00Z,451.8900146484375,451.8900146484375,451.8900146484375,451.8900146484375,451.8900146484375,344.0,451.8900146484375,451.8900146484375,451.8900146484375,451.8900146484375
2025-11-26T16:49:00Z,452.0199890136719,452.0199890136719,452.0199890136719,452.0199890136719,452.0199890136719,112.0,452.0199890136719,452.0199890136719,452.0199890136719,452.0199890136719
2025-11-26T16:50:00Z,452.4800109863281,452.4800109863281,452.4800109863281,452.4800109863281,452.4800109863281,81.0,452.4800109863281,452.4800109863281,452.4800109863281,452.4800109863281
2025-11-26T16:52:00Z,452.2250061035156,452.25,452.2250061035156,452.2250061035156,452.2250061035156,404.0,452.2250061035156,452.25,452.2250061035156,452.2250061035156
2025-11-26T16:55:00Z,452.5299987792969,452.6499938964844,452.5299987792969,452.6499938964844,452.6499938964844,483.0,452.5299987792969,452.6499938964844,452.5299987792969,452.6499938964844
2025-11-26T16:58:00Z,452.9599914550781,452.9599914550781,452.9599914550781,452.9599914550781,452.9599914550781,250.0,452.9599914550781,452.9599914550781,452.9599914550781,452.9599914550781
2025-11-26T17:00:00Z,452.3349914550781,452.3349914550781,452.3349914550781,452.3349914550781,452.3349914550781,165.0,452.3349914550781,452.3349914550781,452.3349914550781,452.3349914550781
2025-11-26T17:01:00Z,452.2099914550781,452.3500061035156,451.8800048828125,452.3500061035156,452.3500061035156,1127.0,452.2099914550781,452.3500061035156,451.8800048828125,452.3500061035156
2025-11-26T17:07:00Z,452.3500061035156,452.8699951171875,451.69000244140625,452.3500061035156,452.3500061035156,309.0,452.3500061035156,452.8699951171875,451.69000244140625,452.3500061035156
2025-11-26T17:09:00Z,451.69000244140625,451.80999755859375,451.69000244140625,451.80999755859375,451.80999755859375,571.0,451.69000244140625,451.80999755859375,451.69000244140625,451.80999755859375
2025-11-26T17:10:00Z,451.94500732421875,451.94500732421875,451.94500732421875,451.94500732421875,451.94500732421875,159.0,451.94500732421875,451.94500732421875,451.94500732421875,451.94500732421875
2025-11-26T17:12:00Z,452.3399963378906,453.0299987792969,452.0199890136719,452.4425048828125,452.4425048828125,919.0,452.3399963378906,453.0299987792969,452.0199890136719,452.4425048828125
2025-11-26T17:13:00Z,452.54998779296875,452.54998779296875,452.5,452.5,452.5,287.0,452.54998779296875,452.54998779296875,452.5,452.5
2025-11-26T17:15:00Z,452.4700012207031,452.4700012207031,452.4700012207031,452.4700012207031,452.4700012207031,527.0,452.4700012207031,452.4700012207031,452.4700012207031,452.4700012207031
2025-11-26T17:16:00Z,452.44000244140625,452.44000244140625,452.44000244140625,452.44000244140625,452.44000244140625,291.0,452.44000244140625,452.44000244140625,452.44000244140625,452.44000244140625
2025-11-26T17:21:00Z,453.32000732421875,453.32000732421875,453.32000732421875,453.32000732421875,453.32000732421875,345.0,453.32000732421875,453.32000732421875,453.32000732421875,453.32000732421875
2025-11-26T17:24:00Z,453.0150146484375,453.70001220703125,453.0150146484375,453.70001220703125,453.70001220703125,202.0,453.0150146484375,453.70001220703125,453.0150146484375,453.70001220703125
2025-11-26T17:25:00Z,453.0150146484375,453.0150146484375,453.0150146484375,453.0150146484375,453.0150146484375,257.0,453.0150146484375,453.0150146484375,453.0150146484375,453.0150146484375
2025-11-26T17:26:00Z,452.9927978515625,452.9927978515625,452.9927978515625,452.9927978515625,452.9927978515625,527.0,452.9927978515625,452.9927978515625,452.9927978515625,452.9927978515625
2025-11-26T17:29:00Z,453.2099914550781,453.2099914550781,452.8500061035156,453.1700134277344,453.1700134277344,875.0,453.2099914550781,453.2099914550781,452.8500061035156,453.1700134277344
2025-11-26T17:30:00Z,453.44000244140625,453.44000244140625,453.1700134277344,453.1700134277344,453.1700134277344,161.0,453.44000244140625,453.44000244140625,453.1700134277344,453.1700134277344
2025-11-26T17:31:00Z,453.8299865722656,453.8599853515625,453.8299865722656,453.8599853515625,453.8599853515625,720.0,453.8299865722656,453.8599853515625,453.8299865722656,453.8599853515625
2025-11-26T17:32:00Z,454.3699951171875,454.8599853515625,454.29998779296875,454.29998779296875,454.29998779296875,936.0,454.3699951171875,454.8599853515625,454.29998779296875,454.29998779296875
2025-11-26T17:37:00Z,454.7699890136719,454.7699890136719,454.7699890136719,454.7699890136719,454.7699890136719,437.0,454.7699890136719,454.7699890136719,454.7699890136719,454.7699890136719
2025-11-26T17:38:00Z,454.6099853515625,455.1400146484375,454.4700012207031,455.1400146484375,455.1400146484375,1647.0,454.6099853515625,455.1400146484375,454.4700012207031,455.1400146484375
2025-11-26T17:39:00Z,455.0849914550781,455.0849914550781,455.0849914550781,455.0849914550781,455.0849914550781,243.0,455.0849914550781,455.0849914550781,455.0849914550781,455.0849914550781
2025-11-26T17:40:00Z,455.0849914550781,455.239990234375,455.0849914550781,455.239990234375,455.239990234375,449.0,455.0849914550781,455.239990234375,455.0849914550781,455.239990234375
2025-11-26T17:41:00Z,455.0849914550781,455.0899963378906,454.4849853515625,454.4849853515625,454.4849853515625,1748.0,455.0849914550781,455.0899963378906,454.4849853515625,454.4849853515625
2025-11-26T17:42:00Z,454.9750061035156,454.9750061035156,454.9750061035156,454.9750061035156,454.9750061035156,523.0,454.9750061035156,454.9750061035156,454.9750061035156,454.9750061035156
2025-11-26T17:44:00Z,454.9750061035156,454.9750061035156,454.9750061035156,454.9750061035156,454.9750061035156,100.0,454.9750061035156,454.9750061035156,454.9750061035156,454.9750061035156
2025-11-26T17:45:00Z,454.99749755859375,454.99749755859375,454.9750061035156,454.9750061035156,454.9750061035156,247.0,454.99749755859375,454.99749755859375,454.9750061035156,454.9750061035156
2025-11-26T17:46:00Z,455.3500061035156,455.3500061035156,454.9750061035156,454.9750061035156,454.9750061035156,145.0,455.3500061035156,455.3500061035156,454.9750061035156,454.9750061035156
2025-11-26T17:47:00Z,455.4800109863281,455.4800109863281,455.4800109863281,455.4800109863281,455.4800109863281,188.0,455.4800109863281,455.4800109863281,455.4800109863281,455.4800109863281
2025-11-26T17:49:00Z,454.9750061035156,455.0,454.9750061035156,455.0,455.0,418.0,454.9750061035156,455.0,454.9750061035156,455.0
2025-11-26T17:51:00Z,455.5400085449219,455.5400085449219,455.5400085449219,455.5400085449219,455.5400085449219,147.0,455.5400085449219,455.5400085449219,455.5400085449219,455.5400085449219
2025-11-26T17:52:00Z,455.3550109863281,455.42999267578125,455.25,455.25,455.25,783.0,455.3550109863281,455.42999267578125,455.25,455.25
2025-11-26T17:54:00Z,455.0,455.1700134277344,455.0,455.1700134277344,455.1700134277344,525.0,455.0,455.1700134277344,455.0,455.1700134277344
2025-11-26T17:57:00Z,455.3999938964844,455.3999938964844,455.3999938964844,455.3999938964844,455.3999938964844,92.0,455.3999938964844,455.3999938964844,455.3999938964844,455.3999938964844
2025-11-26T17:58:00Z,455.0,455.0,455.0,455.0,455.0,312.0,455.0,455.0,455.0,455.0
2025-11-26T18:00:00Z,454.94500732421875,455.07000732421875,454.30999755859375,454.9700012207031,454.9700012207031,14162.0,454.94500732421875,455.07000732421875,454.30999755859375,454.9700012207031
2025-11-26T18:01:00Z,454.9800109863281,455.1700134277344,454.9100036621094,455.0,455.0,1505.0,454.9800109863281,455.1700134277344,454.9100036621094,455.0
2025-11-26T18:02:00Z,455.1600036621094,455.1600036621094,455.1449890136719,455.1449890136719,455.1449890136719,109.0,455.1600036621094,455.1600036621094,455.1449890136719,455.1449890136719
2025-11-26T18:03:00Z,454.9100036621094,454.9100036621094,454.9100036621094,454.9100036621094,454.9100036621094,103.0,454.9100036621094,454.9100036621094,454.9100036621094,454.9100036621094
2025-11-26T18:04:00Z,454.9100036621094,454.9700012207031,454.9100036621094,454.9700012207031,454.9700012207031,112.0,454.9100036621094,454.9700012207031,454.9100036621094,454.9700012207031
2025-11-26T18:05:00Z,455.1400146484375,455.1400146484375,455.1400146484375,455.1400146484375,455.1400146484375,173.0,455.1400146484375,455.1400146484375,455.1400146484375,455.1400146484375
2025-11-26T18:07:00Z,454.92498779296875,455.2300109863281,454.5801086425781,454.5801086425781,454.5801086425781,2024.0,454.92498779296875,455.2300109863281,454.5801086425781,454.5801086425781
2025-11-26T18:09:00Z,454.6400146484375,454.9200134277344,454.5950012207031,454.6000061035156,454.6000061035156,1039.0,454.6400146484375,454.9200134277344,454.5950012207031,454.6000061035156
2025-11-26T18:11:00Z,455.32000732421875,455.69500732421875,455.32000732421875,455.54998779296875,455.54998779296875,689.0,455.32000732421875,455.69500732421875,455.32000732421875,455.54998779296875
2025-11-26T18:12:00Z,455.57000732421875,455.57000732421875,454.5799865722656,454.63330078125,454.63330078125,1917.0,455.57000732421875,455.57000732421875,454.5799865722656,454.63330078125
2025-11-26T18:13:00Z,455.32000732421875,455.32000732421875,455.32000732421875,455.32000732421875,455.32000732421875,278.0,455.32000732421875,455.32000732421875,455.32000732421875,455.32000732421875
2025-11-26T18:16:00Z,455.6099853515625,455.6099853515625,455.3299865722656,455.3299865722656,455.3299865722656,192.0,455.6099853515625,455.6099853515625,455.3299865722656,455.3299865722656
2025-11-26T18:17:00Z,455.8900146484375,455.8900146484375,455.8900146484375,455.8900146484375,455.8900146484375,102.0,455.8900146484375,455.8900146484375,455.8900146484375,455.8900146484375
2025-11-26T18:18:00Z,455.760009765625,455.94000244140625,455.5775146484375,455.94000244140625,455.94000244140625,482.0,455.760009765625,455.94000244140625,455.5775146484375,455.94000244140625
2025-11-26T18:20:00Z,455.4599914550781,455.4599914550781,454.82000732421875,455.385009765625,455.385009765625,2030.0,455.4599914550781,455.4599914550781,454.82000732421875,455.385009765625
2025-11-26T18:24:00Z,455.385009765625,455.385009765625,455.3299865722656,455.3299865722656,455.3299865722656,403.0,455.385009765625,455.385009765625,455.3299865722656,455.3299865722656
2025-11-26T18:28:00Z,454.9200134277344,455.385009765625,454.9200134277344,455.385009765625,455.385009765625,562.0,454.9200134277344,455.385009765625,454.9200134277344,455.385009765625
2025-11-26T18:29:00Z,455.0,455.0,455.0,455.0,455.0,55.0,455.0,455.0,455.0,455.0
2025-11-26T18:30:00Z,455.0,455.12249755859375,455.0,455.12249755859375,455.12249755859375,426.0,455.0,455.12249755859375,455.0,455.12249755859375
2025-11-26T18:31:00Z,455.1549987792969,455.1549987792969,455.1549987792969,455.1549987792969,455.1549987792969,163.0,455.1549987792969,455.1549987792969,455.1549987792969,455.1549987792969
2025-11-26T18:34:00Z,455.3800048828125,455.4700012207031,455.3800048828125,455.4700012207031,455.4700012207031,419.0,455.3800048828125,455.4700012207031,455.3800048828125,455.4700012207031
2025-11-26T18:36:00Z,455.19000244140625,455.6099853515625,455.19000244140625,455.6099853515625,455.6099853515625,632.0,455.19000244140625,455.6099853515625,455.19000244140625,455.6099853515625
2025-11-26T18:37:00Z,455.80999755859375,456.04998779296875,455.7799987792969,456.04998779296875,456.04998779296875,1062.0,455.80999755859375,456.04998779296875,455.7799987792969,456.04998779296875
2025-11-26T18:38:00Z,455.7749938964844,455.7749938964844,455.7749938964844,455.7749938964844,455.7749938964844,84.0,455.7749938964844,455.7749938964844,455.7749938964844,455.7749938964844
2025-11-26T18:39:00Z,455.92999267578125,455.92999267578125,455.8500061035156,455.8500061035156,455.8500061035156,343.0,455.92999267578125,455.92999267578125,455.8500061035156,455.8500061035156
2025-11-26T18:40:00Z,455.9599914550781,455.9599914550781,455.9599914550781,455.9599914550781,455.9599914550781,46.0,455.9599914550781,455.9599914550781,455.9599914550781,455.9599914550781
2025-11-26T18:41:00Z,455.5450134277344,455.5450134277344,455.5450134277344,455.5450134277344,455.5450134277344,288.0,455.5450134277344,455.5450134277344,455.5450134277344,455.5450134277344
2025-11-26T18:42:00Z,455.5924987792969,455.5924987792969,455.5450134277344,455.5450134277344,455.5450134277344,445.0,455.5924987792969,455.5924987792969,455.5450134277344,455.5450134277344
2025-11-26T18:43:00Z,455.5400085449219,455.5400085449219,454.92999267578125,455.45001220703125,455.45001220703125,3894.0,455.5400085449219,455.5400085449219,454.92999267578125,455.45001220703125
2025-11-26T18:44:00Z,455.0,455.0,455.0,455.0,455.0,86.0,455.0,455.0,455.0,455.0
2025-11-26T18:45:00Z,454.9949951171875,454.9949951171875,454.9949951171875,454.9949951171875,454.9949951171875,93.0,454.9949951171875,454.9949951171875,454.9949951171875,454.9949951171875
2025-11-26T18:46:00Z,454.9849853515625,454.9849853515625,454.9849853515625,454.9849853515625,454.9849853515625,100.0,454.9849853515625,454.9849853515625,454.9849853515625,454.9849853515625
2025-11-26T18:47:00Z,455.5400085449219,455.5799865722656,455.5400085449219,455.5799865722656,455.5799865722656,424.0,455.5400085449219,455.5799865722656,455.5400085449219,455.5799865722656
2025-11-26T18:49:00Z,454.860107421875,455.6400146484375,454.860107421875,455.6000061035156,455.6000061035156,689.0,454.860107421875,455.6400146484375,454.860107421875,455.6000061035156
2025-11-26T18:50:00Z,455.760009765625,456.04998779296875,455.69500732421875,455.8500061035156,455.8500061035156,374.0,455.760009765625,456.04998779296875,455.69500732421875,455.8500061035156
2025-11-26T18:51:00Z,455.8699951171875,455.989990234375,455.8699951171875,455.989990234375,455.989990234375,220.0,455.8699951171875,455.989990234375,455.8699951171875,455.989990234375
2025-11-26T18:52:00Z,455.94000244140625,456.0,455.8599853515625,455.8599853515625,455.8599853515625,387.0,455.94000244140625,456.0,455.8599853515625,455.8599853515625
2025-11-26T18:54:00Z,456.05999755859375,456.05999755859375,456.05999755859375,456.05999755859375,456.05999755859375,355.0,456.05999755859375,456.05999755859375,456.05999755859375,456.05999755859375
2025-11-26T18:56:00Z,456.20001220703125,456.20001220703125,456.20001220703125,456.20001220703125,456.20001220703125,96.0,456.20001220703125,456.20001220703125,456.20001220703125,456.20001220703125
2025-11-26T18:57:00Z,456.07000732421875,456.4100036621094,456.07000732421875,456.4100036621094,456.4100036621094,1259.0,456.07000732421875,456.4100036621094,456.07000732421875,456.4100036621094
2025-11-26T19:03:00Z,456.8800048828125,456.8800048828125,456.7799987792969,456.7799987792969,456.7799987792969,404.0,456.8800048828125,456.8800048828125,456.7799987792969,456.7799987792969
2025-11-26T19:04:00Z,456.8699951171875,456.8699951171875,456.8699951171875,456.8699951171875,456.8699951171875,529.0,456.8699951171875,456.8699951171875,456.8699951171875,456.8699951171875
2025-11-26T19:07:00Z,456.8800048828125,456.8800048828125,456.8800048828125,456.8800048828125,456.8800048828125,394.0,456.8800048828125,456.8800048828125,456.8800048828125,456.8800048828125
2025-11-26T19:09:00Z,457.0299987792969,457.0299987792969,457.0199890136719,457.0199890136719,457.0199890136719,164.0,457.0299987792969,457.0299987792969,457.0199890136719,457.0199890136719
2025-11-26T19:13:00Z,456.8699951171875,456.8699951171875,456.8699951171875,456.8699951171875,456.8699951171875,1153.0,456.8699951171875,456.8699951171875,456.8699951171875,456.8699951171875
2025-11-26T19:14:00Z,457.05999755859375,457.07000732421875,457.05999755859375,457.07000732421875,457.07000732421875,511.0,457.05999755859375,457.07000732421875,457.05999755859375,457.07000732421875
2025-11-26T19:15:00Z,457.0899963378906,457.3299865722656,456.7900085449219,456.7900085449219,456.7900085449219,1598.0,457.0899963378906,457.3299865722656,456.7900085449219,456.7900085449219
2025-11-26T19:17:00Z,457.3900146484375,457.3900146484375,457.3900146484375,457.3900146484375,457.3900146484375,65.0,457.3900146484375,457.3900146484375,457.3900146484375,457.3900146484375
2025-11-26T19:18:00Z,457.4800109863281,457.5,457.4800109863281,457.5,457.5,545.0,457.4800109863281,457.5,457.4800109863281,457.5
2025-11-26T19:20:00Z,457.7799987792969,457.7799987792969,457.7799987792969,457.7799987792969,457.7799987792969,250.0,457.7799987792969,457.7799987792969,457.7799987792969,457.7799987792969
2025-11-26T19:21:00Z,457.79998779296875,457.79998779296875,457.79998779296875,457.79998779296875,457.79998779296875,262.0,457.79998779296875,457.79998779296875,457.79998779296875,457.79998779296875
2025-11-26T19:23:00Z,457.79998779296875,457.79998779296875,457.79998779296875,457.79998779296875,457.79998779296875,623.0,457.79998779296875,457.79998779296875,457.79998779296875,457.79998779296875
2025-11-26T19:27:00Z,457.79998779296875,457.79998779296875,457.79998779296875,457.79998779296875,457.79998779296875,165.0,457.79998779296875,457.79998779296875,457.79998779296875,457.79998779296875
2025-11-26T19:28:00Z,457.8500061035156,457.8500061035156,457.8500061035156,457.8500061035156,457.8500061035156,236.0,457.8500061035156,457.8500061035156,457.8500061035156,457.8500061035156
2025-11-26T19:29:00Z,457.2401123046875,457.2401123046875,457.2401123046875,457.2401123046875,457.2401123046875,271.0,457.2401123046875,457.2401123046875,457.2401123046875,457.2401123046875
2025-11-26T19:30:00Z,457.8399963378906,457.9700012207031,457.8399963378906,457.885009765625,457.885009765625,730.0,457.8399963378906,457.9700012207031,457.8399963378906,457.885009765625
2025-11-26T19:31:00Z,458.29998779296875,458.29998779296875,458.29998779296875,458.29998779296875,458.29998779296875,293.0,458.29998779296875,458.29998779296875,458.29998779296875,458.29998779296875
2025-11-26T19:33:00Z,458.3299865722656,458.3299865722656,458.3299865722656,458.3299865722656,458.3299865722656,130.0,458.3299865722656,458.3299865722656,458.3299865722656,458.3299865722656
2025-11-26T19:35:00Z,457.8299865722656,458.0050048828125,457.6199951171875,457.802490234375,457.802490234375,1431.0,457.8299865722656,458.0050048828125,457.6199951171875,457.802490234375
2025-11-26T19:38:00Z,457.9100036621094,458.260009765625,457.8900146484375,458.260009765625,458.260009765625,1341.0,457.9100036621094,458.260009765625,457.8900146484375,458.260009765625
2025-11-26T19:39:00Z,458.010009765625,458.5299987792969,458.010009765625,458.510009765625,458.510009765625,2403.0,458.010009765625,458.5299987792969,458.010009765625,458.510009765625
2025-11-26T19:40:00Z,458.3299865722656,458.3299865722656,458.3299865722656,458.3299865722656,458.3299865722656,231.0,458.3299865722656,458.3299865722656,458.3299865722656,458.3299865722656
2025-11-26T19:41:00Z,458.2449951171875,458.2449951171875,458.2449951171875,458.2449951171875,458.2449951171875,123.0,458.2449951171875,458.2449951171875,458.2449951171875,458.2449951171875
2025-11-26T19:42:00Z,458.1099853515625,458.45001220703125,458.1099853515625,458.20001220703125,458.20001220703125,2835.0,458.1099853515625,458.45001220703125,458.1099853515625,458.20001220703125
2025-11-26T19:43:00Z,458.3999938964844,458.3999938964844,458.1700134277344,458.1700134277344,458.1700134277344,489.0,458.3999938964844,458.3999938964844,458.1700134277344,458.1700134277344
2025-11-26T19:46:00Z,458.69000244140625,458.69000244140625,458.69000244140625,458.69000244140625,458.69000244140625,271.0,458.69000244140625,458.69000244140625,458.69000244140625,458.69000244140625
2025-11-26T19:47:00Z,458.6600036621094,458.6600036621094,458.6600036621094,458.6600036621094,458.6600036621094,129.0,458.6600036621094,458.6600036621094,458.6600036621094,458.6600036621094
2025-11-26T19:48:00Z,458.6600036621094,458.6600036621094,458.6600036621094,458.6600036621094,458.6600036621094,136.0,458.6600036621094,458.6600036621094,458.6600036621094,458.6600036621094
2025-11-26T19:49:00Z,458.6099853515625,458.6099853515625,458.6099853515625,458.6099853515625,458.6099853515625,119.0,458.6099853515625,458.6099853515625,458.6099853515625,458.6099853515625
2025-11-26T19:50:00Z,458.489990234375,458.7200012207031,458.489990234375,458.7200012207031,458.7200012207031,441.0,458.489990234375,458.7200012207031,458.489990234375,458.7200012207031
2025-11-26T19:51:00Z,458.7200012207031,458.7200012207031,458.6300048828125,458.7200012207031,458.7200012207031,633.0,458.7200012207031,458.7200012207031,458.6300048828125,458.7200012207031
2025-11-26T19:52:00Z,458.4549865722656,458.4549865722656,458.4549865722656,458.4549865722656,458.4549865722656,306.0,458.4549865722656,458.4549865722656,458.4549865722656,458.4549865722656
2025-11-26T19:54:00Z,458.94000244140625,458.94000244140625,458.94000244140625,458.94000244140625,458.94000244140625,281.0,458.94000244140625,458.94000244140625,458.94000244140625,458.94000244140625
2025-11-26T19:55:00Z,458.94000244140625,459.0450134277344,458.94000244140625,459.0450134277344,459.0450134277344,241.0,458.94000244140625,459.0450134277344,458.94000244140625,459.0450134277344
2025-11-26T19:56:00Z,459.1400146484375,459.19500732421875,458.79998779296875,458.8299865722656,458.8299865722656,1163.0,459.1400146484375,459.19500732421875,458.79998779296875,458.8299865722656
2025-11-26T19:57:00Z,459.1000061035156,459.1000061035156,458.739990234375,458.739990234375,458.739990234375,253.0,459.1000061035156,459.1000061035156,458.739990234375,458.739990234375
2025-11-26T19:58:00Z,458.8699951171875,458.8699951171875,458.760009765625,458.760009765625,458.760009765625,327.0,458.8699951171875,458.8699951171875,458.760009765625,458.760009765625
2025-11-26T19:59:00Z,458.7950134277344,458.7950134277344,458.75,458.75,458.75,415.0,458.7950134277344,458.7950134277344,458.75,458.75
2025-11-26T20:00:00Z,458.7200012207031,459.05999755859375,458.7200012207031,459.05999755859375,459.05999755859375,1693.0,458.7200012207031,459.05999755859375,458.7200012207031,459.05999755859375
2025-11-26T20:01:00Z,459.1099853515625,459.1300048828125,459.0249938964844,459.1300048828125,459.1300048828125,411.0,459.1099853515625,459.1300048828125,459.0249938964844,459.1300048828125
2025-11-26T20:02:00Z,459.1300048828125,459.5150146484375,459.1300048828125,459.3299865722656,459.3299865722656,842.0,459.1300048828125,459.5150146484375,459.1300048828125,459.3299865722656
2025-11-26T20:03:00Z,459.5400085449219,459.5400085449219,459.3349914550781,459.3349914550781,459.3349914550781,307.0,459.5400085449219,459.5400085449219,459.3349914550781,459.3349914550781
2025-11-26T20:04:00Z,459.5350036621094,459.5350036621094,459.1199951171875,459.1199951171875,459.1199951171875,312.0,459.5350036621094,459.5350036621094,459.1199951171875,459.1199951171875
2025-11-26T20:05:00Z,459.239990234375,459.3599853515625,459.239990234375,459.3599853515625,459.3599853515625,221.0,459.239990234375,459.3599853515625,459.239990234375,459.3599853515625
2025-11-26T20:06:00Z,459.5799865722656,459.5799865722656,459.5799865722656,459.5799865722656,459.5799865722656,178.0,459.5799865722656,459.5799865722656,459.5799865722656,459.5799865722656
2025-11-26T20:07:00Z,459.25,459.3599853515625,459.2449951171875,459.3599853515625,459.3599853515625,343.0,459.25,459.3599853515625,459.2449951171875,459.3599853515625
2025-11-26T20:08:00Z,459.6000061035156,459.8900146484375,459.6000061035156,459.6600036621094,459.6600036621094,281.0,459.6000061035156,459.8900146484375,459.6000061035156,459.6600036621094
2025-11-26T20:09:00Z,459.3550109863281,459.8500061035156,459.2550048828125,459.2550048828125,459.2550048828125,521.0,459.3550109863281,459.8500061035156,459.2550048828125,459.2550048828125
2025-11-26T20:10:00Z,459.6099853515625,459.6549987792969,459.5299987792969,459.5299987792969,459.5299987792969,940.0,459.6099853515625,459.6549987792969,459.5299987792969,459.5299987792969
2025-11-26T20:12:00Z,459.7099914550781,459.7699890136719,459.6499938964844,459.6499938964844,459.6499938964844,794.0,459.7099914550781,459.7699890136719,459.6499938964844,459.6499938964844
2025-11-26T20:14:00Z,459.885009765625,459.885009765625,459.885009765625,459.885009765625,459.885009765625,369.0,459.885009765625,459.885009765625,459.885009765625,459.885009765625
2025-11-26T20:15:00Z,459.9800109863281,459.9800109863281,459.9800109863281,459.9800109863281,459.9800109863281,412.0,459.9800109863281,459.9800109863281,459.9800109863281,459.9800109863281
2025-11-26T20:16:00Z,459.885009765625,460.42999267578125,459.885009765625,460.42999267578125,460.42999267578125,704.0,459.885009765625,460.42999267578125,459.885009765625,460.42999267578125
2025-11-26T20:18:00Z,460.4100036621094,460.4100036621094,460.4100036621094,460.4100036621094,460.4100036621094,141.0,460.4100036621094,460.4100036621094,460.4100036621094,460.4100036621094
2025-11-26T20:19:00Z,460.135009765625,460.2333984375,460.135009765625,460.2333984375,460.2333984375,321.0,460.135009765625,460.2333984375,460.135009765625,460.2333984375
2025-11-26T20:20:00Z,460.54998779296875,460.54998779296875,460.54998779296875,460.54998779296875,460.54998779296875,235.0,460.54998779296875,460.54998779296875,460.54998779296875,460.54998779296875
2025-11-26T20:21:00Z,460.3500061035156,460.6300048828125,460.2799987792969,460.2799987792969,460.2799987792969,467.0,460.3500061035156,460.6300048828125,460.2799987792969,460.2799987792969
2025-11-26T20:22:00Z,460.4599914550781,460.4949951171875,460.19500732421875,460.20001220703125,460.20001220703125,1651.0,460.4599914550781,460.4949951171875,460.19500732421875,460.20001220703125
2025-11-26T20:24:00Z,460.17999267578125,460.3900146484375,460.1449890136719,460.1449890136719,460.1449890136719,3122.0,460.17999267578125,460.3900146484375,460.1449890136719,460.1449890136719
2025-11-26T20:25:00Z,459.92498779296875,459.92498779296875,459.92498779296875,459.92498779296875,459.92498779296875,155.0,459.92498779296875,459.92498779296875,459.92498779296875,459.92498779296875
2025-11-26T20:26:00Z,460.0899963378906,460.29998779296875,460.0899963378906,460.2300109863281,460.2300109863281,1113.0,460.0899963378906,460.29998779296875,460.0899963378906,460.2300109863281
2025-11-26T20:27:00Z,460.1400146484375,460.2200012207031,460.0,460.2200012207031,460.2200012207031,2365.0,460.1400146484375,460.2200012207031,460.0,460.2200012207031
2025-11-26T20:28:00Z,460.3699951171875,460.3900146484375,460.3699951171875,460.3900146484375,460.3900146484375,565.0,460.3699951171875,460.3900146484375,460.3699951171875,460.3900146484375
2025-11-26T20:29:00Z,460.29998779296875,460.29998779296875,460.29998779296875,460.29998779296875,460.29998779296875,200.0,460.29998779296875,460.29998779296875,460.29998779296875,460.29998779296875
2025-11-26T20:30:00Z,460.125,460.1300048828125,460.0,460.125,460.125,1664.0,460.125,460.1300048828125,460.0,460.125
2025-11-26T20:31:00Z,459.92999267578125,460.1050109863281,459.8500061035156,460.0799865722656,460.0799865722656,1110.0,459.92999267578125,460.1050109863281,459.8500061035156,460.0799865722656
2025-11-26T20:32:00Z,460.0950012207031,460.0950012207031,459.92498779296875,459.92498779296875,459.92498779296875,631.0,460.0950012207031,460.0950012207031,459.92498779296875,459.92498779296875
2025-11-26T20:33:00Z,460.0,460.0,459.57000732421875,459.79998779296875,459.79998779296875,8802.0,460.0,460.0,459.57000732421875,459.79998779296875
2025-11-26T20:34:00Z,459.80999755859375,459.8500061035156,459.79998779296875,459.79998779296875,459.79998779296875,1225.0,459.80999755859375,459.8500061035156,459.79998779296875,459.79998779296875
2025-11-26T20:35:00Z,459.8500061035156,460.0,459.8500061035156,459.94000244140625,459.94000244140625,3960.0,459.8500061035156,460.0,459.8500061035156,459.94000244140625
2025-11-26T20:36:00Z,459.5350036621094,459.5350036621094,458.7300109863281,458.7300109863281,458.7300109863281,1465.0,459.5350036621094,459.5350036621094,458.7300109863281,458.7300109863281
2025-11-26T20:37:00Z,458.7349853515625,459.0899963378906,458.7349853515625,459.0299987792969,459.0299987792969,2190.0,458.7349853515625,459.0899963378906,458.7349853515625,459.0299987792969
2025-11-26T20:39:00Z,459.05999755859375,459.05999755859375,459.05999755859375,459.05999755859375,459.05999755859375,132.0,459.05999755859375,459.05999755859375,459.05999755859375,459.05999755859375
2025-11-26T20:40:00Z,459.010009765625,459.010009765625,458.95001220703125,458.95001220703125,458.95001220703125,203.0,459.010009765625,459.010009765625,458.95001220703125,458.95001220703125
2025-11-26T20:41:00Z,459.42999267578125,459.80499267578125,459.3699951171875,459.7349853515625,459.7349853515625,6309.0,459.42999267578125,459.80499267578125,459.3699951171875,459.7349853515625
2025-11-26T20:42:00Z,459.54998779296875,459.7349853515625,459.5199890136719,459.6000061035156,459.6000061035156,522.0,459.54998779296875,459.7349853515625,459.5199890136719,459.6000061035156
2025-11-26T20:43:00Z,459.54998779296875,459.6000061035156,458.9100036621094,459.010009765625,459.010009765625,3577.0,459.54998779296875,459.6000061035156,458.9100036621094,459.010009765625
2025-11-26T20:44:00Z,458.7099914550781,458.7099914550781,458.010009765625,458.010009765625,458.010009765625,482.0,458.7099914550781,458.7099914550781,458.010009765625,458.010009765625
2025-11-26T20:45:00Z,458.010009765625,458.010009765625,457.79998779296875,457.79998779296875,457.79998779296875,344.0,458.010009765625,458.010009765625,457.79998779296875,457.79998779296875
2025-11-26T20:46:00Z,457.79998779296875,457.95001220703125,457.489990234375,457.95001220703125,457.95001220703125,2358.0,457.79998779296875,457.95001220703125,457.489990234375,457.95001220703125
2025-11-26T20:48:00Z,457.6199951171875,458.0400085449219,457.6050109863281,458.0400085449219,458.0400085449219,2520.0,457.6199951171875,458.0400085449219,457.6050109863281,458.0400085449219
2025-11-26T20:50:00Z,457.06500244140625,457.06500244140625,456.7699890136719,456.9150085449219,456.9150085449219,1414.0,457.06500244140625,457.06500244140625,456.7699890136719,456.9150085449219
2025-11-26T20:51:00Z,456.67999267578125,456.8999938964844,456.67999267578125,456.8999938964844,456.8999938964844,981.0,456.67999267578125,456.8999938964844,456.67999267578125,456.8999938964844
2025-11-26T20:52:00Z,457.3999938964844,457.4599914550781,457.30999755859375,457.3900146484375,457.3900146484375,909.0,457.3999938964844,457.4599914550781,457.30999755859375,457.3900146484375
2025-11-26T20:53:00Z,456.989990234375,457.29998779296875,456.9100036621094,457.29998779296875,457.29998779296875,512.0,456.989990234375,457.29998779296875,456.9100036621094,457.29998779296875
2025-11-26T20:54:00Z,457.3500061035156,457.3999938964844,456.9100036621094,457.3999938964844,457.3999938964844,959.0,457.3500061035156,457.3999938964844,456.9100036621094,457.3999938964844
2025-11-26T20:55:00Z,457.3500061035156,457.3500061035156,456.44500732421875,457.32000732421875,457.32000732421875,3260.0,457.3500061035156,457.3500061035156,456.44500732421875,457.32000732421875
2025-11-26T20:56:00Z,456.75,457.32000732421875,456.510009765625,457.0400085449219,457.0400085449219,5546.0,456.75,457.32000732421875,456.510009765625,457.0400085449219
2025-11-26T20:57:00Z,456.75,457.04998779296875,456.1000061035156,456.79998779296875,456.79998779296875,6136.0,456.75,457.04998779296875,456.1000061035156,456.79998779296875
2025-11-26T20:58:00Z,456.7799987792969,456.7799987792969,456.2799987792969,456.3500061035156,456.3500061035156,7259.0,456.7799987792969,456.7799987792969,456.2799987792969,456.3500061035156
2025-11-26T20:59:00Z,456.4649963378906,456.5799865722656,455.1199951171875,455.1499938964844,455.1499938964844,10906.0,456.4649963378906,456.5799865722656,455.1199951171875,455.1499938964844
2025-11-28T14:30:00Z,456.6400146484375,456.6400146484375,453.40350341796875,454.43499755859375,454.43499755859375,1778.0,456.6400146484375,456.6400146484375,453.40350341796875,454.43499755859375
2025-11-28T14:34:00Z,454.42999267578125,454.42999267578125,454.42999267578125,454.42999267578125,454.42999267578125,348.0,454.42999267578125,454.42999267578125,454.42999267578125,454.42999267578125
2025-11-28T14:47:00Z,451.6199951171875,451.6199951171875,451.6199951171875,451.6199951171875,451.6199951171875,54.0,451.6199951171875,451.6199951171875,451.6199951171875,451.6199951171875
2025-11-28T14:48:00Z,452.2749938964844,452.2749938964844,452.2749938964844,452.2749938964844,452.2749938964844,50.0,452.2749938964844,452.2749938964844,452.2749938964844,452.2749938964844
2025-11-28T14:49:00Z,454.739990234375,454.739990234375,452.2749938964844,452.2749938964844,452.2749938964844,291.0,454.739990234375,454.739990234375,452.2749938964844,452.2749938964844
2025-11-28T14:50:00Z,454.123291015625,454.42999267578125,449.2799987792969,452.2749938964844,452.2749938964844,548.0,454.123291015625,454.42999267578125,449.2799987792969,452.2749938964844
2025-11-28T14:51:00Z,450.42669677734375,450.42669677734375,450.42669677734375,450.42669677734375,450.42669677734375,387.0,450.42669677734375,450.42669677734375,450.42669677734375,450.42669677734375
2025-11-28T14:53:00Z,453.1099853515625,453.1099853515625,453.1099853515625,453.1099853515625,453.1099853515625,610.0,453.1099853515625,453.1099853515625,453.1099853515625,453.1099853515625
2025-11-28T14:57:00Z,452.29998779296875,452.3599853515625,452.29998779296875,452.3599853515625,452.3599853515625,286.0,452.29998779296875,452.3599853515625,452.29998779296875,452.3599853515625
2025-11-28T14:58:00Z,452.2200012207031,453.7049865722656,451.2449951171875,453.7049865722656,453.7049865722656,236.0,452.2200012207031,453.7049865722656,451.2449951171875,453.7049865722656
2025-11-28T14:59:00Z,451.69000244140625,451.7799987792969,451.69000244140625,451.7799987792969,451.7799987792969,181.0,451.69000244140625,451.7799987792969,451.69000244140625,451.7799987792969
2025-11-28T15:00:00Z,451.5400085449219,452.2149963378906,451.4700012207031,452.2149963378906,452.2149963378906,969.0,451.5400085449219,452.2149963378906,451.4700012207031,452.2149963378906
2025-11-28T15:01:00Z,452.302490234375,452.3699951171875,452.302490234375,452.3699951171875,452.3699951171875,397.0,452.302490234375,452.3699951171875,452.302490234375,452.3699951171875
2025-11-28T15:03:00Z,452.30999755859375,452.94000244140625,451.9750061035156,451.9750061035156,451.9750061035156,663.0,452.30999755859375,452.94000244140625,451.9750061035156,451.9750061035156
2025-11-28T15:05:00Z,453.1700134277344,453.1700134277344,453.1700134277344,453.1700134277344,453.1700134277344,152.0,453.1700134277344,453.1700134277344,453.1700134277344,453.1700134277344
2025-11-28T15:06:00Z,453.17999267578125,453.17999267578125,453.17999267578125,453.17999267578125,453.17999267578125,49.0,453.17999267578125,453.17999267578125,453.17999267578125,453.17999267578125
2025-11-28T15:07:00Z,453.17999267578125,453.6499938964844,453.17999267578125,453.6499938964844,453.6499938964844,602.0,453.17999267578125,453.6499938964844,453.17999267578125,453.6499938964844
2025-11-28T15:12:00Z,453.69000244140625,453.69000244140625,452.70001220703125,452.70001220703125,452.70001220703125,394.0,453.69000244140625,453.69000244140625,452.70001220703125,452.70001220703125
2025-11-28T15:13:00Z,453.3800048828125,453.4049987792969,452.7699890136719,452.9200134277344,452.9200134277344,375.0,453.3800048828125,453.4049987792969,452.7699890136719,452.9200134277344
2025-11-28T15:14:00Z,452.7049865722656,452.7049865722656,452.7049865722656,452.7049865722656,452.7049865722656,217.0,452.7049865722656,452.7049865722656,452.7049865722656,452.7049865722656
2025-11-28T15:15:00Z,452.4200134277344,452.6499938964844,452.3500061035156,452.6499938964844,452.6499938964844,475.0,452.4200134277344,452.6499938964844,452.3500061035156,452.6499938964844
2025-11-28T15:16:00Z,452.7699890136719,452.8349914550781,452.7699890136719,452.8349914550781,452.8349914550781,254.0,452.7699890136719,452.8349914550781,452.7699890136719,452.8349914550781
2025-11-28T15:17:00Z,452.8349914550781,452.8349914550781,452.8349914550781,452.8349914550781,452.8349914550781,143.0,452.8349914550781,452.8349914550781,452.8349914550781,452.8349914550781
2025-11-28T15:19:00Z,452.8349914550781,452.8349914550781,452.8349914550781,452.8349914550781,452.8349914550781,155.0,452.8349914550781,452.8349914550781,452.8349914550781,452.8349914550781
2025-11-28T15:20:00Z,452.3900146484375,452.4800109863281,452.3900146484375,452.4800109863281,452.4800109863281,193.0,452.3900146484375,452.4800109863281,452.3900146484375,452.4800109863281
2025-11-28T15:21:00Z,452.42498779296875,452.42498779296875,451.4200134277344,452.239990234375,452.239990234375,773.0,452.42498779296875,452.42498779296875,451.4200134277344,452.239990234375
2025-11-28T15:22:00Z,452.239990234375,452.239990234375,451.2300109863281,451.2300109863281,451.2300109863281,330.0,452.239990234375,452.239990234375,451.2300109863281,451.2300109863281
2025-11-28T15:23:00Z,452.239990234375,452.239990234375,452.239990234375,452.239990234375,452.239990234375,84.0,452.239990234375,452.239990234375,452.239990234375,452.239990234375
2025-11-28T15:24:00Z,451.42999267578125,452.239990234375,451.3699951171875,451.6600036621094,451.6600036621094,452.0,451.42999267578125,452.239990234375,451.3699951171875,451.6600036621094
2025-11-28T15:25:00Z,451.6499938964844,451.6499938964844,451.2699890136719,451.5849914550781,451.5849914550781,408.0,451.6499938964844,451.6499938964844,451.2699890136719,451.5849914550781
2025-11-28T15:26:00Z,451.614990234375,451.614990234375,451.614990234375,451.614990234375,451.614990234375,321.0,451.614990234375,451.614990234375,451.614990234375,451.614990234375
2025-11-28T15:27:00Z,452.1300048828125,452.1300048828125,451.8125,451.8125,451.8125,180.0,452.1300048828125,452.1300048828125,451.8125,451.8125
2025-11-28T15:28:00Z,451.80499267578125,451.80499267578125,451.7699890136719,451.7699890136719,451.7699890136719,288.0,451.80499267578125,451.80499267578125,451.7699890136719,451.7699890136719
2025-11-28T15:29:00Z,452.1700134277344,452.1700134277344,451.8299865722656,452.1499938964844,452.1499938964844,585.0,452.1700134277344,452.1700134277344,451.8299865722656,452.1499938964844
2025-11-28T15:31:00Z,451.822509765625,451.822509765625,451.822509765625,451.822509765625,451.822509765625,83.0,451.822509765625,451.822509765625,451.822509765625,451.822509765625
2025-11-28T15:32:00Z,451.81500244140625,451.81500244140625,451.81500244140625,451.81500244140625,451.81500244140625,250.0,451.81500244140625,451.81500244140625,451.81500244140625,451.81500244140625
2025-11-28T15:34:00Z,451.3299865722656,451.3299865722656,451.05999755859375,451.05999755859375,451.05999755859375,374.0,451.3299865722656,451.3299865722656,451.05999755859375,451.05999755859375
2025-11-28T15:35:00Z,450.20001220703125,450.20001220703125,450.20001220703125,450.20001220703125,450.20001220703125,184.0,450.20001220703125,450.20001220703125,450.20001220703125,450.20001220703125
2025-11-28T15:36:00Z,451.1000061035156,451.6600036621094,450.94000244140625,451.5799865722656,451.5799865722656,984.0,451.1000061035156,451.6600036621094,450.94000244140625,451.5799865722656
2025-11-28T15:38:00Z,452.0299987792969,452.3500061035156,452.0299987792969,452.3500061035156,452.3500061035156,540.0,452.0299987792969,452.3500061035156,452.0299987792969,452.3500061035156
2025-11-28T15:39:00Z,452.6700134277344,452.6700134277344,452.6700134277344,452.6700134277344,452.6700134277344,242.0,452.6700134277344,452.6700134277344,452.6700134277344,452.6700134277344
2025-11-28T15:41:00Z,452.69000244140625,452.69000244140625,452.67999267578125,452.67999267578125,452.67999267578125,156.0,452.69000244140625,452.69000244140625,452.67999267578125,452.67999267578125
2025-11-28T15:42:00Z,452.1994934082031,453.0799865722656,452.1994934082031,453.0799865722656,453.0799865722656,516.0,452.1994934082031,453.0799865722656,452.1994934082031,453.0799865722656
2025-11-28T15:44:00Z,452.69000244140625,452.69000244140625,452.69000244140625,452.69000244140625,452.69000244140625,142.0,452.69000244140625,452.69000244140625,452.69000244140625,452.69000244140625
2025-11-28T15:46:00Z,453.19000244140625,453.54998779296875,453.1600036621094,453.54998779296875,453.54998779296875,787.0,453.19000244140625,453.54998779296875,453.1600036621094,453.54998779296875
2025-11-28T15:47:00Z,454.1300048828125,454.1300048828125,454.1300048828125,454.1300048828125,454.1300048828125,81.0,454.1300048828125,454.1300048828125,454.1300048828125,454.1300048828125
2025-11-28T15:48:00Z,453.55499267578125,454.0199890136719,453.55499267578125,454.0199890136719,454.0199890136719,114.0,453.55499267578125,454.0199890136719,453.55499267578125,454.0199890136719
2025-11-28T15:49:00Z,454.1300048828125,454.1300048828125,454.1300048828125,454.1300048828125,454.1300048828125,73.0,454.1300048828125,454.1300048828125,454.1300048828125,454.1300048828125
2025-11-28T15:50:00Z,453.55499267578125,453.55499267578125,453.55499267578125,453.55499267578125,453.55499267578125,287.0,453.55499267578125,453.55499267578125,453.55499267578125,453.55499267578125
2025-11-28T15:52:00Z,453.0199890136719,453.0199890136719,452.6400146484375,452.6600036621094,452.6600036621094,815.0,453.0199890136719,453.0199890136719,452.6400146484375,452.6600036621094
2025-11-28T15:55:00Z,452.6549987792969,452.7275085449219,452.6549987792969,452.7275085449219,452.7275085449219,126.0,452.6549987792969,452.7275085449219,452.6549987792969,452.7275085449219
2025-11-28T15:56:00Z,452.7225036621094,452.7225036621094,452.7225036621094,452.7225036621094,452.7225036621094,301.0,452.7225036621094,452.7225036621094,452.7225036621094,452.7225036621094
2025-11-28T15:59:00Z,453.2974853515625,453.8999938964844,453.2974853515625,453.8999938964844,453.8999938964844,346.0,453.2974853515625,453.8999938964844,453.2974853515625,453.8999938964844
2025-11-28T16:01:00Z,453.3949890136719,453.54998779296875,452.9599914550781,453.54998779296875,453.54998779296875,432.0,453.3949890136719,453.54998779296875,452.9599914550781,453.54998779296875
2025-11-28T16:02:00Z,453.19000244140625,453.19000244140625,452.739990234375,452.82000732421875,452.82000732421875,1108.0,453.19000244140625,453.19000244140625,452.739990234375,452.82000732421875
2025-11-28T16:03:00Z,452.8500061035156,453.18499755859375,452.8500061035156,453.18499755859375,453.18499755859375,301.0,452.8500061035156,453.18499755859375,452.8500061035156,453.18499755859375
2025-11-28T16:04:00Z,453.19500732421875,453.19500732421875,453.19500732421875,453.19500732421875,453.19500732421875,155.0,453.19500732421875,453.19500732421875,453.19500732421875,453.19500732421875
2025-11-28T16:05:00Z,453.010009765625,453.20001220703125,453.010009765625,453.20001220703125,453.20001220703125,123.0,453.010009765625,453.20001220703125,453.010009765625,453.20001220703125
2025-11-28T16:07:00Z,452.7799987792969,452.7799987792969,452.7799987792969,452.7799987792969,452.7799987792969,103.0,452.7799987792969,452.7799987792969,452.7799987792969,452.7799987792969
2025-11-28T16:08:00Z,452.739990234375,452.739990234375,452.7099914550781,452.7099914550781,452.7099914550781,301.0,452.739990234375,452.739990234375,452.7099914550781,452.7099914550781
2025-11-28T16:09:00Z,452.7799987792969,453.3800048828125,452.69500732421875,452.69500732421875,452.69500732421875,2009.0,452.7799987792969,453.3800048828125,452.69500732421875,452.69500732421875
2025-11-28T16:10:00Z,452.5,452.8399963378906,451.9800109863281,452.3450012207031,452.3450012207031,649.0,452.5,452.8399963378906,451.9800109863281,452.3450012207031
2025-11-28T16:11:00Z,452.2149963378906,452.43499755859375,452.2149963378906,452.43499755859375,452.43499755859375,313.0,452.2149963378906,452.43499755859375,452.2149963378906,452.43499755859375
2025-11-28T16:12:00Z,452.4599914550781,452.4599914550781,452.2149963378906,452.2149963378906,452.2149963378906,468.0,452.4599914550781,452.4599914550781,452.2149963378906,452.2149963378906
2025-11-28T16:14:00Z,452.1600036621094,452.1600036621094,452.1600036621094,452.1600036621094,452.1600036621094,262.0,452.1600036621094,452.1600036621094,452.1600036621094,452.1600036621094
2025-11-28T16:17:00Z,451.95001220703125,451.95001220703125,451.95001220703125,451.95001220703125,451.95001220703125,274.0,451.95001220703125,451.95001220703125,451.95001220703125,451.95001220703125
2025-11-28T16:19:00Z,452.04998779296875,452.3450012207031,452.04998779296875,452.239990234375,452.239990234375,697.0,452.04998779296875,452.3450012207031,452.04998779296875,452.239990234375
2025-11-28T16:20:00Z,452.239990234375,452.239990234375,452.239990234375,452.239990234375,452.239990234375,313.0,452.239990234375,452.239990234375,452.239990234375,452.239990234375
2025-11-28T16:21:00Z,452.2300109863281,452.2300109863281,452.2300109863281,452.2300109863281,452.2300109863281,288.0,452.2300109863281,452.2300109863281,452.2300109863281,452.2300109863281
2025-11-28T16:24:00Z,451.9599914550781,452.4200134277344,451.9599914550781,452.4200134277344,452.4200134277344,385.0,451.9599914550781,452.4200134277344,451.9599914550781,452.4200134277344
2025-11-28T16:25:00Z,452.5799865722656,452.9800109863281,452.54998779296875,452.9800109863281,452.9800109863281,730.0,452.5799865722656,452.9800109863281,452.54998779296875,452.9800109863281
2025-11-28T16:26:00Z,452.92999267578125,453.1700134277344,452.5299987792969,452.5299987792969,452.5299987792969,1000.0,452.92999267578125,453.1700134277344,452.5299987792969,452.5299987792969
2025-11-28T16:34:00Z,451.9599914550781,451.9599914550781,451.9599914550781,451.9599914550781,451.9599914550781,91.0,451.9599914550781,451.9599914550781,451.9599914550781,451.9599914550781
2025-11-28T16:35:00Z,451.739990234375,452.05999755859375,451.29998779296875,452.05999755859375,452.05999755859375,727.0,451.739990234375,452.05999755859375,451.29998779296875,452.05999755859375
2025-11-28T16:37:00Z,451.8599853515625,451.8599853515625,451.25,451.25,451.25,467.0,451.8599853515625,451.8599853515625,451.25,451.25
2025-11-28T16:39:00Z,451.80999755859375,451.80999755859375,451.80999755859375,451.80999755859375,451.80999755859375,185.0,451.80999755859375,451.80999755859375,451.80999755859375,451.80999755859375
2025-11-28T16:41:00Z,451.80999755859375,451.80999755859375,451.80999755859375,451.80999755859375,451.80999755859375,277.0,451.80999755859375,451.80999755859375,451.80999755859375,451.80999755859375
2025-11-28T16:43:00Z,452.04998779296875,452.69000244140625,452.04998779296875,452.69000244140625,452.69000244140625,794.0,452.04998779296875,452.69000244140625,452.04998779296875,452.69000244140625
2025-11-28T16:45:00Z,452.3450012207031,452.3450012207031,452.3450012207031,452.3450012207031,452.3450012207031,75.0,452.3450012207031,452.3450012207031,452.3450012207031,452.3450012207031
2025-11-28T16:46:00Z,452.489990234375,452.5,452.4800109863281,452.5,452.5,258.0,452.489990234375,452.5,452.4800109863281,452.5
2025-11-28T16:47:00Z,452.489990234375,452.489990234375,452.489990234375,452.489990234375,452.489990234375,126.0,452.489990234375,452.489990234375,452.489990234375,452.489990234375
2025-11-28T16:50:00Z,452.4949951171875,452.4949951171875,452.0299987792969,452.4949951171875,452.4949951171875,461.0,452.4949951171875,452.4949951171875,452.0299987792969,452.4949951171875
2025-11-28T16:52:00Z,452.4700012207031,452.4700012207031,452.4700012207031,452.4700012207031,452.4700012207031,154.0,452.4700012207031,452.4700012207031,452.4700012207031,452.4700012207031
2025-11-28T16:53:00Z,452.7799987792969,452.7799987792969,452.3291931152344,452.3291931152344,452.3291931152344,328.0,452.7799987792969,452.7799987792969,452.3291931152344,452.3291931152344
2025-11-28T16:54:00Z,452.42999267578125,452.42999267578125,452.42999267578125,452.42999267578125,452.42999267578125,459.0,452.42999267578125,452.42999267578125,452.42999267578125,452.42999267578125
2025-11-28T17:00:00Z,452.75,452.75,452.75,452.75,452.75,321.0,452.75,452.75,452.75,452.75
2025-11-28T17:01:00Z,453.0199890136719,453.1099853515625,453.0199890136719,453.1099853515625,453.1099853515625,273.0,453.0199890136719,453.1099853515625,453.0199890136719,453.1099853515625
2025-11-28T17:02:00Z,452.8450012207031,452.8450012207031,452.8450012207031,452.8450012207031,452.8450012207031,262.0,452.8450012207031,452.8450012207031,452.8450012207031,452.8450012207031
2025-11-28T17:03:00Z,452.8399963378906,452.8399963378906,452.70001220703125,452.70001220703125,452.70001220703125,1031.0,452.8399963378906,452.8399963378906,452.70001220703125,452.70001220703125
2025-11-28T17:10:00Z,452.07000732421875,452.07000732421875,452.07000732421875,452.07000732421875,452.07000732421875,754.0,452.07000732421875,452.07000732421875,452.07000732421875,452.07000732421875
2025-11-28T17:16:00Z,451.55499267578125,451.8949890136719,451.3800048828125,451.8949890136719,451.8949890136719,535.0,451.55499267578125,451.8949890136719,451.3800048828125,451.8949890136719
2025-11-28T17:17:00Z,451.75,451.7699890136719,451.6400146484375,451.6400146484375,451.6400146484375,1263.0,451.75,451.7699890136719,451.6400146484375,451.6400146484375
2025-11-28T17:25:00Z,451.9549865722656,451.9549865722656,451.9549865722656,451.9549865722656,451.9549865722656,128.0,451.9549865722656,451.9549865722656,451.9549865722656,451.9549865722656
2025-11-28T17:26:00Z,451.9776916503906,451.9776916503906,451.9776916503906,451.9776916503906,451.9776916503906,113.0,451.9776916503906,451.9776916503906,451.9776916503906,451.9776916503906
2025-11-28T17:28:00Z,451.3699951171875,451.8900146484375,451.3699951171875,451.8900146484375,451.8900146484375,305.0,451.3699951171875,451.8900146484375,451.3699951171875,451.8900146484375
2025-11-28T17:29:00Z,451.9649963378906,451.9649963378906,451.9649963378906,451.9649963378906,451.9649963378906,601.0,451.9649963378906,451.9649963378906,451.9649963378906,451.9649963378906
2025-11-28T17:30:00Z,452.4200134277344,452.6000061035156,452.3699951171875,452.6000061035156,452.6000061035156,699.0,452.4200134277344,452.6000061035156,452.3699951171875,452.6000061035156
2025-11-28T17:31:00Z,452.68499755859375,453.135009765625,452.67999267578125,453.1300048828125,453.1300048828125,752.0,452.68499755859375,453.135009765625,452.67999267578125,453.1300048828125
2025-11-28T17:33:00Z,453.0950012207031,453.0950012207031,452.42999267578125,453.0950012207031,453.0950012207031,340.0,453.0950012207031,453.0950012207031,452.42999267578125,453.0950012207031
2025-11-28T17:34:00Z,452.17999267578125,452.17999267578125,451.94000244140625,451.94000244140625,451.94000244140625,674.0,452.17999267578125,452.17999267578125,451.94000244140625,451.94000244140625
2025-11-28T17:35:00Z,452.6449890136719,452.6449890136719,452.6449890136719,452.6449890136719,452.6449890136719,89.0,452.6449890136719,452.6449890136719,452.6449890136719,452.6449890136719
2025-11-28T17:36:00Z,452.6449890136719,452.6449890136719,452.6449890136719,452.6449890136719,452.6449890136719,134.0,452.6449890136719,452.6449890136719,452.6449890136719,452.6449890136719
2025-11-28T17:37:00Z,452.489990234375,452.489990234375,452.489990234375,452.489990234375,452.489990234375,202.0,452.489990234375,452.489990234375,452.489990234375,452.489990234375
2025-11-28T17:39:00Z,452.760009765625,453.4263916015625,452.760009765625,453.4263916015625,453.4263916015625,242.0,452.760009765625,453.4263916015625,452.760009765625,453.4263916015625
2025-11-28T17:40:00Z,452.7275085449219,452.7275085449219,452.7275085449219,452.7275085449219,452.7275085449219,92.0,452.7275085449219,452.7275085449219,452.7275085449219,452.7275085449219
2025-11-28T17:41:00Z,452.9200134277344,452.9599914550781,452.9200134277344,452.9599914550781,452.9599914550781,585.0,452.9200134277344,452.9599914550781,452.9200134277344,452.9599914550781
2025-11-28T17:42:00Z,453.3949890136719,453.42999267578125,452.989990234375,452.989990234375,452.989990234375,802.0,453.3949890136719,453.42999267578125,452.989990234375,452.989990234375
2025-11-28T17:44:00Z,453.05999755859375,453.94500732421875,453.05999755859375,453.94500732421875,453.94500732421875,1116.0,453.05999755859375,453.94500732421875,453.05999755859375,453.94500732421875
2025-11-28T17:45:00Z,453.9599914550781,453.9599914550781,453.9599914550781,453.9599914550781,453.9599914550781,360.0,453.9599914550781,453.9599914550781,453.9599914550781,453.9599914550781
2025-12-01T14:36:00Z,444.8900146484375,444.8900146484375,443.29998779296875,443.29998779296875,443.29998779296875,328.0,444.8900146484375,444.8900146484375,443.29998779296875,443.29998779296875
2025-12-01T14:37:00Z,443.29998779296875,446.32000732421875,441.70001220703125,445.29998779296875,445.29998779296875,1305.0,443.29998779296875,446.32000732421875,441.70001220703125,445.29998779296875
2025-12-01T14:40:00Z,444.4949951171875,444.4949951171875,444.4949951171875,444.4949951171875,444.4949951171875,96.0,444.4949951171875,444.4949951171875,444.4949951171875,444.4949951171875
2025-12-01T14:41:00Z,444.3310852050781,444.3310852050781,444.3310852050781,444.3310852050781,444.3310852050781,143.0,444.3310852050781,444.3310852050781,444.3310852050781,444.3310852050781
2025-12-01T14:42:00Z,444.92498779296875,444.92498779296875,444.92498779296875,444.92498779296875,444.92498779296875,203.0,444.92498779296875,444.92498779296875,444.92498779296875,444.92498779296875
2025-12-01T14:43:00Z,445.7699890136719,446.2951965332031,445.7699890136719,446.2951965332031,446.2951965332031,547.0,445.7699890136719,446.2951965332031,445.7699890136719,446.2951965332031
2025-12-01T14:47:00Z,444.4599914550781,444.4599914550781,443.32501220703125,444.3399963378906,444.3399963378906,601.0,444.4599914550781,444.4599914550781,443.32501220703125,444.3399963378906
2025-12-01T14:49:00Z,444.54998779296875,444.69000244140625,444.54998779296875,444.69000244140625,444.69000244140625,119.0,444.54998779296875,444.69000244140625,444.54998779296875,444.69000244140625
2025-12-01T14:50:00Z,447.4599914550781,447.4599914550781,447.4599914550781,447.4599914550781,447.4599914550781,156.0,447.4599914550781,447.4599914550781,447.4599914550781,447.4599914550781
2025-12-01T14:51:00Z,445.4949951171875,445.4949951171875,445.4949951171875,445.4949951171875,445.4949951171875,512.0,445.4949951171875,445.4949951171875,445.4949951171875,445.4949951171875
2025-12-01T14:52:00Z,445.5,446.20001220703125,445.5,446.20001220703125,446.20001220703125,368.0,445.5,446.20001220703125,445.5,446.20001220703125
2025-12-01T14:53:00Z,445.92498779296875,445.92498779296875,445.92498779296875,445.92498779296875,445.92498779296875,115.0,445.92498779296875,445.92498779296875,445.92498779296875,445.92498779296875
2025-12-01T14:54:00Z,446.94000244140625,446.94000244140625,446.94000244140625,446.94000244140625,446.94000244140625,137.0,446.94000244140625,446.94000244140625,446.94000244140625,446.94000244140625
2025-12-01T14:55:00Z,446.0849914550781,446.0849914550781,446.0849914550781,446.0849914550781,446.0849914550781,71.0,446.0849914550781,446.0849914550781,446.0849914550781,446.0849914550781
2025-12-01T14:56:00Z,446.3074951171875,449.0799865722656,446.3074951171875,449.05999755859375,449.05999755859375,1773.0,446.3074951171875,449.0799865722656,446.3074951171875,449.05999755859375
2025-12-01T14:58:00Z,449.864990234375,449.9100036621094,449.864990234375,449.9100036621094,449.9100036621094,430.0,449.864990234375,449.9100036621094,449.864990234375,449.9100036621094
2025-12-01T15:02:00Z,450.05999755859375,450.05999755859375,450.05999755859375,450.05999755859375,450.05999755859375,217.0,450.05999755859375,450.05999755859375,450.05999755859375,450.05999755859375
2025-12-01T15:03:00Z,450.3500061035156,450.79998779296875,449.9549865722656,449.9549865722656,449.9549865722656,673.0,450.3500061035156,450.79998779296875,449.9549865722656,449.9549865722656
2025-12-01T15:05:00Z,450.05999755859375,451.3399963378906,450.05999755859375,450.05999755859375,450.05999755859375,261.0,450.05999755859375,451.3399963378906,450.05999755859375,450.05999755859375
2025-12-01T15:06:00Z,452.1000061035156,452.1000061035156,452.1000061035156,452.1000061035156,452.1000061035156,120.0,452.1000061035156,452.1000061035156,452.1000061035156,452.1000061035156
2025-12-01T15:07:00Z,452.5799865722656,452.5799865722656,452.5799865722656,452.5799865722656,452.5799865722656,83.0,452.5799865722656,452.5799865722656,452.5799865722656,452.5799865722656
2025-12-01T15:08:00Z,450.1600036621094,450.1600036621094,450.1600036621094,450.1600036621094,450.1600036621094,103.0,450.1600036621094,450.1600036621094,450.1600036621094,450.1600036621094
2025-12-01T15:10:00Z,451.2699890136719,451.75,450.1700134277344,450.1700134277344,450.1700134277344,776.0,451.2699890136719,451.75,450.1700134277344,450.1700134277344
2025-12-01T15:11:00Z,452.5350036621094,452.5350036621094,450.1600036621094,450.1600036621094,450.1600036621094,121.0,452.5350036621094,452.5350036621094,450.1600036621094,450.1600036621094
2025-12-01T15:12:00Z,451.3599853515625,452.6199951171875,451.3599853515625,451.8599853515625,451.8599853515625,425.0,451.3599853515625,452.6199951171875,451.3599853515625,451.8599853515625
2025-12-01T15:14:00Z,450.2300109863281,452.5199890136719,450.2300109863281,452.5199890136719,452.5199890136719,195.0,450.2300109863281,452.5199890136719,450.2300109863281,452.5199890136719
2025-12-01T15:16:00Z,450.1549987792969,451.7200012207031,450.1549987792969,451.7200012207031,451.7200012207031,463.0,450.1549987792969,451.7200012207031,450.1549987792969,451.7200012207031
2025-12-01T15:17:00Z,450.25,451.6700134277344,450.25,450.37249755859375,450.37249755859375,405.0,450.25,451.6700134277344,450.25,450.37249755859375
2025-12-01T15:18:00Z,451.3599853515625,451.3599853515625,451.3599853515625,451.3599853515625,451.3599853515625,53.0,451.3599853515625,451.3599853515625,451.3599853515625,451.3599853515625
2025-12-01T15:19:00Z,450.2449951171875,450.2449951171875,450.2449951171875,450.2449951171875,450.2449951171875,126.0,450.2449951171875,450.2449951171875,450.2449951171875,450.2449951171875
2025-12-01T15:21:00Z,451.1199951171875,451.1199951171875,450.2449951171875,450.2449951171875,450.2449951171875,157.0,451.1199951171875,451.1199951171875,450.2449951171875,450.2449951171875
2025-12-01T15:22:00Z,450.2449951171875,450.2449951171875,450.2449951171875,450.2449951171875,450.2449951171875,160.0,450.2449951171875,450.2449951171875,450.2449951171875,450.2449951171875
2025-12-01T15:23:00Z,450.2449951171875,451.55999755859375,450.2449951171875,451.55999755859375,451.55999755859375,300.0,450.2449951171875,451.55999755859375,450.2449951171875,451.55999755859375
2025-12-01T15:25:00Z,450.2449951171875,450.2449951171875,450.2449951171875,450.2449951171875,450.2449951171875,371.0,450.2449951171875,450.2449951171875,450.2449951171875,450.2449951171875
2025-12-01T15:26:00Z,451.1199951171875,452.67999267578125,450.2449951171875,452.3500061035156,452.3500061035156,3871.0,451.1199951171875,452.67999267578125,450.2449951171875,452.3500061035156
2025-12-01T15:27:00Z,452.00750732421875,452.3500061035156,450.9599914550781,451.8575134277344,451.8575134277344,4174.0,452.00750732421875,452.3500061035156,450.9599914550781,451.8575134277344
2025-12-01T15:30:00Z,451.81500244140625,451.81500244140625,450.67999267578125,451.6000061035156,451.6000061035156,1619.0,451.81500244140625,451.81500244140625,450.67999267578125,451.6000061035156
2025-12-01T15:31:00Z,450.7799987792969,451.0150146484375,450.7300109863281,450.7300109863281,450.7300109863281,1073.0,450.7799987792969,451.0150146484375,450.7300109863281,450.7300109863281
2025-12-01T15:35:00Z,451.1600036621094,451.2200012207031,450.4200134277344,450.4200134277344,450.4200134277344,715.0,451.1600036621094,451.2200012207031,450.4200134277344,450.4200134277344
2025-12-01T15:36:00Z,450.79998779296875,451.20001220703125,450.79998779296875,451.20001220703125,451.20001220703125,917.0,450.79998779296875,451.20001220703125,450.79998779296875,451.20001220703125
2025-12-01T15:38:00Z,451.0799865722656,451.0799865722656,450.6000061035156,450.6000061035156,450.6000061035156,209.0,451.0799865722656,451.0799865722656,450.6000061035156,450.6000061035156
2025-12-01T15:39:00Z,451.2200012207031,451.32000732421875,450.7149963378906,450.7149963378906,450.7149963378906,1961.0,451.2200012207031,451.32000732421875,450.7149963378906,450.7149963378906
2025-12-01T15:45:00Z,450.6199951171875,450.6199951171875,450.6199951171875,450.6199951171875,450.6199951171875,108.0,450.6199951171875,450.6199951171875,450.6199951171875,450.6199951171875
2025-12-01T15:46:00Z,450.6199951171875,450.6199951171875,450.6199951171875,450.6199951171875,450.6199951171875,306.0,450.6199951171875,450.6199951171875,450.6199951171875,450.6199951171875
2025-12-01T15:48:00Z,450.6199951171875,450.6199951171875,450.6199951171875,450.6199951171875,450.6199951171875,49.0,450.6199951171875,450.6199951171875,450.6199951171875,450.6199951171875
2025-12-01T15:49:00Z,450.6199951171875,450.6650085449219,450.260009765625,450.45001220703125,450.45001220703125,603.0,450.6199951171875,450.6650085449219,450.260009765625,450.45001220703125
2025-12-01T15:50:00Z,450.0199890136719,450.0199890136719,449.4800109863281,449.4800109863281,449.4800109863281,428.0,450.0199890136719,450.0199890136719,449.4800109863281,449.4800109863281
2025-12-01T15:52:00Z,450.0400085449219,450.0400085449219,449.3299865722656,449.9800109863281,449.9800109863281,1049.0,450.0400085449219,450.0400085449219,449.3299865722656,449.9800109863281
2025-12-01T15:53:00Z,450.17999267578125,450.55999755859375,450.17999267578125,450.17999267578125,450.17999267578125,437.0,450.17999267578125,450.55999755859375,450.17999267578125,450.17999267578125
2025-12-01T15:54:00Z,450.70001220703125,450.8999938964844,450.70001220703125,450.8999938964844,450.8999938964844,491.0,450.70001220703125,450.8999938964844,450.70001220703125,450.8999938964844
2025-12-01T15:55:00Z,450.5150146484375,450.5150146484375,450.5150146484375,450.5150146484375,450.5150146484375,110.0,450.5150146484375,450.5150146484375,450.5150146484375,450.5150146484375
2025-12-01T15:56:00Z,450.62750244140625,450.62750244140625,450.5924987792969,450.5924987792969,450.5924987792969,183.0,450.62750244140625,450.62750244140625,450.5924987792969,450.5924987792969
2025-12-01T15:57:00Z,450.739990234375,450.739990234375,450.739990234375,450.739990234375,450.739990234375,152.0,450.739990234375,450.739990234375,450.739990234375,450.739990234375
2025-12-01T15:58:00Z,450.9200134277344,450.9200134277344,450.5150146484375,450.5150146484375,450.5150146484375,176.0,450.9200134277344,450.9200134277344,450.5150146484375,450.5150146484375
2025-12-01T15:59:00Z,451.05999755859375,451.5400085449219,451.05999755859375,451.5350036621094,451.5350036621094,1492.0,451.05999755859375,451.5400085449219,451.05999755859375,451.5350036621094
2025-12-01T16:03:00Z,452.32000732421875,452.32000732421875,452.32000732421875,452.32000732421875,452.32000732421875,174.0,452.32000732421875,452.32000732421875,452.32000732421875,452.32000732421875
2025-12-01T16:04:00Z,452.1050109863281,452.1050109863281,452.1050109863281,452.1050109863281,452.1050109863281,427.0,452.1050109863281,452.1050109863281,452.1050109863281,452.1050109863281
2025-12-01T16:06:00Z,452.1099853515625,452.1099853515625,452.1099853515625,452.1099853515625,452.1099853515625,147.0,452.1099853515625,452.1099853515625,452.1099853515625,452.1099853515625
2025-12-01T16:07:00Z,451.92999267578125,451.92999267578125,451.92999267578125,451.92999267578125,451.92999267578125,205.0,451.92999267578125,451.92999267578125,451.92999267578125,451.92999267578125
2025-12-01T16:08:00Z,451.7550048828125,451.7550048828125,451.5,451.7550048828125,451.7550048828125,312.0,451.7550048828125,451.7550048828125,451.5,451.7550048828125
2025-12-01T16:09:00Z,451.2799987792969,451.2799987792969,451.2799987792969,451.2799987792969,451.2799987792969,126.0,451.2799987792969,451.2799987792969,451.2799987792969,451.2799987792969
2025-12-01T16:10:00Z,451.760009765625,451.760009765625,451.760009765625,451.760009765625,451.760009765625,328.0,451.760009765625,451.760009765625,451.760009765625,451.760009765625
2025-12-01T16:11:00Z,451.3399963378906,451.3399963378906,451.3399963378906,451.3399963378906,451.3399963378906,174.0,451.3399963378906,451.3399963378906,451.3399963378906,451.3399963378906
2025-12-01T16:13:00Z,451.7650146484375,451.7650146484375,451.7650146484375,451.7650146484375,451.7650146484375,127.0,451.7650146484375,451.7650146484375,451.7650146484375,451.7650146484375
2025-12-01T16:14:00Z,451.3900146484375,451.3900146484375,451.3900146484375,451.3900146484375,451.3900146484375,162.0,451.3900146484375,451.3900146484375,451.3900146484375,451.3900146484375
2025-12-01T16:15:00Z,451.7349853515625,451.7699890136719,451.29998779296875,451.3800048828125,451.3800048828125,360.0,451.7349853515625,451.7699890136719,451.29998779296875,451.3800048828125
2025-12-01T16:16:00Z,451.29998779296875,451.29998779296875,450.8399963378906,451.2799987792969,451.2799987792969,1222.0,451.29998779296875,451.29998779296875,450.8399963378906,451.2799987792969
2025-12-01T16:18:00Z,451.12750244140625,451.12750244140625,451.12750244140625,451.12750244140625,451.12750244140625,92.0,451.12750244140625,451.12750244140625,451.12750244140625,451.12750244140625
2025-12-01T16:20:00Z,451.489990234375,451.489990234375,451.2200012207031,451.2200012207031,451.2200012207031,226.0,451.489990234375,451.489990234375,451.2200012207031,451.2200012207031
2025-12-01T16:21:00Z,451.125,451.12750244140625,451.125,451.12750244140625,451.12750244140625,186.0,451.125,451.12750244140625,451.125,451.12750244140625
2025-12-01T16:22:00Z,451.05999755859375,451.1199951171875,450.5899963378906,450.5899963378906,450.5899963378906,702.0,451.05999755859375,451.1199951171875,450.5899963378906,450.5899963378906
2025-12-01T16:25:00Z,451.1600036621094,451.57501220703125,451.1600036621094,451.57501220703125,451.57501220703125,1091.0,451.1600036621094,451.57501220703125,451.1600036621094,451.57501220703125
2025-12-01T16:26:00Z,451.55999755859375,451.6000061035156,451.5199890136719,451.5199890136719,451.5199890136719,689.0,451.55999755859375,451.6000061035156,451.5199890136719,451.5199890136719
2025-12-01T16:30:00Z,451.30999755859375,451.30999755859375,451.17999267578125,451.30999755859375,451.30999755859375,319.0,451.30999755859375,451.30999755859375,451.17999267578125,451.30999755859375
2025-12-01T16:31:00Z,451.31500244140625,452.3699951171875,451.31500244140625,452.3699951171875,452.3699951171875,1040.0,451.31500244140625,452.3699951171875,451.31500244140625,452.3699951171875
2025-12-01T16:37:00Z,452.0,452.0,452.0,452.0,452.0,120.0,452.0,452.0,452.0,452.0
2025-12-01T16:39:00Z,452.1300048828125,452.1300048828125,452.1300048828125,452.1300048828125,452.1300048828125,314.0,452.1300048828125,452.1300048828125,452.1300048828125,452.1300048828125
2025-12-01T16:40:00Z,452.8399963378906,453.17999267578125,452.80999755859375,453.17999267578125,453.17999267578125,1138.0,452.8399963378906,453.17999267578125,452.80999755859375,453.17999267578125
2025-12-01T16:41:00Z,453.17999267578125,453.32501220703125,452.8999938964844,453.32501220703125,453.32501220703125,709.0,453.17999267578125,453.32501220703125,452.8999938964844,453.32501220703125
2025-12-01T16:43:00Z,453.42498779296875,453.42498779296875,452.9200134277344,452.9200134277344,452.9200134277344,314.0,453.42498779296875,453.42498779296875,452.9200134277344,452.9200134277344
2025-12-01T16:44:00Z,453.38250732421875,453.38250732421875,453.38250732421875,453.38250732421875,453.38250732421875,173.0,453.38250732421875,453.38250732421875,453.38250732421875,453.38250732421875
2025-12-01T16:49:00Z,453.6600036621094,453.6700134277344,453.6600036621094,453.6700134277344,453.6700134277344,268.0,453.6600036621094,453.6700134277344,453.6600036621094,453.6700134277344
2025-12-01T16:52:00Z,453.3800048828125,453.3800048828125,452.9700012207031,452.9700012207031,452.9700012207031,416.0,453.3800048828125,453.3800048828125,452.9700012207031,452.9700012207031
2025-12-01T16:55:00Z,453.2900085449219,453.2900085449219,453.2900085449219,453.2900085449219,453.2900085449219,55.0,453.2900085449219,453.2900085449219,453.2900085449219,453.2900085449219
2025-12-01T16:56:00Z,453.2300109863281,453.45001220703125,453.2300109863281,453.45001220703125,453.45001220703125,206.0,453.2300109863281,453.45001220703125,453.2300109863281,453.45001220703125
2025-12-01T16:57:00Z,453.9100036621094,453.9100036621094,453.9100036621094,453.9100036621094,453.9100036621094,227.0,453.9100036621094,453.9100036621094,453.9100036621094,453.9100036621094
2025-12-01T16:58:00Z,453.3924865722656,453.4175109863281,453.3924865722656,453.4175109863281,453.4175109863281,152.0,453.3924865722656,453.4175109863281,453.3924865722656,453.4175109863281
2025-12-01T16:59:00Z,453.1300048828125,453.1300048828125,453.1300048828125,453.1300048828125,453.1300048828125,54.0,453.1300048828125,453.1300048828125,453.1300048828125,453.1300048828125
2025-12-01T17:00:00Z,453.909912109375,453.909912109375,453.909912109375,453.909912109375,453.909912109375,296.0,453.909912109375,453.909912109375,453.909912109375,453.909912109375
2025-12-01T17:02:00Z,453.25,453.25,453.25,453.25,453.25,98.0,453.25,453.25,453.25,453.25
2025-12-01T17:04:00Z,453.0299987792969,453.0299987792969,453.0299987792969,453.0299987792969,453.0299987792969,190.0,453.0299987792969,453.0299987792969,453.0299987792969,453.0299987792969
2025-12-01T17:05:00Z,453.9100036621094,453.9100036621094,453.56500244140625,453.56500244140625,453.56500244140625,1093.0,453.9100036621094,453.9100036621094,453.56500244140625,453.56500244140625
2025-12-01T17:10:00Z,453.9100036621094,454.010009765625,453.8299865722656,454.010009765625,454.010009765625,672.0,453.9100036621094,454.010009765625,453.8299865722656,454.010009765625
2025-12-01T17:11:00Z,453.9800109863281,454.1575012207031,453.8999938964844,454.1575012207031,454.1575012207031,869.0,453.9800109863281,454.1575012207031,453.8999938964844,454.1575012207031
2025-12-01T17:12:00Z,454.0199890136719,454.0199890136719,453.447998046875,453.6600036621094,453.6600036621094,735.0,454.0199890136719,454.0199890136719,453.447998046875,453.6600036621094
2025-12-01T17:13:00Z,453.239990234375,453.239990234375,453.2300109863281,453.2300109863281,453.2300109863281,253.0,453.239990234375,453.239990234375,453.2300109863281,453.2300109863281
2025-12-01T17:14:00Z,452.8599853515625,453.17999267578125,452.8599853515625,453.17999267578125,453.17999267578125,388.0,452.8599853515625,453.17999267578125,452.8599853515625,453.17999267578125
2025-12-01T17:16:00Z,452.3399963378906,452.3399963378906,452.3399963378906,452.3399963378906,452.3399963378906,132.0,452.3399963378906,452.3399963378906,452.3399963378906,452.3399963378906
2025-12-01T17:17:00Z,452.57000732421875,452.57000732421875,452.57000732421875,452.57000732421875,452.57000732421875,194.0,452.57000732421875,452.57000732421875,452.57000732421875,452.57000732421875
2025-12-01T17:18:00Z,452.9599914550781,453.1400146484375,452.9599914550781,453.1400146484375,453.1400146484375,732.0,452.9599914550781,453.1400146484375,452.9599914550781,453.1400146484375
2025-12-01T17:20:00Z,453.04998779296875,453.04998779296875,452.82000732421875,452.82000732421875,452.82000732421875,395.0,453.04998779296875,453.04998779296875,452.82000732421875,452.82000732421875
2025-12-01T17:22:00Z,452.5150146484375,452.5150146484375,452.5150146484375,452.5150146484375,452.5150146484375,181.0,452.5150146484375,452.5150146484375,452.5150146484375,452.5150146484375
2025-12-01T17:23:00Z,453.04998779296875,453.5299987792969,453.04998779296875,453.5299987792969,453.5299987792969,582.0,453.04998779296875,453.5299987792969,453.04998779296875,453.5299987792969
2025-12-01T17:25:00Z,452.8599853515625,452.8599853515625,452.8599853515625,452.8599853515625,452.8599853515625,238.0,452.8599853515625,452.8599853515625,452.8599853515625,452.8599853515625
2025-12-01T17:28:00Z,452.6400146484375,452.6400146484375,452.4800109863281,452.4800109863281,452.4800109863281,577.0,452.6400146484375,452.6400146484375,452.4800109863281,452.4800109863281
2025-12-01T17:34:00Z,453.67498779296875,453.67498779296875,453.67498779296875,453.67498779296875,453.67498779296875,245.0,453.67498779296875,453.67498779296875,453.67498779296875,453.67498779296875
2025-12-01T17:35:00Z,453.3999938964844,453.3999938964844,453.010009765625,453.1499938964844,453.1499938964844,284.0,453.3999938964844,453.3999938964844,453.010009765625,453.1499938964844
2025-12-01T17:37:00Z,453.05999755859375,453.05999755859375,453.05999755859375,453.05999755859375,453.05999755859375,107.0,453.05999755859375,453.05999755859375,453.05999755859375,453.05999755859375
2025-12-01T17:38:00Z,453.1499938964844,453.1499938964844,452.7099914550781,452.7099914550781,452.7099914550781,99.0,453.1499938964844,453.1499938964844,452.7099914550781,452.7099914550781
2025-12-01T17:39:00Z,453.04998779296875,453.1600036621094,453.04998779296875,453.1600036621094,453.1600036621094,227.0,453.04998779296875,453.1600036621094,453.04998779296875,453.1600036621094
2025-12-01T17:41:00Z,452.7799987792969,453.04998779296875,452.6700134277344,452.6700134277344,452.6700134277344,455.0,452.7799987792969,453.04998779296875,452.6700134277344,452.6700134277344
2025-12-01T17:44:00Z,453.1499938964844,453.1499938964844,453.0899963378906,453.1499938964844,453.1499938964844,211.0,453.1499938964844,453.1499938964844,453.0899963378906,453.1499938964844
2025-12-01T17:45:00Z,453.1499938964844,453.1499938964844,453.1499938964844,453.1499938964844,453.1499938964844,211.0,453.1499938964844,453.1499938964844,453.1499938964844,453.1499938964844
2025-12-01T17:47:00Z,453.1499938964844,453.1499938964844,453.1499938964844,453.1499938964844,453.1499938964844,123.0,453.1499938964844,453.1499938964844,453.1499938964844,453.1499938964844
2025-12-01T17:48:00Z,453.1499938964844,453.1499938964844,453.1499938964844,453.1499938964844,453.1499938964844,137.0,453.1499938964844,453.1499938964844,453.1499938964844,453.1499938964844
2025-12-01T17:49:00Z,453.1600036621094,453.1600036621094,453.1600036621094,453.1600036621094,453.1600036621094,129.0,453.1600036621094,453.1600036621094,453.1600036621094,453.1600036621094
2025-12-01T17:50:00Z,453.1499938964844,453.25360107421875,452.4100036621094,453.1499938964844,453.1499938964844,388.0,453.1499938964844,453.25360107421875,452.4100036621094,453.1499938964844
2025-12-01T17:51:00Z,452.989990234375,453.1499938964844,452.989990234375,453.1499938964844,453.1499938964844,208.0,452.989990234375,453.1499938964844,452.989990234375,453.1499938964844
2025-12-01T17:52:00Z,453.5400085449219,453.8900146484375,453.1600036621094,453.1600036621094,453.1600036621094,365.0,453.5400085449219,453.8900146484375,453.1600036621094,453.1600036621094
2025-12-01T17:53:00Z,453.04998779296875,453.04998779296875,453.04998779296875,453.04998779296875,453.04998779296875,94.0,453.04998779296875,453.04998779296875,453.04998779296875,453.04998779296875
2025-12-01T17:54:00Z,452.9002990722656,452.9002990722656,452.9002990722656,452.9002990722656,452.9002990722656,133.0,452.9002990722656,452.9002990722656,452.9002990722656,452.9002990722656
2025-12-01T17:55:00Z,452.6199951171875,453.04998779296875,452.6199951171875,453.04998779296875,453.04998779296875,215.0,452.6199951171875,453.04998779296875,452.6199951171875,453.04998779296875
2025-12-01T17:56:00Z,453.114990234375,453.114990234375,453.114990234375,453.114990234375,453.114990234375,177.0,453.114990234375,453.114990234375,453.114990234375,453.114990234375
2025-12-01T17:57:00Z,452.80999755859375,452.8399963378906,452.80999755859375,452.8399963378906,452.8399963378906,204.0,452.80999755859375,452.8399963378906,452.80999755859375,452.8399963378906
2025-12-01T17:58:00Z,452.8399963378906,452.8399963378906,452.8399963378906,452.8399963378906,452.8399963378906,427.0,452.8399963378906,452.8399963378906,452.8399963378906,452.8399963378906
2025-12-01T17:59:00Z,453.04998779296875,453.04998779296875,452.75250244140625,452.75250244140625,452.75250244140625,262.0,453.04998779296875,453.04998779296875,452.75250244140625,452.75250244140625
2025-12-01T18:00:00Z,452.739990234375,453.1400146484375,452.739990234375,452.8399963378906,452.8399963378906,1586.0,452.739990234375,453.1400146484375,452.739990234375,452.8399963378906
2025-12-01T18:01:00Z,453.3550109863281,453.3550109863281,453.3550109863281,453.3550109863281,453.3550109863281,131.0,453.3550109863281,453.3550109863281,453.3550109863281,453.3550109863281
2025-12-01T18:02:00Z,453.3475036621094,453.3475036621094,453.3475036621094,453.3475036621094,453.3475036621094,216.0,453.3475036621094,453.3475036621094,453.3475036621094,453.3475036621094
2025-12-01T18:03:00Z,453.1449890136719,453.1449890136719,453.1449890136719,453.1449890136719,453.1449890136719,183.0,453.1449890136719,453.1449890136719,453.1449890136719,453.1449890136719
2025-12-01T18:04:00Z,453.0199890136719,453.0400085449219,453.0199890136719,453.0400085449219,453.0400085449219,320.0,453.0199890136719,453.0400085449219,453.0199890136719,453.0400085449219
2025-12-01T18:07:00Z,453.3475036621094,453.364990234375,453.3475036621094,453.364990234375,453.364990234375,179.0,453.3475036621094,453.364990234375,453.3475036621094,453.364990234375
2025-12-01T18:08:00Z,453.1000061035156,453.1000061035156,453.1000061035156,453.1000061035156,453.1000061035156,101.0,453.1000061035156,453.1000061035156,453.1000061035156,453.1000061035156
2025-12-01T18:09:00Z,453.04998779296875,453.04998779296875,453.04998779296875,453.04998779296875,453.04998779296875,194.0,453.04998779296875,453.04998779296875,453.04998779296875,453.04998779296875
2025-12-01T18:10:00Z,452.82000732421875,452.82000732421875,452.82000732421875,452.82000732421875,452.82000732421875,491.0,452.82000732421875,452.82000732421875,452.82000732421875,452.82000732421875
2025-12-01T18:12:00Z,452.5502014160156,452.5502014160156,452.5502014160156,452.5502014160156,452.5502014160156,81.0,452.5502014160156,452.5502014160156,452.5502014160156,452.5502014160156
2025-12-01T18:13:00Z,452.4549865722656,452.4549865722656,452.4549865722656,452.4549865722656,452.4549865722656,314.0,452.4549865722656,452.4549865722656,452.4549865722656,452.4549865722656
2025-12-01T18:14:00Z,452.32000732421875,452.32000732421875,452.32000732421875,452.32000732421875,452.32000732421875,131.0,452.32000732421875,452.32000732421875,452.32000732421875,452.32000732421875
2025-12-01T18:15:00Z,451.8599853515625,451.8599853515625,451.8599853515625,451.8599853515625,451.8599853515625,164.0,451.8599853515625,451.8599853515625,451.8599853515625,451.8599853515625
2025-12-01T18:16:00Z,452.2366943359375,452.2366943359375,452.2366943359375,452.2366943359375,452.2366943359375,137.0,452.2366943359375,452.2366943359375,452.2366943359375,452.2366943359375
2025-12-01T18:17:00Z,452.4125061035156,452.44500732421875,452.0400085449219,452.30999755859375,452.30999755859375,325.0,452.4125061035156,452.44500732421875,452.0400085449219,452.30999755859375
2025-12-01T18:18:00Z,451.9100036621094,452.2850036621094,451.57000732421875,451.57000732421875,451.57000732421875,421.0,451.9100036621094,452.2850036621094,451.57000732421875,451.57000732421875
2025-12-01T18:19:00Z,452.239990234375,452.239990234375,451.9750061035156,451.9750061035156,451.9750061035156,637.0,452.239990234375,452.239990234375,451.9750061035156,451.9750061035156
2025-12-01T18:20:00Z,452.3800048828125,452.6099853515625,452.3800048828125,452.6099853515625,452.6099853515625,1016.0,452.3800048828125,452.6099853515625,452.3800048828125,452.6099853515625
2025-12-01T18:26:00Z,452.3399963378906,452.3399963378906,452.3399963378906,452.3399963378906,452.3399963378906,365.0,452.3399963378906,452.3399963378906,452.3399963378906,452.3399963378906
2025-12-01T18:28:00Z,452.5199890136719,452.5199890136719,452.5199890136719,452.5199890136719,452.5199890136719,45.0,452.5199890136719,452.5199890136719,452.5199890136719,452.5199890136719
2025-12-01T18:29:00Z,452.302490234375,452.3074951171875,452.302490234375,452.3074951171875,452.3074951171875,313.0,452.302490234375,452.3074951171875,452.302490234375,452.3074951171875
2025-12-01T18:30:00Z,452.2550048828125,452.2550048828125,452.2550048828125,452.2550048828125,452.2550048828125,101.0,452.2550048828125,452.2550048828125,452.2550048828125,452.2550048828125
2025-12-01T18:31:00Z,452.2550048828125,452.2550048828125,452.239990234375,452.239990234375,452.239990234375,183.0,452.2550048828125,452.2550048828125,452.239990234375,452.239990234375
2025-12-01T18:32:00Z,452.8550109863281,452.8949890136719,452.3599853515625,452.8949890136719,452.8949890136719,373.0,452.8550109863281,452.8949890136719,452.3599853515625,452.8949890136719
2025-12-01T18:34:00Z,451.8599853515625,452.0299987792969,451.8599853515625,452.0299987792969,452.0299987792969,246.0,451.8599853515625,452.0299987792969,451.8599853515625,452.0299987792969
2025-12-01T18:36:00Z,452.239990234375,452.239990234375,452.239990234375,452.239990234375,452.239990234375,319.0,452.239990234375,452.239990234375,452.239990234375,452.239990234375
2025-12-01T18:38:00Z,452.3399963378906,452.3399963378906,452.3399963378906,452.3399963378906,452.3399963378906,137.0,452.3399963378906,452.3399963378906,452.3399963378906,452.3399963378906
2025-12-01T18:40:00Z,452.3399963378906,453.20001220703125,452.3399963378906,453.20001220703125,453.20001220703125,2199.0,452.3399963378906,453.20001220703125,452.3399963378906,453.20001220703125
2025-12-01T18:41:00Z,453.2799987792969,453.2900085449219,452.80999755859375,452.80999755859375,452.80999755859375,815.0,453.2799987792969,453.2900085449219,452.80999755859375,452.80999755859375
2025-12-01T18:42:00Z,452.6559143066406,452.6559143066406,452.6559143066406,452.6559143066406,452.6559143066406,363.0,452.6559143066406,452.6559143066406,452.6559143066406,452.6559143066406
2025-12-01T18:47:00Z,452.5199890136719,452.5199890136719,452.5199890136719,452.5199890136719,452.5199890136719,291.0,452.5199890136719,452.5199890136719,452.5199890136719,452.5199890136719
2025-12-01T18:48:00Z,452.2200012207031,452.5350036621094,452.1600036621094,452.4200134277344,452.4200134277344,493.0,452.2200012207031,452.5350036621094,452.1600036621094,452.4200134277344
2025-12-01T18:50:00Z,452.0400085449219,452.0400085449219,452.0400085449219,452.0400085449219,452.0400085449219,178.0,452.0400085449219,452.0400085449219,452.0400085449219,452.0400085449219
2025-12-01T18:52:00Z,452.239990234375,452.239990234375,452.239990234375,452.239990234375,452.239990234375,210.0,452.239990234375,452.239990234375,452.239990234375,452.239990234375
2025-12-01T18:54:00Z,452.04998779296875,452.4200134277344,452.0199890136719,452.4200134277344,452.4200134277344,436.0,452.04998779296875,452.4200134277344,452.0199890136719,452.4200134277344
2025-12-01T18:55:00Z,452.239990234375,452.239990234375,452.239990234375,452.239990234375,452.239990234375,169.0,452.239990234375,452.239990234375,452.239990234375,452.239990234375
2025-12-01T18:57:00Z,451.8999938964844,451.8999938964844,451.8999938964844,451.8999938964844,451.8999938964844,554.0,451.8999938964844,451.8999938964844,451.8999938964844,451.8999938964844
2025-12-01T18:59:00Z,452.239990234375,452.3500061035156,452.125,452.3299865722656,452.3299865722656,1065.0,452.239990234375,452.3500061035156,452.125,452.3299865722656
2025-12-01T19:00:00Z,452.2300109863281,452.2300109863281,452.1600036621094,452.1600036621094,452.1600036621094,449.0,452.2300109863281,452.2300109863281,452.1600036621094,452.1600036621094
2025-12-01T19:02:00Z,452.0,452.125,451.57000732421875,451.9800109863281,451.9800109863281,1594.0,452.0,452.125,451.57000732421875,451.9800109863281
2025-12-01T19:04:00Z,451.6400146484375,451.6400146484375,451.6400146484375,451.6400146484375,451.6400146484375,145.0,451.6400146484375,451.6400146484375,451.6400146484375,451.6400146484375
2025-12-01T19:05:00Z,451.9375,451.9375,451.5899963378906,451.5899963378906,451.5899963378906,220.0,451.9375,451.9375,451.5899963378906,451.5899963378906
2025-12-01T19:06:00Z,451.70001220703125,451.70001220703125,451.70001220703125,451.70001220703125,451.70001220703125,147.0,451.70001220703125,451.70001220703125,451.70001220703125,451.70001220703125
2025-12-01T19:07:00Z,451.6099853515625,451.6099853515625,451.6099853515625,451.6099853515625,451.6099853515625,124.0,451.6099853515625,451.6099853515625,451.6099853515625,451.6099853515625
2025-12-01T19:08:00Z,451.6099853515625,451.6099853515625,451.4200134277344,451.4849853515625,451.4849853515625,870.0,451.6099853515625,451.6099853515625,451.4200134277344,451.4849853515625
2025-12-01T19:09:00Z,451.0350036621094,451.2200012207031,451.0350036621094,451.2200012207031,451.2200012207031,815.0,451.0350036621094,451.2200012207031,451.0350036621094,451.2200012207031
2025-12-01T19:11:00Z,450.8500061035156,450.8500061035156,450.8500061035156,450.8500061035156,450.8500061035156,323.0,450.8500061035156,450.8500061035156,450.8500061035156,450.8500061035156
2025-12-01T19:13:00Z,451.2200012207031,451.2200012207031,451.2200012207031,451.2200012207031,451.2200012207031,625.0,451.2200012207031,451.2200012207031,451.2200012207031,451.2200012207031
2025-12-01T19:15:00Z,450.9849853515625,450.9849853515625,450.80999755859375,450.80999755859375,450.80999755859375,103.0,450.9849853515625,450.9849853515625,450.80999755859375,450.80999755859375
2025-12-01T19:16:00Z,450.75,450.75,450.739990234375,450.739990234375,450.739990234375,336.0,450.75,450.75,450.739990234375,450.739990234375
2025-12-01T19:17:00Z,450.4200134277344,450.4200134277344,450.4200134277344,450.4200134277344,450.4200134277344,197.0,450.4200134277344,450.4200134277344,450.4200134277344,450.4200134277344
2025-12-01T19:19:00Z,450.05999755859375,450.05999755859375,449.45001220703125,449.8800048828125,449.8800048828125,1249.0,450.05999755859375,450.05999755859375,449.45001220703125,449.8800048828125
2025-12-01T19:20:00Z,449.5849914550781,450.2799987792969,449.5849914550781,450.2799987792969,450.2799987792969,742.0,449.5849914550781,450.2799987792969,449.5849914550781,450.2799987792969
2025-12-01T19:21:00Z,450.0899963378906,450.0899963378906,450.0899963378906,450.0899963378906,450.0899963378906,328.0,450.0899963378906,450.0899963378906,450.0899963378906,450.0899963378906
2025-12-01T19:22:00Z,449.739990234375,449.7699890136719,449.7200012207031,449.7200012207031,449.7200012207031,937.0,449.739990234375,449.7699890136719,449.7200012207031,449.7200012207031
2025-12-01T19:29:00Z,449.2099914550781,449.2099914550781,449.2099914550781,449.2099914550781,449.2099914550781,218.0,449.2099914550781,449.2099914550781,449.2099914550781,449.2099914550781
2025-12-01T19:31:00Z,449.3800048828125,449.5199890136719,449.2099914550781,449.2099914550781,449.2099914550781,213.0,449.3800048828125,449.5199890136719,449.2099914550781,449.2099914550781
2025-12-01T19:32:00Z,449.2099914550781,449.510009765625,449.2099914550781,449.2099914550781,449.2099914550781,330.0,449.2099914550781,449.510009765625,449.2099914550781,449.2099914550781
2025-12-01T19:33:00Z,449.510009765625,449.510009765625,449.2200012207031,449.2200012207031,449.2200012207031,445.0,449.510009765625,449.510009765625,449.2200012207031,449.2200012207031
2025-12-01T19:35:00Z,449.2699890136719,449.3550109863281,449.2699890136719,449.3550109863281,449.3550109863281,191.0,449.2699890136719,449.3550109863281,449.2699890136719,449.3550109863281
2025-12-01T19:36:00Z,449.32000732421875,449.80999755859375,449.32000732421875,449.80999755859375,449.80999755859375,691.0,449.32000732421875,449.80999755859375,449.32000732421875,449.80999755859375
2025-12-01T19:37:00Z,449.82000732421875,449.82000732421875,449.80999755859375,449.80999755859375,449.80999755859375,582.0,449.82000732421875,449.82000732421875,449.80999755859375,449.80999755859375
2025-12-01T19:39:00Z,449.2699890136719,449.2699890136719,449.2699890136719,449.2699890136719,449.2699890136719,329.0,449.2699890136719,449.2699890136719,449.2699890136719,449.2699890136719
2025-12-01T19:41:00Z,449.5150146484375,449.5150146484375,449.5150146484375,449.5150146484375,449.5150146484375,174.0,449.5150146484375,449.5150146484375,449.5150146484375,449.5150146484375
2025-12-01T19:42:00Z,449.50250244140625,449.50250244140625,449.50250244140625,449.50250244140625,449.50250244140625,184.0,449.50250244140625,449.50250244140625,449.50250244140625,449.50250244140625
2025-12-01T19:43:00Z,449.2099914550781,449.29998779296875,449.2099914550781,449.29998779296875,449.29998779296875,247.0,449.2099914550781,449.29998779296875,449.2099914550781,449.29998779296875
2025-12-01T19:44:00Z,449.2900085449219,449.2900085449219,449.2900085449219,449.2900085449219,449.2900085449219,147.0,449.2900085449219,449.2900085449219,449.2900085449219,449.2900085449219
2025-12-01T19:45:00Z,449.29998779296875,449.29998779296875,449.29998779296875,449.29998779296875,449.29998779296875,117.0,449.29998779296875,449.29998779296875,449.29998779296875,449.29998779296875
2025-12-01T19:46:00Z,449.2699890136719,449.5150146484375,449.260009765625,449.5150146484375,449.5150146484375,516.0,449.2699890136719,449.5150146484375,449.260009765625,449.5150146484375
2025-12-01T19:47:00Z,449.5425109863281,449.82000732421875,449.5150146484375,449.82000732421875,449.82000732421875,1292.0,449.5425109863281,449.82000732421875,449.5150146484375,449.82000732421875
2025-12-01T19:48:00Z,449.5799865722656,449.6600036621094,449.55999755859375,449.6600036621094,449.6600036621094,806.0,449.5799865722656,449.6600036621094,449.55999755859375,449.6600036621094
2025-12-01T19:49:00Z,449.55999755859375,449.55999755859375,449.510009765625,449.510009765625,449.510009765625,505.0,449.55999755859375,449.55999755859375,449.510009765625,449.510009765625
2025-12-01T19:50:00Z,449.5199890136719,449.5199890136719,449.29998779296875,449.32000732421875,449.32000732421875,708.0,449.5199890136719,449.5199890136719,449.29998779296875,449.32000732421875
2025-12-01T19:52:00Z,449.25,449.25,449.2200012207031,449.2200012207031,449.2200012207031,272.0,449.25,449.25,449.2200012207031,449.2200012207031
2025-12-01T19:53:00Z,449.45001220703125,449.5150146484375,449.2200012207031,449.2200012207031,449.2200012207031,465.0,449.45001220703125,449.5150146484375,449.2200012207031,449.2200012207031
2025-12-01T19:54:00Z,449.5050048828125,449.5050048828125,449.5050048828125,449.5050048828125,449.5050048828125,163.0,449.5050048828125,449.5050048828125,449.5050048828125,449.5050048828125
2025-12-01T19:55:00Z,449.2099914550781,449.2099914550781,449.2099914550781,449.2099914550781,449.2099914550781,165.0,449.2099914550781,449.2099914550781,449.2099914550781,449.2099914550781
2025-12-01T19:56:00Z,449.20001220703125,449.20001220703125,448.8900146484375,448.8900146484375,448.8900146484375,799.0,449.20001220703125,449.20001220703125,448.8900146484375,448.8900146484375
2025-12-01T19:57:00Z,449.05999755859375,449.6000061035156,449.05999755859375,449.4800109863281,449.4800109863281,1477.0,449.05999755859375,449.6000061035156,449.05999755859375,449.4800109863281
2025-12-01T20:00:00Z,449.2850036621094,449.2850036621094,449.2850036621094,449.2850036621094,449.2850036621094,186.0,449.2850036621094,449.2850036621094,449.2850036621094,449.2850036621094
2025-12-01T20:02:00Z,449.0199890136719,449.0199890136719,449.0199890136719,449.0199890136719,449.0199890136719,234.0,449.0199890136719,449.0199890136719,449.0199890136719,449.0199890136719
2025-12-01T20:03:00Z,448.7799987792969,448.7799987792969,448.7799987792969,448.7799987792969,448.7799987792969,229.0,448.7799987792969,448.7799987792969,448.7799987792969,448.7799987792969
2025-12-01T20:04:00Z,449.2699890136719,449.2699890136719,449.135009765625,449.135009765625,449.135009765625,684.0,449.2699890136719,449.2699890136719,449.135009765625,449.135009765625
2025-12-01T20:05:00Z,449.3900146484375,449.6700134277344,449.2699890136719,449.489990234375,449.489990234375,1053.0,449.3900146484375,449.6700134277344,449.2699890136719,449.489990234375
2025-12-01T20:07:00Z,449.7200012207031,449.7200012207031,449.7200012207031,449.7200012207031,449.7200012207031,201.0,449.7200012207031,449.7200012207031,449.7200012207031,449.7200012207031
2025-12-01T20:08:00Z,449.5249938964844,449.5249938964844,449.2699890136719,449.2699890136719,449.2699890136719,255.0,449.5249938964844,449.5249938964844,449.2699890136719,449.2699890136719
2025-12-01T20:09:00Z,449.4425048828125,449.4624938964844,449.239990234375,449.239990234375,449.239990234375,822.0,449.4425048828125,449.4624938964844,449.239990234375,449.239990234375
2025-12-01T20:10:00Z,449.2099914550781,449.3599853515625,449.2099914550781,449.239990234375,449.239990234375,344.0,449.2099914550781,449.3599853515625,449.2099914550781,449.239990234375
2025-12-01T20:11:00Z,449.2699890136719,449.2699890136719,449.0799865722656,449.0799865722656,449.0799865722656,617.0,449.2699890136719,449.2699890136719,449.0799865722656,449.0799865722656
2025-12-01T20:12:00Z,448.8800048828125,448.8800048828125,448.70001220703125,448.70001220703125,448.70001220703125,524.0,448.8800048828125,448.8800048828125,448.70001220703125,448.70001220703125
2025-12-01T20:13:00Z,448.42999267578125,448.42999267578125,448.07000732421875,448.07000732421875,448.07000732421875,537.0,448.42999267578125,448.42999267578125,448.07000732421875,448.07000732421875
2025-12-01T20:14:00Z,448.239990234375,448.239990234375,448.20001220703125,448.2349853515625,448.2349853515625,313.0,448.239990234375,448.239990234375,448.20001220703125,448.2349853515625
2025-12-01T20:15:00Z,448.4100036621094,448.4700012207031,448.30499267578125,448.30499267578125,448.30499267578125,1106.0,448.4100036621094,448.4700012207031,448.30499267578125,448.30499267578125
2025-12-01T20:16:00Z,448.6199951171875,448.6300048828125,448.6199951171875,448.6300048828125,448.6300048828125,510.0,448.6199951171875,448.6300048828125,448.6199951171875,448.6300048828125
2025-12-01T20:17:00Z,448.3800048828125,448.3800048828125,448.3599853515625,448.3599853515625,448.3599853515625,974.0,448.3800048828125,448.3800048828125,448.3599853515625,448.3599853515625
2025-12-01T20:21:00Z,447.8900146484375,448.2074890136719,447.8900146484375,448.1099853515625,448.1099853515625,813.0,447.8900146484375,448.2074890136719,447.8900146484375,448.1099853515625
2025-12-01T20:22:00Z,448.1300048828125,448.1300048828125,448.1099853515625,448.1099853515625,448.1099853515625,149.0,448.1300048828125,448.1300048828125,448.1099853515625,448.1099853515625
2025-12-01T20:23:00Z,448.1099853515625,448.1099853515625,448.1000061035156,448.1000061035156,448.1000061035156,452.0,448.1099853515625,448.1099853515625,448.1000061035156,448.1000061035156
2025-12-01T20:24:00Z,447.82000732421875,447.8500061035156,447.7099914550781,447.7099914550781,447.7099914550781,326.0,447.82000732421875,447.8500061035156,447.7099914550781,447.7099914550781
2025-12-01T20:25:00Z,447.75,447.7550048828125,447.4599914550781,447.57000732421875,447.57000732421875,2252.0,447.75,447.7550048828125,447.4599914550781,447.57000732421875
2025-12-01T20:26:00Z,447.8299865722656,447.9599914550781,447.8299865722656,447.9200134277344,447.9200134277344,1438.0,447.8299865722656,447.9599914550781,447.8299865722656,447.9200134277344
2025-12-01T20:27:00Z,447.7149963378906,447.7149963378906,447.6199951171875,447.6199951171875,447.6199951171875,131.0,447.7149963378906,447.7149963378906,447.6199951171875,447.6199951171875
2025-12-01T20:28:00Z,447.5400085449219,447.5400085449219,447.5400085449219,447.5400085449219,447.5400085449219,236.0,447.5400085449219,447.5400085449219,447.5400085449219,447.5400085449219
2025-12-01T20:29:00Z,447.55999755859375,447.55999755859375,447.55999755859375,447.55999755859375,447.55999755859375,245.0,447.55999755859375,447.55999755859375,447.55999755859375,447.55999755859375
2025-12-01T20:30:00Z,447.42999267578125,447.42999267578125,447.42999267578125,447.42999267578125,447.42999267578125,341.0,447.42999267578125,447.42999267578125,447.42999267578125,447.42999267578125
2025-12-01T20:31:00Z,447.44000244140625,447.44000244140625,447.2300109863281,447.3500061035156,447.3500061035156,1853.0,447.44000244140625,447.44000244140625,447.2300109863281,447.3500061035156
2025-12-01T20:32:00Z,447.3399963378906,447.6400146484375,447.3399963378906,447.5350036621094,447.5350036621094,1253.0,447.3399963378906,447.6400146484375,447.3399963378906,447.5350036621094
2025-12-01T20:33:00Z,447.6099853515625,447.6099853515625,447.6099853515625,447.6099853515625,447.6099853515625,91.0,447.6099853515625,447.6099853515625,447.6099853515625,447.6099853515625
2025-12-01T20:34:00Z,447.54998779296875,447.54998779296875,447.25,447.4200134277344,447.4200134277344,398.0,447.54998779296875,447.54998779296875,447.25,447.4200134277344
2025-12-01T20:35:00Z,447.1099853515625,447.5,447.1099853515625,447.1294860839844,447.1294860839844,1310.0,447.1099853515625,447.5,447.1099853515625,447.1294860839844
2025-12-01T20:36:00Z,447.4800109863281,447.7099914550781,447.2950134277344,447.4100036621094,447.4100036621094,1281.0,447.4800109863281,447.7099914550781,447.2950134277344,447.4100036621094
2025-12-01T20:37:00Z,447.3900146484375,447.4150085449219,447.1199951171875,447.1199951171875,447.1199951171875,1278.0,447.3900146484375,447.4150085449219,447.1199951171875,447.1199951171875
2025-12-01T20:38:00Z,447.1199951171875,447.7300109863281,446.8699951171875,447.5400085449219,447.5400085449219,2570.0,447.1199951171875,447.7300109863281,446.8699951171875,447.5400085449219
2025-12-01T20:39:00Z,447.4800109863281,447.5899963378906,447.4800109863281,447.5899963378906,447.5899963378906,361.0,447.4800109863281,447.5899963378906,447.4800109863281,447.5899963378906
2025-12-01T20:40:00Z,447.7900085449219,447.8500061035156,447.7900085449219,447.79998779296875,447.79998779296875,640.0,447.7900085449219,447.8500061035156,447.7900085449219,447.79998779296875
2025-12-01T20:41:00Z,447.7300109863281,447.7300109863281,447.3399963378906,447.3399963378906,447.3399963378906,365.0,447.7300109863281,447.7300109863281,447.3399963378906,447.3399963378906
2025-12-01T20:42:00Z,447.5,447.7550048828125,447.42999267578125,447.55999755859375,447.55999755859375,1202.0,447.5,447.7550048828125,447.42999267578125,447.55999755859375
2025-12-01T20:43:00Z,447.6000061035156,447.8500061035156,447.6000061035156,447.7200012207031,447.7200012207031,1139.0,447.6000061035156,447.8500061035156,447.6000061035156,447.7200012207031
2025-12-01T20:44:00Z,448.17999267578125,448.17999267578125,447.7950134277344,447.7950134277344,447.7950134277344,1393.0,448.17999267578125,448.17999267578125,447.7950134277344,447.7950134277344
2025-12-01T20:45:00Z,447.70001220703125,447.70001220703125,447.70001220703125,447.70001220703125,447.70001220703125,84.0,447.70001220703125,447.70001220703125,447.70001220703125,447.70001220703125
2025-12-01T20:47:00Z,447.70001220703125,447.739990234375,447.69000244140625,447.7300109863281,447.7300109863281,901.0,447.70001220703125,447.739990234375,447.69000244140625,447.7300109863281
2025-12-01T20:48:00Z,447.6400146484375,447.7900085449219,447.6300048828125,447.75,447.75,2214.0,447.6400146484375,447.7900085449219,447.6300048828125,447.75
2025-12-01T20:49:00Z,447.7749938964844,447.9800109863281,447.5899963378906,447.5899963378906,447.5899963378906,746.0,447.7749938964844,447.9800109863281,447.5899963378906,447.5899963378906
2025-12-01T20:50:00Z,447.6000061035156,447.7799987792969,447.5199890136719,447.6700134277344,447.6700134277344,1932.0,447.6000061035156,447.7799987792969,447.5199890136719,447.6700134277344
2025-12-01T20:51:00Z,447.3699951171875,447.52459716796875,447.0799865722656,447.0799865722656,447.0799865722656,1618.0,447.3699951171875,447.52459716796875,447.0799865722656,447.0799865722656
2025-12-01T20:52:00Z,447.2449951171875,447.2449951171875,446.8800048828125,447.0299987792969,447.0299987792969,1426.0,447.2449951171875,447.2449951171875,446.8800048828125,447.0299987792969
2025-12-01T20:53:00Z,446.8299865722656,446.8299865722656,446.6199951171875,446.6199951171875,446.6199951171875,972.0,446.8299865722656,446.8299865722656,446.6199951171875,446.6199951171875
2025-12-01T20:54:00Z,446.4800109863281,446.614990234375,446.2950134277344,446.2950134277344,446.2950134277344,692.0,446.4800109863281,446.614990234375,446.2950134277344,446.2950134277344
2025-12-01T20:55:00Z,446.2349853515625,446.5899963378906,446.135009765625,446.57000732421875,446.57000732421875,2156.0,446.2349853515625,446.5899963378906,446.135009765625,446.57000732421875
2025-12-01T20:56:00Z,446.4200134277344,446.6199951171875,446.2200012207031,446.3699951171875,446.3699951171875,2488.0,446.4200134277344,446.6199951171875,446.2200012207031,446.3699951171875
2025-12-01T20:57:00Z,446.2300109863281,446.7850036621094,446.1300048828125,446.4700012207031,446.4700012207031,4655.0,446.2300109863281,446.7850036621094,446.1300048828125,446.4700012207031
2025-12-01T20:58:00Z,446.4700012207031,446.8800048828125,446.1400146484375,446.1400146484375,446.1400146484375,6274.0,446.4700012207031,446.8800048828125,446.1400146484375,446.1400146484375
2025-12-01T20:59:00Z,446.44500732421875,446.44500732421875,445.739990234375,445.9800109863281,445.9800109863281,10432.0,446.44500732421875,446.44500732421875,445.739990234375,445.9800109863281
2025-12-02T14:30:00Z,447.260009765625,449.7300109863281,445.9100036621094,446.9700012207031,446.9700012207031,2371.0,447.260009765625,449.7300109863281,445.9100036621094,446.9700012207031
2025-12-02T14:31:00Z,448.8467102050781,448.8467102050781,448.8467102050781,448.8467102050781,448.8467102050781,106.0,448.8467102050781,448.8467102050781,448.8467102050781,448.8467102050781
2025-12-02T14:43:00Z,442.3699951171875,443.3699951171875,442.3699951171875,443.3699951171875,443.3699951171875,137.0,442.3699951171875,443.3699951171875,442.3699951171875,443.3699951171875
2025-12-02T14:44:00Z,442.3699951171875,442.3699951171875,442.3699951171875,442.3699951171875,442.3699951171875,269.0,442.3699951171875,442.3699951171875,442.3699951171875,442.3699951171875
2025-12-02T14:46:00Z,441.42999267578125,443.6600036621094,441.42999267578125,443.3999938964844,443.3999938964844,1008.0,441.42999267578125,443.6600036621094,441.42999267578125,443.3999938964844
2025-12-02T14:47:00Z,442.489990234375,442.489990234375,442.489990234375,442.489990234375,442.489990234375,101.0,442.489990234375,442.489990234375,442.489990234375,442.489990234375
2025-12-02T14:50:00Z,443.8299865722656,444.3699951171875,440.54998779296875,442.8800048828125,442.8800048828125,843.0,443.8299865722656,444.3699951171875,440.54998779296875,442.8800048828125
2025-12-02T14:52:00Z,442.70001220703125,442.70001220703125,442.70001220703125,442.70001220703125,442.70001220703125,87.0,442.70001220703125,442.70001220703125,442.70001220703125,442.70001220703125
2025-12-02T14:54:00Z,441.05340576171875,441.05340576171875,441.05340576171875,441.05340576171875,441.05340576171875,183.0,441.05340576171875,441.05340576171875,441.05340576171875,441.05340576171875
2025-12-02T14:56:00Z,442.20001220703125,442.20001220703125,442.20001220703125,442.20001220703125,442.20001220703125,279.0,442.20001220703125,442.20001220703125,442.20001220703125,442.20001220703125
2025-12-02T14:58:00Z,442.20001220703125,443.3699951171875,442.20001220703125,443.3699951171875,443.3699951171875,1005.0,442.20001220703125,443.3699951171875,442.20001220703125,443.3699951171875
2025-12-02T15:10:00Z,442.3205871582031,442.8699951171875,442.2825012207031,442.8699951171875,442.8699951171875,230.0,442.3205871582031,442.8699951171875,442.2825012207031,442.8699951171875
2025-12-02T15:11:00Z,441.55999755859375,442.2174987792969,441.55999755859375,442.2174987792969,442.2174987792969,109.0,441.55999755859375,442.2174987792969,441.55999755859375,442.2174987792969
2025-12-02T15:13:00Z,441.8599853515625,442.3999938964844,441.82501220703125,442.3699951171875,442.3699951171875,1494.0,441.8599853515625,442.3999938964844,441.82501220703125,442.3699951171875
2025-12-02T15:16:00Z,442.3599853515625,442.3599853515625,442.3599853515625,442.3599853515625,442.3599853515625,146.0,442.3599853515625,442.3599853515625,442.3599853515625,442.3599853515625
2025-12-02T15:19:00Z,442.8699951171875,442.8699951171875,442.8699951171875,442.8699951171875,442.8699951171875,169.0,442.8699951171875,442.8699951171875,442.8699951171875,442.8699951171875
2025-12-02T15:20:00Z,443.05999755859375,443.29998779296875,443.05999755859375,443.29998779296875,443.29998779296875,245.0,443.05999755859375,443.29998779296875,443.05999755859375,443.29998779296875
2025-12-02T15:21:00Z,443.3699951171875,443.3699951171875,442.010009765625,442.010009765625,442.010009765625,1099.0,443.3699951171875,443.3699951171875,442.010009765625,442.010009765625
2025-12-02T15:22:00Z,442.0799865722656,442.0799865722656,442.0799865722656,442.0799865722656,442.0799865722656,108.0,442.0799865722656,442.0799865722656,442.0799865722656,442.0799865722656
2025-12-02T15:23:00Z,441.4200134277344,441.4200134277344,441.2699890136719,441.2699890136719,441.2699890136719,282.0,441.4200134277344,441.4200134277344,441.2699890136719,441.2699890136719
2025-12-02T15:25:00Z,441.94000244140625,442.010009765625,441.635009765625,441.7250061035156,441.7250061035156,847.0,441.94000244140625,442.010009765625,441.635009765625,441.7250061035156
2025-12-02T15:27:00Z,441.25,441.25,441.25,441.25,441.25,696.0,441.25,441.25,441.25,441.25
2025-12-02T15:29:00Z,440.7900085449219,440.82000732421875,440.3583068847656,440.82000732421875,440.82000732421875,827.0,440.7900085449219,440.82000732421875,440.3583068847656,440.82000732421875
2025-12-02T15:30:00Z,441.0199890136719,441.0199890136719,441.0199890136719,441.0199890136719,441.0199890136719,349.0,441.0199890136719,441.0199890136719,441.0199890136719,441.0199890136719
2025-12-02T15:32:00Z,440.4800109863281,440.4800109863281,440.0849914550781,440.0849914550781,440.0849914550781,548.0,440.4800109863281,440.4800109863281,440.0849914550781,440.0849914550781
2025-12-02T15:35:00Z,440.0,440.0,440.0,440.0,440.0,266.0,440.0,440.0,440.0,440.0
2025-12-02T15:37:00Z,440.69500732421875,440.82000732421875,440.69500732421875,440.70001220703125,440.70001220703125,754.0,440.69500732421875,440.82000732421875,440.69500732421875,440.70001220703125
2025-12-02T15:39:00Z,441.3999938964844,441.3999938964844,441.3999938964844,441.3999938964844,441.3999938964844,263.0,441.3999938964844,441.3999938964844,441.3999938964844,441.3999938964844
2025-12-02T15:41:00Z,441.0174865722656,441.0299987792969,440.82000732421875,441.0299987792969,441.0299987792969,478.0,441.0174865722656,441.0299987792969,440.82000732421875,441.0299987792969
2025-12-02T15:42:00Z,441.92999267578125,442.0299987792969,441.92999267578125,442.010009765625,442.010009765625,590.0,441.92999267578125,442.0299987792969,441.92999267578125,442.010009765625
2025-12-02T15:43:00Z,441.989990234375,441.989990234375,441.9200134277344,441.9200134277344,441.9200134277344,205.0,441.989990234375,441.989990234375,441.9200134277344,441.9200134277344
2025-12-02T15:45:00Z,441.4599914550781,442.7699890136719,440.8710021972656,442.7699890136719,442.7699890136719,992.0,441.4599914550781,442.7699890136719,440.8710021972656,442.7699890136719
2025-12-02T15:49:00Z,442.7699890136719,442.7699890136719,442.7699890136719,442.7699890136719,442.7699890136719,197.0,442.7699890136719,442.7699890136719,442.7699890136719,442.7699890136719
2025-12-02T15:50:00Z,442.82000732421875,443.29998779296875,442.82000732421875,443.29998779296875,443.29998779296875,490.0,442.82000732421875,443.29998779296875,442.82000732421875,443.29998779296875
2025-12-02T15:54:00Z,443.2200012207031,443.2200012207031,442.7300109863281,442.7300109863281,442.7300109863281,671.0,443.2200012207031,443.2200012207031,442.7300109863281,442.7300109863281
2025-12-02T15:55:00Z,443.2349853515625,443.3699951171875,443.2349853515625,443.3699951171875,443.3699951171875,440.0,443.2349853515625,443.3699951171875,443.2349853515625,443.3699951171875
2025-12-02T15:58:00Z,443.2449951171875,443.3699951171875,443.2449951171875,443.3699951171875,443.3699951171875,409.0,443.2449951171875,443.3699951171875,443.2449951171875,443.3699951171875
2025-12-02T16:02:00Z,443.57000732421875,443.57000732421875,443.2449951171875,443.2449951171875,443.2449951171875,165.0,443.57000732421875,443.57000732421875,443.2449951171875,443.2449951171875
2025-12-02T16:03:00Z,443.8599853515625,443.8599853515625,443.8500061035156,443.8599853515625,443.8599853515625,661.0,443.8599853515625,443.8599853515625,443.8500061035156,443.8599853515625
2025-12-02T16:04:00Z,443.9800109863281,444.0899963378906,443.92999267578125,444.0899963378906,444.0899963378906,517.0,443.9800109863281,444.0899963378906,443.92999267578125,444.0899963378906
2025-12-02T16:06:00Z,444.239990234375,444.4200134277344,444.10699462890625,444.10699462890625,444.10699462890625,375.0,444.239990234375,444.4200134277344,444.10699462890625,444.10699462890625
2025-12-02T16:08:00Z,443.8599853515625,443.8599853515625,443.8599853515625,443.8599853515625,443.8599853515625,103.0,443.8599853515625,443.8599853515625,443.8599853515625,443.8599853515625
2025-12-02T16:09:00Z,443.6300048828125,443.875,443.6300048828125,443.875,443.875,484.0,443.6300048828125,443.875,443.6300048828125,443.875
2025-12-02T16:11:00Z,443.1499938964844,443.17999267578125,442.6700134277344,442.6700134277344,442.6700134277344,694.0,443.1499938964844,443.17999267578125,442.6700134277344,442.6700134277344
2025-12-02T16:12:00Z,443.3699951171875,443.3800048828125,443.07000732421875,443.07000732421875,443.07000732421875,831.0,443.3699951171875,443.3800048828125,443.07000732421875,443.07000732421875
2025-12-02T16:13:00Z,443.0199890136719,443.4013977050781,443.0199890136719,443.4013977050781,443.4013977050781,360.0,443.0199890136719,443.4013977050781,443.0199890136719,443.4013977050781
2025-12-02T16:14:00Z,442.2799987792969,442.70001220703125,442.2799987792969,442.5050048828125,442.5050048828125,506.0,442.2799987792969,442.70001220703125,442.2799987792969,442.5050048828125
2025-12-02T16:15:00Z,442.5050048828125,442.70001220703125,442.5050048828125,442.54998779296875,442.54998779296875,443.0,442.5050048828125,442.70001220703125,442.5050048828125,442.54998779296875
2025-12-02T16:16:00Z,442.70001220703125,442.70001220703125,442.70001220703125,442.70001220703125,442.70001220703125,110.0,442.70001220703125,442.70001220703125,442.70001220703125,442.70001220703125
2025-12-02T16:17:00Z,442.7300109863281,442.8399963378906,442.489990234375,442.70001220703125,442.70001220703125,938.0,442.7300109863281,442.8399963378906,442.489990234375,442.70001220703125
2025-12-02T16:18:00Z,442.889892578125,442.889892578125,442.4750061035156,442.4750061035156,442.4750061035156,783.0,442.889892578125,442.889892578125,442.4750061035156,442.4750061035156
2025-12-02T16:19:00Z,442.1499938964844,442.6199951171875,442.1499938964844,442.4599914550781,442.4599914550781,629.0,442.1499938964844,442.6199951171875,442.1499938964844,442.4599914550781
2025-12-02T16:20:00Z,442.6400146484375,442.70001220703125,442.5299987792969,442.70001220703125,442.70001220703125,422.0,442.6400146484375,442.70001220703125,442.5299987792969,442.70001220703125
2025-12-02T16:21:00Z,442.8900146484375,442.9750061035156,442.8900146484375,442.9750061035156,442.9750061035156,267.0,442.8900146484375,442.9750061035156,442.8900146484375,442.9750061035156
2025-12-02T16:22:00Z,442.9024963378906,442.9024963378906,442.9024963378906,442.9024963378906,442.9024963378906,327.0,442.9024963378906,442.9024963378906,442.9024963378906,442.9024963378906
2025-12-02T16:23:00Z,441.8900146484375,442.0299987792969,441.8800048828125,442.010009765625,442.010009765625,685.0,441.8900146484375,442.0299987792969,441.8800048828125,442.010009765625
2025-12-02T16:25:00Z,441.82000732421875,441.82000732421875,441.43011474609375,441.43011474609375,441.43011474609375,237.0,441.82000732421875,441.82000732421875,441.43011474609375,441.43011474609375
2025-12-02T16:26:00Z,441.82000732421875,442.2799987792969,441.7200012207031,442.2799987792969,442.2799987792969,1341.0,441.82000732421875,442.2799987792969,441.7200012207031,442.2799987792969
2025-12-02T16:30:00Z,442.32000732421875,442.32000732421875,442.32000732421875,442.32000732421875,442.32000732421875,227.0,442.32000732421875,442.32000732421875,442.32000732421875,442.32000732421875
2025-12-02T16:35:00Z,441.8599853515625,442.010009765625,441.69000244140625,442.010009765625,442.010009765625,644.0,441.8599853515625,442.010009765625,441.69000244140625,442.010009765625
2025-12-02T16:36:00Z,441.9750061035156,441.9750061035156,441.9750061035156,441.9750061035156,441.9750061035156,231.0,441.9750061035156,441.9750061035156,441.9750061035156,441.9750061035156
2025-12-02T16:38:00Z,441.6700134277344,441.8349914550781,441.6600036621094,441.6600036621094,441.6600036621094,780.0,441.6700134277344,441.8349914550781,441.6600036621094,441.6600036621094
2025-12-02T16:39:00Z,441.79998779296875,441.79998779296875,441.6199951171875,441.6199951171875,441.6199951171875,240.0,441.79998779296875,441.79998779296875,441.6199951171875,441.6199951171875
2025-12-02T16:40:00Z,441.69000244140625,441.69000244140625,441.69000244140625,441.69000244140625,441.69000244140625,68.0,441.69000244140625,441.69000244140625,441.69000244140625,441.69000244140625
2025-12-02T16:41:00Z,441.54998779296875,441.54998779296875,441.2749938964844,441.2749938964844,441.2749938964844,608.0,441.54998779296875,441.54998779296875,441.2749938964844,441.2749938964844
2025-12-02T16:44:00Z,441.0899963378906,441.0899963378906,441.0899963378906,441.0899963378906,441.0899963378906,248.0,441.0899963378906,441.0899963378906,441.0899963378906,441.0899963378906
2025-12-02T16:47:00Z,441.07501220703125,441.07501220703125,441.07501220703125,441.07501220703125,441.07501220703125,334.0,441.07501220703125,441.07501220703125,441.07501220703125,441.07501220703125
2025-12-02T16:49:00Z,441.05999755859375,441.05999755859375,441.05999755859375,441.05999755859375,441.05999755859375,105.0,441.05999755859375,441.05999755859375,441.05999755859375,441.05999755859375
2025-12-02T16:50:00Z,440.82000732421875,440.82000732421875,440.82000732421875,440.82000732421875,440.82000732421875,252.0,440.82000732421875,440.82000732421875,440.82000732421875,440.82000732421875
2025-12-02T16:52:00Z,440.5849914550781,440.9800109863281,440.5849914550781,440.9800109863281,440.9800109863281,318.0,440.5849914550781,440.9800109863281,440.5849914550781,440.9800109863281
2025-12-02T16:53:00Z,440.5849914550781,440.5849914550781,440.3900146484375,440.3900146484375,440.3900146484375,180.0,440.5849914550781,440.5849914550781,440.3900146484375,440.3900146484375
2025-12-02T16:54:00Z,440.6400146484375,440.82000732421875,440.6400146484375,440.82000732421875,440.82000732421875,240.0,440.6400146484375,440.82000732421875,440.6400146484375,440.82000732421875
2025-12-02T16:55:00Z,441.010009765625,441.0299987792969,440.69500732421875,441.0299987792969,441.0299987792969,275.0,441.010009765625,441.0299987792969,440.69500732421875,441.0299987792969
2025-12-02T16:57:00Z,440.70001220703125,440.9200134277344,440.70001220703125,440.9200134277344,440.9200134277344,88.0,440.70001220703125,440.9200134277344,440.70001220703125,440.9200134277344
2025-12-02T16:58:00Z,440.70001220703125,440.70001220703125,440.2699890136719,440.2699890136719,440.2699890136719,927.0,440.70001220703125,440.70001220703125,440.2699890136719,440.2699890136719
2025-12-02T16:59:00Z,440.0150146484375,440.1499938964844,439.8599853515625,439.8599853515625,439.8599853515625,546.0,440.0150146484375,440.1499938964844,439.8599853515625,439.8599853515625
2025-12-02T17:00:00Z,439.7900085449219,439.8599853515625,439.7900085449219,439.8599853515625,439.8599853515625,196.0,439.7900085449219,439.8599853515625,439.7900085449219,439.8599853515625
2025-12-02T17:01:00Z,439.6099853515625,439.6099853515625,439.6099853515625,439.6099853515625,439.6099853515625,172.0,439.6099853515625,439.6099853515625,439.6099853515625,439.6099853515625
2025-12-02T17:02:00Z,439.9200134277344,439.9200134277344,439.5299987792969,439.5299987792969,439.5299987792969,282.0,439.9200134277344,439.9200134277344,439.5299987792969,439.5299987792969
2025-12-02T17:04:00Z,439.9200134277344,439.9200134277344,439.9200134277344,439.9200134277344,439.9200134277344,286.0,439.9200134277344,439.9200134277344,439.9200134277344,439.9200134277344
2025-12-02T17:06:00Z,439.5400085449219,439.5400085449219,439.5400085449219,439.5400085449219,439.5400085449219,108.0,439.5400085449219,439.5400085449219,439.5400085449219,439.5400085449219
2025-12-02T17:07:00Z,439.5299987792969,439.5299987792969,439.0899963378906,439.0899963378906,439.0899963378906,407.0,439.5299987792969,439.5299987792969,439.0899963378906,439.0899963378906
2025-12-02T17:08:00Z,439.4800109863281,439.4800109863281,439.1700134277344,439.1700134277344,439.1700134277344,270.0,439.4800109863281,439.4800109863281,439.1700134277344,439.1700134277344
2025-12-02T17:10:00Z,439.2799987792969,439.989990234375,439.2799987792969,439.989990234375,439.989990234375,1025.0,439.2799987792969,439.989990234375,439.2799987792969,439.989990234375
2025-12-02T17:11:00Z,440.0,440.0,440.0,440.0,440.0,350.0,440.0,440.0,440.0,440.0
2025-12-02T17:12:00Z,439.7900085449219,439.7900085449219,439.7300109863281,439.7300109863281,439.7300109863281,391.0,439.7900085449219,439.7900085449219,439.7300109863281,439.7300109863281
2025-12-02T17:13:00Z,440.30999755859375,440.30999755859375,440.30999755859375,440.30999755859375,440.30999755859375,372.0,440.30999755859375,440.30999755859375,440.30999755859375,440.30999755859375
2025-12-02T17:17:00Z,440.56500244140625,440.56500244140625,440.56500244140625,440.56500244140625,440.56500244140625,72.0,440.56500244140625,440.56500244140625,440.56500244140625,440.56500244140625
2025-12-02T17:19:00Z,440.56500244140625,441.6099853515625,440.56500244140625,441.6099853515625,441.6099853515625,1286.0,440.56500244140625,441.6099853515625,440.56500244140625,441.6099853515625
2025-12-02T17:22:00Z,441.4649963378906,441.4649963378906,441.2799987792969,441.2799987792969,441.2799987792969,283.0,441.4649963378906,441.4649963378906,441.2799987792969,441.2799987792969
2025-12-02T17:25:00Z,441.4800109863281,441.4800109863281,441.4800109863281,441.4800109863281,441.4800109863281,135.0,441.4800109863281,441.4800109863281,441.4800109863281,441.4800109863281
2025-12-02T17:26:00Z,441.8599853515625,441.9100036621094,441.4800109863281,441.4800109863281,441.4800109863281,521.0,441.8599853515625,441.9100036621094,441.4800109863281,441.4800109863281
2025-12-02T17:27:00Z,441.1700134277344,441.1700134277344,441.1700134277344,441.1700134277344,441.1700134277344,207.0,441.1700134277344,441.1700134277344,441.1700134277344,441.1700134277344
2025-12-02T17:30:00Z,441.55999755859375,441.55999755859375,441.55999755859375,441.55999755859375,441.55999755859375,147.0,441.55999755859375,441.55999755859375,441.55999755859375,441.55999755859375
2025-12-02T17:31:00Z,441.92999267578125,442.010009765625,441.5,442.010009765625,442.010009765625,861.0,441.92999267578125,442.010009765625,441.5,442.010009765625
2025-12-02T17:33:00Z,441.6000061035156,441.6000061035156,441.6000061035156,441.6000061035156,441.6000061035156,119.0,441.6000061035156,441.6000061035156,441.6000061035156,441.6000061035156
2025-12-02T17:34:00Z,441.79998779296875,442.0,441.79998779296875,442.0,442.0,455.0,441.79998779296875,442.0,441.79998779296875,442.0
2025-12-02T17:36:00Z,442.010009765625,442.010009765625,441.5299987792969,442.010009765625,442.010009765625,301.0,442.010009765625,442.010009765625,441.5299987792969,442.010009765625
2025-12-02T17:38:00Z,442.1600036621094,442.1600036621094,442.1600036621094,442.1600036621094,442.1600036621094,453.0,442.1600036621094,442.1600036621094,442.1600036621094,442.1600036621094
2025-12-02T17:39:00Z,441.05999755859375,441.9700012207031,441.05999755859375,441.9700012207031,441.9700012207031,213.0,441.05999755859375,441.9700012207031,441.05999755859375,441.9700012207031
2025-12-02T17:40:00Z,441.0600891113281,441.0600891113281,441.0600891113281,441.0600891113281,441.0600891113281,511.0,441.0600891113281,441.0600891113281,441.0600891113281,441.0600891113281
2025-12-02T17:42:00Z,442.010009765625,442.010009765625,442.010009765625,442.010009765625,442.010009765625,219.0,442.010009765625,442.010009765625,442.010009765625,442.010009765625
2025-12-02T17:43:00Z,442.1600036621094,442.1600036621094,442.010009765625,442.010009765625,442.010009765625,315.0,442.1600036621094,442.1600036621094,442.010009765625,442.010009765625
2025-12-02T17:44:00Z,442.3399963378906,442.57501220703125,442.3399963378906,442.57501220703125,442.57501220703125,879.0,442.3399963378906,442.57501220703125,442.3399963378906,442.57501220703125
2025-12-02T17:47:00Z,441.92999267578125,442.010009765625,441.8500061035156,441.8500061035156,441.8500061035156,376.0,441.92999267578125,442.010009765625,441.8500061035156,441.8500061035156
2025-12-02T17:48:00Z,442.0050048828125,442.010009765625,441.8399963378906,441.8500061035156,441.8500061035156,272.0,442.0050048828125,442.010009765625,441.8399963378906,441.8500061035156
2025-12-02T17:51:00Z,441.739990234375,441.739990234375,441.7200012207031,441.7200012207031,441.7200012207031,218.0,441.739990234375,441.739990234375,441.7200012207031,441.7200012207031
2025-12-02T17:52:00Z,441.7200012207031,441.7200012207031,441.54998779296875,441.54998779296875,441.54998779296875,397.0,441.7200012207031,441.7200012207031,441.54998779296875,441.54998779296875
2025-12-02T17:53:00Z,441.3500061035156,441.42999267578125,441.3500061035156,441.42999267578125,441.42999267578125,478.0,441.3500061035156,441.42999267578125,441.3500061035156,441.42999267578125
2025-12-02T17:54:00Z,441.2799987792969,441.2799987792969,440.8500061035156,440.8500061035156,440.8500061035156,874.0,441.2799987792969,441.2799987792969,440.8500061035156,440.8500061035156
2025-12-02T17:55:00Z,440.6600036621094,440.6600036621094,440.4599914550781,440.4599914550781,440.4599914550781,495.0,440.6600036621094,440.6600036621094,440.4599914550781,440.4599914550781
2025-12-02T17:56:00Z,440.0400085449219,440.3800048828125,440.010009765625,440.20001220703125,440.20001220703125,1403.0,440.0400085449219,440.3800048828125,440.010009765625,440.20001220703125
2025-12-02T17:57:00Z,440.25,440.82501220703125,440.25,440.510009765625,440.510009765625,1719.0,440.25,440.82501220703125,440.25,440.510009765625
2025-12-02T17:58:00Z,440.45001220703125,440.45001220703125,440.19000244140625,440.30999755859375,440.30999755859375,765.0,440.45001220703125,440.45001220703125,440.19000244140625,440.30999755859375
2025-12-02T18:00:00Z,440.489990234375,441.0199890136719,440.489990234375,441.0,441.0,1189.0,440.489990234375,441.0199890136719,440.489990234375,441.0
2025-12-02T18:01:00Z,440.95001220703125,440.95001220703125,440.95001220703125,440.95001220703125,440.95001220703125,205.0,440.95001220703125,440.95001220703125,440.95001220703125,440.95001220703125
2025-12-02T18:04:00Z,441.3699951171875,441.4200134277344,440.8699951171875,441.0899963378906,441.0899963378906,1114.0,441.3699951171875,441.4200134277344,440.8699951171875,441.0899963378906
2025-12-02T18:05:00Z,441.3599853515625,441.3599853515625,441.0899963378906,441.0899963378906,441.0899963378906,215.0,441.3599853515625,441.3599853515625,441.0899963378906,441.0899963378906
2025-12-02T18:06:00Z,440.94500732421875,440.9800109863281,440.94500732421875,440.9800109863281,440.9800109863281,449.0,440.94500732421875,440.9800109863281,440.94500732421875,440.9800109863281
2025-12-02T18:07:00Z,441.5299987792969,441.5299987792969,440.3599853515625,440.9800109863281,440.9800109863281,3776.0,441.5299987792969,441.5299987792969,440.3599853515625,440.9800109863281
2025-12-02T18:08:00Z,440.3599853515625,440.55999755859375,440.3599853515625,440.55999755859375,440.55999755859375,572.0,440.3599853515625,440.55999755859375,440.3599853515625,440.55999755859375
2025-12-02T18:13:00Z,440.5199890136719,440.6600036621094,440.5199890136719,440.5199890136719,440.5199890136719,507.0,440.5199890136719,440.6600036621094,440.5199890136719,440.5199890136719
2025-12-02T18:14:00Z,440.69500732421875,440.69500732421875,440.69500732421875,440.69500732421875,440.69500732421875,129.0,440.69500732421875,440.69500732421875,440.69500732421875,440.69500732421875
2025-12-02T18:16:00Z,440.75,440.82000732421875,440.5199890136719,440.5199890136719,440.5199890136719,580.0,440.75,440.82000732421875,440.5199890136719,440.5199890136719
2025-12-02T18:17:00Z,440.70001220703125,440.70001220703125,440.70001220703125,440.70001220703125,440.70001220703125,213.0,440.70001220703125,440.70001220703125,440.70001220703125,440.70001220703125
2025-12-02T18:18:00Z,441.0199890136719,441.0199890136719,440.7200012207031,440.82000732421875,440.82000732421875,337.0,441.0199890136719,441.0199890136719,440.7200012207031,440.82000732421875
2025-12-02T18:20:00Z,441.010009765625,441.010009765625,440.82000732421875,440.82000732421875,440.82000732421875,266.0,441.010009765625,441.010009765625,440.82000732421875,440.82000732421875
2025-12-02T18:22:00Z,440.9700012207031,441.0199890136719,440.7799987792969,440.7799987792969,440.7799987792969,335.0,440.9700012207031,441.0199890136719,440.7799987792969,440.7799987792969
2025-12-02T18:24:00Z,440.95001220703125,440.95001220703125,440.95001220703125,440.95001220703125,440.95001220703125,114.0,440.95001220703125,440.95001220703125,440.95001220703125,440.95001220703125
2025-12-02T18:25:00Z,440.9150085449219,440.92999267578125,440.9150085449219,440.92999267578125,440.92999267578125,225.0,440.9150085449219,440.92999267578125,440.9150085449219,440.92999267578125
2025-12-02T18:26:00Z,440.9200134277344,440.9200134277344,440.9200134277344,440.9200134277344,440.9200134277344,267.0,440.9200134277344,440.9200134277344,440.9200134277344,440.9200134277344
2025-12-02T18:27:00Z,440.92498779296875,441.3999938964844,440.8699951171875,441.0450134277344,441.0450134277344,2438.0,440.92498779296875,441.3999938964844,440.8699951171875,441.0450134277344
2025-12-02T18:29:00Z,441.6400146484375,441.70001220703125,441.6400146484375,441.70001220703125,441.70001220703125,331.0,441.6400146484375,441.70001220703125,441.6400146484375,441.70001220703125
2025-12-02T18:32:00Z,441.6549987792969,441.6549987792969,441.6549987792969,441.6549987792969,441.6549987792969,102.0,441.6549987792969,441.6549987792969,441.6549987792969,441.6549987792969
2025-12-02T18:33:00Z,441.44000244140625,442.32000732421875,441.3800048828125,442.010009765625,442.010009765625,2290.0,441.44000244140625,442.32000732421875,441.3800048828125,442.010009765625
2025-12-02T18:35:00Z,441.9100036621094,442.3949890136719,441.9100036621094,442.3900146484375,442.3900146484375,245.0,441.9100036621094,442.3949890136719,441.9100036621094,442.3900146484375
2025-12-02T18:37:00Z,442.3949890136719,442.3949890136719,441.6700134277344,441.6700134277344,441.6700134277344,238.0,442.3949890136719,442.3949890136719,441.6700134277344,441.6700134277344
2025-12-02T18:38:00Z,442.4674987792969,442.4674987792969,442.3949890136719,442.3949890136719,442.3949890136719,724.0,442.4674987792969,442.4674987792969,442.3949890136719,442.3949890136719
2025-12-02T18:39:00Z,442.3900146484375,442.3900146484375,442.3900146484375,442.3900146484375,442.3900146484375,337.0,442.3900146484375,442.3900146484375,442.3900146484375,442.3900146484375
2025-12-02T18:41:00Z,441.8500061035156,442.0,441.6700134277344,441.9949951171875,441.9949951171875,1522.0,441.8500061035156,442.0,441.6700134277344,441.9949951171875
2025-12-02T18:43:00Z,442.19000244140625,442.19000244140625,442.05999755859375,442.05999755859375,442.05999755859375,349.0,442.19000244140625,442.19000244140625,442.05999755859375,442.05999755859375
2025-12-02T18:44:00Z,442.3900146484375,442.8599853515625,442.3800048828125,442.67999267578125,442.67999267578125,1970.0,442.3900146484375,442.8599853515625,442.3800048828125,442.67999267578125
2025-12-02T18:46:00Z,442.8500061035156,442.8550109863281,442.8500061035156,442.8500061035156,442.8500061035156,1003.0,442.8500061035156,442.8550109863281,442.8500061035156,442.8500061035156
2025-12-02T18:49:00Z,443.1099853515625,443.1199951171875,443.1099853515625,443.1199951171875,443.1199951171875,542.0,443.1099853515625,443.1199951171875,443.1099853515625,443.1199951171875
2025-12-02T18:56:00Z,443.3699951171875,443.3699951171875,443.1199951171875,443.1199951171875,443.1199951171875,407.0,443.3699951171875,443.3699951171875,443.1199951171875,443.1199951171875
2025-12-02T18:58:00Z,443.0299987792969,443.0299987792969,443.0299987792969,443.0299987792969,443.0299987792969,245.0,443.0299987792969,443.0299987792969,443.0299987792969,443.0299987792969
2025-12-02T19:00:00Z,443.4700012207031,443.5400085449219,443.1199951171875,443.1499938964844,443.1499938964844,1339.0,443.4700012207031,443.5400085449219,443.1199951171875,443.1499938964844
2025-12-02T19:02:00Z,443.55999755859375,443.9599914550781,443.4599914550781,443.8599853515625,443.8599853515625,929.0,443.55999755859375,443.9599914550781,443.4599914550781,443.8599853515625
2025-12-02T19:04:00Z,443.8299865722656,443.8599853515625,443.79998779296875,443.79998779296875,443.79998779296875,391.0,443.8299865722656,443.8599853515625,443.79998779296875,443.79998779296875
2025-12-02T19:05:00Z,443.69000244140625,443.739990234375,443.67999267578125,443.67999267578125,443.67999267578125,743.0,443.69000244140625,443.739990234375,443.67999267578125,443.67999267578125
2025-12-02T19:07:00Z,443.8999938964844,443.8999938964844,443.8999938964844,443.8999938964844,443.8999938964844,120.0,443.8999938964844,443.8999938964844,443.8999938964844,443.8999938964844
2025-12-02T19:10:00Z,443.9049987792969,444.2699890136719,443.8399963378906,444.2699890136719,444.2699890136719,588.0,443.9049987792969,444.2699890136719,443.8399963378906,444.2699890136719
2025-12-02T19:13:00Z,443.8999938964844,443.8999938964844,443.8999938964844,443.8999938964844,443.8999938964844,386.0,443.8999938964844,443.8999938964844,443.8999938964844,443.8999938964844
2025-12-02T19:14:00Z,443.9700012207031,444.4700012207031,443.9700012207031,444.4700012207031,444.4700012207031,2206.0,443.9700012207031,444.4700012207031,443.9700012207031,444.4700012207031
2025-12-02T19:16:00Z,444.489990234375,444.489990234375,444.489990234375,444.489990234375,444.489990234375,226.0,444.489990234375,444.489990234375,444.489990234375,444.489990234375
2025-12-02T19:19:00Z,444.82000732421875,444.9491882324219,444.82000732421875,444.9491882324219,444.9491882324219,141.0,444.82000732421875,444.9491882324219,444.82000732421875,444.9491882324219
2025-12-02T19:20:00Z,444.6400146484375,444.6400146484375,444.42999267578125,444.42999267578125,444.42999267578125,675.0,444.6400146484375,444.6400146484375,444.42999267578125,444.42999267578125
2025-12-02T19:21:00Z,444.5400085449219,444.5400085449219,444.3861999511719,444.3861999511719,444.3861999511719,281.0,444.5400085449219,444.5400085449219,444.3861999511719,444.3861999511719
2025-12-02T19:22:00Z,444.4750061035156,444.4750061035156,444.4750061035156,444.4750061035156,444.4750061035156,92.0,444.4750061035156,444.4750061035156,444.4750061035156,444.4750061035156
2025-12-02T19:23:00Z,444.6300048828125,444.7300109863281,444.6300048828125,444.7300109863281,444.7300109863281,557.0,444.6300048828125,444.7300109863281,444.6300048828125,444.7300109863281
2025-12-02T19:26:00Z,444.760009765625,445.20001220703125,444.760009765625,445.20001220703125,445.20001220703125,565.0,444.760009765625,445.20001220703125,444.760009765625,445.20001220703125
2025-12-02T19:27:00Z,445.0199890136719,445.0199890136719,444.9849853515625,444.9849853515625,444.9849853515625,704.0,445.0199890136719,445.0199890136719,444.9849853515625,444.9849853515625
2025-12-02T19:28:00Z,445.20001220703125,445.2799987792969,445.20001220703125,445.2799987792969,445.2799987792969,205.0,445.20001220703125,445.2799987792969,445.20001220703125,445.2799987792969
2025-12-02T19:29:00Z,445.3800048828125,445.70001220703125,445.3800048828125,445.70001220703125,445.70001220703125,398.0,445.3800048828125,445.70001220703125,445.3800048828125,445.70001220703125
2025-12-02T19:30:00Z,445.6700134277344,445.70001220703125,445.6700134277344,445.70001220703125,445.70001220703125,328.0,445.6700134277344,445.70001220703125,445.6700134277344,445.70001220703125
2025-12-02T19:31:00Z,445.9100036621094,445.9100036621094,445.5,445.5,445.5,364.0,445.9100036621094,445.9100036621094,445.5,445.5
2025-12-02T19:37:00Z,445.54998779296875,445.54998779296875,445.54998779296875,445.54998779296875,445.54998779296875,217.0,445.54998779296875,445.54998779296875,445.54998779296875,445.54998779296875
2025-12-02T19:39:00Z,445.5450134277344,445.5450134277344,445.5450134277344,445.5450134277344,445.5450134277344,332.0,445.5450134277344,445.5450134277344,445.5450134277344,445.5450134277344
2025-12-02T19:41:00Z,445.19000244140625,445.19000244140625,445.19000244140625,445.19000244140625,445.19000244140625,258.0,445.19000244140625,445.19000244140625,445.19000244140625,445.19000244140625
2025-12-02T19:44:00Z,445.55499267578125,445.55499267578125,445.5425109863281,445.5425109863281,445.5425109863281,416.0,445.55499267578125,445.55499267578125,445.5425109863281,445.5425109863281
2025-12-02T19:46:00Z,445.56500244140625,445.57000732421875,445.56500244140625,445.57000732421875,445.57000732421875,146.0,445.56500244140625,445.57000732421875,445.56500244140625,445.57000732421875
2025-12-02T19:47:00Z,445.57000732421875,445.57000732421875,445.57000732421875,445.57000732421875,445.57000732421875,237.0,445.57000732421875,445.57000732421875,445.57000732421875,445.57000732421875
2025-12-02T19:49:00Z,445.8500061035156,445.9100036621094,445.57000732421875,445.57000732421875,445.57000732421875,843.0,445.8500061035156,445.9100036621094,445.57000732421875,445.57000732421875
2025-12-02T19:50:00Z,445.8500061035156,445.8500061035156,445.8500061035156,445.8500061035156,445.8500061035156,88.0,445.8500061035156,445.8500061035156,445.8500061035156,445.8500061035156
2025-12-02T19:51:00Z,445.9100036621094,446.04998779296875,445.9100036621094,446.04998779296875,446.04998779296875,1212.0,445.9100036621094,446.04998779296875,445.9100036621094,446.04998779296875
2025-12-02T19:52:00Z,445.989990234375,445.989990234375,445.7799987792969,445.8500061035156,445.8500061035156,1178.0,445.989990234375,445.989990234375,445.7799987792969,445.8500061035156
2025-12-02T19:56:00Z,445.7099914550781,445.7099914550781,445.69000244140625,445.69000244140625,445.69000244140625,264.0,445.7099914550781,445.7099914550781,445.69000244140625,445.69000244140625
2025-12-02T19:57:00Z,445.8999938964844,446.0,445.8999938964844,446.0,446.0,206.0,445.8999938964844,446.0,445.8999938964844,446.0
2025-12-02T19:58:00Z,445.8999938964844,446.0299987792969,445.8999938964844,446.0249938964844,446.0249938964844,438.0,445.8999938964844,446.0299987792969,445.8999938964844,446.0249938964844
2025-12-02T19:59:00Z,445.9200134277344,445.9200134277344,445.82000732421875,445.8399963378906,445.8399963378906,623.0,445.9200134277344,445.9200134277344,445.82000732421875,445.8399963378906
2025-12-02T20:00:00Z,445.9049987792969,445.9049987792969,445.9049987792969,445.9049987792969,445.9049987792969,273.0,445.9049987792969,445.9049987792969,445.9049987792969,445.9049987792969
2025-12-02T20:02:00Z,445.989990234375,445.989990234375,445.9049987792969,445.9049987792969,445.9049987792969,199.0,445.989990234375,445.989990234375,445.9049987792969,445.9049987792969
2025-12-02T20:03:00Z,445.6700134277344,445.8500061035156,445.6700134277344,445.8500061035156,445.8500061035156,220.0,445.6700134277344,445.8500061035156,445.6700134277344,445.8500061035156
2025-12-02T20:04:00Z,445.8900146484375,445.8900146484375,445.8475036621094,445.8475036621094,445.8475036621094,492.0,445.8900146484375,445.8900146484375,445.8475036621094,445.8475036621094
2025-12-02T20:08:00Z,445.8999938964844,446.489990234375,445.8999938964844,446.489990234375,446.489990234375,3344.0,445.8999938964844,446.489990234375,445.8999938964844,446.489990234375
2025-12-02T20:10:00Z,446.989990234375,446.989990234375,446.70001220703125,446.70001220703125,446.70001220703125,1617.0,446.989990234375,446.989990234375,446.70001220703125,446.70001220703125
2025-12-02T20:12:00Z,446.95001220703125,446.95001220703125,446.95001220703125,446.95001220703125,446.95001220703125,228.0,446.95001220703125,446.95001220703125,446.95001220703125,446.95001220703125
2025-12-02T20:13:00Z,446.94000244140625,446.94000244140625,446.94000244140625,446.94000244140625,446.94000244140625,183.0,446.94000244140625,446.94000244140625,446.94000244140625,446.94000244140625
2025-12-02T20:14:00Z,447.07501220703125,447.07501220703125,447.07501220703125,447.07501220703125,447.07501220703125,288.0,447.07501220703125,447.07501220703125,447.07501220703125,447.07501220703125
2025-12-02T20:15:00Z,447.2200012207031,447.239990234375,447.2200012207031,447.239990234375,447.239990234375,116.0,447.2200012207031,447.239990234375,447.2200012207031,447.239990234375
2025-12-02T20:16:00Z,447.25,447.32000732421875,447.2300109863281,447.2799987792969,447.2799987792969,427.0,447.25,447.32000732421875,447.2300109863281,447.2799987792969
2025-12-02T20:17:00Z,447.29998779296875,447.29998779296875,447.25,447.25,447.25,170.0,447.29998779296875,447.29998779296875,447.25,447.25
2025-12-02T20:18:00Z,447.07501220703125,447.07501220703125,446.82000732421875,446.82000732421875,446.82000732421875,1612.0,447.07501220703125,447.07501220703125,446.82000732421875,446.82000732421875
2025-12-02T20:23:00Z,446.760009765625,446.9200134277344,446.7049865722656,446.9200134277344,446.9200134277344,1742.0,446.760009765625,446.9200134277344,446.7049865722656,446.9200134277344
2025-12-02T20:24:00Z,446.9100036621094,446.9100036621094,446.9100036621094,446.9100036621094,446.9100036621094,204.0,446.9100036621094,446.9100036621094,446.9100036621094,446.9100036621094
2025-12-02T20:25:00Z,446.7699890136719,446.7699890136719,446.55999755859375,446.55999755859375,446.55999755859375,962.0,446.7699890136719,446.7699890136719,446.55999755859375,446.55999755859375
2025-12-02T20:26:00Z,446.5400085449219,446.5400085449219,446.5400085449219,446.5400085449219,446.5400085449219,412.0,446.5400085449219,446.5400085449219,446.5400085449219,446.5400085449219
2025-12-02T20:28:00Z,446.4200134277344,446.42999267578125,446.3399963378906,446.3399963378906,446.3399963378906,655.0,446.4200134277344,446.42999267578125,446.3399963378906,446.3399963378906
2025-12-02T20:29:00Z,446.3800048828125,446.7099914550781,446.3800048828125,446.7099914550781,446.7099914550781,1238.0,446.3800048828125,446.7099914550781,446.3800048828125,446.7099914550781
2025-12-02T20:30:00Z,446.8599853515625,446.8599853515625,446.7200012207031,446.7250061035156,446.7250061035156,542.0,446.8599853515625,446.8599853515625,446.7200012207031,446.7250061035156
2025-12-02T20:31:00Z,446.8500061035156,446.8599853515625,446.3900146484375,446.3999938964844,446.3999938964844,1886.0,446.8500061035156,446.8599853515625,446.3900146484375,446.3999938964844
2025-12-02T20:32:00Z,446.25,446.25,446.25,446.25,446.25,332.0,446.25,446.25,446.25,446.25
2025-12-02T20:33:00Z,446.1099853515625,446.1099853515625,445.8500061035156,445.8500061035156,445.8500061035156,448.0,446.1099853515625,446.1099853515625,445.8500061035156,445.8500061035156
2025-12-02T20:34:00Z,446.01251220703125,446.19000244140625,446.0050048828125,446.17999267578125,446.17999267578125,807.0,446.01251220703125,446.19000244140625,446.0050048828125,446.17999267578125
2025-12-02T20:35:00Z,446.30499267578125,446.489990234375,446.30499267578125,446.489990234375,446.489990234375,810.0,446.30499267578125,446.489990234375,446.30499267578125,446.489990234375
2025-12-02T20:37:00Z,446.29998779296875,446.29998779296875,446.1499938964844,446.1499938964844,446.1499938964844,627.0,446.29998779296875,446.29998779296875,446.1499938964844,446.1499938964844
2025-12-02T20:38:00Z,446.2099914550781,446.2099914550781,445.8399963378906,445.8399963378906,445.8399963378906,855.0,446.2099914550781,446.2099914550781,445.8399963378906,445.8399963378906
2025-12-02T20:39:00Z,445.8399963378906,446.0379943847656,445.79998779296875,445.92999267578125,445.92999267578125,1338.0,445.8399963378906,446.0379943847656,445.79998779296875,445.92999267578125
2025-12-02T20:40:00Z,445.9100036621094,445.9100036621094,445.9100036621094,445.9100036621094,445.9100036621094,184.0,445.9100036621094,445.9100036621094,445.9100036621094,445.9100036621094
2025-12-02T20:41:00Z,445.9100036621094,446.07000732421875,445.9100036621094,446.0450134277344,446.0450134277344,741.0,445.9100036621094,446.07000732421875,445.9100036621094,446.0450134277344
2025-12-02T20:42:00Z,446.0299987792969,446.0299987792969,445.510009765625,445.5199890136719,445.5199890136719,2620.0,446.0299987792969,446.0299987792969,445.510009765625,445.5199890136719
2025-12-02T20:43:00Z,445.6449890136719,445.6449890136719,445.4100036621094,445.5050048828125,445.5050048828125,572.0,445.6449890136719,445.6449890136719,445.4100036621094,445.5050048828125
2025-12-02T20:44:00Z,445.510009765625,445.760009765625,445.510009765625,445.6499938964844,445.6499938964844,545.0,445.510009765625,445.760009765625,445.510009765625,445.6499938964844
2025-12-02T20:45:00Z,445.760009765625,445.760009765625,445.6549987792969,445.6700134277344,445.6700134277344,510.0,445.760009765625,445.760009765625,445.6549987792969,445.6700134277344
2025-12-02T20:46:00Z,445.6700134277344,445.6700134277344,445.5799865722656,445.5799865722656,445.5799865722656,934.0,445.6700134277344,445.6700134277344,445.5799865722656,445.5799865722656
2025-12-02T20:47:00Z,445.5849914550781,445.5849914550781,445.4100036621094,445.45001220703125,445.45001220703125,585.0,445.5849914550781,445.5849914550781,445.4100036621094,445.45001220703125
2025-12-02T20:48:00Z,445.44000244140625,445.739990234375,445.44000244140625,445.7300109863281,445.7300109863281,688.0,445.44000244140625,445.739990234375,445.44000244140625,445.7300109863281
2025-12-02T20:49:00Z,445.70001220703125,445.70001220703125,445.2900085449219,445.5769958496094,445.5769958496094,2375.0,445.70001220703125,445.70001220703125,445.2900085449219,445.5769958496094
2025-12-02T20:50:00Z,445.3699951171875,445.6000061035156,445.0899963378906,445.0899963378906,445.0899963378906,4065.0,445.3699951171875,445.6000061035156,445.0899963378906,445.0899963378906
2025-12-02T20:51:00Z,445.0199890136719,445.18499755859375,445.0199890136719,445.0400085449219,445.0400085449219,1594.0,445.0199890136719,445.18499755859375,445.0199890136719,445.0400085449219
2025-12-02T20:52:00Z,445.0400085449219,445.17999267578125,444.989990234375,444.989990234375,444.989990234375,1600.0,445.0400085449219,445.17999267578125,444.989990234375,444.989990234375
2025-12-02T20:53:00Z,445.1300048828125,445.1300048828125,444.3699951171875,444.42999267578125,444.42999267578125,1509.0,445.1300048828125,445.1300048828125,444.3699951171875,444.42999267578125
2025-12-02T20:54:00Z,444.3800048828125,444.4800109863281,444.0299987792969,444.2275085449219,444.2275085449219,1804.0,444.3800048828125,444.4800109863281,444.0299987792969,444.2275085449219
2025-12-02T20:55:00Z,444.2349853515625,445.8890075683594,444.0299987792969,445.8699951171875,445.8699951171875,10349.0,444.2349853515625,445.8890075683594,444.0299987792969,445.8699951171875
2025-12-02T20:56:00Z,445.7099914550781,445.92999267578125,445.6600036621094,445.6600036621094,445.6600036621094,3131.0,445.7099914550781,445.92999267578125,445.6600036621094,445.6600036621094
2025-12-02T20:57:00Z,445.6600036621094,446.7099914550781,445.4599914550781,446.7099914550781,446.7099914550781,7200.0,445.6600036621094,446.7099914550781,445.4599914550781,446.7099914550781
2025-12-02T20:58:00Z,446.7200012207031,446.95001220703125,446.5899963378906,446.7349853515625,446.7349853515625,3036.0,446.7200012207031,446.95001220703125,446.5899963378906,446.7349853515625
2025-12-02T20:59:00Z,446.9599914550781,447.1400146484375,446.3299865722656,447.0899963378906,447.0899963378906,12521.0,446.9599914550781,447.1400146484375,446.3299865722656,447.0899963378906
2025-12-03T14:30:00Z,447.95001220703125,451.6300048828125,445.8500061035156,445.8500061035156,445.8500061035156,1935.0,447.95001220703125,451.6300048828125,445.8500061035156,445.8500061035156
2025-12-03T14:31:00Z,445.8500061035156,446.0199890136719,445.8500061035156,446.0199890136719,446.0199890136719,394.0,445.8500061035156,446.0199890136719,445.8500061035156,446.0199890136719
2025-12-03T14:32:00Z,442.2619934082031,445.68499755859375,442.2619934082031,445.68499755859375,445.68499755859375,502.0,442.2619934082031,445.68499755859375,442.2619934082031,445.68499755859375
2025-12-03T14:33:00Z,448.2749938964844,448.2749938964844,448.2749938964844,448.2749938964844,448.2749938964844,140.0,448.2749938964844,448.2749938964844,448.2749938964844,448.2749938964844
2025-12-03T14:35:00Z,447.3800048828125,447.7099914550781,447.3800048828125,447.7099914550781,447.7099914550781,200.0,447.3800048828125,447.7099914550781,447.3800048828125,447.7099914550781
2025-12-03T14:38:00Z,449.9549865722656,450.0799865722656,449.9549865722656,450.0799865722656,450.0799865722656,177.0,449.9549865722656,450.0799865722656,449.9549865722656,450.0799865722656
2025-12-03T14:39:00Z,448.1050109863281,450.4599914550781,447.093994140625,450.4599914550781,450.4599914550781,564.0,448.1050109863281,450.4599914550781,447.093994140625,450.4599914550781
2025-12-03T14:40:00Z,450.17999267578125,450.2349853515625,449.4200134277344,449.4200134277344,449.4200134277344,813.0,450.17999267578125,450.2349853515625,449.4200134277344,449.4200134277344
2025-12-03T14:44:00Z,451.9800109863281,451.9800109863281,451.6050109863281,451.90948486328125,451.90948486328125,5555.0,451.9800109863281,451.9800109863281,451.6050109863281,451.90948486328125
2025-12-03T14:45:00Z,453.239990234375,453.239990234375,451.6050109863281,453.1300048828125,453.1300048828125,814.0,453.239990234375,453.239990234375,451.6050109863281,453.1300048828125
2025-12-03T14:47:00Z,450.67999267578125,451.125,450.67999267578125,451.125,451.125,295.0,450.67999267578125,451.125,450.67999267578125,451.125
2025-12-03T14:49:00Z,451.989990234375,452.92999267578125,451.63250732421875,451.93499755859375,451.93499755859375,1393.0,451.989990234375,452.92999267578125,451.63250732421875,451.93499755859375
2025-12-03T14:52:00Z,449.7550048828125,450.9150085449219,449.7550048828125,450.9150085449219,450.9150085449219,296.0,449.7550048828125,450.9150085449219,449.7550048828125,450.9150085449219
2025-12-03T14:54:00Z,450.5450134277344,450.5450134277344,450.5450134277344,450.5450134277344,450.5450134277344,269.0,450.5450134277344,450.5450134277344,450.5450134277344,450.5450134277344
2025-12-03T14:56:00Z,450.82000732421875,450.82000732421875,450.32000732421875,450.32000732421875,450.32000732421875,426.0,450.82000732421875,450.82000732421875,450.32000732421875,450.32000732421875
2025-12-03T14:57:00Z,450.07000732421875,450.3999938964844,449.9150085449219,450.3900146484375,450.3900146484375,941.0,450.07000732421875,450.3999938964844,449.9150085449219,450.3900146484375
2025-12-03T14:58:00Z,449.9150085449219,449.9150085449219,449.9150085449219,449.9150085449219,449.9150085449219,112.0,449.9150085449219,449.9150085449219,449.9150085449219,449.9150085449219
2025-12-03T14:59:00Z,450.0,451.0350036621094,450.0,451.0350036621094,451.0350036621094,712.0,450.0,451.0350036621094,450.0,451.0350036621094
2025-12-03T15:00:00Z,450.95001220703125,450.95001220703125,450.95001220703125,450.95001220703125,450.95001220703125,953.0,450.95001220703125,450.95001220703125,450.95001220703125,450.95001220703125
2025-12-03T15:06:00Z,451.6400146484375,452.3500061035156,451.07000732421875,451.07000732421875,451.07000732421875,420.0,451.6400146484375,452.3500061035156,451.07000732421875,451.07000732421875
2025-12-03T15:07:00Z,451.06500244140625,452.7699890136719,451.06500244140625,452.7699890136719,452.7699890136719,1001.0,451.06500244140625,452.7699890136719,451.06500244140625,452.7699890136719
2025-12-03T15:08:00Z,452.1300048828125,452.1300048828125,452.1300048828125,452.1300048828125,452.1300048828125,309.0,452.1300048828125,452.1300048828125,452.1300048828125,452.1300048828125
2025-12-03T15:09:00Z,452.1300048828125,452.1300048828125,452.1300048828125,452.1300048828125,452.1300048828125,139.0,452.1300048828125,452.1300048828125,452.1300048828125,452.1300048828125
2025-12-03T15:10:00Z,451.44000244140625,452.0199890136719,451.44000244140625,452.010009765625,452.010009765625,797.0,451.44000244140625,452.0199890136719,451.44000244140625,452.010009765625
2025-12-03T15:11:00Z,451.989990234375,452.1050109863281,451.989990234375,452.1050109863281,452.1050109863281,475.0,451.989990234375,452.1050109863281,451.989990234375,452.1050109863281
2025-12-03T15:13:00Z,452.0150146484375,452.0299987792969,452.0150146484375,452.0299987792969,452.0299987792969,251.0,452.0150146484375,452.0299987792969,452.0150146484375,452.0299987792969
2025-12-03T15:14:00Z,452.0199890136719,452.0199890136719,452.0199890136719,452.0199890136719,452.0199890136719,911.0,452.0199890136719,452.0199890136719,452.0199890136719,452.0199890136719
2025-12-03T15:15:00Z,451.4375,451.7074890136719,451.4375,451.7074890136719,451.7074890136719,564.0,451.4375,451.7074890136719,451.4375,451.7074890136719
2025-12-03T15:16:00Z,452.2099914550781,452.3900146484375,452.2099914550781,452.3900146484375,452.3900146484375,833.0,452.2099914550781,452.3900146484375,452.2099914550781,452.3900146484375
2025-12-03T15:17:00Z,452.2550048828125,452.322509765625,452.2550048828125,452.322509765625,452.322509765625,116.0,452.2550048828125,452.322509765625,452.2550048828125,452.322509765625
2025-12-03T15:18:00Z,452.2550048828125,452.2550048828125,452.2550048828125,452.2550048828125,452.2550048828125,240.0,452.2550048828125,452.2550048828125,452.2550048828125,452.2550048828125
2025-12-03T15:20:00Z,452.1199951171875,452.1199951171875,452.0199890136719,452.0199890136719,452.0199890136719,208.0,452.1199951171875,452.1199951171875,452.0199890136719,452.0199890136719
2025-12-03T15:21:00Z,452.1600036621094,452.1600036621094,452.0199890136719,452.0199890136719,452.0199890136719,373.0,452.1600036621094,452.1600036621094,452.0199890136719,452.0199890136719
2025-12-03T15:22:00Z,452.0199890136719,452.0199890136719,452.0199890136719,452.0199890136719,452.0199890136719,138.0,452.0199890136719,452.0199890136719,452.0199890136719,452.0199890136719
2025-12-03T15:23:00Z,452.0199890136719,452.0199890136719,451.989990234375,451.989990234375,451.989990234375,243.0,452.0199890136719,452.0199890136719,451.989990234375,451.989990234375
2025-12-03T15:24:00Z,451.95001220703125,451.95001220703125,451.95001220703125,451.95001220703125,451.95001220703125,1372.0,451.95001220703125,451.95001220703125,451.95001220703125,451.95001220703125
2025-12-03T15:25:00Z,451.6400146484375,451.989990234375,451.6400146484375,451.989990234375,451.989990234375,444.0,451.6400146484375,451.989990234375,451.6400146484375,451.989990234375
2025-12-03T15:26:00Z,451.80999755859375,451.80999755859375,451.80999755859375,451.80999755859375,451.80999755859375,157.0,451.80999755859375,451.80999755859375,451.80999755859375,451.80999755859375
2025-12-03T15:27:00Z,451.7699890136719,451.7699890136719,451.7650146484375,451.7650146484375,451.7650146484375,353.0,451.7699890136719,451.7699890136719,451.7650146484375,451.7650146484375
2025-12-03T15:30:00Z,451.2300109863281,451.2300109863281,451.2300109863281,451.2300109863281,451.2300109863281,379.0,451.2300109863281,451.2300109863281,451.2300109863281,451.2300109863281
2025-12-03T15:32:00Z,450.6300048828125,450.75,450.6000061035156,450.625,450.625,456.0,450.6300048828125,450.75,450.6000061035156,450.625
2025-12-03T15:33:00Z,450.1700134277344,451.5,450.1700134277344,450.92498779296875,450.92498779296875,2541.0,450.1700134277344,451.5,450.1700134277344,450.92498779296875
2025-12-03T15:36:00Z,451.57000732421875,452.1300048828125,451.57000732421875,451.94500732421875,451.94500732421875,1034.0,451.57000732421875,452.1300048828125,451.57000732421875,451.94500732421875
2025-12-03T15:37:00Z,451.9700012207031,451.9700012207031,450.92999267578125,451.1000061035156,451.1000061035156,1842.0,451.9700012207031,451.9700012207031,450.92999267578125,451.1000061035156
2025-12-03T15:38:00Z,451.8525085449219,451.8525085449219,451.8525085449219,451.8525085449219,451.8525085449219,419.0,451.8525085449219,451.8525085449219,451.8525085449219,451.8525085449219
2025-12-03T15:39:00Z,451.864990234375,451.864990234375,451.864990234375,451.864990234375,451.864990234375,150.0,451.864990234375,451.864990234375,451.864990234375,451.864990234375
2025-12-03T15:41:00Z,451.864990234375,451.9700012207031,451.864990234375,451.864990234375,451.864990234375,1030.0,451.864990234375,451.9700012207031,451.864990234375,451.864990234375
2025-12-03T15:42:00Z,451.864990234375,451.864990234375,451.864990234375,451.864990234375,451.864990234375,222.0,451.864990234375,451.864990234375,451.864990234375,451.864990234375
2025-12-03T15:43:00Z,452.57000732421875,452.8500061035156,452.57000732421875,452.8299865722656,452.8299865722656,1390.0,452.57000732421875,452.8500061035156,452.57000732421875,452.8299865722656
2025-12-03T15:44:00Z,451.94500732421875,452.739013671875,451.94500732421875,452.739013671875,452.739013671875,230.0,451.94500732421875,452.739013671875,451.94500732421875,452.739013671875
2025-12-03T15:45:00Z,452.2799987792969,452.2799987792969,451.8807067871094,451.8807067871094,451.8807067871094,262.0,452.2799987792969,452.2799987792969,451.8807067871094,451.8807067871094
2025-12-03T15:46:00Z,452.43499755859375,452.43499755859375,452.43499755859375,452.43499755859375,452.43499755859375,248.0,452.43499755859375,452.43499755859375,452.43499755859375,452.43499755859375
2025-12-03T15:48:00Z,452.8500061035156,453.3800048828125,452.8399963378906,453.2950134277344,453.2950134277344,1208.0,452.8500061035156,453.3800048828125,452.8399963378906,453.2950134277344
2025-12-03T15:49:00Z,453.80499267578125,453.80499267578125,452.7799987792969,452.7799987792969,452.7799987792969,1166.0,453.80499267578125,453.80499267578125,452.7799987792969,452.7799987792969
2025-12-03T15:50:00Z,452.760009765625,452.760009765625,452.760009765625,452.760009765625,452.760009765625,83.0,452.760009765625,452.760009765625,452.760009765625,452.760009765625
2025-12-03T15:51:00Z,452.4800109863281,452.7200012207031,452.4549865722656,452.7200012207031,452.7200012207031,829.0,452.4800109863281,452.7200012207031,452.4549865722656,452.7200012207031
2025-12-03T15:52:00Z,452.6000061035156,452.739990234375,452.6000061035156,452.739990234375,452.739990234375,492.0,452.6000061035156,452.739990234375,452.6000061035156,452.739990234375
2025-12-03T15:54:00Z,452.239990234375,452.239990234375,452.0075988769531,452.0461120605469,452.0461120605469,988.0,452.239990234375,452.239990234375,452.0075988769531,452.0461120605469
2025-12-03T15:55:00Z,451.5799865722656,451.5799865722656,451.5799865722656,451.5799865722656,451.5799865722656,203.0,451.5799865722656,451.5799865722656,451.5799865722656,451.5799865722656
2025-12-03T15:56:00Z,451.2749938964844,451.2749938964844,451.2749938964844,451.2749938964844,451.2749938964844,56.0,451.2749938964844,451.2749938964844,451.2749938964844,451.2749938964844
2025-12-03T15:57:00Z,451.6400146484375,451.6400146484375,451.6400146484375,451.6400146484375,451.6400146484375,563.0,451.6400146484375,451.6400146484375,451.6400146484375,451.6400146484375
2025-12-03T15:59:00Z,451.6400146484375,452.4800109863281,451.6400146484375,452.4624938964844,452.4624938964844,1550.0,451.6400146484375,452.4800109863281,451.6400146484375,452.4624938964844
2025-12-03T16:01:00Z,452.2699890136719,452.2699890136719,452.2699890136719,452.2699890136719,452.2699890136719,94.0,452.2699890136719,452.2699890136719,452.2699890136719,452.2699890136719
2025-12-03T16:03:00Z,452.2049865722656,452.82000732421875,452.2049865722656,452.82000732421875,452.82000732421875,403.0,452.2049865722656,452.82000732421875,452.2049865722656,452.82000732421875
2025-12-03T16:05:00Z,452.82000732421875,453.8699951171875,452.82000732421875,453.7900085449219,453.7900085449219,1737.0,452.82000732421875,453.8699951171875,452.82000732421875,453.7900085449219
2025-12-03T16:06:00Z,453.4599914550781,453.4599914550781,453.4599914550781,453.4599914550781,453.4599914550781,80.0,453.4599914550781,453.4599914550781,453.4599914550781,453.4599914550781
2025-12-03T16:07:00Z,453.64111328125,453.64111328125,453.64111328125,453.64111328125,453.64111328125,413.0,453.64111328125,453.64111328125,453.64111328125,453.64111328125
2025-12-03T16:08:00Z,453.0799865722656,453.0799865722656,453.0799865722656,453.0799865722656,453.0799865722656,304.0,453.0799865722656,453.0799865722656,453.0799865722656,453.0799865722656
2025-12-03T16:09:00Z,453.4599914550781,453.4599914550781,453.4599914550781,453.4599914550781,453.4599914550781,465.0,453.4599914550781,453.4599914550781,453.4599914550781,453.4599914550781
2025-12-03T16:11:00Z,453.4599914550781,453.4599914550781,453.4599914550781,453.4599914550781,453.4599914550781,95.0,453.4599914550781,453.4599914550781,453.4599914550781,453.4599914550781
2025-12-03T16:12:00Z,453.04998779296875,453.45001220703125,452.94000244140625,453.2699890136719,453.2699890136719,1530.0,453.04998779296875,453.45001220703125,452.94000244140625,453.2699890136719
2025-12-03T16:13:00Z,452.9200134277344,452.9200134277344,452.9200134277344,452.9200134277344,452.9200134277344,386.0,452.9200134277344,452.9200134277344,452.9200134277344,452.9200134277344
2025-12-03T16:15:00Z,452.8999938964844,453.3399963378906,452.8999938964844,453.3399963378906,453.3399963378906,1855.0,452.8999938964844,453.3399963378906,452.8999938964844,453.3399963378906
2025-12-03T16:16:00Z,453.0,453.7225036621094,453.0,453.6925048828125,453.6925048828125,1584.0,453.0,453.7225036621094,453.0,453.6925048828125
2025-12-03T16:17:00Z,454.1499938964844,454.5450134277344,453.760009765625,453.760009765625,453.760009765625,3107.0,454.1499938964844,454.5450134277344,453.760009765625,453.760009765625
2025-12-03T16:18:00Z,453.69000244140625,453.69000244140625,453.5,453.5,453.5,236.0,453.69000244140625,453.69000244140625,453.5,453.5
2025-12-03T16:19:00Z,453.32000732421875,453.6073913574219,452.9620056152344,452.989990234375,452.989990234375,970.0,453.32000732421875,453.6073913574219,452.9620056152344,452.989990234375
2025-12-03T16:20:00Z,452.9549865722656,452.9549865722656,452.9549865722656,452.9549865722656,452.9549865722656,82.0,452.9549865722656,452.9549865722656,452.9549865722656,452.9549865722656
2025-12-03T16:21:00Z,452.69000244140625,452.9800109863281,452.67999267578125,452.8699951171875,452.8699951171875,827.0,452.69000244140625,452.9800109863281,452.67999267578125,452.8699951171875
2025-12-03T16:22:00Z,453.2200012207031,453.55999755859375,453.2200012207031,453.2200012207031,453.2200012207031,579.0,453.2200012207031,453.55999755859375,453.2200012207031,453.2200012207031
2025-12-03T16:23:00Z,453.2699890136719,453.5400085449219,453.2699890136719,453.4599914550781,453.4599914550781,269.0,453.2699890136719,453.5400085449219,453.2699890136719,453.4599914550781
2025-12-03T16:25:00Z,453.4649963378906,453.4649963378906,453.4525146484375,453.4525146484375,453.4525146484375,449.0,453.4649963378906,453.4649963378906,453.4525146484375,453.4525146484375
2025-12-03T16:27:00Z,452.8800048828125,452.9200134277344,452.8800048828125,452.9200134277344,452.9200134277344,745.0,452.8800048828125,452.9200134277344,452.8800048828125,452.9200134277344
2025-12-03T16:29:00Z,453.30999755859375,453.30999755859375,453.30999755859375,453.30999755859375,453.30999755859375,232.0,453.30999755859375,453.30999755859375,453.30999755859375,453.30999755859375
2025-12-03T16:31:00Z,452.9200134277344,453.3800048828125,452.9200134277344,453.3800048828125,453.3800048828125,739.0,452.9200134277344,453.3800048828125,452.9200134277344,453.3800048828125
2025-12-03T16:32:00Z,453.44500732421875,453.44500732421875,453.44500732421875,453.44500732421875,453.44500732421875,153.0,453.44500732421875,453.44500732421875,453.44500732421875,453.44500732421875
2025-12-03T16:35:00Z,453.44500732421875,453.5249938964844,453.04998779296875,453.05010986328125,453.05010986328125,985.0,453.44500732421875,453.5249938964844,453.04998779296875,453.05010986328125
2025-12-03T16:36:00Z,453.0199890136719,453.0199890136719,452.9549865722656,452.9549865722656,452.9549865722656,126.0,453.0199890136719,453.0199890136719,452.9549865722656,452.9549865722656
2025-12-03T16:37:00Z,453.0400085449219,453.0400085449219,453.0400085449219,453.0400085449219,453.0400085449219,316.0,453.0400085449219,453.0400085449219,453.0400085449219,453.0400085449219
2025-12-03T16:38:00Z,452.94000244140625,452.9800109863281,452.94000244140625,452.9800109863281,452.9800109863281,384.0,452.94000244140625,452.9800109863281,452.94000244140625,452.9800109863281
2025-12-03T16:39:00Z,452.70001220703125,452.9750061035156,452.70001220703125,452.92498779296875,452.92498779296875,701.0,452.70001220703125,452.9750061035156,452.70001220703125,452.92498779296875
2025-12-03T16:40:00Z,452.885009765625,453.3699035644531,452.885009765625,452.8900146484375,452.8900146484375,2781.0,452.885009765625,453.3699035644531,452.885009765625,452.8900146484375
2025-12-03T16:41:00Z,452.94000244140625,453.0,452.82000732421875,453.0,453.0,992.0,452.94000244140625,453.0,452.82000732421875,453.0
2025-12-03T16:42:00Z,452.7950134277344,452.7950134277344,452.7950134277344,452.7950134277344,452.7950134277344,122.0,452.7950134277344,452.7950134277344,452.7950134277344,452.7950134277344
2025-12-03T16:43:00Z,452.80999755859375,453.20001220703125,452.80999755859375,453.20001220703125,453.20001220703125,656.0,452.80999755859375,453.20001220703125,452.80999755859375,453.20001220703125
2025-12-03T16:44:00Z,453.3500061035156,453.3500061035156,453.3500061035156,453.3500061035156,453.3500061035156,204.0,453.3500061035156,453.3500061035156,453.3500061035156,453.3500061035156
2025-12-03T16:45:00Z,453.3800048828125,453.3800048828125,452.79998779296875,452.79998779296875,452.79998779296875,641.0,453.3800048828125,453.3800048828125,452.79998779296875,452.79998779296875
2025-12-03T16:47:00Z,453.3550109863281,453.3550109863281,453.3550109863281,453.3550109863281,453.3550109863281,519.0,453.3550109863281,453.3550109863281,453.3550109863281,453.3550109863281
2025-12-03T16:54:00Z,452.4599914550781,452.4599914550781,451.6499938964844,451.6499938964844,451.6499938964844,271.0,452.4599914550781,452.4599914550781,451.6499938964844,451.6499938964844
2025-12-03T16:55:00Z,451.6400146484375,451.6400146484375,451.2099914550781,451.2099914550781,451.2099914550781,342.0,451.6400146484375,451.6400146484375,451.2099914550781,451.2099914550781
2025-12-03T16:56:00Z,451.3599853515625,451.4599914550781,450.67999267578125,450.67999267578125,450.67999267578125,843.0,451.3599853515625,451.4599914550781,450.67999267578125,450.67999267578125
2025-12-03T16:57:00Z,450.7149963378906,450.7668151855469,450.5,450.5,450.5,852.0,450.7149963378906,450.7668151855469,450.5,450.5
2025-12-03T16:58:00Z,450.3399963378906,450.989990234375,450.3399963378906,450.7349853515625,450.7349853515625,1939.0,450.3399963378906,450.989990234375,450.3399963378906,450.7349853515625
2025-12-03T16:59:00Z,450.7349853515625,450.7349853515625,450.7349853515625,450.7349853515625,450.7349853515625,54.0,450.7349853515625,450.7349853515625,450.7349853515625,450.7349853515625
2025-12-03T17:00:00Z,450.739990234375,450.739990234375,450.739990234375,450.739990234375,450.739990234375,169.0,450.739990234375,450.739990234375,450.739990234375,450.739990234375
2025-12-03T17:01:00Z,450.6549987792969,450.6549987792969,450.4200134277344,450.4200134277344,450.4200134277344,519.0,450.6549987792969,450.6549987792969,450.4200134277344,450.4200134277344
2025-12-03T17:02:00Z,450.50750732421875,451.010009765625,450.50750732421875,451.010009765625,451.010009765625,1479.0,450.50750732421875,451.010009765625,450.50750732421875,451.010009765625
2025-12-03T17:03:00Z,450.6199951171875,450.6199951171875,450.6199951171875,450.6199951171875,450.6199951171875,199.0,450.6199951171875,450.6199951171875,450.6199951171875,450.6199951171875
2025-12-03T17:05:00Z,450.20001220703125,450.3399963378906,450.20001220703125,450.20001220703125,450.20001220703125,368.0,450.20001220703125,450.3399963378906,450.20001220703125,450.20001220703125
2025-12-03T17:06:00Z,449.9200134277344,449.9200134277344,449.9200134277344,449.9200134277344,449.9200134277344,188.0,449.9200134277344,449.9200134277344,449.9200134277344,449.9200134277344
2025-12-03T17:07:00Z,450.0299987792969,450.32000732421875,450.0299987792969,450.0400085449219,450.0400085449219,671.0,450.0299987792969,450.32000732421875,450.0299987792969,450.0400085449219
2025-12-03T17:08:00Z,450.3399963378906,450.3399963378906,450.3399963378906,450.3399963378906,450.3399963378906,231.0,450.3399963378906,450.3399963378906,450.3399963378906,450.3399963378906
2025-12-03T17:09:00Z,450.260009765625,450.489990234375,449.7699890136719,449.8299865722656,449.8299865722656,815.0,450.260009765625,450.489990234375,449.7699890136719,449.8299865722656
2025-12-03T17:11:00Z,449.3299865722656,449.4200134277344,449.2099914550781,449.2099914550781,449.2099914550781,800.0,449.3299865722656,449.4200134277344,449.2099914550781,449.2099914550781
2025-12-03T17:12:00Z,449.0,449.3599853515625,448.8500061035156,449.2300109863281,449.2300109863281,1535.0,449.0,449.3599853515625,448.8500061035156,449.2300109863281
2025-12-03T17:13:00Z,449.1600036621094,449.7699890136719,449.1600036621094,449.7650146484375,449.7650146484375,1026.0,449.1600036621094,449.7699890136719,449.1600036621094,449.7650146484375
2025-12-03T17:14:00Z,449.5400085449219,449.5400085449219,449.5400085449219,449.5400085449219,449.5400085449219,218.0,449.5400085449219,449.5400085449219,449.5400085449219,449.5400085449219
2025-12-03T17:16:00Z,450.1000061035156,450.1000061035156,450.1000061035156,450.1000061035156,450.1000061035156,73.0,450.1000061035156,450.1000061035156,450.1000061035156,450.1000061035156
2025-12-03T17:17:00Z,450.07501220703125,450.3299865722656,450.07501220703125,450.32000732421875,450.32000732421875,422.0,450.07501220703125,450.3299865722656,450.07501220703125,450.32000732421875
2025-12-03T17:18:00Z,450.25,450.25,450.1000061035156,450.1000061035156,450.1000061035156,369.0,450.25,450.25,450.1000061035156,450.1000061035156
2025-12-03T17:20:00Z,450.0,450.0,449.9100036621094,449.9100036621094,449.9100036621094,443.0,450.0,450.0,449.9100036621094,449.9100036621094
2025-12-03T17:21:00Z,449.75,449.75,449.75,449.75,449.75,51.0,449.75,449.75,449.75,449.75
2025-12-03T17:22:00Z,449.70001220703125,449.7699890136719,449.6099853515625,449.7699890136719,449.7699890136719,703.0,449.70001220703125,449.7699890136719,449.6099853515625,449.7699890136719
2025-12-03T17:23:00Z,449.7699890136719,449.7699890136719,449.7699890136719,449.7699890136719,449.7699890136719,66.0,449.7699890136719,449.7699890136719,449.7699890136719,449.7699890136719
2025-12-03T17:24:00Z,449.5400085449219,449.5400085449219,449.3500061035156,449.3500061035156,449.3500061035156,380.0,449.5400085449219,449.5400085449219,449.3500061035156,449.3500061035156
2025-12-03T17:25:00Z,449.51629638671875,449.7149963378906,449.3500061035156,449.43499755859375,449.43499755859375,2079.0,449.51629638671875,449.7149963378906,449.3500061035156,449.43499755859375
2025-12-03T17:27:00Z,449.6400146484375,450.0799865722656,449.6400146484375,450.0799865722656,450.0799865722656,1110.0,449.6400146484375,450.0799865722656,449.6400146484375,450.0799865722656
2025-12-03T17:28:00Z,449.92498779296875,450.0899963378906,449.70001220703125,449.70001220703125,449.70001220703125,649.0,449.92498779296875,450.0899963378906,449.70001220703125,449.70001220703125
2025-12-03T17:32:00Z,449.1700134277344,449.1700134277344,449.1700134277344,449.1700134277344,449.1700134277344,254.0,449.1700134277344,449.1700134277344,449.1700134277344,449.1700134277344
2025-12-03T17:33:00Z,448.9700012207031,448.9700012207031,448.92498779296875,448.92498779296875,448.92498779296875,300.0,448.9700012207031,448.9700012207031,448.92498779296875,448.92498779296875
2025-12-03T17:34:00Z,448.760009765625,448.760009765625,448.760009765625,448.760009765625,448.760009765625,188.0,448.760009765625,448.760009765625,448.760009765625,448.760009765625
2025-12-03T17:36:00Z,448.7200012207031,448.7250061035156,448.7200012207031,448.7250061035156,448.7250061035156,267.0,448.7200012207031,448.7250061035156,448.7200012207031,448.7250061035156
2025-12-03T17:37:00Z,448.7250061035156,448.7250061035156,448.7250061035156,448.7250061035156,448.7250061035156,205.0,448.7250061035156,448.7250061035156,448.7250061035156,448.7250061035156
2025-12-03T17:38:00Z,449.1300048828125,449.30999755859375,449.1300048828125,449.30999755859375,449.30999755859375,1141.0,449.1300048828125,449.30999755859375,449.1300048828125,449.30999755859375
2025-12-03T17:41:00Z,449.32000732421875,449.32000732421875,448.7900085449219,448.7900085449219,448.7900085449219,1696.0,449.32000732421875,449.32000732421875,448.7900085449219,448.7900085449219
2025-12-03T17:42:00Z,448.7900085449219,448.7900085449219,448.7900085449219,448.7900085449219,448.7900085449219,149.0,448.7900085449219,448.7900085449219,448.7900085449219,448.7900085449219
2025-12-03T17:43:00Z,449.1700134277344,449.510009765625,449.1600036621094,449.510009765625,449.510009765625,1686.0,449.1700134277344,449.510009765625,449.1600036621094,449.510009765625
2025-12-03T17:45:00Z,449.3699951171875,449.3699951171875,449.3699951171875,449.3699951171875,449.3699951171875,155.0,449.3699951171875,449.3699951171875,449.3699951171875,449.3699951171875
2025-12-03T17:46:00Z,449.1400146484375,449.1400146484375,449.1400146484375,449.1400146484375,449.1400146484375,195.0,449.1400146484375,449.1400146484375,449.1400146484375,449.1400146484375
2025-12-03T17:47:00Z,448.8500061035156,448.8500061035156,448.760009765625,448.760009765625,448.760009765625,490.0,448.8500061035156,448.8500061035156,448.760009765625,448.760009765625
2025-12-03T17:51:00Z,448.3699951171875,448.3699951171875,448.3699951171875,448.3699951171875,448.3699951171875,157.0,448.3699951171875,448.3699951171875,448.3699951171875,448.3699951171875
2025-12-03T17:54:00Z,448.57000732421875,448.57000732421875,448.57000732421875,448.57000732421875,448.57000732421875,47.0,448.57000732421875,448.57000732421875,448.57000732421875,448.57000732421875
2025-12-03T17:55:00Z,448.760009765625,448.760009765625,448.760009765625,448.760009765625,448.760009765625,448.0,448.760009765625,448.760009765625,448.760009765625,448.760009765625
2025-12-03T17:56:00Z,449.07000732421875,449.1700134277344,447.9100036621094,447.9100036621094,447.9100036621094,2303.0,449.07000732421875,449.1700134277344,447.9100036621094,447.9100036621094
2025-12-03T17:58:00Z,448.2699890136719,448.2699890136719,448.2699890136719,448.2699890136719,448.2699890136719,156.0,448.2699890136719,448.2699890136719,448.2699890136719,448.2699890136719
2025-12-03T17:59:00Z,448.04998779296875,448.04998779296875,447.8999938964844,447.9200134277344,447.9200134277344,235.0,448.04998779296875,448.04998779296875,447.8999938964844,447.9200134277344
2025-12-03T18:00:00Z,448.1050109863281,448.6000061035156,448.07501220703125,448.57000732421875,448.57000732421875,2104.0,448.1050109863281,448.6000061035156,448.07501220703125,448.57000732421875
2025-12-03T18:01:00Z,448.8599853515625,448.8699951171875,448.8299865722656,448.8299865722656,448.8299865722656,479.0,448.8599853515625,448.8699951171875,448.8299865722656,448.8299865722656
2025-12-03T18:02:00Z,448.8699951171875,448.8699951171875,448.6600036621094,448.80999755859375,448.80999755859375,568.0,448.8699951171875,448.8699951171875,448.6600036621094,448.80999755859375
2025-12-03T18:04:00Z,448.2799987792969,448.2799987792969,448.2699890136719,448.2699890136719,448.2699890136719,580.0,448.2799987792969,448.2799987792969,448.2699890136719,448.2699890136719
2025-12-03T18:09:00Z,447.989990234375,447.989990234375,447.989990234375,447.989990234375,447.989990234375,309.0,447.989990234375,447.989990234375,447.989990234375,447.989990234375
2025-12-03T18:11:00Z,447.94000244140625,448.6499938964844,447.94000244140625,448.3900146484375,448.3900146484375,1447.0,447.94000244140625,448.6499938964844,447.94000244140625,448.3900146484375
2025-12-03T18:12:00Z,448.42498779296875,448.6099853515625,448.42498779296875,448.6099853515625,448.6099853515625,434.0,448.42498779296875,448.6099853515625,448.42498779296875,448.6099853515625
2025-12-03T18:16:00Z,448.42999267578125,448.6600036621094,448.42999267578125,448.57501220703125,448.57501220703125,659.0,448.42999267578125,448.6600036621094,448.42999267578125,448.57501220703125
2025-12-03T18:17:00Z,448.32000732421875,448.32000732421875,448.30999755859375,448.30999755859375,448.30999755859375,439.0,448.32000732421875,448.32000732421875,448.30999755859375,448.30999755859375
2025-12-03T18:21:00Z,448.010009765625,448.010009765625,448.010009765625,448.010009765625,448.010009765625,41.0,448.010009765625,448.010009765625,448.010009765625,448.010009765625
2025-12-03T18:26:00Z,448.2699890136719,448.2699890136719,448.2699890136719,448.2699890136719,448.2699890136719,1916.0,448.2699890136719,448.2699890136719,448.2699890136719,448.2699890136719
2025-12-03T18:27:00Z,448.3699951171875,448.6099853515625,448.3699951171875,448.6099853515625,448.6099853515625,713.0,448.3699951171875,448.6099853515625,448.3699951171875,448.6099853515625
2025-12-03T18:28:00Z,448.6199951171875,448.6199951171875,448.6199951171875,448.6199951171875,448.6199951171875,177.0,448.6199951171875,448.6199951171875,448.6199951171875,448.6199951171875
2025-12-03T18:29:00Z,448.3999938964844,448.79998779296875,448.3949890136719,448.67999267578125,448.67999267578125,971.0,448.3999938964844,448.79998779296875,448.3949890136719,448.67999267578125
2025-12-03T18:30:00Z,448.80999755859375,450.0450134277344,448.80999755859375,450.0450134277344,450.0450134277344,1843.0,448.80999755859375,450.0450134277344,448.80999755859375,450.0450134277344
2025-12-03T18:33:00Z,450.0799865722656,450.0799865722656,450.0799865722656,450.0799865722656,450.0799865722656,233.0,450.0799865722656,450.0799865722656,450.0799865722656,450.0799865722656
2025-12-03T18:35:00Z,449.95001220703125,449.95001220703125,449.95001220703125,449.95001220703125,449.95001220703125,230.0,449.95001220703125,449.95001220703125,449.95001220703125,449.95001220703125
2025-12-03T18:37:00Z,449.70001220703125,449.70001220703125,449.70001220703125,449.70001220703125,449.70001220703125,318.0,449.70001220703125,449.70001220703125,449.70001220703125,449.70001220703125
2025-12-03T18:40:00Z,449.760009765625,449.95001220703125,449.69000244140625,449.70001220703125,449.70001220703125,598.0,449.760009765625,449.95001220703125,449.69000244140625,449.70001220703125
2025-12-03T18:42:00Z,449.6600036621094,449.80999755859375,449.6600036621094,449.80999755859375,449.80999755859375,115.0,449.6600036621094,449.80999755859375,449.6600036621094,449.80999755859375
2025-12-03T18:43:00Z,449.9599914550781,450.3999938964844,449.9200134277344,450.3999938964844,450.3999938964844,2558.0,449.9599914550781,450.3999938964844,449.9200134277344,450.3999938964844
2025-12-03T18:44:00Z,450.3999938964844,450.3999938964844,449.7900085449219,450.1400146484375,450.1400146484375,1728.0,450.3999938964844,450.3999938964844,449.7900085449219,450.1400146484375
2025-12-03T18:49:00Z,450.2950134277344,450.760009765625,450.260009765625,450.260009765625,450.260009765625,1631.0,450.2950134277344,450.760009765625,450.260009765625,450.260009765625
2025-12-03T18:50:00Z,450.4150085449219,450.82000732421875,450.4100036621094,450.82000732421875,450.82000732421875,2602.0,450.4150085449219,450.82000732421875,450.4100036621094,450.82000732421875
2025-12-03T18:53:00Z,450.42498779296875,450.42498779296875,450.42498779296875,450.42498779296875,450.42498779296875,273.0,450.42498779296875,450.42498779296875,450.42498779296875,450.42498779296875
2025-12-03T18:56:00Z,450.0400085449219,450.42999267578125,450.0400085449219,450.42999267578125,450.42999267578125,178.0,450.0400085449219,450.42999267578125,450.0400085449219,450.42999267578125
2025-12-03T18:57:00Z,450.0400085449219,450.0400085449219,450.0400085449219,450.0400085449219,450.0400085449219,259.0,450.0400085449219,450.0400085449219,450.0400085449219,450.0400085449219
2025-12-03T18:58:00Z,449.7699890136719,449.7799987792969,449.75,449.7799987792969,449.7799987792969,415.0,449.7699890136719,449.7799987792969,449.75,449.7799987792969
2025-12-03T18:59:00Z,449.9599914550781,450.1700134277344,449.8949890136719,450.1700134277344,450.1700134277344,2030.0,449.9599914550781,450.1700134277344,449.8949890136719,450.1700134277344
2025-12-03T19:01:00Z,450.1400146484375,450.1400146484375,450.1400146484375,450.1400146484375,450.1400146484375,158.0,450.1400146484375,450.1400146484375,450.1400146484375,450.1400146484375
2025-12-03T19:02:00Z,450.6199951171875,450.6600036621094,450.6099853515625,450.6600036621094,450.6600036621094,594.0,450.6199951171875,450.6600036621094,450.6099853515625,450.6600036621094
2025-12-03T19:04:00Z,450.4800109863281,450.4849853515625,450.1700134277344,450.2200012207031,450.2200012207031,856.0,450.4800109863281,450.4849853515625,450.1700134277344,450.2200012207031
2025-12-03T19:05:00Z,449.989990234375,449.989990234375,449.989990234375,449.989990234375,449.989990234375,385.0,449.989990234375,449.989990234375,449.989990234375,449.989990234375
2025-12-03T19:06:00Z,449.760009765625,449.760009765625,449.5,449.5,449.5,698.0,449.760009765625,449.760009765625,449.5,449.5
2025-12-03T19:07:00Z,449.2099914550781,449.2099914550781,449.0799865722656,449.0799865722656,449.0799865722656,184.0,449.2099914550781,449.2099914550781,449.0799865722656,449.0799865722656
2025-12-03T19:08:00Z,449.07000732421875,449.07000732421875,449.07000732421875,449.07000732421875,449.07000732421875,109.0,449.07000732421875,449.07000732421875,449.07000732421875,449.07000732421875
2025-12-03T19:09:00Z,449.0799865722656,449.0799865722656,449.0799865722656,449.0799865722656,449.0799865722656,122.0,449.0799865722656,449.0799865722656,449.0799865722656,449.0799865722656
2025-12-03T19:10:00Z,449.0799865722656,449.1199951171875,449.0799865722656,449.0799865722656,449.0799865722656,558.0,449.0799865722656,449.1199951171875,449.0799865722656,449.0799865722656
2025-12-03T19:11:00Z,449.0799865722656,449.32000732421875,449.0799865722656,449.1700134277344,449.1700134277344,1103.0,449.0799865722656,449.32000732421875,449.0799865722656,449.1700134277344
2025-12-03T19:14:00Z,448.989990234375,448.989990234375,448.92999267578125,448.92999267578125,448.92999267578125,370.0,448.989990234375,448.989990234375,448.92999267578125,448.92999267578125
2025-12-03T19:15:00Z,448.989990234375,448.989990234375,448.80999755859375,448.80999755859375,448.80999755859375,156.0,448.989990234375,448.989990234375,448.80999755859375,448.80999755859375
2025-12-03T19:16:00Z,448.9849853515625,448.989990234375,448.9849853515625,448.989990234375,448.989990234375,281.0,448.9849853515625,448.989990234375,448.9849853515625,448.989990234375
2025-12-03T19:17:00Z,448.80999755859375,448.8999938964844,448.7250061035156,448.8699951171875,448.8699951171875,1538.0,448.80999755859375,448.8999938964844,448.7250061035156,448.8699951171875
2025-12-03T19:18:00Z,448.7099914550781,448.875,448.7099914550781,448.875,448.875,299.0,448.7099914550781,448.875,448.7099914550781,448.875
2025-12-03T19:19:00Z,449.0400085449219,449.239990234375,449.0400085449219,449.239990234375,449.239990234375,856.0,449.0400085449219,449.239990234375,449.0400085449219,449.239990234375
2025-12-03T19:21:00Z,449.25,449.25,449.25,449.25,449.25,138.0,449.25,449.25,449.25,449.25
2025-12-03T19:23:00Z,449.0899963378906,449.0950012207031,449.0899963378906,449.0950012207031,449.0950012207031,188.0,449.0899963378906,449.0950012207031,449.0899963378906,449.0950012207031
2025-12-03T19:26:00Z,449.0950012207031,449.0950012207031,448.9800109863281,448.9800109863281,448.9800109863281,308.0,449.0950012207031,449.0950012207031,448.9800109863281,448.9800109863281
2025-12-03T19:27:00Z,449.1600036621094,449.1600036621094,448.9849853515625,448.9849853515625,448.9849853515625,514.0,449.1600036621094,449.1600036621094,448.9849853515625,448.9849853515625
2025-12-03T19:29:00Z,448.8500061035156,448.9525146484375,448.7200012207031,448.8299865722656,448.8299865722656,437.0,448.8500061035156,448.9525146484375,448.7200012207031,448.8299865722656
2025-12-03T19:30:00Z,448.6700134277344,448.6700134277344,448.6700134277344,448.6700134277344,448.6700134277344,95.0,448.6700134277344,448.6700134277344,448.6700134277344,448.6700134277344
2025-12-03T19:31:00Z,448.6099853515625,448.6300048828125,448.364990234375,448.489990234375,448.489990234375,1997.0,448.6099853515625,448.6300048828125,448.364990234375,448.489990234375
2025-12-03T19:32:00Z,448.4949951171875,448.4949951171875,448.4949951171875,448.4949951171875,448.4949951171875,148.0,448.4949951171875,448.4949951171875,448.4949951171875,448.4949951171875
2025-12-03T19:33:00Z,448.4949951171875,448.4949951171875,448.4949951171875,448.4949951171875,448.4949951171875,236.0,448.4949951171875,448.4949951171875,448.4949951171875,448.4949951171875
2025-12-03T19:35:00Z,448.3999938964844,448.3999938964844,448.3999938964844,448.3999938964844,448.3999938964844,64.0,448.3999938964844,448.3999938964844,448.3999938964844,448.3999938964844
2025-12-03T19:37:00Z,448.3999938964844,448.8900146484375,448.3999938964844,448.7799987792969,448.7799987792969,2214.0,448.3999938964844,448.8900146484375,448.3999938964844,448.7799987792969
2025-12-03T19:38:00Z,448.70001220703125,448.9100036621094,448.57000732421875,448.57000732421875,448.57000732421875,347.0,448.70001220703125,448.9100036621094,448.57000732421875,448.57000732421875
2025-12-03T19:39:00Z,448.3999938964844,448.3999938964844,448.3999938964844,448.3999938964844,448.3999938964844,424.0,448.3999938964844,448.3999938964844,448.3999938964844,448.3999938964844
2025-12-03T19:40:00Z,448.5299987792969,448.5299987792969,448.5299987792969,448.5299987792969,448.5299987792969,184.0,448.5299987792969,448.5299987792969,448.5299987792969,448.5299987792969
2025-12-03T19:42:00Z,448.44000244140625,448.54998779296875,448.44000244140625,448.54998779296875,448.54998779296875,133.0,448.44000244140625,448.54998779296875,448.44000244140625,448.54998779296875
2025-12-03T19:43:00Z,448.5400085449219,448.5400085449219,448.5400085449219,448.5400085449219,448.5400085449219,136.0,448.5400085449219,448.5400085449219,448.5400085449219,448.5400085449219
2025-12-03T19:44:00Z,448.54998779296875,448.54998779296875,448.54998779296875,448.54998779296875,448.54998779296875,157.0,448.54998779296875,448.54998779296875,448.54998779296875,448.54998779296875
2025-12-03T19:47:00Z,448.54998779296875,448.57000732421875,448.54998779296875,448.57000732421875,448.57000732421875,205.0,448.54998779296875,448.57000732421875,448.54998779296875,448.57000732421875
2025-12-03T19:48:00Z,448.5400085449219,448.5400085449219,448.5400085449219,448.5400085449219,448.5400085449219,72.0,448.5400085449219,448.5400085449219,448.5400085449219,448.5400085449219
2025-12-03T19:49:00Z,448.5799865722656,448.5799865722656,448.3999938964844,448.510009765625,448.510009765625,432.0,448.5799865722656,448.5799865722656,448.3999938964844,448.510009765625
2025-12-03T19:50:00Z,448.8599853515625,449.32000732421875,448.7349853515625,449.32000732421875,449.32000732421875,1553.0,448.8599853515625,449.32000732421875,448.7349853515625,449.32000732421875
2025-12-03T19:52:00Z,449.17999267578125,449.17999267578125,449.17999267578125,449.17999267578125,449.17999267578125,227.0,449.17999267578125,449.17999267578125,449.17999267578125,449.17999267578125
2025-12-03T19:53:00Z,448.989990234375,448.989990234375,448.989990234375,448.989990234375,448.989990234375,149.0,448.989990234375,448.989990234375,448.989990234375,448.989990234375
2025-12-03T19:54:00Z,448.8699951171875,448.9800109863281,448.8699951171875,448.9800109863281,448.9800109863281,133.0,448.8699951171875,448.9800109863281,448.8699951171875,448.9800109863281
2025-12-03T19:55:00Z,448.9800109863281,448.9800109863281,448.7900085449219,448.94500732421875,448.94500732421875,846.0,448.9800109863281,448.9800109863281,448.7900085449219,448.94500732421875
2025-12-03T19:56:00Z,448.7900085449219,449.1600036621094,448.3949890136719,448.9100036621094,448.9100036621094,2854.0,448.7900085449219,449.1600036621094,448.3949890136719,448.9100036621094
2025-12-03T19:57:00Z,448.7300109863281,448.7300109863281,448.7300109863281,448.7300109863281,448.7300109863281,108.0,448.7300109863281,448.7300109863281,448.7300109863281,448.7300109863281
2025-12-03T19:58:00Z,449.0400085449219,449.19000244140625,449.0299987792969,449.19000244140625,449.19000244140625,1103.0,449.0400085449219,449.19000244140625,449.0299987792969,449.19000244140625
2025-12-03T20:01:00Z,448.8900146484375,448.8900146484375,448.6000061035156,448.6099853515625,448.6099853515625,758.0,448.8900146484375,448.8900146484375,448.6000061035156,448.6099853515625
2025-12-03T20:02:00Z,448.44000244140625,448.6499938964844,448.44000244140625,448.6499938964844,448.6499938964844,306.0,448.44000244140625,448.6499938964844,448.44000244140625,448.6499938964844
2025-12-03T20:03:00Z,448.7799987792969,449.2550048828125,448.7799987792969,448.8399963378906,448.8399963378906,2252.0,448.7799987792969,449.2550048828125,448.7799987792969,448.8399963378906
2025-12-03T20:05:00Z,449.5450134277344,449.5450134277344,449.4849853515625,449.4849853515625,449.4849853515625,803.0,449.5450134277344,449.5450134277344,449.4849853515625,449.4849853515625
2025-12-03T20:06:00Z,449.4200134277344,449.489990234375,449.0299987792969,449.489990234375,449.489990234375,755.0,449.4200134277344,449.489990234375,449.0299987792969,449.489990234375
2025-12-03T20:07:00Z,449.3550109863281,449.3550109863281,449.3550109863281,449.3550109863281,449.3550109863281,371.0,449.3550109863281,449.3550109863281,449.3550109863281,449.3550109863281
2025-12-03T20:09:00Z,449.3800048828125,449.3800048828125,449.3500061035156,449.3500061035156,449.3500061035156,211.0,449.3800048828125,449.3800048828125,449.3500061035156,449.3500061035156
2025-12-03T20:10:00Z,449.3450012207031,449.3500061035156,449.3450012207031,449.3500061035156,449.3500061035156,220.0,449.3450012207031,449.3500061035156,449.3450012207031,449.3500061035156
2025-12-03T20:11:00Z,449.2300109863281,449.3450012207031,449.2300109863281,449.3450012207031,449.3450012207031,302.0,449.2300109863281,449.3450012207031,449.2300109863281,449.3450012207031
2025-12-03T20:12:00Z,449.3450012207031,449.3450012207031,449.3450012207031,449.3450012207031,449.3450012207031,208.0,449.3450012207031,449.3450012207031,449.3450012207031,449.3450012207031
2025-12-03T20:13:00Z,449.1300048828125,449.1300048828125,449.1300048828125,449.1300048828125,449.1300048828125,212.0,449.1300048828125,449.1300048828125,449.1300048828125,449.1300048828125
2025-12-03T20:14:00Z,449.3599853515625,449.3599853515625,449.3599853515625,449.3599853515625,449.3599853515625,258.0,449.3599853515625,449.3599853515625,449.3599853515625,449.3599853515625
2025-12-03T20:15:00Z,449.4100036621094,449.4100036621094,449.17999267578125,449.17999267578125,449.17999267578125,295.0,449.4100036621094,449.4100036621094,449.17999267578125,449.17999267578125
2025-12-03T20:16:00Z,449.4100036621094,449.4100036621094,449.4100036621094,449.4100036621094,449.4100036621094,412.0,449.4100036621094,449.4100036621094,449.4100036621094,449.4100036621094
2025-12-03T20:18:00Z,449.260009765625,449.260009765625,449.260009765625,449.260009765625,449.260009765625,218.0,449.260009765625,449.260009765625,449.260009765625,449.260009765625
2025-12-03T20:19:00Z,449.4100036621094,449.5899963378906,449.3299865722656,449.5899963378906,449.5899963378906,366.0,449.4100036621094,449.5899963378906,449.3299865722656,449.5899963378906
2025-12-03T20:20:00Z,449.4549865722656,449.760009765625,449.4549865722656,449.69000244140625,449.69000244140625,2189.0,449.4549865722656,449.760009765625,449.4549865722656,449.69000244140625
2025-12-03T20:21:00Z,449.5899963378906,449.5899963378906,449.5899963378906,449.5899963378906,449.5899963378906,147.0,449.5899963378906,449.5899963378906,449.5899963378906,449.5899963378906
2025-12-03T20:22:00Z,449.4700012207031,449.489990234375,449.3800048828125,449.3800048828125,449.3800048828125,442.0,449.4700012207031,449.489990234375,449.3800048828125,449.3800048828125
2025-12-03T20:23:00Z,449.5400085449219,449.5400085449219,449.44000244140625,449.44000244140625,449.44000244140625,365.0,449.5400085449219,449.5400085449219,449.44000244140625,449.44000244140625
2025-12-03T20:24:00Z,449.4849853515625,449.4849853515625,449.4849853515625,449.4849853515625,449.4849853515625,650.0,449.4849853515625,449.4849853515625,449.4849853515625,449.4849853515625
2025-12-03T20:25:00Z,449.69000244140625,449.8900146484375,449.6700134277344,449.8900146484375,449.8900146484375,1401.0,449.69000244140625,449.8900146484375,449.6700134277344,449.8900146484375
2025-12-03T20:26:00Z,449.94000244140625,449.9800109863281,449.92498779296875,449.92498779296875,449.92498779296875,450.0,449.94000244140625,449.9800109863281,449.92498779296875,449.92498779296875
2025-12-03T20:27:00Z,449.9599914550781,449.989990234375,449.8500061035156,449.8500061035156,449.8500061035156,889.0,449.9599914550781,449.989990234375,449.8500061035156,449.8500061035156
2025-12-03T20:28:00Z,450.0799865722656,450.2900085449219,450.0799865722656,450.2900085449219,450.2900085449219,701.0,450.0799865722656,450.2900085449219,450.0799865722656,450.2900085449219
2025-12-03T20:30:00Z,450.2799987792969,450.760009765625,450.2699890136719,450.5799865722656,450.5799865722656,1535.0,450.2799987792969,450.760009765625,450.2699890136719,450.5799865722656
2025-12-03T20:31:00Z,450.6499938964844,450.6499938964844,450.6499938964844,450.6499938964844,450.6499938964844,137.0,450.6499938964844,450.6499938964844,450.6499938964844,450.6499938964844
2025-12-03T20:32:00Z,450.4200134277344,450.5799865722656,450.25,450.25,450.25,1248.0,450.4200134277344,450.5799865722656,450.25,450.25
2025-12-03T20:33:00Z,450.1549987792969,450.1549987792969,450.0,450.1000061035156,450.1000061035156,719.0,450.1549987792969,450.1549987792969,450.0,450.1000061035156
2025-12-03T20:35:00Z,450.0899963378906,450.2799987792969,450.0899963378906,450.239990234375,450.239990234375,1304.0,450.0899963378906,450.2799987792969,450.0899963378906,450.239990234375
2025-12-03T20:36:00Z,450.1099853515625,450.239990234375,450.1099853515625,450.239990234375,450.239990234375,431.0,450.1099853515625,450.239990234375,450.1099853515625,450.239990234375
2025-12-03T20:37:00Z,450.1300048828125,450.260009765625,450.1300048828125,450.1300048828125,450.1300048828125,458.0,450.1300048828125,450.260009765625,450.1300048828125,450.1300048828125
2025-12-03T20:38:00Z,450.1300048828125,450.2699890136719,450.1199951171875,450.1199951171875,450.1199951171875,894.0,450.1300048828125,450.2699890136719,450.1199951171875,450.1199951171875
2025-12-03T20:39:00Z,450.1199951171875,450.1199951171875,450.1000061035156,450.1000061035156,450.1000061035156,269.0,450.1199951171875,450.1199951171875,450.1000061035156,450.1000061035156
2025-12-03T20:40:00Z,450.1000061035156,450.1000061035156,449.79998779296875,449.79998779296875,449.79998779296875,1762.0,450.1000061035156,450.1000061035156,449.79998779296875,449.79998779296875
2025-12-03T20:41:00Z,449.69000244140625,449.69000244140625,449.69000244140625,449.69000244140625,449.69000244140625,166.0,449.69000244140625,449.69000244140625,449.69000244140625,449.69000244140625
2025-12-03T20:42:00Z,449.54998779296875,449.625,449.5,449.5,449.5,1079.0,449.54998779296875,449.625,449.5,449.5
2025-12-03T20:43:00Z,449.69000244140625,449.8699951171875,449.69000244140625,449.760009765625,449.760009765625,714.0,449.69000244140625,449.8699951171875,449.69000244140625,449.760009765625
2025-12-03T20:44:00Z,449.760009765625,449.989990234375,449.760009765625,449.989990234375,449.989990234375,1341.0,449.760009765625,449.989990234375,449.760009765625,449.989990234375
2025-12-03T20:45:00Z,449.989990234375,450.0,449.75,449.989990234375,449.989990234375,1187.0,449.989990234375,450.0,449.75,449.989990234375
2025-12-03T20:46:00Z,449.989990234375,449.989990234375,449.9849853515625,449.9849853515625,449.9849853515625,378.0,449.989990234375,449.989990234375,449.9849853515625,449.9849853515625
2025-12-03T20:47:00Z,449.9849853515625,450.1499938964844,449.9849853515625,449.989990234375,449.989990234375,707.0,449.9849853515625,450.1499938964844,449.9849853515625,449.989990234375
2025-12-03T20:48:00Z,450.1050109863281,450.1499938964844,450.04998779296875,450.1050109863281,450.1050109863281,985.0,450.1050109863281,450.1499938964844,450.04998779296875,450.1050109863281
2025-12-03T20:49:00Z,450.1050109863281,450.3399963378906,450.010009765625,450.010009765625,450.010009765625,2358.0,450.1050109863281,450.3399963378906,450.010009765625,450.010009765625
2025-12-03T20:50:00Z,449.9599914550781,450.3299865722656,449.6000061035156,449.80499267578125,449.80499267578125,2111.0,449.9599914550781,450.3299865722656,449.6000061035156,449.80499267578125
2025-12-03T20:51:00Z,449.8599853515625,449.8599853515625,449.44000244140625,449.44000244140625,449.44000244140625,1466.0,449.8599853515625,449.8599853515625,449.44000244140625,449.44000244140625
2025-12-03T20:52:00Z,449.0899963378906,449.2749938964844,449.0299987792969,449.2749938964844,449.2749938964844,882.0,449.0899963378906,449.2749938964844,449.0299987792969,449.2749938964844
2025-12-03T20:53:00Z,449.07000732421875,449.2950134277344,449.0400085449219,449.2950134277344,449.2950134277344,1164.0,449.07000732421875,449.2950134277344,449.0400085449219,449.2950134277344
2025-12-03T20:54:00Z,449.2799987792969,449.29998779296875,449.2799987792969,449.2900085449219,449.2900085449219,877.0,449.2799987792969,449.29998779296875,449.2799987792969,449.2900085449219
2025-12-03T20:55:00Z,449.2900085449219,449.5299987792969,449.17999267578125,449.510009765625,449.510009765625,3813.0,449.2900085449219,449.5299987792969,449.17999267578125,449.510009765625
2025-12-03T20:56:00Z,449.2900085449219,449.57000732421875,449.2850036621094,449.57000732421875,449.57000732421875,3957.0,449.2900085449219,449.57000732421875,449.2850036621094,449.57000732421875
2025-12-03T20:57:00Z,449.5899963378906,450.1099853515625,449.2799987792969,450.1000061035156,450.1000061035156,10199.0,449.5899963378906,450.1099853515625,449.2799987792969,450.1000061035156
2025-12-03T20:58:00Z,449.9800109863281,450.0299987792969,449.5199890136719,449.989990234375,449.989990234375,6306.0,449.9800109863281,450.0299987792969,449.5199890136719,449.989990234375
2025-12-03T20:59:00Z,450.17498779296875,450.20001220703125,449.7850036621094,449.9800109863281,449.9800109863281,3468.0,450.17498779296875,450.20001220703125,449.7850036621094,449.9800109863281
2025-12-04T14:30:00Z,448.6700134277344,450.8299865722656,448.6700134277344,450.8299865722656,450.8299865722656,2196.0,448.6700134277344,450.8299865722656,448.6700134277344,450.8299865722656
2025-12-04T14:32:00Z,450.8500061035156,450.8500061035156,450.8500061035156,450.8500061035156,450.8500061035156,427.0,450.8500061035156,450.8500061035156,450.8500061035156,450.8500061035156
2025-12-04T14:33:00Z,450.8500061035156,450.8500061035156,450.8500061035156,450.8500061035156,450.8500061035156,195.0,450.8500061035156,450.8500061035156,450.8500061035156,450.8500061035156
2025-12-04T14:35:00Z,450.8500061035156,450.8500061035156,450.8500061035156,450.8500061035156,450.8500061035156,251.0,450.8500061035156,450.8500061035156,450.8500061035156,450.8500061035156
2025-12-04T14:37:00Z,449.82000732421875,450.8500061035156,449.82000732421875,450.0,450.0,774.0,449.82000732421875,450.8500061035156,449.82000732421875,450.0
2025-12-04T14:39:00Z,447.5299987792969,448.0,447.5299987792969,448.0,448.0,302.0,447.5299987792969,448.0,447.5299987792969,448.0
2025-12-04T14:40:00Z,446.5,447.3999938964844,446.5,447.3999938964844,447.3999938964844,367.0,446.5,447.3999938964844,446.5,447.3999938964844
2025-12-04T14:41:00Z,446.42999267578125,447.4599914550781,446.20001220703125,447.4599914550781,447.4599914550781,414.0,446.42999267578125,447.4599914550781,446.20001220703125,447.4599914550781
2025-12-04T14:42:00Z,446.2799987792969,446.2799987792969,446.2799987792969,446.2799987792969,446.2799987792969,76.0,446.2799987792969,446.2799987792969,446.2799987792969,446.2799987792969
2025-12-04T14:44:00Z,445.6199951171875,445.6199951171875,445.6199951171875,445.6199951171875,445.6199951171875,70.0,445.6199951171875,445.6199951171875,445.6199951171875,445.6199951171875
2025-12-04T14:45:00Z,445.6199951171875,445.6199951171875,445.6199951171875,445.6199951171875,445.6199951171875,57.0,445.6199951171875,445.6199951171875,445.6199951171875,445.6199951171875
2025-12-04T14:47:00Z,445.32000732421875,445.32000732421875,445.32000732421875,445.32000732421875,445.32000732421875,98.0,445.32000732421875,445.32000732421875,445.32000732421875,445.32000732421875
2025-12-04T14:49:00Z,444.95001220703125,445.7200012207031,442.3900146484375,442.3900146484375,442.3900146484375,2605.0,444.95001220703125,445.7200012207031,442.3900146484375,442.3900146484375
2025-12-04T14:50:00Z,441.7699890136719,442.9580078125,441.7699890136719,442.9580078125,442.9580078125,418.0,441.7699890136719,442.9580078125,441.7699890136719,442.9580078125
2025-12-04T14:51:00Z,441.7699890136719,441.7699890136719,441.7699890136719,441.7699890136719,441.7699890136719,141.0,441.7699890136719,441.7699890136719,441.7699890136719,441.7699890136719
2025-12-04T14:52:00Z,441.7699890136719,441.7699890136719,441.7699890136719,441.7699890136719,441.7699890136719,215.0,441.7699890136719,441.7699890136719,441.7699890136719,441.7699890136719
2025-12-04T14:53:00Z,442.80999755859375,442.80999755859375,442.80999755859375,442.80999755859375,442.80999755859375,152.0,442.80999755859375,442.80999755859375,442.80999755859375,442.80999755859375
2025-12-04T14:54:00Z,441.8699951171875,442.80999755859375,441.0799865722656,442.80999755859375,442.80999755859375,297.0,441.8699951171875,442.80999755859375,441.0799865722656,442.80999755859375
2025-12-04T14:55:00Z,442.80999755859375,442.80999755859375,441.3699951171875,441.3699951171875,441.3699951171875,401.0,442.80999755859375,442.80999755859375,441.3699951171875,441.3699951171875
2025-12-04T14:56:00Z,442.05999755859375,443.760009765625,442.05999755859375,443.760009765625,443.760009765625,217.0,442.05999755859375,443.760009765625,442.05999755859375,443.760009765625
2025-12-04T14:57:00Z,441.5400085449219,442.57000732421875,441.5400085449219,442.57000732421875,442.57000732421875,202.0,441.5400085449219,442.57000732421875,441.5400085449219,442.57000732421875
2025-12-04T14:58:00Z,441.75,441.75,441.5400085449219,441.5400085449219,441.5400085449219,345.0,441.75,441.75,441.5400085449219,441.5400085449219
2025-12-04T14:59:00Z,441.4700012207031,441.4800109863281,440.5899963378906,440.6400146484375,440.6400146484375,657.0,441.4700012207031,441.4800109863281,440.5899963378906,440.6400146484375
2025-12-04T15:00:00Z,441.7099914550781,441.8699951171875,440.9200134277344,440.9200134277344,440.9200134277344,407.0,441.7099914550781,441.8699951171875,440.9200134277344,440.9200134277344
2025-12-04T15:01:00Z,441.7799987792969,442.010009765625,441.3399963378906,441.8299865722656,441.8299865722656,1032.0,441.7799987792969,442.010009765625,441.3399963378906,441.8299865722656
2025-12-04T15:02:00Z,441.4049987792969,441.5050048828125,441.4049987792969,441.5050048828125,441.5050048828125,173.0,441.4049987792969,441.5050048828125,441.4049987792969,441.5050048828125
2025-12-04T15:03:00Z,441.4049987792969,441.4049987792969,440.79998779296875,440.79998779296875,440.79998779296875,229.0,441.4049987792969,441.4049987792969,440.79998779296875,440.79998779296875
2025-12-04T15:04:00Z,441.0249938964844,441.0249938964844,440.1000061035156,440.1000061035156,440.1000061035156,325.0,441.0249938964844,441.0249938964844,440.1000061035156,440.1000061035156
2025-12-04T15:05:00Z,440.7200012207031,440.7200012207031,440.7200012207031,440.7200012207031,440.7200012207031,307.0,440.7200012207031,440.7200012207031,440.7200012207031,440.7200012207031
2025-12-04T15:07:00Z,438.2300109863281,438.2300109863281,437.5752868652344,437.5752868652344,437.5752868652344,284.0,438.2300109863281,438.2300109863281,437.5752868652344,437.5752868652344
2025-12-04T15:08:00Z,439.260009765625,439.260009765625,439.260009765625,439.260009765625,439.260009765625,136.0,439.260009765625,439.260009765625,439.260009765625,439.260009765625
2025-12-04T15:09:00Z,437.29998779296875,439.4599914550781,436.8699951171875,439.4599914550781,439.4599914550781,388.0,437.29998779296875,439.4599914550781,436.8699951171875,439.4599914550781
2025-12-04T15:10:00Z,437.32000732421875,437.32000732421875,437.32000732421875,437.32000732421875,437.32000732421875,105.0,437.32000732421875,437.32000732421875,437.32000732421875,437.32000732421875
2025-12-04T15:11:00Z,437.1600036621094,437.2699890136719,437.0199890136719,437.0199890136719,437.0199890136719,191.0,437.1600036621094,437.2699890136719,437.0199890136719,437.0199890136719
2025-12-04T15:12:00Z,437.010009765625,437.3299865722656,436.3399963378906,437.3299865722656,437.3299865722656,615.0,437.010009765625,437.3299865722656,436.3399963378906,437.3299865722656
2025-12-04T15:13:00Z,436.0299987792969,436.0299987792969,436.0299987792969,436.0299987792969,436.0299987792969,138.0,436.0299987792969,436.0299987792969,436.0299987792969,436.0299987792969
2025-12-04T15:14:00Z,437.7300109863281,438.56549072265625,437.2900085449219,437.7300109863281,437.7300109863281,357.0,437.7300109863281,438.56549072265625,437.2900085449219,437.7300109863281
2025-12-04T15:15:00Z,437.7300109863281,438.8800048828125,436.7799987792969,438.8800048828125,438.8800048828125,246.0,437.7300109863281,438.8800048828125,436.7799987792969,438.8800048828125
2025-12-04T15:16:00Z,438.54998779296875,438.54998779296875,437.9800109863281,437.9800109863281,437.9800109863281,203.0,438.54998779296875,438.54998779296875,437.9800109863281,437.9800109863281
2025-12-04T15:17:00Z,439.07501220703125,439.07501220703125,439.07501220703125,439.07501220703125,439.07501220703125,180.0,439.07501220703125,439.07501220703125,439.07501220703125,439.07501220703125
2025-12-04T15:18:00Z,438.0199890136719,439.1875,438.0199890136719,438.1600036621094,438.1600036621094,352.0,438.0199890136719,439.1875,438.0199890136719,438.1600036621094
2025-12-04T15:19:00Z,439.44500732421875,439.44500732421875,439.44500732421875,439.44500732421875,439.44500732421875,265.0,439.44500732421875,439.44500732421875,439.44500732421875,439.44500732421875
2025-12-04T15:20:00Z,439.51251220703125,441.4100036621094,439.44500732421875,440.7200012207031,440.7200012207031,1437.0,439.51251220703125,441.4100036621094,439.44500732421875,440.7200012207031
2025-12-04T15:21:00Z,440.8450012207031,440.8450012207031,440.8450012207031,440.8450012207031,440.8450012207031,482.0,440.8450012207031,440.8450012207031,440.8450012207031,440.8450012207031
2025-12-04T15:23:00Z,440.010009765625,440.010009765625,439.8599853515625,439.8699951171875,439.8699951171875,995.0,440.010009765625,440.010009765625,439.8599853515625,439.8699951171875
2025-12-04T15:26:00Z,438.17999267578125,439.135009765625,437.739990234375,439.135009765625,439.135009765625,263.0,438.17999267578125,439.135009765625,437.739990234375,439.135009765625
2025-12-04T15:27:00Z,438.9200134277344,438.9200134277344,438.9200134277344,438.9200134277344,438.9200134277344,182.0,438.9200134277344,438.9200134277344,438.9200134277344,438.9200134277344
2025-12-04T15:28:00Z,438.9200134277344,438.9200134277344,438.9200134277344,438.9200134277344,438.9200134277344,52.0,438.9200134277344,438.9200134277344,438.9200134277344,438.9200134277344
2025-12-04T15:29:00Z,438.9750061035156,438.9750061035156,438.9750061035156,438.9750061035156,438.9750061035156,152.0,438.9750061035156,438.9750061035156,438.9750061035156,438.9750061035156
2025-12-04T15:30:00Z,438.4200134277344,438.4200134277344,438.4200134277344,438.4200134277344,438.4200134277344,59.0,438.4200134277344,438.4200134277344,438.4200134277344,438.4200134277344
2025-12-04T15:31:00Z,438.2799987792969,438.2799987792969,438.2799987792969,438.2799987792969,438.2799987792969,195.0,438.2799987792969,438.2799987792969,438.2799987792969,438.2799987792969
2025-12-04T15:32:00Z,439.2250061035156,439.2250061035156,439.2250061035156,439.2250061035156,439.2250061035156,51.0,439.2250061035156,439.2250061035156,439.2250061035156,439.2250061035156
2025-12-04T15:33:00Z,439.2250061035156,439.2250061035156,439.2250061035156,439.2250061035156,439.2250061035156,300.0,439.2250061035156,439.2250061035156,439.2250061035156,439.2250061035156
2025-12-04T15:34:00Z,439.2250061035156,441.05999755859375,439.2250061035156,441.05999755859375,441.05999755859375,1418.0,439.2250061035156,441.05999755859375,439.2250061035156,441.05999755859375
2025-12-04T15:35:00Z,441.05999755859375,441.05999755859375,440.30999755859375,440.93499755859375,440.93499755859375,235.0,441.05999755859375,441.05999755859375,440.30999755859375,440.93499755859375
2025-12-04T15:36:00Z,440.8999938964844,440.8999938964844,440.8999938964844,440.8999938964844,440.8999938964844,616.0,440.8999938964844,440.8999938964844,440.8999938964844,440.8999938964844
2025-12-04T15:44:00Z,440.4649963378906,440.4649963378906,440.0,440.0,440.0,113.0,440.4649963378906,440.4649963378906,440.0,440.0
2025-12-04T15:45:00Z,440.0,440.30999755859375,440.0,440.30999755859375,440.30999755859375,233.0,440.0,440.30999755859375,440.0,440.30999755859375
2025-12-04T15:48:00Z,438.6300048828125,438.6300048828125,438.6300048828125,438.6300048828125,438.6300048828125,1325.0,438.6300048828125,438.6300048828125,438.6300048828125,438.6300048828125
2025-12-04T15:49:00Z,439.8299865722656,439.8299865722656,439.8299865722656,439.8299865722656,439.8299865722656,138.0,439.8299865722656,439.8299865722656,439.8299865722656,439.8299865722656
2025-12-04T15:50:00Z,439.510009765625,439.6449890136719,439.510009765625,439.6449890136719,439.6449890136719,281.0,439.510009765625,439.6449890136719,439.510009765625,439.6449890136719
2025-12-04T15:51:00Z,438.7699890136719,438.94000244140625,438.7699890136719,438.94000244140625,438.94000244140625,223.0,438.7699890136719,438.94000244140625,438.7699890136719,438.94000244140625
2025-12-04T15:52:00Z,439.07000732421875,439.3399963378906,439.07000732421875,439.3399963378906,439.3399963378906,170.0,439.07000732421875,439.3399963378906,439.07000732421875,439.3399963378906
2025-12-04T15:53:00Z,439.44000244140625,439.44000244140625,439.44000244140625,439.44000244140625,439.44000244140625,241.0,439.44000244140625,439.44000244140625,439.44000244140625,439.44000244140625
2025-12-04T15:54:00Z,438.760009765625,439.2699890136719,438.70001220703125,438.7749938964844,438.7749938964844,1665.0,438.760009765625,439.2699890136719,438.70001220703125,438.7749938964844
2025-12-04T15:55:00Z,439.239990234375,439.239990234375,438.93499755859375,438.989990234375,438.989990234375,571.0,439.239990234375,439.239990234375,438.93499755859375,438.989990234375
2025-12-04T15:57:00Z,439.2699890136719,439.3999938964844,438.885009765625,439.260009765625,439.260009765625,1156.0,439.2699890136719,439.3999938964844,438.885009765625,439.260009765625
2025-12-04T15:58:00Z,438.94000244140625,439.44000244140625,438.94000244140625,439.44000244140625,439.44000244140625,679.0,438.94000244140625,439.44000244140625,438.94000244140625,439.44000244140625
2025-12-04T16:00:00Z,439.4700012207031,439.4700012207031,439.4700012207031,439.4700012207031,439.4700012207031,300.0,439.4700012207031,439.4700012207031,439.4700012207031,439.4700012207031
2025-12-04T16:03:00Z,439.4700012207031,439.4700012207031,439.4700012207031,439.4700012207031,439.4700012207031,100.0,439.4700012207031,439.4700012207031,439.4700012207031,439.4700012207031
2025-12-04T16:04:00Z,440.19000244140625,440.19000244140625,439.56500244140625,440.17999267578125,440.17999267578125,572.0,440.19000244140625,440.19000244140625,439.56500244140625,440.17999267578125
2025-12-04T16:05:00Z,439.8399963378906,439.8399963378906,439.6000061035156,439.6000061035156,439.6000061035156,167.0,439.8399963378906,439.8399963378906,439.6000061035156,439.6000061035156
2025-12-04T16:06:00Z,438.8999938964844,438.8999938964844,438.8999938964844,438.8999938964844,438.8999938964844,131.0,438.8999938964844,438.8999938964844,438.8999938964844,438.8999938964844
2025-12-04T16:09:00Z,439.6099853515625,439.6099853515625,439.6099853515625,439.6099853515625,439.6099853515625,135.0,439.6099853515625,439.6099853515625,439.6099853515625,439.6099853515625
2025-12-04T16:11:00Z,439.5249938964844,439.5249938964844,438.885009765625,438.8999938964844,438.8999938964844,571.0,439.5249938964844,439.5249938964844,438.885009765625,438.8999938964844
2025-12-04T16:12:00Z,438.8500061035156,438.8500061035156,438.75,438.75,438.75,286.0,438.8500061035156,438.8500061035156,438.75,438.75
2025-12-04T16:13:00Z,438.760009765625,438.760009765625,438.2699890136719,438.2699890136719,438.2699890136719,429.0,438.760009765625,438.760009765625,438.2699890136719,438.2699890136719
2025-12-04T16:15:00Z,438.7674865722656,439.2099914550781,438.7674865722656,438.95001220703125,438.95001220703125,490.0,438.7674865722656,439.2099914550781,438.7674865722656,438.95001220703125
2025-12-04T16:16:00Z,439.0,439.0,439.0,439.0,439.0,230.0,439.0,439.0,439.0,439.0
2025-12-04T16:18:00Z,439.239990234375,439.239990234375,439.239990234375,439.239990234375,439.239990234375,182.0,439.239990234375,439.239990234375,439.239990234375,439.239990234375
2025-12-04T16:19:00Z,438.8500061035156,438.8500061035156,438.8500061035156,438.8500061035156,438.8500061035156,163.0,438.8500061035156,438.8500061035156,438.8500061035156,438.8500061035156
2025-12-04T16:22:00Z,438.6000061035156,438.6000061035156,438.6000061035156,438.6000061035156,438.6000061035156,141.0,438.6000061035156,438.6000061035156,438.6000061035156,438.6000061035156
2025-12-04T16:23:00Z,438.510009765625,438.510009765625,438.510009765625,438.510009765625,438.510009765625,149.0,438.510009765625,438.510009765625,438.510009765625,438.510009765625
2025-12-04T16:24:00Z,438.5400085449219,439.31500244140625,438.5400085449219,439.31500244140625,439.31500244140625,2329.0,438.5400085449219,439.31500244140625,438.5400085449219,439.31500244140625
2025-12-04T16:25:00Z,439.30999755859375,439.32501220703125,438.5299987792969,438.5299987792969,438.5299987792969,331.0,439.30999755859375,439.32501220703125,438.5299987792969,438.5299987792969
2025-12-04T16:26:00Z,438.29998779296875,438.3399963378906,438.29998779296875,438.3399963378906,438.3399963378906,176.0,438.29998779296875,438.3399963378906,438.29998779296875,438.3399963378906
2025-12-04T16:28:00Z,438.0447998046875,438.0447998046875,438.0447998046875,438.0447998046875,438.0447998046875,135.0,438.0447998046875,438.0447998046875,438.0447998046875,438.0447998046875
2025-12-04T16:30:00Z,438.010009765625,438.010009765625,438.010009765625,438.010009765625,438.010009765625,150.0,438.010009765625,438.010009765625,438.010009765625,438.010009765625
2025-12-04T16:31:00Z,437.79998779296875,437.9049987792969,437.7699890136719,437.9049987792969,437.9049987792969,611.0,437.79998779296875,437.9049987792969,437.7699890136719,437.9049987792969
2025-12-04T16:33:00Z,437.9049987792969,437.9049987792969,437.9049987792969,437.9049987792969,437.9049987792969,408.0,437.9049987792969,437.9049987792969,437.9049987792969,437.9049987792969
2025-12-04T16:35:00Z,438.55999755859375,438.6099853515625,438.55999755859375,438.6099853515625,438.6099853515625,500.0,438.55999755859375,438.6099853515625,438.55999755859375,438.6099853515625
2025-12-04T16:36:00Z,438.70001220703125,439.6700134277344,438.70001220703125,439.1050109863281,439.1050109863281,3010.0,438.70001220703125,439.6700134277344,438.70001220703125,439.1050109863281
2025-12-04T16:38:00Z,439.0,439.2074890136719,438.9949951171875,439.2049865722656,439.2049865722656,592.0,439.0,439.2074890136719,438.9949951171875,439.2049865722656
2025-12-04T16:40:00Z,439.2099914550781,439.2099914550781,439.2099914550781,439.2099914550781,439.2099914550781,206.0,439.2099914550781,439.2099914550781,439.2099914550781,439.2099914550781
2025-12-04T16:42:00Z,439.57000732421875,440.6549987792969,439.57000732421875,440.6549987792969,440.6549987792969,1492.0,439.57000732421875,440.6549987792969,439.57000732421875,440.6549987792969
2025-12-04T16:43:00Z,439.6400146484375,440.6549987792969,439.6400146484375,440.6549987792969,440.6549987792969,275.0,439.6400146484375,440.6549987792969,439.6400146484375,440.6549987792969
2025-12-04T16:44:00Z,440.3699951171875,440.3699951171875,440.010009765625,440.0150146484375,440.0150146484375,658.0,440.3699951171875,440.3699951171875,440.010009765625,440.0150146484375
2025-12-04T16:45:00Z,440.489990234375,440.489990234375,440.489990234375,440.489990234375,440.489990234375,213.0,440.489990234375,440.489990234375,440.489990234375,440.489990234375
2025-12-04T16:46:00Z,440.9049987792969,440.9049987792969,440.9049987792969,440.9049987792969,440.9049987792969,279.0,440.9049987792969,440.9049987792969,440.9049987792969,440.9049987792969
2025-12-04T16:49:00Z,441.7099914550781,441.7200012207031,441.19000244140625,441.489990234375,441.489990234375,658.0,441.7099914550781,441.7200012207031,441.19000244140625,441.489990234375
2025-12-04T16:51:00Z,441.92999267578125,441.92999267578125,441.5050048828125,441.5050048828125,441.5050048828125,532.0,441.92999267578125,441.92999267578125,441.5050048828125,441.5050048828125
2025-12-04T16:56:00Z,441.30999755859375,441.30999755859375,441.30999755859375,441.30999755859375,441.30999755859375,239.0,441.30999755859375,441.30999755859375,441.30999755859375,441.30999755859375
2025-12-04T16:59:00Z,442.1400146484375,442.2099914550781,441.6400146484375,441.6400146484375,441.6400146484375,373.0,442.1400146484375,442.2099914550781,441.6400146484375,441.6400146484375
2025-12-04T17:00:00Z,442.29998779296875,442.3399963378906,442.29998779296875,442.3399963378906,442.3399963378906,487.0,442.29998779296875,442.3399963378906,442.29998779296875,442.3399963378906
2025-12-04T17:02:00Z,442.2200012207031,442.2200012207031,442.2200012207031,442.2200012207031,442.2200012207031,166.0,442.2200012207031,442.2200012207031,442.2200012207031,442.2200012207031
2025-12-04T17:04:00Z,442.45001220703125,442.7349853515625,442.45001220703125,442.45001220703125,442.45001220703125,992.0,442.45001220703125,442.7349853515625,442.45001220703125,442.45001220703125
2025-12-04T17:05:00Z,443.1499938964844,443.1499938964844,443.1499938964844,443.1499938964844,443.1499938964844,157.0,443.1499938964844,443.1499938964844,443.1499938964844,443.1499938964844
2025-12-04T17:09:00Z,442.69500732421875,442.69500732421875,442.69500732421875,442.69500732421875,442.69500732421875,356.0,442.69500732421875,442.69500732421875,442.69500732421875,442.69500732421875
2025-12-04T17:11:00Z,442.69500732421875,442.69500732421875,442.6925048828125,442.69500732421875,442.69500732421875,1131.0,442.69500732421875,442.69500732421875,442.6925048828125,442.69500732421875
2025-12-04T17:12:00Z,442.69500732421875,442.69500732421875,442.6875,442.69500732421875,442.69500732421875,414.0,442.69500732421875,442.69500732421875,442.6875,442.69500732421875
2025-12-04T17:13:00Z,442.69500732421875,442.69500732421875,442.69500732421875,442.69500732421875,442.69500732421875,94.0,442.69500732421875,442.69500732421875,442.69500732421875,442.69500732421875
2025-12-04T17:14:00Z,442.69500732421875,442.69500732421875,442.69500732421875,442.69500732421875,442.69500732421875,70.0,442.69500732421875,442.69500732421875,442.69500732421875,442.69500732421875
2025-12-04T17:15:00Z,443.1000061035156,443.32000732421875,442.7699890136719,442.7699890136719,442.7699890136719,577.0,443.1000061035156,443.32000732421875,442.7699890136719,442.7699890136719
2025-12-04T17:16:00Z,442.7699890136719,442.7699890136719,442.760009765625,442.7699890136719,442.7699890136719,1671.0,442.7699890136719,442.7699890136719,442.760009765625,442.7699890136719
2025-12-04T17:21:00Z,442.7749938964844,442.7749938964844,442.7749938964844,442.7749938964844,442.7749938964844,344.0,442.7749938964844,442.7749938964844,442.7749938964844,442.7749938964844
2025-12-04T17:23:00Z,442.7850036621094,442.7850036621094,442.0799865722656,442.2900085449219,442.2900085449219,1040.0,442.7850036621094,442.7850036621094,442.0799865722656,442.2900085449219
2025-12-04T17:25:00Z,442.0400085449219,442.0400085449219,442.0400085449219,442.0400085449219,442.0400085449219,163.0,442.0400085449219,442.0400085449219,442.0400085449219,442.0400085449219
2025-12-04T17:26:00Z,442.2850036621094,442.54998779296875,442.2850036621094,442.54998779296875,442.54998779296875,704.0,442.2850036621094,442.54998779296875,442.2850036621094,442.54998779296875
2025-12-04T17:29:00Z,442.489990234375,442.489990234375,442.489990234375,442.489990234375,442.489990234375,104.0,442.489990234375,442.489990234375,442.489990234375,442.489990234375
2025-12-04T17:30:00Z,442.4599914550781,442.4599914550781,442.2699890136719,442.3399963378906,442.3399963378906,580.0,442.4599914550781,442.4599914550781,442.2699890136719,442.3399963378906
2025-12-04T17:33:00Z,442.1400146484375,442.1400146484375,441.8900146484375,441.8900146484375,441.8900146484375,815.0,442.1400146484375,442.1400146484375,441.8900146484375,441.8900146484375
2025-12-04T17:34:00Z,442.2850036621094,442.2850036621094,442.2850036621094,442.2850036621094,442.2850036621094,107.0,442.2850036621094,442.2850036621094,442.2850036621094,442.2850036621094
2025-12-04T17:35:00Z,442.5199890136719,442.5350036621094,442.4075012207031,442.4075012207031,442.4075012207031,377.0,442.5199890136719,442.5350036621094,442.4075012207031,442.4075012207031
2025-12-04T17:36:00Z,442.6700134277344,442.67999267578125,442.6700134277344,442.67999267578125,442.67999267578125,307.0,442.6700134277344,442.67999267578125,442.6700134277344,442.67999267578125
2025-12-04T17:37:00Z,442.5899963378906,442.5899963378906,442.5799865722656,442.5799865722656,442.5799865722656,303.0,442.5899963378906,442.5899963378906,442.5799865722656,442.5799865722656
2025-12-04T17:40:00Z,442.2799987792969,442.2900085449219,442.2799987792969,442.2799987792969,442.2799987792969,382.0,442.2799987792969,442.2900085449219,442.2799987792969,442.2799987792969
2025-12-04T17:42:00Z,441.92999267578125,441.92999267578125,441.8800048828125,441.8800048828125,441.8800048828125,301.0,441.92999267578125,441.92999267578125,441.8800048828125,441.8800048828125
2025-12-04T17:43:00Z,442.19000244140625,442.19000244140625,442.19000244140625,442.19000244140625,442.19000244140625,142.0,442.19000244140625,442.19000244140625,442.19000244140625,442.19000244140625
2025-12-04T17:44:00Z,442.5799865722656,442.739990234375,442.5799865722656,442.7300109863281,442.7300109863281,768.0,442.5799865722656,442.739990234375,442.5799865722656,442.7300109863281
2025-12-04T17:45:00Z,442.7300109863281,442.7300109863281,442.6300048828125,442.6300048828125,442.6300048828125,132.0,442.7300109863281,442.7300109863281,442.6300048828125,442.6300048828125
2025-12-04T17:46:00Z,442.7300109863281,442.8399963378906,442.7300109863281,442.8299865722656,442.8299865722656,466.0,442.7300109863281,442.8399963378906,442.7300109863281,442.8299865722656
2025-12-04T17:47:00Z,442.8900146484375,442.8900146484375,442.8900146484375,442.8900146484375,442.8900146484375,211.0,442.8900146484375,442.8900146484375,442.8900146484375,442.8900146484375
2025-12-04T17:50:00Z,443.05999755859375,443.1400146484375,443.05999755859375,443.1400146484375,443.1400146484375,236.0,443.05999755859375,443.1400146484375,443.05999755859375,443.1400146484375
2025-12-04T17:53:00Z,443.05999755859375,443.05999755859375,443.05999755859375,443.05999755859375,443.05999755859375,147.0,443.05999755859375,443.05999755859375,443.05999755859375,443.05999755859375
2025-12-04T17:58:00Z,443.05999755859375,443.05999755859375,443.05999755859375,443.05999755859375,443.05999755859375,223.0,443.05999755859375,443.05999755859375,443.05999755859375,443.05999755859375
2025-12-04T17:59:00Z,442.8599853515625,442.8599853515625,442.8599853515625,442.8599853515625,442.8599853515625,170.0,442.8599853515625,442.8599853515625,442.8599853515625,442.8599853515625
2025-12-04T18:04:00Z,443.30810546875,443.30810546875,443.30810546875,443.30810546875,443.30810546875,164.0,443.30810546875,443.30810546875,443.30810546875,443.30810546875
2025-12-04T18:07:00Z,443.072509765625,443.072509765625,442.42999267578125,442.42999267578125,442.42999267578125,754.0,443.072509765625,443.072509765625,442.42999267578125,442.42999267578125
2025-12-04T18:08:00Z,442.82000732421875,443.0350036621094,442.75,443.0350036621094,443.0350036621094,1103.0,442.82000732421875,443.0350036621094,442.75,443.0350036621094
2025-12-04T18:09:00Z,443.42999267578125,443.42999267578125,443.42999267578125,443.42999267578125,443.42999267578125,298.0,443.42999267578125,443.42999267578125,443.42999267578125,443.42999267578125
2025-12-04T18:10:00Z,443.6549987792969,443.6549987792969,443.2300109863281,443.2300109863281,443.2300109863281,149.0,443.6549987792969,443.6549987792969,443.2300109863281,443.2300109863281
2025-12-04T18:11:00Z,443.239990234375,443.2900085449219,443.239990234375,443.2900085449219,443.2900085449219,321.0,443.239990234375,443.2900085449219,443.239990234375,443.2900085449219
2025-12-04T18:15:00Z,443.29998779296875,443.29998779296875,443.29998779296875,443.29998779296875,443.29998779296875,86.0,443.29998779296875,443.29998779296875,443.29998779296875,443.29998779296875
2025-12-04T18:16:00Z,443.5400085449219,443.67999267578125,443.5400085449219,443.5400085449219,443.5400085449219,519.0,443.5400085449219,443.67999267578125,443.5400085449219,443.5400085449219
2025-12-04T18:17:00Z,443.69000244140625,443.69000244140625,443.69000244140625,443.69000244140625,443.69000244140625,84.0,443.69000244140625,443.69000244140625,443.69000244140625,443.69000244140625
2025-12-04T18:20:00Z,443.739990234375,443.7699890136719,443.510009765625,443.510009765625,443.510009765625,601.0,443.739990234375,443.7699890136719,443.510009765625,443.510009765625
2025-12-04T18:21:00Z,443.95001220703125,443.95001220703125,443.95001220703125,443.95001220703125,443.95001220703125,522.0,443.95001220703125,443.95001220703125,443.95001220703125,443.95001220703125
2025-12-04T18:29:00Z,444.4024963378906,444.4024963378906,444.4024963378906,444.4024963378906,444.4024963378906,359.0,444.4024963378906,444.4024963378906,444.4024963378906,444.4024963378906
2025-12-04T18:33:00Z,444.239990234375,444.239990234375,444.239990234375,444.239990234375,444.239990234375,164.0,444.239990234375,444.239990234375,444.239990234375,444.239990234375
2025-12-04T18:36:00Z,444.3399963378906,444.3399963378906,444.3399963378906,444.3399963378906,444.3399963378906,140.0,444.3399963378906,444.3399963378906,444.3399963378906,444.3399963378906
2025-12-04T18:37:00Z,444.1099853515625,444.1099853515625,444.1099853515625,444.1099853515625,444.1099853515625,240.0,444.1099853515625,444.1099853515625,444.1099853515625,444.1099853515625
2025-12-04T18:41:00Z,444.0299987792969,444.0400085449219,444.010009765625,444.010009765625,444.010009765625,517.0,444.0299987792969,444.0400085449219,444.010009765625,444.010009765625
2025-12-04T18:45:00Z,443.92999267578125,443.95001220703125,443.92999267578125,443.95001220703125,443.95001220703125,129.0,443.92999267578125,443.95001220703125,443.92999267578125,443.95001220703125
2025-12-04T18:46:00Z,444.1700134277344,444.1700134277344,444.1700134277344,444.1700134277344,444.1700134277344,56.0,444.1700134277344,444.1700134277344,444.1700134277344,444.1700134277344
2025-12-04T18:47:00Z,444.239990234375,444.239990234375,444.239990234375,444.239990234375,444.239990234375,222.0,444.239990234375,444.239990234375,444.239990234375,444.239990234375
2025-12-04T18:48:00Z,444.45001220703125,444.4599914550781,444.4100036621094,444.4100036621094,444.4100036621094,826.0,444.45001220703125,444.4599914550781,444.4100036621094,444.4100036621094
2025-12-04T18:50:00Z,444.43499755859375,444.43499755859375,444.43499755859375,444.43499755859375,444.43499755859375,115.0,444.43499755859375,444.43499755859375,444.43499755859375,444.43499755859375
2025-12-04T18:51:00Z,444.6499938964844,444.6600036621094,444.5199890136719,444.6600036621094,444.6600036621094,428.0,444.6499938964844,444.6600036621094,444.5199890136719,444.6600036621094
2025-12-04T18:52:00Z,444.67999267578125,444.70001220703125,444.67999267578125,444.67999267578125,444.67999267578125,267.0,444.67999267578125,444.70001220703125,444.67999267578125,444.67999267578125
2025-12-04T18:53:00Z,445.0899963378906,445.0899963378906,445.0899963378906,445.0899963378906,445.0899963378906,263.0,445.0899963378906,445.0899963378906,445.0899963378906,445.0899963378906
2025-12-04T18:56:00Z,444.6000061035156,444.6000061035156,444.25,444.25,444.25,639.0,444.6000061035156,444.6000061035156,444.25,444.25
2025-12-04T18:58:00Z,444.1700134277344,444.7149963378906,444.1700134277344,444.7149963378906,444.7149963378906,1121.0,444.1700134277344,444.7149963378906,444.1700134277344,444.7149963378906
2025-12-04T19:00:00Z,445.260009765625,445.4100036621094,445.1499938964844,445.4100036621094,445.4100036621094,544.0,445.260009765625,445.4100036621094,445.1499938964844,445.4100036621094
2025-12-04T19:01:00Z,445.45001220703125,445.45001220703125,445.45001220703125,445.45001220703125,445.45001220703125,158.0,445.45001220703125,445.45001220703125,445.45001220703125,445.45001220703125
2025-12-04T19:02:00Z,445.45001220703125,445.45001220703125,445.45001220703125,445.45001220703125,445.45001220703125,306.0,445.45001220703125,445.45001220703125,445.45001220703125,445.45001220703125
2025-12-04T19:03:00Z,445.4549865722656,445.4549865722656,445.4549865722656,445.4549865722656,445.4549865722656,47.0,445.4549865722656,445.4549865722656,445.4549865722656,445.4549865722656
2025-12-04T19:04:00Z,445.4549865722656,445.4549865722656,445.4549865722656,445.4549865722656,445.4549865722656,63.0,445.4549865722656,445.4549865722656,445.4549865722656,445.4549865722656
2025-12-04T19:05:00Z,445.4549865722656,445.4599914550781,445.4549865722656,445.4599914550781,445.4599914550781,104.0,445.4549865722656,445.4599914550781,445.4549865722656,445.4599914550781
2025-12-04T19:06:00Z,445.45001220703125,445.45001220703125,445.45001220703125,445.45001220703125,445.45001220703125,47.0,445.45001220703125,445.45001220703125,445.45001220703125,445.45001220703125
2025-12-04T19:07:00Z,445.1199951171875,445.1199951171875,445.1099853515625,445.1199951171875,445.1199951171875,596.0,445.1199951171875,445.1199951171875,445.1099853515625,445.1199951171875
2025-12-04T19:08:00Z,445.0,445.0,445.0,445.0,445.0,196.0,445.0,445.0,445.0,445.0
2025-12-04T19:09:00Z,444.9200134277344,444.9200134277344,444.9100036621094,444.9100036621094,444.9100036621094,139.0,444.9200134277344,444.9200134277344,444.9100036621094,444.9100036621094
2025-12-04T19:10:00Z,444.9100036621094,444.9100036621094,444.7300109863281,444.7300109863281,444.7300109863281,166.0,444.9100036621094,444.9100036621094,444.7300109863281,444.7300109863281
2025-12-04T19:11:00Z,444.6099853515625,444.6099853515625,444.6099853515625,444.6099853515625,444.6099853515625,105.0,444.6099853515625,444.6099853515625,444.6099853515625,444.6099853515625
2025-12-04T19:13:00Z,444.6099853515625,444.6099853515625,444.260009765625,444.260009765625,444.260009765625,274.0,444.6099853515625,444.6099853515625,444.260009765625,444.260009765625
2025-12-04T19:14:00Z,444.260009765625,444.260009765625,444.260009765625,444.260009765625,444.260009765625,106.0,444.260009765625,444.260009765625,444.260009765625,444.260009765625
2025-12-04T19:15:00Z,444.25,444.25,444.0400085449219,444.0400085449219,444.0400085449219,500.0,444.25,444.25,444.0400085449219,444.0400085449219
2025-12-04T19:17:00Z,444.0849914550781,444.0849914550781,444.0849914550781,444.0849914550781,444.0849914550781,427.0,444.0849914550781,444.0849914550781,444.0849914550781,444.0849914550781
2025-12-04T19:18:00Z,444.0799865722656,444.0799865722656,444.0799865722656,444.0799865722656,444.0799865722656,100.0,444.0799865722656,444.0799865722656,444.0799865722656,444.0799865722656
2025-12-04T19:19:00Z,444.0799865722656,444.0799865722656,443.7699890136719,443.7699890136719,443.7699890136719,92.0,444.0799865722656,444.0799865722656,443.7699890136719,443.7699890136719
2025-12-04T19:20:00Z,443.69000244140625,443.69000244140625,443.69000244140625,443.69000244140625,443.69000244140625,668.0,443.69000244140625,443.69000244140625,443.69000244140625,443.69000244140625
2025-12-04T19:22:00Z,444.0199890136719,444.07000732421875,444.0199890136719,444.07000732421875,444.07000732421875,184.0,444.0199890136719,444.07000732421875,444.0199890136719,444.07000732421875
2025-12-04T19:23:00Z,443.30999755859375,443.30999755859375,443.1700134277344,443.1700134277344,443.1700134277344,287.0,443.30999755859375,443.30999755859375,443.1700134277344,443.1700134277344
2025-12-04T19:24:00Z,443.6700134277344,443.6700134277344,443.6700134277344,443.6700134277344,443.6700134277344,47.0,443.6700134277344,443.6700134277344,443.6700134277344,443.6700134277344
2025-12-04T19:25:00Z,443.8800048828125,443.9150085449219,443.8800048828125,443.9150085449219,443.9150085449219,194.0,443.8800048828125,443.9150085449219,443.8800048828125,443.9150085449219
2025-12-04T19:26:00Z,443.9150085449219,443.9150085449219,443.9150085449219,443.9150085449219,443.9150085449219,117.0,443.9150085449219,443.9150085449219,443.9150085449219,443.9150085449219
2025-12-04T19:28:00Z,443.5899963378906,443.5899963378906,443.5899963378906,443.5899963378906,443.5899963378906,86.0,443.5899963378906,443.5899963378906,443.5899963378906,443.5899963378906
2025-12-04T19:29:00Z,443.5199890136719,443.5199890136719,443.5199890136719,443.5199890136719,443.5199890136719,289.0,443.5199890136719,443.5199890136719,443.5199890136719,443.5199890136719
2025-12-04T19:31:00Z,443.9049987792969,443.9049987792969,443.8999938964844,443.8999938964844,443.8999938964844,180.0,443.9049987792969,443.9049987792969,443.8999938964844,443.8999938964844
2025-12-04T19:32:00Z,443.44000244140625,443.44000244140625,443.3999938964844,443.3999938964844,443.3999938964844,145.0,443.44000244140625,443.44000244140625,443.3999938964844,443.3999938964844
2025-12-04T19:33:00Z,443.3999938964844,443.3999938964844,443.1600036621094,443.1600036621094,443.1600036621094,804.0,443.3999938964844,443.3999938964844,443.1600036621094,443.1600036621094
2025-12-04T19:34:00Z,442.9800109863281,442.9800109863281,442.9700012207031,442.9800109863281,442.9800109863281,234.0,442.9800109863281,442.9800109863281,442.9700012207031,442.9800109863281
2025-12-04T19:35:00Z,443.30999755859375,443.9150085449219,443.29998779296875,443.9150085449219,443.9150085449219,1559.0,443.30999755859375,443.9150085449219,443.29998779296875,443.9150085449219
2025-12-04T19:39:00Z,443.7749938964844,443.7749938964844,443.7749938964844,443.7749938964844,443.7749938964844,196.0,443.7749938964844,443.7749938964844,443.7749938964844,443.7749938964844
2025-12-04T19:41:00Z,443.4200134277344,443.42999267578125,443.2099914550781,443.2099914550781,443.2099914550781,778.0,443.4200134277344,443.42999267578125,443.2099914550781,443.2099914550781
2025-12-04T19:42:00Z,443.2300109863281,443.2300109863281,443.2300109863281,443.2300109863281,443.2300109863281,90.0,443.2300109863281,443.2300109863281,443.2300109863281,443.2300109863281
2025-12-04T19:43:00Z,443.260009765625,443.44000244140625,442.989990234375,442.989990234375,442.989990234375,725.0,443.260009765625,443.44000244140625,442.989990234375,442.989990234375
2025-12-04T19:44:00Z,443.0299987792969,443.0299987792969,443.0299987792969,443.0299987792969,443.0299987792969,48.0,443.0299987792969,443.0299987792969,443.0299987792969,443.0299987792969
2025-12-04T19:45:00Z,443.0299987792969,443.0299987792969,443.0299987792969,443.0299987792969,443.0299987792969,462.0,443.0299987792969,443.0299987792969,443.0299987792969,443.0299987792969
2025-12-04T19:46:00Z,443.0299987792969,443.0299987792969,443.0299987792969,443.0299987792969,443.0299987792969,178.0,443.0299987792969,443.0299987792969,443.0299987792969,443.0299987792969
2025-12-04T19:47:00Z,443.1400146484375,443.1400146484375,443.1400146484375,443.1400146484375,443.1400146484375,189.0,443.1400146484375,443.1400146484375,443.1400146484375,443.1400146484375
2025-12-04T19:48:00Z,443.4599914550781,443.5299987792969,443.260009765625,443.260009765625,443.260009765625,1498.0,443.4599914550781,443.5299987792969,443.260009765625,443.260009765625
2025-12-04T19:51:00Z,443.0799865722656,443.0799865722656,442.8800048828125,442.8800048828125,442.8800048828125,289.0,443.0799865722656,443.0799865722656,442.8800048828125,442.8800048828125
2025-12-04T19:52:00Z,443.1300048828125,443.1600036621094,443.1199951171875,443.1199951171875,443.1199951171875,4706.0,443.1300048828125,443.1600036621094,443.1199951171875,443.1199951171875
2025-12-04T19:53:00Z,442.8999938964844,442.8999938964844,442.8999938964844,442.8999938964844,442.8999938964844,227.0,442.8999938964844,442.8999938964844,442.8999938964844,442.8999938964844
2025-12-04T19:54:00Z,442.8299865722656,443.24578857421875,442.8299865722656,443.24578857421875,443.24578857421875,468.0,442.8299865722656,443.24578857421875,442.8299865722656,443.24578857421875
2025-12-04T19:55:00Z,442.82000732421875,442.82000732421875,442.82000732421875,442.82000732421875,442.82000732421875,706.0,442.82000732421875,442.82000732421875,442.82000732421875,442.82000732421875
2025-12-04T19:56:00Z,442.5150146484375,442.5150146484375,442.5150146484375,442.5150146484375,442.5150146484375,43.0,442.5150146484375,442.5150146484375,442.5150146484375,442.5150146484375
2025-12-04T19:57:00Z,442.4750061035156,442.4775085449219,442.4750061035156,442.4775085449219,442.4775085449219,259.0,442.4750061035156,442.4775085449219,442.4750061035156,442.4775085449219
2025-12-04T19:58:00Z,442.7900085449219,442.7900085449219,442.15008544921875,442.15008544921875,442.15008544921875,417.0,442.7900085449219,442.7900085449219,442.15008544921875,442.15008544921875
2025-12-04T19:59:00Z,442.7900085449219,442.8299865722656,442.7900085449219,442.80999755859375,442.80999755859375,322.0,442.7900085449219,442.8299865722656,442.7900085449219,442.80999755859375
2025-12-04T20:00:00Z,442.8999938964844,443.54998779296875,442.8999938964844,443.2099914550781,443.2099914550781,1182.0,442.8999938964844,443.54998779296875,442.8999938964844,443.2099914550781
2025-12-04T20:02:00Z,443.375,443.375,443.3699951171875,443.3699951171875,443.3699951171875,482.0,443.375,443.375,443.3699951171875,443.3699951171875
2025-12-04T20:03:00Z,443.57000732421875,444.0849914550781,443.57000732421875,444.0849914550781,444.0849914550781,1314.0,443.57000732421875,444.0849914550781,443.57000732421875,444.0849914550781
2025-12-04T20:06:00Z,444.0849914550781,444.0849914550781,444.0849914550781,444.0849914550781,444.0849914550781,126.0,444.0849914550781,444.0849914550781,444.0849914550781,444.0849914550781
2025-12-04T20:07:00Z,443.9200134277344,443.9200134277344,443.8125,443.8125,443.8125,221.0,443.9200134277344,443.9200134277344,443.8125,443.8125
2025-12-04T20:08:00Z,443.864990234375,443.864990234375,443.67999267578125,443.67999267578125,443.67999267578125,323.0,443.864990234375,443.864990234375,443.67999267578125,443.67999267578125
2025-12-04T20:09:00Z,443.7349853515625,443.7349853515625,443.7349853515625,443.7349853515625,443.7349853515625,126.0,443.7349853515625,443.7349853515625,443.7349853515625,443.7349853515625
2025-12-04T20:10:00Z,443.7349853515625,443.7349853515625,443.7300109863281,443.7300109863281,443.7300109863281,599.0,443.7349853515625,443.7349853515625,443.7300109863281,443.7300109863281
2025-12-04T20:14:00Z,443.92999267578125,443.92999267578125,443.92999267578125,443.92999267578125,443.92999267578125,207.0,443.92999267578125,443.92999267578125,443.92999267578125,443.92999267578125
2025-12-04T20:15:00Z,443.7250061035156,443.7250061035156,443.7250061035156,443.7250061035156,443.7250061035156,123.0,443.7250061035156,443.7250061035156,443.7250061035156,443.7250061035156
2025-12-04T20:16:00Z,443.7250061035156,443.7250061035156,443.2200012207031,443.2200012207031,443.2200012207031,1469.0,443.7250061035156,443.7250061035156,443.2200012207031,443.2200012207031
2025-12-04T20:17:00Z,443.30999755859375,443.739990234375,443.30999755859375,443.739990234375,443.739990234375,1395.0,443.30999755859375,443.739990234375,443.30999755859375,443.739990234375
2025-12-04T20:19:00Z,443.8500061035156,443.9100036621094,443.57000732421875,443.69000244140625,443.69000244140625,2642.0,443.8500061035156,443.9100036621094,443.57000732421875,443.69000244140625
2025-12-04T20:20:00Z,443.4599914550781,443.5899963378906,443.1700134277344,443.1700134277344,443.1700134277344,906.0,443.4599914550781,443.5899963378906,443.1700134277344,443.1700134277344
2025-12-04T20:23:00Z,442.92999267578125,442.92999267578125,442.75,442.75,442.75,276.0,442.92999267578125,442.92999267578125,442.75,442.75
2025-12-04T20:24:00Z,442.760009765625,442.760009765625,442.6199951171875,442.6199951171875,442.6199951171875,363.0,442.760009765625,442.760009765625,442.6199951171875,442.6199951171875
2025-12-04T20:25:00Z,442.55999755859375,442.55999755859375,442.4800109863281,442.4800109863281,442.4800109863281,511.0,442.55999755859375,442.55999755859375,442.4800109863281,442.4800109863281
2025-12-04T20:26:00Z,442.5400085449219,442.5400085449219,442.4800109863281,442.4800109863281,442.4800109863281,167.0,442.5400085449219,442.5400085449219,442.4800109863281,442.4800109863281
2025-12-04T20:27:00Z,442.69000244140625,442.69000244140625,442.5199890136719,442.635009765625,442.635009765625,806.0,442.69000244140625,442.69000244140625,442.5199890136719,442.635009765625
2025-12-04T20:28:00Z,442.4800109863281,442.4800109863281,442.4800109863281,442.4800109863281,442.4800109863281,576.0,442.4800109863281,442.4800109863281,442.4800109863281,442.4800109863281
2025-12-04T20:29:00Z,442.3999938964844,442.3999938964844,442.3999938964844,442.3999938964844,442.3999938964844,352.0,442.3999938964844,442.3999938964844,442.3999938964844,442.3999938964844
2025-12-04T20:30:00Z,442.260009765625,442.260009765625,442.260009765625,442.260009765625,442.260009765625,190.0,442.260009765625,442.260009765625,442.260009765625,442.260009765625
2025-12-04T20:31:00Z,442.3500061035156,442.4599914550781,442.260009765625,442.4599914550781,442.4599914550781,679.0,442.3500061035156,442.4599914550781,442.260009765625,442.4599914550781
2025-12-04T20:32:00Z,442.4649963378906,442.4649963378906,442.4649963378906,442.4649963378906,442.4649963378906,153.0,442.4649963378906,442.4649963378906,442.4649963378906,442.4649963378906
2025-12-04T20:33:00Z,442.6000061035156,442.6000061035156,442.4750061035156,442.4750061035156,442.4750061035156,293.0,442.6000061035156,442.6000061035156,442.4750061035156,442.4750061035156
2025-12-04T20:34:00Z,442.4750061035156,442.69000244140625,442.4750061035156,442.489990234375,442.489990234375,1605.0,442.4750061035156,442.69000244140625,442.4750061035156,442.489990234375
2025-12-04T20:36:00Z,442.42999267578125,442.42999267578125,442.3900146484375,442.42999267578125,442.42999267578125,589.0,442.42999267578125,442.42999267578125,442.3900146484375,442.42999267578125
2025-12-04T20:37:00Z,442.29998779296875,442.44500732421875,442.29998779296875,442.44500732421875,442.44500732421875,371.0,442.29998779296875,442.44500732421875,442.29998779296875,442.44500732421875
2025-12-04T20:39:00Z,442.489990234375,442.489990234375,442.3399963378906,442.3399963378906,442.3399963378906,986.0,442.489990234375,442.489990234375,442.3399963378906,442.3399963378906
2025-12-04T20:40:00Z,442.5050048828125,442.5050048828125,442.5050048828125,442.5050048828125,442.5050048828125,404.0,442.5050048828125,442.5050048828125,442.5050048828125,442.5050048828125
2025-12-04T20:41:00Z,442.3599853515625,442.3599853515625,442.0799865722656,442.0799865722656,442.0799865722656,1469.0,442.3599853515625,442.3599853515625,442.0799865722656,442.0799865722656
2025-12-04T20:42:00Z,442.010009765625,442.010009765625,441.9599914550781,441.9599914550781,441.9599914550781,262.0,442.010009765625,442.010009765625,441.9599914550781,441.9599914550781
2025-12-04T20:43:00Z,441.9700012207031,441.9700012207031,441.9700012207031,441.9700012207031,441.9700012207031,449.0,441.9700012207031,441.9700012207031,441.9700012207031,441.9700012207031
2025-12-04T20:44:00Z,442.2349853515625,442.2349853515625,442.2349853515625,442.2349853515625,442.2349853515625,133.0,442.2349853515625,442.2349853515625,442.2349853515625,442.2349853515625
2025-12-04T20:45:00Z,442.2349853515625,442.3900146484375,442.04998779296875,442.04998779296875,442.04998779296875,1229.0,442.2349853515625,442.3900146484375,442.04998779296875,442.04998779296875
2025-12-04T20:46:00Z,442.1000061035156,442.239990234375,441.8599853515625,442.1050109863281,442.1050109863281,1427.0,442.1000061035156,442.239990234375,441.8599853515625,442.1050109863281
2025-12-04T20:47:00Z,442.1099853515625,442.1099853515625,442.0,442.1099853515625,442.1099853515625,443.0,442.1099853515625,442.1099853515625,442.0,442.1099853515625
2025-12-04T20:48:00Z,442.125,442.1300048828125,441.8900146484375,441.8900146484375,441.8900146484375,1171.0,442.125,442.1300048828125,441.8900146484375,441.8900146484375
2025-12-04T20:49:00Z,442.1424865722656,442.1424865722656,441.8800048828125,441.8999938964844,441.8999938964844,1558.0,442.1424865722656,442.1424865722656,441.8800048828125,441.8999938964844
2025-12-04T20:50:00Z,442.1199951171875,442.1199951171875,441.70001220703125,441.8999938964844,441.8999938964844,4465.0,442.1199951171875,442.1199951171875,441.70001220703125,441.8999938964844
2025-12-04T20:51:00Z,441.82000732421875,441.82000732421875,441.739990234375,441.7449951171875,441.7449951171875,988.0,441.82000732421875,441.82000732421875,441.739990234375,441.7449951171875
2025-12-04T20:52:00Z,441.5400085449219,441.6864929199219,441.3800048828125,441.3800048828125,441.3800048828125,943.0,441.5400085449219,441.6864929199219,441.3800048828125,441.3800048828125
2025-12-04T20:53:00Z,441.2300109863281,441.2300109863281,440.8800048828125,440.8800048828125,440.8800048828125,1096.0,441.2300109863281,441.2300109863281,440.8800048828125,440.8800048828125
2025-12-04T20:54:00Z,440.82000732421875,440.82000732421875,440.17999267578125,440.2799987792969,440.2799987792969,1805.0,440.82000732421875,440.82000732421875,440.17999267578125,440.2799987792969
2025-12-04T20:55:00Z,440.49249267578125,440.9150085449219,440.1300048828125,440.9150085449219,440.9150085449219,4444.0,440.49249267578125,440.9150085449219,440.1300048828125,440.9150085449219
2025-12-04T20:56:00Z,440.9150085449219,441.7200012207031,440.9150085449219,441.54998779296875,441.54998779296875,2528.0,440.9150085449219,441.7200012207031,440.9150085449219,441.54998779296875
2025-12-04T20:57:00Z,441.7300109863281,442.6300048828125,441.6499938964844,442.5450134277344,442.5450134277344,8221.0,441.7300109863281,442.6300048828125,441.6499938964844,442.5450134277344
2025-12-04T20:58:00Z,442.5400085449219,442.5400085449219,442.25,442.29998779296875,442.29998779296875,5375.0,442.5400085449219,442.5400085449219,442.25,442.29998779296875
2025-12-04T20:59:00Z,442.3500061035156,442.7799987792969,442.04998779296875,442.7799987792969,442.7799987792969,16177.0,442.3500061035156,442.7799987792969,442.04998779296875,442.7799987792969
2025-12-05T14:30:00Z,441.7799987792969,441.7799987792969,441.7799987792969,441.7799987792969,441.7799987792969,1536.0,441.7799987792969,441.7799987792969,441.7799987792969,441.7799987792969
2025-12-05T14:31:00Z,439.1400146484375,440.7550048828125,439.1400146484375,440.7550048828125,440.7550048828125,456.0,439.1400146484375,440.7550048828125,439.1400146484375,440.7550048828125
2025-12-05T14:35:00Z,438.8999938964844,438.8999938964844,438.6499938964844,438.8399963378906,438.8399963378906,476.0,438.8999938964844,438.8999938964844,438.6499938964844,438.8399963378906
2025-12-05T14:36:00Z,438.92999267578125,438.92999267578125,437.4599914550781,437.4599914550781,437.4599914550781,118.0,438.92999267578125,438.92999267578125,437.4599914550781,437.4599914550781
2025-12-05T14:47:00Z,442.489990234375,442.489990234375,438.0899963378906,439.8800048828125,439.8800048828125,514.0,442.489990234375,442.489990234375,438.0899963378906,439.8800048828125
2025-12-05T14:51:00Z,439.3500061035156,441.75,439.3500061035156,441.75,441.75,343.0,439.3500061035156,441.75,439.3500061035156,441.75
2025-12-05T14:52:00Z,440.260009765625,440.260009765625,440.260009765625,440.260009765625,440.260009765625,79.0,440.260009765625,440.260009765625,440.260009765625,440.260009765625
2025-12-05T14:53:00Z,441.75,441.75,441.75,441.75,441.75,126.0,441.75,441.75,441.75,441.75
2025-12-05T14:55:00Z,439.42999267578125,440.260009765625,439.42999267578125,440.260009765625,440.260009765625,202.0,439.42999267578125,440.260009765625,439.42999267578125,440.260009765625
2025-12-05T14:57:00Z,441.75,441.75,441.75,441.75,441.75,528.0,441.75,441.75,441.75,441.75
2025-12-05T14:58:00Z,441.75,443.5,441.75,442.70001220703125,442.70001220703125,252.0,441.75,443.5,441.75,442.70001220703125
2025-12-05T14:59:00Z,444.2900085449219,445.32000732421875,443.4100036621094,443.4100036621094,443.4100036621094,1014.0,444.2900085449219,445.32000732421875,443.4100036621094,443.4100036621094
2025-12-05T15:00:00Z,443.4100036621094,443.4100036621094,443.4100036621094,443.4100036621094,443.4100036621094,274.0,443.4100036621094,443.4100036621094,443.4100036621094,443.4100036621094
2025-12-05T15:01:00Z,443.3699951171875,443.3699951171875,443.3699951171875,443.3699951171875,443.3699951171875,133.0,443.3699951171875,443.3699951171875,443.3699951171875,443.3699951171875
2025-12-05T15:02:00Z,443.3999938964844,443.4100036621094,443.3999938964844,443.4100036621094,443.4100036621094,305.0,443.3999938964844,443.4100036621094,443.3999938964844,443.4100036621094
2025-12-05T15:04:00Z,443.4100036621094,443.44000244140625,443.4100036621094,443.4100036621094,443.4100036621094,526.0,443.4100036621094,443.44000244140625,443.4100036621094,443.4100036621094
2025-12-05T15:06:00Z,444.364990234375,444.364990234375,443.42999267578125,443.42999267578125,443.42999267578125,244.0,444.364990234375,444.364990234375,443.42999267578125,443.42999267578125
2025-12-05T15:07:00Z,444.364990234375,444.364990234375,444.364990234375,444.364990234375,444.364990234375,433.0,444.364990234375,444.364990234375,444.364990234375,444.364990234375
2025-12-05T15:09:00Z,442.7799987792969,442.7799987792969,442.7799987792969,442.7799987792969,442.7799987792969,73.0,442.7799987792969,442.7799987792969,442.7799987792969,442.7799987792969
2025-12-05T15:10:00Z,441.95001220703125,441.95001220703125,441.95001220703125,441.95001220703125,441.95001220703125,425.0,441.95001220703125,441.95001220703125,441.95001220703125,441.95001220703125
2025-12-05T15:13:00Z,442.385009765625,442.385009765625,442.385009765625,442.385009765625,442.385009765625,90.0,442.385009765625,442.385009765625,442.385009765625,442.385009765625
2025-12-05T15:14:00Z,442.385009765625,442.385009765625,442.385009765625,442.385009765625,442.385009765625,384.0,442.385009765625,442.385009765625,442.385009765625,442.385009765625
2025-12-05T15:16:00Z,441.9200134277344,441.9200134277344,441.9200134277344,441.9200134277344,441.9200134277344,475.0,441.9200134277344,441.9200134277344,441.9200134277344,441.9200134277344
2025-12-05T15:22:00Z,441.8500061035156,441.8500061035156,441.8500061035156,441.8500061035156,441.8500061035156,42.0,441.8500061035156,441.8500061035156,441.8500061035156,441.8500061035156
2025-12-05T15:23:00Z,441.864990234375,441.864990234375,441.8500061035156,441.8500061035156,441.8500061035156,220.0,441.864990234375,441.864990234375,441.8500061035156,441.8500061035156
2025-12-05T15:24:00Z,441.8500061035156,443.0,441.8500061035156,442.875,442.875,1820.0,441.8500061035156,443.0,441.8500061035156,442.875
2025-12-05T15:25:00Z,442.7950134277344,443.0400085449219,442.7950134277344,443.0400085449219,443.0400085449219,553.0,442.7950134277344,443.0400085449219,442.7950134277344,443.0400085449219
2025-12-05T15:26:00Z,443.6099853515625,444.8299865722656,443.6099853515625,444.8299865722656,444.8299865722656,1559.0,443.6099853515625,444.8299865722656,443.6099853515625,444.8299865722656
2025-12-05T15:29:00Z,444.80999755859375,444.80999755859375,444.80999755859375,444.80999755859375,444.80999755859375,236.0,444.80999755859375,444.80999755859375,444.80999755859375,444.80999755859375
2025-12-05T15:31:00Z,443.8699951171875,443.8699951171875,443.625,443.625,443.625,403.0,443.8699951171875,443.8699951171875,443.625,443.625
2025-12-05T15:32:00Z,443.625,443.625,443.625,443.625,443.625,126.0,443.625,443.625,443.625,443.625
2025-12-05T15:33:00Z,443.92999267578125,444.1099853515625,443.92999267578125,444.1099853515625,444.1099853515625,388.0,443.92999267578125,444.1099853515625,443.92999267578125,444.1099853515625
2025-12-05T15:34:00Z,443.510009765625,443.510009765625,443.510009765625,443.510009765625,443.510009765625,69.0,443.510009765625,443.510009765625,443.510009765625,443.510009765625
2025-12-05T15:36:00Z,443.697509765625,444.1199951171875,443.697509765625,444.1199951171875,444.1199951171875,561.0,443.697509765625,444.1199951171875,443.697509765625,444.1199951171875
2025-12-05T15:37:00Z,444.1499938964844,444.7699890136719,443.79998779296875,444.7699890136719,444.7699890136719,623.0,444.1499938964844,444.7699890136719,443.79998779296875,444.7699890136719
2025-12-05T15:38:00Z,444.94000244140625,444.94000244140625,444.94000244140625,444.94000244140625,444.94000244140625,248.0,444.94000244140625,444.94000244140625,444.94000244140625,444.94000244140625
2025-12-05T15:39:00Z,444.30999755859375,444.30999755859375,444.30999755859375,444.30999755859375,444.30999755859375,41.0,444.30999755859375,444.30999755859375,444.30999755859375,444.30999755859375
2025-12-05T15:40:00Z,444.30999755859375,444.510009765625,444.30999755859375,444.510009765625,444.510009765625,293.0,444.30999755859375,444.510009765625,444.30999755859375,444.510009765625
2025-12-05T15:42:00Z,444.8699951171875,445.1600036621094,444.822509765625,445.1600036621094,445.1600036621094,291.0,444.8699951171875,445.1600036621094,444.822509765625,445.1600036621094
2025-12-05T15:43:00Z,445.2099914550781,445.2099914550781,445.2099914550781,445.2099914550781,445.2099914550781,364.0,445.2099914550781,445.2099914550781,445.2099914550781,445.2099914550781
2025-12-05T15:44:00Z,445.43499755859375,445.43499755859375,445.43499755859375,445.43499755859375,445.43499755859375,185.0,445.43499755859375,445.43499755859375,445.43499755859375,445.43499755859375
2025-12-05T15:47:00Z,445.389404296875,445.389404296875,445.389404296875,445.389404296875,445.389404296875,185.0,445.389404296875,445.389404296875,445.389404296875,445.389404296875
2025-12-05T15:48:00Z,446.2699890136719,446.2699890136719,445.5400085449219,445.5400085449219,445.5400085449219,489.0,446.2699890136719,446.2699890136719,445.5400085449219,445.5400085449219
2025-12-05T15:51:00Z,445.5899963378906,446.3299865722656,445.5899963378906,446.3299865722656,446.3299865722656,550.0,445.5899963378906,446.3299865722656,445.5899963378906,446.3299865722656
2025-12-05T15:52:00Z,445.9949951171875,445.9949951171875,445.9949951171875,445.9949951171875,445.9949951171875,106.0,445.9949951171875,445.9949951171875,445.9949951171875,445.9949951171875
2025-12-05T15:53:00Z,446.30999755859375,446.30999755859375,446.2799987792969,446.2799987792969,446.2799987792969,324.0,446.30999755859375,446.30999755859375,446.2799987792969,446.2799987792969
2025-12-05T15:54:00Z,446.45001220703125,446.45001220703125,446.0849914550781,446.0849914550781,446.0849914550781,217.0,446.45001220703125,446.45001220703125,446.0849914550781,446.0849914550781
2025-12-05T15:56:00Z,446.0799865722656,446.0799865722656,446.0799865722656,446.0799865722656,446.0799865722656,83.0,446.0799865722656,446.0799865722656,446.0799865722656,446.0799865722656
2025-12-05T15:57:00Z,446.0849914550781,446.0849914550781,445.9364929199219,445.9364929199219,445.9364929199219,349.0,446.0849914550781,446.0849914550781,445.9364929199219,445.9364929199219
2025-12-05T15:59:00Z,446.260009765625,446.385009765625,446.260009765625,446.385009765625,446.385009765625,562.0,446.260009765625,446.385009765625,446.260009765625,446.385009765625
2025-12-05T16:01:00Z,446.1700134277344,446.17999267578125,445.989990234375,446.17999267578125,446.17999267578125,1157.0,446.1700134277344,446.17999267578125,445.989990234375,446.17999267578125
2025-12-05T16:02:00Z,446.0400085449219,446.0400085449219,446.0400085449219,446.0400085449219,446.0400085449219,218.0,446.0400085449219,446.0400085449219,446.0400085449219,446.0400085449219
2025-12-05T16:04:00Z,446.0799865722656,446.0799865722656,446.0799865722656,446.0799865722656,446.0799865722656,371.0,446.0799865722656,446.0799865722656,446.0799865722656,446.0799865722656
2025-12-05T16:05:00Z,446.07501220703125,446.6099853515625,446.07501220703125,446.5899963378906,446.5899963378906,1496.0,446.07501220703125,446.6099853515625,446.07501220703125,446.5899963378906
2025-12-05T16:06:00Z,446.57501220703125,446.57501220703125,446.2699890136719,446.2699890136719,446.2699890136719,672.0,446.57501220703125,446.57501220703125,446.2699890136719,446.2699890136719
2025-12-05T16:07:00Z,445.8800048828125,445.8800048828125,445.8800048828125,445.8800048828125,445.8800048828125,332.0,445.8800048828125,445.8800048828125,445.8800048828125,445.8800048828125
2025-12-05T16:14:00Z,445.8800048828125,445.8800048828125,445.8800048828125,445.8800048828125,445.8800048828125,402.0,445.8800048828125,445.8800048828125,445.8800048828125,445.8800048828125
2025-12-05T16:16:00Z,446.0799865722656,446.0799865722656,446.0799865722656,446.0799865722656,446.0799865722656,1495.0,446.0799865722656,446.0799865722656,446.0799865722656,446.0799865722656
2025-12-05T16:17:00Z,445.8699951171875,445.8699951171875,445.8699951171875,445.8699951171875,445.8699951171875,94.0,445.8699951171875,445.8699951171875,445.8699951171875,445.8699951171875
2025-12-05T16:18:00Z,445.67999267578125,445.67999267578125,445.67999267578125,445.67999267578125,445.67999267578125,173.0,445.67999267578125,445.67999267578125,445.67999267578125,445.67999267578125
2025-12-05T16:20:00Z,446.0799865722656,446.0799865722656,446.0799865722656,446.0799865722656,446.0799865722656,161.0,446.0799865722656,446.0799865722656,446.0799865722656,446.0799865722656
2025-12-05T16:21:00Z,445.510009765625,445.510009765625,445.0199890136719,445.0199890136719,445.0199890136719,1329.0,445.510009765625,445.510009765625,445.0199890136719,445.0199890136719
2025-12-05T16:25:00Z,445.6000061035156,445.6000061035156,445.6000061035156,445.6000061035156,445.6000061035156,695.0,445.6000061035156,445.6000061035156,445.6000061035156,445.6000061035156
2025-12-05T16:26:00Z,445.55499267578125,445.55499267578125,445.55499267578125,445.55499267578125,445.55499267578125,60.0,445.55499267578125,445.55499267578125,445.55499267578125,445.55499267578125
2025-12-05T16:27:00Z,445.55499267578125,445.55499267578125,445.55499267578125,445.55499267578125,445.55499267578125,142.0,445.55499267578125,445.55499267578125,445.55499267578125,445.55499267578125
2025-12-05T16:28:00Z,445.25,445.69500732421875,445.25,445.69500732421875,445.69500732421875,615.0,445.25,445.69500732421875,445.25,445.69500732421875
2025-12-05T16:29:00Z,445.8399963378906,446.1700134277344,445.8399963378906,446.010009765625,446.010009765625,989.0,445.8399963378906,446.1700134277344,445.8399963378906,446.010009765625
2025-12-05T16:31:00Z,445.69000244140625,445.69000244140625,445.4599914550781,445.55499267578125,445.55499267578125,414.0,445.69000244140625,445.69000244140625,445.4599914550781,445.55499267578125
2025-12-05T16:34:00Z,445.30999755859375,445.3500061035156,445.30999755859375,445.3500061035156,445.3500061035156,267.0,445.30999755859375,445.3500061035156,445.30999755859375,445.3500061035156
2025-12-05T16:35:00Z,445.44000244140625,445.44000244140625,445.44000244140625,445.44000244140625,445.44000244140625,100.0,445.44000244140625,445.44000244140625,445.44000244140625,445.44000244140625
2025-12-05T16:36:00Z,445.44000244140625,445.44000244140625,445.44000244140625,445.44000244140625,445.44000244140625,169.0,445.44000244140625,445.44000244140625,445.44000244140625,445.44000244140625
2025-12-05T16:38:00Z,445.489990234375,445.489990234375,445.489990234375,445.489990234375,445.489990234375,100.0,445.489990234375,445.489990234375,445.489990234375,445.489990234375
2025-12-05T16:39:00Z,445.30999755859375,445.30999755859375,445.30999755859375,445.30999755859375,445.30999755859375,247.0,445.30999755859375,445.30999755859375,445.30999755859375,445.30999755859375
2025-12-05T16:40:00Z,445.0799865722656,445.0799865722656,445.0799865722656,445.0799865722656,445.0799865722656,313.0,445.0799865722656,445.0799865722656,445.0799865722656,445.0799865722656
2025-12-05T16:44:00Z,444.95001220703125,444.95001220703125,444.94000244140625,444.94000244140625,444.94000244140625,574.0,444.95001220703125,444.95001220703125,444.94000244140625,444.94000244140625
2025-12-05T16:45:00Z,444.9075012207031,444.9075012207031,444.8550109863281,444.8550109863281,444.8550109863281,274.0,444.9075012207031,444.9075012207031,444.8550109863281,444.8550109863281
2025-12-05T16:46:00Z,444.8550109863281,444.86749267578125,444.57000732421875,444.57000732421875,444.57000732421875,1124.0,444.8550109863281,444.86749267578125,444.57000732421875,444.57000732421875
2025-12-05T16:48:00Z,444.1499938964844,444.1499938964844,444.1499938964844,444.1499938964844,444.1499938964844,381.0,444.1499938964844,444.1499938964844,444.1499938964844,444.1499938964844
2025-12-05T16:52:00Z,444.1099853515625,444.2699890136719,442.7799987792969,442.8900146484375,442.8900146484375,1986.0,444.1099853515625,444.2699890136719,442.7799987792969,442.8900146484375
2025-12-05T16:58:00Z,442.69000244140625,443.010009765625,442.69000244140625,443.010009765625,443.010009765625,664.0,442.69000244140625,443.010009765625,442.69000244140625,443.010009765625
2025-12-05T17:01:00Z,442.5199890136719,442.5199890136719,442.5199890136719,442.5199890136719,442.5199890136719,128.0,442.5199890136719,442.5199890136719,442.5199890136719,442.5199890136719
2025-12-05T17:02:00Z,442.5450134277344,442.6000061035156,442.5450134277344,442.6000061035156,442.6000061035156,363.0,442.5450134277344,442.6000061035156,442.5450134277344,442.6000061035156
2025-12-05T17:04:00Z,442.5450134277344,443.0299987792969,442.5450134277344,442.87750244140625,442.87750244140625,1988.0,442.5450134277344,443.0299987792969,442.5450134277344,442.87750244140625
2025-12-05T17:08:00Z,442.1199951171875,442.1199951171875,442.1199951171875,442.1199951171875,442.1199951171875,198.0,442.1199951171875,442.1199951171875,442.1199951171875,442.1199951171875
2025-12-05T17:09:00Z,441.739990234375,441.739990234375,441.739990234375,441.739990234375,441.739990234375,134.0,441.739990234375,441.739990234375,441.739990234375,441.739990234375
2025-12-05T17:11:00Z,441.7300109863281,441.7300109863281,441.7300109863281,441.7300109863281,441.7300109863281,217.0,441.7300109863281,441.7300109863281,441.7300109863281,441.7300109863281
2025-12-05T17:12:00Z,441.739990234375,441.739990234375,441.739990234375,441.739990234375,441.739990234375,67.0,441.739990234375,441.739990234375,441.739990234375,441.739990234375
2025-12-05T17:13:00Z,441.6099853515625,441.6099853515625,441.6099853515625,441.6099853515625,441.6099853515625,196.0,441.6099853515625,441.6099853515625,441.6099853515625,441.6099853515625
2025-12-05T17:15:00Z,441.0400085449219,441.0400085449219,441.0400085449219,441.0400085449219,441.0400085449219,121.0,441.0400085449219,441.0400085449219,441.0400085449219,441.0400085449219
2025-12-05T17:16:00Z,441.54998779296875,441.54998779296875,441.54998779296875,441.54998779296875,441.54998779296875,296.0,441.54998779296875,441.54998779296875,441.54998779296875,441.54998779296875
2025-12-05T17:17:00Z,441.8800048828125,441.8800048828125,441.69000244140625,441.69000244140625,441.69000244140625,126.0,441.8800048828125,441.8800048828125,441.69000244140625,441.69000244140625
2025-12-05T17:18:00Z,441.54998779296875,441.54998779296875,441.54998779296875,441.54998779296875,441.54998779296875,247.0,441.54998779296875,441.54998779296875,441.54998779296875,441.54998779296875
2025-12-05T17:21:00Z,441.1099853515625,441.1099853515625,441.1099853515625,441.1099853515625,441.1099853515625,169.0,441.1099853515625,441.1099853515625,441.1099853515625,441.1099853515625
2025-12-05T17:22:00Z,441.54998779296875,441.54998779296875,441.1400146484375,441.1400146484375,441.1400146484375,429.0,441.54998779296875,441.54998779296875,441.1400146484375,441.1400146484375
2025-12-05T17:23:00Z,441.0299987792969,441.06500244140625,440.3299865722656,440.4849853515625,440.4849853515625,871.0,441.0299987792969,441.06500244140625,440.3299865722656,440.4849853515625
2025-12-05T17:26:00Z,439.8399963378906,439.8399963378906,439.8399963378906,439.8399963378906,439.8399963378906,121.0,439.8399963378906,439.8399963378906,439.8399963378906,439.8399963378906
2025-12-05T17:27:00Z,440.2799987792969,440.4700012207031,440.2799987792969,440.4700012207031,440.4700012207031,264.0,440.2799987792969,440.4700012207031,440.2799987792969,440.4700012207031
2025-12-05T17:29:00Z,439.8399963378906,439.8399963378906,439.8399963378906,439.8399963378906,439.8399963378906,136.0,439.8399963378906,439.8399963378906,439.8399963378906,439.8399963378906
2025-12-05T17:30:00Z,440.32000732421875,440.8500061035156,440.32000732421875,440.8500061035156,440.8500061035156,1279.0,440.32000732421875,440.8500061035156,440.32000732421875,440.8500061035156
2025-12-05T17:31:00Z,440.7200012207031,440.7200012207031,440.7200012207031,440.7200012207031,440.7200012207031,245.0,440.7200012207031,440.7200012207031,440.7200012207031,440.7200012207031
2025-12-05T17:36:00Z,440.32000732421875,440.32000732421875,440.32000732421875,440.32000732421875,440.32000732421875,339.0,440.32000732421875,440.32000732421875,440.32000732421875,440.32000732421875
2025-12-05T17:42:00Z,440.0740966796875,440.32000732421875,440.0740966796875,440.32000732421875,440.32000732421875,371.0,440.0740966796875,440.32000732421875,440.0740966796875,440.32000732421875
2025-12-05T17:43:00Z,440.29998779296875,440.55999755859375,440.29998779296875,440.55999755859375,440.55999755859375,391.0,440.29998779296875,440.55999755859375,440.29998779296875,440.55999755859375
2025-12-05T17:44:00Z,440.3999938964844,440.6700134277344,440.3999938964844,440.6700134277344,440.6700134277344,298.0,440.3999938964844,440.6700134277344,440.3999938964844,440.6700134277344
2025-12-05T17:45:00Z,440.55999755859375,440.55999755859375,440.55999755859375,440.55999755859375,440.55999755859375,250.0,440.55999755859375,440.55999755859375,440.55999755859375,440.55999755859375
2025-12-05T17:47:00Z,440.42999267578125,440.42999267578125,440.42999267578125,440.42999267578125,440.42999267578125,349.0,440.42999267578125,440.42999267578125,440.42999267578125,440.42999267578125
2025-12-05T17:51:00Z,440.1400146484375,440.1400146484375,440.1400146484375,440.1400146484375,440.1400146484375,98.0,440.1400146484375,440.1400146484375,440.1400146484375,440.1400146484375
2025-12-05T17:52:00Z,440.5899963378906,441.1300048828125,440.5899963378906,441.1099853515625,441.1099853515625,1331.0,440.5899963378906,441.1300048828125,440.5899963378906,441.1099853515625
2025-12-05T17:53:00Z,441.1499938964844,441.30499267578125,441.1099853515625,441.30499267578125,441.30499267578125,661.0,441.1499938964844,441.30499267578125,441.1099853515625,441.30499267578125
2025-12-05T17:55:00Z,441.25,441.25,441.1600036621094,441.1600036621094,441.1600036621094,499.0,441.25,441.25,441.1600036621094,441.1600036621094
2025-12-05T17:56:00Z,441.1600036621094,441.25,441.1600036621094,441.17999267578125,441.17999267578125,848.0,441.1600036621094,441.25,441.1600036621094,441.17999267578125
2025-12-05T18:00:00Z,441.25,441.25,440.82000732421875,440.94500732421875,440.94500732421875,706.0,441.25,441.25,440.82000732421875,440.94500732421875
2025-12-05T18:05:00Z,440.8900146484375,440.8900146484375,440.8900146484375,440.8900146484375,440.8900146484375,244.0,440.8900146484375,440.8900146484375,440.8900146484375,440.8900146484375
2025-12-05T18:06:00Z,441.04998779296875,441.04998779296875,441.04998779296875,441.04998779296875,441.04998779296875,224.0,441.04998779296875,441.04998779296875,441.04998779296875,441.04998779296875
2025-12-05T18:07:00Z,441.04998779296875,441.4599914550781,441.04998779296875,441.4599914550781,441.4599914550781,383.0,441.04998779296875,441.4599914550781,441.04998779296875,441.4599914550781
2025-12-05T18:08:00Z,441.57000732421875,441.6000061035156,441.114990234375,441.42498779296875,441.42498779296875,1631.0,441.57000732421875,441.6000061035156,441.114990234375,441.42498779296875
2025-12-05T18:09:00Z,441.427490234375,441.8349914550781,441.427490234375,441.8349914550781,441.8349914550781,908.0,441.427490234375,441.8349914550781,441.427490234375,441.8349914550781
2025-12-05T18:11:00Z,441.4700012207031,441.4700012207031,441.2900085449219,441.2900085449219,441.2900085449219,323.0,441.4700012207031,441.4700012207031,441.2900085449219,441.2900085449219
2025-12-05T18:12:00Z,440.6400146484375,440.6400146484375,440.6400146484375,440.6400146484375,440.6400146484375,440.0,440.6400146484375,440.6400146484375,440.6400146484375,440.6400146484375
2025-12-05T18:16:00Z,440.6099853515625,440.6099853515625,440.6099853515625,440.6099853515625,440.6099853515625,339.0,440.6099853515625,440.6099853515625,440.6099853515625,440.6099853515625
2025-12-05T18:18:00Z,439.8699951171875,439.8699951171875,439.8399963378906,439.8399963378906,439.8399963378906,171.0,439.8699951171875,439.8699951171875,439.8399963378906,439.8399963378906
2025-12-05T18:19:00Z,439.8599853515625,440.1650085449219,439.8599853515625,440.1650085449219,440.1650085449219,566.0,439.8599853515625,440.1650085449219,439.8599853515625,440.1650085449219
2025-12-05T18:20:00Z,440.1675109863281,440.1675109863281,440.1650085449219,440.1650085449219,440.1650085449219,328.0,440.1675109863281,440.1675109863281,440.1650085449219,440.1650085449219
2025-12-05T18:21:00Z,440.1650085449219,440.1650085449219,440.1650085449219,440.1650085449219,440.1650085449219,69.0,440.1650085449219,440.1650085449219,440.1650085449219,440.1650085449219
2025-12-05T18:22:00Z,440.4100036621094,440.739990234375,440.3699951171875,440.6700134277344,440.6700134277344,1858.0,440.4100036621094,440.739990234375,440.3699951171875,440.6700134277344
2025-12-05T18:23:00Z,441.05499267578125,441.05499267578125,441.05499267578125,441.05499267578125,441.05499267578125,72.0,441.05499267578125,441.05499267578125,441.05499267578125,441.05499267578125
2025-12-05T18:24:00Z,441.4100036621094,441.4100036621094,441.4100036621094,441.4100036621094,441.4100036621094,66.0,441.4100036621094,441.4100036621094,441.4100036621094,441.4100036621094
2025-12-05T18:25:00Z,441.2099914550781,441.2099914550781,441.2099914550781,441.2099914550781,441.2099914550781,128.0,441.2099914550781,441.2099914550781,441.2099914550781,441.2099914550781
2025-12-05T18:26:00Z,441.6000061035156,441.6000061035156,441.5,441.5,441.5,838.0,441.6000061035156,441.6000061035156,441.5,441.5
2025-12-05T18:30:00Z,441.510009765625,441.510009765625,441.510009765625,441.510009765625,441.510009765625,254.0,441.510009765625,441.510009765625,441.510009765625,441.510009765625
2025-12-05T18:32:00Z,441.510009765625,441.510009765625,441.510009765625,441.510009765625,441.510009765625,306.0,441.510009765625,441.510009765625,441.510009765625,441.510009765625
2025-12-05T18:33:00Z,441.82000732421875,441.8999938964844,441.82000732421875,441.8999938964844,441.8999938964844,828.0,441.82000732421875,441.8999938964844,441.82000732421875,441.8999938964844
2025-12-05T18:34:00Z,441.989990234375,442.6700134277344,441.989990234375,442.6700134277344,442.6700134277344,838.0,441.989990234375,442.6700134277344,441.989990234375,442.6700134277344
2025-12-05T18:40:00Z,442.3500061035156,442.3500061035156,442.3500061035156,442.3500061035156,442.3500061035156,87.0,442.3500061035156,442.3500061035156,442.3500061035156,442.3500061035156
2025-12-05T18:41:00Z,442.0400085449219,442.0400085449219,442.0400085449219,442.0400085449219,442.0400085449219,289.0,442.0400085449219,442.0400085449219,442.0400085449219,442.0400085449219
2025-12-05T18:44:00Z,442.0400085449219,442.2799987792969,442.0400085449219,442.2799987792969,442.2799987792969,324.0,442.0400085449219,442.2799987792969,442.0400085449219,442.2799987792969
2025-12-05T18:45:00Z,442.1099853515625,442.1099853515625,442.1099853515625,442.1099853515625,442.1099853515625,165.0,442.1099853515625,442.1099853515625,442.1099853515625,442.1099853515625
2025-12-05T18:49:00Z,442.57501220703125,442.57501220703125,442.57501220703125,442.57501220703125,442.57501220703125,162.0,442.57501220703125,442.57501220703125,442.57501220703125,442.57501220703125
2025-12-05T18:50:00Z,442.1000061035156,442.1000061035156,442.1000061035156,442.1000061035156,442.1000061035156,159.0,442.1000061035156,442.1000061035156,442.1000061035156,442.1000061035156
2025-12-05T18:52:00Z,442.5249938964844,442.5249938964844,441.9700012207031,441.9700012207031,441.9700012207031,251.0,442.5249938964844,442.5249938964844,441.9700012207031,441.9700012207031
2025-12-05T18:53:00Z,441.95001220703125,441.95001220703125,441.8800048828125,441.8800048828125,441.8800048828125,130.0,441.95001220703125,441.95001220703125,441.8800048828125,441.8800048828125
2025-12-05T18:54:00Z,441.8999938964844,441.8999938964844,441.8999938964844,441.8999938964844,441.8999938964844,203.0,441.8999938964844,441.8999938964844,441.8999938964844,441.8999938964844
2025-12-05T18:55:00Z,441.8800048828125,441.885009765625,441.8800048828125,441.885009765625,441.885009765625,259.0,441.8800048828125,441.885009765625,441.8800048828125,441.885009765625
2025-12-05T18:56:00Z,441.8399963378906,441.8399963378906,441.8399963378906,441.8399963378906,441.8399963378906,223.0,441.8399963378906,441.8399963378906,441.8399963378906,441.8399963378906
2025-12-05T18:57:00Z,441.95001220703125,441.95001220703125,441.8299865722656,441.8299865722656,441.8299865722656,345.0,441.95001220703125,441.95001220703125,441.8299865722656,441.8299865722656
2025-12-05T19:01:00Z,441.8599853515625,442.05999755859375,441.6600036621094,441.7099914550781,441.7099914550781,492.0,441.8599853515625,442.05999755859375,441.6600036621094,441.7099914550781
2025-12-05T19:02:00Z,441.4700012207031,441.4700012207031,441.4700012207031,441.4700012207031,441.4700012207031,109.0,441.4700012207031,441.4700012207031,441.4700012207031,441.4700012207031
2025-12-05T19:03:00Z,441.5899963378906,441.5899963378906,441.4700012207031,441.4700012207031,441.4700012207031,362.0,441.5899963378906,441.5899963378906,441.4700012207031,441.4700012207031
2025-12-05T19:04:00Z,441.3500061035156,441.3599853515625,441.3500061035156,441.3599853515625,441.3599853515625,366.0,441.3500061035156,441.3599853515625,441.3500061035156,441.3599853515625
2025-12-05T19:05:00Z,441.2200012207031,441.2200012207031,441.2200012207031,441.2200012207031,441.2200012207031,214.0,441.2200012207031,441.2200012207031,441.2200012207031,441.2200012207031
2025-12-05T19:06:00Z,441.20001220703125,441.20001220703125,441.20001220703125,441.20001220703125,441.20001220703125,81.0,441.20001220703125,441.20001220703125,441.20001220703125,441.20001220703125
2025-12-05T19:07:00Z,441.1700134277344,441.1700134277344,441.1700134277344,441.1700134277344,441.1700134277344,73.0,441.1700134277344,441.1700134277344,441.1700134277344,441.1700134277344
2025-12-05T19:08:00Z,441.1300048828125,441.1300048828125,441.1300048828125,441.1300048828125,441.1300048828125,173.0,441.1300048828125,441.1300048828125,441.1300048828125,441.1300048828125
2025-12-05T19:09:00Z,441.30999755859375,441.7091064453125,441.1300048828125,441.7091064453125,441.7091064453125,230.0,441.30999755859375,441.7091064453125,441.1300048828125,441.7091064453125
2025-12-05T19:10:00Z,441.0799865722656,441.2900085449219,441.0799865722656,441.0899963378906,441.0899963378906,892.0,441.0799865722656,441.2900085449219,441.0799865722656,441.0899963378906
2025-12-05T19:11:00Z,441.1000061035156,441.25,441.1000061035156,441.25,441.25,210.0,441.1000061035156,441.25,441.1000061035156,441.25
2025-12-05T19:13:00Z,441.1650085449219,441.260009765625,441.1600036621094,441.17999267578125,441.17999267578125,483.0,441.1650085449219,441.260009765625,441.1600036621094,441.17999267578125
2025-12-05T19:15:00Z,441.2699890136719,441.2699890136719,441.1000061035156,441.1000061035156,441.1000061035156,322.0,441.2699890136719,441.2699890136719,441.1000061035156,441.1000061035156
2025-12-05T19:16:00Z,441.0400085449219,441.1099853515625,441.0400085449219,441.07501220703125,441.07501220703125,723.0,441.0400085449219,441.1099853515625,441.0400085449219,441.07501220703125
2025-12-05T19:17:00Z,440.70001220703125,441.17999267578125,440.70001220703125,441.0899963378906,441.0899963378906,527.0,440.70001220703125,441.17999267578125,440.70001220703125,441.0899963378906
2025-12-05T19:18:00Z,441.2099914550781,441.4800109863281,441.17999267578125,441.17999267578125,441.17999267578125,1792.0,441.2099914550781,441.4800109863281,441.17999267578125,441.17999267578125
2025-12-05T19:20:00Z,440.75,440.75,440.75,440.75,440.75,122.0,440.75,440.75,440.75,440.75
2025-12-05T19:21:00Z,440.7200012207031,440.7200012207031,440.7200012207031,440.7200012207031,440.7200012207031,95.0,440.7200012207031,440.7200012207031,440.7200012207031,440.7200012207031
2025-12-05T19:22:00Z,440.739990234375,440.75,440.739990234375,440.75,440.75,567.0,440.739990234375,440.75,440.739990234375,440.75
2025-12-05T19:25:00Z,440.4599914550781,440.54998779296875,440.4599914550781,440.54998779296875,440.54998779296875,382.0,440.4599914550781,440.54998779296875,440.4599914550781,440.54998779296875
2025-12-05T19:27:00Z,440.69000244140625,440.69000244140625,440.69000244140625,440.69000244140625,440.69000244140625,198.0,440.69000244140625,440.69000244140625,440.69000244140625,440.69000244140625
2025-12-05T19:28:00Z,440.7699890136719,440.7699890136719,440.7699890136719,440.7699890136719,440.7699890136719,126.0,440.7699890136719,440.7699890136719,440.7699890136719,440.7699890136719
2025-12-05T19:29:00Z,440.7099914550781,440.8999938964844,440.7099914550781,440.8999938964844,440.8999938964844,221.0,440.7099914550781,440.8999938964844,440.7099914550781,440.8999938964844
2025-12-05T19:30:00Z,441.04998779296875,441.04998779296875,441.04998779296875,441.04998779296875,441.04998779296875,461.0,441.04998779296875,441.04998779296875,441.04998779296875,441.04998779296875
2025-12-05T19:31:00Z,440.7200012207031,440.75,440.6099853515625,440.6199951171875,440.6199951171875,658.0,440.7200012207031,440.75,440.6099853515625,440.6199951171875
2025-12-05T19:32:00Z,440.3500061035156,440.42999267578125,440.3500061035156,440.42999267578125,440.42999267578125,132.0,440.3500061035156,440.42999267578125,440.3500061035156,440.42999267578125
2025-12-05T19:33:00Z,440.42999267578125,440.42999267578125,440.42999267578125,440.42999267578125,440.42999267578125,229.0,440.42999267578125,440.42999267578125,440.42999267578125,440.42999267578125
2025-12-05T19:34:00Z,440.42999267578125,440.42999267578125,440.3399963378906,440.42999267578125,440.42999267578125,508.0,440.42999267578125,440.42999267578125,440.3399963378906,440.42999267578125
2025-12-05T19:35:00Z,440.42999267578125,440.5799865722656,440.3299865722656,440.3299865722656,440.3299865722656,484.0,440.42999267578125,440.5799865722656,440.3299865722656,440.3299865722656
2025-12-05T19:36:00Z,440.25,440.42498779296875,440.2099914550781,440.42498779296875,440.42498779296875,297.0,440.25,440.42498779296875,440.2099914550781,440.42498779296875
2025-12-05T19:38:00Z,440.2200012207031,440.2200012207031,440.2099914550781,440.2099914550781,440.2099914550781,423.0,440.2200012207031,440.2200012207031,440.2099914550781,440.2099914550781
2025-12-05T19:39:00Z,440.3500061035156,440.4599914550781,440.25,440.4599914550781,440.4599914550781,883.0,440.3500061035156,440.4599914550781,440.25,440.4599914550781
2025-12-05T19:40:00Z,440.42498779296875,440.7799987792969,440.2099914550781,440.7799987792969,440.7799987792969,3178.0,440.42498779296875,440.7799987792969,440.2099914550781,440.7799987792969
2025-12-05T19:43:00Z,440.6099853515625,440.6099853515625,440.6099853515625,440.6099853515625,440.6099853515625,138.0,440.6099853515625,440.6099853515625,440.6099853515625,440.6099853515625
2025-12-05T19:44:00Z,440.5,440.5,440.5,440.5,440.5,126.0,440.5,440.5,440.5,440.5
2025-12-05T19:45:00Z,440.55999755859375,440.6499938964844,440.55999755859375,440.6400146484375,440.6400146484375,288.0,440.55999755859375,440.6499938964844,440.55999755859375,440.6400146484375
2025-12-05T19:46:00Z,440.5115051269531,440.5115051269531,440.5115051269531,440.5115051269531,440.5115051269531,289.0,440.5115051269531,440.5115051269531,440.5115051269531,440.5115051269531
2025-12-05T19:49:00Z,440.5299987792969,440.5299987792969,440.3349914550781,440.3349914550781,440.3349914550781,534.0,440.5299987792969,440.5299987792969,440.3349914550781,440.3349914550781
2025-12-05T19:51:00Z,440.32000732421875,440.32000732421875,440.32000732421875,440.32000732421875,440.32000732421875,84.0,440.32000732421875,440.32000732421875,440.32000732421875,440.32000732421875
2025-12-05T19:52:00Z,440.17999267578125,440.6600036621094,440.1199951171875,440.1199951171875,440.1199951171875,1234.0,440.17999267578125,440.6600036621094,440.1199951171875,440.1199951171875
2025-12-05T19:53:00Z,440.7850036621094,440.7850036621094,440.7850036621094,440.7850036621094,440.7850036621094,221.0,440.7850036621094,440.7850036621094,440.7850036621094,440.7850036621094
2025-12-05T19:54:00Z,440.8399963378906,440.9599914550781,440.8399963378906,440.8500061035156,440.8500061035156,809.0,440.8399963378906,440.9599914550781,440.8399963378906,440.8500061035156
2025-12-05T19:56:00Z,440.69000244140625,440.69000244140625,440.69000244140625,440.69000244140625,440.69000244140625,163.0,440.69000244140625,440.69000244140625,440.69000244140625,440.69000244140625
2025-12-05T19:57:00Z,440.93499755859375,441.3299865722656,440.93499755859375,440.94000244140625,440.94000244140625,2811.0,440.93499755859375,441.3299865722656,440.93499755859375,440.94000244140625
2025-12-05T19:58:00Z,440.8699951171875,440.8699951171875,440.69000244140625,440.69000244140625,440.69000244140625,568.0,440.8699951171875,440.8699951171875,440.69000244140625,440.69000244140625
2025-12-05T20:02:00Z,440.4599914550781,440.4599914550781,440.45001220703125,440.45001220703125,440.45001220703125,340.0,440.4599914550781,440.4599914550781,440.45001220703125,440.45001220703125
2025-12-05T20:04:00Z,440.3500061035156,440.3500061035156,440.3500061035156,440.3500061035156,440.3500061035156,148.0,440.3500061035156,440.3500061035156,440.3500061035156,440.3500061035156
2025-12-05T20:05:00Z,440.20001220703125,440.31500244140625,439.7799987792969,440.0899963378906,440.0899963378906,1360.0,440.20001220703125,440.31500244140625,439.7799987792969,440.0899963378906
2025-12-05T20:06:00Z,440.0299987792969,440.3299865722656,439.8399963378906,440.3299865722656,440.3299865722656,655.0,440.0299987792969,440.3299865722656,439.8399963378906,440.3299865722656
2025-12-05T20:08:00Z,439.9599914550781,439.9599914550781,439.9599914550781,439.9599914550781,439.9599914550781,122.0,439.9599914550781,439.9599914550781,439.9599914550781,439.9599914550781
2025-12-05T20:09:00Z,439.8500061035156,439.8500061035156,439.6600036621094,439.6700134277344,439.6700134277344,664.0,439.8500061035156,439.8500061035156,439.6600036621094,439.6700134277344
2025-12-05T20:10:00Z,439.5199890136719,439.7699890136719,439.3999938964844,439.7300109863281,439.7300109863281,3733.0,439.5199890136719,439.7699890136719,439.3999938964844,439.7300109863281
2025-12-05T20:11:00Z,439.67498779296875,439.8800048828125,439.67498779296875,439.8550109863281,439.8550109863281,1155.0,439.67498779296875,439.8800048828125,439.67498779296875,439.8550109863281
2025-12-05T20:12:00Z,439.92999267578125,440.1549987792969,439.92999267578125,440.1549987792969,440.1549987792969,795.0,439.92999267578125,440.1549987792969,439.92999267578125,440.1549987792969
2025-12-05T20:13:00Z,440.1549987792969,440.1549987792969,440.1549987792969,440.1549987792969,440.1549987792969,136.0,440.1549987792969,440.1549987792969,440.1549987792969,440.1549987792969
2025-12-05T20:14:00Z,440.1549987792969,440.2099914550781,440.1549987792969,440.2099914550781,440.2099914550781,194.0,440.1549987792969,440.2099914550781,440.1549987792969,440.2099914550781
2025-12-05T20:15:00Z,440.45001220703125,440.4700012207031,440.2099914550781,440.2099914550781,440.2099914550781,1108.0,440.45001220703125,440.4700012207031,440.2099914550781,440.2099914550781
2025-12-05T20:16:00Z,440.32000732421875,440.32000732421875,440.32000732421875,440.32000732421875,440.32000732421875,212.0,440.32000732421875,440.32000732421875,440.32000732421875,440.32000732421875
2025-12-05T20:19:00Z,440.4750061035156,440.5799865722656,440.4750061035156,440.5799865722656,440.5799865722656,557.0,440.4750061035156,440.5799865722656,440.4750061035156,440.5799865722656
2025-12-05T20:21:00Z,440.7200012207031,440.7200012207031,440.7200012207031,440.7200012207031,440.7200012207031,129.0,440.7200012207031,440.7200012207031,440.7200012207031,440.7200012207031
2025-12-05T20:22:00Z,440.42999267578125,440.42999267578125,440.1499938964844,440.1499938964844,440.1499938964844,768.0,440.42999267578125,440.42999267578125,440.1499938964844,440.1499938964844
2025-12-05T20:23:00Z,440.010009765625,440.010009765625,439.94000244140625,439.94000244140625,439.94000244140625,624.0,440.010009765625,440.010009765625,439.94000244140625,439.94000244140625
2025-12-05T20:24:00Z,439.739990234375,439.739990234375,439.5600891113281,439.5600891113281,439.5600891113281,399.0,439.739990234375,439.739990234375,439.5600891113281,439.5600891113281
2025-12-05T20:26:00Z,439.5150146484375,439.6700134277344,439.3599853515625,439.5150146484375,439.5150146484375,966.0,439.5150146484375,439.6700134277344,439.3599853515625,439.5150146484375
2025-12-05T20:30:00Z,438.82000732421875,438.9049987792969,438.82000732421875,438.9049987792969,438.9049987792969,570.0,438.82000732421875,438.9049987792969,438.82000732421875,438.9049987792969
2025-12-05T20:31:00Z,438.5199890136719,438.5199890136719,438.5199890136719,438.5199890136719,438.5199890136719,177.0,438.5199890136719,438.5199890136719,438.5199890136719,438.5199890136719
2025-12-05T20:32:00Z,438.3900146484375,438.4599914550781,438.3900146484375,438.4599914550781,438.4599914550781,527.0,438.3900146484375,438.4599914550781,438.3900146484375,438.4599914550781
2025-12-05T20:33:00Z,438.8080139160156,438.8080139160156,438.3399963378906,438.3399963378906,438.3399963378906,591.0,438.8080139160156,438.8080139160156,438.3399963378906,438.3399963378906
2025-12-05T20:34:00Z,438.56500244140625,438.56500244140625,438.56500244140625,438.56500244140625,438.56500244140625,411.0,438.56500244140625,438.56500244140625,438.56500244140625,438.56500244140625
2025-12-05T20:35:00Z,438.635009765625,438.75,438.635009765625,438.635009765625,438.635009765625,708.0,438.635009765625,438.75,438.635009765625,438.635009765625
2025-12-05T20:36:00Z,438.635009765625,438.635009765625,438.3800048828125,438.3800048828125,438.3800048828125,342.0,438.635009765625,438.635009765625,438.3800048828125,438.3800048828125
2025-12-05T20:37:00Z,438.489990234375,438.6000061035156,438.489990234375,438.6000061035156,438.6000061035156,849.0,438.489990234375,438.6000061035156,438.489990234375,438.6000061035156
2025-12-05T20:38:00Z,438.95001220703125,439.0400085449219,438.8599853515625,438.9200134277344,438.9200134277344,1580.0,438.95001220703125,439.0400085449219,438.8599853515625,438.9200134277344
2025-12-05T20:39:00Z,439.07000732421875,439.07000732421875,439.0,439.0199890136719,439.0199890136719,246.0,439.07000732421875,439.07000732421875,439.0,439.0199890136719
2025-12-05T20:40:00Z,439.1199951171875,439.25,439.1199951171875,439.25,439.25,1253.0,439.1199951171875,439.25,439.1199951171875,439.25
2025-12-05T20:41:00Z,439.2650146484375,439.3999938964844,439.25,439.25,439.25,547.0,439.2650146484375,439.3999938964844,439.25,439.25
2025-12-05T20:42:00Z,439.1300048828125,439.44000244140625,439.04998779296875,439.44000244140625,439.44000244140625,2567.0,439.1300048828125,439.44000244140625,439.04998779296875,439.44000244140625
2025-12-05T20:45:00Z,439.4100036621094,439.82501220703125,439.4100036621094,439.5400085449219,439.5400085449219,851.0,439.4100036621094,439.82501220703125,439.4100036621094,439.5400085449219
2025-12-05T20:46:00Z,439.4100036621094,439.4100036621094,439.25,439.25,439.25,855.0,439.4100036621094,439.4100036621094,439.25,439.25
2025-12-05T20:47:00Z,439.19000244140625,439.3500061035156,439.17999267578125,439.25,439.25,537.0,439.19000244140625,439.3500061035156,439.17999267578125,439.25
2025-12-05T20:48:00Z,439.20001220703125,439.2550048828125,439.1300048828125,439.1300048828125,439.1300048828125,1487.0,439.20001220703125,439.2550048828125,439.1300048828125,439.1300048828125
2025-12-05T20:49:00Z,439.1000061035156,439.19000244140625,439.1000061035156,439.1099853515625,439.1099853515625,1310.0,439.1000061035156,439.19000244140625,439.1000061035156,439.1099853515625
2025-12-05T20:50:00Z,439.1300048828125,439.239990234375,438.5299987792969,438.5299987792969,438.5299987792969,2795.0,439.1300048828125,439.239990234375,438.5299987792969,438.5299987792969
2025-12-05T20:51:00Z,438.4599914550781,438.4599914550781,437.9800109863281,437.9800109863281,437.9800109863281,1221.0,438.4599914550781,438.4599914550781,437.9800109863281,437.9800109863281
2025-12-05T20:52:00Z,437.8299865722656,438.05499267578125,437.8299865722656,437.864990234375,437.864990234375,683.0,437.8299865722656,438.05499267578125,437.8299865722656,437.864990234375
2025-12-05T20:53:00Z,437.8550109863281,438.0299987792969,437.6000061035156,437.6000061035156,437.6000061035156,1622.0,437.8550109863281,438.0299987792969,437.6000061035156,437.6000061035156
2025-12-05T20:54:00Z,437.7799987792969,437.8299865722656,437.4200134277344,437.7699890136719,437.7699890136719,4339.0,437.7799987792969,437.8299865722656,437.4200134277344,437.7699890136719
2025-12-05T20:55:00Z,437.6000061035156,437.94000244140625,437.42999267578125,437.6050109863281,437.6050109863281,5569.0,437.6000061035156,437.94000244140625,437.42999267578125,437.6050109863281
2025-12-05T20:56:00Z,437.70001220703125,437.8550109863281,437.6099853515625,437.7900085449219,437.7900085449219,3255.0,437.70001220703125,437.8550109863281,437.6099853515625,437.7900085449219
2025-12-05T20:57:00Z,437.7900085449219,437.7900085449219,437.5400085449219,437.6099853515625,437.6099853515625,2279.0,437.7900085449219,437.7900085449219,437.5400085449219,437.6099853515625
2025-12-05T20:58:00Z,437.6199951171875,437.6549987792969,437.1400146484375,437.1400146484375,437.1400146484375,5658.0,437.6199951171875,437.6549987792969,437.1400146484375,437.1400146484375
2025-12-05T20:59:00Z,437.1199951171875,437.1199951171875,436.8699951171875,437.0400085449219,437.0400085449219,15286.0,437.1199951171875,437.1199951171875,436.8699951171875,437.0400085449219
2025-12-08T14:30:00Z,436.4200134277344,436.4200134277344,436.4200134277344,436.4200134277344,436.4200134277344,1294.0,436.4200134277344,436.4200134277344,436.4200134277344,436.4200134277344
2025-12-08T14:37:00Z,435.8999938964844,435.8999938964844,435.8999938964844,435.8999938964844,435.8999938964844,162.0,435.8999938964844,435.8999938964844,435.8999938964844,435.8999938964844
2025-12-08T14:39:00Z,432.3399963378906,433.67999267578125,432.2900085449219,433.67999267578125,433.67999267578125,321.0,432.3399963378906,433.67999267578125,432.2900085449219,433.67999267578125
2025-12-08T14:41:00Z,431.8999938964844,431.8999938964844,431.8999938964844,431.8999938964844,431.8999938964844,199.0,431.8999938964844,431.8999938964844,431.8999938964844,431.8999938964844
2025-12-08T14:42:00Z,432.82000732421875,432.82000732421875,432.82000732421875,432.82000732421875,432.82000732421875,503.0,432.82000732421875,432.82000732421875,432.82000732421875,432.82000732421875
2025-12-08T14:48:00Z,433.010009765625,434.2349853515625,433.010009765625,434.2349853515625,434.2349853515625,325.0,433.010009765625,434.2349853515625,433.010009765625,434.2349853515625
2025-12-08T14:49:00Z,432.3699951171875,432.3699951171875,432.3699951171875,432.3699951171875,432.3699951171875,68.0,432.3699951171875,432.3699951171875,432.3699951171875,432.3699951171875
2025-12-08T14:50:00Z,432.8399963378906,433.5400085449219,432.8399963378906,433.5400085449219,433.5400085449219,374.0,432.8399963378906,433.5400085449219,432.8399963378906,433.5400085449219
2025-12-08T14:51:00Z,433.5450134277344,433.5450134277344,433.5450134277344,433.5450134277344,433.5450134277344,540.0,433.5450134277344,433.5450134277344,433.5450134277344,433.5450134277344
2025-12-08T14:53:00Z,433.54998779296875,433.54998779296875,433.54998779296875,433.54998779296875,433.54998779296875,87.0,433.54998779296875,433.54998779296875,433.54998779296875,433.54998779296875
2025-12-08T14:54:00Z,433.29998779296875,433.29998779296875,433.29998779296875,433.29998779296875,433.29998779296875,226.0,433.29998779296875,433.29998779296875,433.29998779296875,433.29998779296875
2025-12-08T15:00:00Z,434.4750061035156,434.4750061035156,434.4750061035156,434.4750061035156,434.4750061035156,211.0,434.4750061035156,434.4750061035156,434.4750061035156,434.4750061035156
2025-12-08T15:01:00Z,435.36749267578125,436.6300048828125,435.36749267578125,436.6300048828125,436.6300048828125,1752.0,435.36749267578125,436.6300048828125,435.36749267578125,436.6300048828125
2025-12-08T15:02:00Z,436.3999938964844,436.3999938964844,436.3999938964844,436.3999938964844,436.3999938964844,291.0,436.3999938964844,436.3999938964844,436.3999938964844,436.3999938964844
2025-12-08T15:03:00Z,436.4200134277344,436.4200134277344,436.4200134277344,436.4200134277344,436.4200134277344,118.0,436.4200134277344,436.4200134277344,436.4200134277344,436.4200134277344
2025-12-08T15:04:00Z,436.4200134277344,436.4200134277344,436.4200134277344,436.4200134277344,436.4200134277344,263.0,436.4200134277344,436.4200134277344,436.4200134277344,436.4200134277344
2025-12-08T15:05:00Z,435.3900146484375,435.3900146484375,435.0,435.0,435.0,458.0,435.3900146484375,435.3900146484375,435.0,435.0
2025-12-08T15:06:00Z,434.677490234375,434.677490234375,433.4750061035156,433.6000061035156,433.6000061035156,567.0,434.677490234375,434.677490234375,433.4750061035156,433.6000061035156
2025-12-08T15:08:00Z,433.4800109863281,434.19000244140625,433.4800109863281,434.19000244140625,434.19000244140625,1550.0,433.4800109863281,434.19000244140625,433.4800109863281,434.19000244140625
2025-12-08T15:10:00Z,434.2200012207031,434.2300109863281,434.2200012207031,434.2300109863281,434.2300109863281,447.0,434.2200012207031,434.2300109863281,434.2200012207031,434.2300109863281
2025-12-08T15:12:00Z,434.07000732421875,434.07000732421875,433.3900146484375,433.3900146484375,433.3900146484375,947.0,434.07000732421875,434.07000732421875,433.3900146484375,433.3900146484375
2025-12-08T15:16:00Z,432.9100036621094,432.9100036621094,432.9100036621094,432.9100036621094,432.9100036621094,183.0,432.9100036621094,432.9100036621094,432.9100036621094,432.9100036621094
2025-12-08T15:17:00Z,433.2650146484375,434.05999755859375,433.2650146484375,434.05999755859375,434.05999755859375,429.0,433.2650146484375,434.05999755859375,433.2650146484375,434.05999755859375
2025-12-08T15:18:00Z,434.05999755859375,434.239990234375,434.05999755859375,434.239990234375,434.239990234375,245.0,434.05999755859375,434.239990234375,434.05999755859375,434.239990234375
2025-12-08T15:19:00Z,433.989990234375,433.989990234375,433.989990234375,433.989990234375,433.989990234375,98.0,433.989990234375,433.989990234375,433.989990234375,433.989990234375
2025-12-08T15:20:00Z,434.05499267578125,434.1083984375,433.989990234375,433.989990234375,433.989990234375,584.0,434.05499267578125,434.1083984375,433.989990234375,433.989990234375
2025-12-08T15:24:00Z,434.2200012207031,434.2200012207031,434.2200012207031,434.2200012207031,434.2200012207031,313.0,434.2200012207031,434.2200012207031,434.2200012207031,434.2200012207031
2025-12-08T15:26:00Z,433.6400146484375,433.6400146484375,433.6400146484375,433.6400146484375,433.6400146484375,142.0,433.6400146484375,433.6400146484375,433.6400146484375,433.6400146484375
2025-12-08T15:28:00Z,433.92498779296875,434.1300048828125,433.92498779296875,434.1300048828125,434.1300048828125,961.0,433.92498779296875,434.1300048828125,433.92498779296875,434.1300048828125
2025-12-08T15:31:00Z,434.5849914550781,434.95001220703125,434.5849914550781,434.95001220703125,434.95001220703125,1035.0,434.5849914550781,434.95001220703125,434.5849914550781,434.95001220703125
2025-12-08T15:33:00Z,435.0400085449219,435.25,435.0400085449219,435.25,435.25,245.0,435.0400085449219,435.25,435.0400085449219,435.25
2025-12-08T15:34:00Z,435.3175048828125,435.3175048828125,435.3175048828125,435.3175048828125,435.3175048828125,197.0,435.3175048828125,435.3175048828125,435.3175048828125,435.3175048828125
2025-12-08T15:35:00Z,435.3299865722656,435.3299865722656,435.3299865722656,435.3299865722656,435.3299865722656,197.0,435.3299865722656,435.3299865722656,435.3299865722656,435.3299865722656
2025-12-08T15:36:00Z,434.79998779296875,435.25,434.7799987792969,435.25,435.25,402.0,434.79998779296875,435.25,434.7799987792969,435.25
2025-12-08T15:37:00Z,434.6499938964844,434.7699890136719,434.6099853515625,434.7699890136719,434.7699890136719,406.0,434.6499938964844,434.7699890136719,434.6099853515625,434.7699890136719
2025-12-08T15:38:00Z,434.7200012207031,435.5299987792969,434.7200012207031,435.4549865722656,435.4549865722656,743.0,434.7200012207031,435.5299987792969,434.7200012207031,435.4549865722656
2025-12-08T15:39:00Z,435.8500061035156,436.4100036621094,435.8500061035156,436.4100036621094,436.4100036621094,314.0,435.8500061035156,436.4100036621094,435.8500061035156,436.4100036621094
2025-12-08T15:41:00Z,435.7900085449219,435.7900085449219,435.7900085449219,435.7900085449219,435.7900085449219,106.0,435.7900085449219,435.7900085449219,435.7900085449219,435.7900085449219
2025-12-08T15:42:00Z,435.4100036621094,435.4100036621094,435.3399963378906,435.3399963378906,435.3399963378906,367.0,435.4100036621094,435.4100036621094,435.3399963378906,435.3399963378906
2025-12-08T15:43:00Z,435.2200012207031,435.32000732421875,434.9700012207031,434.9700012207031,434.9700012207031,575.0,435.2200012207031,435.32000732421875,434.9700012207031,434.9700012207031
2025-12-08T15:46:00Z,435.0299987792969,435.0299987792969,435.0299987792969,435.0299987792969,435.0299987792969,260.0,435.0299987792969,435.0299987792969,435.0299987792969,435.0299987792969
2025-12-08T15:48:00Z,435.5299987792969,435.6700134277344,435.5299987792969,435.6700134277344,435.6700134277344,359.0,435.5299987792969,435.6700134277344,435.5299987792969,435.6700134277344
2025-12-08T15:49:00Z,435.8699951171875,435.92999267578125,435.8699951171875,435.92999267578125,435.92999267578125,257.0,435.8699951171875,435.92999267578125,435.8699951171875,435.92999267578125
2025-12-08T15:50:00Z,436.05499267578125,436.05499267578125,436.05499267578125,436.05499267578125,436.05499267578125,212.0,436.05499267578125,436.05499267578125,436.05499267578125,436.05499267578125
2025-12-08T15:51:00Z,436.1050109863281,436.2799987792969,436.1050109863281,436.1099853515625,436.1099853515625,185.0,436.1050109863281,436.2799987792969,436.1050109863281,436.1099853515625
2025-12-08T15:52:00Z,436.1000061035156,436.1000061035156,435.34539794921875,435.34539794921875,435.34539794921875,180.0,436.1000061035156,436.1000061035156,435.34539794921875,435.34539794921875
2025-12-08T15:53:00Z,436.32000732421875,436.32000732421875,436.32000732421875,436.32000732421875,436.32000732421875,113.0,436.32000732421875,436.32000732421875,436.32000732421875,436.32000732421875
2025-12-08T15:56:00Z,436.1400146484375,436.1400146484375,436.1400146484375,436.1400146484375,436.1400146484375,192.0,436.1400146484375,436.1400146484375,436.1400146484375,436.1400146484375
2025-12-08T16:00:00Z,435.989990234375,436.125,435.989990234375,436.125,436.125,251.0,435.989990234375,436.125,435.989990234375,436.125
2025-12-08T16:02:00Z,435.4700012207031,435.7099914550781,435.19000244140625,435.6700134277344,435.6700134277344,1932.0,435.4700012207031,435.7099914550781,435.19000244140625,435.6700134277344
2025-12-08T16:04:00Z,435.8800048828125,436.3299865722656,435.80999755859375,436.30499267578125,436.30499267578125,811.0,435.8800048828125,436.3299865722656,435.80999755859375,436.30499267578125
2025-12-08T16:05:00Z,436.510009765625,436.8800048828125,436.510009765625,436.8800048828125,436.8800048828125,706.0,436.510009765625,436.8800048828125,436.510009765625,436.8800048828125
2025-12-08T16:10:00Z,436.6499938964844,436.6499938964844,435.9200134277344,435.92999267578125,435.92999267578125,1080.0,436.6499938964844,436.6499938964844,435.9200134277344,435.92999267578125
2025-12-08T16:11:00Z,436.7749938964844,436.7749938964844,435.8500061035156,436.2699890136719,436.2699890136719,1254.0,436.7749938964844,436.7749938964844,435.8500061035156,436.2699890136719
2025-12-08T16:13:00Z,436.2699890136719,436.2699890136719,435.6700134277344,435.6700134277344,435.6700134277344,389.0,436.2699890136719,436.2699890136719,435.6700134277344,435.6700134277344
2025-12-08T16:15:00Z,435.7200012207031,435.7200012207031,435.7200012207031,435.7200012207031,435.7200012207031,85.0,435.7200012207031,435.7200012207031,435.7200012207031,435.7200012207031
2025-12-08T16:16:00Z,435.82000732421875,435.82000732421875,435.82000732421875,435.82000732421875,435.82000732421875,166.0,435.82000732421875,435.82000732421875,435.82000732421875,435.82000732421875
2025-12-08T16:18:00Z,435.93499755859375,435.9425048828125,435.93499755859375,435.9425048828125,435.9425048828125,238.0,435.93499755859375,435.9425048828125,435.93499755859375,435.9425048828125
2025-12-08T16:19:00Z,436.0986022949219,436.0986022949219,435.93499755859375,435.93499755859375,435.93499755859375,137.0,436.0986022949219,436.0986022949219,435.93499755859375,435.93499755859375
2025-12-08T16:20:00Z,435.94000244140625,435.94000244140625,435.94000244140625,435.94000244140625,435.94000244140625,334.0,435.94000244140625,435.94000244140625,435.94000244140625,435.94000244140625
2025-12-08T16:24:00Z,435.5150146484375,436.0899963378906,435.5150146484375,435.927490234375,435.927490234375,543.0,435.5150146484375,436.0899963378906,435.5150146484375,435.927490234375
2025-12-08T16:26:00Z,435.5249938964844,435.5249938964844,435.5249938964844,435.5249938964844,435.5249938964844,127.0,435.5249938964844,435.5249938964844,435.5249938964844,435.5249938964844
2025-12-08T16:28:00Z,436.0216979980469,436.13751220703125,435.5150146484375,436.114990234375,436.114990234375,886.0,436.0216979980469,436.13751220703125,435.5150146484375,436.114990234375
2025-12-08T16:29:00Z,436.17999267578125,436.260009765625,436.17999267578125,436.260009765625,436.260009765625,176.0,436.17999267578125,436.260009765625,436.17999267578125,436.260009765625
2025-12-08T16:30:00Z,436.79998779296875,436.79998779296875,436.32501220703125,436.5299987792969,436.5299987792969,1071.0,436.79998779296875,436.79998779296875,436.32501220703125,436.5299987792969
2025-12-08T16:31:00Z,436.7900085449219,436.79998779296875,436.5,436.7300109863281,436.7300109863281,850.0,436.7900085449219,436.79998779296875,436.5,436.7300109863281
2025-12-08T16:32:00Z,436.6400146484375,436.6400146484375,436.6400146484375,436.6400146484375,436.6400146484375,73.0,436.6400146484375,436.6400146484375,436.6400146484375,436.6400146484375
2025-12-08T16:33:00Z,436.69000244140625,436.9200134277344,436.55999755859375,436.55999755859375,436.55999755859375,858.0,436.69000244140625,436.9200134277344,436.55999755859375,436.55999755859375
2025-12-08T16:34:00Z,436.57000732421875,436.57000732421875,436.30999755859375,436.3399963378906,436.3399963378906,360.0,436.57000732421875,436.57000732421875,436.30999755859375,436.3399963378906
2025-12-08T16:35:00Z,436.0199890136719,436.0199890136719,435.75,435.75,435.75,449.0,436.0199890136719,436.0199890136719,435.75,435.75
2025-12-08T16:40:00Z,435.5199890136719,435.5199890136719,435.1199951171875,435.1199951171875,435.1199951171875,579.0,435.5199890136719,435.5199890136719,435.1199951171875,435.1199951171875
2025-12-08T16:41:00Z,435.3349914550781,435.3349914550781,435.3349914550781,435.3349914550781,435.3349914550781,80.0,435.3349914550781,435.3349914550781,435.3349914550781,435.3349914550781
2025-12-08T16:42:00Z,435.3599853515625,435.3599853515625,435.3599853515625,435.3599853515625,435.3599853515625,42.0,435.3599853515625,435.3599853515625,435.3599853515625,435.3599853515625
2025-12-08T16:43:00Z,435.260009765625,435.7200012207031,435.260009765625,435.7200012207031,435.7200012207031,633.0,435.260009765625,435.7200012207031,435.260009765625,435.7200012207031
2025-12-08T16:44:00Z,435.7099914550781,435.7200012207031,435.4200134277344,435.4200134277344,435.4200134277344,676.0,435.7099914550781,435.7200012207031,435.4200134277344,435.4200134277344
2025-12-08T16:46:00Z,435.3699951171875,435.489990234375,435.3699951171875,435.3800048828125,435.3800048828125,500.0,435.3699951171875,435.489990234375,435.3699951171875,435.3800048828125
2025-12-08T16:48:00Z,435.3900146484375,435.3900146484375,435.3900146484375,435.3900146484375,435.3900146484375,50.0,435.3900146484375,435.3900146484375,435.3900146484375,435.3900146484375
2025-12-08T16:49:00Z,435.260009765625,435.375,435.260009765625,435.375,435.375,136.0,435.260009765625,435.375,435.260009765625,435.375
2025-12-08T16:50:00Z,435.0,435.0,435.0,435.0,435.0,261.0,435.0,435.0,435.0,435.0
2025-12-08T16:52:00Z,435.19500732421875,435.19500732421875,434.79998779296875,434.79998779296875,434.79998779296875,287.0,435.19500732421875,435.19500732421875,434.79998779296875,434.79998779296875
2025-12-08T16:56:00Z,435.239990234375,435.2900085449219,435.239990234375,435.260009765625,435.260009765625,442.0,435.239990234375,435.2900085449219,435.239990234375,435.260009765625
2025-12-08T16:57:00Z,435.239990234375,435.67999267578125,435.239990234375,435.4599914550781,435.4599914550781,932.0,435.239990234375,435.67999267578125,435.239990234375,435.4599914550781
2025-12-08T16:58:00Z,435.67999267578125,435.67999267578125,435.6000061035156,435.6000061035156,435.6000061035156,269.0,435.67999267578125,435.67999267578125,435.6000061035156,435.6000061035156
2025-12-08T16:59:00Z,435.57501220703125,435.57501220703125,435.57501220703125,435.57501220703125,435.57501220703125,291.0,435.57501220703125,435.57501220703125,435.57501220703125,435.57501220703125
2025-12-08T17:01:00Z,435.739990234375,435.75,435.739990234375,435.75,435.75,394.0,435.739990234375,435.75,435.739990234375,435.75
2025-12-08T17:03:00Z,435.4849853515625,435.55999755859375,435.4849853515625,435.55999755859375,435.55999755859375,274.0,435.4849853515625,435.55999755859375,435.4849853515625,435.55999755859375
2025-12-08T17:04:00Z,435.6099853515625,435.6099853515625,435.6099853515625,435.6099853515625,435.6099853515625,63.0,435.6099853515625,435.6099853515625,435.6099853515625,435.6099853515625
2025-12-08T17:05:00Z,435.6099853515625,435.614990234375,435.6099853515625,435.614990234375,435.614990234375,161.0,435.6099853515625,435.614990234375,435.6099853515625,435.614990234375
2025-12-08T17:06:00Z,435.6650085449219,435.6650085449219,435.3301086425781,435.3301086425781,435.3301086425781,337.0,435.6650085449219,435.6650085449219,435.3301086425781,435.3301086425781
2025-12-08T17:07:00Z,435.8999938964844,435.9100036621094,435.69000244140625,435.8999938964844,435.8999938964844,276.0,435.8999938964844,435.9100036621094,435.69000244140625,435.8999938964844
2025-12-08T17:08:00Z,435.80999755859375,436.30499267578125,435.80999755859375,436.30499267578125,436.30499267578125,509.0,435.80999755859375,436.30499267578125,435.80999755859375,436.30499267578125
2025-12-08T17:12:00Z,436.7200012207031,436.79998779296875,436.7200012207031,436.79998779296875,436.79998779296875,557.0,436.7200012207031,436.79998779296875,436.7200012207031,436.79998779296875
2025-12-08T17:14:00Z,436.7250061035156,437.20001220703125,436.7250061035156,437.20001220703125,437.20001220703125,343.0,436.7250061035156,437.20001220703125,436.7250061035156,437.20001220703125
2025-12-08T17:17:00Z,436.7550048828125,436.7550048828125,436.7550048828125,436.7550048828125,436.7550048828125,100.0,436.7550048828125,436.7550048828125,436.7550048828125,436.7550048828125
2025-12-08T17:18:00Z,436.6300048828125,436.6300048828125,436.6300048828125,436.6300048828125,436.6300048828125,80.0,436.6300048828125,436.6300048828125,436.6300048828125,436.6300048828125
2025-12-08T17:20:00Z,436.6300048828125,436.6300048828125,436.6300048828125,436.6300048828125,436.6300048828125,96.0,436.6300048828125,436.6300048828125,436.6300048828125,436.6300048828125
2025-12-08T17:21:00Z,436.2300109863281,436.2300109863281,435.9200134277344,435.9800109863281,435.9800109863281,1107.0,436.2300109863281,436.2300109863281,435.9200134277344,435.9800109863281
2025-12-08T17:22:00Z,435.94500732421875,435.94500732421875,435.94500732421875,435.94500732421875,435.94500732421875,82.0,435.94500732421875,435.94500732421875,435.94500732421875,435.94500732421875
2025-12-08T17:23:00Z,435.95001220703125,435.95001220703125,435.95001220703125,435.95001220703125,435.95001220703125,126.0,435.95001220703125,435.95001220703125,435.95001220703125,435.95001220703125
2025-12-08T17:25:00Z,435.5400085449219,435.5400085449219,435.5400085449219,435.5400085449219,435.5400085449219,398.0,435.5400085449219,435.5400085449219,435.5400085449219,435.5400085449219
2025-12-08T17:32:00Z,435.6000061035156,435.6000061035156,435.4200134277344,435.4200134277344,435.4200134277344,353.0,435.6000061035156,435.6000061035156,435.4200134277344,435.4200134277344
2025-12-08T17:36:00Z,435.4599914550781,435.4599914550781,435.42999267578125,435.42999267578125,435.42999267578125,314.0,435.4599914550781,435.4599914550781,435.42999267578125,435.42999267578125
2025-12-08T17:37:00Z,435.44000244140625,435.44000244140625,435.3900146484375,435.4100036621094,435.4100036621094,272.0,435.44000244140625,435.44000244140625,435.3900146484375,435.4100036621094
2025-12-08T17:38:00Z,435.30999755859375,435.30999755859375,435.2699890136719,435.2974853515625,435.2974853515625,736.0,435.30999755859375,435.30999755859375,435.2699890136719,435.2974853515625
2025-12-08T17:39:00Z,435.2300109863281,435.2300109863281,435.2300109863281,435.2300109863281,435.2300109863281,117.0,435.2300109863281,435.2300109863281,435.2300109863281,435.2300109863281
2025-12-08T17:40:00Z,435.3500061035156,435.3500061035156,435.0299987792969,435.0299987792969,435.0299987792969,378.0,435.3500061035156,435.3500061035156,435.0299987792969,435.0299987792969
2025-12-08T17:41:00Z,435.3550109863281,435.3550109863281,435.3550109863281,435.3550109863281,435.3550109863281,258.0,435.3550109863281,435.3550109863281,435.3550109863281,435.3550109863281
2025-12-08T17:42:00Z,435.3550109863281,435.3550109863281,435.3550109863281,435.3550109863281,435.3550109863281,172.0,435.3550109863281,435.3550109863281,435.3550109863281,435.3550109863281
2025-12-08T17:44:00Z,435.3599853515625,435.3599853515625,435.3599853515625,435.3599853515625,435.3599853515625,97.0,435.3599853515625,435.3599853515625,435.3599853515625,435.3599853515625
2025-12-08T17:45:00Z,435.5299987792969,435.69000244140625,435.3550109863281,435.625,435.625,1752.0,435.5299987792969,435.69000244140625,435.3550109863281,435.625
2025-12-08T17:46:00Z,435.3699951171875,435.3699951171875,435.32000732421875,435.32000732421875,435.32000732421875,551.0,435.3699951171875,435.3699951171875,435.32000732421875,435.32000732421875
2025-12-08T17:51:00Z,435.010009765625,435.0199890136719,434.989990234375,434.989990234375,434.989990234375,465.0,435.010009765625,435.0199890136719,434.989990234375,434.989990234375
2025-12-08T17:52:00Z,435.0199890136719,435.0199890136719,435.010009765625,435.010009765625,435.010009765625,199.0,435.0199890136719,435.0199890136719,435.010009765625,435.010009765625
2025-12-08T17:53:00Z,435.1700134277344,435.1700134277344,435.1700134277344,435.1700134277344,435.1700134277344,159.0,435.1700134277344,435.1700134277344,435.1700134277344,435.1700134277344
2025-12-08T17:54:00Z,435.1724853515625,435.25,435.1675109863281,435.25,435.25,234.0,435.1724853515625,435.25,435.1675109863281,435.25
2025-12-08T17:55:00Z,435.1824951171875,435.239990234375,435.1824951171875,435.2099914550781,435.2099914550781,257.0,435.1824951171875,435.239990234375,435.1824951171875,435.2099914550781
2025-12-08T17:56:00Z,435.1059875488281,435.1059875488281,435.1059875488281,435.1059875488281,435.1059875488281,157.0,435.1059875488281,435.1059875488281,435.1059875488281,435.1059875488281
2025-12-08T17:57:00Z,434.7699890136719,435.1700134277344,434.7699890136719,435.1700134277344,435.1700134277344,179.0,434.7699890136719,435.1700134277344,434.7699890136719,435.1700134277344
2025-12-08T17:59:00Z,435.1700134277344,435.3399963378906,435.1700134277344,435.17498779296875,435.17498779296875,347.0,435.1700134277344,435.3399963378906,435.1700134277344,435.17498779296875
2025-12-08T18:01:00Z,435.57000732421875,435.57000732421875,434.8800048828125,435.5299987792969,435.5299987792969,1474.0,435.57000732421875,435.57000732421875,434.8800048828125,435.5299987792969
2025-12-08T18:03:00Z,435.18499755859375,435.18499755859375,435.18499755859375,435.18499755859375,435.18499755859375,365.0,435.18499755859375,435.18499755859375,435.18499755859375,435.18499755859375
2025-12-08T18:07:00Z,434.80999755859375,434.80999755859375,434.80999755859375,434.80999755859375,434.80999755859375,99.0,434.80999755859375,434.80999755859375,434.80999755859375,434.80999755859375
2025-12-08T18:08:00Z,434.7950134277344,434.7950134277344,434.7799987792969,434.7799987792969,434.7799987792969,229.0,434.7950134277344,434.7950134277344,434.7799987792969,434.7799987792969
2025-12-08T18:09:00Z,434.7300109863281,434.760009765625,434.1050109863281,434.1050109863281,434.1050109863281,922.0,434.7300109863281,434.760009765625,434.1050109863281,434.1050109863281
2025-12-08T18:10:00Z,433.9800109863281,434.0299987792969,433.9599914550781,433.9949951171875,433.9949951171875,870.0,433.9800109863281,434.0299987792969,433.9599914550781,433.9949951171875
2025-12-08T18:11:00Z,433.94000244140625,433.9949951171875,433.70001220703125,433.70001220703125,433.70001220703125,2043.0,433.94000244140625,433.9949951171875,433.70001220703125,433.70001220703125
2025-12-08T18:12:00Z,433.80999755859375,433.80999755859375,433.80999755859375,433.80999755859375,433.80999755859375,631.0,433.80999755859375,433.80999755859375,433.80999755859375,433.80999755859375
2025-12-08T18:13:00Z,433.81500244140625,433.81500244140625,433.81500244140625,433.81500244140625,433.81500244140625,89.0,433.81500244140625,433.81500244140625,433.81500244140625,433.81500244140625
2025-12-08T18:14:00Z,433.81500244140625,433.81500244140625,433.81500244140625,433.81500244140625,433.81500244140625,103.0,433.81500244140625,433.81500244140625,433.81500244140625,433.81500244140625
2025-12-08T18:16:00Z,433.82000732421875,433.87750244140625,433.82000732421875,433.82501220703125,433.82501220703125,897.0,433.82000732421875,433.87750244140625,433.82000732421875,433.82501220703125
2025-12-08T18:17:00Z,433.87750244140625,433.87750244140625,433.510009765625,433.510009765625,433.510009765625,254.0,433.87750244140625,433.87750244140625,433.510009765625,433.510009765625
2025-12-08T18:20:00Z,433.8699951171875,433.989990234375,433.82000732421875,433.82000732421875,433.82000732421875,969.0,433.8699951171875,433.989990234375,433.82000732421875,433.82000732421875
2025-12-08T18:21:00Z,433.7699890136719,433.8299865722656,433.0299987792969,433.0299987792969,433.0299987792969,1292.0,433.7699890136719,433.8299865722656,433.0299987792969,433.0299987792969
2025-12-08T18:23:00Z,433.0,433.0199890136719,433.0,433.0199890136719,433.0199890136719,351.0,433.0,433.0199890136719,433.0,433.0199890136719
2025-12-08T18:24:00Z,432.8800048828125,432.8800048828125,432.8800048828125,432.8800048828125,432.8800048828125,179.0,432.8800048828125,432.8800048828125,432.8800048828125,432.8800048828125
2025-12-08T18:29:00Z,432.6600036621094,432.6600036621094,432.5299987792969,432.5299987792969,432.5299987792969,162.0,432.6600036621094,432.6600036621094,432.5299987792969,432.5299987792969
2025-12-08T18:30:00Z,432.45001220703125,432.45001220703125,432.45001220703125,432.45001220703125,432.45001220703125,131.0,432.45001220703125,432.45001220703125,432.45001220703125,432.45001220703125
2025-12-08T18:32:00Z,432.44500732421875,432.44500732421875,432.44500732421875,432.44500732421875,432.44500732421875,269.0,432.44500732421875,432.44500732421875,432.44500732421875,432.44500732421875
2025-12-08T18:34:00Z,432.3900146484375,432.3900146484375,432.239990234375,432.239990234375,432.239990234375,323.0,432.3900146484375,432.3900146484375,432.239990234375,432.239990234375
2025-12-08T18:35:00Z,431.82000732421875,431.82000732421875,431.55999755859375,431.7349853515625,431.7349853515625,871.0,431.82000732421875,431.82000732421875,431.55999755859375,431.7349853515625
2025-12-08T18:36:00Z,431.8900146484375,432.04998779296875,431.8324890136719,431.9700012207031,431.9700012207031,973.0,431.8900146484375,432.04998779296875,431.8324890136719,431.9700012207031
2025-12-08T18:37:00Z,431.9700012207031,432.0899963378906,431.9700012207031,432.0899963378906,432.0899963378906,793.0,431.9700012207031,432.0899963378906,431.9700012207031,432.0899963378906
2025-12-08T18:38:00Z,431.95001220703125,432.3299865722656,431.95001220703125,432.3299865722656,432.3299865722656,319.0,431.95001220703125,432.3299865722656,431.95001220703125,432.3299865722656
2025-12-08T18:40:00Z,432.1050109863281,432.1050109863281,432.1050109863281,432.1050109863281,432.1050109863281,168.0,432.1050109863281,432.1050109863281,432.1050109863281,432.1050109863281
2025-12-08T18:41:00Z,431.9200134277344,431.9200134277344,431.9200134277344,431.9200134277344,431.9200134277344,153.0,431.9200134277344,431.9200134277344,431.9200134277344,431.9200134277344
2025-12-08T18:42:00Z,432.0199890136719,432.4200134277344,432.0199890136719,432.3599853515625,432.3599853515625,844.0,432.0199890136719,432.4200134277344,432.0199890136719,432.3599853515625
2025-12-08T18:43:00Z,432.3800048828125,432.3800048828125,432.30999755859375,432.30999755859375,432.30999755859375,81.0,432.3800048828125,432.3800048828125,432.30999755859375,432.30999755859375
2025-12-08T18:44:00Z,432.6000061035156,432.6099853515625,432.5299987792969,432.5299987792969,432.5299987792969,503.0,432.6000061035156,432.6099853515625,432.5299987792969,432.5299987792969
2025-12-08T18:45:00Z,432.3599853515625,432.3800048828125,432.3550109863281,432.3699951171875,432.3699951171875,393.0,432.3599853515625,432.3800048828125,432.3550109863281,432.3699951171875
2025-12-08T18:48:00Z,432.32000732421875,432.32000732421875,432.2099914550781,432.2200012207031,432.2200012207031,397.0,432.32000732421875,432.32000732421875,432.2099914550781,432.2200012207031
2025-12-08T18:52:00Z,432.2099914550781,432.2099914550781,432.2099914550781,432.2099914550781,432.2099914550781,378.0,432.2099914550781,432.2099914550781,432.2099914550781,432.2099914550781
2025-12-08T18:57:00Z,432.19000244140625,432.20001220703125,432.0,432.0,432.0,370.0,432.19000244140625,432.20001220703125,432.0,432.0
2025-12-08T19:00:00Z,432.1700134277344,432.1700134277344,432.1700134277344,432.1700134277344,432.1700134277344,114.0,432.1700134277344,432.1700134277344,432.1700134277344,432.1700134277344
2025-12-08T19:01:00Z,432.1400146484375,432.1400146484375,432.0,432.0,432.0,287.0,432.1400146484375,432.1400146484375,432.0,432.0
2025-12-08T19:02:00Z,432.3900146484375,432.3900146484375,432.3900146484375,432.3900146484375,432.3900146484375,221.0,432.3900146484375,432.3900146484375,432.3900146484375,432.3900146484375
2025-12-08T19:04:00Z,432.42999267578125,432.67999267578125,432.3949890136719,432.6499938964844,432.6499938964844,648.0,432.42999267578125,432.67999267578125,432.3949890136719,432.6499938964844
2025-12-08T19:05:00Z,432.3949890136719,432.7699890136719,432.3800048828125,432.57501220703125,432.57501220703125,796.0,432.3949890136719,432.7699890136719,432.3800048828125,432.57501220703125
2025-12-08T19:06:00Z,432.510009765625,432.9599914550781,432.510009765625,432.9599914550781,432.9599914550781,2285.0,432.510009765625,432.9599914550781,432.510009765625,432.9599914550781
2025-12-08T19:07:00Z,433.25,433.7300109863281,433.25,433.3299865722656,433.3299865722656,372.0,433.25,433.7300109863281,433.25,433.3299865722656
2025-12-08T19:08:00Z,433.3900146484375,433.3999938964844,433.2099914550781,433.2099914550781,433.2099914550781,605.0,433.3900146484375,433.3999938964844,433.2099914550781,433.2099914550781
2025-12-08T19:11:00Z,433.0400085449219,433.1499938964844,433.0400085449219,433.1499938964844,433.1499938964844,221.0,433.0400085449219,433.1499938964844,433.0400085449219,433.1499938964844
2025-12-08T19:13:00Z,432.8500061035156,432.8500061035156,432.8500061035156,432.8500061035156,432.8500061035156,206.0,432.8500061035156,432.8500061035156,432.8500061035156,432.8500061035156
2025-12-08T19:14:00Z,432.5899963378906,432.5899963378906,432.4750061035156,432.4750061035156,432.4750061035156,363.0,432.5899963378906,432.5899963378906,432.4750061035156,432.4750061035156
2025-12-08T19:19:00Z,432.7900085449219,432.7900085449219,432.7900085449219,432.7900085449219,432.7900085449219,136.0,432.7900085449219,432.7900085449219,432.7900085449219,432.7900085449219
2025-12-08T19:21:00Z,433.0799865722656,433.0799865722656,433.0799865722656,433.0799865722656,433.0799865722656,293.0,433.0799865722656,433.0799865722656,433.0799865722656,433.0799865722656
2025-12-08T19:24:00Z,432.55999755859375,432.7099914550781,432.54998779296875,432.6400146484375,432.6400146484375,450.0,432.55999755859375,432.7099914550781,432.54998779296875,432.6400146484375
2025-12-08T19:26:00Z,432.55999755859375,432.55999755859375,432.5,432.54998779296875,432.54998779296875,574.0,432.55999755859375,432.55999755859375,432.5,432.54998779296875
2025-12-08T19:29:00Z,432.4700012207031,432.5199890136719,432.45001220703125,432.4599914550781,432.4599914550781,722.0,432.4700012207031,432.5199890136719,432.45001220703125,432.4599914550781
2025-12-08T19:30:00Z,432.55999755859375,432.6050109863281,432.55999755859375,432.57000732421875,432.57000732421875,603.0,432.55999755859375,432.6050109863281,432.55999755859375,432.57000732421875
2025-12-08T19:31:00Z,432.56500244140625,432.56500244140625,432.56500244140625,432.56500244140625,432.56500244140625,140.0,432.56500244140625,432.56500244140625,432.56500244140625,432.56500244140625
2025-12-08T19:33:00Z,432.56500244140625,432.56500244140625,432.3999938964844,432.3999938964844,432.3999938964844,218.0,432.56500244140625,432.56500244140625,432.3999938964844,432.3999938964844
2025-12-08T19:34:00Z,432.6099853515625,432.6099853515625,432.56500244140625,432.56500244140625,432.56500244140625,283.0,432.6099853515625,432.6099853515625,432.56500244140625,432.56500244140625
2025-12-08T19:35:00Z,432.4200134277344,432.4649963378906,432.2699890136719,432.4649963378906,432.4649963378906,753.0,432.4200134277344,432.4649963378906,432.2699890136719,432.4649963378906
2025-12-08T19:37:00Z,432.4800109863281,432.4800109863281,432.3999938964844,432.3999938964844,432.3999938964844,252.0,432.4800109863281,432.4800109863281,432.3999938964844,432.3999938964844
2025-12-08T19:38:00Z,432.3299865722656,432.7300109863281,432.3299865722656,432.7300109863281,432.7300109863281,2244.0,432.3299865722656,432.7300109863281,432.3299865722656,432.7300109863281
2025-12-08T19:43:00Z,433.20001220703125,433.20001220703125,433.20001220703125,433.20001220703125,433.20001220703125,539.0,433.20001220703125,433.20001220703125,433.20001220703125,433.20001220703125
2025-12-08T19:49:00Z,432.79998779296875,432.79998779296875,432.79998779296875,432.79998779296875,432.79998779296875,218.0,432.79998779296875,432.79998779296875,432.79998779296875,432.79998779296875
2025-12-08T19:53:00Z,432.7200012207031,432.7200012207031,432.7200012207031,432.7200012207031,432.7200012207031,107.0,432.7200012207031,432.7200012207031,432.7200012207031,432.7200012207031
2025-12-08T19:54:00Z,433.135009765625,433.135009765625,432.5299987792969,432.5299987792969,432.5299987792969,1401.0,433.135009765625,433.135009765625,432.5299987792969,432.5299987792969
2025-12-08T19:55:00Z,432.5,432.5,432.5,432.5,432.5,167.0,432.5,432.5,432.5,432.5
2025-12-08T19:57:00Z,432.510009765625,432.5299987792969,432.2699890136719,432.2699890136719,432.2699890136719,1546.0,432.510009765625,432.5299987792969,432.2699890136719,432.2699890136719
2025-12-08T19:58:00Z,432.0899963378906,432.0899963378906,432.0849914550781,432.0849914550781,432.0849914550781,442.0,432.0899963378906,432.0899963378906,432.0849914550781,432.0849914550781
2025-12-08T19:59:00Z,432.0400085449219,432.0400085449219,432.0400085449219,432.0400085449219,432.0400085449219,84.0,432.0400085449219,432.0400085449219,432.0400085449219,432.0400085449219
2025-12-08T20:00:00Z,432.04998779296875,432.1449890136719,431.8900146484375,431.8900146484375,431.8900146484375,708.0,432.04998779296875,432.1449890136719,431.8900146484375,431.8900146484375
2025-12-08T20:02:00Z,432.0400085449219,432.0400085449219,432.0400085449219,432.0400085449219,432.0400085449219,234.0,432.0400085449219,432.0400085449219,432.0400085449219,432.0400085449219
2025-12-08T20:03:00Z,431.69000244140625,431.739990234375,431.69000244140625,431.739990234375,431.739990234375,167.0,431.69000244140625,431.739990234375,431.69000244140625,431.739990234375
2025-12-08T20:04:00Z,431.55999755859375,431.55999755859375,431.55999755859375,431.55999755859375,431.55999755859375,161.0,431.55999755859375,431.55999755859375,431.55999755859375,431.55999755859375
2025-12-08T20:05:00Z,431.55999755859375,431.55999755859375,431.55999755859375,431.55999755859375,431.55999755859375,162.0,431.55999755859375,431.55999755859375,431.55999755859375,431.55999755859375
2025-12-08T20:06:00Z,431.56451416015625,431.56451416015625,431.56451416015625,431.56451416015625,431.56451416015625,74.0,431.56451416015625,431.56451416015625,431.56451416015625,431.56451416015625
2025-12-08T20:07:00Z,431.6000061035156,432.31500244140625,431.57000732421875,432.31500244140625,432.31500244140625,2810.0,431.6000061035156,432.31500244140625,431.57000732421875,432.31500244140625
2025-12-08T20:08:00Z,432.3699951171875,432.3699951171875,432.3349914550781,432.3349914550781,432.3349914550781,167.0,432.3699951171875,432.3699951171875,432.3349914550781,432.3349914550781
2025-12-08T20:09:00Z,432.55999755859375,432.57000732421875,432.3399963378906,432.3399963378906,432.3399963378906,1320.0,432.55999755859375,432.57000732421875,432.3399963378906,432.3399963378906
2025-12-08T20:11:00Z,432.2799987792969,432.2799987792969,432.2799987792969,432.2799987792969,432.2799987792969,329.0,432.2799987792969,432.2799987792969,432.2799987792969,432.2799987792969
2025-12-08T20:13:00Z,432.19000244140625,432.19000244140625,432.0899963378906,432.0899963378906,432.0899963378906,456.0,432.19000244140625,432.19000244140625,432.0899963378906,432.0899963378906
2025-12-08T20:14:00Z,431.8399963378906,431.9200134277344,431.760009765625,431.760009765625,431.760009765625,765.0,431.8399963378906,431.9200134277344,431.760009765625,431.760009765625
2025-12-08T20:17:00Z,432.04998779296875,432.25,431.9949951171875,431.9949951171875,431.9949951171875,423.0,432.04998779296875,432.25,431.9949951171875,431.9949951171875
2025-12-08T20:18:00Z,432.239990234375,432.25,432.0400085449219,432.25,432.25,654.0,432.239990234375,432.25,432.0400085449219,432.25
2025-12-08T20:20:00Z,432.5,432.5,432.2799987792969,432.2799987792969,432.2799987792969,727.0,432.5,432.5,432.2799987792969,432.2799987792969
2025-12-08T20:26:00Z,432.3299865722656,432.3550109863281,432.1499938964844,432.3349914550781,432.3349914550781,1087.0,432.3299865722656,432.3550109863281,432.1499938964844,432.3349914550781
2025-12-08T20:27:00Z,432.2699890136719,432.2699890136719,432.1499938964844,432.239990234375,432.239990234375,324.0,432.2699890136719,432.2699890136719,432.1499938964844,432.239990234375
2025-12-08T20:28:00Z,432.1600036621094,432.1600036621094,432.010009765625,432.010009765625,432.010009765625,509.0,432.1600036621094,432.1600036621094,432.010009765625,432.010009765625
2025-12-08T20:29:00Z,431.989990234375,432.0899963378906,431.989990234375,432.0899963378906,432.0899963378906,558.0,431.989990234375,432.0899963378906,431.989990234375,432.0899963378906
2025-12-08T20:30:00Z,431.7149963378906,431.7149963378906,431.7149963378906,431.7149963378906,431.7149963378906,100.0,431.7149963378906,431.7149963378906,431.7149963378906,431.7149963378906
2025-12-08T20:31:00Z,431.67999267578125,431.67999267578125,431.2200012207031,431.2300109863281,431.2300109863281,599.0,431.67999267578125,431.67999267578125,431.2200012207031,431.2300109863281
2025-12-08T20:32:00Z,431.2099914550781,431.2099914550781,431.2099914550781,431.2099914550781,431.2099914550781,469.0,431.2099914550781,431.2099914550781,431.2099914550781,431.2099914550781
2025-12-08T20:33:00Z,431.1400146484375,431.1400146484375,431.1400146484375,431.1400146484375,431.1400146484375,244.0,431.1400146484375,431.1400146484375,431.1400146484375,431.1400146484375
2025-12-08T20:34:00Z,431.1000061035156,431.1000061035156,430.864990234375,430.864990234375,430.864990234375,670.0,431.1000061035156,431.1000061035156,430.864990234375,430.864990234375
2025-12-08T20:35:00Z,430.8599853515625,431.05499267578125,430.55999755859375,430.55999755859375,430.55999755859375,417.0,430.8599853515625,431.05499267578125,430.55999755859375,430.55999755859375
2025-12-08T20:36:00Z,430.6000061035156,430.6199951171875,430.6000061035156,430.6199951171875,430.6199951171875,121.0,430.6000061035156,430.6199951171875,430.6000061035156,430.6199951171875
2025-12-08T20:37:00Z,430.5799865722656,431.0,430.5799865722656,430.94500732421875,430.94500732421875,1142.0,430.5799865722656,431.0,430.5799865722656,430.94500732421875
2025-12-08T20:38:00Z,430.70001220703125,431.1300048828125,430.70001220703125,431.010009765625,431.010009765625,1417.0,430.70001220703125,431.1300048828125,430.70001220703125,431.010009765625
2025-12-08T20:39:00Z,430.9599914550781,430.9599914550781,430.75,430.94000244140625,430.94000244140625,543.0,430.9599914550781,430.9599914550781,430.75,430.94000244140625
2025-12-08T20:40:00Z,430.94000244140625,431.3399963378906,430.94000244140625,431.3399963378906,431.3399963378906,1959.0,430.94000244140625,431.3399963378906,430.94000244140625,431.3399963378906
2025-12-08T20:41:00Z,431.3699951171875,431.3699951171875,431.3699951171875,431.3699951171875,431.3699951171875,427.0,431.3699951171875,431.3699951171875,431.3699951171875,431.3699951171875
2025-12-08T20:43:00Z,431.6199951171875,431.7099914550781,431.5299987792969,431.6700134277344,431.6700134277344,1107.0,431.6199951171875,431.7099914550781,431.5299987792969,431.6700134277344
2025-12-08T20:44:00Z,431.55999755859375,431.55999755859375,431.42999267578125,431.42999267578125,431.42999267578125,298.0,431.55999755859375,431.55999755859375,431.42999267578125,431.42999267578125
2025-12-08T20:45:00Z,431.3800048828125,431.6099853515625,431.3800048828125,431.6099853515625,431.6099853515625,307.0,431.3800048828125,431.6099853515625,431.3800048828125,431.6099853515625
2025-12-08T20:46:00Z,431.6400146484375,431.6400146484375,431.6075134277344,431.6075134277344,431.6075134277344,169.0,431.6400146484375,431.6400146484375,431.6075134277344,431.6075134277344
2025-12-08T20:47:00Z,431.4200134277344,431.635009765625,431.4200134277344,431.635009765625,431.635009765625,360.0,431.4200134277344,431.635009765625,431.4200134277344,431.635009765625
2025-12-08T20:48:00Z,431.635009765625,431.7950134277344,431.3500061035156,431.6199951171875,431.6199951171875,2244.0,431.635009765625,431.7950134277344,431.3500061035156,431.6199951171875
2025-12-08T20:49:00Z,431.7300109863281,432.17999267578125,431.6700134277344,432.17999267578125,432.17999267578125,2258.0,431.7300109863281,432.17999267578125,431.6700134277344,432.17999267578125
2025-12-08T20:50:00Z,432.2099914550781,432.44500732421875,432.0,432.3299865722656,432.3299865722656,2490.0,432.2099914550781,432.44500732421875,432.0,432.3299865722656
2025-12-08T20:51:00Z,432.0799865722656,432.1099853515625,431.8800048828125,431.8900146484375,431.8900146484375,1921.0,432.0799865722656,432.1099853515625,431.8800048828125,431.8900146484375
2025-12-08T20:52:00Z,431.82000732421875,432.07000732421875,430.97100830078125,431.2799987792969,431.2799987792969,4516.0,431.82000732421875,432.07000732421875,430.97100830078125,431.2799987792969
2025-12-08T20:53:00Z,431.80999755859375,431.82501220703125,431.45001220703125,431.6199951171875,431.6199951171875,1256.0,431.80999755859375,431.82501220703125,431.45001220703125,431.6199951171875
2025-12-08T20:54:00Z,431.489990234375,431.80999755859375,431.04998779296875,431.04998779296875,431.04998779296875,1747.0,431.489990234375,431.80999755859375,431.04998779296875,431.04998779296875
2025-12-08T20:55:00Z,431.30499267578125,432.0799865722656,431.04998779296875,432.0799865722656,432.0799865722656,3300.0,431.30499267578125,432.0799865722656,431.04998779296875,432.0799865722656
2025-12-08T20:56:00Z,432.0799865722656,432.5,432.0799865722656,432.4175109863281,432.4175109863281,5099.0,432.0799865722656,432.5,432.0799865722656,432.4175109863281
2025-12-08T20:57:00Z,432.5199890136719,434.6700134277344,432.3399963378906,434.6700134277344,434.6700134277344,9267.0,432.5199890136719,434.6700134277344,432.3399963378906,434.6700134277344
2025-12-08T20:58:00Z,434.5,434.6199951171875,432.6300048828125,433.0899963378906,433.0899963378906,8989.0,434.5,434.6199951171875,432.6300048828125,433.0899963378906
2025-12-08T20:59:00Z,432.7950134277344,433.7799987792969,432.7550048828125,433.7799987792969,433.7799987792969,10309.0,432.7950134277344,433.7799987792969,432.7550048828125,433.7799987792969
