timestamp,open,high,low,close,adj_close,volume
2025-11-11T14:30:00Z,146.91000366210938,147.50999450683594,146.77999877929688,147.50999450683594,147.50999450683594,14093.0
2025-11-11T14:31:00Z,147.77000427246094,147.77000427246094,147.77000427246094,147.77000427246094,147.77000427246094,588.0
2025-11-11T14:32:00Z,147.3800048828125,147.3800048828125,147.3800048828125,147.3800048828125,147.3800048828125,575.0
2025-11-11T14:34:00Z,147.4250030517578,147.4250030517578,147.1699981689453,147.1699981689453,147.1699981689453,985.0
2025-11-11T14:35:00Z,147.34500122070312,147.5,147.3350067138672,147.5,147.5,977.0
2025-11-11T14:36:00Z,147.38999938964844,147.38999938964844,147.1199951171875,147.1199951171875,147.1199951171875,1838.0
2025-11-11T14:37:00Z,147.00999450683594,147.16000366210938,146.95750427246094,147.09500122070312,147.09500122070312,1452.0
2025-11-11T14:38:00Z,147.3000030517578,147.61599731445312,147.3000030517578,147.61599731445312,147.61599731445312,1830.0
2025-11-11T14:41:00Z,147.51499938964844,147.5800018310547,147.51499938964844,147.5800018310547,147.5800018310547,1639.0
2025-11-11T14:42:00Z,147.6300048828125,147.63999938964844,147.6300048828125,147.63999938964844,147.63999938964844,426.0
2025-11-11T14:43:00Z,147.67999267578125,147.67999267578125,147.39999389648438,147.39999389648438,147.39999389648438,1179.0
2025-11-11T14:44:00Z,147.33999633789062,147.39500427246094,147.33999633789062,147.39500427246094,147.39500427246094,611.0
2025-11-11T14:45:00Z,147.50999450683594,147.6925048828125,147.50999450683594,147.68499755859375,147.68499755859375,3058.0
2025-11-11T14:46:00Z,147.76499938964844,147.76499938964844,147.76499938964844,147.76499938964844,147.76499938964844,566.0
2025-11-11T14:47:00Z,147.75,147.89999389648438,147.75,147.8300018310547,147.8300018310547,4648.0
2025-11-11T14:48:00Z,148.0,148.29530334472656,147.83999633789062,148.29530334472656,148.29530334472656,5276.0
2025-11-11T14:49:00Z,147.97999572753906,147.97999572753906,147.83999633789062,147.86500549316406,147.86500549316406,3817.0
2025-11-11T14:50:00Z,147.6999969482422,147.6999969482422,147.6999969482422,147.6999969482422,147.6999969482422,557.0
2025-11-11T14:51:00Z,147.4600067138672,147.50759887695312,147.2899932861328,147.50759887695312,147.50759887695312,1421.0
2025-11-11T14:52:00Z,147.39999389648438,147.60000610351562,147.39999389648438,147.60000610351562,147.60000610351562,2554.0
2025-11-11T14:53:00Z,147.6300048828125,147.6300048828125,147.5399932861328,147.6199951171875,147.6199951171875,718.0
2025-11-11T14:54:00Z,147.7050018310547,147.7050018310547,147.5200958251953,147.5200958251953,147.5200958251953,3870.0
2025-11-11T14:55:00Z,147.52000427246094,147.59249877929688,147.3699951171875,147.3699951171875,147.3699951171875,2106.0
2025-11-11T14:56:00Z,147.33999633789062,147.4250030517578,147.33999633789062,147.4250030517578,147.4250030517578,928.0
2025-11-11T14:57:00Z,147.55999755859375,147.6300048828125,147.34010314941406,147.6300048828125,147.6300048828125,542.0
2025-11-11T14:58:00Z,147.64999389648438,147.68499755859375,147.6199951171875,147.68499755859375,147.68499755859375,1073.0
2025-11-11T14:59:00Z,147.67999267578125,147.83999633789062,147.67999267578125,147.83999633789062,147.83999633789062,1914.0
2025-11-11T15:00:00Z,147.8000030517578,147.8000030517578,147.58999633789062,147.6699981689453,147.6699981689453,2125.0
2025-11-11T15:01:00Z,147.72500610351562,147.98500061035156,147.72500610351562,147.83999633789062,147.83999633789062,2084.0
2025-11-11T15:02:00Z,147.76499938964844,148.14999389648438,147.76499938964844,148.02999877929688,148.02999877929688,2128.0
2025-11-11T15:03:00Z,148.03500366210938,148.06500244140625,148.03500366210938,148.06500244140625,148.06500244140625,633.0
2025-11-11T15:04:00Z,148.07000732421875,148.10499572753906,148.05499267578125,148.10499572753906,148.10499572753906,951.0
2025-11-11T15:05:00Z,148.10499572753906,148.10499572753906,147.7700958251953,147.9199981689453,147.9199981689453,4689.0
2025-11-11T15:06:00Z,147.88999938964844,147.88999938964844,147.69000244140625,147.81500244140625,147.81500244140625,3965.0
2025-11-11T15:07:00Z,147.875,147.88999938964844,147.86500549316406,147.88999938964844,147.88999938964844,530.0
2025-11-11T15:08:00Z,147.86500549316406,147.8800048828125,147.72999572753906,147.84500122070312,147.84500122070312,3943.0
2025-11-11T15:09:00Z,147.84500122070312,147.84500122070312,147.84500122070312,147.84500122070312,147.84500122070312,1418.0
2025-11-11T15:10:00Z,147.83999633789062,147.89999389648438,147.83999633789062,147.89999389648438,147.89999389648438,507.0
2025-11-11T15:11:00Z,147.86000061035156,147.86000061035156,147.77000427246094,147.85499572753906,147.85499572753906,916.0
2025-11-11T15:12:00Z,147.85499572753906,147.85499572753906,147.76499938964844,147.8000030517578,147.8000030517578,1477.0
2025-11-11T15:13:00Z,147.72999572753906,147.7949981689453,147.72999572753906,147.7899932861328,147.7899932861328,594.0
2025-11-11T15:14:00Z,147.7899932861328,147.7899932861328,147.72000122070312,147.72000122070312,147.72000122070312,946.0
2025-11-11T15:15:00Z,147.75750732421875,147.78500366210938,147.52999877929688,147.6999969482422,147.6999969482422,4231.0
2025-11-11T15:16:00Z,147.69000244140625,147.6999969482422,147.69000244140625,147.6999969482422,147.6999969482422,1080.0
2025-11-11T15:17:00Z,147.69500732421875,147.69500732421875,147.69500732421875,147.69500732421875,147.69500732421875,629.0
2025-11-11T15:18:00Z,147.85000610351562,147.94500732421875,147.7949981689453,147.7949981689453,147.7949981689453,1489.0
2025-11-11T15:19:00Z,147.99749755859375,148.02000427246094,147.8695068359375,147.9149932861328,147.9149932861328,2365.0
2025-11-11T15:20:00Z,148.00999450683594,148.02000427246094,147.9199981689453,147.93499755859375,147.93499755859375,828.0
2025-11-11T15:21:00Z,147.92999267578125,147.92999267578125,147.92999267578125,147.92999267578125,147.92999267578125,362.0
2025-11-11T15:22:00Z,147.88999938964844,148.00999450683594,147.8350067138672,148.0050048828125,148.0050048828125,1859.0
2025-11-11T15:23:00Z,147.94000244140625,147.94000244140625,147.55999755859375,147.57000732421875,147.57000732421875,3785.0
2025-11-11T15:24:00Z,147.76499938964844,147.9141387939453,147.74000549316406,147.74000549316406,147.74000549316406,452.0
2025-11-11T15:25:00Z,147.74000549316406,147.88999938964844,147.69000244140625,147.8300018310547,147.8300018310547,5123.0
2025-11-11T15:26:00Z,147.80499267578125,147.8300018310547,147.69000244140625,147.8300018310547,147.8300018310547,1084.0
2025-11-11T15:27:00Z,148.0189971923828,148.0189971923828,147.85499572753906,147.875,147.875,3581.0
2025-11-11T15:28:00Z,147.875,147.94000244140625,147.875,147.94000244140625,147.94000244140625,504.0
2025-11-11T15:29:00Z,147.88999938964844,147.88999938964844,147.86000061035156,147.86000061035156,147.86000061035156,1337.0
2025-11-11T15:30:00Z,148.02000427246094,148.02000427246094,148.02000427246094,148.02000427246094,148.02000427246094,388.0
2025-11-11T15:31:00Z,148.02999877929688,148.11000061035156,148.00999450683594,148.11000061035156,148.11000061035156,1059.0
2025-11-11T15:32:00Z,148.1074981689453,148.1074981689453,147.8800048828125,147.88999938964844,147.88999938964844,2251.0
2025-11-11T15:33:00Z,147.99000549316406,148.17999267578125,147.76499938964844,147.76499938964844,147.76499938964844,1978.0
2025-11-11T15:34:00Z,147.76499938964844,147.83990478515625,147.69000244140625,147.75,147.75,1640.0
2025-11-11T15:35:00Z,147.64999389648438,147.64999389648438,147.57000732421875,147.5850067138672,147.5850067138672,2765.0
2025-11-11T15:36:00Z,147.5850067138672,147.5850067138672,147.39999389648438,147.5050048828125,147.5050048828125,2470.0
2025-11-11T15:37:00Z,147.50999450683594,147.52999877929688,147.50999450683594,147.52999877929688,147.52999877929688,1264.0
2025-11-11T15:38:00Z,147.53750610351562,147.53750610351562,147.53750610351562,147.53750610351562,147.53750610351562,146.0
2025-11-11T15:39:00Z,147.44000244140625,147.82000732421875,147.4199981689453,147.82000732421875,147.82000732421875,3915.0
2025-11-11T15:41:00Z,147.8350067138672,148.05999755859375,147.8350067138672,148.05999755859375,148.05999755859375,345.0
2025-11-11T15:42:00Z,147.8350067138672,147.8350067138672,147.66000366210938,147.7050018310547,147.7050018310547,1172.0
2025-11-11T15:43:00Z,147.8000030517578,147.8000030517578,147.5,147.52999877929688,147.52999877929688,3989.0
2025-11-11T15:45:00Z,147.6199951171875,147.6199951171875,147.61000061035156,147.61000061035156,147.61000061035156,550.0
2025-11-11T15:46:00Z,147.6300048828125,147.68499755859375,147.58999633789062,147.58999633789062,147.58999633789062,664.0
2025-11-11T15:47:00Z,147.57000732421875,147.61500549316406,147.5399932861328,147.61000061035156,147.61000061035156,1683.0
2025-11-11T15:48:00Z,147.61000061035156,147.61000061035156,147.61000061035156,147.61000061035156,147.61000061035156,311.0
2025-11-11T15:49:00Z,147.5800018310547,147.68499755859375,147.5800018310547,147.68499755859375,147.68499755859375,1213.0
2025-11-11T15:51:00Z,147.5399932861328,147.5399932861328,147.52999877929688,147.52999877929688,147.52999877929688,783.0
2025-11-11T15:52:00Z,147.6199951171875,147.6199951171875,147.6199951171875,147.6199951171875,147.6199951171875,523.0
2025-11-11T15:53:00Z,147.66000366210938,147.7899932861328,147.66000366210938,147.77999877929688,147.77999877929688,3055.0
2025-11-11T15:56:00Z,147.82000732421875,147.82000732421875,147.82000732421875,147.82000732421875,147.82000732421875,740.0
2025-11-11T15:57:00Z,147.75,147.82000732421875,147.6999969482422,147.8000030517578,147.8000030517578,6435.0
2025-11-11T15:59:00Z,147.92999267578125,147.94000244140625,147.83999633789062,147.875,147.875,1974.0
2025-11-11T16:00:00Z,147.875,147.875,147.75,147.85000610351562,147.85000610351562,1383.0
2025-11-11T16:01:00Z,147.81500244140625,147.81500244140625,147.75999450683594,147.77499389648438,147.77499389648438,4071.0
2025-11-11T16:02:00Z,147.80999755859375,147.83999633789062,147.80999755859375,147.83999633789062,147.83999633789062,1466.0
2025-11-11T16:03:00Z,147.86000061035156,147.86000061035156,147.86000061035156,147.86000061035156,147.86000061035156,1572.0
2025-11-11T16:04:00Z,147.97999572753906,148.11000061035156,147.97999572753906,148.11000061035156,148.11000061035156,2607.0
2025-11-11T16:05:00Z,148.07000732421875,148.07000732421875,147.85000610351562,147.93499755859375,147.93499755859375,7624.0
2025-11-11T16:06:00Z,148.05999755859375,148.1199951171875,148.03500366210938,148.1199951171875,148.1199951171875,1759.0
2025-11-11T16:07:00Z,148.14999389648438,148.16000366210938,148.09249877929688,148.09249877929688,148.09249877929688,2078.0
2025-11-11T16:08:00Z,148.1199951171875,148.1199951171875,148.1199951171875,148.1199951171875,148.1199951171875,344.0
2025-11-11T16:09:00Z,148.06509399414062,148.13999938964844,148.06509399414062,148.13999938964844,148.13999938964844,829.0
2025-11-11T16:10:00Z,148.0850067138672,148.16000366210938,148.0850067138672,148.10549926757812,148.10549926757812,981.0
2025-11-11T16:11:00Z,148.17999267578125,148.17999267578125,148.0800018310547,148.14999389648438,148.14999389648438,3261.0
2025-11-11T16:12:00Z,148.16000366210938,148.19000244140625,148.0850067138672,148.17250061035156,148.17250061035156,2922.0
2025-11-11T16:13:00Z,148.22000122070312,148.22000122070312,148.11000061035156,148.1750030517578,148.1750030517578,5695.0
2025-11-11T16:14:00Z,148.1750030517578,148.26809692382812,148.1750030517578,148.21279907226562,148.21279907226562,685.0
2025-11-11T16:15:00Z,148.1999969482422,148.22999572753906,148.17999267578125,148.22999572753906,148.22999572753906,1909.0
2025-11-11T16:16:00Z,148.22999572753906,148.24000549316406,148.05999755859375,148.14010620117188,148.14010620117188,4592.0
2025-11-11T16:17:00Z,148.14500427246094,148.17999267578125,148.14500427246094,148.17999267578125,148.17999267578125,1084.0
2025-11-11T16:18:00Z,148.14500427246094,148.2100067138672,148.14500427246094,148.14500427246094,148.14500427246094,2245.0
2025-11-11T16:19:00Z,148.20989990234375,148.27999877929688,148.14500427246094,148.2449951171875,148.2449951171875,2311.0
2025-11-11T16:20:00Z,148.24000549316406,148.24000549316406,148.1436004638672,148.22999572753906,148.22999572753906,1802.0
2025-11-11T16:22:00Z,148.1999969482422,148.22500610351562,148.13839721679688,148.13839721679688,148.13839721679688,1085.0
2025-11-11T16:23:00Z,148.1999969482422,148.1999969482422,148.19000244140625,148.19000244140625,148.19000244140625,682.0
2025-11-11T16:24:00Z,148.25999450683594,148.25999450683594,148.2449951171875,148.25999450683594,148.25999450683594,1685.0
2025-11-11T16:25:00Z,148.1699981689453,148.35000610351562,148.1699981689453,148.27999877929688,148.27999877929688,1747.0
2025-11-11T16:26:00Z,148.25999450683594,148.33999633789062,148.25999450683594,148.33999633789062,148.33999633789062,573.0
2025-11-11T16:28:00Z,148.25999450683594,148.25999450683594,148.25999450683594,148.25999450683594,148.25999450683594,594.0
2025-11-11T16:29:00Z,148.22999572753906,148.22999572753906,148.14500427246094,148.14500427246094,148.14500427246094,1935.0
2025-11-11T16:30:00Z,148.16000366210938,148.16000366210938,148.0500030517578,148.08999633789062,148.08999633789062,4439.0
2025-11-11T16:31:00Z,148.16000366210938,148.21499633789062,148.16000366210938,148.21499633789062,148.21499633789062,1528.0
2025-11-11T16:32:00Z,148.27000427246094,148.3000030517578,148.27000427246094,148.3000030517578,148.3000030517578,990.0
2025-11-11T16:33:00Z,148.34750366210938,148.4199981689453,148.3350067138672,148.3800048828125,148.3800048828125,2048.0
2025-11-11T16:34:00Z,148.35499572753906,148.35499572753906,148.35499572753906,148.35499572753906,148.35499572753906,668.0
2025-11-11T16:36:00Z,148.44569396972656,148.60000610351562,148.44000244140625,148.52999877929688,148.52999877929688,5325.0
2025-11-11T16:37:00Z,148.58999633789062,148.6199951171875,148.5749969482422,148.5850067138672,148.5850067138672,3092.0
2025-11-11T16:40:00Z,148.67999267578125,148.69000244140625,148.4499969482422,148.4600067138672,148.4600067138672,4501.0
2025-11-11T16:41:00Z,148.4844970703125,148.4844970703125,148.4600067138672,148.4600067138672,148.4600067138672,704.0
2025-11-11T16:42:00Z,148.46600341796875,148.46600341796875,148.46600341796875,148.46600341796875,148.46600341796875,199.0
2025-11-11T16:43:00Z,148.4600067138672,148.52000427246094,148.4600067138672,148.50999450683594,148.50999450683594,1571.0
2025-11-11T16:44:00Z,148.52000427246094,148.58999633789062,148.52000427246094,148.58999633789062,148.58999633789062,749.0
2025-11-11T16:45:00Z,148.56500244140625,148.56500244140625,148.56500244140625,148.56500244140625,148.56500244140625,763.0
2025-11-11T16:47:00Z,148.6199951171875,148.7100067138672,148.6199951171875,148.6699981689453,148.6699981689453,1455.0
2025-11-11T16:49:00Z,148.74000549316406,148.74000549316406,148.64999389648438,148.64999389648438,148.64999389648438,454.0
2025-11-11T16:50:00Z,148.6699981689453,148.6699981689453,148.6699981689453,148.6699981689453,148.6699981689453,1031.0
2025-11-11T16:53:00Z,148.6199951171875,148.6199951171875,148.60000610351562,148.6199951171875,148.6199951171875,888.0
2025-11-11T16:54:00Z,148.6074981689453,148.6074981689453,148.57000732421875,148.57000732421875,148.57000732421875,1826.0
2025-11-11T16:55:00Z,148.55999755859375,148.5749969482422,148.55999755859375,148.5749969482422,148.5749969482422,919.0
2025-11-11T16:56:00Z,148.52000427246094,148.52999877929688,148.40499877929688,148.40499877929688,148.40499877929688,3052.0
2025-11-11T16:57:00Z,148.42999267578125,148.5500030517578,148.42999267578125,148.5500030517578,148.5500030517578,3652.0
2025-11-11T16:58:00Z,148.60000610351562,148.64999389648438,148.60000610351562,148.64999389648438,148.64999389648438,1044.0
2025-11-11T16:59:00Z,148.5800018310547,148.5800018310547,148.5800018310547,148.5800018310547,148.5800018310547,411.0
2025-11-11T17:00:00Z,148.69000244140625,148.69000244140625,148.69000244140625,148.69000244140625,148.69000244140625,619.0
2025-11-11T17:01:00Z,148.6649932861328,148.6649932861328,148.6649932861328,148.6649932861328,148.6649932861328,507.0
2025-11-11T17:02:00Z,148.6199951171875,148.6199951171875,148.50999450683594,148.50999450683594,148.50999450683594,2562.0
2025-11-11T17:03:00Z,148.47000122070312,148.5050048828125,148.47000122070312,148.5050048828125,148.5050048828125,336.0
2025-11-11T17:04:00Z,148.50999450683594,148.5500030517578,148.50999450683594,148.5500030517578,148.5500030517578,1927.0
2025-11-11T17:05:00Z,148.6699981689453,148.6699981689453,148.58999633789062,148.58999633789062,148.58999633789062,797.0
2025-11-11T17:06:00Z,148.6300048828125,148.6300048828125,148.6300048828125,148.6300048828125,148.6300048828125,873.0
2025-11-11T17:08:00Z,148.64239501953125,148.6699981689453,148.64239501953125,148.6699981689453,148.6699981689453,568.0
2025-11-11T17:09:00Z,148.64999389648438,148.74000549316406,148.64999389648438,148.74000549316406,148.74000549316406,1728.0
2025-11-11T17:10:00Z,148.77999877929688,148.77999877929688,148.77999877929688,148.77999877929688,148.77999877929688,586.0
2025-11-11T17:12:00Z,148.75999450683594,148.75999450683594,148.75,148.75,148.75,569.0
2025-11-11T17:13:00Z,148.71910095214844,148.81500244140625,148.71910095214844,148.7949981689453,148.7949981689453,2375.0
2025-11-11T17:14:00Z,148.8000030517578,148.86000061035156,148.8000030517578,148.85000610351562,148.85000610351562,17286.0
2025-11-11T17:15:00Z,148.85000610351562,148.97000122070312,148.82000732421875,148.9199981689453,148.9199981689453,20648.0
2025-11-11T17:16:00Z,148.97000122070312,148.97000122070312,148.9499969482422,148.9600067138672,148.9600067138672,2914.0
2025-11-11T17:18:00Z,148.9600067138672,148.9600067138672,148.8800048828125,148.9199981689453,148.9199981689453,3286.0
2025-11-11T17:19:00Z,148.9199981689453,148.9199981689453,148.88999938964844,148.88999938964844,148.88999938964844,2083.0
2025-11-11T17:20:00Z,148.92999267578125,148.9499969482422,148.92999267578125,148.9499969482422,148.9499969482422,1031.0
2025-11-11T17:21:00Z,148.9499969482422,148.97000122070312,148.94500732421875,148.97000122070312,148.97000122070312,1810.0
2025-11-11T17:22:00Z,148.99000549316406,149.0749969482422,148.99000549316406,149.05999755859375,149.05999755859375,7150.0
2025-11-11T17:23:00Z,149.07000732421875,149.1199951171875,149.07000732421875,149.1199951171875,149.1199951171875,961.0
2025-11-11T17:24:00Z,149.13999938964844,149.15499877929688,149.07000732421875,149.10000610351562,149.10000610351562,2810.0
2025-11-11T17:25:00Z,149.125,149.125,149.10000610351562,149.10000610351562,149.10000610351562,337.0
2025-11-11T17:26:00Z,149.1300048828125,149.1300048828125,149.02999877929688,149.0399932861328,149.0399932861328,1711.0
2025-11-11T17:27:00Z,148.97219848632812,149.0399932861328,148.97219848632812,149.0399932861328,149.0399932861328,1937.0
2025-11-11T17:29:00Z,149.11000061035156,149.11000061035156,149.08999633789062,149.08999633789062,149.08999633789062,956.0
2025-11-11T17:30:00Z,149.1699981689453,149.19479370117188,149.11000061035156,149.11000061035156,149.11000061035156,538.0
2025-11-11T17:31:00Z,149.13999938964844,149.2100067138672,149.13999938964844,149.13999938964844,149.13999938964844,1382.0
2025-11-11T17:32:00Z,149.2100067138672,149.2100067138672,149.1199951171875,149.1199951171875,149.1199951171875,3477.0
2025-11-11T17:33:00Z,149.1580047607422,149.18499755859375,149.13999938964844,149.18499755859375,149.18499755859375,1802.0
2025-11-11T17:35:00Z,149.1300048828125,149.14889526367188,149.1199951171875,149.14889526367188,149.14889526367188,1292.0
2025-11-11T17:36:00Z,149.10369873046875,149.16000366210938,149.10369873046875,149.16000366210938,149.16000366210938,1281.0
2025-11-11T17:37:00Z,149.16000366210938,149.16000366210938,149.10000610351562,149.10499572753906,149.10499572753906,2096.0
2025-11-11T17:38:00Z,149.1300048828125,149.15499877929688,149.1230010986328,149.15499877929688,149.15499877929688,4832.0
2025-11-11T17:39:00Z,149.1645050048828,149.24630737304688,149.1645050048828,149.19000244140625,149.19000244140625,2581.0
2025-11-11T17:40:00Z,149.25999450683594,149.30499267578125,149.22000122070312,149.22999572753906,149.22999572753906,2009.0
2025-11-11T17:41:00Z,149.30999755859375,149.3300018310547,149.27000427246094,149.3300018310547,149.3300018310547,433.0
2025-11-11T17:42:00Z,149.2899932861328,149.3000030517578,149.2899932861328,149.3000030517578,149.3000030517578,835.0
2025-11-11T17:43:00Z,149.25999450683594,149.3000030517578,149.25999450683594,149.2899932861328,149.2899932861328,1223.0
2025-11-11T17:45:00Z,149.30499267578125,149.32179260253906,149.30499267578125,149.32179260253906,149.32179260253906,1043.0
2025-11-11T17:47:00Z,149.41000366210938,149.41000366210938,149.3699951171875,149.3699951171875,149.3699951171875,1820.0
2025-11-11T17:48:00Z,149.35000610351562,149.35000610351562,149.34500122070312,149.34500122070312,149.34500122070312,1041.0
2025-11-11T17:50:00Z,149.33999633789062,149.33999633789062,149.2100067138672,149.2100067138672,149.2100067138672,3664.0
2025-11-11T17:51:00Z,149.1199951171875,149.16000366210938,149.1199951171875,149.13999938964844,149.13999938964844,1714.0
2025-11-11T17:52:00Z,149.14500427246094,149.14500427246094,149.14500427246094,149.14500427246094,149.14500427246094,574.0
2025-11-11T17:53:00Z,149.14500427246094,149.14500427246094,149.14500427246094,149.14500427246094,149.14500427246094,248.0
2025-11-11T17:54:00Z,149.14500427246094,149.14500427246094,149.14500427246094,149.14500427246094,149.14500427246094,203.0
2025-11-11T17:55:00Z,149.1475067138672,149.1475067138672,149.1475067138672,149.1475067138672,149.1475067138672,255.0
2025-11-11T17:56:00Z,149.1699981689453,149.2449951171875,149.1699981689453,149.2449951171875,149.2449951171875,1325.0
2025-11-11T17:57:00Z,149.2449951171875,149.2449951171875,149.2449951171875,149.2449951171875,149.2449951171875,422.0
2025-11-11T17:58:00Z,149.25,149.25,149.17999267578125,149.17999267578125,149.17999267578125,967.0
2025-11-11T17:59:00Z,149.17999267578125,149.17999267578125,149.17999267578125,149.17999267578125,149.17999267578125,1353.0
2025-11-11T18:00:00Z,149.30999755859375,149.30999755859375,149.30999755859375,149.30999755859375,149.30999755859375,822.0
2025-11-11T18:01:00Z,149.5,149.6999969482422,149.5,149.6999969482422,149.6999969482422,4459.0
2025-11-11T18:02:00Z,149.75,149.75,149.75,149.75,149.75,858.0
2025-11-11T18:04:00Z,149.77000427246094,149.77000427246094,149.77000427246094,149.77000427246094,149.77000427246094,220.0
2025-11-11T18:05:00Z,149.69000244140625,149.69000244140625,149.69000244140625,149.69000244140625,149.69000244140625,532.0
2025-11-11T18:06:00Z,149.65499877929688,149.86000061035156,149.65499877929688,149.86000061035156,149.86000061035156,5167.0
2025-11-11T18:07:00Z,149.86000061035156,149.88499450683594,149.77999877929688,149.77999877929688,149.77999877929688,2302.0
2025-11-11T18:08:00Z,149.83999633789062,149.83999633789062,149.72000122070312,149.7550048828125,149.7550048828125,3705.0
2025-11-11T18:09:00Z,149.72000122070312,149.83999633789062,149.52000427246094,149.55499267578125,149.55499267578125,2525.0
2025-11-11T18:10:00Z,149.5200958251953,149.55499267578125,149.5200958251953,149.55499267578125,149.55499267578125,780.0
2025-11-11T18:11:00Z,149.55999755859375,149.6199951171875,149.5500030517578,149.6199951171875,149.6199951171875,2014.0
2025-11-11T18:12:00Z,149.6199951171875,149.63499450683594,149.6199951171875,149.6199951171875,149.6199951171875,1235.0
2025-11-11T18:13:00Z,149.61749267578125,149.61749267578125,149.61749267578125,149.61749267578125,149.61749267578125,667.0
2025-11-11T18:15:00Z,149.75999450683594,149.77000427246094,149.73500061035156,149.75999450683594,149.75999450683594,1534.0
2025-11-11T18:16:00Z,149.74000549316406,149.74000549316406,149.74000549316406,149.74000549316406,149.74000549316406,459.0
2025-11-11T18:17:00Z,149.77499389648438,149.88999938964844,149.77499389648438,149.77999877929688,149.77999877929688,711.0
2025-11-11T18:18:00Z,149.82000732421875,149.82000732421875,149.82000732421875,149.82000732421875,149.82000732421875,419.0
2025-11-11T18:19:00Z,149.83999633789062,149.83999633789062,149.73500061035156,149.73500061035156,149.73500061035156,2822.0
2025-11-11T18:22:00Z,149.75,149.97630310058594,149.75,149.88999938964844,149.88999938964844,2865.0
2025-11-11T18:23:00Z,149.8350067138672,149.8404998779297,149.74000549316406,149.77000427246094,149.77000427246094,1678.0
2025-11-11T18:24:00Z,149.77000427246094,149.85000610351562,149.74000549316406,149.83999633789062,149.83999633789062,1877.0
2025-11-11T18:25:00Z,149.83999633789062,149.83999633789062,149.83999633789062,149.83999633789062,149.83999633789062,228.0
2025-11-11T18:26:00Z,149.85000610351562,149.85000610351562,149.77999877929688,149.8000030517578,149.8000030517578,1782.0
2025-11-11T18:27:00Z,149.7949981689453,149.7949981689453,149.7949981689453,149.7949981689453,149.7949981689453,226.0
2025-11-11T18:28:00Z,149.8000030517578,149.8000030517578,149.7949981689453,149.79750061035156,149.79750061035156,502.0
2025-11-11T18:29:00Z,149.7949981689453,149.7949981689453,149.7949981689453,149.7949981689453,149.7949981689453,821.0
2025-11-11T18:30:00Z,149.86000061035156,149.89999389648438,149.82000732421875,149.8350067138672,149.8350067138672,24646.0
2025-11-11T18:31:00Z,149.8800048828125,149.8800048828125,149.74000549316406,149.8000030517578,149.8000030517578,1274.0
2025-11-11T18:32:00Z,149.74000549316406,149.74000549316406,149.74000549316406,149.74000549316406,149.74000549316406,1365.0
2025-11-11T18:33:00Z,149.61000061035156,149.61000061035156,149.49000549316406,149.53250122070312,149.53250122070312,3766.0
2025-11-11T18:34:00Z,149.47999572753906,149.47999572753906,149.47500610351562,149.47500610351562,149.47500610351562,394.0
2025-11-11T18:35:00Z,149.49000549316406,149.49000549316406,149.27999877929688,149.3249969482422,149.3249969482422,1835.0
2025-11-11T18:36:00Z,149.3249969482422,149.3800048828125,149.3249969482422,149.35499572753906,149.35499572753906,896.0
2025-11-11T18:37:00Z,149.36000061035156,149.36000061035156,149.36000061035156,149.36000061035156,149.36000061035156,381.0
2025-11-11T18:38:00Z,149.36000061035156,149.36000061035156,149.27000427246094,149.27000427246094,149.27000427246094,2385.0
2025-11-11T18:39:00Z,149.32000732421875,149.36000061035156,149.30999755859375,149.32000732421875,149.32000732421875,1224.0
2025-11-11T18:40:00Z,149.32000732421875,149.39500427246094,149.32000732421875,149.36000061035156,149.36000061035156,1088.0
2025-11-11T18:41:00Z,149.4600067138672,149.6300048828125,149.4499969482422,149.6300048828125,149.6300048828125,2627.0
2025-11-11T18:45:00Z,149.44000244140625,149.44000244140625,149.3699951171875,149.3699951171875,149.3699951171875,1353.0
2025-11-11T18:48:00Z,149.44500732421875,149.44500732421875,149.44500732421875,149.44500732421875,149.44500732421875,14972.0
2025-11-11T18:49:00Z,149.4499969482422,149.4499969482422,149.4499969482422,149.4499969482422,149.4499969482422,462.0
2025-11-11T18:50:00Z,149.48500061035156,149.49000549316406,149.48440551757812,149.49000549316406,149.49000549316406,6195.0
2025-11-11T18:51:00Z,149.55999755859375,149.6300048828125,149.55999755859375,149.6300048828125,149.6300048828125,1468.0
2025-11-11T18:52:00Z,149.6300048828125,149.6300048828125,149.58999633789062,149.6300048828125,149.6300048828125,1046.0
2025-11-11T18:53:00Z,149.5500030517578,149.56500244140625,149.5500030517578,149.56500244140625,149.56500244140625,708.0
2025-11-11T18:54:00Z,149.47000122070312,149.47000122070312,149.22999572753906,149.32000732421875,149.32000732421875,2033.0
2025-11-11T18:55:00Z,149.22999572753906,149.30999755859375,149.2100067138672,149.22000122070312,149.22000122070312,1346.0
2025-11-11T18:56:00Z,149.18499755859375,149.18499755859375,149.18499755859375,149.18499755859375,149.18499755859375,351.0
2025-11-11T18:57:00Z,149.19000244140625,149.27000427246094,149.19000244140625,149.25,149.25,1730.0
2025-11-11T18:58:00Z,149.385498046875,149.385498046875,149.385498046875,149.385498046875,149.385498046875,873.0
2025-11-11T19:00:00Z,149.2949981689453,149.29510498046875,149.2949981689453,149.2949981689453,149.2949981689453,1446.0
2025-11-11T19:02:00Z,149.3000030517578,149.3000030517578,149.3000030517578,149.3000030517578,149.3000030517578,1090.0
2025-11-11T19:05:00Z,149.3300018310547,149.33999633789062,149.2899932861328,149.33999633789062,149.33999633789062,2292.0
2025-11-11T19:06:00Z,149.27999877929688,149.31500244140625,149.27999877929688,149.31500244140625,149.31500244140625,1317.0
2025-11-11T19:07:00Z,149.3249969482422,149.3300018310547,149.3249969482422,149.3300018310547,149.3300018310547,3155.0
2025-11-11T19:08:00Z,149.32850646972656,149.3350067138672,149.32850646972656,149.3350067138672,149.3350067138672,938.0
2025-11-11T19:09:00Z,149.3249969482422,149.3249969482422,149.3249969482422,149.3249969482422,149.3249969482422,752.0
2025-11-11T19:10:00Z,149.39999389648438,149.39999389648438,149.38999938964844,149.38999938964844,149.38999938964844,926.0
2025-11-11T19:11:00Z,149.35499572753906,149.35499572753906,149.3249969482422,149.33250427246094,149.33250427246094,933.0
2025-11-11T19:12:00Z,149.32000732421875,149.32000732421875,149.25999450683594,149.28500366210938,149.28500366210938,1552.0
2025-11-11T19:13:00Z,149.2899932861328,149.2899932861328,149.22999572753906,149.27999877929688,149.27999877929688,2207.0
2025-11-11T19:14:00Z,149.27999877929688,149.27999877929688,149.19000244140625,149.19000244140625,149.19000244140625,1555.0
2025-11-11T19:15:00Z,149.24000549316406,149.25,149.24000549316406,149.25,149.25,1177.0
2025-11-11T19:16:00Z,149.30999755859375,149.32000732421875,149.25,149.25,149.25,632.0
2025-11-11T19:17:00Z,149.27999877929688,149.27999877929688,149.1199951171875,149.17999267578125,149.17999267578125,13603.0
2025-11-11T19:18:00Z,149.1750030517578,149.27999877929688,149.1750030517578,149.27999877929688,149.27999877929688,1768.0
2025-11-11T19:19:00Z,149.28500366210938,149.30999755859375,149.27549743652344,149.30999755859375,149.30999755859375,2517.0
2025-11-11T19:20:00Z,149.33999633789062,149.33999633789062,149.27999877929688,149.27999877929688,149.27999877929688,1176.0
2025-11-11T19:21:00Z,149.2550048828125,149.2550048828125,149.2550048828125,149.2550048828125,149.2550048828125,300.0
2025-11-11T19:22:00Z,149.22999572753906,149.22999572753906,149.22999572753906,149.22999572753906,149.22999572753906,251.0
2025-11-11T19:23:00Z,149.17999267578125,149.17999267578125,149.0850067138672,149.0850067138672,149.0850067138672,1235.0
2025-11-11T19:27:00Z,149.18499755859375,149.18499755859375,149.18499755859375,149.18499755859375,149.18499755859375,934.0
2025-11-11T19:28:00Z,149.2899932861328,149.3699951171875,149.27499389648438,149.3249969482422,149.3249969482422,2184.0
2025-11-11T19:29:00Z,149.39999389648438,149.39999389648438,149.39999389648438,149.39999389648438,149.39999389648438,385.0
2025-11-11T19:30:00Z,149.32179260253906,149.32179260253906,149.32179260253906,149.32179260253906,149.32179260253906,507.0
2025-11-11T19:31:00Z,149.32000732421875,149.32000732421875,149.3000030517578,149.30999755859375,149.30999755859375,3169.0
2025-11-11T19:32:00Z,149.3249969482422,149.3249969482422,149.3249969482422,149.3249969482422,149.3249969482422,1402.0
2025-11-11T19:33:00Z,149.27999877929688,149.31500244140625,149.25,149.25,149.25,1107.0
2025-11-11T19:34:00Z,149.2949981689453,149.41000366210938,149.2949981689453,149.39999389648438,149.39999389648438,29139.0
2025-11-11T19:35:00Z,149.36000061035156,149.3699951171875,149.36000061035156,149.3699951171875,149.3699951171875,622.0
2025-11-11T19:36:00Z,149.4250030517578,149.4250030517578,149.4250030517578,149.4250030517578,149.4250030517578,264.0
2025-11-11T19:38:00Z,149.42999267578125,149.42999267578125,149.4199981689453,149.4199981689453,149.4199981689453,462.0
2025-11-11T19:39:00Z,149.4199981689453,149.4199981689453,149.3800048828125,149.3800048828125,149.3800048828125,776.0
2025-11-11T19:40:00Z,149.4250030517578,149.4250030517578,149.4250030517578,149.4250030517578,149.4250030517578,6173.0
2025-11-11T19:41:00Z,149.3699951171875,149.3699951171875,149.3000030517578,149.33999633789062,149.33999633789062,2713.0
2025-11-11T19:42:00Z,149.35000610351562,149.4250030517578,149.35000610351562,149.42250061035156,149.42250061035156,2605.0
2025-11-11T19:44:00Z,149.49000549316406,149.60000610351562,149.49000549316406,149.60000610351562,149.60000610351562,2669.0
2025-11-11T19:45:00Z,149.5399932861328,149.5749969482422,149.5399932861328,149.55999755859375,149.55999755859375,1600.0
2025-11-11T19:46:00Z,149.5,149.51499938964844,149.47000122070312,149.47000122070312,149.47000122070312,1502.0
2025-11-11T19:47:00Z,149.4149932861328,149.4149932861328,149.4149932861328,149.4149932861328,149.4149932861328,296.0
2025-11-11T19:48:00Z,149.42250061035156,149.49000549316406,149.42250061035156,149.49000549316406,149.49000549316406,514.0
2025-11-11T19:49:00Z,149.4149932861328,149.4149932861328,149.4149932861328,149.4149932861328,149.4149932861328,423.0
2025-11-11T19:50:00Z,149.4149932861328,149.50999450683594,149.4149932861328,149.48500061035156,149.48500061035156,1894.0
2025-11-11T19:51:00Z,149.49000549316406,149.49000549316406,149.49000549316406,149.49000549316406,149.49000549316406,693.0
2025-11-11T19:52:00Z,149.47000122070312,149.50999450683594,149.47000122070312,149.50999450683594,149.50999450683594,481.0
2025-11-11T19:53:00Z,149.51499938964844,149.51499938964844,149.51499938964844,149.51499938964844,149.51499938964844,3772.0
2025-11-11T19:54:00Z,149.50999450683594,149.52000427246094,149.50999450683594,149.52000427246094,149.52000427246094,679.0
2025-11-11T19:55:00Z,149.4824981689453,149.4824981689453,149.45750427246094,149.45750427246094,149.45750427246094,858.0
2025-11-11T19:56:00Z,149.4001007080078,149.4600067138672,149.4001007080078,149.4600067138672,149.4600067138672,1077.0
2025-11-11T19:57:00Z,149.4550018310547,149.4600067138672,149.4550018310547,149.4600067138672,149.4600067138672,950.0
2025-11-11T19:58:00Z,149.4550018310547,149.4550018310547,149.4550018310547,149.4550018310547,149.4550018310547,543.0
2025-11-11T19:59:00Z,149.5,149.5,149.5,149.5,149.5,364.0
2025-11-11T20:00:00Z,149.44500732421875,149.49000549316406,149.44500732421875,149.49000549316406,149.49000549316406,559.0
2025-11-11T20:01:00Z,149.42999267578125,149.5,149.42999267578125,149.49000549316406,149.49000549316406,1586.0
2025-11-11T20:02:00Z,149.52000427246094,149.52000427246094,149.52000427246094,149.52000427246094,149.52000427246094,1155.0
2025-11-11T20:03:00Z,149.50999450683594,149.52000427246094,149.50999450683594,149.52000427246094,149.52000427246094,294.0
2025-11-11T20:04:00Z,149.48699951171875,149.5200958251953,149.4600067138672,149.4600067138672,149.4600067138672,2235.0
2025-11-11T20:05:00Z,149.39999389648438,149.39999389648438,149.38999938964844,149.38999938964844,149.38999938964844,1107.0
2025-11-11T20:07:00Z,149.39999389648438,149.41000366210938,149.25999450683594,149.25999450683594,149.25999450683594,3319.0
2025-11-11T20:08:00Z,149.23500061035156,149.25999450683594,149.2100067138672,149.25999450683594,149.25999450683594,940.0
2025-11-11T20:09:00Z,149.25999450683594,149.27999877929688,149.22000122070312,149.27999877929688,149.27999877929688,1935.0
2025-11-11T20:10:00Z,149.31350708007812,149.31350708007812,149.31350708007812,149.31350708007812,149.31350708007812,499.0
2025-11-11T20:11:00Z,149.35000610351562,149.3800048828125,149.35000610351562,149.35000610351562,149.35000610351562,1304.0
2025-11-11T20:12:00Z,149.38999938964844,149.38999938964844,149.38499450683594,149.38499450683594,149.38499450683594,575.0
2025-11-11T20:13:00Z,149.41000366210938,149.45989990234375,149.41000366210938,149.45989990234375,149.45989990234375,1131.0
2025-11-11T20:14:00Z,149.4416046142578,149.4416046142578,149.38999938964844,149.38999938964844,149.38999938964844,725.0
2025-11-11T20:15:00Z,149.3300018310547,149.35000610351562,149.3300018310547,149.35000610351562,149.35000610351562,466.0
2025-11-11T20:16:00Z,149.3800048828125,149.3800048828125,149.3800048828125,149.3800048828125,149.3800048828125,662.0
2025-11-11T20:17:00Z,149.35000610351562,149.38499450683594,149.35000610351562,149.3699951171875,149.3699951171875,1798.0
2025-11-11T20:18:00Z,149.3800048828125,149.42999267578125,149.3699951171875,149.41000366210938,149.41000366210938,1831.0
2025-11-11T20:19:00Z,149.41000366210938,149.44000244140625,149.41000366210938,149.44000244140625,149.44000244140625,720.0
2025-11-11T20:20:00Z,149.39999389648438,149.40499877929688,149.24000549316406,149.30499267578125,149.30499267578125,6936.0
2025-11-11T20:21:00Z,149.30499267578125,149.52000427246094,149.2899932861328,149.52000427246094,149.52000427246094,3845.0
2025-11-11T20:22:00Z,149.60000610351562,149.74000549316406,149.58999633789062,149.74000549316406,149.74000549316406,2707.0
2025-11-11T20:23:00Z,149.66000366210938,149.8000030517578,149.66000366210938,149.8000030517578,149.8000030517578,2440.0
2025-11-11T20:24:00Z,149.7725067138672,149.8300018310547,149.76499938964844,149.8300018310547,149.8300018310547,3737.0
2025-11-11T20:25:00Z,149.80999755859375,149.85000610351562,149.76499938964844,149.8300018310547,149.8300018310547,5134.0
2025-11-11T20:26:00Z,149.8300018310547,149.86000061035156,149.8300018310547,149.83999633789062,149.83999633789062,1715.0
2025-11-11T20:27:00Z,149.80499267578125,149.8800048828125,149.77999877929688,149.8800048828125,149.8800048828125,3394.0
2025-11-11T20:28:00Z,149.88999938964844,149.88999938964844,149.82000732421875,149.8249969482422,149.8249969482422,1538.0
2025-11-11T20:29:00Z,149.8699951171875,149.8699951171875,149.72999572753906,149.8300018310547,149.8300018310547,8319.0
2025-11-11T20:30:00Z,149.8300018310547,149.8300018310547,149.6699981689453,149.67999267578125,149.67999267578125,3812.0
2025-11-11T20:31:00Z,149.63999938964844,149.63999938964844,149.5,149.55999755859375,149.55999755859375,4230.0
2025-11-11T20:32:00Z,149.5850067138672,149.5850067138672,149.5399932861328,149.5625,149.5625,1613.0
2025-11-11T20:33:00Z,149.6199951171875,149.67999267578125,149.6199951171875,149.66000366210938,149.66000366210938,2943.0
2025-11-11T20:34:00Z,149.66000366210938,149.66000366210938,149.6199951171875,149.62010192871094,149.62010192871094,5358.0
2025-11-11T20:35:00Z,149.60499572753906,149.63999938964844,149.60499572753906,149.63999938964844,149.63999938964844,1063.0
2025-11-11T20:36:00Z,149.64999389648438,149.6699981689453,149.5800018310547,149.61500549316406,149.61500549316406,8722.0
2025-11-11T20:37:00Z,149.61500549316406,149.64999389648438,149.61500549316406,149.64999389648438,149.64999389648438,919.0
2025-11-11T20:38:00Z,149.67999267578125,149.72999572753906,149.66000366210938,149.6750030517578,149.6750030517578,4991.0
2025-11-11T20:39:00Z,149.6750030517578,149.6750030517578,149.60000610351562,149.64500427246094,149.64500427246094,5486.0
2025-11-11T20:40:00Z,149.64500427246094,149.6999969482422,149.63999938964844,149.63999938964844,149.63999938964844,1869.0
2025-11-11T20:41:00Z,149.6999969482422,149.74000549316406,149.63999938964844,149.74000549316406,149.74000549316406,4289.0
2025-11-11T20:42:00Z,149.70249938964844,149.75,149.69500732421875,149.75,149.75,3751.0
2025-11-11T20:43:00Z,149.75,149.8300018310547,149.74000549316406,149.8300018310547,149.8300018310547,4630.0
2025-11-11T20:44:00Z,149.8000030517578,149.8300018310547,149.67999267578125,149.72250366210938,149.72250366210938,8556.0
2025-11-11T20:45:00Z,149.66000366210938,149.7050018310547,149.66000366210938,149.69749450683594,149.69749450683594,4904.0
2025-11-11T20:46:00Z,149.69500732421875,149.81500244140625,149.69000244140625,149.80250549316406,149.80250549316406,5597.0
2025-11-11T20:47:00Z,149.7949981689453,149.7949981689453,149.67999267578125,149.72999572753906,149.72999572753906,7727.0
2025-11-11T20:48:00Z,149.72999572753906,149.72999572753906,149.6199951171875,149.63999938964844,149.63999938964844,6321.0
2025-11-11T20:49:00Z,149.61000061035156,149.6824951171875,149.61000061035156,149.67999267578125,149.67999267578125,8614.0
2025-11-11T20:50:00Z,149.63999938964844,149.6699981689453,149.5399932861328,149.6125030517578,149.6125030517578,10668.0
2025-11-11T20:51:00Z,149.6074981689453,149.64999389648438,149.57000732421875,149.61500549316406,149.61500549316406,7777.0
2025-11-11T20:52:00Z,149.57000732421875,149.6699981689453,149.55999755859375,149.58999633789062,149.58999633789062,13034.0
2025-11-11T20:53:00Z,149.55999755859375,149.66000366210938,149.5500030517578,149.64500427246094,149.64500427246094,14694.0
2025-11-11T20:54:00Z,149.6199951171875,149.65499877929688,149.58999633789062,149.60000610351562,149.60000610351562,15429.0
2025-11-11T20:55:00Z,149.59500122070312,149.72999572753906,149.4499969482422,149.72000122070312,149.72000122070312,17712.0
2025-11-11T20:56:00Z,149.72999572753906,149.77999877929688,149.63999938964844,149.69000244140625,149.69000244140625,30426.0
2025-11-11T20:57:00Z,149.67999267578125,149.67999267578125,149.52000427246094,149.57000732421875,149.57000732421875,26197.0
2025-11-11T20:58:00Z,149.55999755859375,149.6199951171875,149.34500122070312,149.3699951171875,149.3699951171875,37598.0
2025-11-11T20:59:00Z,149.3800048828125,149.5,149.35000610351562,149.4199981689453,149.4199981689453,57415.0
2025-11-12T14:30:00Z,149.91000366210938,149.91000366210938,148.77999877929688,149.13999938964844,149.13999938964844,22200.0
2025-11-12T14:31:00Z,149.41310119628906,149.5,149.41310119628906,149.47000122070312,149.47000122070312,1835.0
2025-11-12T14:32:00Z,149.72000122070312,150.4698028564453,149.64500427246094,150.02999877929688,150.02999877929688,61164.0
2025-11-12T14:33:00Z,150.41000366210938,150.41000366210938,150.41000366210938,150.41000366210938,150.41000366210938,685.0
2025-11-12T14:34:00Z,150.15499877929688,150.15499877929688,149.7899932861328,149.82000732421875,149.82000732421875,3260.0
2025-11-12T14:35:00Z,150.10000610351562,150.10000610351562,149.75999450683594,149.75999450683594,149.75999450683594,1197.0
2025-11-12T14:36:00Z,149.92999267578125,149.92999267578125,149.92999267578125,149.92999267578125,149.92999267578125,741.0
2025-11-12T14:37:00Z,149.875,150.0800018310547,149.875,150.0800018310547,150.0800018310547,978.0
2025-11-12T14:38:00Z,150.14999389648438,150.5,150.14999389648438,150.3249969482422,150.3249969482422,2878.0
2025-11-12T14:39:00Z,150.32000732421875,150.3300018310547,150.25999450683594,150.3300018310547,150.3300018310547,3896.0
2025-11-12T14:40:00Z,150.2519073486328,150.91990661621094,150.1699981689453,150.58999633789062,150.58999633789062,8525.0
2025-11-12T14:41:00Z,150.52499389648438,150.8300018310547,150.35000610351562,150.8300018310547,150.8300018310547,3373.0
2025-11-12T14:42:00Z,150.7100067138672,151.07000732421875,150.7100067138672,151.0500030517578,151.0500030517578,7373.0
2025-11-12T14:43:00Z,151.13499450683594,151.14500427246094,151.0,151.14500427246094,151.14500427246094,4503.0
2025-11-12T14:44:00Z,150.94000244140625,151.07000732421875,150.86000061035156,151.07000732421875,151.07000732421875,5987.0
2025-11-12T14:45:00Z,150.86000061035156,150.86000061035156,150.68499755859375,150.71499633789062,150.71499633789062,7951.0
2025-11-12T14:46:00Z,150.8300018310547,150.86500549316406,150.8000030517578,150.86000061035156,150.86000061035156,3728.0
2025-11-12T14:47:00Z,150.8800048828125,151.1750030517578,150.86000061035156,151.10000610351562,151.10000610351562,13895.0
2025-11-12T14:48:00Z,150.97000122070312,151.10000610351562,150.77499389648438,150.94500732421875,150.94500732421875,19820.0
2025-11-12T14:49:00Z,150.94500732421875,151.02999877929688,150.7449951171875,150.8300018310547,150.8300018310547,23312.0
2025-11-12T14:50:00Z,150.83999633789062,150.91000366210938,150.78500366210938,150.88499450683594,150.88499450683594,5261.0
2025-11-12T14:51:00Z,150.88999938964844,150.88999938964844,150.7899932861328,150.8000030517578,150.8000030517578,5453.0
2025-11-12T14:52:00Z,150.74000549316406,150.7949981689453,150.72999572753906,150.77999877929688,150.77999877929688,3623.0
2025-11-12T14:53:00Z,150.77999877929688,150.77999877929688,150.58999633789062,150.58999633789062,150.58999633789062,17691.0
2025-11-12T14:54:00Z,150.58999633789062,150.60000610351562,150.58999633789062,150.58999633789062,150.58999633789062,3016.0
2025-11-12T14:55:00Z,150.58999633789062,150.75,150.58999633789062,150.72000122070312,150.72000122070312,6112.0
2025-11-12T14:56:00Z,150.72999572753906,150.9600067138672,150.72999572753906,150.9600067138672,150.9600067138672,5096.0
2025-11-12T14:57:00Z,150.88999938964844,150.94000244140625,150.77000427246094,150.82000732421875,150.82000732421875,14132.0
2025-11-12T14:58:00Z,150.8300018310547,150.9199981689453,150.8000030517578,150.9199981689453,150.9199981689453,2530.0
2025-11-12T14:59:00Z,150.97999572753906,151.0399932861328,150.97000122070312,151.0399932861328,151.0399932861328,1300.0
2025-11-12T15:00:00Z,150.88999938964844,150.92999267578125,150.8699951171875,150.8699951171875,150.8699951171875,2121.0
2025-11-12T15:01:00Z,150.86000061035156,150.9499969482422,150.8553009033203,150.9149932861328,150.9149932861328,1912.0
2025-11-12T15:02:00Z,151.05999755859375,151.08999633789062,150.97500610351562,150.97500610351562,150.97500610351562,4064.0
2025-11-12T15:03:00Z,150.97500610351562,151.07000732421875,150.97500610351562,151.07000732421875,151.07000732421875,1321.0
2025-11-12T15:04:00Z,150.92999267578125,150.96499633789062,150.8000030517578,150.8000030517578,150.8000030517578,10920.0
2025-11-12T15:05:00Z,150.81500244140625,150.9199981689453,150.7100067138672,150.89500427246094,150.89500427246094,13056.0
2025-11-12T15:06:00Z,150.89109802246094,150.92999267578125,150.77999877929688,150.83999633789062,150.83999633789062,10411.0
2025-11-12T15:07:00Z,150.78500366210938,150.78500366210938,150.64999389648438,150.65499877929688,150.65499877929688,4596.0
2025-11-12T15:08:00Z,150.65499877929688,150.80999755859375,150.5850067138672,150.64999389648438,150.64999389648438,11416.0
2025-11-12T15:09:00Z,150.75,150.8800048828125,150.52999877929688,150.85000610351562,150.85000610351562,11384.0
2025-11-12T15:10:00Z,150.71499633789062,150.81500244140625,150.71499633789062,150.81500244140625,150.81500244140625,984.0
2025-11-12T15:11:00Z,150.81500244140625,150.91000366210938,150.81500244140625,150.86000061035156,150.86000061035156,3974.0
2025-11-12T15:12:00Z,151.0399932861328,151.11000061035156,151.0050048828125,151.11000061035156,151.11000061035156,2202.0
2025-11-12T15:13:00Z,151.0800018310547,151.14999389648438,150.72000122070312,150.72000122070312,150.72000122070312,7469.0
2025-11-12T15:14:00Z,150.80999755859375,151.0,150.77999877929688,151.0,151.0,9975.0
2025-11-12T15:15:00Z,151.0,151.05999755859375,150.91000366210938,151.05999755859375,151.05999755859375,1332.0
2025-11-12T15:16:00Z,150.98500061035156,151.0,150.8000030517578,150.8000030517578,150.8000030517578,7264.0
2025-11-12T15:17:00Z,150.8000030517578,150.8300018310547,150.74000549316406,150.8000030517578,150.8000030517578,4442.0
2025-11-12T15:18:00Z,150.8000030517578,150.98500061035156,150.8000030517578,150.98500061035156,150.98500061035156,2600.0
2025-11-12T15:19:00Z,151.11000061035156,151.1199951171875,150.9199981689453,151.0800018310547,151.0800018310547,1474.0
2025-11-12T15:20:00Z,151.07000732421875,151.1999969482422,151.05999755859375,151.1999969482422,151.1999969482422,1140.0
2025-11-12T15:21:00Z,150.9199981689453,150.9199981689453,150.9199981689453,150.9199981689453,150.9199981689453,613.0
2025-11-12T15:22:00Z,150.9600067138672,150.9600067138672,150.8800048828125,150.88999938964844,150.88999938964844,976.0
2025-11-12T15:23:00Z,150.88999938964844,150.99000549316406,150.88999938964844,150.99000549316406,150.99000549316406,1340.0
2025-11-12T15:24:00Z,150.94000244140625,150.94000244140625,150.6750030517578,150.6750030517578,150.6750030517578,7474.0
2025-11-12T15:25:00Z,150.77999877929688,150.77999877929688,150.77999877929688,150.77999877929688,150.77999877929688,1049.0
2025-11-12T15:26:00Z,150.68499755859375,150.82000732421875,150.53500366210938,150.8000030517578,150.8000030517578,7919.0
2025-11-12T15:27:00Z,150.8300018310547,151.0,150.77499389648438,150.97000122070312,150.97000122070312,6683.0
2025-11-12T15:28:00Z,150.9600067138672,151.08999633789062,150.9600067138672,151.08999633789062,151.08999633789062,1686.0
2025-11-12T15:29:00Z,151.00999450683594,151.1199951171875,150.9635009765625,151.1199951171875,151.1199951171875,975.0
2025-11-12T15:30:00Z,151.00999450683594,151.02999877929688,150.8800048828125,151.02999877929688,151.02999877929688,2460.0
2025-11-12T15:31:00Z,151.10000610351562,151.10000610351562,150.91000366210938,150.91000366210938,150.91000366210938,2630.0
2025-11-12T15:32:00Z,151.0,151.16000366210938,150.97000122070312,151.16000366210938,151.16000366210938,3770.0
2025-11-12T15:34:00Z,151.0850067138672,151.0850067138672,151.0800018310547,151.0800018310547,151.0800018310547,1232.0
2025-11-12T15:35:00Z,151.22000122070312,151.22000122070312,151.07130432128906,151.07130432128906,151.07130432128906,1756.0
2025-11-12T15:36:00Z,151.0399932861328,151.0399932861328,150.9499969482422,150.9499969482422,150.9499969482422,2412.0
2025-11-12T15:37:00Z,150.97999572753906,150.97999572753906,150.94500732421875,150.9499969482422,150.9499969482422,1076.0
2025-11-12T15:38:00Z,151.02000427246094,151.02000427246094,151.01499938964844,151.01499938964844,151.01499938964844,906.0
2025-11-12T15:39:00Z,151.08999633789062,151.10000610351562,151.05999755859375,151.05999755859375,151.05999755859375,2486.0
2025-11-12T15:40:00Z,151.0500030517578,151.1699981689453,151.0500030517578,151.1699981689453,151.1699981689453,2432.0
2025-11-12T15:41:00Z,151.19000244140625,151.19000244140625,151.19000244140625,151.19000244140625,151.19000244140625,286.0
2025-11-12T15:42:00Z,151.1300048828125,151.47000122070312,151.1300048828125,151.33999633789062,151.33999633789062,9964.0
2025-11-12T15:43:00Z,151.36000061035156,151.41000366210938,151.22000122070312,151.22000122070312,151.22000122070312,11678.0
2025-11-12T15:44:00Z,151.07000732421875,151.0800018310547,151.02999877929688,151.0590057373047,151.0590057373047,2521.0
2025-11-12T15:45:00Z,151.0,151.0399932861328,150.8800048828125,151.0399932861328,151.0399932861328,9318.0
2025-11-12T15:46:00Z,151.02499389648438,151.02499389648438,151.02499389648438,151.02499389648438,151.02499389648438,451.0
2025-11-12T15:47:00Z,150.89999389648438,150.89999389648438,150.89999389648438,150.89999389648438,150.89999389648438,355.0
2025-11-12T15:48:00Z,150.89999389648438,151.10000610351562,150.88999938964844,150.89999389648438,150.89999389648438,5704.0
2025-11-12T15:49:00Z,151.02000427246094,151.1699981689453,151.02000427246094,151.1699981689453,151.1699981689453,2940.0
2025-11-12T15:50:00Z,151.17999267578125,151.27999877929688,151.09500122070312,151.27999877929688,151.27999877929688,2454.0
2025-11-12T15:51:00Z,151.4698944091797,151.4698944091797,151.3800048828125,151.3800048828125,151.3800048828125,1083.0
2025-11-12T15:52:00Z,151.3800048828125,151.3800048828125,151.2899932861328,151.36000061035156,151.36000061035156,1854.0
2025-11-12T15:53:00Z,151.3300018310547,151.3800048828125,151.3300018310547,151.3699951171875,151.3699951171875,1198.0
2025-11-12T15:54:00Z,151.27999877929688,151.27999877929688,151.22000122070312,151.22999572753906,151.22999572753906,2443.0
2025-11-12T15:55:00Z,151.22999572753906,151.22999572753906,151.22999572753906,151.22999572753906,151.22999572753906,621.0
2025-11-12T15:56:00Z,151.13999938964844,151.13999938964844,151.13999938964844,151.13999938964844,151.13999938964844,1330.0
2025-11-12T15:57:00Z,151.22000122070312,151.3800048828125,151.22000122070312,151.27999877929688,151.27999877929688,2656.0
2025-11-12T15:58:00Z,151.27000427246094,151.30999755859375,151.2100067138672,151.27000427246094,151.27000427246094,3762.0
2025-11-12T15:59:00Z,151.2449951171875,151.2899932861328,151.2449951171875,151.2899932861328,151.2899932861328,1152.0
2025-11-12T16:00:00Z,151.27499389648438,151.27499389648438,151.1999969482422,151.1999969482422,151.1999969482422,2730.0
2025-11-12T16:01:00Z,151.23500061035156,151.4199981689453,151.22999572753906,151.36500549316406,151.36500549316406,2894.0
2025-11-12T16:02:00Z,151.36000061035156,151.36000061035156,151.24000549316406,151.24000549316406,151.24000549316406,2777.0
2025-11-12T16:03:00Z,151.24000549316406,151.27999877929688,151.24000549316406,151.2550048828125,151.2550048828125,3751.0
2025-11-12T16:04:00Z,151.3300018310547,151.42999267578125,151.3300018310547,151.35000610351562,151.35000610351562,2368.0
2025-11-12T16:05:00Z,151.3300018310547,151.5,151.3300018310547,151.41000366210938,151.41000366210938,4485.0
2025-11-12T16:06:00Z,151.49000549316406,151.57000732421875,151.41000366210938,151.41000366210938,151.41000366210938,13767.0
2025-11-12T16:07:00Z,151.3300018310547,151.33999633789062,151.0399932861328,151.2100067138672,151.2100067138672,11860.0
2025-11-12T16:08:00Z,151.1649932861328,151.1649932861328,151.1649932861328,151.1649932861328,151.1649932861328,772.0
2025-11-12T16:09:00Z,151.22000122070312,151.22000122070312,151.1199951171875,151.13360595703125,151.13360595703125,2174.0
2025-11-12T16:11:00Z,151.08999633789062,151.2299041748047,151.08999633789062,151.2299041748047,151.2299041748047,1676.0
2025-11-12T16:12:00Z,151.2100067138672,151.25,151.1699981689453,151.22999572753906,151.22999572753906,4223.0
2025-11-12T16:13:00Z,151.17999267578125,151.27999877929688,151.1699981689453,151.2100067138672,151.2100067138672,4601.0
2025-11-12T16:15:00Z,151.32000732421875,151.44000244140625,151.32000732421875,151.44000244140625,151.44000244140625,1286.0
2025-11-12T16:16:00Z,151.4499969482422,151.49000549316406,151.41000366210938,151.41000366210938,151.41000366210938,2736.0
2025-11-12T16:17:00Z,151.39999389648438,151.39999389648438,151.39999389648438,151.39999389648438,151.39999389648438,379.0
2025-11-12T16:18:00Z,151.41000366210938,151.41700744628906,151.41000366210938,151.41000366210938,151.41000366210938,1139.0
2025-11-12T16:19:00Z,151.44000244140625,151.44000244140625,151.4199981689453,151.4199981689453,151.4199981689453,900.0
2025-11-12T16:20:00Z,151.47000122070312,151.47000122070312,151.47000122070312,151.47000122070312,151.47000122070312,1640.0
2025-11-12T16:21:00Z,151.4499969482422,151.4499969482422,151.4499969482422,151.4499969482422,151.4499969482422,167.0
2025-11-12T16:22:00Z,151.4550018310547,151.4550018310547,151.4550018310547,151.4550018310547,151.4550018310547,814.0
2025-11-12T16:23:00Z,151.49000549316406,151.5,151.49000549316406,151.5,151.5,1139.0
2025-11-12T16:24:00Z,151.5399932861328,151.5399932861328,151.44000244140625,151.44000244140625,151.44000244140625,4698.0
2025-11-12T16:25:00Z,151.44000244140625,151.5399932861328,151.44000244140625,151.5,151.5,4628.0
2025-11-12T16:26:00Z,151.57000732421875,151.57000732421875,151.57000732421875,151.57000732421875,151.57000732421875,558.0
2025-11-12T16:27:00Z,151.5749969482422,151.5749969482422,151.5749969482422,151.5749969482422,151.5749969482422,458.0
2025-11-12T16:28:00Z,151.5,151.5,151.5,151.5,151.5,228.0
2025-11-12T16:29:00Z,151.42999267578125,151.44000244140625,151.16000366210938,151.16000366210938,151.16000366210938,3767.0
2025-11-12T16:30:00Z,151.16000366210938,151.24000549316406,151.16000366210938,151.24000549316406,151.24000549316406,1727.0
2025-11-12T16:31:00Z,151.30999755859375,151.39999389648438,151.27499389648438,151.39999389648438,151.39999389648438,2075.0
2025-11-12T16:32:00Z,151.36000061035156,151.36000061035156,151.36000061035156,151.36000061035156,151.36000061035156,1261.0
2025-11-12T16:33:00Z,151.41000366210938,151.41000366210938,151.41000366210938,151.41000366210938,151.41000366210938,598.0
2025-11-12T16:34:00Z,151.39999389648438,151.39999389648438,151.39999389648438,151.39999389648438,151.39999389648438,1903.0
2025-11-12T16:35:00Z,151.4499969482422,151.4600067138672,151.4499969482422,151.4600067138672,151.4600067138672,1176.0
2025-11-12T16:36:00Z,151.3101043701172,151.3101043701172,151.3101043701172,151.3101043701172,151.3101043701172,179.0
2025-11-12T16:37:00Z,151.52999877929688,151.6649932861328,151.52999877929688,151.6649932861328,151.6649932861328,1894.0
2025-11-12T16:38:00Z,151.69000244140625,151.7218017578125,151.6374969482422,151.72000122070312,151.72000122070312,1723.0
2025-11-12T16:42:00Z,151.72000122070312,151.75999450683594,151.6699981689453,151.75,151.75,1706.0
2025-11-12T16:43:00Z,151.7100067138672,151.7100067138672,151.69000244140625,151.7100067138672,151.7100067138672,2164.0
2025-11-12T16:44:00Z,151.69000244140625,151.69000244140625,151.6300048828125,151.6300048828125,151.6300048828125,2257.0
2025-11-12T16:45:00Z,151.63999938964844,151.63999938964844,151.63999938964844,151.63999938964844,151.63999938964844,371.0
2025-11-12T16:46:00Z,151.55999755859375,151.67999267578125,151.55999755859375,151.67999267578125,151.67999267578125,2279.0
2025-11-12T16:47:00Z,151.64999389648438,151.7100067138672,151.63999938964844,151.6699981689453,151.6699981689453,3687.0
2025-11-12T16:48:00Z,151.6699981689453,151.6699981689453,151.6699981689453,151.6699981689453,151.6699981689453,1112.0
2025-11-12T16:49:00Z,151.6699981689453,151.6699981689453,151.6699981689453,151.6699981689453,151.6699981689453,848.0
2025-11-12T16:50:00Z,151.75,151.75,151.75,151.75,151.75,1356.0
2025-11-12T16:51:00Z,151.69500732421875,151.77999877929688,151.69500732421875,151.72999572753906,151.72999572753906,1485.0
2025-11-12T16:52:00Z,151.80999755859375,151.80999755859375,151.80999755859375,151.80999755859375,151.80999755859375,210.0
2025-11-12T16:53:00Z,151.72999572753906,151.77499389648438,151.7100067138672,151.7100067138672,151.7100067138672,1964.0
2025-11-12T16:54:00Z,151.7100067138672,151.7100067138672,151.7100067138672,151.7100067138672,151.7100067138672,901.0
2025-11-12T16:55:00Z,151.64999389648438,151.7050018310547,151.61099243164062,151.61099243164062,151.61099243164062,2885.0
2025-11-12T16:56:00Z,151.61000061035156,151.63999938964844,151.61000061035156,151.63999938964844,151.63999938964844,740.0
2025-11-12T16:57:00Z,151.63499450683594,151.73500061035156,151.63499450683594,151.73500061035156,151.73500061035156,2510.0
2025-11-12T16:58:00Z,151.61000061035156,151.61000061035156,151.55999755859375,151.55999755859375,151.55999755859375,3170.0
2025-11-12T16:59:00Z,151.61000061035156,151.61000061035156,151.61000061035156,151.61000061035156,151.61000061035156,215.0
2025-11-12T17:00:00Z,151.61000061035156,151.61000061035156,151.61000061035156,151.61000061035156,151.61000061035156,737.0
2025-11-12T17:01:00Z,151.6699981689453,151.6699981689453,151.61000061035156,151.61500549316406,151.61500549316406,941.0
2025-11-12T17:02:00Z,151.66000366210938,151.6999969482422,151.625,151.6750030517578,151.6750030517578,2492.0
2025-11-12T17:03:00Z,151.64999389648438,151.64999389648438,151.50999450683594,151.50999450683594,151.50999450683594,4379.0
2025-11-12T17:04:00Z,151.47999572753906,151.47999572753906,151.42999267578125,151.47459411621094,151.47459411621094,954.0
2025-11-12T17:05:00Z,151.57000732421875,151.66000366210938,151.57000732421875,151.65499877929688,151.65499877929688,1600.0
2025-11-12T17:06:00Z,151.64999389648438,151.64999389648438,151.64999389648438,151.64999389648438,151.64999389648438,290.0
2025-11-12T17:07:00Z,151.625,151.6300048828125,151.5800018310547,151.6300048828125,151.6300048828125,3205.0
2025-11-12T17:08:00Z,151.6300048828125,151.66000366210938,151.61500549316406,151.66000366210938,151.66000366210938,1099.0
2025-11-12T17:09:00Z,151.7100067138672,151.74000549316406,151.7100067138672,151.74000549316406,151.74000549316406,1551.0
2025-11-12T17:10:00Z,151.67999267578125,151.67999267578125,151.67999267578125,151.67999267578125,151.67999267578125,369.0
2025-11-12T17:11:00Z,151.64999389648438,151.72999572753906,151.60499572753906,151.65499877929688,151.65499877929688,15210.0
2025-11-12T17:12:00Z,151.65499877929688,151.72999572753906,151.65499877929688,151.72999572753906,151.72999572753906,2673.0
2025-11-12T17:13:00Z,151.64999389648438,151.64999389648438,151.64999389648438,151.64999389648438,151.64999389648438,161.0
2025-11-12T17:14:00Z,151.5886993408203,151.72999572753906,151.5886993408203,151.72000122070312,151.72000122070312,1340.0
2025-11-12T17:15:00Z,151.74000549316406,152.1300048828125,151.74000549316406,152.1199951171875,152.1199951171875,52050.0
2025-11-12T17:16:00Z,152.0050048828125,152.08999633789062,151.99000549316406,152.0399932861328,152.0399932861328,2157.0
2025-11-12T17:17:00Z,152.03500366210938,152.03500366210938,151.83999633789062,151.8699951171875,151.8699951171875,11191.0
2025-11-12T17:18:00Z,151.89999389648438,151.97000122070312,151.89999389648438,151.9250030517578,151.9250030517578,7281.0
2025-11-12T17:19:00Z,151.9250030517578,152.0,151.83999633789062,151.9149932861328,151.9149932861328,6863.0
2025-11-12T17:20:00Z,151.91000366210938,151.91000366210938,151.90499877929688,151.90499877929688,151.90499877929688,996.0
2025-11-12T17:21:00Z,151.90499877929688,152.25999450683594,151.90499877929688,152.0749969482422,152.0749969482422,3183.0
2025-11-12T17:22:00Z,152.07000732421875,152.15499877929688,151.92999267578125,151.92999267578125,151.92999267578125,3623.0
2025-11-12T17:23:00Z,151.83999633789062,152.07000732421875,151.83999633789062,152.07000732421875,152.07000732421875,2080.0
2025-11-12T17:24:00Z,151.8300018310547,152.05999755859375,151.8300018310547,151.8300018310547,151.8300018310547,1639.0
2025-11-12T17:25:00Z,152.0399932861328,152.0399932861328,151.9145050048828,151.9145050048828,151.9145050048828,1168.0
2025-11-12T17:26:00Z,151.89500427246094,151.89500427246094,151.89500427246094,151.89500427246094,151.89500427246094,904.0
2025-11-12T17:27:00Z,151.9499969482422,151.97250366210938,151.94000244140625,151.97250366210938,151.97250366210938,1406.0
2025-11-12T17:28:00Z,151.97500610351562,152.00999450683594,151.97500610351562,152.00999450683594,152.00999450683594,1101.0
2025-11-12T17:29:00Z,151.9499969482422,151.9949951171875,151.9199981689453,151.9199981689453,151.9199981689453,1283.0
2025-11-12T17:30:00Z,151.83999633789062,151.9199981689453,151.80499267578125,151.80999755859375,151.80999755859375,3027.0
2025-11-12T17:31:00Z,151.77999877929688,151.77999877929688,151.77999877929688,151.77999877929688,151.77999877929688,250.0
2025-11-12T17:32:00Z,151.75,151.8000030517578,151.72000122070312,151.75,151.75,3022.0
2025-11-12T17:35:00Z,151.83999633789062,151.88999938964844,151.83999633789062,151.88999938964844,151.88999938964844,1748.0
2025-11-12T17:36:00Z,151.86000061035156,151.89999389648438,151.7100067138672,151.75,151.75,15780.0
2025-11-12T17:37:00Z,151.80999755859375,151.80999755859375,151.75999450683594,151.76730346679688,151.76730346679688,2032.0
2025-11-12T17:38:00Z,151.8300018310547,151.8300018310547,151.77000427246094,151.8300018310547,151.8300018310547,8081.0
2025-11-12T17:39:00Z,151.82000732421875,151.8300018310547,151.7899932861328,151.7899932861328,151.7899932861328,2871.0
2025-11-12T17:40:00Z,151.8300018310547,152.00999450683594,151.77000427246094,152.00999450683594,152.00999450683594,26694.0
2025-11-12T17:42:00Z,152.0399932861328,152.0399932861328,152.0399932861328,152.0399932861328,152.0399932861328,745.0
2025-11-12T17:43:00Z,152.01499938964844,152.02499389648438,151.98500061035156,152.0050048828125,152.0050048828125,2147.0
2025-11-12T17:44:00Z,152.0,152.00999450683594,152.0,152.00999450683594,152.00999450683594,249.0
2025-11-12T17:45:00Z,152.0050048828125,152.0050048828125,152.0050048828125,152.0050048828125,152.0050048828125,530.0
2025-11-12T17:46:00Z,152.00999450683594,152.00999450683594,152.0,152.0,152.0,3014.0
2025-11-12T17:48:00Z,152.02499389648438,152.02499389648438,151.9499969482422,152.02000427246094,152.02000427246094,3578.0
2025-11-12T17:49:00Z,152.00999450683594,152.00999450683594,151.85000610351562,151.85499572753906,151.85499572753906,3482.0
2025-11-12T17:50:00Z,151.85499572753906,151.9600067138672,151.8300018310547,151.9600067138672,151.9600067138672,4499.0
2025-11-12T17:51:00Z,151.9600067138672,151.97000122070312,151.9600067138672,151.97000122070312,151.97000122070312,1581.0
2025-11-12T17:52:00Z,151.91000366210938,151.91000366210938,151.91000366210938,151.91000366210938,151.91000366210938,232.0
2025-11-12T17:53:00Z,151.9499969482422,151.99000549316406,151.9080047607422,151.9080047607422,151.9080047607422,3547.0
2025-11-12T17:54:00Z,151.97999572753906,151.97999572753906,151.93499755859375,151.93499755859375,151.93499755859375,765.0
2025-11-12T17:55:00Z,151.97999572753906,152.19000244140625,151.97999572753906,152.19000244140625,152.19000244140625,3463.0
2025-11-12T17:57:00Z,152.19000244140625,152.19000244140625,152.19000244140625,152.19000244140625,152.19000244140625,275.0
2025-11-12T17:58:00Z,152.1199951171875,152.1999969482422,152.1199951171875,152.1999969482422,152.1999969482422,1622.0
2025-11-12T18:00:00Z,152.14999389648438,152.14999389648438,152.14999389648438,152.14999389648438,152.14999389648438,273.0
2025-11-12T18:01:00Z,152.19000244140625,152.22999572753906,152.16000366210938,152.22999572753906,152.22999572753906,1641.0
2025-11-12T18:02:00Z,152.22999572753906,152.27000427246094,152.14999389648438,152.24000549316406,152.24000549316406,6164.0
2025-11-12T18:05:00Z,152.24000549316406,152.24000549316406,152.1999969482422,152.2100067138672,152.2100067138672,2201.0
2025-11-12T18:06:00Z,152.19000244140625,152.19000244140625,152.19000244140625,152.19000244140625,152.19000244140625,380.0
2025-11-12T18:07:00Z,152.2100067138672,152.2100067138672,152.00999450683594,152.02000427246094,152.02000427246094,7103.0
2025-11-12T18:08:00Z,151.9199981689453,152.11000061035156,151.9199981689453,152.11000061035156,152.11000061035156,2477.0
2025-11-12T18:10:00Z,152.0500030517578,152.1199951171875,152.0373992919922,152.1199951171875,152.1199951171875,1712.0
2025-11-12T18:11:00Z,152.10000610351562,152.10000610351562,152.10000610351562,152.10000610351562,152.10000610351562,603.0
2025-11-12T18:12:00Z,152.10000610351562,152.10000610351562,152.08999633789062,152.10000610351562,152.10000610351562,2140.0
2025-11-12T18:13:00Z,152.10000610351562,152.17999267578125,152.10000610351562,152.17999267578125,152.17999267578125,1109.0
2025-11-12T18:14:00Z,152.2100067138672,152.22500610351562,152.1999969482422,152.22000122070312,152.22000122070312,2171.0
2025-11-12T18:15:00Z,152.19000244140625,152.19000244140625,152.1649932861328,152.1649932861328,152.1649932861328,742.0
2025-11-12T18:16:00Z,152.11000061035156,152.17750549316406,152.11000061035156,152.17750549316406,152.17750549316406,1124.0
2025-11-12T18:17:00Z,152.15499877929688,152.15499877929688,152.1475067138672,152.14999389648438,152.14999389648438,2210.0
2025-11-12T18:18:00Z,152.22999572753906,152.24000549316406,152.22999572753906,152.24000549316406,152.24000549316406,1174.0
2025-11-12T18:20:00Z,152.17999267578125,152.17999267578125,152.17999267578125,152.17999267578125,152.17999267578125,735.0
2025-11-12T18:21:00Z,152.25,152.25,152.24000549316406,152.24000549316406,152.24000549316406,808.0
2025-11-12T18:23:00Z,152.25999450683594,152.2949981689453,152.25999450683594,152.27999877929688,152.27999877929688,787.0
2025-11-12T18:24:00Z,152.27999877929688,152.3300018310547,152.25999450683594,152.27499389648438,152.27499389648438,3440.0
2025-11-12T18:25:00Z,152.27000427246094,152.27999877929688,152.22999572753906,152.27499389648438,152.27499389648438,2067.0
2025-11-12T18:26:00Z,152.27499389648438,152.27499389648438,152.16000366210938,152.16000366210938,152.16000366210938,4655.0
2025-11-12T18:27:00Z,152.16000366210938,152.1649932861328,152.1300048828125,152.1649932861328,152.1649932861328,1756.0
2025-11-12T18:28:00Z,152.15499877929688,152.15499877929688,152.11000061035156,152.13999938964844,152.13999938964844,896.0
2025-11-12T18:29:00Z,152.16000366210938,152.16000366210938,152.16000366210938,152.16000366210938,152.16000366210938,479.0
2025-11-12T18:30:00Z,152.19000244140625,152.27000427246094,152.19000244140625,152.27000427246094,152.27000427246094,1424.0
2025-11-12T18:31:00Z,152.25,152.25,152.22000122070312,152.22000122070312,152.22000122070312,958.0
2025-11-12T18:32:00Z,152.2100067138672,152.2100067138672,152.2100067138672,152.2100067138672,152.2100067138672,480.0
2025-11-12T18:33:00Z,152.2100067138672,152.30999755859375,152.2100067138672,152.25,152.25,1482.0
2025-11-12T18:35:00Z,152.22000122070312,152.4199981689453,152.22000122070312,152.4199981689453,152.4199981689453,9570.0
2025-11-12T18:36:00Z,152.4499969482422,152.4499969482422,152.4499969482422,152.4499969482422,152.4499969482422,1601.0
2025-11-12T18:37:00Z,152.49000549316406,152.5399932861328,152.41000366210938,152.48500061035156,152.48500061035156,15540.0
2025-11-12T18:38:00Z,152.49000549316406,152.50250244140625,152.44000244140625,152.4949951171875,152.4949951171875,4190.0
2025-11-12T18:39:00Z,152.48500061035156,152.50999450683594,152.48500061035156,152.50999450683594,152.50999450683594,532.0
2025-11-12T18:40:00Z,152.49000549316406,152.49000549316406,152.49000549316406,152.49000549316406,152.49000549316406,885.0
2025-11-12T18:41:00Z,152.5399932861328,152.5399932861328,152.5399932861328,152.5399932861328,152.5399932861328,562.0
2025-11-12T18:42:00Z,152.4949951171875,152.5399932861328,152.4949951171875,152.52999877929688,152.52999877929688,1399.0
2025-11-12T18:43:00Z,152.52999877929688,152.52999877929688,152.52999877929688,152.52999877929688,152.52999877929688,109.0
2025-11-12T18:44:00Z,152.5399932861328,152.5399932861328,152.47000122070312,152.50250244140625,152.50250244140625,2287.0
2025-11-12T18:45:00Z,152.55999755859375,152.55999755859375,152.55999755859375,152.55999755859375,152.55999755859375,1314.0
2025-11-12T18:47:00Z,152.6199951171875,152.6300048828125,152.5919952392578,152.6300048828125,152.6300048828125,1448.0
2025-11-12T18:48:00Z,152.6300048828125,152.6300048828125,152.58999633789062,152.58999633789062,152.58999633789062,1355.0
2025-11-12T18:49:00Z,152.6300048828125,152.63999938964844,152.58999633789062,152.63999938964844,152.63999938964844,868.0
2025-11-12T18:50:00Z,152.58999633789062,152.58999633789062,152.58999633789062,152.58999633789062,152.58999633789062,1325.0
2025-11-12T18:51:00Z,152.58999633789062,152.63999938964844,152.58999633789062,152.63999938964844,152.63999938964844,1482.0
2025-11-12T18:52:00Z,152.6699981689453,152.6699981689453,152.6699981689453,152.6699981689453,152.6699981689453,198.0
2025-11-12T18:53:00Z,152.5657958984375,152.61000061035156,152.49000549316406,152.4949951171875,152.4949951171875,8143.0
2025-11-12T18:54:00Z,152.47500610351562,152.49000549316406,152.44000244140625,152.49000549316406,152.49000549316406,3439.0
2025-11-12T18:55:00Z,152.4550018310547,152.45899963378906,152.4550018310547,152.4550018310547,152.4550018310547,860.0
2025-11-12T18:56:00Z,152.47999572753906,152.52000427246094,152.4600067138672,152.52000427246094,152.52000427246094,3831.0
2025-11-12T18:57:00Z,152.4949951171875,152.55999755859375,152.4949951171875,152.55999755859375,152.55999755859375,873.0
2025-11-12T18:58:00Z,152.5399932861328,152.55999755859375,152.51499938964844,152.51499938964844,152.51499938964844,1168.0
2025-11-12T18:59:00Z,152.51499938964844,152.5500030517578,152.5050048828125,152.5050048828125,152.5050048828125,8803.0
2025-11-12T19:00:00Z,152.5050048828125,152.5050048828125,152.3699951171875,152.4550018310547,152.4550018310547,9436.0
2025-11-12T19:01:00Z,152.41000366210938,152.47999572753906,152.41000366210938,152.47999572753906,152.47999572753906,684.0
2025-11-12T19:02:00Z,152.35499572753906,152.4199981689453,152.35499572753906,152.4199981689453,152.4199981689453,625.0
2025-11-12T19:03:00Z,152.4199981689453,152.42999267578125,152.36000061035156,152.42999267578125,152.42999267578125,1306.0
2025-11-12T19:04:00Z,152.375,152.38499450683594,152.30999755859375,152.3625030517578,152.3625030517578,2852.0
2025-11-12T19:05:00Z,152.44000244140625,152.44000244140625,152.36500549316406,152.3800048828125,152.3800048828125,3275.0
2025-11-12T19:06:00Z,152.3800048828125,152.3800048828125,152.13999938964844,152.17999267578125,152.17999267578125,11728.0
2025-11-12T19:07:00Z,152.13999938964844,152.13999938964844,152.0399932861328,152.0399932861328,152.0399932861328,1357.0
2025-11-12T19:08:00Z,152.02999877929688,152.11000061035156,152.02999877929688,152.1024932861328,152.1024932861328,3504.0
2025-11-12T19:09:00Z,152.05999755859375,152.1199951171875,152.02999877929688,152.0449981689453,152.0449981689453,971.0
2025-11-12T19:10:00Z,152.0449981689453,152.0449981689453,151.9246063232422,151.97000122070312,151.97000122070312,6572.0
2025-11-12T19:11:00Z,151.98500061035156,152.0153045654297,151.89999389648438,151.9199981689453,151.9199981689453,2886.0
2025-11-12T19:12:00Z,151.74000549316406,151.7899932861328,151.72999572753906,151.72999572753906,151.72999572753906,941.0
2025-11-12T19:13:00Z,151.76499938964844,151.80999755859375,151.76499938964844,151.77999877929688,151.77999877929688,932.0
2025-11-12T19:14:00Z,151.74000549316406,151.76499938964844,151.74000549316406,151.75999450683594,151.75999450683594,2577.0
2025-11-12T19:15:00Z,151.7550048828125,151.80999755859375,151.7550048828125,151.80999755859375,151.80999755859375,1176.0
2025-11-12T19:16:00Z,151.75999450683594,151.77279663085938,151.7550048828125,151.77279663085938,151.77279663085938,4382.0
2025-11-12T19:17:00Z,151.8300018310547,151.88999938964844,151.75999450683594,151.88999938964844,151.88999938964844,4019.0
2025-11-12T19:18:00Z,151.78500366210938,151.78500366210938,151.78500366210938,151.78500366210938,151.78500366210938,1960.0
2025-11-12T19:19:00Z,151.77999877929688,151.77999877929688,151.77999877929688,151.77999877929688,151.77999877929688,459.0
2025-11-12T19:20:00Z,151.80499267578125,151.80499267578125,151.77999877929688,151.77999877929688,151.77999877929688,356.0
2025-11-12T19:21:00Z,151.8300018310547,151.8300018310547,151.66000366210938,151.66000366210938,151.66000366210938,8873.0
2025-11-12T19:22:00Z,151.64500427246094,151.72999572753906,151.64500427246094,151.69000244140625,151.69000244140625,2474.0
2025-11-12T19:23:00Z,151.74000549316406,151.86000061035156,151.74000549316406,151.86000061035156,151.86000061035156,2041.0
2025-11-12T19:24:00Z,151.8000030517578,151.8699951171875,151.8000030517578,151.8699951171875,151.8699951171875,686.0
2025-11-12T19:25:00Z,151.86000061035156,151.8800048828125,151.83999633789062,151.83999633789062,151.83999633789062,946.0
2025-11-12T19:26:00Z,151.8300018310547,151.90499877929688,151.8300018310547,151.90499877929688,151.90499877929688,1131.0
2025-11-12T19:27:00Z,151.88999938964844,151.88999938964844,151.88999938964844,151.88999938964844,151.88999938964844,4119.0
2025-11-12T19:28:00Z,151.88999938964844,151.88999938964844,151.72999572753906,151.72999572753906,151.72999572753906,7652.0
2025-11-12T19:29:00Z,151.75,151.7899932861328,151.73500061035156,151.7899932861328,151.7899932861328,1570.0
2025-11-12T19:30:00Z,151.7550048828125,151.7550048828125,151.7449951171875,151.7449951171875,151.7449951171875,810.0
2025-11-12T19:31:00Z,151.71499633789062,151.72999572753906,151.714599609375,151.72500610351562,151.72500610351562,1748.0
2025-11-12T19:32:00Z,151.77999877929688,151.8300018310547,151.77999877929688,151.8300018310547,151.8300018310547,1270.0
2025-11-12T19:33:00Z,151.76499938964844,151.83999633789062,151.76499938964844,151.83999633789062,151.83999633789062,977.0
2025-11-12T19:34:00Z,151.85000610351562,151.8800048828125,151.78500366210938,151.86000061035156,151.86000061035156,1320.0
2025-11-12T19:35:00Z,151.8800048828125,151.88999938964844,151.8800048828125,151.88999938964844,151.88999938964844,2194.0
2025-11-12T19:36:00Z,151.8000030517578,151.8000030517578,151.8000030517578,151.8000030517578,151.8000030517578,845.0
2025-11-12T19:37:00Z,151.9499969482422,151.9499969482422,151.9499969482422,151.9499969482422,151.9499969482422,1318.0
2025-11-12T19:38:00Z,151.91000366210938,151.91000366210938,151.89999389648438,151.89999389648438,151.89999389648438,1483.0
2025-11-12T19:39:00Z,151.92100524902344,151.92100524902344,151.89999389648438,151.89999389648438,151.89999389648438,873.0
2025-11-12T19:40:00Z,151.89500427246094,151.91000366210938,151.89500427246094,151.91000366210938,151.91000366210938,1033.0
2025-11-12T19:42:00Z,151.9499969482422,152.08999633789062,151.9199981689453,152.08999633789062,152.08999633789062,3709.0
2025-11-12T19:43:00Z,152.05999755859375,152.05999755859375,152.05999755859375,152.05999755859375,152.05999755859375,857.0
2025-11-12T19:44:00Z,152.05999755859375,152.10000610351562,152.05999755859375,152.10000610351562,152.10000610351562,2499.0
2025-11-12T19:45:00Z,152.06500244140625,152.10499572753906,152.06500244140625,152.10499572753906,152.10499572753906,1089.0
2025-11-12T19:46:00Z,152.0749969482422,152.0749969482422,152.0749969482422,152.0749969482422,152.0749969482422,601.0
2025-11-12T19:47:00Z,152.0800018310547,152.0800018310547,152.00999450683594,152.07000732421875,152.07000732421875,8730.0
2025-11-12T19:48:00Z,152.07000732421875,152.07000732421875,152.0050048828125,152.0050048828125,152.0050048828125,1981.0
2025-11-12T19:49:00Z,151.9600067138672,151.9600067138672,151.9600067138672,151.9600067138672,151.9600067138672,107.0
2025-11-12T19:50:00Z,152.00999450683594,152.0399932861328,152.0,152.0,152.0,1903.0
2025-11-12T19:51:00Z,151.98500061035156,151.98500061035156,151.97500610351562,151.97500610351562,151.97500610351562,630.0
2025-11-12T19:52:00Z,152.0,152.02999877929688,151.9949951171875,152.02999877929688,152.02999877929688,3497.0
2025-11-12T19:53:00Z,152.00999450683594,152.11000061035156,152.00999450683594,152.11000061035156,152.11000061035156,3251.0
2025-11-12T19:54:00Z,152.14999389648438,152.14999389648438,152.1199951171875,152.14999389648438,152.14999389648438,2561.0
2025-11-12T19:55:00Z,152.19000244140625,152.24000549316406,152.17999267578125,152.24000549316406,152.24000549316406,1337.0
2025-11-12T19:56:00Z,152.25,152.3699951171875,152.25,152.27000427246094,152.27000427246094,2360.0
2025-11-12T19:57:00Z,152.3000030517578,152.3000030517578,152.17999267578125,152.19000244140625,152.19000244140625,14884.0
2025-11-12T19:58:00Z,152.14500427246094,152.14500427246094,152.10000610351562,152.10000610351562,152.10000610351562,1506.0
2025-11-12T19:59:00Z,152.11000061035156,152.16000366210938,152.11000061035156,152.16000366210938,152.16000366210938,603.0
2025-11-12T20:00:00Z,152.16000366210938,152.1699981689453,152.16000366210938,152.1699981689453,152.1699981689453,512.0
2025-11-12T20:01:00Z,152.17999267578125,152.22999572753906,152.1649932861328,152.1999969482422,152.1999969482422,2187.0
2025-11-12T20:02:00Z,152.21499633789062,152.21499633789062,152.1699981689453,152.1699981689453,152.1699981689453,1975.0
2025-11-12T20:04:00Z,152.1999969482422,152.24000549316406,152.1999969482422,152.1999969482422,152.1999969482422,897.0
2025-11-12T20:05:00Z,152.2100067138672,152.2100067138672,152.1300048828125,152.19000244140625,152.19000244140625,1766.0
2025-11-12T20:06:00Z,152.1300048828125,152.1300048828125,151.99000549316406,152.02000427246094,152.02000427246094,5567.0
2025-11-12T20:07:00Z,152.00999450683594,152.11000061035156,152.00999450683594,152.11000061035156,152.11000061035156,1738.0
2025-11-12T20:08:00Z,152.1300048828125,152.1300048828125,152.11000061035156,152.11000061035156,152.11000061035156,1028.0
2025-11-12T20:09:00Z,152.1699981689453,152.1699981689453,152.11000061035156,152.1699981689453,152.1699981689453,1308.0
2025-11-12T20:10:00Z,152.16000366210938,152.16000366210938,152.11500549316406,152.11500549316406,152.11500549316406,849.0
2025-11-12T20:11:00Z,152.0749969482422,152.1699981689453,152.0399932861328,152.10000610351562,152.10000610351562,9119.0
2025-11-12T20:12:00Z,152.07000732421875,152.07000732421875,152.07000732421875,152.07000732421875,152.07000732421875,490.0
2025-11-12T20:13:00Z,152.10000610351562,152.11000061035156,152.0800018310547,152.09500122070312,152.09500122070312,2660.0
2025-11-12T20:14:00Z,152.14999389648438,152.14999389648438,152.14999389648438,152.14999389648438,152.14999389648438,2492.0
2025-11-12T20:15:00Z,152.14999389648438,152.22000122070312,152.14999389648438,152.1699981689453,152.1699981689453,1625.0
2025-11-12T20:16:00Z,152.19000244140625,152.25,152.19000244140625,152.25,152.25,2176.0
2025-11-12T20:17:00Z,152.30999755859375,152.32000732421875,152.30999755859375,152.32000732421875,152.32000732421875,1366.0
2025-11-12T20:18:00Z,152.32000732421875,152.32000732421875,152.24000549316406,152.27999877929688,152.27999877929688,6806.0
2025-11-12T20:19:00Z,152.24000549316406,152.25999450683594,152.24000549316406,152.25999450683594,152.25999450683594,887.0
2025-11-12T20:20:00Z,152.27999877929688,152.32000732421875,152.27499389648438,152.30999755859375,152.30999755859375,2846.0
2025-11-12T20:21:00Z,152.3300018310547,152.3300018310547,152.2899932861328,152.2899932861328,152.2899932861328,629.0
2025-11-12T20:22:00Z,152.25,152.35000610351562,152.25,152.3249969482422,152.3249969482422,9973.0
2025-11-12T20:23:00Z,152.3300018310547,152.39999389648438,152.3300018310547,152.39999389648438,152.39999389648438,959.0
2025-11-12T20:24:00Z,152.36000061035156,152.38999938964844,152.32000732421875,152.3300018310547,152.3300018310547,3174.0
2025-11-12T20:25:00Z,152.35000610351562,152.38999938964844,152.32000732421875,152.33999633789062,152.33999633789062,1574.0
2025-11-12T20:26:00Z,152.3699951171875,152.44000244140625,152.3300018310547,152.38999938964844,152.38999938964844,12029.0
2025-11-12T20:27:00Z,152.38499450683594,152.4199981689453,152.38499450683594,152.4199981689453,152.4199981689453,1106.0
2025-11-12T20:28:00Z,152.42999267578125,152.4499969482422,152.39999389648438,152.42999267578125,152.42999267578125,4941.0
2025-11-12T20:29:00Z,152.4550018310547,152.4550018310547,152.3699951171875,152.3699951171875,152.3699951171875,5003.0
2025-11-12T20:30:00Z,152.3350067138672,152.38999938964844,152.2100067138672,152.38999938964844,152.38999938964844,25079.0
2025-11-12T20:31:00Z,152.3000030517578,152.3300018310547,152.27499389648438,152.32000732421875,152.32000732421875,1204.0
2025-11-12T20:32:00Z,152.27999877929688,152.38999938964844,152.27999877929688,152.38999938964844,152.38999938964844,3517.0
2025-11-12T20:33:00Z,152.4199981689453,152.4199981689453,152.4199981689453,152.4199981689453,152.4199981689453,947.0
2025-11-12T20:34:00Z,152.38999938964844,152.42999267578125,152.3800048828125,152.3800048828125,152.3800048828125,1849.0
2025-11-12T20:35:00Z,152.42999267578125,152.42999267578125,152.33999633789062,152.38999938964844,152.38999938964844,2407.0
2025-11-12T20:36:00Z,152.38999938964844,152.38999938964844,152.38999938964844,152.38999938964844,152.38999938964844,2062.0
2025-11-12T20:37:00Z,152.36000061035156,152.375,152.3300018310547,152.375,152.375,3741.0
2025-11-12T20:38:00Z,152.35000610351562,152.35000610351562,152.30999755859375,152.31500244140625,152.31500244140625,7494.0
2025-11-12T20:39:00Z,152.3000030517578,152.3300018310547,152.2899932861328,152.30999755859375,152.30999755859375,12764.0
2025-11-12T20:40:00Z,152.33999633789062,152.33999633789062,152.2449951171875,152.31500244140625,152.31500244140625,18637.0
2025-11-12T20:41:00Z,152.31500244140625,152.33999633789062,152.27000427246094,152.31500244140625,152.31500244140625,5032.0
2025-11-12T20:42:00Z,152.31500244140625,152.36000061035156,152.17999267578125,152.2050018310547,152.2050018310547,10263.0
2025-11-12T20:43:00Z,152.2050018310547,152.33999633789062,152.17999267578125,152.28619384765625,152.28619384765625,6409.0
2025-11-12T20:44:00Z,152.31500244140625,152.42999267578125,152.3000030517578,152.4250030517578,152.4250030517578,5908.0
2025-11-12T20:45:00Z,152.42999267578125,152.47000122070312,152.3350067138672,152.34500122070312,152.34500122070312,18200.0
2025-11-12T20:46:00Z,152.3300018310547,152.3300018310547,152.22999572753906,152.22999572753906,152.22999572753906,7452.0
2025-11-12T20:47:00Z,152.22999572753906,152.22999572753906,152.02000427246094,152.08999633789062,152.08999633789062,4997.0
2025-11-12T20:48:00Z,152.1300048828125,152.22000122070312,152.09500122070312,152.22000122070312,152.22000122070312,8752.0
2025-11-12T20:49:00Z,152.25999450683594,152.2899932861328,152.17999267578125,152.21499633789062,152.21499633789062,11861.0
2025-11-12T20:50:00Z,152.27000427246094,152.375,152.13999938964844,152.375,152.375,16666.0
2025-11-12T20:51:00Z,152.34500122070312,152.40499877929688,152.34500122070312,152.40499877929688,152.40499877929688,9754.0
2025-11-12T20:52:00Z,152.40499877929688,152.41000366210938,152.25999450683594,152.2949981689453,152.2949981689453,11406.0
2025-11-12T20:53:00Z,152.2899932861328,152.33999633789062,152.25999450683594,152.33999633789062,152.33999633789062,12132.0
2025-11-12T20:54:00Z,152.32000732421875,152.3699951171875,152.23500061035156,152.33999633789062,152.33999633789062,20728.0
2025-11-12T20:55:00Z,152.36000061035156,152.3699951171875,152.1199951171875,152.14999389648438,152.14999389648438,24733.0
2025-11-12T20:56:00Z,152.14999389648438,152.14999389648438,151.8800048828125,151.92999267578125,151.92999267578125,27843.0
2025-11-12T20:57:00Z,151.9499969482422,151.9499969482422,151.6300048828125,151.6300048828125,151.6300048828125,32265.0
2025-11-12T20:58:00Z,151.6300048828125,151.7100067138672,151.47999572753906,151.5399932861328,151.5399932861328,49106.0
2025-11-12T20:59:00Z,151.5399932861328,151.60000610351562,151.44000244140625,151.4600067138672,151.4600067138672,84715.0
2025-11-13T14:32:00Z,149.8800048828125,150.34500122070312,149.8800048828125,150.34500122070312,150.34500122070312,1143.0
2025-11-13T14:33:00Z,150.34500122070312,150.75,150.34500122070312,150.75,150.75,3050.0
2025-11-13T14:34:00Z,150.9250030517578,150.9250030517578,150.9250030517578,150.9250030517578,150.9250030517578,569.0
2025-11-13T14:35:00Z,150.93499755859375,150.93499755859375,150.5500030517578,150.5500030517578,150.5500030517578,1423.0
2025-11-13T14:36:00Z,150.75999450683594,150.85000610351562,150.57000732421875,150.57000732421875,150.57000732421875,1441.0
2025-11-13T14:38:00Z,150.86000061035156,150.86500549316406,150.86000061035156,150.86500549316406,150.86500549316406,549.0
2025-11-13T14:39:00Z,150.9499969482422,151.19000244140625,150.9499969482422,151.19000244140625,151.19000244140625,2782.0
2025-11-13T14:40:00Z,151.02999877929688,151.2899932861328,151.02999877929688,151.2899932861328,151.2899932861328,1797.0
2025-11-13T14:41:00Z,151.1699981689453,151.1750030517578,151.0,151.1750030517578,151.1750030517578,1857.0
2025-11-13T14:42:00Z,151.1750030517578,151.1750030517578,150.83999633789062,150.97000122070312,150.97000122070312,2094.0
2025-11-13T14:43:00Z,150.8300018310547,150.8300018310547,150.8300018310547,150.8300018310547,150.8300018310547,270.0
2025-11-13T14:44:00Z,150.86500549316406,150.86500549316406,150.86500549316406,150.86500549316406,150.86500549316406,1330.0
2025-11-13T14:45:00Z,150.6999969482422,150.85000610351562,150.6999969482422,150.72999572753906,150.72999572753906,1081.0
2025-11-13T14:46:00Z,150.6999969482422,150.86000061035156,150.6999969482422,150.86000061035156,150.86000061035156,1575.0
2025-11-13T14:47:00Z,150.94000244140625,150.94000244140625,150.80999755859375,150.80999755859375,150.80999755859375,1446.0
2025-11-13T14:48:00Z,150.83999633789062,151.02999877929688,150.83999633789062,151.02999877929688,151.02999877929688,1964.0
2025-11-13T14:49:00Z,151.1999969482422,151.1999969482422,151.1999969482422,151.1999969482422,151.1999969482422,1047.0
2025-11-13T14:50:00Z,151.0449981689453,151.05999755859375,151.0,151.05999755859375,151.05999755859375,624.0
2025-11-13T14:51:00Z,151.22000122070312,151.22000122070312,151.19500732421875,151.19500732421875,151.19500732421875,1453.0
2025-11-13T14:52:00Z,151.24000549316406,151.272705078125,151.24000549316406,151.272705078125,151.272705078125,930.0
2025-11-13T14:53:00Z,151.24000549316406,151.24000549316406,151.24000549316406,151.24000549316406,151.24000549316406,110.0
2025-11-13T14:54:00Z,151.23500061035156,151.27999877929688,151.0800018310547,151.27999877929688,151.27999877929688,2325.0
2025-11-13T14:55:00Z,151.27999877929688,151.52000427246094,151.27999877929688,151.47000122070312,151.47000122070312,1928.0
2025-11-13T14:56:00Z,151.38999938964844,151.44500732421875,151.30999755859375,151.37750244140625,151.37750244140625,5777.0
2025-11-13T14:57:00Z,151.27999877929688,151.30999755859375,151.18499755859375,151.18499755859375,151.18499755859375,3556.0
2025-11-13T14:58:00Z,151.19000244140625,151.22000122070312,151.13499450683594,151.13499450683594,151.13499450683594,4827.0
2025-11-13T14:59:00Z,151.05999755859375,151.47999572753906,151.0399932861328,151.47999572753906,151.47999572753906,6577.0
2025-11-13T15:00:00Z,151.35000610351562,151.36000061035156,151.31500244140625,151.31500244140625,151.31500244140625,2403.0
2025-11-13T15:01:00Z,151.31500244140625,151.44000244140625,151.19000244140625,151.19000244140625,151.19000244140625,1256.0
2025-11-13T15:02:00Z,151.2449951171875,151.2449951171875,151.1699981689453,151.1699981689453,151.1699981689453,1215.0
2025-11-13T15:03:00Z,151.3300018310547,151.38499450683594,151.31500244140625,151.32000732421875,151.32000732421875,1503.0
2025-11-13T15:04:00Z,151.33999633789062,151.50999450683594,151.33999633789062,151.485107421875,151.485107421875,2378.0
2025-11-13T15:05:00Z,151.3760986328125,151.64999389648438,151.3760986328125,151.57249450683594,151.57249450683594,1896.0
2025-11-13T15:06:00Z,151.5675048828125,151.6300048828125,151.5675048828125,151.6199951171875,151.6199951171875,1652.0
2025-11-13T15:07:00Z,151.5500030517578,151.79989624023438,151.50999450683594,151.50999450683594,151.50999450683594,2723.0
2025-11-13T15:08:00Z,151.5500030517578,151.5500030517578,151.5500030517578,151.5500030517578,151.5500030517578,1192.0
2025-11-13T15:09:00Z,151.5399932861328,151.5399932861328,151.5399932861328,151.5399932861328,151.5399932861328,1151.0
2025-11-13T15:11:00Z,151.5919952392578,151.8000030517578,151.5919952392578,151.8000030517578,151.8000030517578,2275.0
2025-11-13T15:12:00Z,151.9199981689453,152.0,151.9199981689453,151.97999572753906,151.97999572753906,4174.0
2025-11-13T15:13:00Z,151.8800048828125,151.9199981689453,151.8800048828125,151.8800048828125,151.8800048828125,2741.0
2025-11-13T15:15:00Z,151.77000427246094,151.77000427246094,151.61000061035156,151.61000061035156,151.61000061035156,1973.0
2025-11-13T15:16:00Z,151.61160278320312,151.61160278320312,151.52999877929688,151.52999877929688,151.52999877929688,1726.0
2025-11-13T15:17:00Z,151.5449981689453,151.5449981689453,151.5449981689453,151.5449981689453,151.5449981689453,647.0
2025-11-13T15:18:00Z,151.5449981689453,151.7100067138672,151.5449981689453,151.58999633789062,151.58999633789062,5757.0
2025-11-13T15:19:00Z,151.6199951171875,151.75999450683594,151.6199951171875,151.75999450683594,151.75999450683594,1090.0
2025-11-13T15:20:00Z,151.72500610351562,151.91000366210938,151.72500610351562,151.80499267578125,151.80499267578125,2804.0
2025-11-13T15:21:00Z,151.74000549316406,151.74000549316406,151.74000549316406,151.74000549316406,151.74000549316406,462.0
2025-11-13T15:22:00Z,151.8300018310547,151.9199981689453,151.8300018310547,151.9199981689453,151.9199981689453,1867.0
2025-11-13T15:23:00Z,151.82000732421875,152.08999633789062,151.82000732421875,152.02000427246094,152.02000427246094,4348.0
2025-11-13T15:24:00Z,151.97999572753906,152.0850067138672,151.97000122070312,151.97000122070312,151.97000122070312,1928.0
2025-11-13T15:25:00Z,152.09500122070312,152.09500122070312,151.8000030517578,151.8000030517578,151.8000030517578,3986.0
2025-11-13T15:26:00Z,151.78500366210938,151.88999938964844,151.78500366210938,151.8300018310547,151.8300018310547,3288.0
2025-11-13T15:27:00Z,151.8300018310547,151.8300018310547,151.8300018310547,151.8300018310547,151.8300018310547,594.0
2025-11-13T15:28:00Z,151.8350067138672,151.86000061035156,151.76809692382812,151.8249969482422,151.8249969482422,2179.0
2025-11-13T15:29:00Z,151.8249969482422,151.8249969482422,151.8249969482422,151.8249969482422,151.8249969482422,1261.0
2025-11-13T15:30:00Z,151.8249969482422,151.8249969482422,151.82000732421875,151.82000732421875,151.82000732421875,1533.0
2025-11-13T15:31:00Z,151.8249969482422,151.8249969482422,151.8249969482422,151.8249969482422,151.8249969482422,1477.0
2025-11-13T15:32:00Z,151.84500122070312,151.92999267578125,151.84500122070312,151.92999267578125,151.92999267578125,939.0
2025-11-13T15:33:00Z,151.9600067138672,152.02999877929688,151.9600067138672,152.02999877929688,152.02999877929688,1588.0
2025-11-13T15:34:00Z,151.9600067138672,151.9600067138672,151.75999450683594,151.7899932861328,151.7899932861328,3653.0
2025-11-13T15:35:00Z,151.85000610351562,151.88999938964844,151.72999572753906,151.82000732421875,151.82000732421875,4027.0
2025-11-13T15:36:00Z,151.9499969482422,151.97999572753906,151.88999938964844,151.88999938964844,151.88999938964844,2018.0
2025-11-13T15:37:00Z,151.89500427246094,152.0,151.88250732421875,152.0,152.0,1301.0
2025-11-13T15:38:00Z,151.77000427246094,151.77000427246094,151.6699981689453,151.6699981689453,151.6699981689453,2716.0
2025-11-13T15:39:00Z,151.74000549316406,151.75999450683594,151.72000122070312,151.72000122070312,151.72000122070312,1397.0
2025-11-13T15:40:00Z,151.69000244140625,151.72999572753906,151.6750030517578,151.72999572753906,151.72999572753906,1644.0
2025-11-13T15:41:00Z,151.6199951171875,151.63999938964844,151.5500030517578,151.6300048828125,151.6300048828125,1809.0
2025-11-13T15:42:00Z,151.72000122070312,151.72000122070312,151.5449981689453,151.55499267578125,151.55499267578125,1802.0
2025-11-13T15:43:00Z,151.5850067138672,151.5850067138672,151.5399932861328,151.55499267578125,151.55499267578125,2682.0
2025-11-13T15:44:00Z,151.5500030517578,151.5500030517578,151.5500030517578,151.5500030517578,151.5500030517578,890.0
2025-11-13T15:45:00Z,151.5399932861328,151.5449981689453,151.5225067138672,151.5449981689453,151.5449981689453,1043.0
2025-11-13T15:46:00Z,151.44000244140625,151.44000244140625,151.41000366210938,151.41000366210938,151.41000366210938,2095.0
2025-11-13T15:47:00Z,151.5050048828125,151.61000061035156,151.47000122070312,151.5500030517578,151.5500030517578,3130.0
2025-11-13T15:48:00Z,151.52000427246094,151.52000427246094,151.52000427246094,151.52000427246094,151.52000427246094,461.0
2025-11-13T15:49:00Z,151.51499938964844,151.51499938964844,151.51499938964844,151.51499938964844,151.51499938964844,974.0
2025-11-13T15:50:00Z,151.51499938964844,151.6177978515625,151.51499938964844,151.51499938964844,151.51499938964844,1365.0
2025-11-13T15:51:00Z,151.41000366210938,151.42999267578125,151.3000030517578,151.3000030517578,151.3000030517578,3171.0
2025-11-13T15:52:00Z,151.27000427246094,151.27000427246094,151.2100067138672,151.2100067138672,151.2100067138672,793.0
2025-11-13T15:53:00Z,151.27000427246094,151.4199981689453,151.27000427246094,151.36500549316406,151.36500549316406,4412.0
2025-11-13T15:54:00Z,151.22999572753906,151.26699829101562,151.22999572753906,151.26699829101562,151.26699829101562,990.0
2025-11-13T15:55:00Z,151.24000549316406,151.24000549316406,151.2310028076172,151.2310028076172,151.2310028076172,3031.0
2025-11-13T15:56:00Z,151.23500061035156,151.23500061035156,151.14999389648438,151.14999389648438,151.14999389648438,756.0
2025-11-13T15:57:00Z,151.14999389648438,151.14999389648438,151.00999450683594,151.00999450683594,151.00999450683594,2205.0
2025-11-13T15:58:00Z,151.03500366210938,151.0800018310547,151.00999450683594,151.0800018310547,151.0800018310547,1352.0
2025-11-13T15:59:00Z,151.00999450683594,151.00999450683594,150.97000122070312,151.00250244140625,151.00250244140625,1712.0
2025-11-13T16:00:00Z,151.0749969482422,151.13999938964844,150.91000366210938,150.91000366210938,150.91000366210938,5674.0
2025-11-13T16:01:00Z,150.97999572753906,151.0399932861328,150.9600067138672,151.0399932861328,151.0399932861328,1275.0
2025-11-13T16:02:00Z,151.0399932861328,151.22999572753906,150.9600067138672,151.14999389648438,151.14999389648438,9348.0
2025-11-13T16:03:00Z,151.16000366210938,151.25,151.16000366210938,151.24000549316406,151.24000549316406,907.0
2025-11-13T16:04:00Z,151.30999755859375,151.30999755859375,151.2082977294922,151.2082977294922,151.2082977294922,577.0
2025-11-13T16:05:00Z,151.22000122070312,151.22000122070312,151.1300048828125,151.1699981689453,151.1699981689453,1399.0
2025-11-13T16:06:00Z,151.14999389648438,151.14999389648438,151.0800018310547,151.0800018310547,151.0800018310547,3027.0
2025-11-13T16:07:00Z,151.1300048828125,151.19000244140625,151.07000732421875,151.19000244140625,151.19000244140625,2148.0
2025-11-13T16:08:00Z,151.14999389648438,151.14999389648438,151.14999389648438,151.14999389648438,151.14999389648438,581.0
2025-11-13T16:09:00Z,151.11000061035156,151.1300048828125,151.09219360351562,151.09219360351562,151.09219360351562,1652.0
2025-11-13T16:10:00Z,151.02000427246094,151.16000366210938,150.87570190429688,151.16000366210938,151.16000366210938,4190.0
2025-11-13T16:11:00Z,151.05999755859375,151.06149291992188,151.05499267578125,151.06149291992188,151.06149291992188,549.0
2025-11-13T16:12:00Z,150.9499969482422,150.97500610351562,150.9499969482422,150.97500610351562,150.97500610351562,1431.0
2025-11-13T16:13:00Z,150.89999389648438,150.89999389648438,150.8699951171875,150.8800048828125,150.8800048828125,2429.0
2025-11-13T16:14:00Z,150.8000030517578,150.8000030517578,150.8000030517578,150.8000030517578,150.8000030517578,1035.0
2025-11-13T16:15:00Z,150.9499969482422,151.05999755859375,150.9499969482422,151.0,151.0,6168.0
2025-11-13T16:19:00Z,150.98500061035156,150.98500061035156,150.98500061035156,150.98500061035156,150.98500061035156,1671.0
2025-11-13T16:20:00Z,151.0800018310547,151.11000061035156,151.0800018310547,151.11000061035156,151.11000061035156,1791.0
2025-11-13T16:21:00Z,151.07000732421875,151.07000732421875,150.97999572753906,150.97999572753906,150.97999572753906,2892.0
2025-11-13T16:22:00Z,151.02999877929688,151.13999938964844,151.02999877929688,151.13999938964844,151.13999938964844,1853.0
2025-11-13T16:23:00Z,151.11000061035156,151.19000244140625,151.10000610351562,151.14999389648438,151.14999389648438,1812.0
2025-11-13T16:24:00Z,151.13999938964844,151.13999938964844,151.02999877929688,151.02999877929688,151.02999877929688,1514.0
2025-11-13T16:25:00Z,151.07000732421875,151.10000610351562,151.06500244140625,151.08999633789062,151.08999633789062,4418.0
2025-11-13T16:26:00Z,151.0449981689453,151.0449981689453,150.99000549316406,150.99000549316406,150.99000549316406,1294.0
2025-11-13T16:27:00Z,151.0449981689453,151.14999389648438,151.0449981689453,151.14999389648438,151.14999389648438,2464.0
2025-11-13T16:28:00Z,151.14999389648438,151.1999969482422,151.14999389648438,151.19000244140625,151.19000244140625,4071.0
2025-11-13T16:29:00Z,151.1699981689453,151.1699981689453,151.1663055419922,151.1699981689453,151.1699981689453,2077.0
2025-11-13T16:30:00Z,151.08999633789062,151.1199951171875,151.08999633789062,151.1199951171875,151.1199951171875,2550.0
2025-11-13T16:31:00Z,151.05499267578125,151.17999267578125,151.05499267578125,151.16000366210938,151.16000366210938,5778.0
2025-11-13T16:32:00Z,151.16000366210938,151.40499877929688,151.16000366210938,151.40499877929688,151.40499877929688,6728.0
2025-11-13T16:33:00Z,151.38999938964844,151.58999633789062,151.38999938964844,151.5800018310547,151.5800018310547,1930.0
2025-11-13T16:34:00Z,151.5800018310547,151.61000061035156,151.5800018310547,151.61000061035156,151.61000061035156,1161.0
2025-11-13T16:35:00Z,151.5800018310547,151.6199951171875,151.42999267578125,151.42999267578125,151.42999267578125,4867.0
2025-11-13T16:36:00Z,151.4499969482422,151.4499969482422,151.25999450683594,151.25999450683594,151.25999450683594,3436.0
2025-11-13T16:37:00Z,151.1699981689453,151.1699981689453,151.1699981689453,151.1699981689453,151.1699981689453,578.0
2025-11-13T16:38:00Z,151.256103515625,151.256103515625,151.256103515625,151.256103515625,151.256103515625,373.0
2025-11-13T16:39:00Z,151.1750030517578,151.1750030517578,151.16000366210938,151.16000366210938,151.16000366210938,1853.0
2025-11-13T16:40:00Z,151.08999633789062,151.08999633789062,151.0,151.0,151.0,1205.0
2025-11-13T16:41:00Z,151.00999450683594,151.00999450683594,150.70010375976562,150.83999633789062,150.83999633789062,1899.0
2025-11-13T16:42:00Z,150.80999755859375,150.80999755859375,150.80999755859375,150.80999755859375,150.80999755859375,1730.0
2025-11-13T16:44:00Z,150.8000030517578,150.9499969482422,150.8000030517578,150.85000610351562,150.85000610351562,3002.0
2025-11-13T16:45:00Z,150.97999572753906,150.97999572753906,150.89999389648438,150.97500610351562,150.97500610351562,4029.0
2025-11-13T16:47:00Z,150.97999572753906,150.97999572753906,150.97999572753906,150.97999572753906,150.97999572753906,1040.0
2025-11-13T16:48:00Z,151.0749969482422,151.0749969482422,151.0749969482422,151.0749969482422,151.0749969482422,487.0
2025-11-13T16:49:00Z,151.17999267578125,151.25999450683594,150.95010375976562,151.25999450683594,151.25999450683594,1322.0
2025-11-13T16:50:00Z,151.32000732421875,151.32000732421875,151.19000244140625,151.19000244140625,151.19000244140625,2538.0
2025-11-13T16:51:00Z,151.1999969482422,151.2899932861328,151.1999969482422,151.2899932861328,151.2899932861328,1768.0
2025-11-13T16:52:00Z,151.25,151.25,151.17999267578125,151.17999267578125,151.17999267578125,915.0
2025-11-13T16:53:00Z,151.3699951171875,151.3699951171875,151.27999877929688,151.27999877929688,151.27999877929688,1698.0
2025-11-13T16:54:00Z,151.3699951171875,151.3699951171875,151.3699951171875,151.3699951171875,151.3699951171875,969.0
2025-11-13T16:55:00Z,151.30499267578125,151.30499267578125,151.30499267578125,151.30499267578125,151.30499267578125,497.0
2025-11-13T16:56:00Z,151.30999755859375,151.30999755859375,151.19000244140625,151.27000427246094,151.27000427246094,2725.0
2025-11-13T16:57:00Z,151.1999969482422,151.33999633789062,151.1999969482422,151.2949981689453,151.2949981689453,1359.0
2025-11-13T16:58:00Z,151.32000732421875,151.32000732421875,151.11000061035156,151.11000061035156,151.11000061035156,4131.0
2025-11-13T16:59:00Z,151.13999938964844,151.1999969482422,151.07000732421875,151.1999969482422,151.1999969482422,1878.0
2025-11-13T17:00:00Z,151.17999267578125,151.22999572753906,151.16000366210938,151.19000244140625,151.19000244140625,2559.0
2025-11-13T17:01:00Z,151.11000061035156,151.11000061035156,150.9499969482422,150.9499969482422,150.9499969482422,2902.0
2025-11-13T17:02:00Z,150.88999938964844,151.0229949951172,150.8000030517578,150.8000030517578,150.8000030517578,3287.0
2025-11-13T17:03:00Z,150.75999450683594,150.77960205078125,150.74000549316406,150.77960205078125,150.77960205078125,2643.0
2025-11-13T17:04:00Z,150.6199951171875,150.72079467773438,150.6199951171875,150.6199951171875,150.6199951171875,1870.0
2025-11-13T17:05:00Z,150.5500030517578,150.5500030517578,150.4499969482422,150.4600067138672,150.4600067138672,3364.0
2025-11-13T17:06:00Z,150.60000610351562,150.72999572753906,150.52999877929688,150.6199951171875,150.6199951171875,8535.0
2025-11-13T17:08:00Z,150.625,150.625,150.50999450683594,150.50999450683594,150.50999450683594,850.0
2025-11-13T17:09:00Z,150.50999450683594,150.50999450683594,150.34500122070312,150.34500122070312,150.34500122070312,4056.0
2025-11-13T17:10:00Z,150.49000549316406,150.49000549316406,150.4250030517578,150.4250030517578,150.4250030517578,1842.0
2025-11-13T17:11:00Z,150.4199981689453,150.4199981689453,150.3249969482422,150.3699951171875,150.3699951171875,3314.0
2025-11-13T17:12:00Z,150.41000366210938,150.49000549316406,150.41000366210938,150.4600067138672,150.4600067138672,2059.0
2025-11-13T17:14:00Z,150.3699951171875,150.46499633789062,150.3699951171875,150.46499633789062,150.46499633789062,1532.0
2025-11-13T17:15:00Z,150.36000061035156,150.44500732421875,150.36000061035156,150.44500732421875,150.44500732421875,2598.0
2025-11-13T17:16:00Z,150.4499969482422,150.4499969482422,150.4499969482422,150.4499969482422,150.4499969482422,279.0
2025-11-13T17:17:00Z,150.4600067138672,150.55999755859375,150.4499969482422,150.5500030517578,150.5500030517578,4008.0
2025-11-13T17:18:00Z,150.52000427246094,150.52000427246094,150.50999450683594,150.50999450683594,150.50999450683594,1514.0
2025-11-13T17:19:00Z,150.5800018310547,150.60000610351562,150.53500366210938,150.5800018310547,150.5800018310547,1285.0
2025-11-13T17:20:00Z,150.6199951171875,150.6300048828125,150.60000610351562,150.60000610351562,150.60000610351562,1127.0
2025-11-13T17:21:00Z,150.64999389648438,150.75,150.64500427246094,150.6999969482422,150.6999969482422,4161.0
2025-11-13T17:22:00Z,150.72999572753906,150.72999572753906,150.7050018310547,150.7050018310547,150.7050018310547,593.0
2025-11-13T17:23:00Z,150.7050018310547,150.7050018310547,150.7050018310547,150.7050018310547,150.7050018310547,587.0
2025-11-13T17:24:00Z,150.64999389648438,150.7100067138672,150.64999389648438,150.69500732421875,150.69500732421875,1949.0
2025-11-13T17:25:00Z,150.66000366210938,150.66000366210938,150.61000061035156,150.65499877929688,150.65499877929688,2660.0
2025-11-13T17:26:00Z,150.65499877929688,150.65499877929688,150.58999633789062,150.58999633789062,150.58999633789062,2718.0
2025-11-13T17:27:00Z,150.66000366210938,150.66000366210938,150.63999938964844,150.63999938964844,150.63999938964844,1557.0
2025-11-13T17:28:00Z,150.69000244140625,150.85000610351562,150.64500427246094,150.85000610351562,150.85000610351562,5953.0
2025-11-13T17:29:00Z,150.89999389648438,150.9499969482422,150.89999389648438,150.89999389648438,150.89999389648438,749.0
2025-11-13T17:30:00Z,150.89999389648438,151.02999877929688,150.89999389648438,151.02999877929688,151.02999877929688,4052.0
2025-11-13T17:31:00Z,151.02000427246094,151.0800018310547,151.02000427246094,151.0800018310547,151.0800018310547,1080.0
2025-11-13T17:32:00Z,151.10000610351562,151.10000610351562,151.0850067138672,151.0850067138672,151.0850067138672,2783.0
2025-11-13T17:33:00Z,151.08999633789062,151.08999633789062,151.08999633789062,151.08999633789062,151.08999633789062,968.0
2025-11-13T17:34:00Z,151.0500030517578,151.0800018310547,151.02999877929688,151.0800018310547,151.0800018310547,3781.0
2025-11-13T17:35:00Z,151.0800018310547,151.0800018310547,151.0399932861328,151.0399932861328,151.0399932861328,1489.0
2025-11-13T17:36:00Z,151.02999877929688,151.02999877929688,151.02000427246094,151.02999877929688,151.02999877929688,2346.0
2025-11-13T17:37:00Z,150.9600067138672,150.9600067138672,150.89999389648438,150.89999389648438,150.89999389648438,1778.0
2025-11-13T17:38:00Z,151.03990173339844,151.03990173339844,151.03990173339844,151.03990173339844,151.03990173339844,478.0
2025-11-13T17:39:00Z,150.92999267578125,150.96499633789062,150.92999267578125,150.96499633789062,150.96499633789062,1834.0
2025-11-13T17:40:00Z,150.96499633789062,151.0800018310547,150.85000610351562,150.85000610351562,150.85000610351562,3518.0
2025-11-13T17:41:00Z,150.80999755859375,150.80999755859375,150.77999877929688,150.7899932861328,150.7899932861328,1492.0
2025-11-13T17:42:00Z,150.71499633789062,150.71499633789062,150.66000366210938,150.66000366210938,150.66000366210938,1881.0
2025-11-13T17:43:00Z,150.7100067138672,150.7100067138672,150.7100067138672,150.7100067138672,150.7100067138672,685.0
2025-11-13T17:44:00Z,150.6199951171875,150.6199951171875,150.5500030517578,150.5500030517578,150.5500030517578,1834.0
2025-11-13T17:45:00Z,150.58999633789062,150.58999633789062,150.58999633789062,150.58999633789062,150.58999633789062,1413.0
2025-11-13T17:46:00Z,150.49000549316406,150.49000549316406,150.42999267578125,150.42999267578125,150.42999267578125,2494.0
2025-11-13T17:47:00Z,150.39999389648438,150.39999389648438,150.39999389648438,150.39999389648438,150.39999389648438,514.0
2025-11-13T17:48:00Z,150.38999938964844,150.41000366210938,150.38999938964844,150.39999389648438,150.39999389648438,3247.0
2025-11-13T17:49:00Z,150.39999389648438,150.52000427246094,150.39999389648438,150.52000427246094,150.52000427246094,3313.0
2025-11-13T17:50:00Z,150.52999877929688,150.52999877929688,150.41000366210938,150.41000366210938,150.41000366210938,2083.0
2025-11-13T17:51:00Z,150.4199981689453,150.4199981689453,150.4199981689453,150.4199981689453,150.4199981689453,240.0
2025-11-13T17:52:00Z,150.4199981689453,150.47999572753906,150.4199981689453,150.47999572753906,150.47999572753906,2065.0
2025-11-13T17:53:00Z,150.6300048828125,150.6300048828125,150.6300048828125,150.6300048828125,150.6300048828125,7773.0
2025-11-13T17:54:00Z,150.63499450683594,150.63499450683594,150.6300048828125,150.6300048828125,150.6300048828125,1697.0
2025-11-13T17:55:00Z,150.52000427246094,150.52999877929688,150.51499938964844,150.52000427246094,150.52000427246094,2222.0
2025-11-13T17:56:00Z,150.5399932861328,150.5449981689453,150.5,150.53919982910156,150.53919982910156,2185.0
2025-11-13T17:57:00Z,150.47999572753906,150.47999572753906,150.4199981689453,150.4199981689453,150.4199981689453,3447.0
2025-11-13T17:59:00Z,150.4499969482422,150.4499969482422,150.4499969482422,150.4499969482422,150.4499969482422,1355.0
2025-11-13T18:00:00Z,150.47000122070312,150.6300048828125,150.47000122070312,150.6300048828125,150.6300048828125,4978.0
2025-11-13T18:01:00Z,150.56500244140625,150.56500244140625,150.56500244140625,150.56500244140625,150.56500244140625,957.0
2025-11-13T18:02:00Z,150.49000549316406,150.49000549316406,150.38499450683594,150.39999389648438,150.39999389648438,2894.0
2025-11-13T18:03:00Z,150.3699951171875,150.375,150.27999877929688,150.375,150.375,2131.0
2025-11-13T18:04:00Z,150.3300018310547,150.3800048828125,150.27000427246094,150.27000427246094,150.27000427246094,1476.0
2025-11-13T18:05:00Z,150.32000732421875,150.5,150.3000030517578,150.4199981689453,150.4199981689453,3529.0
2025-11-13T18:06:00Z,150.41000366210938,150.4199981689453,150.41000366210938,150.41000366210938,150.41000366210938,1253.0
2025-11-13T18:07:00Z,150.42999267578125,150.42999267578125,150.42999267578125,150.42999267578125,150.42999267578125,284.0
2025-11-13T18:08:00Z,150.375,150.375,150.375,150.375,150.375,854.0
2025-11-13T18:09:00Z,150.375,150.38999938964844,150.28089904785156,150.38999938964844,150.38999938964844,4256.0
2025-11-13T18:10:00Z,150.39500427246094,150.39500427246094,150.22999572753906,150.2899932861328,150.2899932861328,7895.0
2025-11-13T18:11:00Z,150.27000427246094,150.2899932861328,150.27000427246094,150.27999877929688,150.27999877929688,2633.0
2025-11-13T18:12:00Z,150.27999877929688,150.3699951171875,150.27999877929688,150.35499572753906,150.35499572753906,4706.0
2025-11-13T18:13:00Z,150.36000061035156,150.36000061035156,150.33999633789062,150.36000061035156,150.36000061035156,3624.0
2025-11-13T18:14:00Z,150.4600067138672,150.4600067138672,150.36000061035156,150.36000061035156,150.36000061035156,511.0
2025-11-13T18:15:00Z,150.33999633789062,150.36000061035156,150.25999450683594,150.3350067138672,150.3350067138672,5150.0
2025-11-13T18:16:00Z,150.30999755859375,150.30999755859375,150.19500732421875,150.2100067138672,150.2100067138672,4922.0
2025-11-13T18:17:00Z,150.19500732421875,150.24000549316406,150.16000366210938,150.16000366210938,150.16000366210938,1874.0
2025-11-13T18:18:00Z,150.2100067138672,150.2100067138672,150.1699981689453,150.2100067138672,150.2100067138672,1708.0
2025-11-13T18:19:00Z,150.17999267578125,150.18499755859375,150.17999267578125,150.18499755859375,150.18499755859375,918.0
2025-11-13T18:20:00Z,150.3000030517578,150.3000030517578,150.23500061035156,150.23500061035156,150.23500061035156,1868.0
2025-11-13T18:21:00Z,150.23500061035156,150.2550048828125,150.23500061035156,150.2550048828125,150.2550048828125,1745.0
2025-11-13T18:22:00Z,150.25,150.2550048828125,150.2449951171875,150.2449951171875,150.2449951171875,1160.0
2025-11-13T18:23:00Z,150.2449951171875,150.30999755859375,150.0050048828125,150.0050048828125,150.0050048828125,15185.0
2025-11-13T18:24:00Z,150.00999450683594,150.00999450683594,149.96499633789062,149.96499633789062,149.96499633789062,1990.0
2025-11-13T18:25:00Z,149.83999633789062,149.83999633789062,149.63999938964844,149.7100067138672,149.7100067138672,3013.0
2025-11-13T18:26:00Z,149.76499938964844,149.76499938964844,149.66000366210938,149.66000366210938,149.66000366210938,1064.0
2025-11-13T18:27:00Z,149.66000366210938,149.75999450683594,149.66000366210938,149.66000366210938,149.66000366210938,2666.0
2025-11-13T18:28:00Z,149.66000366210938,149.66000366210938,149.63999938964844,149.64500427246094,149.64500427246094,1997.0
2025-11-13T18:29:00Z,149.57000732421875,149.6699981689453,149.51499938964844,149.5800018310547,149.5800018310547,4027.0
2025-11-13T18:30:00Z,149.50999450683594,149.50999450683594,149.50999450683594,149.50999450683594,149.50999450683594,961.0
2025-11-13T18:31:00Z,149.55999755859375,149.59500122070312,149.5,149.5500030517578,149.5500030517578,3404.0
2025-11-13T18:32:00Z,149.60000610351562,149.6999969482422,149.60000610351562,149.61000061035156,149.61000061035156,4099.0
2025-11-13T18:33:00Z,149.61000061035156,149.6300048828125,149.61000061035156,149.61000061035156,149.61000061035156,2097.0
2025-11-13T18:34:00Z,149.50999450683594,149.50999450683594,149.50999450683594,149.50999450683594,149.50999450683594,1416.0
2025-11-13T18:35:00Z,149.5,149.5,149.5,149.5,149.5,1105.0
2025-11-13T18:36:00Z,149.5,149.50999450683594,149.5,149.5050048828125,149.5050048828125,1817.0
2025-11-13T18:37:00Z,149.50999450683594,149.52000427246094,149.50999450683594,149.50999450683594,149.50999450683594,1499.0
2025-11-13T18:38:00Z,149.3800048828125,149.39199829101562,149.3699951171875,149.39199829101562,149.39199829101562,1787.0
2025-11-13T18:39:00Z,149.3800048828125,149.3800048828125,149.30999755859375,149.30999755859375,149.30999755859375,2719.0
2025-11-13T18:40:00Z,149.30499267578125,149.4199981689453,149.1999969482422,149.4199981689453,149.4199981689453,3956.0
2025-11-13T18:41:00Z,149.3800048828125,149.3800048828125,149.3800048828125,149.3800048828125,149.3800048828125,1613.0
2025-11-13T18:42:00Z,149.42999267578125,149.5,149.42999267578125,149.47999572753906,149.47999572753906,1827.0
2025-11-13T18:43:00Z,149.58999633789062,149.60000610351562,149.53500366210938,149.53500366210938,149.53500366210938,1961.0
2025-11-13T18:44:00Z,149.6300048828125,149.69500732421875,149.6300048828125,149.69500732421875,149.69500732421875,3032.0
2025-11-13T18:45:00Z,149.72500610351562,149.72999572753906,149.6999969482422,149.72999572753906,149.72999572753906,1104.0
2025-11-13T18:46:00Z,149.72999572753906,149.7449951171875,149.64999389648438,149.72000122070312,149.72000122070312,1460.0
2025-11-13T18:47:00Z,149.68850708007812,149.8699951171875,149.68850708007812,149.8249969482422,149.8249969482422,7464.0
2025-11-13T18:48:00Z,149.94000244140625,149.94000244140625,149.85000610351562,149.85499572753906,149.85499572753906,1397.0
2025-11-13T18:49:00Z,149.75,149.75,149.7100067138672,149.7100067138672,149.7100067138672,2835.0
2025-11-13T18:50:00Z,149.7899932861328,149.8300018310547,149.7100067138672,149.76499938964844,149.76499938964844,2039.0
2025-11-13T18:51:00Z,149.82000732421875,149.85000610351562,149.7899932861328,149.84750366210938,149.84750366210938,2749.0
2025-11-13T18:52:00Z,149.84500122070312,149.84500122070312,149.7899932861328,149.7899932861328,149.7899932861328,1419.0
2025-11-13T18:53:00Z,149.81500244140625,149.81500244140625,149.81500244140625,149.81500244140625,149.81500244140625,249.0
2025-11-13T18:54:00Z,149.7100067138672,149.75,149.7100067138672,149.7100067138672,149.7100067138672,1203.0
2025-11-13T18:55:00Z,149.6999969482422,149.6999969482422,149.6999969482422,149.6999969482422,149.6999969482422,2438.0
2025-11-13T18:56:00Z,149.72000122070312,149.76499938964844,149.66000366210938,149.66000366210938,149.66000366210938,1099.0
2025-11-13T18:57:00Z,149.72000122070312,149.72000122070312,149.6699981689453,149.6699981689453,149.6699981689453,603.0
2025-11-13T18:58:00Z,149.63999938964844,149.6699981689453,149.6300048828125,149.6300048828125,149.6300048828125,3067.0
2025-11-13T18:59:00Z,149.60000610351562,149.64999389648438,149.57000732421875,149.64999389648438,149.64999389648438,5210.0
2025-11-13T19:00:00Z,149.66000366210938,149.69000244140625,149.58999633789062,149.58999633789062,149.58999633789062,2791.0
2025-11-13T19:01:00Z,149.64500427246094,149.72000122070312,149.6300048828125,149.64999389648438,149.64999389648438,3381.0
2025-11-13T19:02:00Z,149.57000732421875,149.57000732421875,149.4499969482422,149.4499969482422,149.4499969482422,2122.0
2025-11-13T19:03:00Z,149.3800048828125,149.41000366210938,149.3800048828125,149.39999389648438,149.39999389648438,3075.0
2025-11-13T19:04:00Z,149.39999389648438,149.39999389648438,149.30999755859375,149.30999755859375,149.30999755859375,1815.0
2025-11-13T19:05:00Z,149.32000732421875,149.33999633789062,149.27000427246094,149.27000427246094,149.27000427246094,1955.0
2025-11-13T19:06:00Z,149.27000427246094,149.41000366210938,149.27000427246094,149.38499450683594,149.38499450683594,5582.0
2025-11-13T19:07:00Z,149.2899932861328,149.33999633789062,149.2899932861328,149.33999633789062,149.33999633789062,405.0
2025-11-13T19:08:00Z,149.36500549316406,149.36500549316406,149.36500549316406,149.36500549316406,149.36500549316406,998.0
2025-11-13T19:09:00Z,149.33999633789062,149.33999633789062,149.33999633789062,149.33999633789062,149.33999633789062,413.0
2025-11-13T19:10:00Z,149.30999755859375,149.3699951171875,149.3000030517578,149.30999755859375,149.30999755859375,1874.0
2025-11-13T19:11:00Z,149.30999755859375,149.36000061035156,149.27000427246094,149.27000427246094,149.27000427246094,3054.0
2025-11-13T19:12:00Z,149.27430725097656,149.27430725097656,149.25,149.25,149.25,1860.0
2025-11-13T19:13:00Z,149.3249969482422,149.3249969482422,149.28750610351562,149.28750610351562,149.28750610351562,1042.0
2025-11-13T19:14:00Z,149.22999572753906,149.22999572753906,149.17999267578125,149.17999267578125,149.17999267578125,4880.0
2025-11-13T19:15:00Z,149.1699981689453,149.1699981689453,149.15499877929688,149.1649932861328,149.1649932861328,2703.0
2025-11-13T19:16:00Z,149.2100067138672,149.3800048828125,149.2100067138672,149.375,149.375,8963.0
2025-11-13T19:17:00Z,149.41000366210938,149.42999267578125,149.36000061035156,149.36000061035156,149.36000061035156,2839.0
2025-11-13T19:18:00Z,149.38999938964844,149.44000244140625,149.35000610351562,149.42999267578125,149.42999267578125,3169.0
2025-11-13T19:19:00Z,149.4149932861328,149.4149932861328,149.24000549316406,149.28050231933594,149.28050231933594,5378.0
2025-11-13T19:20:00Z,149.25,149.27499389648438,149.1999969482422,149.24000549316406,149.24000549316406,1712.0
2025-11-13T19:21:00Z,149.1999969482422,149.1999969482422,149.13999938964844,149.14999389648438,149.14999389648438,1421.0
2025-11-13T19:22:00Z,149.14999389648438,149.22500610351562,149.14999389648438,149.22500610351562,149.22500610351562,3996.0
2025-11-13T19:23:00Z,149.1300048828125,149.13999938964844,149.08999633789062,149.08999633789062,149.08999633789062,2301.0
2025-11-13T19:24:00Z,149.07000732421875,149.07000732421875,149.07000732421875,149.07000732421875,149.07000732421875,1609.0
2025-11-13T19:25:00Z,149.1199951171875,149.32000732421875,149.1199951171875,149.19000244140625,149.19000244140625,5577.0
2025-11-13T19:26:00Z,149.22509765625,149.2624053955078,149.1522979736328,149.17947387695312,149.17947387695312,1897.0
2025-11-13T19:27:00Z,149.22000122070312,149.22000122070312,149.14999389648438,149.14999389648438,149.14999389648438,1155.0
2025-11-13T19:28:00Z,149.13999938964844,149.14999389648438,149.13999938964844,149.13999938964844,149.13999938964844,2505.0
2025-11-13T19:29:00Z,149.1699981689453,149.18499755859375,149.1300048828125,149.13999938964844,149.13999938964844,2043.0
2025-11-13T19:30:00Z,149.18499755859375,149.19000244140625,149.0500030517578,149.09500122070312,149.09500122070312,4918.0
2025-11-13T19:31:00Z,149.09500122070312,149.11000061035156,149.08999633789062,149.08999633789062,149.08999633789062,978.0
2025-11-13T19:32:00Z,149.08999633789062,149.13999938964844,149.00999450683594,149.00999450683594,149.00999450683594,3881.0
2025-11-13T19:33:00Z,148.92999267578125,148.97999572753906,148.92999267578125,148.96499633789062,148.96499633789062,3034.0
2025-11-13T19:35:00Z,148.89999389648438,148.89999389648438,148.80999755859375,148.875,148.875,3188.0
2025-11-13T19:36:00Z,148.8022003173828,148.8022003173828,148.64999389648438,148.64999389648438,148.64999389648438,3164.0
2025-11-13T19:37:00Z,148.66000366210938,148.66000366210938,148.66000366210938,148.66000366210938,148.66000366210938,785.0
2025-11-13T19:38:00Z,148.63999938964844,148.63999938964844,148.4600067138672,148.4949951171875,148.4949951171875,4229.0
2025-11-13T19:39:00Z,148.49000549316406,148.5399932861328,148.49000549316406,148.49000549316406,148.49000549316406,4697.0
2025-11-13T19:40:00Z,148.47999572753906,148.47999572753906,148.38999938964844,148.38999938964844,148.38999938964844,4181.0
2025-11-13T19:41:00Z,148.3699951171875,148.52000427246094,148.3699951171875,148.52000427246094,148.52000427246094,2887.0
2025-11-13T19:42:00Z,148.44000244140625,148.44000244140625,148.3800048828125,148.44000244140625,148.44000244140625,2214.0
2025-11-13T19:43:00Z,148.42999267578125,148.42999267578125,148.3000030517578,148.3300018310547,148.3300018310547,3618.0
2025-11-13T19:44:00Z,148.3350067138672,148.4499969482422,148.3300018310547,148.4499969482422,148.4499969482422,2309.0
2025-11-13T19:45:00Z,148.3699951171875,148.44000244140625,148.3699951171875,148.3800048828125,148.3800048828125,2485.0
2025-11-13T19:46:00Z,148.3800048828125,148.3800048828125,148.3800048828125,148.3800048828125,148.3800048828125,286.0
2025-11-13T19:47:00Z,148.3800048828125,148.5,148.3800048828125,148.5,148.5,5788.0
2025-11-13T19:48:00Z,148.4199981689453,148.4459991455078,148.3800048828125,148.3800048828125,148.3800048828125,3258.0
2025-11-13T19:50:00Z,148.44000244140625,148.65499877929688,148.44000244140625,148.47000122070312,148.47000122070312,6557.0
2025-11-13T19:51:00Z,148.4550018310547,148.4550018310547,148.4550018310547,148.4550018310547,148.4550018310547,2000.0
2025-11-13T19:52:00Z,148.4600067138672,148.5399932861328,148.4600067138672,148.5399932861328,148.5399932861328,2436.0
2025-11-13T19:53:00Z,148.5399932861328,148.5399932861328,148.47000122070312,148.5050048828125,148.5050048828125,2963.0
2025-11-13T19:54:00Z,148.51499938964844,148.51499938964844,148.44000244140625,148.44000244140625,148.44000244140625,3585.0
2025-11-13T19:55:00Z,148.3800048828125,148.5500030517578,148.19000244140625,148.52999877929688,148.52999877929688,11206.0
2025-11-13T19:56:00Z,148.5399932861328,148.63499450683594,148.52499389648438,148.60000610351562,148.60000610351562,3340.0
2025-11-13T19:57:00Z,148.50999450683594,148.52000427246094,148.50999450683594,148.50999450683594,148.50999450683594,2246.0
2025-11-13T19:58:00Z,148.57000732421875,148.5800018310547,148.57000732421875,148.5800018310547,148.5800018310547,2657.0
2025-11-13T19:59:00Z,148.55999755859375,148.5749969482422,148.52000427246094,148.5749969482422,148.5749969482422,1540.0
2025-11-13T20:00:00Z,148.5,148.52999877929688,148.42999267578125,148.42999267578125,148.42999267578125,2993.0
2025-11-13T20:01:00Z,148.43499755859375,148.5,148.43499755859375,148.44500732421875,148.44500732421875,2321.0
2025-11-13T20:02:00Z,148.38999938964844,148.4250030517578,148.3800048828125,148.3800048828125,148.3800048828125,1640.0
2025-11-13T20:03:00Z,148.4250030517578,148.49000549316406,148.4250030517578,148.49000549316406,148.49000549316406,2954.0
2025-11-13T20:04:00Z,148.47999572753906,148.47999572753906,148.44000244140625,148.44000244140625,148.44000244140625,2259.0
2025-11-13T20:05:00Z,148.4199981689453,148.50999450683594,148.41000366210938,148.47000122070312,148.47000122070312,3818.0
2025-11-13T20:06:00Z,148.47999572753906,148.5050048828125,148.47999572753906,148.5,148.5,1566.0
2025-11-13T20:07:00Z,148.57000732421875,148.60000610351562,148.52000427246094,148.52000427246094,148.52000427246094,4835.0
2025-11-13T20:08:00Z,148.52999877929688,148.6300048828125,148.52999877929688,148.60000610351562,148.60000610351562,3075.0
2025-11-13T20:09:00Z,148.59500122070312,148.67999267578125,148.59500122070312,148.67999267578125,148.67999267578125,2945.0
2025-11-13T20:10:00Z,148.6999969482422,148.6999969482422,148.47000122070312,148.47000122070312,148.47000122070312,7515.0
2025-11-13T20:11:00Z,148.5,148.50999450683594,148.5,148.5,148.5,2250.0
2025-11-13T20:12:00Z,148.4949951171875,148.61000061035156,148.4949951171875,148.52999877929688,148.52999877929688,4264.0
2025-11-13T20:13:00Z,148.50999450683594,148.50999450683594,148.4499969482422,148.49000549316406,148.49000549316406,2168.0
2025-11-13T20:14:00Z,148.42999267578125,148.42999267578125,148.2899932861328,148.2899932861328,148.2899932861328,3726.0
2025-11-13T20:15:00Z,148.3300018310547,148.3300018310547,148.27999877929688,148.27999877929688,148.27999877929688,2210.0
2025-11-13T20:16:00Z,148.2899932861328,148.3000030517578,148.22999572753906,148.22999572753906,148.22999572753906,2558.0
2025-11-13T20:17:00Z,148.24000549316406,148.27000427246094,148.19000244140625,148.22500610351562,148.22500610351562,3157.0
2025-11-13T20:18:00Z,148.1699981689453,148.2100067138672,148.1699981689453,148.17999267578125,148.17999267578125,4020.0
2025-11-13T20:19:00Z,148.18499755859375,148.22999572753906,148.11000061035156,148.11000061035156,148.11000061035156,5881.0
2025-11-13T20:20:00Z,148.11000061035156,148.11000061035156,148.0399932861328,148.07000732421875,148.07000732421875,3810.0
2025-11-13T20:21:00Z,148.0,148.0,147.91000366210938,147.9550018310547,147.9550018310547,5611.0
2025-11-13T20:22:00Z,147.9550018310547,148.10000610351562,147.88999938964844,147.98500061035156,147.98500061035156,12561.0
2025-11-13T20:23:00Z,147.97999572753906,147.97999572753906,147.97999572753906,147.97999572753906,147.97999572753906,1232.0
2025-11-13T20:24:00Z,147.9600067138672,148.07000732421875,147.9600067138672,148.07000732421875,148.07000732421875,6680.0
2025-11-13T20:25:00Z,148.02000427246094,148.02000427246094,147.9600067138672,147.99000549316406,147.99000549316406,1717.0
2025-11-13T20:26:00Z,147.9949951171875,148.0800018310547,147.9949951171875,148.0500030517578,148.0500030517578,3234.0
2025-11-13T20:27:00Z,148.00999450683594,148.0458984375,148.00999450683594,148.02999877929688,148.02999877929688,3489.0
2025-11-13T20:28:00Z,148.02000427246094,148.02000427246094,147.97000122070312,147.97000122070312,147.97000122070312,1285.0
2025-11-13T20:29:00Z,148.02000427246094,148.02999877929688,147.9600067138672,148.02999877929688,148.02999877929688,6672.0
2025-11-13T20:30:00Z,148.02999877929688,148.16000366210938,148.02749633789062,148.05999755859375,148.05999755859375,8744.0
2025-11-13T20:31:00Z,147.99000549316406,147.99000549316406,147.86000061035156,147.8699951171875,147.8699951171875,6678.0
2025-11-13T20:32:00Z,147.92999267578125,147.97999572753906,147.9199981689453,147.9199981689453,147.9199981689453,4613.0
2025-11-13T20:33:00Z,147.89999389648438,147.89999389648438,147.8000030517578,147.8000030517578,147.8000030517578,3356.0
2025-11-13T20:34:00Z,147.85000610351562,147.85499572753906,147.8000030517578,147.8000030517578,147.8000030517578,3229.0
2025-11-13T20:35:00Z,147.8000030517578,148.02000427246094,147.8000030517578,147.98500061035156,147.98500061035156,6913.0
2025-11-13T20:36:00Z,147.97999572753906,148.03399658203125,147.89999389648438,147.9600067138672,147.9600067138672,5806.0
2025-11-13T20:37:00Z,147.9600067138672,147.9600067138672,147.89999389648438,147.94000244140625,147.94000244140625,7031.0
2025-11-13T20:38:00Z,147.93499755859375,148.07000732421875,147.9199981689453,148.02000427246094,148.02000427246094,10757.0
2025-11-13T20:39:00Z,147.94000244140625,147.99000549316406,147.92999267578125,147.97500610351562,147.97500610351562,8236.0
2025-11-13T20:40:00Z,148.0500030517578,148.1199951171875,148.0,148.0749969482422,148.0749969482422,7597.0
2025-11-13T20:41:00Z,148.0800018310547,148.17999267578125,148.0800018310547,148.1300048828125,148.1300048828125,7600.0
2025-11-13T20:42:00Z,148.05999755859375,148.10499572753906,148.00999450683594,148.00999450683594,148.00999450683594,3294.0
2025-11-13T20:43:00Z,147.9600067138672,147.9600067138672,147.7779998779297,147.7779998779297,147.7779998779297,6695.0
2025-11-13T20:44:00Z,147.7949981689453,147.85000610351562,147.72999572753906,147.75999450683594,147.75999450683594,7474.0
2025-11-13T20:45:00Z,147.72999572753906,147.75,147.65499877929688,147.66000366210938,147.66000366210938,6169.0
2025-11-13T20:46:00Z,147.66000366210938,147.75999450683594,147.66000366210938,147.75,147.75,7627.0
2025-11-13T20:47:00Z,147.7899932861328,147.80999755859375,147.72999572753906,147.75999450683594,147.75999450683594,4831.0
2025-11-13T20:48:00Z,147.74249267578125,147.74249267578125,147.63999938964844,147.66000366210938,147.66000366210938,11576.0
2025-11-13T20:49:00Z,147.6699981689453,147.7050018310547,147.47999572753906,147.49000549316406,147.49000549316406,13795.0
2025-11-13T20:50:00Z,147.52999877929688,147.5399932861328,147.08999633789062,147.1300048828125,147.1300048828125,19809.0
2025-11-13T20:51:00Z,147.1300048828125,147.3699951171875,147.1300048828125,147.3699951171875,147.3699951171875,26862.0
2025-11-13T20:52:00Z,147.36000061035156,147.36000061035156,147.15499877929688,147.15499877929688,147.15499877929688,16146.0
2025-11-13T20:53:00Z,147.16000366210938,147.16000366210938,147.0659942626953,147.0850067138672,147.0850067138672,11072.0
2025-11-13T20:54:00Z,147.0850067138672,147.13999938964844,146.875,146.875,146.875,27438.0
2025-11-13T20:55:00Z,146.88600158691406,146.88600158691406,146.52000427246094,146.77000427246094,146.77000427246094,47330.0
2025-11-13T20:56:00Z,146.75,146.82000732421875,146.6999969482422,146.74000549316406,146.74000549316406,37800.0
2025-11-13T20:57:00Z,146.72999572753906,146.82000732421875,146.64999389648438,146.77000427246094,146.77000427246094,50703.0
2025-11-13T20:58:00Z,146.77000427246094,146.8000030517578,146.69000244140625,146.7899932861328,146.7899932861328,76664.0
2025-11-13T20:59:00Z,146.7899932861328,146.88999938964844,146.6999969482422,146.88999938964844,146.88999938964844,90701.0
2025-11-14T14:31:00Z,146.08999633789062,146.52499389648438,146.0500030517578,146.49000549316406,146.49000549316406,6469.0
2025-11-14T14:32:00Z,145.9199981689453,146.64120483398438,145.63499450683594,145.82000732421875,145.82000732421875,5906.0
2025-11-14T14:33:00Z,145.77999877929688,145.8300018310547,145.58999633789062,145.77999877929688,145.77999877929688,4168.0
2025-11-14T14:34:00Z,145.4600067138672,145.57000732421875,145.3000030517578,145.55999755859375,145.55999755859375,2496.0
2025-11-14T14:35:00Z,145.33999633789062,145.59500122070312,145.3000030517578,145.59500122070312,145.59500122070312,835.0
2025-11-14T14:36:00Z,145.5399932861328,145.5399932861328,145.39999389648438,145.52999877929688,145.52999877929688,1460.0
2025-11-14T14:37:00Z,145.59500122070312,145.59500122070312,145.59500122070312,145.59500122070312,145.59500122070312,1186.0
2025-11-14T14:38:00Z,145.58999633789062,145.58999633789062,145.47999572753906,145.47999572753906,145.47999572753906,1546.0
2025-11-14T14:39:00Z,145.69000244140625,145.74000549316406,145.69000244140625,145.74000549316406,145.74000549316406,1476.0
2025-11-14T14:40:00Z,145.25999450683594,145.375,145.25999450683594,145.375,145.375,1783.0
2025-11-14T14:41:00Z,145.56500244140625,145.63999938964844,145.33999633789062,145.33999633789062,145.33999633789062,1016.0
2025-11-14T14:42:00Z,145.51499938964844,146.0399932861328,145.51499938964844,145.7899932861328,145.7899932861328,6329.0
2025-11-14T14:43:00Z,145.7949981689453,145.8249969482422,145.5500030517578,145.80499267578125,145.80499267578125,3505.0
2025-11-14T14:44:00Z,145.5399932861328,145.6750030517578,145.5399932861328,145.6750030517578,145.6750030517578,993.0
2025-11-14T14:45:00Z,145.6999969482422,145.74000549316406,145.47000122070312,145.5399932861328,145.5399932861328,1569.0
2025-11-14T14:46:00Z,145.75,146.0500030517578,145.75,146.0500030517578,146.0500030517578,2372.0
2025-11-14T14:47:00Z,146.36000061035156,146.36000061035156,145.86000061035156,145.86000061035156,145.86000061035156,1645.0
2025-11-14T14:48:00Z,145.8350067138672,145.97999572753906,145.8350067138672,145.97999572753906,145.97999572753906,1302.0
2025-11-14T14:49:00Z,145.69000244140625,145.69000244140625,145.69000244140625,145.69000244140625,145.69000244140625,937.0
2025-11-14T14:50:00Z,145.5850067138672,145.82000732421875,145.54580688476562,145.7899932861328,145.7899932861328,1780.0
2025-11-14T14:51:00Z,145.85000610351562,145.85000610351562,145.75,145.75,145.75,1020.0
2025-11-14T14:52:00Z,145.4774932861328,145.4774932861328,145.4774932861328,145.4774932861328,145.4774932861328,621.0
2025-11-14T14:53:00Z,145.60000610351562,145.72999572753906,145.5399932861328,145.6217041015625,145.6217041015625,1484.0
2025-11-14T14:54:00Z,145.77000427246094,145.77000427246094,145.77000427246094,145.77000427246094,145.77000427246094,491.0
2025-11-14T14:55:00Z,145.5399932861328,145.5399932861328,145.35000610351562,145.4499969482422,145.4499969482422,9526.0
2025-11-14T14:56:00Z,145.57000732421875,145.72000122070312,145.5500030517578,145.72000122070312,145.72000122070312,2324.0
2025-11-14T14:57:00Z,145.6820068359375,145.8699951171875,145.6820068359375,145.8699951171875,145.8699951171875,751.0
2025-11-14T14:58:00Z,145.9499969482422,146.0500030517578,145.9199981689453,145.94000244140625,145.94000244140625,2504.0
2025-11-14T14:59:00Z,145.83999633789062,145.83999633789062,145.7449951171875,145.7550048828125,145.7550048828125,1858.0
2025-11-14T15:00:00Z,145.66000366210938,145.71499633789062,145.50999450683594,145.55999755859375,145.55999755859375,3898.0
2025-11-14T15:01:00Z,145.82000732421875,145.82000732421875,145.4600067138672,145.47999572753906,145.47999572753906,5540.0
2025-11-14T15:02:00Z,145.51229858398438,145.59500122070312,145.3350067138672,145.3699951171875,145.3699951171875,4859.0
2025-11-14T15:03:00Z,145.3000030517578,145.375,145.07000732421875,145.10000610351562,145.10000610351562,5339.0
2025-11-14T15:04:00Z,145.10000610351562,145.10000610351562,145.0850067138672,145.08999633789062,145.08999633789062,1971.0
2025-11-14T15:05:00Z,145.0050048828125,145.0449981689453,144.83999633789062,144.94000244140625,144.94000244140625,4187.0
2025-11-14T15:06:00Z,145.10000610351562,145.10000610351562,144.99200439453125,145.08999633789062,145.08999633789062,1712.0
2025-11-14T15:07:00Z,145.0800018310547,145.0800018310547,145.0800018310547,145.0800018310547,145.0800018310547,765.0
2025-11-14T15:08:00Z,145.10499572753906,145.10499572753906,145.10499572753906,145.10499572753906,145.10499572753906,1026.0
2025-11-14T15:09:00Z,145.13999938964844,145.3000030517578,145.13999938964844,145.27000427246094,145.27000427246094,3734.0
2025-11-14T15:10:00Z,145.28500366210938,145.32000732421875,145.26499938964844,145.32000732421875,145.32000732421875,2413.0
2025-11-14T15:11:00Z,145.44000244140625,145.55499267578125,145.44000244140625,145.55499267578125,145.55499267578125,658.0
2025-11-14T15:12:00Z,145.5469970703125,145.5469970703125,145.4499969482422,145.4499969482422,145.4499969482422,827.0
2025-11-14T15:13:00Z,145.35000610351562,145.35000610351562,145.14999389648438,145.14999389648438,145.14999389648438,3081.0
2025-11-14T15:14:00Z,145.10499572753906,145.2100067138672,145.10499572753906,145.1999969482422,145.1999969482422,3069.0
2025-11-14T15:15:00Z,145.36000061035156,145.36000061035156,145.02000427246094,145.0399932861328,145.0399932861328,2289.0
2025-11-14T15:16:00Z,145.19500732421875,145.57000732421875,145.19500732421875,145.57000732421875,145.57000732421875,3061.0
2025-11-14T15:17:00Z,145.51499938964844,145.5467987060547,145.51499938964844,145.5399932861328,145.5399932861328,682.0
2025-11-14T15:18:00Z,145.5,145.91000366210938,145.5,145.91000366210938,145.91000366210938,1888.0
2025-11-14T15:19:00Z,145.86000061035156,145.93499755859375,145.86000061035156,145.93499755859375,145.93499755859375,1875.0
2025-11-14T15:20:00Z,146.05999755859375,146.08999633789062,146.05999755859375,146.08999633789062,146.08999633789062,1151.0
2025-11-14T15:21:00Z,146.05999755859375,146.05999755859375,146.05999755859375,146.05999755859375,146.05999755859375,242.0
2025-11-14T15:22:00Z,146.22500610351562,146.3300018310547,146.2100067138672,146.2100067138672,146.2100067138672,1796.0
2025-11-14T15:23:00Z,146.39999389648438,146.39999389648438,145.92999267578125,146.06500244140625,146.06500244140625,7527.0
2025-11-14T15:24:00Z,145.89999389648438,145.89999389648438,145.6999969482422,145.6999969482422,145.6999969482422,1148.0
2025-11-14T15:25:00Z,145.77499389648438,145.82000732421875,145.69500732421875,145.69500732421875,145.69500732421875,2716.0
2025-11-14T15:26:00Z,145.77000427246094,145.77000427246094,145.49000549316406,145.53500366210938,145.53500366210938,1778.0
2025-11-14T15:27:00Z,145.57000732421875,145.7100067138672,145.55999755859375,145.7100067138672,145.7100067138672,2243.0
2025-11-14T15:28:00Z,145.67999267578125,145.67999267578125,145.67999267578125,145.67999267578125,145.67999267578125,700.0
2025-11-14T15:29:00Z,145.7100067138672,145.76499938964844,145.7100067138672,145.76499938964844,145.76499938964844,1295.0
2025-11-14T15:30:00Z,145.7449951171875,145.7449951171875,145.7449951171875,145.7449951171875,145.7449951171875,1095.0
2025-11-14T15:31:00Z,145.5399932861328,145.5399932861328,145.25999450683594,145.25999450683594,145.25999450683594,2181.0
2025-11-14T15:33:00Z,145.3350067138672,145.8000030517578,145.3350067138672,145.67999267578125,145.67999267578125,4177.0
2025-11-14T15:34:00Z,145.67999267578125,145.8699951171875,145.67999267578125,145.8699951171875,145.8699951171875,1606.0
2025-11-14T15:35:00Z,145.92999267578125,146.11500549316406,145.92999267578125,146.11500549316406,146.11500549316406,1336.0
2025-11-14T15:36:00Z,145.92999267578125,146.10000610351562,145.92999267578125,146.10000610351562,146.10000610351562,1454.0
2025-11-14T15:37:00Z,146.02499389648438,146.1999969482422,146.02499389648438,146.14500427246094,146.14500427246094,1807.0
2025-11-14T15:38:00Z,146.14500427246094,146.14500427246094,146.14500427246094,146.14500427246094,146.14500427246094,919.0
2025-11-14T15:39:00Z,146.14500427246094,146.14500427246094,146.14500427246094,146.14500427246094,146.14500427246094,767.0
2025-11-14T15:40:00Z,146.13999938964844,146.13999938964844,146.13999938964844,146.13999938964844,146.13999938964844,608.0
2025-11-14T15:41:00Z,146.14500427246094,146.24000549316406,146.14500427246094,146.24000549316406,146.24000549316406,1443.0
2025-11-14T15:42:00Z,146.19000244140625,146.19000244140625,146.17999267578125,146.18499755859375,146.18499755859375,966.0
2025-11-14T15:43:00Z,146.25999450683594,146.3000030517578,146.21499633789062,146.3000030517578,146.3000030517578,3464.0
2025-11-14T15:44:00Z,146.2100067138672,146.2100067138672,146.13999938964844,146.16000366210938,146.16000366210938,3244.0
2025-11-14T15:45:00Z,146.44000244140625,146.44000244140625,146.44000244140625,146.44000244140625,146.44000244140625,1195.0
2025-11-14T15:46:00Z,146.5050048828125,146.63999938964844,146.5050048828125,146.63999938964844,146.63999938964844,1215.0
2025-11-14T15:47:00Z,146.6999969482422,146.77000427246094,146.6999969482422,146.77000427246094,146.77000427246094,1433.0
2025-11-14T15:48:00Z,146.77000427246094,146.77999877929688,146.6699981689453,146.67999267578125,146.67999267578125,2678.0
2025-11-14T15:49:00Z,146.77999877929688,146.78500366210938,146.77999877929688,146.78500366210938,146.78500366210938,3149.0
2025-11-14T15:51:00Z,146.88999938964844,146.88999938964844,146.86000061035156,146.875,146.875,2252.0
2025-11-14T15:52:00Z,146.8699951171875,146.99000549316406,146.8699951171875,146.9199981689453,146.9199981689453,2274.0
2025-11-14T15:53:00Z,146.9600067138672,147.00999450683594,146.91000366210938,146.92999267578125,146.92999267578125,4194.0
2025-11-14T15:54:00Z,146.97000122070312,146.97000122070312,146.96499633789062,146.96499633789062,146.96499633789062,714.0
2025-11-14T15:55:00Z,146.8800048828125,146.88499450683594,146.85000610351562,146.88499450683594,146.88499450683594,3133.0
2025-11-14T15:56:00Z,146.89779663085938,146.89779663085938,146.86500549316406,146.86500549316406,146.86500549316406,553.0
2025-11-14T15:57:00Z,147.0,147.0,146.99000549316406,146.99000549316406,146.99000549316406,938.0
2025-11-14T15:58:00Z,147.0399932861328,147.0800018310547,146.91000366210938,146.91600036621094,146.91600036621094,2156.0
2025-11-14T15:59:00Z,147.0,147.0,146.86000061035156,146.94000244140625,146.94000244140625,3276.0
2025-11-14T16:00:00Z,147.02999877929688,147.0399932861328,146.99000549316406,146.99000549316406,146.99000549316406,2159.0
2025-11-14T16:01:00Z,146.88499450683594,146.88499450683594,146.88499450683594,146.88499450683594,146.88499450683594,867.0
2025-11-14T16:03:00Z,146.9949951171875,147.00999450683594,146.88999938964844,146.88999938964844,146.88999938964844,3160.0
2025-11-14T16:04:00Z,146.8000030517578,146.82000732421875,146.75999450683594,146.7899932861328,146.7899932861328,1771.0
2025-11-14T16:05:00Z,146.80499267578125,146.80499267578125,146.80499267578125,146.80499267578125,146.80499267578125,883.0
2025-11-14T16:07:00Z,146.6999969482422,146.6999969482422,146.6999969482422,146.6999969482422,146.6999969482422,973.0
2025-11-14T16:08:00Z,146.6999969482422,146.6999969482422,146.61000061035156,146.61000061035156,146.61000061035156,1711.0
2025-11-14T16:09:00Z,146.61500549316406,146.72000122070312,146.61500549316406,146.72000122070312,146.72000122070312,1552.0
2025-11-14T16:10:00Z,146.67999267578125,146.67999267578125,146.67999267578125,146.67999267578125,146.67999267578125,1719.0
2025-11-14T16:12:00Z,146.72000122070312,146.82000732421875,146.72000122070312,146.82000732421875,146.82000732421875,2647.0
2025-11-14T16:13:00Z,146.9199981689453,147.00999450683594,146.9199981689453,147.00999450683594,147.00999450683594,2666.0
2025-11-14T16:16:00Z,146.8800048828125,146.8800048828125,146.85000610351562,146.85000610351562,146.85000610351562,1924.0
2025-11-14T16:17:00Z,146.82000732421875,146.82000732421875,146.7899932861328,146.7899932861328,146.7899932861328,1210.0
2025-11-14T16:18:00Z,146.75,146.8000030517578,146.73500061035156,146.8000030517578,146.8000030517578,1115.0
2025-11-14T16:19:00Z,146.84500122070312,146.8800048828125,146.84500122070312,146.8800048828125,146.8800048828125,865.0
2025-11-14T16:22:00Z,146.75999450683594,146.75999450683594,146.75,146.75999450683594,146.75999450683594,1322.0
2025-11-14T16:23:00Z,146.75,146.75,146.75,146.75,146.75,509.0
2025-11-14T16:24:00Z,146.83999633789062,147.1300048828125,146.80499267578125,147.1300048828125,147.1300048828125,3180.0
2025-11-14T16:25:00Z,147.02999877929688,147.02999877929688,147.02999877929688,147.02999877929688,147.02999877929688,360.0
2025-11-14T16:26:00Z,147.02000427246094,147.05999755859375,147.02000427246094,147.0399932861328,147.0399932861328,1271.0
2025-11-14T16:27:00Z,147.0399932861328,147.0399932861328,146.97000122070312,146.97000122070312,146.97000122070312,1059.0
2025-11-14T16:28:00Z,147.0399932861328,147.07000732421875,146.97000122070312,147.07000732421875,147.07000732421875,5853.0
2025-11-14T16:29:00Z,146.97000122070312,146.97000122070312,146.9499969482422,146.9499969482422,146.9499969482422,2782.0
2025-11-14T16:30:00Z,146.9199981689453,146.94000244140625,146.9199981689453,146.94000244140625,146.94000244140625,1241.0
2025-11-14T16:31:00Z,147.0,147.0,146.94000244140625,146.94000244140625,146.94000244140625,902.0
2025-11-14T16:32:00Z,146.94000244140625,146.94000244140625,146.91000366210938,146.91000366210938,146.91000366210938,1055.0
2025-11-14T16:33:00Z,146.8800048828125,146.89500427246094,146.86000061035156,146.89500427246094,146.89500427246094,2250.0
2025-11-14T16:34:00Z,146.9199981689453,147.02000427246094,146.9199981689453,146.98500061035156,146.98500061035156,2037.0
2025-11-14T16:35:00Z,147.0399932861328,147.0399932861328,147.0399932861328,147.0399932861328,147.0399932861328,296.0
2025-11-14T16:36:00Z,147.0800018310547,147.24000549316406,147.0800018310547,147.22000122070312,147.22000122070312,2303.0
2025-11-14T16:37:00Z,147.28500366210938,147.39999389648438,147.28500366210938,147.39999389648438,147.39999389648438,2025.0
2025-11-14T16:38:00Z,147.38999938964844,147.4199981689453,147.38999938964844,147.4199981689453,147.4199981689453,828.0
2025-11-14T16:39:00Z,147.4375,147.4375,147.42999267578125,147.42999267578125,147.42999267578125,864.0
2025-11-14T16:40:00Z,147.4029998779297,147.4029998779297,147.25,147.27499389648438,147.27499389648438,3054.0
2025-11-14T16:41:00Z,147.30999755859375,147.30999755859375,147.30999755859375,147.30999755859375,147.30999755859375,553.0
2025-11-14T16:42:00Z,147.3300018310547,147.3800048828125,147.27999877929688,147.27999877929688,147.27999877929688,2242.0
2025-11-14T16:43:00Z,147.22999572753906,147.22999572753906,147.22999572753906,147.22999572753906,147.22999572753906,217.0
2025-11-14T16:44:00Z,147.22999572753906,147.22999572753906,147.10000610351562,147.13340759277344,147.13340759277344,2150.0
2025-11-14T16:45:00Z,147.0500030517578,147.22999572753906,147.0500030517578,147.22999572753906,147.22999572753906,1066.0
2025-11-14T16:46:00Z,147.23500061035156,147.25570678710938,147.23500061035156,147.25570678710938,147.25570678710938,705.0
2025-11-14T16:47:00Z,147.19000244140625,147.19500732421875,147.11000061035156,147.19000244140625,147.19000244140625,2636.0
2025-11-14T16:48:00Z,147.27999877929688,147.32000732421875,147.27999877929688,147.30999755859375,147.30999755859375,2040.0
2025-11-14T16:49:00Z,147.3699951171875,147.3699951171875,147.3699951171875,147.3699951171875,147.3699951171875,312.0
2025-11-14T16:50:00Z,147.4199981689453,147.44000244140625,147.4199981689453,147.44000244140625,147.44000244140625,1047.0
2025-11-14T16:51:00Z,147.3699951171875,147.3699951171875,147.3699951171875,147.3699951171875,147.3699951171875,505.0
2025-11-14T16:53:00Z,147.4600067138672,147.4600067138672,147.3699951171875,147.3699951171875,147.3699951171875,665.0
2025-11-14T16:54:00Z,147.5399932861328,147.5399932861328,147.5399932861328,147.5399932861328,147.5399932861328,370.0
2025-11-14T16:55:00Z,147.42999267578125,147.42999267578125,147.36000061035156,147.42999267578125,147.42999267578125,2995.0
2025-11-14T16:56:00Z,147.5,147.50999450683594,147.39999389648438,147.39999389648438,147.39999389648438,3275.0
2025-11-14T16:57:00Z,147.39999389648438,147.39999389648438,147.39999389648438,147.39999389648438,147.39999389648438,734.0
2025-11-14T16:58:00Z,147.33999633789062,147.3800048828125,147.33999633789062,147.3800048828125,147.3800048828125,1609.0
2025-11-14T16:59:00Z,147.4250030517578,147.4250030517578,147.4250030517578,147.4250030517578,147.4250030517578,432.0
2025-11-14T17:00:00Z,147.4600067138672,147.47999572753906,147.4600067138672,147.47000122070312,147.47000122070312,1700.0
2025-11-14T17:01:00Z,147.49000549316406,147.7100067138672,147.49000549316406,147.7100067138672,147.7100067138672,3669.0
2025-11-14T17:02:00Z,147.66000366210938,147.69000244140625,147.66000366210938,147.69000244140625,147.69000244140625,571.0
2025-11-14T17:03:00Z,147.6699981689453,147.69500732421875,147.63999938964844,147.69500732421875,147.69500732421875,1662.0
2025-11-14T17:04:00Z,147.7449951171875,147.7449951171875,147.7449951171875,147.7449951171875,147.7449951171875,564.0
2025-11-14T17:06:00Z,147.74000549316406,147.7449951171875,147.74000549316406,147.7449951171875,147.7449951171875,1412.0
2025-11-14T17:07:00Z,147.63999938964844,147.75,147.61000061035156,147.61000061035156,147.61000061035156,1693.0
2025-11-14T17:08:00Z,147.58999633789062,147.58999633789062,147.58999633789062,147.58999633789062,147.58999633789062,614.0
2025-11-14T17:09:00Z,147.5399932861328,147.5399932861328,147.5399932861328,147.5399932861328,147.5399932861328,925.0
2025-11-14T17:10:00Z,147.67999267578125,147.85000610351562,147.6699981689453,147.75,147.75,5465.0
2025-11-14T17:11:00Z,147.82000732421875,147.82000732421875,147.82000732421875,147.82000732421875,147.82000732421875,486.0
2025-11-14T17:12:00Z,147.79800415039062,147.79800415039062,147.79800415039062,147.79800415039062,147.79800415039062,633.0
2025-11-14T17:13:00Z,147.86500549316406,147.86500549316406,147.75,147.75,147.75,1665.0
2025-11-14T17:14:00Z,147.76499938964844,147.76499938964844,147.76499938964844,147.76499938964844,147.76499938964844,1227.0
2025-11-14T17:15:00Z,147.63999938964844,147.69000244140625,147.5800018310547,147.5800018310547,147.5800018310547,1190.0
2025-11-14T17:16:00Z,147.63999938964844,147.74000549316406,147.63999938964844,147.74000549316406,147.74000549316406,1145.0
2025-11-14T17:17:00Z,147.86000061035156,147.8699951171875,147.7949981689453,147.8000030517578,147.8000030517578,1428.0
2025-11-14T17:18:00Z,147.77499389648438,147.80999755859375,147.77499389648438,147.80999755859375,147.80999755859375,804.0
2025-11-14T17:19:00Z,147.9499969482422,148.0,147.9499969482422,148.0,148.0,742.0
2025-11-14T17:20:00Z,147.92999267578125,147.92999267578125,147.83999633789062,147.83999633789062,147.83999633789062,2135.0
2025-11-14T17:21:00Z,147.75,147.7899932861328,147.75,147.7899932861328,147.7899932861328,1269.0
2025-11-14T17:22:00Z,147.7100067138672,147.7550048828125,147.7100067138672,147.7100067138672,147.7100067138672,1033.0
2025-11-14T17:23:00Z,147.76499938964844,147.76499938964844,147.6999969482422,147.6999969482422,147.6999969482422,1014.0
2025-11-14T17:24:00Z,147.61000061035156,147.68499755859375,147.5500030517578,147.5500030517578,147.5500030517578,1163.0
2025-11-14T17:25:00Z,147.5500030517578,147.5800018310547,147.4199981689453,147.4199981689453,147.4199981689453,2397.0
2025-11-14T17:26:00Z,147.44000244140625,147.44000244140625,147.21499633789062,147.2899932861328,147.2899932861328,2036.0
2025-11-14T17:27:00Z,147.1999969482422,147.23500061035156,147.1999969482422,147.23500061035156,147.23500061035156,792.0
2025-11-14T17:29:00Z,147.35000610351562,147.35000610351562,147.1300048828125,147.27999877929688,147.27999877929688,2577.0
2025-11-14T17:30:00Z,147.3000030517578,147.3419952392578,147.17999267578125,147.3419952392578,147.3419952392578,2095.0
2025-11-14T17:31:00Z,147.30499267578125,147.30499267578125,147.22999572753906,147.22999572753906,147.22999572753906,568.0
2025-11-14T17:32:00Z,147.27499389648438,147.27499389648438,147.22000122070312,147.22000122070312,147.22000122070312,393.0
2025-11-14T17:33:00Z,147.1999969482422,147.1999969482422,147.1999969482422,147.1999969482422,147.1999969482422,799.0
2025-11-14T17:34:00Z,147.27000427246094,147.27000427246094,147.27000427246094,147.27000427246094,147.27000427246094,1107.0
2025-11-14T17:35:00Z,147.3000030517578,147.3000030517578,147.1699981689453,147.1699981689453,147.1699981689453,855.0
2025-11-14T17:36:00Z,147.14999389648438,147.14999389648438,147.14999389648438,147.14999389648438,147.14999389648438,261.0
2025-11-14T17:37:00Z,147.1699981689453,147.24000549316406,147.1699981689453,147.17999267578125,147.17999267578125,731.0
2025-11-14T17:38:00Z,147.24000549316406,147.34500122070312,147.24000549316406,147.34500122070312,147.34500122070312,1883.0
2025-11-14T17:39:00Z,147.36500549316406,147.4600067138672,147.32000732421875,147.4600067138672,147.4600067138672,2377.0
2025-11-14T17:40:00Z,147.3300018310547,147.35000610351562,147.3300018310547,147.35000610351562,147.35000610351562,2468.0
2025-11-14T17:41:00Z,147.30499267578125,147.30499267578125,147.24000549316406,147.30499267578125,147.30499267578125,651.0
2025-11-14T17:42:00Z,147.25,147.30499267578125,147.25,147.30499267578125,147.30499267578125,555.0
2025-11-14T17:43:00Z,147.34500122070312,147.34500122070312,147.34500122070312,147.34500122070312,147.34500122070312,471.0
2025-11-14T17:44:00Z,147.3300018310547,147.3800048828125,147.30999755859375,147.3800048828125,147.3800048828125,2587.0
2025-11-14T17:45:00Z,147.36000061035156,147.39999389648438,147.36000061035156,147.36000061035156,147.36000061035156,2306.0
2025-11-14T17:46:00Z,147.36000061035156,147.3699951171875,147.36000061035156,147.36000061035156,147.36000061035156,1294.0
2025-11-14T17:47:00Z,147.35000610351562,147.35000610351562,147.3300018310547,147.35000610351562,147.35000610351562,908.0
2025-11-14T17:48:00Z,147.35000610351562,147.35499572753906,147.2716064453125,147.35499572753906,147.35499572753906,1381.0
2025-11-14T17:49:00Z,147.2899932861328,147.35499572753906,147.2899932861328,147.35499572753906,147.35499572753906,975.0
2025-11-14T17:50:00Z,147.35499572753906,147.36500549316406,147.14999389648438,147.14999389648438,147.14999389648438,2437.0
2025-11-14T17:51:00Z,147.13999938964844,147.1999969482422,147.0399932861328,147.07000732421875,147.07000732421875,1778.0
2025-11-14T17:52:00Z,147.17999267578125,147.27999877929688,147.14999389648438,147.27999877929688,147.27999877929688,2427.0
2025-11-14T17:54:00Z,147.2324981689453,147.2899932861328,147.2324981689453,147.2899932861328,147.2899932861328,1276.0
2025-11-14T17:55:00Z,147.3000030517578,147.35499572753906,147.3000030517578,147.35499572753906,147.35499572753906,1434.0
2025-11-14T17:56:00Z,147.27000427246094,147.27000427246094,147.27000427246094,147.27000427246094,147.27000427246094,517.0
2025-11-14T17:57:00Z,147.38999938964844,147.38999938964844,147.36000061035156,147.36000061035156,147.36000061035156,933.0
2025-11-14T17:58:00Z,147.38999938964844,147.38999938964844,147.38999938964844,147.38999938964844,147.38999938964844,438.0
2025-11-14T17:59:00Z,147.38999938964844,147.38999938964844,147.3300018310547,147.3699951171875,147.3699951171875,1461.0
2025-11-14T18:00:00Z,147.25,147.25,147.1699981689453,147.1699981689453,147.1699981689453,1579.0
2025-11-14T18:01:00Z,147.0500030517578,147.05999755859375,146.97999572753906,146.97999572753906,146.97999572753906,1153.0
2025-11-14T18:02:00Z,147.00750732421875,147.00750732421875,146.91000366210938,146.91000366210938,146.91000366210938,1075.0
2025-11-14T18:03:00Z,146.8300018310547,146.8300018310547,146.8300018310547,146.8300018310547,146.8300018310547,744.0
2025-11-14T18:05:00Z,146.92999267578125,146.92999267578125,146.8000030517578,146.8000030517578,146.8000030517578,2267.0
2025-11-14T18:06:00Z,146.82000732421875,146.82000732421875,146.82000732421875,146.82000732421875,146.82000732421875,600.0
2025-11-14T18:07:00Z,146.8699951171875,146.8699951171875,146.8699951171875,146.8699951171875,146.8699951171875,916.0
2025-11-14T18:08:00Z,146.77999877929688,146.8699951171875,146.77999877929688,146.8699951171875,146.8699951171875,606.0
2025-11-14T18:09:00Z,146.8000030517578,146.99000549316406,146.75999450683594,146.9550018310547,146.9550018310547,3139.0
2025-11-14T18:10:00Z,146.99000549316406,147.0399932861328,146.93499755859375,146.93499755859375,146.93499755859375,2888.0
2025-11-14T18:11:00Z,146.93499755859375,146.9824981689453,146.93499755859375,146.97250366210938,146.97250366210938,779.0
2025-11-14T18:12:00Z,147.0500030517578,147.05499267578125,147.0500030517578,147.05499267578125,147.05499267578125,1025.0
2025-11-14T18:13:00Z,147.16000366210938,147.19500732421875,147.16000366210938,147.19500732421875,147.19500732421875,1717.0
2025-11-14T18:14:00Z,147.22000122070312,147.22000122070312,147.22000122070312,147.22000122070312,147.22000122070312,1333.0
2025-11-14T18:16:00Z,147.2100067138672,147.2100067138672,147.17999267578125,147.17999267578125,147.17999267578125,440.0
2025-11-14T18:17:00Z,147.1300048828125,147.1300048828125,147.11000061035156,147.11000061035156,147.11000061035156,1989.0
2025-11-14T18:18:00Z,147.02000427246094,147.02000427246094,147.0,147.0,147.0,1479.0
2025-11-14T18:19:00Z,147.08999633789062,147.10000610351562,146.99000549316406,147.0,147.0,2631.0
2025-11-14T18:20:00Z,146.94000244140625,146.94000244140625,146.89999389648438,146.89999389648438,146.89999389648438,2419.0
2025-11-14T18:22:00Z,146.89500427246094,146.89500427246094,146.85000610351562,146.85000610351562,146.85000610351562,932.0
2025-11-14T18:23:00Z,146.7899932861328,146.7899932861328,146.77999877929688,146.77999877929688,146.77999877929688,902.0
2025-11-14T18:24:00Z,146.89999389648438,146.97000122070312,146.8000030517578,146.8800048828125,146.8800048828125,2598.0
2025-11-14T18:25:00Z,146.8990020751953,146.8990020751953,146.83999633789062,146.88510131835938,146.88510131835938,1360.0
2025-11-14T18:26:00Z,146.875,146.875,146.82000732421875,146.875,146.875,964.0
2025-11-14T18:27:00Z,146.92999267578125,146.92999267578125,146.8800048828125,146.8800048828125,146.8800048828125,2147.0
2025-11-14T18:28:00Z,146.91000366210938,147.00999450683594,146.8885040283203,146.91000366210938,146.91000366210938,2158.0
2025-11-14T18:29:00Z,146.93499755859375,146.93499755859375,146.93499755859375,146.93499755859375,146.93499755859375,404.0
2025-11-14T18:30:00Z,147.00999450683594,147.00999450683594,147.00999450683594,147.00999450683594,147.00999450683594,758.0
2025-11-14T18:31:00Z,146.93499755859375,146.93499755859375,146.93499755859375,146.93499755859375,146.93499755859375,544.0
2025-11-14T18:32:00Z,147.07000732421875,147.10000610351562,147.0399932861328,147.10000610351562,147.10000610351562,2207.0
2025-11-14T18:33:00Z,147.06500244140625,147.16990661621094,147.06500244140625,147.16990661621094,147.16990661621094,769.0
2025-11-14T18:34:00Z,147.0800018310547,147.0800018310547,146.97000122070312,146.97000122070312,146.97000122070312,1435.0
2025-11-14T18:35:00Z,147.01499938964844,147.01499938964844,147.01499938964844,147.01499938964844,147.01499938964844,534.0
2025-11-14T18:36:00Z,147.01499938964844,147.01499938964844,146.91000366210938,146.92449951171875,146.92449951171875,2042.0
2025-11-14T18:37:00Z,146.87750244140625,146.87750244140625,146.87750244140625,146.87750244140625,146.87750244140625,120.0
2025-11-14T18:38:00Z,146.82000732421875,146.82000732421875,146.75,146.80999755859375,146.80999755859375,1964.0
2025-11-14T18:39:00Z,146.75999450683594,146.75999450683594,146.75999450683594,146.75999450683594,146.75999450683594,457.0
2025-11-14T18:40:00Z,146.6999969482422,146.76499938964844,146.64500427246094,146.64500427246094,146.64500427246094,1810.0
2025-11-14T18:41:00Z,146.6199951171875,146.64500427246094,146.5749969482422,146.5749969482422,146.5749969482422,1260.0
2025-11-14T18:42:00Z,146.5399932861328,146.61000061035156,146.47999572753906,146.61000061035156,146.61000061035156,670.0
2025-11-14T18:43:00Z,146.5,146.5,146.4499969482422,146.4499969482422,146.4499969482422,1923.0
2025-11-14T18:44:00Z,146.60000610351562,146.60000610351562,146.60000610351562,146.60000610351562,146.60000610351562,698.0
2025-11-14T18:45:00Z,146.49000549316406,146.55499267578125,146.49000549316406,146.4947052001953,146.4947052001953,1638.0
2025-11-14T18:46:00Z,146.51499938964844,146.51499938964844,146.44000244140625,146.44000244140625,146.44000244140625,925.0
2025-11-14T18:47:00Z,146.51499938964844,146.51499938964844,146.51499938964844,146.51499938964844,146.51499938964844,987.0
2025-11-14T18:48:00Z,146.60000610351562,146.6999969482422,146.58999633789062,146.66000366210938,146.66000366210938,2369.0
2025-11-14T18:49:00Z,146.6199951171875,146.63999938964844,146.6199951171875,146.63999938964844,146.63999938964844,794.0
2025-11-14T18:50:00Z,146.64500427246094,146.6746063232422,146.64010620117188,146.64010620117188,146.64010620117188,1704.0
2025-11-14T18:51:00Z,146.63999938964844,146.82000732421875,146.63999938964844,146.81500244140625,146.81500244140625,2951.0
2025-11-14T18:52:00Z,146.91000366210938,146.94000244140625,146.89999389648438,146.9199981689453,146.9199981689453,1209.0
2025-11-14T18:53:00Z,147.0800018310547,147.0850067138672,147.0800018310547,147.0850067138672,147.0850067138672,604.0
2025-11-14T18:54:00Z,146.99000549316406,147.0800018310547,146.99000549316406,147.0800018310547,147.0800018310547,815.0
2025-11-14T18:55:00Z,147.10000610351562,147.10000610351562,147.0800018310547,147.0800018310547,147.0800018310547,1694.0
2025-11-14T18:56:00Z,147.05999755859375,147.0800018310547,147.02999877929688,147.02999877929688,147.02999877929688,1050.0
2025-11-14T18:57:00Z,147.02999877929688,147.02999877929688,147.0,147.0,147.0,586.0
2025-11-14T18:58:00Z,147.0500030517578,147.139892578125,147.0500030517578,147.139892578125,147.139892578125,1576.0
2025-11-14T18:59:00Z,147.02000427246094,147.02000427246094,147.02000427246094,147.02000427246094,147.02000427246094,918.0
2025-11-14T19:00:00Z,147.0,147.0,147.0,147.0,147.0,419.0
2025-11-14T19:01:00Z,146.99000549316406,147.00999450683594,146.89999389648438,146.89999389648438,146.89999389648438,4753.0
2025-11-14T19:02:00Z,146.94000244140625,147.0,146.94000244140625,146.96499633789062,146.96499633789062,792.0
2025-11-14T19:03:00Z,146.96499633789062,146.96499633789062,146.96499633789062,146.96499633789062,146.96499633789062,461.0
2025-11-14T19:04:00Z,146.99000549316406,146.99000549316406,146.99000549316406,146.99000549316406,146.99000549316406,1021.0
2025-11-14T19:05:00Z,146.99000549316406,146.99000549316406,146.8300018310547,146.8300018310547,146.8300018310547,2358.0
2025-11-14T19:06:00Z,146.8000030517578,146.91000366210938,146.8000030517578,146.89999389648438,146.89999389648438,2123.0
2025-11-14T19:07:00Z,146.7899932861328,146.80499267578125,146.68499755859375,146.68499755859375,146.68499755859375,2443.0
2025-11-14T19:08:00Z,146.68499755859375,146.68499755859375,146.67999267578125,146.67999267578125,146.67999267578125,4333.0
2025-11-14T19:09:00Z,146.66000366210938,146.6750030517578,146.66000366210938,146.6750030517578,146.6750030517578,1221.0
2025-11-14T19:10:00Z,146.69000244140625,146.82000732421875,146.69000244140625,146.8000030517578,146.8000030517578,2900.0
2025-11-14T19:11:00Z,146.77999877929688,146.77999877929688,146.75,146.75,146.75,1419.0
2025-11-14T19:12:00Z,146.77499389648438,146.77499389648438,146.77499389648438,146.77499389648438,146.77499389648438,882.0
2025-11-14T19:13:00Z,146.875,146.875,146.875,146.875,146.875,215.0
2025-11-14T19:14:00Z,146.80279541015625,146.88250732421875,146.80279541015625,146.85499572753906,146.85499572753906,1688.0
2025-11-14T19:15:00Z,146.91000366210938,146.91000366210938,146.89999389648438,146.91000366210938,146.91000366210938,1311.0
2025-11-14T19:16:00Z,146.8874969482422,146.8975067138672,146.8000030517578,146.83999633789062,146.83999633789062,1181.0
2025-11-14T19:18:00Z,146.83999633789062,146.89500427246094,146.7700958251953,146.89500427246094,146.89500427246094,1771.0
2025-11-14T19:19:00Z,146.83999633789062,146.83999633789062,146.8300018310547,146.83999633789062,146.83999633789062,1745.0
2025-11-14T19:20:00Z,146.89999389648438,146.97000122070312,146.8800048828125,146.8800048828125,146.8800048828125,3085.0
2025-11-14T19:22:00Z,146.90499877929688,146.90499877929688,146.90499877929688,146.90499877929688,146.90499877929688,820.0
2025-11-14T19:23:00Z,146.90499877929688,146.9499969482422,146.90499877929688,146.9499969482422,146.9499969482422,906.0
2025-11-14T19:24:00Z,147.0399932861328,147.09500122070312,147.0399932861328,147.09500122070312,147.09500122070312,1832.0
2025-11-14T19:25:00Z,147.02000427246094,147.02000427246094,146.97000122070312,146.97000122070312,146.97000122070312,2203.0
2025-11-14T19:26:00Z,146.88999938964844,146.91000366210938,146.88999938964844,146.91000366210938,146.91000366210938,1428.0
2025-11-14T19:27:00Z,146.9149932861328,146.97999572753906,146.9149932861328,146.9149932861328,146.9149932861328,674.0
2025-11-14T19:28:00Z,146.91000366210938,146.91749572753906,146.91000366210938,146.91749572753906,146.91749572753906,613.0
2025-11-14T19:29:00Z,147.0,147.0399932861328,147.0,147.03500366210938,147.03500366210938,1896.0
2025-11-14T19:30:00Z,147.03500366210938,147.03500366210938,146.99000549316406,146.99000549316406,146.99000549316406,1858.0
2025-11-14T19:31:00Z,146.97999572753906,146.97999572753906,146.8300018310547,146.8300018310547,146.8300018310547,2318.0
2025-11-14T19:32:00Z,146.875,146.875,146.80999755859375,146.80999755859375,146.80999755859375,885.0
2025-11-14T19:33:00Z,146.875,146.875,146.86000061035156,146.86000061035156,146.86000061035156,874.0
2025-11-14T19:34:00Z,146.91000366210938,146.9499969482422,146.91000366210938,146.9499969482422,146.9499969482422,3782.0
2025-11-14T19:35:00Z,146.90750122070312,146.90750122070312,146.90750122070312,146.90750122070312,146.90750122070312,530.0
2025-11-14T19:36:00Z,146.94000244140625,146.94000244140625,146.94000244140625,146.94000244140625,146.94000244140625,426.0
2025-11-14T19:37:00Z,146.9499969482422,146.9499969482422,146.8809051513672,146.91000366210938,146.91000366210938,1412.0
2025-11-14T19:38:00Z,146.8800048828125,146.8800048828125,146.8800048828125,146.8800048828125,146.8800048828125,671.0
2025-11-14T19:39:00Z,146.8800048828125,147.0,146.8800048828125,146.92999267578125,146.92999267578125,4083.0
2025-11-14T19:40:00Z,146.92999267578125,146.92999267578125,146.86000061035156,146.8800048828125,146.8800048828125,902.0
2025-11-14T19:41:00Z,146.8300018310547,146.8800048828125,146.77000427246094,146.8800048828125,146.8800048828125,1977.0
2025-11-14T19:42:00Z,146.88499450683594,147.02000427246094,146.88499450683594,147.02000427246094,147.02000427246094,1746.0
2025-11-14T19:43:00Z,147.02000427246094,147.02000427246094,147.02000427246094,147.02000427246094,147.02000427246094,901.0
2025-11-14T19:45:00Z,146.9550018310547,147.0500030517578,146.9550018310547,147.0500030517578,147.0500030517578,1325.0
2025-11-14T19:46:00Z,146.97999572753906,147.17999267578125,146.97999572753906,147.17999267578125,147.17999267578125,1650.0
2025-11-14T19:47:00Z,147.07000732421875,147.13999938964844,147.07000732421875,147.08999633789062,147.08999633789062,868.0
2025-11-14T19:48:00Z,147.02999877929688,147.02999877929688,147.00999450683594,147.02000427246094,147.02000427246094,1151.0
2025-11-14T19:49:00Z,147.02499389648438,147.02999877929688,147.0175018310547,147.02999877929688,147.02999877929688,1786.0
2025-11-14T19:50:00Z,147.02999877929688,147.10000610351562,147.02999877929688,147.09500122070312,147.09500122070312,1544.0
2025-11-14T19:51:00Z,147.03500366210938,147.10000610351562,147.00999450683594,147.0500030517578,147.0500030517578,1325.0
2025-11-14T19:52:00Z,147.05499267578125,147.2100067138672,147.05499267578125,147.2100067138672,147.2100067138672,3723.0
2025-11-14T19:53:00Z,147.2100067138672,147.2100067138672,147.10000610351562,147.14999389648438,147.14999389648438,1972.0
2025-11-14T19:54:00Z,147.1199951171875,147.14500427246094,147.1199951171875,147.14500427246094,147.14500427246094,662.0
2025-11-14T19:55:00Z,147.2100067138672,147.22000122070312,147.14999389648438,147.14999389648438,147.14999389648438,1785.0
2025-11-14T19:56:00Z,147.11000061035156,147.14999389648438,147.11000061035156,147.14500427246094,147.14500427246094,1345.0
2025-11-14T19:57:00Z,147.14500427246094,147.14500427246094,147.1392059326172,147.1392059326172,147.1392059326172,471.0
2025-11-14T19:58:00Z,147.14999389648438,147.2100067138672,147.14999389648438,147.14999389648438,147.14999389648438,1227.0
2025-11-14T19:59:00Z,147.2100067138672,147.2899932861328,147.2100067138672,147.2899932861328,147.2899932861328,2653.0
2025-11-14T20:00:00Z,147.2899932861328,147.2949981689453,147.2899932861328,147.2949981689453,147.2949981689453,642.0
2025-11-14T20:01:00Z,147.2899932861328,147.4149932861328,147.28500366210938,147.4149932861328,147.4149932861328,2738.0
2025-11-14T20:02:00Z,147.3699951171875,147.47000122070312,147.3699951171875,147.38999938964844,147.38999938964844,4756.0
2025-11-14T20:03:00Z,147.4499969482422,147.4499969482422,147.35000610351562,147.39500427246094,147.39500427246094,2668.0
2025-11-14T20:04:00Z,147.27000427246094,147.2949981689453,147.27000427246094,147.2949981689453,147.2949981689453,1279.0
2025-11-14T20:05:00Z,147.26499938964844,147.30999755859375,147.26499938964844,147.3000030517578,147.3000030517578,1818.0
2025-11-14T20:06:00Z,147.2899932861328,147.2899932861328,147.13499450683594,147.13499450683594,147.13499450683594,1779.0
2025-11-14T20:07:00Z,147.11000061035156,147.12600708007812,147.11000061035156,147.12600708007812,147.12600708007812,1142.0
2025-11-14T20:08:00Z,147.16000366210938,147.1699981689453,147.15499877929688,147.15499877929688,147.15499877929688,2602.0
2025-11-14T20:09:00Z,147.07000732421875,147.125,147.07000732421875,147.125,147.125,1337.0
2025-11-14T20:10:00Z,147.125,147.125,147.125,147.125,147.125,1302.0
2025-11-14T20:11:00Z,147.0500030517578,147.0500030517578,146.8300018310547,146.8350067138672,146.8350067138672,7625.0
2025-11-14T20:12:00Z,146.74000549316406,146.8300018310547,146.7100067138672,146.8300018310547,146.8300018310547,10050.0
2025-11-14T20:13:00Z,146.83999633789062,146.83999633789062,146.7550048828125,146.7550048828125,146.7550048828125,2726.0
2025-11-14T20:14:00Z,146.77999877929688,146.8350067138672,146.77999877929688,146.8350067138672,146.8350067138672,3434.0
2025-11-14T20:15:00Z,146.77999877929688,146.77999877929688,146.75,146.75,146.75,1840.0
2025-11-14T20:17:00Z,146.7899932861328,146.7899932861328,146.75,146.7550048828125,146.7550048828125,3634.0
2025-11-14T20:18:00Z,146.69000244140625,146.69000244140625,146.58999633789062,146.60499572753906,146.60499572753906,1063.0
2025-11-14T20:19:00Z,146.58999633789062,146.83999633789062,146.58999633789062,146.83999633789062,146.83999633789062,3291.0
2025-11-14T20:20:00Z,146.75999450683594,146.75999450683594,146.69500732421875,146.69500732421875,146.69500732421875,2346.0
2025-11-14T20:21:00Z,146.66000366210938,146.66000366210938,146.66000366210938,146.66000366210938,146.66000366210938,573.0
2025-11-14T20:22:00Z,146.67999267578125,146.67999267578125,146.60000610351562,146.6199951171875,146.6199951171875,3081.0
2025-11-14T20:23:00Z,146.61000061035156,146.72000122070312,146.60499572753906,146.72000122070312,146.72000122070312,4902.0
2025-11-14T20:24:00Z,146.7050018310547,146.7050018310547,146.63999938964844,146.63999938964844,146.63999938964844,1905.0
2025-11-14T20:25:00Z,146.6199951171875,146.6999969482422,146.6199951171875,146.6999969482422,146.6999969482422,1910.0
2025-11-14T20:26:00Z,146.7100067138672,146.86000061035156,146.7100067138672,146.8000030517578,146.8000030517578,5340.0
2025-11-14T20:27:00Z,146.74000549316406,146.74000549316406,146.64999389648438,146.74000549316406,146.74000549316406,1458.0
2025-11-14T20:28:00Z,146.74000549316406,146.74000549316406,146.74000549316406,146.74000549316406,146.74000549316406,2406.0
2025-11-14T20:29:00Z,146.75,146.80999755859375,146.6699981689453,146.80999755859375,146.80999755859375,3565.0
2025-11-14T20:30:00Z,146.7449951171875,146.8300018310547,146.7324981689453,146.8300018310547,146.8300018310547,3905.0
2025-11-14T20:31:00Z,146.7949981689453,146.7949981689453,146.7949981689453,146.7949981689453,146.7949981689453,424.0
2025-11-14T20:32:00Z,146.7949981689453,146.94000244140625,146.7949981689453,146.94000244140625,146.94000244140625,1973.0
2025-11-14T20:33:00Z,146.94500732421875,147.0,146.94500732421875,146.97000122070312,146.97000122070312,3302.0
2025-11-14T20:34:00Z,147.0,147.0,146.9199981689453,146.9550018310547,146.9550018310547,3298.0
2025-11-14T20:35:00Z,146.97999572753906,147.0399932861328,146.97000122070312,147.02000427246094,147.02000427246094,3039.0
2025-11-14T20:36:00Z,147.0449981689453,147.0449981689453,147.0449981689453,147.0449981689453,147.0449981689453,1307.0
2025-11-14T20:37:00Z,147.0449981689453,147.0449981689453,146.98500061035156,146.99000549316406,146.99000549316406,4830.0
2025-11-14T20:38:00Z,147.02999877929688,147.0399932861328,146.99000549316406,146.9949951171875,146.9949951171875,3175.0
2025-11-14T20:39:00Z,147.02000427246094,147.1300048828125,147.02000427246094,147.08999633789062,147.08999633789062,6040.0
2025-11-14T20:40:00Z,147.0800018310547,147.0800018310547,146.9600067138672,147.0,147.0,9161.0
2025-11-14T20:41:00Z,147.03500366210938,147.07000732421875,146.99000549316406,146.9949951171875,146.9949951171875,3517.0
2025-11-14T20:42:00Z,147.0050048828125,147.05999755859375,147.0050048828125,147.0500030517578,147.0500030517578,3153.0
2025-11-14T20:43:00Z,147.0749969482422,147.10000610351562,147.02000427246094,147.0749969482422,147.0749969482422,3366.0
2025-11-14T20:44:00Z,147.0399932861328,147.0500030517578,146.97500610351562,147.00999450683594,147.00999450683594,5563.0
2025-11-14T20:45:00Z,147.00999450683594,147.0399932861328,146.9499969482422,147.0050048828125,147.0050048828125,4209.0
2025-11-14T20:46:00Z,147.00999450683594,147.1199951171875,147.00999450683594,147.07000732421875,147.07000732421875,6421.0
2025-11-14T20:47:00Z,147.0850067138672,147.0850067138672,147.0399932861328,147.0399932861328,147.0399932861328,3744.0
2025-11-14T20:48:00Z,147.1300048828125,147.1300048828125,146.97000122070312,146.97000122070312,146.97000122070312,6829.0
2025-11-14T20:49:00Z,146.9600067138672,146.9600067138672,146.78500366210938,146.7899932861328,146.7899932861328,7738.0
2025-11-14T20:50:00Z,146.7899932861328,146.97000122070312,146.7050018310547,146.9550018310547,146.9550018310547,13667.0
2025-11-14T20:51:00Z,146.99000549316406,147.1649932861328,146.99000549316406,147.11000061035156,147.11000061035156,12212.0
2025-11-14T20:52:00Z,147.12249755859375,147.13999938964844,146.99000549316406,146.9949951171875,146.9949951171875,14961.0
2025-11-14T20:53:00Z,147.0,147.08999633789062,146.97000122070312,147.0850067138672,147.0850067138672,10971.0
2025-11-14T20:54:00Z,147.0500030517578,147.05999755859375,146.9499969482422,147.02000427246094,147.02000427246094,11798.0
2025-11-14T20:55:00Z,147.0,147.02699279785156,146.86000061035156,147.02499389648438,147.02499389648438,23292.0
2025-11-14T20:56:00Z,147.02499389648438,147.02999877929688,146.97000122070312,146.99000549316406,146.99000549316406,19695.0
2025-11-14T20:57:00Z,147.00999450683594,147.02999877929688,146.8699951171875,146.88499450683594,146.88499450683594,27462.0
2025-11-14T20:58:00Z,146.89999389648438,147.02000427246094,146.86000061035156,146.90499877929688,146.90499877929688,31923.0
2025-11-14T20:59:00Z,146.91000366210938,146.9499969482422,146.77999877929688,146.8699951171875,146.8699951171875,48367.0
2025-11-17T14:31:00Z,145.88999938964844,145.88999938964844,145.88999938964844,145.88999938964844,145.88999938964844,1038.0
2025-11-17T14:32:00Z,145.88999938964844,145.88999938964844,145.88999938964844,145.88999938964844,145.88999938964844,395.0
2025-11-17T14:33:00Z,145.16009521484375,145.9499969482422,145.16009521484375,145.9499969482422,145.9499969482422,690.0
2025-11-17T14:34:00Z,145.9600067138672,145.97999572753906,145.9600067138672,145.97999572753906,145.97999572753906,1973.0
2025-11-17T14:35:00Z,146.5399932861328,146.6199951171875,146.22999572753906,146.22999572753906,146.22999572753906,1803.0
2025-11-17T14:36:00Z,146.47999572753906,146.47999572753906,146.2899932861328,146.2899932861328,146.2899932861328,810.0
2025-11-17T14:37:00Z,146.6199951171875,146.8000030517578,146.52999877929688,146.61500549316406,146.61500549316406,3005.0
2025-11-17T14:38:00Z,146.82000732421875,146.89999389648438,146.82000732421875,146.89999389648438,146.89999389648438,1335.0
2025-11-17T14:39:00Z,147.03500366210938,147.03500366210938,147.03500366210938,147.03500366210938,147.03500366210938,522.0
2025-11-17T14:40:00Z,146.58999633789062,146.58999633789062,146.38999938964844,146.38999938964844,146.38999938964844,1900.0
2025-11-17T14:41:00Z,146.22000122070312,146.22000122070312,146.22000122070312,146.22000122070312,146.22000122070312,756.0
2025-11-17T14:42:00Z,146.0500030517578,146.0500030517578,145.83999633789062,145.86000061035156,145.86000061035156,1540.0
2025-11-17T14:43:00Z,145.9199981689453,145.9250030517578,145.9199981689453,145.9250030517578,145.9250030517578,290.0
2025-11-17T14:44:00Z,145.9199981689453,145.9199981689453,145.67999267578125,145.67999267578125,145.67999267578125,384.0
2025-11-17T14:45:00Z,145.7100067138672,145.7100067138672,145.57000732421875,145.5800018310547,145.5800018310547,3585.0
2025-11-17T14:46:00Z,145.75999450683594,145.77000427246094,145.75999450683594,145.77000427246094,145.77000427246094,723.0
2025-11-17T14:47:00Z,145.5399932861328,145.66000366210938,145.52999877929688,145.52999877929688,145.52999877929688,1924.0
2025-11-17T14:48:00Z,145.4499969482422,145.5399932861328,145.2100067138672,145.30499267578125,145.30499267578125,2951.0
2025-11-17T14:49:00Z,145.1999969482422,145.23500061035156,145.08999633789062,145.09500122070312,145.09500122070312,1985.0
2025-11-17T14:50:00Z,145.1125030517578,145.30999755859375,145.1125030517578,145.30999755859375,145.30999755859375,2314.0
2025-11-17T14:51:00Z,145.31500244140625,145.60000610351562,145.31500244140625,145.47500610351562,145.47500610351562,3409.0
2025-11-17T14:52:00Z,145.47500610351562,145.47500610351562,145.47250366210938,145.47500610351562,145.47500610351562,1438.0
2025-11-17T14:53:00Z,145.5050048828125,145.8300018310547,145.3511962890625,145.7899932861328,145.7899932861328,5187.0
2025-11-17T14:54:00Z,145.8350067138672,145.94000244140625,145.82000732421875,145.82000732421875,145.82000732421875,1815.0
2025-11-17T14:55:00Z,145.94500732421875,145.94500732421875,145.85000610351562,145.8800048828125,145.8800048828125,1182.0
2025-11-17T14:56:00Z,145.86000061035156,145.86000061035156,145.6999969482422,145.6999969482422,145.6999969482422,2832.0
2025-11-17T14:57:00Z,145.531005859375,145.6999969482422,145.22000122070312,145.5399932861328,145.5399932861328,7315.0
2025-11-17T14:58:00Z,145.6999969482422,145.6999969482422,145.50999450683594,145.50999450683594,145.50999450683594,656.0
2025-11-17T14:59:00Z,145.5850067138672,145.5850067138672,145.4600067138672,145.50999450683594,145.50999450683594,3315.0
2025-11-17T15:00:00Z,145.58999633789062,145.9199981689453,145.50999450683594,145.9199981689453,145.9199981689453,7799.0
2025-11-17T15:01:00Z,145.8699951171875,145.8800048828125,145.83999633789062,145.83999633789062,145.83999633789062,1867.0
2025-11-17T15:02:00Z,145.75999450683594,145.88499450683594,145.75999450683594,145.88499450683594,145.88499450683594,1737.0
2025-11-17T15:03:00Z,145.88999938964844,146.00999450683594,145.6999969482422,146.00999450683594,146.00999450683594,4206.0
2025-11-17T15:04:00Z,145.99000549316406,146.21499633789062,145.99000549316406,146.21499633789062,146.21499633789062,6284.0
2025-11-17T15:05:00Z,146.25999450683594,146.44000244140625,146.2550048828125,146.2550048828125,146.2550048828125,3049.0
2025-11-17T15:06:00Z,146.30999755859375,146.4250030517578,146.17999267578125,146.4250030517578,146.4250030517578,3372.0
2025-11-17T15:07:00Z,146.39999389648438,146.39999389648438,146.25999450683594,146.30499267578125,146.30499267578125,3435.0
2025-11-17T15:08:00Z,146.38999938964844,146.57000732421875,146.38999938964844,146.57000732421875,146.57000732421875,2789.0
2025-11-17T15:09:00Z,146.4199981689453,146.44500732421875,146.35000610351562,146.375,146.375,1688.0
2025-11-17T15:10:00Z,146.35000610351562,146.35000610351562,146.33999633789062,146.33999633789062,146.33999633789062,1810.0
2025-11-17T15:11:00Z,146.33999633789062,146.33999633789062,146.33999633789062,146.33999633789062,146.33999633789062,1149.0
2025-11-17T15:12:00Z,146.1699981689453,146.1699981689453,146.1699981689453,146.1699981689453,146.1699981689453,1537.0
2025-11-17T15:13:00Z,146.14500427246094,146.26499938964844,146.14500427246094,146.2100067138672,146.2100067138672,3810.0
2025-11-17T15:14:00Z,146.0500030517578,146.1199951171875,146.0500030517578,146.1199951171875,146.1199951171875,299.0
2025-11-17T15:15:00Z,146.1300048828125,146.32000732421875,146.1300048828125,146.2899932861328,146.2899932861328,3351.0
2025-11-17T15:16:00Z,146.30499267578125,146.30499267578125,146.30499267578125,146.30499267578125,146.30499267578125,557.0
2025-11-17T15:18:00Z,146.3300018310547,146.3350067138672,146.3300018310547,146.3350067138672,146.3350067138672,1059.0
2025-11-17T15:19:00Z,146.24000549316406,146.24000549316406,146.24000549316406,146.24000549316406,146.24000549316406,651.0
2025-11-17T15:20:00Z,146.22340393066406,146.24000549316406,146.17999267578125,146.24000549316406,146.24000549316406,1683.0
2025-11-17T15:21:00Z,146.22999572753906,146.2899932861328,146.22999572753906,146.25999450683594,146.25999450683594,2023.0
2025-11-17T15:22:00Z,146.42999267578125,146.42999267578125,146.42999267578125,146.42999267578125,146.42999267578125,1704.0
2025-11-17T15:23:00Z,146.41000366210938,146.42999267578125,146.41000366210938,146.41000366210938,146.41000366210938,865.0
2025-11-17T15:24:00Z,146.47999572753906,146.50999450683594,146.47999572753906,146.50999450683594,146.50999450683594,1668.0
2025-11-17T15:25:00Z,146.39999389648438,146.47000122070312,146.39999389648438,146.41000366210938,146.41000366210938,1540.0
2025-11-17T15:26:00Z,146.52000427246094,146.60499572753906,146.52000427246094,146.60499572753906,146.60499572753906,2511.0
2025-11-17T15:27:00Z,146.49000549316406,146.5399932861328,146.49000549316406,146.5399932861328,146.5399932861328,1375.0
2025-11-17T15:28:00Z,146.52999877929688,146.9199981689453,146.5,146.9199981689453,146.9199981689453,3723.0
2025-11-17T15:29:00Z,146.8699951171875,146.92999267578125,146.8699951171875,146.92999267578125,146.92999267578125,1373.0
2025-11-17T15:30:00Z,146.91000366210938,146.91000366210938,146.83250427246094,146.83250427246094,146.83250427246094,473.0
2025-11-17T15:31:00Z,146.8404998779297,146.8404998779297,146.63999938964844,146.67999267578125,146.67999267578125,4418.0
2025-11-17T15:32:00Z,146.60499572753906,146.60499572753906,146.59500122070312,146.59500122070312,146.59500122070312,835.0
2025-11-17T15:33:00Z,146.53500366210938,146.53500366210938,146.53500366210938,146.53500366210938,146.53500366210938,398.0
2025-11-17T15:34:00Z,146.61000061035156,146.6300048828125,146.53500366210938,146.5500030517578,146.5500030517578,2870.0
2025-11-17T15:35:00Z,146.52000427246094,146.55999755859375,146.52000427246094,146.55999755859375,146.55999755859375,479.0
2025-11-17T15:37:00Z,146.57000732421875,146.84500122070312,146.57000732421875,146.8300018310547,146.8300018310547,3978.0
2025-11-17T15:38:00Z,146.80999755859375,146.80999755859375,146.63999938964844,146.63999938964844,146.63999938964844,1577.0
2025-11-17T15:39:00Z,146.63999938964844,146.63999938964844,146.57000732421875,146.57000732421875,146.57000732421875,1349.0
2025-11-17T15:40:00Z,146.49000549316406,146.49000549316406,146.3699951171875,146.42999267578125,146.42999267578125,1343.0
2025-11-17T15:41:00Z,146.3699951171875,146.39999389648438,146.3300018310547,146.3300018310547,146.3300018310547,1973.0
2025-11-17T15:42:00Z,146.47000122070312,146.4949951171875,146.47000122070312,146.4949951171875,146.4949951171875,843.0
2025-11-17T15:43:00Z,146.48500061035156,146.58999633789062,146.48500061035156,146.58999633789062,146.58999633789062,3657.0
2025-11-17T15:44:00Z,146.7100067138672,146.7550048828125,146.7100067138672,146.7550048828125,146.7550048828125,1158.0
2025-11-17T15:45:00Z,146.7550048828125,146.7550048828125,146.58999633789062,146.6999969482422,146.6999969482422,2092.0
2025-11-17T15:46:00Z,146.65499877929688,146.65499877929688,146.65499877929688,146.65499877929688,146.65499877929688,534.0
2025-11-17T15:47:00Z,146.59500122070312,146.59500122070312,146.59500122070312,146.59500122070312,146.59500122070312,623.0
2025-11-17T15:48:00Z,146.6699981689453,146.6699981689453,146.61500549316406,146.61500549316406,146.61500549316406,1468.0
2025-11-17T15:49:00Z,146.6199951171875,146.63999938964844,146.61000061035156,146.63999938964844,146.63999938964844,2670.0
2025-11-17T15:50:00Z,146.63999938964844,146.63999938964844,146.4199981689453,146.4499969482422,146.4499969482422,3406.0
2025-11-17T15:51:00Z,146.4499969482422,146.57000732421875,146.4499969482422,146.57000732421875,146.57000732421875,1241.0
2025-11-17T15:52:00Z,146.485107421875,146.485107421875,146.485107421875,146.485107421875,146.485107421875,847.0
2025-11-17T15:53:00Z,146.48500061035156,146.48500061035156,146.48500061035156,146.48500061035156,146.48500061035156,896.0
2025-11-17T15:54:00Z,146.5500030517578,146.57000732421875,146.49000549316406,146.5399932861328,146.5399932861328,1569.0
2025-11-17T15:55:00Z,146.47000122070312,146.49000549316406,146.47000122070312,146.49000549316406,146.49000549316406,1080.0
2025-11-17T15:56:00Z,146.4199981689453,146.4199981689453,146.28250122070312,146.30999755859375,146.30999755859375,5153.0
2025-11-17T15:57:00Z,146.2274932861328,146.32000732421875,146.1999969482422,146.32000732421875,146.32000732421875,3930.0
2025-11-17T15:58:00Z,146.35000610351562,146.42999267578125,146.35000610351562,146.4199981689453,146.4199981689453,2175.0
2025-11-17T15:59:00Z,146.26499938964844,146.26499938964844,146.05999755859375,146.05999755859375,146.05999755859375,4061.0
2025-11-17T16:00:00Z,145.94000244140625,146.0399932861328,145.94000244140625,146.0399932861328,146.0399932861328,2548.0
2025-11-17T16:01:00Z,146.0050048828125,146.0050048828125,146.0050048828125,146.0050048828125,146.0050048828125,1374.0
2025-11-17T16:02:00Z,146.0050048828125,146.0500030517578,145.96499633789062,145.96499633789062,145.96499633789062,2810.0
2025-11-17T16:03:00Z,145.96499633789062,146.07000732421875,145.96499633789062,146.0399932861328,146.0399932861328,1946.0
2025-11-17T16:04:00Z,146.17999267578125,146.2899932861328,146.17999267578125,146.2899932861328,146.2899932861328,1475.0
2025-11-17T16:05:00Z,146.2899932861328,146.3800048828125,146.2899932861328,146.3800048828125,146.3800048828125,933.0
2025-11-17T16:06:00Z,146.3699951171875,146.47000122070312,146.2899932861328,146.3699951171875,146.3699951171875,4268.0
2025-11-17T16:07:00Z,146.36000061035156,146.36000061035156,146.28500366210938,146.28500366210938,146.28500366210938,546.0
2025-11-17T16:08:00Z,146.27000427246094,146.28500366210938,146.1750030517578,146.27000427246094,146.27000427246094,2181.0
2025-11-17T16:09:00Z,146.3000030517578,146.3000030517578,146.3000030517578,146.3000030517578,146.3000030517578,616.0
2025-11-17T16:10:00Z,146.22999572753906,146.22999572753906,146.22000122070312,146.22500610351562,146.22500610351562,1116.0
2025-11-17T16:11:00Z,146.14999389648438,146.14999389648438,146.0399932861328,146.08999633789062,146.08999633789062,2681.0
2025-11-17T16:12:00Z,146.08999633789062,146.08999633789062,146.08999633789062,146.08999633789062,146.08999633789062,126.0
2025-11-17T16:13:00Z,146.08999633789062,146.08999633789062,145.9250030517578,145.94000244140625,145.94000244140625,4395.0
2025-11-17T16:14:00Z,146.0050048828125,146.0399932861328,146.0050048828125,146.02000427246094,146.02000427246094,1083.0
2025-11-17T16:15:00Z,145.94000244140625,145.94500732421875,145.9199981689453,145.94500732421875,145.94500732421875,999.0
2025-11-17T16:16:00Z,145.86000061035156,145.89500427246094,145.85000610351562,145.89500427246094,145.89500427246094,1261.0
2025-11-17T16:17:00Z,145.8000030517578,145.8800048828125,145.8000030517578,145.8800048828125,145.8800048828125,1169.0
2025-11-17T16:18:00Z,145.88999938964844,145.99000549316406,145.88999938964844,145.99000549316406,145.99000549316406,942.0
2025-11-17T16:19:00Z,145.91000366210938,145.91000366210938,145.91000366210938,145.91000366210938,145.91000366210938,566.0
2025-11-17T16:20:00Z,145.91000366210938,145.99000549316406,145.91000366210938,145.99000549316406,145.99000549316406,806.0
2025-11-17T16:21:00Z,145.93499755859375,146.0800018310547,145.93499755859375,146.00999450683594,146.00999450683594,2844.0
2025-11-17T16:22:00Z,146.0399932861328,146.05999755859375,145.9949951171875,146.05999755859375,146.05999755859375,857.0
2025-11-17T16:23:00Z,146.05999755859375,146.16000366210938,146.05999755859375,146.11000061035156,146.11000061035156,3631.0
2025-11-17T16:24:00Z,146.1300048828125,146.16000366210938,146.09500122070312,146.09500122070312,146.09500122070312,1450.0
2025-11-17T16:25:00Z,146.06500244140625,146.1699981689453,146.06500244140625,146.14999389648438,146.14999389648438,1852.0
2025-11-17T16:26:00Z,146.2100067138672,146.35000610351562,146.18499755859375,146.33999633789062,146.33999633789062,5030.0
2025-11-17T16:27:00Z,146.38999938964844,146.4199981689453,146.32000732421875,146.4199981689453,146.4199981689453,2539.0
2025-11-17T16:28:00Z,146.4499969482422,146.5500030517578,146.42999267578125,146.5500030517578,146.5500030517578,2033.0
2025-11-17T16:29:00Z,146.6300048828125,146.67999267578125,146.6300048828125,146.67999267578125,146.67999267578125,1235.0
2025-11-17T16:30:00Z,146.67999267578125,146.7899932861328,146.67999267578125,146.73500061035156,146.73500061035156,1210.0
2025-11-17T16:31:00Z,146.80999755859375,146.8300018310547,146.7310028076172,146.7310028076172,146.7310028076172,2974.0
2025-11-17T16:32:00Z,146.82000732421875,146.82000732421875,146.76499938964844,146.76499938964844,146.76499938964844,611.0
2025-11-17T16:33:00Z,146.82000732421875,146.91000366210938,146.67999267578125,146.67999267578125,146.67999267578125,3732.0
2025-11-17T16:34:00Z,146.72999572753906,146.74000549316406,146.52999877929688,146.52999877929688,146.52999877929688,2090.0
2025-11-17T16:35:00Z,146.52000427246094,146.55999755859375,146.33999633789062,146.47000122070312,146.47000122070312,1581.0
2025-11-17T16:36:00Z,146.55999755859375,146.55999755859375,146.52999877929688,146.52999877929688,146.52999877929688,1180.0
2025-11-17T16:37:00Z,146.53500366210938,146.60000610351562,146.53500366210938,146.60000610351562,146.60000610351562,846.0
2025-11-17T16:38:00Z,146.5399932861328,146.5399932861328,146.4499969482422,146.5,146.5,544.0
2025-11-17T16:39:00Z,146.5,146.60000610351562,146.5,146.56500244140625,146.56500244140625,2659.0
2025-11-17T16:40:00Z,146.60499572753906,146.67999267578125,146.60499572753906,146.67999267578125,146.67999267578125,2036.0
2025-11-17T16:41:00Z,146.67999267578125,146.77000427246094,146.67999267578125,146.77000427246094,146.77000427246094,435.0
2025-11-17T16:42:00Z,146.5800018310547,146.5800018310547,146.52000427246094,146.55999755859375,146.55999755859375,1525.0
2025-11-17T16:43:00Z,146.52000427246094,146.52000427246094,146.52000427246094,146.52000427246094,146.52000427246094,363.0
2025-11-17T16:44:00Z,146.57000732421875,146.5800018310547,146.57000732421875,146.5800018310547,146.5800018310547,457.0
2025-11-17T16:45:00Z,146.5500030517578,146.5800018310547,146.5500030517578,146.5800018310547,146.5800018310547,688.0
2025-11-17T16:46:00Z,146.5850067138672,146.67999267578125,146.5850067138672,146.6199951171875,146.6199951171875,1712.0
2025-11-17T16:47:00Z,146.65499877929688,146.66000366210938,146.65499877929688,146.66000366210938,146.66000366210938,1044.0
2025-11-17T16:48:00Z,146.72000122070312,146.72000122070312,146.72000122070312,146.72000122070312,146.72000122070312,107.0
2025-11-17T16:49:00Z,146.72000122070312,146.72000122070312,146.72000122070312,146.72000122070312,146.72000122070312,573.0
2025-11-17T16:50:00Z,146.77999877929688,146.77999877929688,146.77999877929688,146.77999877929688,146.77999877929688,257.0
2025-11-17T16:51:00Z,146.73500061035156,146.8000030517578,146.73500061035156,146.8000030517578,146.8000030517578,1595.0
2025-11-17T16:53:00Z,146.77000427246094,146.80999755859375,146.63999938964844,146.63999938964844,146.63999938964844,6000.0
2025-11-17T16:54:00Z,146.66000366210938,146.66000366210938,146.63999938964844,146.63999938964844,146.63999938964844,1838.0
2025-11-17T16:55:00Z,146.50999450683594,146.52999877929688,146.45440673828125,146.52999877929688,146.52999877929688,2120.0
2025-11-17T16:56:00Z,146.5800018310547,146.5800018310547,146.5800018310547,146.5800018310547,146.5800018310547,195.0
2025-11-17T16:57:00Z,146.55999755859375,146.60000610351562,146.55999755859375,146.55999755859375,146.55999755859375,818.0
2025-11-17T16:58:00Z,146.55999755859375,146.55999755859375,146.52000427246094,146.55999755859375,146.55999755859375,944.0
2025-11-17T16:59:00Z,146.49000549316406,146.52999877929688,146.42999267578125,146.4600067138672,146.4600067138672,2056.0
2025-11-17T17:00:00Z,146.4250030517578,146.47500610351562,146.4250030517578,146.47500610351562,146.47500610351562,523.0
2025-11-17T17:01:00Z,146.50999450683594,146.50999450683594,146.50999450683594,146.50999450683594,146.50999450683594,582.0
2025-11-17T17:02:00Z,146.5,146.52000427246094,146.5,146.5,146.5,1687.0
2025-11-17T17:04:00Z,146.5500030517578,146.63999938964844,146.5500030517578,146.63999938964844,146.63999938964844,1790.0
2025-11-17T17:05:00Z,146.60000610351562,146.60000610351562,146.60000610351562,146.60000610351562,146.60000610351562,1071.0
2025-11-17T17:06:00Z,146.55999755859375,146.6199951171875,146.55999755859375,146.57000732421875,146.57000732421875,1094.0
2025-11-17T17:07:00Z,146.5850067138672,146.5850067138672,146.58250427246094,146.58250427246094,146.58250427246094,1086.0
2025-11-17T17:09:00Z,146.63999938964844,146.7100067138672,146.6300048828125,146.7050018310547,146.7050018310547,6858.0
2025-11-17T17:10:00Z,146.74000549316406,146.82000732421875,146.74000549316406,146.82000732421875,146.82000732421875,1796.0
2025-11-17T17:11:00Z,146.75999450683594,146.94000244140625,146.72500610351562,146.88499450683594,146.88499450683594,11179.0
2025-11-17T17:12:00Z,146.8300018310547,146.89999389648438,146.82000732421875,146.8350067138672,146.8350067138672,1873.0
2025-11-17T17:13:00Z,146.8350067138672,146.8350067138672,146.82000732421875,146.82000732421875,146.82000732421875,830.0
2025-11-17T17:14:00Z,146.75,146.9199981689453,146.75,146.9199981689453,146.9199981689453,992.0
2025-11-17T17:15:00Z,146.8249969482422,146.8249969482422,146.80999755859375,146.80999755859375,146.80999755859375,804.0
2025-11-17T17:16:00Z,146.8249969482422,146.8249969482422,146.8249969482422,146.8249969482422,146.8249969482422,881.0
2025-11-17T17:18:00Z,146.8350067138672,146.8350067138672,146.77999877929688,146.8300018310547,146.8300018310547,1755.0
2025-11-17T17:19:00Z,146.80999755859375,146.82000732421875,146.77000427246094,146.82000732421875,146.82000732421875,912.0
2025-11-17T17:20:00Z,146.8300018310547,146.8350067138672,146.7899932861328,146.8350067138672,146.8350067138672,894.0
2025-11-17T17:21:00Z,146.77000427246094,146.8350067138672,146.74000549316406,146.77499389648438,146.77499389648438,2342.0
2025-11-17T17:22:00Z,146.77000427246094,146.85000610351562,146.77000427246094,146.8000030517578,146.8000030517578,2353.0
2025-11-17T17:23:00Z,146.72000122070312,146.7675018310547,146.72000122070312,146.74000549316406,146.74000549316406,1183.0
2025-11-17T17:24:00Z,146.74000549316406,146.74000549316406,146.7100067138672,146.7100067138672,146.7100067138672,850.0
2025-11-17T17:25:00Z,146.67999267578125,146.67999267578125,146.66000366210938,146.66000366210938,146.66000366210938,1277.0
2025-11-17T17:26:00Z,146.69000244140625,146.71499633789062,146.67999267578125,146.68499755859375,146.68499755859375,2031.0
2025-11-17T17:27:00Z,146.64999389648438,146.68499755859375,146.63999938964844,146.63999938964844,146.63999938964844,1675.0
2025-11-17T17:28:00Z,146.61000061035156,146.63999938964844,146.5800018310547,146.63999938964844,146.63999938964844,4923.0
2025-11-17T17:29:00Z,146.63999938964844,146.72999572753906,146.60000610351562,146.72999572753906,146.72999572753906,1316.0
2025-11-17T17:30:00Z,146.72999572753906,146.75,146.64999389648438,146.7050018310547,146.7050018310547,5232.0
2025-11-17T17:31:00Z,146.71499633789062,146.72000122070312,146.7100067138672,146.72000122070312,146.72000122070312,781.0
2025-11-17T17:32:00Z,146.61000061035156,146.6999969482422,146.60000610351562,146.66000366210938,146.66000366210938,1630.0
2025-11-17T17:33:00Z,146.66000366210938,146.6649932861328,146.66000366210938,146.6649932861328,146.6649932861328,468.0
2025-11-17T17:34:00Z,146.69000244140625,146.72999572753906,146.68499755859375,146.72999572753906,146.72999572753906,821.0
2025-11-17T17:35:00Z,146.72999572753906,146.72999572753906,146.61000061035156,146.67999267578125,146.67999267578125,8544.0
2025-11-17T17:36:00Z,146.60000610351562,146.6199951171875,146.5800018310547,146.5800018310547,146.5800018310547,1170.0
2025-11-17T17:37:00Z,146.6439971923828,146.64999389648438,146.58749389648438,146.58749389648438,146.58749389648438,1583.0
2025-11-17T17:38:00Z,146.5800018310547,146.5800018310547,146.52000427246094,146.52000427246094,146.52000427246094,1264.0
2025-11-17T17:39:00Z,146.57000732421875,146.57000732421875,146.50999450683594,146.50999450683594,146.50999450683594,379.0
2025-11-17T17:40:00Z,146.55999755859375,146.55999755859375,146.38999938964844,146.41000366210938,146.41000366210938,1680.0
2025-11-17T17:41:00Z,146.41000366210938,146.5,146.36000061035156,146.4949951171875,146.4949951171875,5617.0
2025-11-17T17:42:00Z,146.46499633789062,146.61500549316406,146.46499633789062,146.61500549316406,146.61500549316406,4109.0
2025-11-17T17:43:00Z,146.63999938964844,146.74000549316406,146.63999938964844,146.72000122070312,146.72000122070312,3882.0
2025-11-17T17:44:00Z,146.58999633789062,146.58999633789062,146.5500030517578,146.5850067138672,146.5850067138672,1530.0
2025-11-17T17:45:00Z,146.52999877929688,146.52999877929688,146.4250030517578,146.4250030517578,146.4250030517578,1416.0
2025-11-17T17:46:00Z,146.52000427246094,146.55999755859375,146.47999572753906,146.55999755859375,146.55999755859375,1312.0
2025-11-17T17:47:00Z,146.46499633789062,146.46499633789062,146.46499633789062,146.46499633789062,146.46499633789062,1090.0
2025-11-17T17:49:00Z,146.4550018310547,146.5,146.41749572753906,146.5,146.5,694.0
2025-11-17T17:50:00Z,146.49000549316406,146.49000549316406,146.4199981689453,146.4199981689453,146.4199981689453,558.0
2025-11-17T17:51:00Z,146.4149932861328,146.4149932861328,146.4149932861328,146.4149932861328,146.4149932861328,536.0
2025-11-17T17:52:00Z,146.4149932861328,146.4149932861328,146.4149932861328,146.4149932861328,146.4149932861328,196.0
2025-11-17T17:53:00Z,146.49000549316406,146.49000549316406,146.44000244140625,146.44000244140625,146.44000244140625,2409.0
2025-11-17T17:54:00Z,146.40499877929688,146.40499877929688,146.27000427246094,146.31500244140625,146.31500244140625,4286.0
2025-11-17T17:55:00Z,146.2100067138672,146.2100067138672,146.2100067138672,146.2100067138672,146.2100067138672,875.0
2025-11-17T17:56:00Z,146.2899932861328,146.2899932861328,146.2899932861328,146.2899932861328,146.2899932861328,888.0
2025-11-17T17:57:00Z,146.2100067138672,146.24000549316406,146.14999389648438,146.22000122070312,146.22000122070312,6285.0
2025-11-17T17:58:00Z,146.14999389648438,146.14999389648438,146.14999389648438,146.14999389648438,146.14999389648438,1312.0
2025-11-17T17:59:00Z,146.08999633789062,146.08999633789062,146.08999633789062,146.08999633789062,146.08999633789062,367.0
2025-11-17T18:00:00Z,146.02000427246094,146.02499389648438,145.9550018310547,145.9550018310547,145.9550018310547,2183.0
2025-11-17T18:01:00Z,146.02999877929688,146.0850067138672,145.97000122070312,145.97000122070312,145.97000122070312,1984.0
2025-11-17T18:03:00Z,145.94000244140625,145.94000244140625,145.94000244140625,145.94000244140625,145.94000244140625,327.0
2025-11-17T18:04:00Z,145.89999389648438,145.94000244140625,145.86000061035156,145.91000366210938,145.91000366210938,4640.0
2025-11-17T18:05:00Z,145.9250030517578,145.9250030517578,145.91000366210938,145.91000366210938,145.91000366210938,653.0
2025-11-17T18:06:00Z,145.9499969482422,146.00999450683594,145.9499969482422,145.97500610351562,145.97500610351562,452.0
2025-11-17T18:07:00Z,145.9600067138672,146.00999450683594,145.9600067138672,146.00999450683594,146.00999450683594,646.0
2025-11-17T18:08:00Z,146.0050048828125,146.0050048828125,146.0050048828125,146.0050048828125,146.0050048828125,289.0
2025-11-17T18:09:00Z,145.9600067138672,145.9600067138672,145.93499755859375,145.93499755859375,145.93499755859375,782.0
2025-11-17T18:10:00Z,146.00999450683594,146.02000427246094,146.00999450683594,146.02000427246094,146.02000427246094,1580.0
2025-11-17T18:11:00Z,145.97999572753906,145.9949951171875,145.97000122070312,145.97000122070312,145.97000122070312,1707.0
2025-11-17T18:12:00Z,145.97000122070312,145.97000122070312,145.97000122070312,145.97000122070312,145.97000122070312,587.0
2025-11-17T18:13:00Z,146.05999755859375,146.0800018310547,146.05999755859375,146.0800018310547,146.0800018310547,828.0
2025-11-17T18:14:00Z,146.1199951171875,146.14999389648438,146.08999633789062,146.10000610351562,146.10000610351562,2640.0
2025-11-17T18:15:00Z,146.10000610351562,146.10000610351562,146.02000427246094,146.02000427246094,146.02000427246094,2244.0
2025-11-17T18:16:00Z,146.05999755859375,146.05999755859375,146.05999755859375,146.05999755859375,146.05999755859375,542.0
2025-11-17T18:17:00Z,146.16000366210938,146.19000244140625,146.14500427246094,146.19000244140625,146.19000244140625,1847.0
2025-11-17T18:18:00Z,146.1999969482422,146.1999969482422,146.08999633789062,146.08999633789062,146.08999633789062,1893.0
2025-11-17T18:19:00Z,146.08999633789062,146.08999633789062,146.00999450683594,146.00999450683594,146.00999450683594,1651.0
2025-11-17T18:21:00Z,146.16510009765625,146.2100067138672,146.16510009765625,146.2100067138672,146.2100067138672,2382.0
2025-11-17T18:22:00Z,146.11000061035156,146.1425018310547,146.11000061035156,146.1425018310547,146.1425018310547,859.0
2025-11-17T18:23:00Z,146.125,146.14999389648438,146.02999877929688,146.10499572753906,146.10499572753906,4107.0
2025-11-17T18:24:00Z,146.13999938964844,146.13999938964844,146.10000610351562,146.10000610351562,146.10000610351562,1259.0
2025-11-17T18:25:00Z,146.0,146.00999450683594,146.0,146.00999450683594,146.00999450683594,397.0
2025-11-17T18:26:00Z,145.99000549316406,145.99000549316406,145.72999572753906,145.8000030517578,145.8000030517578,8356.0
2025-11-17T18:27:00Z,145.8000030517578,145.80999755859375,145.7100067138672,145.77000427246094,145.77000427246094,6759.0
2025-11-17T18:28:00Z,145.7550048828125,145.7550048828125,145.7550048828125,145.7550048828125,145.7550048828125,980.0
2025-11-17T18:29:00Z,145.85000610351562,145.8699951171875,145.85000610351562,145.8699951171875,145.8699951171875,1143.0
2025-11-17T18:30:00Z,145.80999755859375,145.80999755859375,145.75,145.8000030517578,145.8000030517578,928.0
2025-11-17T18:31:00Z,145.75999450683594,145.75999450683594,145.66000366210938,145.74000549316406,145.74000549316406,1595.0
2025-11-17T18:32:00Z,145.75,145.91000366210938,145.75,145.91000366210938,145.91000366210938,1577.0
2025-11-17T18:33:00Z,145.83999633789062,145.86000061035156,145.83999633789062,145.86000061035156,145.86000061035156,449.0
2025-11-17T18:34:00Z,145.8699951171875,145.8699951171875,145.8699951171875,145.8699951171875,145.8699951171875,754.0
2025-11-17T18:36:00Z,145.89999389648438,145.89999389648438,145.72999572753906,145.74000549316406,145.74000549316406,1802.0
2025-11-17T18:37:00Z,145.74000549316406,145.74000549316406,145.72000122070312,145.72000122070312,145.72000122070312,997.0
2025-11-17T18:38:00Z,145.74000549316406,145.77000427246094,145.72000122070312,145.72000122070312,145.72000122070312,1942.0
2025-11-17T18:39:00Z,145.7100067138672,145.7100067138672,145.7100067138672,145.7100067138672,145.7100067138672,591.0
2025-11-17T18:40:00Z,145.6199951171875,145.69000244140625,145.6199951171875,145.6199951171875,145.6199951171875,1730.0
2025-11-17T18:41:00Z,145.66000366210938,145.66000366210938,145.61000061035156,145.61000061035156,145.61000061035156,763.0
2025-11-17T18:42:00Z,145.66000366210938,145.67999267578125,145.66000366210938,145.67999267578125,145.67999267578125,1089.0
2025-11-17T18:43:00Z,145.67999267578125,145.67999267578125,145.64999389648438,145.67999267578125,145.67999267578125,890.0
2025-11-17T18:44:00Z,145.64999389648438,145.75999450683594,145.64999389648438,145.69000244140625,145.69000244140625,4692.0
2025-11-17T18:45:00Z,145.83999633789062,145.8699951171875,145.75999450683594,145.8699951171875,145.8699951171875,1516.0
2025-11-17T18:46:00Z,145.875,145.9199981689453,145.875,145.9199981689453,145.9199981689453,717.0
2025-11-17T18:47:00Z,145.99000549316406,146.0,145.98260498046875,145.98260498046875,145.98260498046875,841.0
2025-11-17T18:48:00Z,145.92999267578125,145.92999267578125,145.9149932861328,145.9149932861328,145.9149932861328,416.0
2025-11-17T18:49:00Z,145.90499877929688,145.90499877929688,145.86500549316406,145.86500549316406,145.86500549316406,940.0
2025-11-17T18:50:00Z,145.86500549316406,145.9199981689453,145.86500549316406,145.90499877929688,145.90499877929688,1451.0
2025-11-17T18:51:00Z,145.86000061035156,145.86000061035156,145.71249389648438,145.71249389648438,145.71249389648438,4011.0
2025-11-17T18:52:00Z,145.75,145.75,145.6699981689453,145.6699981689453,145.6699981689453,2196.0
2025-11-17T18:54:00Z,145.7050018310547,145.72000122070312,145.6999969482422,145.6999969482422,145.6999969482422,879.0
2025-11-17T18:55:00Z,145.5800018310547,145.60000610351562,145.49000549316406,145.57000732421875,145.57000732421875,1737.0
2025-11-17T18:56:00Z,145.52999877929688,145.5500030517578,145.44000244140625,145.5500030517578,145.5500030517578,2548.0
2025-11-17T18:57:00Z,145.61000061035156,145.6199951171875,145.52999877929688,145.52999877929688,145.52999877929688,987.0
2025-11-17T18:58:00Z,145.44000244140625,145.44000244140625,145.44000244140625,145.44000244140625,145.44000244140625,670.0
2025-11-17T18:59:00Z,145.44500732421875,145.46499633789062,145.4199981689453,145.4199981689453,145.4199981689453,1293.0
2025-11-17T19:00:00Z,145.44000244140625,145.44000244140625,145.375,145.42999267578125,145.42999267578125,1942.0
2025-11-17T19:01:00Z,145.44000244140625,145.44000244140625,145.39999389648438,145.39999389648438,145.39999389648438,1181.0
2025-11-17T19:02:00Z,145.39999389648438,145.39999389648438,145.39999389648438,145.39999389648438,145.39999389648438,1156.0
2025-11-17T19:03:00Z,145.32000732421875,145.32000732421875,145.30999755859375,145.30999755859375,145.30999755859375,1107.0
2025-11-17T19:04:00Z,145.3350067138672,145.3800048828125,145.3350067138672,145.3800048828125,145.3800048828125,1637.0
2025-11-17T19:05:00Z,145.3350067138672,145.3350067138672,145.24000549316406,145.26499938964844,145.26499938964844,1207.0
2025-11-17T19:06:00Z,145.2899932861328,145.3699951171875,145.25999450683594,145.25999450683594,145.25999450683594,2280.0
2025-11-17T19:07:00Z,145.27000427246094,145.3300018310547,145.27000427246094,145.3300018310547,145.3300018310547,630.0
2025-11-17T19:08:00Z,145.3300018310547,145.36500549316406,145.3300018310547,145.36500549316406,145.36500549316406,3359.0
2025-11-17T19:09:00Z,145.35000610351562,145.36500549316406,145.2899932861328,145.2899932861328,145.2899932861328,2079.0
2025-11-17T19:10:00Z,145.22000122070312,145.22000122070312,145.1999969482422,145.1999969482422,145.1999969482422,972.0
2025-11-17T19:11:00Z,145.27749633789062,145.3699951171875,145.27749633789062,145.3699951171875,145.3699951171875,2863.0
2025-11-17T19:12:00Z,145.39999389648438,145.4149932861328,145.35000610351562,145.35000610351562,145.35000610351562,1773.0
2025-11-17T19:13:00Z,145.2899932861328,145.2899932861328,145.2899932861328,145.2899932861328,145.2899932861328,845.0
2025-11-17T19:14:00Z,145.2949981689453,145.2949981689453,145.2949981689453,145.2949981689453,145.2949981689453,501.0
2025-11-17T19:15:00Z,145.2899932861328,145.35000610351562,145.22000122070312,145.35000610351562,145.35000610351562,2722.0
2025-11-17T19:16:00Z,145.3800048828125,145.3800048828125,145.30999755859375,145.30999755859375,145.30999755859375,864.0
2025-11-17T19:17:00Z,145.2949981689453,145.38999938964844,145.2949981689453,145.38499450683594,145.38499450683594,3448.0
2025-11-17T19:18:00Z,145.39500427246094,145.44000244140625,145.39500427246094,145.39999389648438,145.39999389648438,2423.0
2025-11-17T19:19:00Z,145.375,145.38999938964844,145.375,145.38999938964844,145.38999938964844,773.0
2025-11-17T19:20:00Z,145.35499572753906,145.3699951171875,145.35499572753906,145.3699951171875,145.3699951171875,1004.0
2025-11-17T19:21:00Z,145.34300231933594,145.35000610351562,145.33999633789062,145.35000610351562,145.35000610351562,730.0
2025-11-17T19:22:00Z,145.34750366210938,145.34750366210938,145.25,145.25999450683594,145.25999450683594,2468.0
2025-11-17T19:23:00Z,145.25999450683594,145.32000732421875,145.2115936279297,145.2115936279297,145.2115936279297,2586.0
2025-11-17T19:24:00Z,145.25,145.25,145.1999969482422,145.1999969482422,145.1999969482422,1614.0
2025-11-17T19:25:00Z,145.27000427246094,145.3699951171875,145.1699981689453,145.1699981689453,145.1699981689453,4775.0
2025-11-17T19:26:00Z,145.17999267578125,145.19000244140625,145.14999389648438,145.14999389648438,145.14999389648438,2803.0
2025-11-17T19:27:00Z,145.17999267578125,145.17999267578125,145.13999938964844,145.13999938964844,145.13999938964844,1461.0
2025-11-17T19:28:00Z,145.13999938964844,145.17999267578125,145.08999633789062,145.08999633789062,145.08999633789062,2206.0
2025-11-17T19:29:00Z,145.11000061035156,145.3000030517578,145.11000061035156,145.27499389648438,145.27499389648438,4860.0
2025-11-17T19:30:00Z,145.2449951171875,145.2899932861328,145.16000366210938,145.16000366210938,145.16000366210938,2741.0
2025-11-17T19:31:00Z,145.16000366210938,145.16000366210938,145.0850067138672,145.11000061035156,145.11000061035156,1871.0
2025-11-17T19:32:00Z,145.0850067138672,145.0850067138672,145.02999877929688,145.0500030517578,145.0500030517578,2921.0
2025-11-17T19:33:00Z,145.0749969482422,145.14999389648438,145.07000732421875,145.11000061035156,145.11000061035156,4529.0
2025-11-17T19:34:00Z,145.1199951171875,145.1199951171875,145.00999450683594,145.00999450683594,145.00999450683594,2287.0
2025-11-17T19:35:00Z,145.0399932861328,145.0800018310547,145.02999877929688,145.0625,145.0625,3377.0
2025-11-17T19:36:00Z,145.1300048828125,145.1300048828125,145.00999450683594,145.00999450683594,145.00999450683594,1649.0
2025-11-17T19:37:00Z,145.00999450683594,145.05999755859375,145.00999450683594,145.0500030517578,145.0500030517578,3172.0
2025-11-17T19:38:00Z,144.97000122070312,144.97999572753906,144.89999389648438,144.89999389648438,144.89999389648438,1764.0
2025-11-17T19:39:00Z,144.92999267578125,144.92999267578125,144.83999633789062,144.86000061035156,144.86000061035156,3827.0
2025-11-17T19:40:00Z,144.82699584960938,144.82699584960938,144.74000549316406,144.74000549316406,144.74000549316406,1130.0
2025-11-17T19:41:00Z,144.73500061035156,144.77000427246094,144.6999969482422,144.73500061035156,144.73500061035156,4061.0
2025-11-17T19:42:00Z,144.72999572753906,144.9600067138672,144.72999572753906,144.89999389648438,144.89999389648438,4697.0
2025-11-17T19:43:00Z,144.8699951171875,144.91000366210938,144.8699951171875,144.91000366210938,144.91000366210938,1389.0
2025-11-17T19:44:00Z,144.92999267578125,144.92999267578125,144.86000061035156,144.89199829101562,144.89199829101562,2586.0
2025-11-17T19:45:00Z,144.80999755859375,144.81500244140625,144.67999267578125,144.68499755859375,144.68499755859375,3989.0
2025-11-17T19:46:00Z,144.68499755859375,144.6875,144.67999267578125,144.67999267578125,144.67999267578125,810.0
2025-11-17T19:47:00Z,144.6199951171875,144.63999938964844,144.5800018310547,144.63999938964844,144.63999938964844,1740.0
2025-11-17T19:48:00Z,144.64999389648438,144.72999572753906,144.64999389648438,144.72999572753906,144.72999572753906,3759.0
2025-11-17T19:49:00Z,144.74000549316406,144.74000549316406,144.6199951171875,144.66000366210938,144.66000366210938,4808.0
2025-11-17T19:50:00Z,144.65499877929688,144.77000427246094,144.64500427246094,144.72000122070312,144.72000122070312,5330.0
2025-11-17T19:51:00Z,144.72000122070312,144.72000122070312,144.69000244140625,144.69000244140625,144.69000244140625,789.0
2025-11-17T19:52:00Z,144.67999267578125,144.72999572753906,144.6300048828125,144.66000366210938,144.66000366210938,1457.0
2025-11-17T19:53:00Z,144.64999389648438,144.64999389648438,144.64999389648438,144.64999389648438,144.64999389648438,369.0
2025-11-17T19:54:00Z,144.6757049560547,144.72000122070312,144.6199951171875,144.6300048828125,144.6300048828125,2940.0
2025-11-17T19:55:00Z,144.60000610351562,144.60000610351562,144.57000732421875,144.57000732421875,144.57000732421875,1616.0
2025-11-17T19:56:00Z,144.55999755859375,144.55999755859375,144.38999938964844,144.4499969482422,144.4499969482422,6474.0
2025-11-17T19:57:00Z,144.4499969482422,144.47999572753906,144.40750122070312,144.4499969482422,144.4499969482422,3912.0
2025-11-17T19:58:00Z,144.50999450683594,144.50999450683594,144.41000366210938,144.47000122070312,144.47000122070312,3157.0
2025-11-17T19:59:00Z,144.40499877929688,144.47000122070312,144.27000427246094,144.27000427246094,144.27000427246094,3335.0
2025-11-17T20:00:00Z,144.25999450683594,144.27999877929688,144.22999572753906,144.2449951171875,144.2449951171875,3175.0
2025-11-17T20:01:00Z,144.1199951171875,144.1199951171875,144.07000732421875,144.10499572753906,144.10499572753906,3092.0
2025-11-17T20:02:00Z,144.1074981689453,144.1999969482422,144.1074981689453,144.1999969482422,144.1999969482422,2977.0
2025-11-17T20:03:00Z,144.1999969482422,144.25,144.0850067138672,144.22000122070312,144.22000122070312,4993.0
2025-11-17T20:04:00Z,144.22000122070312,144.2899932861328,144.22000122070312,144.2899932861328,144.2899932861328,4121.0
2025-11-17T20:05:00Z,144.30999755859375,144.3800048828125,144.30999755859375,144.30999755859375,144.30999755859375,3456.0
2025-11-17T20:06:00Z,144.32000732421875,144.3699951171875,144.32000732421875,144.32000732421875,144.32000732421875,1606.0
2025-11-17T20:07:00Z,144.27000427246094,144.3699951171875,144.10000610351562,144.3699951171875,144.3699951171875,17512.0
2025-11-17T20:08:00Z,144.2615966796875,144.44000244140625,144.2615966796875,144.3699951171875,144.3699951171875,4289.0
2025-11-17T20:09:00Z,144.32000732421875,144.32000732421875,144.2899932861328,144.2899932861328,144.2899932861328,2520.0
2025-11-17T20:10:00Z,144.33999633789062,144.3699951171875,144.2899932861328,144.32000732421875,144.32000732421875,4771.0
2025-11-17T20:11:00Z,144.27639770507812,144.27639770507812,144.14999389648438,144.14999389648438,144.14999389648438,1970.0
2025-11-17T20:12:00Z,144.15499877929688,144.2100067138672,144.0800018310547,144.0800018310547,144.0800018310547,6952.0
2025-11-17T20:13:00Z,144.1199951171875,144.14999389648438,144.1199951171875,144.125,144.125,1940.0
2025-11-17T20:14:00Z,144.0800018310547,144.11000061035156,144.07000732421875,144.0800018310547,144.0800018310547,3027.0
2025-11-17T20:15:00Z,144.1074981689453,144.20750427246094,144.08999633789062,144.20750427246094,144.20750427246094,4406.0
2025-11-17T20:16:00Z,144.2050018310547,144.25,144.17999267578125,144.22000122070312,144.22000122070312,4658.0
2025-11-17T20:17:00Z,144.19000244140625,144.3000030517578,144.17999267578125,144.24000549316406,144.24000549316406,2246.0
2025-11-17T20:18:00Z,144.2550048828125,144.34750366210938,144.2550048828125,144.34750366210938,144.34750366210938,3473.0
2025-11-17T20:19:00Z,144.36000061035156,144.36000061035156,144.17999267578125,144.17999267578125,144.17999267578125,5311.0
2025-11-17T20:20:00Z,144.1300048828125,144.22000122070312,144.1300048828125,144.16000366210938,144.16000366210938,2485.0
2025-11-17T20:21:00Z,144.17999267578125,144.17999267578125,144.05999755859375,144.10000610351562,144.10000610351562,9284.0
2025-11-17T20:22:00Z,144.07000732421875,144.18499755859375,144.0500030517578,144.18499755859375,144.18499755859375,13649.0
2025-11-17T20:23:00Z,144.17999267578125,144.3300018310547,144.17999267578125,144.3300018310547,144.3300018310547,4902.0
2025-11-17T20:24:00Z,144.32000732421875,144.43499755859375,144.32000732421875,144.37249755859375,144.37249755859375,5663.0
2025-11-17T20:25:00Z,144.4149932861328,144.47000122070312,144.3699951171875,144.3699951171875,144.3699951171875,5786.0
2025-11-17T20:26:00Z,144.3699951171875,144.4199981689453,144.30999755859375,144.30999755859375,144.30999755859375,3148.0
2025-11-17T20:27:00Z,144.3000030517578,144.33999633789062,144.2899932861328,144.32000732421875,144.32000732421875,3239.0
2025-11-17T20:28:00Z,144.33999633789062,144.33999633789062,144.1999969482422,144.23500061035156,144.23500061035156,2697.0
2025-11-17T20:29:00Z,144.24000549316406,144.30999755859375,144.22999572753906,144.25,144.25,6736.0
2025-11-17T20:30:00Z,144.2899932861328,144.35000610351562,144.25750732421875,144.35000610351562,144.35000610351562,4121.0
2025-11-17T20:31:00Z,144.35499572753906,144.35499572753906,144.20750427246094,144.25999450683594,144.25999450683594,4818.0
2025-11-17T20:32:00Z,144.22999572753906,144.3300018310547,144.2100067138672,144.2100067138672,144.2100067138672,5993.0
2025-11-17T20:33:00Z,144.22999572753906,144.22999572753906,144.1300048828125,144.19000244140625,144.19000244140625,11598.0
2025-11-17T20:34:00Z,144.17999267578125,144.19000244140625,144.08999633789062,144.08999633789062,144.08999633789062,10876.0
2025-11-17T20:35:00Z,144.09500122070312,144.3350067138672,144.09500122070312,144.27999877929688,144.27999877929688,4864.0
2025-11-17T20:36:00Z,144.2550048828125,144.4199981689453,144.2550048828125,144.39999389648438,144.39999389648438,11785.0
2025-11-17T20:37:00Z,144.44500732421875,144.44500732421875,144.32000732421875,144.32000732421875,144.32000732421875,3192.0
2025-11-17T20:38:00Z,144.3699951171875,144.3699951171875,144.28219604492188,144.28219604492188,144.28219604492188,5702.0
2025-11-17T20:39:00Z,144.27999877929688,144.3249969482422,144.27999877929688,144.3249969482422,144.3249969482422,953.0
2025-11-17T20:40:00Z,144.3249969482422,144.41000366210938,144.30999755859375,144.41000366210938,144.41000366210938,6023.0
2025-11-17T20:41:00Z,144.36000061035156,144.36000061035156,144.27999877929688,144.33999633789062,144.33999633789062,5711.0
2025-11-17T20:42:00Z,144.28750610351562,144.4600067138672,144.28750610351562,144.4600067138672,144.4600067138672,8179.0
2025-11-17T20:43:00Z,144.41000366210938,144.4199981689453,144.3800048828125,144.4199981689453,144.4199981689453,3256.0
2025-11-17T20:44:00Z,144.4199981689453,144.5500030517578,144.4199981689453,144.5399932861328,144.5399932861328,7732.0
2025-11-17T20:45:00Z,144.60000610351562,144.77000427246094,144.5500030517578,144.77000427246094,144.77000427246094,10611.0
2025-11-17T20:46:00Z,144.7100067138672,144.7100067138672,144.66000366210938,144.7100067138672,144.7100067138672,4110.0
2025-11-17T20:47:00Z,144.76499938964844,144.79010009765625,144.6999969482422,144.6999969482422,144.6999969482422,5278.0
2025-11-17T20:48:00Z,144.67999267578125,144.68600463867188,144.5749969482422,144.5749969482422,144.5749969482422,7830.0
2025-11-17T20:49:00Z,144.56500244140625,144.60000610351562,144.5,144.50999450683594,144.50999450683594,8344.0
2025-11-17T20:50:00Z,144.5800018310547,144.7570037841797,144.50999450683594,144.6750030517578,144.6750030517578,21855.0
2025-11-17T20:51:00Z,144.67999267578125,144.71299743652344,144.58999633789062,144.6300048828125,144.6300048828125,12068.0
2025-11-17T20:52:00Z,144.6300048828125,144.69000244140625,144.60000610351562,144.64999389648438,144.64999389648438,14171.0
2025-11-17T20:53:00Z,144.6199951171875,144.64999389648438,144.52999877929688,144.6199951171875,144.6199951171875,16846.0
2025-11-17T20:54:00Z,144.63999938964844,144.6750030517578,144.57000732421875,144.6300048828125,144.6300048828125,23990.0
2025-11-17T20:55:00Z,144.66000366210938,144.75999450683594,144.61000061035156,144.72000122070312,144.72000122070312,22567.0
2025-11-17T20:56:00Z,144.6999969482422,144.75999450683594,144.6699981689453,144.74000549316406,144.74000549316406,22075.0
2025-11-17T20:57:00Z,144.7449951171875,144.7449951171875,144.61000061035156,144.64999389648438,144.64999389648438,30610.0
2025-11-17T20:58:00Z,144.63999938964844,144.67999267578125,144.60000610351562,144.6199951171875,144.6199951171875,40636.0
2025-11-17T20:59:00Z,144.66000366210938,144.66000366210938,144.39999389648438,144.50999450683594,144.50999450683594,70458.0
2025-11-18T14:32:00Z,142.60000610351562,142.60000610351562,142.60000610351562,142.60000610351562,142.60000610351562,750.0
2025-11-18T14:33:00Z,142.60499572753906,143.02999877929688,142.17999267578125,142.17999267578125,142.17999267578125,6402.0
2025-11-18T14:34:00Z,142.625,142.6300048828125,142.2100067138672,142.2100067138672,142.2100067138672,4481.0
2025-11-18T14:35:00Z,142.6300048828125,142.6300048828125,142.25289916992188,142.25289916992188,142.25289916992188,288.0
2025-11-18T14:36:00Z,142.41000366210938,142.5050048828125,142.22000122070312,142.3800048828125,142.3800048828125,2594.0
2025-11-18T14:37:00Z,142.61000061035156,143.09500122070312,142.61000061035156,142.9499969482422,142.9499969482422,5019.0
2025-11-18T14:38:00Z,143.41000366210938,143.41000366210938,143.41000366210938,143.41000366210938,143.41000366210938,465.0
2025-11-18T14:39:00Z,143.72999572753906,143.8000030517578,143.35000610351562,143.52000427246094,143.52000427246094,4973.0
2025-11-18T14:40:00Z,143.25,143.3699951171875,143.13999938964844,143.36000061035156,143.36000061035156,2404.0
2025-11-18T14:41:00Z,143.4250030517578,143.4600067138672,143.3300018310547,143.4600067138672,143.4600067138672,1759.0
2025-11-18T14:42:00Z,143.07000732421875,143.22000122070312,143.06500244140625,143.22000122070312,143.22000122070312,616.0
2025-11-18T14:43:00Z,143.22000122070312,143.83999633789062,143.22000122070312,143.75999450683594,143.75999450683594,9863.0
2025-11-18T14:44:00Z,143.7899932861328,144.0,143.75999450683594,143.75999450683594,143.75999450683594,5860.0
2025-11-18T14:45:00Z,143.85000610351562,144.14999389648438,143.85000610351562,144.1300048828125,144.1300048828125,2638.0
2025-11-18T14:46:00Z,144.02000427246094,144.02999877929688,143.97000122070312,143.97000122070312,143.97000122070312,916.0
2025-11-18T14:47:00Z,143.97999572753906,144.1199951171875,143.97999572753906,144.0449981689453,144.0449981689453,1672.0
2025-11-18T14:48:00Z,144.0449981689453,144.0449981689453,144.0449981689453,144.0449981689453,144.0449981689453,894.0
2025-11-18T14:49:00Z,144.00250244140625,144.0124969482422,143.60000610351562,143.63999938964844,143.63999938964844,8862.0
2025-11-18T14:50:00Z,143.35499572753906,143.5850067138672,143.32000732421875,143.35000610351562,143.35000610351562,8493.0
2025-11-18T14:51:00Z,143.56500244140625,143.56500244140625,143.27999877929688,143.27999877929688,143.27999877929688,961.0
2025-11-18T14:52:00Z,143.3300018310547,143.3300018310547,142.94000244140625,142.9600067138672,142.9600067138672,1554.0
2025-11-18T14:53:00Z,142.97000122070312,143.28500366210938,142.97000122070312,143.2100067138672,143.2100067138672,2041.0
2025-11-18T14:54:00Z,143.4499969482422,143.77000427246094,143.3699951171875,143.75439453125,143.75439453125,4206.0
2025-11-18T14:55:00Z,143.8345947265625,143.8699951171875,143.72999572753906,143.72999572753906,143.72999572753906,2183.0
2025-11-18T14:56:00Z,143.47999572753906,143.47999572753906,143.36500549316406,143.36500549316406,143.36500549316406,996.0
2025-11-18T14:57:00Z,143.3800048828125,143.4250030517578,143.3800048828125,143.4199981689453,143.4199981689453,1359.0
2025-11-18T14:58:00Z,143.25999450683594,143.55999755859375,143.25999450683594,143.4199981689453,143.4199981689453,7585.0
2025-11-18T14:59:00Z,143.22000122070312,143.3000030517578,143.2050018310547,143.2899932861328,143.2899932861328,3135.0
2025-11-18T15:00:00Z,143.25,143.52999877929688,143.25,143.33999633789062,143.33999633789062,6343.0
2025-11-18T15:01:00Z,143.27999877929688,143.4199981689453,143.22500610351562,143.28500366210938,143.28500366210938,2114.0
2025-11-18T15:02:00Z,143.4499969482422,143.4499969482422,143.02999877929688,143.02999877929688,143.02999877929688,3534.0
2025-11-18T15:03:00Z,142.97999572753906,142.99000549316406,142.97999572753906,142.97999572753906,142.97999572753906,760.0
2025-11-18T15:04:00Z,142.9199981689453,143.0449981689453,142.74000549316406,143.02499389648438,143.02499389648438,8260.0
2025-11-18T15:05:00Z,143.0399932861328,143.05999755859375,143.02000427246094,143.05999755859375,143.05999755859375,1114.0
2025-11-18T15:06:00Z,142.94000244140625,143.3800048828125,142.94000244140625,143.3800048828125,143.3800048828125,4442.0
2025-11-18T15:07:00Z,143.3000030517578,143.30999755859375,143.25999450683594,143.30999755859375,143.30999755859375,1777.0
2025-11-18T15:08:00Z,143.27000427246094,143.3800048828125,143.27000427246094,143.3800048828125,143.3800048828125,2232.0
2025-11-18T15:09:00Z,143.27000427246094,143.52999877929688,143.27000427246094,143.4149932861328,143.4149932861328,3988.0
2025-11-18T15:10:00Z,143.42999267578125,143.5800018310547,143.42999267578125,143.5399932861328,143.5399932861328,2161.0
2025-11-18T15:11:00Z,143.52999877929688,143.5399932861328,143.27999877929688,143.52749633789062,143.52749633789062,5407.0
2025-11-18T15:12:00Z,143.5050048828125,143.5050048828125,143.5050048828125,143.5050048828125,143.5050048828125,461.0
2025-11-18T15:13:00Z,143.55340576171875,143.72000122070312,143.42999267578125,143.60499572753906,143.60499572753906,3014.0
2025-11-18T15:14:00Z,143.52000427246094,143.58599853515625,143.3699951171875,143.3699951171875,143.3699951171875,9759.0
2025-11-18T15:15:00Z,143.30999755859375,143.5699005126953,143.1999969482422,143.1999969482422,143.1999969482422,2255.0
2025-11-18T15:16:00Z,143.19000244140625,143.2050018310547,143.10000610351562,143.125,143.125,4522.0
2025-11-18T15:17:00Z,143.0449981689453,143.24000549316406,143.0449981689453,143.15499877929688,143.15499877929688,852.0
2025-11-18T15:18:00Z,143.22999572753906,143.22999572753906,142.75,142.83999633789062,142.83999633789062,7473.0
2025-11-18T15:19:00Z,142.83999633789062,142.83999633789062,142.77000427246094,142.80999755859375,142.80999755859375,1608.0
2025-11-18T15:20:00Z,142.86000061035156,143.19000244140625,142.86000061035156,143.10000610351562,143.10000610351562,7527.0
2025-11-18T15:21:00Z,143.0800018310547,143.3800048828125,143.0800018310547,143.32000732421875,143.32000732421875,3840.0
2025-11-18T15:22:00Z,143.27000427246094,143.30999755859375,143.22999572753906,143.30999755859375,143.30999755859375,2197.0
2025-11-18T15:23:00Z,143.3350067138672,143.42999267578125,143.32000732421875,143.3800048828125,143.3800048828125,1412.0
2025-11-18T15:24:00Z,143.33999633789062,143.33999633789062,143.16000366210938,143.25,143.25,1626.0
2025-11-18T15:25:00Z,143.25999450683594,143.47000122070312,143.1999969482422,143.47000122070312,143.47000122070312,4553.0
2025-11-18T15:26:00Z,143.52999877929688,143.63999938964844,143.52999877929688,143.5399932861328,143.5399932861328,3454.0
2025-11-18T15:27:00Z,143.4199981689453,143.47000122070312,143.4199981689453,143.47000122070312,143.47000122070312,1377.0
2025-11-18T15:28:00Z,143.4600067138672,143.5850067138672,143.41000366210938,143.55999755859375,143.55999755859375,3152.0
2025-11-18T15:29:00Z,143.72000122070312,143.72000122070312,143.5850067138672,143.60000610351562,143.60000610351562,2740.0
2025-11-18T15:30:00Z,143.58999633789062,143.75999450683594,143.58999633789062,143.75999450683594,143.75999450683594,1207.0
2025-11-18T15:31:00Z,143.58999633789062,143.59750366210938,143.58999633789062,143.59750366210938,143.59750366210938,1904.0
2025-11-18T15:32:00Z,143.75999450683594,144.0,143.7550048828125,144.0,144.0,2767.0
2025-11-18T15:33:00Z,144.03500366210938,144.03500366210938,144.03500366210938,144.03500366210938,144.03500366210938,824.0
2025-11-18T15:34:00Z,143.89500427246094,143.96499633789062,143.7899932861328,143.80999755859375,143.80999755859375,2388.0
2025-11-18T15:35:00Z,143.6199951171875,143.6199951171875,143.6199951171875,143.6199951171875,143.6199951171875,862.0
2025-11-18T15:36:00Z,143.64999389648438,143.64999389648438,143.64999389648438,143.64999389648438,143.64999389648438,1498.0
2025-11-18T15:37:00Z,143.5,143.5,143.4600067138672,143.47000122070312,143.47000122070312,1470.0
2025-11-18T15:38:00Z,143.53500366210938,143.66000366210938,143.53500366210938,143.5800018310547,143.5800018310547,1362.0
2025-11-18T15:39:00Z,143.59500122070312,143.59500122070312,143.59500122070312,143.59500122070312,143.59500122070312,386.0
2025-11-18T15:40:00Z,143.55999755859375,143.55999755859375,143.55999755859375,143.55999755859375,143.55999755859375,788.0
2025-11-18T15:41:00Z,143.63999938964844,143.82000732421875,143.63999938964844,143.7899932861328,143.7899932861328,2000.0
2025-11-18T15:42:00Z,143.84629821777344,143.84629821777344,143.64999389648438,143.64999389648438,143.64999389648438,1148.0
2025-11-18T15:43:00Z,143.72999572753906,143.77000427246094,143.6300048828125,143.6300048828125,143.6300048828125,4344.0
2025-11-18T15:44:00Z,143.72999572753906,143.72999572753906,143.69000244140625,143.69000244140625,143.69000244140625,1119.0
2025-11-18T15:45:00Z,143.61000061035156,143.61000061035156,143.47000122070312,143.49000549316406,143.49000549316406,6539.0
2025-11-18T15:46:00Z,143.51319885253906,143.51319885253906,143.50999450683594,143.50999450683594,143.50999450683594,1770.0
2025-11-18T15:47:00Z,143.4600067138672,143.4600067138672,143.4600067138672,143.4600067138672,143.4600067138672,650.0
2025-11-18T15:49:00Z,143.39500427246094,143.41000366210938,143.36000061035156,143.41000366210938,143.41000366210938,1469.0
2025-11-18T15:50:00Z,143.3800048828125,143.41000366210938,142.88999938964844,143.0,143.0,23390.0
2025-11-18T15:51:00Z,143.0,143.07000732421875,142.85000610351562,143.07000732421875,143.07000732421875,14483.0
2025-11-18T15:52:00Z,143.0,143.0,143.0,143.0,143.0,698.0
2025-11-18T15:53:00Z,143.0,143.02000427246094,142.86000061035156,142.9499969482422,142.9499969482422,5170.0
2025-11-18T15:54:00Z,143.02999877929688,143.03500366210938,143.02999877929688,143.03500366210938,143.03500366210938,2031.0
2025-11-18T15:55:00Z,143.14999389648438,143.25999450683594,143.03500366210938,143.17999267578125,143.17999267578125,7034.0
2025-11-18T15:56:00Z,143.22999572753906,143.22999572753906,143.22000122070312,143.22000122070312,143.22000122070312,1374.0
2025-11-18T15:57:00Z,143.13999938964844,143.13999938964844,143.0500030517578,143.0500030517578,143.0500030517578,2130.0
2025-11-18T15:58:00Z,143.00999450683594,143.0449981689453,142.9600067138672,142.9600067138672,142.9600067138672,3394.0
2025-11-18T15:59:00Z,142.88999938964844,142.91000366210938,142.85000610351562,142.90499877929688,142.90499877929688,2888.0
2025-11-18T16:00:00Z,142.89999389648438,143.22999572753906,142.8300018310547,143.22999572753906,143.22999572753906,5301.0
2025-11-18T16:01:00Z,143.24000549316406,143.24000549316406,143.2100067138672,143.2100067138672,143.2100067138672,1417.0
2025-11-18T16:02:00Z,143.24000549316406,143.24000549316406,143.24000549316406,143.24000549316406,143.24000549316406,348.0
2025-11-18T16:03:00Z,143.25,143.53500366210938,143.25,143.53500366210938,143.53500366210938,2043.0
2025-11-18T16:04:00Z,143.55999755859375,143.55999755859375,143.52000427246094,143.52000427246094,143.52000427246094,1160.0
2025-11-18T16:05:00Z,143.44000244140625,143.6300048828125,143.22999572753906,143.22999572753906,143.22999572753906,2908.0
2025-11-18T16:06:00Z,143.3350067138672,143.33999633789062,143.3350067138672,143.33999633789062,143.33999633789062,1344.0
2025-11-18T16:07:00Z,143.3699951171875,143.6199951171875,143.3699951171875,143.58999633789062,143.58999633789062,4831.0
2025-11-18T16:08:00Z,143.52999877929688,143.5399932861328,143.52999877929688,143.5399932861328,143.5399932861328,1068.0
2025-11-18T16:09:00Z,143.52000427246094,143.52000427246094,143.2899932861328,143.2899932861328,143.2899932861328,1402.0
2025-11-18T16:10:00Z,143.38999938964844,143.55999755859375,143.38999938964844,143.47000122070312,143.47000122070312,1734.0
2025-11-18T16:11:00Z,143.44500732421875,143.63099670410156,143.44500732421875,143.57000732421875,143.57000732421875,4104.0
2025-11-18T16:12:00Z,143.5800018310547,143.63999938964844,143.52999877929688,143.63999938964844,143.63999938964844,2004.0
2025-11-18T16:14:00Z,143.63999938964844,143.64500427246094,143.5399932861328,143.64500427246094,143.64500427246094,3986.0
2025-11-18T16:15:00Z,143.52000427246094,143.6199951171875,143.52000427246094,143.6199951171875,143.6199951171875,1691.0
2025-11-18T16:16:00Z,143.57000732421875,143.57000732421875,143.49000549316406,143.49000549316406,143.49000549316406,1347.0
2025-11-18T16:17:00Z,143.52000427246094,143.52000427246094,143.44000244140625,143.44000244140625,143.44000244140625,1294.0
2025-11-18T16:18:00Z,143.47000122070312,143.55999755859375,143.4499969482422,143.5399932861328,143.5399932861328,2240.0
2025-11-18T16:19:00Z,143.5,143.5800018310547,143.44500732421875,143.5800018310547,143.5800018310547,1776.0
2025-11-18T16:20:00Z,143.55999755859375,143.6300048828125,143.55999755859375,143.6300048828125,143.6300048828125,1606.0
2025-11-18T16:21:00Z,143.66000366210938,143.6699981689453,143.50999450683594,143.50999450683594,143.50999450683594,1997.0
2025-11-18T16:22:00Z,143.52999877929688,143.5800018310547,143.52000427246094,143.5800018310547,143.5800018310547,1569.0
2025-11-18T16:23:00Z,143.7100067138672,143.7100067138672,143.4499969482422,143.4600067138672,143.4600067138672,1460.0
2025-11-18T16:24:00Z,143.53750610351562,143.6199951171875,143.4600067138672,143.6199951171875,143.6199951171875,2190.0
2025-11-18T16:25:00Z,143.61000061035156,143.78500366210938,143.61000061035156,143.78500366210938,143.78500366210938,933.0
2025-11-18T16:26:00Z,143.8800048828125,143.8800048828125,143.80999755859375,143.86500549316406,143.86500549316406,909.0
2025-11-18T16:27:00Z,143.86500549316406,143.97999572753906,143.86500549316406,143.92999267578125,143.92999267578125,2282.0
2025-11-18T16:28:00Z,143.93499755859375,144.0,143.93499755859375,144.0,144.0,1696.0
2025-11-18T16:29:00Z,144.0,144.02999877929688,143.9149932861328,144.02999877929688,144.02999877929688,5087.0
2025-11-18T16:30:00Z,144.0399932861328,144.0800018310547,144.0,144.01499938964844,144.01499938964844,4310.0
2025-11-18T16:31:00Z,144.02499389648438,144.07000732421875,143.89999389648438,143.99000549316406,143.99000549316406,4876.0
2025-11-18T16:32:00Z,143.8699951171875,143.91000366210938,143.8699951171875,143.91000366210938,143.91000366210938,1400.0
2025-11-18T16:33:00Z,143.9149932861328,144.0399932861328,143.8699951171875,144.03500366210938,144.03500366210938,10876.0
2025-11-18T16:34:00Z,144.03500366210938,144.0500030517578,143.92999267578125,143.97000122070312,143.97000122070312,2473.0
2025-11-18T16:35:00Z,143.97000122070312,144.0,143.97000122070312,144.0,144.0,1544.0
2025-11-18T16:36:00Z,144.0,144.1999969482422,143.92999267578125,144.1999969482422,144.1999969482422,10316.0
2025-11-18T16:37:00Z,144.22999572753906,144.33999633789062,144.22999572753906,144.30999755859375,144.30999755859375,1582.0
2025-11-18T16:38:00Z,144.27999877929688,144.30499267578125,144.25,144.25,144.25,910.0
2025-11-18T16:39:00Z,144.22500610351562,144.29249572753906,144.0,144.0500030517578,144.0500030517578,7857.0
2025-11-18T16:40:00Z,144.0399932861328,144.0500030517578,144.0399932861328,144.0500030517578,144.0500030517578,1448.0
2025-11-18T16:41:00Z,144.07000732421875,144.07000732421875,144.05999755859375,144.05999755859375,144.05999755859375,1762.0
2025-11-18T16:42:00Z,144.13999938964844,144.16000366210938,143.9499969482422,143.9499969482422,143.9499969482422,5842.0
2025-11-18T16:43:00Z,143.9250030517578,144.0,143.9250030517578,143.94000244140625,143.94000244140625,6521.0
2025-11-18T16:44:00Z,143.94000244140625,144.0,143.9199981689453,144.0,144.0,5436.0
2025-11-18T16:45:00Z,144.0399932861328,144.10499572753906,144.02999877929688,144.10000610351562,144.10000610351562,3753.0
2025-11-18T16:46:00Z,144.10000610351562,144.1199951171875,144.10000610351562,144.1199951171875,144.1199951171875,1599.0
2025-11-18T16:47:00Z,144.02000427246094,144.05999755859375,143.92999267578125,143.9375,143.9375,2567.0
2025-11-18T16:48:00Z,143.93499755859375,144.08999633789062,143.93499755859375,144.08999633789062,144.08999633789062,4330.0
2025-11-18T16:49:00Z,143.98500061035156,144.02000427246094,143.98500061035156,143.98500061035156,143.98500061035156,831.0
2025-11-18T16:50:00Z,143.9199981689453,143.97500610351562,143.9199981689453,143.97500610351562,143.97500610351562,1422.0
2025-11-18T16:51:00Z,143.97500610351562,143.97500610351562,143.8699951171875,143.9250030517578,143.9250030517578,3185.0
2025-11-18T16:52:00Z,143.9250030517578,143.9250030517578,143.8300018310547,143.89999389648438,143.89999389648438,2220.0
2025-11-18T16:53:00Z,143.89999389648438,143.89999389648438,143.89999389648438,143.89999389648438,143.89999389648438,1423.0
2025-11-18T16:55:00Z,143.9199981689453,144.0,143.9199981689453,143.97000122070312,143.97000122070312,3022.0
2025-11-18T16:56:00Z,143.8800048828125,143.9221954345703,143.82000732421875,143.85000610351562,143.85000610351562,2125.0
2025-11-18T16:57:00Z,143.85499572753906,143.85499572753906,143.8000030517578,143.8000030517578,143.8000030517578,1595.0
2025-11-18T16:58:00Z,143.80999755859375,143.85000610351562,143.80999755859375,143.8300018310547,143.8300018310547,2443.0
2025-11-18T16:59:00Z,143.8300018310547,143.88499450683594,143.8300018310547,143.88499450683594,143.88499450683594,1638.0
2025-11-18T17:00:00Z,143.88499450683594,144.0749969482422,143.88499450683594,144.0749969482422,144.0749969482422,3415.0
2025-11-18T17:01:00Z,144.0500030517578,144.0500030517578,143.97999572753906,143.97999572753906,143.97999572753906,2340.0
2025-11-18T17:02:00Z,143.97000122070312,144.0399932861328,143.97000122070312,144.03500366210938,144.03500366210938,1849.0
2025-11-18T17:03:00Z,143.9499969482422,144.03500366210938,143.9499969482422,144.03500366210938,144.03500366210938,1106.0
2025-11-18T17:04:00Z,144.01499938964844,144.02000427246094,143.91000366210938,143.91000366210938,143.91000366210938,1994.0
2025-11-18T17:05:00Z,143.97000122070312,143.97000122070312,143.8800048828125,143.93499755859375,143.93499755859375,2210.0
2025-11-18T17:06:00Z,143.99000549316406,143.99000549316406,143.93499755859375,143.93499755859375,143.93499755859375,3119.0
2025-11-18T17:07:00Z,144.0,144.14999389648438,143.97500610351562,144.14999389648438,144.14999389648438,2530.0
2025-11-18T17:08:00Z,144.14999389648438,144.2100067138672,144.08999633789062,144.2100067138672,144.2100067138672,7813.0
2025-11-18T17:09:00Z,144.1750030517578,144.2050018310547,144.10000610351562,144.13499450683594,144.13499450683594,2158.0
2025-11-18T17:10:00Z,144.13499450683594,144.13999938964844,144.0800018310547,144.10000610351562,144.10000610351562,2066.0
2025-11-18T17:11:00Z,144.11000061035156,144.11000061035156,144.02000427246094,144.02000427246094,144.02000427246094,897.0
2025-11-18T17:12:00Z,144.08999633789062,144.1999969482422,144.08999633789062,144.10000610351562,144.10000610351562,1807.0
2025-11-18T17:13:00Z,144.1999969482422,144.2449951171875,144.10499572753906,144.22999572753906,144.22999572753906,12057.0
2025-11-18T17:14:00Z,144.22999572753906,144.22999572753906,143.97000122070312,143.97000122070312,143.97000122070312,3449.0
2025-11-18T17:15:00Z,143.9600067138672,144.11000061035156,143.9600067138672,144.11000061035156,144.11000061035156,3150.0
2025-11-18T17:16:00Z,144.125,144.1300048828125,144.10000610351562,144.125,144.125,1346.0
2025-11-18T17:17:00Z,144.11500549316406,144.11500549316406,144.0,144.0,144.0,1062.0
2025-11-18T17:18:00Z,144.08999633789062,144.10000610351562,144.03500366210938,144.10000610351562,144.10000610351562,2519.0
2025-11-18T17:19:00Z,144.0399932861328,144.17999267578125,144.03500366210938,144.17999267578125,144.17999267578125,9381.0
2025-11-18T17:20:00Z,144.22999572753906,144.35000610351562,144.22999572753906,144.30999755859375,144.30999755859375,1543.0
2025-11-18T17:21:00Z,144.27000427246094,144.30999755859375,144.25,144.2550048828125,144.2550048828125,2643.0
2025-11-18T17:22:00Z,144.2550048828125,144.2550048828125,144.05999755859375,144.05999755859375,144.05999755859375,2271.0
2025-11-18T17:23:00Z,144.02499389648438,144.16749572753906,144.02499389648438,144.1300048828125,144.1300048828125,12265.0
2025-11-18T17:25:00Z,144.13499450683594,144.13499450683594,144.0500030517578,144.0500030517578,144.0500030517578,1067.0
2025-11-18T17:26:00Z,144.0,144.0800018310547,143.97999572753906,144.0,144.0,6654.0
2025-11-18T17:27:00Z,144.00999450683594,144.00999450683594,143.77000427246094,143.77000427246094,143.77000427246094,4128.0
2025-11-18T17:28:00Z,143.77999877929688,143.8000030517578,143.6699981689453,143.6699981689453,143.6699981689453,3472.0
2025-11-18T17:29:00Z,143.68479919433594,143.71499633789062,143.68479919433594,143.7100067138672,143.7100067138672,1397.0
2025-11-18T17:30:00Z,143.64999389648438,143.6649932861328,143.6199951171875,143.6649932861328,143.6649932861328,2004.0
2025-11-18T17:31:00Z,143.55999755859375,143.55999755859375,143.47999572753906,143.53500366210938,143.53500366210938,3286.0
2025-11-18T17:32:00Z,143.5,143.61000061035156,143.5,143.61000061035156,143.61000061035156,1564.0
2025-11-18T17:33:00Z,143.5850067138672,143.6999969482422,143.5850067138672,143.63999938964844,143.63999938964844,2565.0
2025-11-18T17:34:00Z,143.75,143.91000366210938,143.75,143.8699951171875,143.8699951171875,4197.0
2025-11-18T17:35:00Z,143.94000244140625,143.9499969482422,143.8800048828125,143.9499969482422,143.9499969482422,1284.0
2025-11-18T17:36:00Z,143.99000549316406,144.11000061035156,143.99000549316406,144.0500030517578,144.0500030517578,1965.0
2025-11-18T17:37:00Z,144.08999633789062,144.08999633789062,144.08999633789062,144.08999633789062,144.08999633789062,217.0
2025-11-18T17:38:00Z,144.14999389648438,144.35000610351562,144.0500030517578,144.3300018310547,144.3300018310547,13349.0
2025-11-18T17:39:00Z,144.36000061035156,144.39999389648438,144.35499572753906,144.36000061035156,144.36000061035156,1546.0
2025-11-18T17:40:00Z,144.39999389648438,144.60000610351562,144.39999389648438,144.60000610351562,144.60000610351562,4438.0
2025-11-18T17:41:00Z,144.49000549316406,144.60000610351562,144.47999572753906,144.5800018310547,144.5800018310547,2046.0
2025-11-18T17:42:00Z,144.66000366210938,144.72000122070312,144.58999633789062,144.69000244140625,144.69000244140625,9517.0
2025-11-18T17:43:00Z,144.69000244140625,144.69000244140625,144.47999572753906,144.5399932861328,144.5399932861328,4048.0
2025-11-18T17:44:00Z,144.4949951171875,144.55889892578125,144.4499969482422,144.4949951171875,144.4949951171875,1622.0
2025-11-18T17:45:00Z,144.4949951171875,144.4949951171875,144.4600067138672,144.47999572753906,144.47999572753906,1695.0
2025-11-18T17:46:00Z,144.47999572753906,144.60000610351562,144.47999572753906,144.55499267578125,144.55499267578125,6802.0
2025-11-18T17:47:00Z,144.60000610351562,144.60000610351562,144.5500030517578,144.5500030517578,144.5500030517578,5270.0
2025-11-18T17:48:00Z,144.57000732421875,144.72999572753906,144.52000427246094,144.6999969482422,144.6999969482422,18782.0
2025-11-18T17:49:00Z,144.7100067138672,144.72999572753906,144.64999389648438,144.64999389648438,144.64999389648438,2038.0
2025-11-18T17:50:00Z,144.72999572753906,144.72999572753906,144.6199951171875,144.6199951171875,144.6199951171875,4106.0
2025-11-18T17:51:00Z,144.60000610351562,144.61500549316406,144.47000122070312,144.47000122070312,144.47000122070312,2356.0
2025-11-18T17:52:00Z,144.625,144.625,144.57000732421875,144.61500549316406,144.61500549316406,4584.0
2025-11-18T17:53:00Z,144.77000427246094,144.88999938964844,144.68499755859375,144.88499450683594,144.88499450683594,2752.0
2025-11-18T17:54:00Z,144.77999877929688,144.8000030517578,144.75999450683594,144.77000427246094,144.77000427246094,2836.0
2025-11-18T17:55:00Z,144.77000427246094,144.7949981689453,144.74000549316406,144.7949981689453,144.7949981689453,6345.0
2025-11-18T17:56:00Z,144.8350067138672,144.9600067138672,144.80999755859375,144.9550018310547,144.9550018310547,5599.0
2025-11-18T17:57:00Z,144.9550018310547,145.0,144.86000061035156,144.89999389648438,144.89999389648438,14121.0
2025-11-18T17:58:00Z,144.89999389648438,144.99000549316406,144.83999633789062,144.85499572753906,144.85499572753906,7883.0
2025-11-18T17:59:00Z,144.89999389648438,144.89999389648438,144.75999450683594,144.80499267578125,144.80499267578125,3930.0
2025-11-18T18:00:00Z,144.80999755859375,144.84500122070312,144.77999877929688,144.82000732421875,144.82000732421875,1658.0
2025-11-18T18:01:00Z,144.80999755859375,144.8800048828125,144.80999755859375,144.8800048828125,144.8800048828125,631.0
2025-11-18T18:02:00Z,144.89500427246094,144.89500427246094,144.75999450683594,144.7899932861328,144.7899932861328,7196.0
2025-11-18T18:03:00Z,144.72999572753906,144.72999572753906,144.67999267578125,144.72000122070312,144.72000122070312,3436.0
2025-11-18T18:04:00Z,144.67999267578125,144.67999267578125,144.6300048828125,144.6300048828125,144.6300048828125,1619.0
2025-11-18T18:05:00Z,144.67999267578125,144.67999267578125,144.67999267578125,144.67999267578125,144.67999267578125,301.0
2025-11-18T18:06:00Z,144.6199951171875,144.7899932861328,144.6199951171875,144.75,144.75,8375.0
2025-11-18T18:07:00Z,144.7899932861328,144.82000732421875,144.75999450683594,144.82000732421875,144.82000732421875,6575.0
2025-11-18T18:08:00Z,144.67999267578125,144.75999450683594,144.61000061035156,144.71499633789062,144.71499633789062,2868.0
2025-11-18T18:09:00Z,144.66000366210938,144.69500732421875,144.36500549316406,144.5399932861328,144.5399932861328,3905.0
2025-11-18T18:10:00Z,144.5500030517578,144.82000732421875,144.5500030517578,144.77999877929688,144.77999877929688,5813.0
2025-11-18T18:11:00Z,144.72000122070312,144.74000549316406,144.63499450683594,144.63499450683594,144.63499450683594,1319.0
2025-11-18T18:12:00Z,144.6999969482422,144.7550048828125,144.6999969482422,144.7550048828125,144.7550048828125,1027.0
2025-11-18T18:13:00Z,144.67999267578125,144.8000030517578,144.6300048828125,144.77499389648438,144.77499389648438,3586.0
2025-11-18T18:14:00Z,144.73500061035156,144.73500061035156,144.73500061035156,144.73500061035156,144.73500061035156,428.0
2025-11-18T18:15:00Z,144.8000030517578,144.85000610351562,144.8000030517578,144.85000610351562,144.85000610351562,1481.0
2025-11-18T18:16:00Z,144.83999633789062,144.85000610351562,144.78500366210938,144.80999755859375,144.80999755859375,2378.0
2025-11-18T18:17:00Z,144.80999755859375,144.86000061035156,144.75999450683594,144.86000061035156,144.86000061035156,1433.0
2025-11-18T18:18:00Z,144.86000061035156,144.94500732421875,144.86000061035156,144.94500732421875,144.94500732421875,2905.0
2025-11-18T18:19:00Z,144.97999572753906,144.97999572753906,144.9499969482422,144.9499969482422,144.9499969482422,1063.0
2025-11-18T18:20:00Z,144.9499969482422,144.9499969482422,144.78500366210938,144.78500366210938,144.78500366210938,4722.0
2025-11-18T18:21:00Z,144.8800048828125,144.89999389648438,144.8699951171875,144.8699951171875,144.8699951171875,1501.0
2025-11-18T18:22:00Z,144.9199981689453,144.9600067138672,144.9199981689453,144.9600067138672,144.9600067138672,663.0
2025-11-18T18:23:00Z,145.0,145.125,144.99000549316406,145.0500030517578,145.0500030517578,10528.0
2025-11-18T18:24:00Z,145.02000427246094,145.02000427246094,145.02000427246094,145.02000427246094,145.02000427246094,1327.0
2025-11-18T18:25:00Z,145.00999450683594,145.00999450683594,144.94000244140625,144.94000244140625,144.94000244140625,2543.0
2025-11-18T18:26:00Z,144.9949951171875,144.9949951171875,144.9600067138672,144.9600067138672,144.9600067138672,329.0
2025-11-18T18:27:00Z,144.9199981689453,145.00999450683594,144.9199981689453,145.00999450683594,145.00999450683594,3008.0
2025-11-18T18:28:00Z,145.02000427246094,145.07000732421875,144.99000549316406,144.99000549316406,144.99000549316406,4381.0
2025-11-18T18:29:00Z,144.89999389648438,144.99000549316406,144.82000732421875,144.82000732421875,144.82000732421875,3544.0
2025-11-18T18:30:00Z,144.89999389648438,145.02000427246094,144.89999389648438,144.9600067138672,144.9600067138672,5026.0
2025-11-18T18:31:00Z,145.01499938964844,145.01499938964844,145.01499938964844,145.01499938964844,145.01499938964844,1166.0
2025-11-18T18:32:00Z,144.97999572753906,145.02000427246094,144.97999572753906,145.00999450683594,145.00999450683594,2226.0
2025-11-18T18:33:00Z,144.97000122070312,144.97000122070312,144.94000244140625,144.9499969482422,144.9499969482422,3340.0
2025-11-18T18:34:00Z,144.8800048828125,144.94000244140625,144.86000061035156,144.86000061035156,144.86000061035156,1163.0
2025-11-18T18:35:00Z,144.89999389648438,145.02000427246094,144.89999389648438,145.02000427246094,145.02000427246094,2320.0
2025-11-18T18:36:00Z,144.94000244140625,144.94000244140625,144.83999633789062,144.83999633789062,144.83999633789062,2347.0
2025-11-18T18:37:00Z,144.8350067138672,144.8350067138672,144.75999450683594,144.75999450683594,144.75999450683594,918.0
2025-11-18T18:38:00Z,144.75999450683594,144.80999755859375,144.7100067138672,144.7899932861328,144.7899932861328,6793.0
2025-11-18T18:39:00Z,144.875,144.9199981689453,144.875,144.9199981689453,144.9199981689453,1723.0
2025-11-18T18:40:00Z,144.93499755859375,145.27000427246094,144.93499755859375,145.2301025390625,145.2301025390625,5497.0
2025-11-18T18:41:00Z,145.2899932861328,145.2899932861328,145.19000244140625,145.19000244140625,145.19000244140625,2209.0
2025-11-18T18:42:00Z,145.13999938964844,145.13999938964844,145.0399932861328,145.0399932861328,145.0399932861328,3224.0
2025-11-18T18:43:00Z,144.97000122070312,144.97000122070312,144.89999389648438,144.89999389648438,144.89999389648438,1883.0
2025-11-18T18:44:00Z,144.89999389648438,145.02999877929688,144.89999389648438,144.9600067138672,144.9600067138672,919.0
2025-11-18T18:45:00Z,144.92999267578125,145.0449981689453,144.92999267578125,145.02999877929688,145.02999877929688,1427.0
2025-11-18T18:46:00Z,145.08999633789062,145.08999633789062,145.0399932861328,145.0449981689453,145.0449981689453,1802.0
2025-11-18T18:47:00Z,145.02999877929688,145.14999389648438,145.02999877929688,145.14999389648438,145.14999389648438,3146.0
2025-11-18T18:48:00Z,145.05999755859375,145.0800018310547,144.83999633789062,144.8699951171875,144.8699951171875,14632.0
2025-11-18T18:49:00Z,144.875,145.02000427246094,144.875,145.02000427246094,145.02000427246094,11275.0
2025-11-18T18:51:00Z,144.99000549316406,144.99000549316406,144.97999572753906,144.97999572753906,144.97999572753906,965.0
2025-11-18T18:52:00Z,144.9199981689453,144.94000244140625,144.91000366210938,144.94000244140625,144.94000244140625,955.0
2025-11-18T18:53:00Z,144.8699951171875,144.9199981689453,144.8300018310547,144.9199981689453,144.9199981689453,3088.0
2025-11-18T18:54:00Z,144.8300018310547,144.9199981689453,144.8300018310547,144.9199981689453,144.9199981689453,2087.0
2025-11-18T18:55:00Z,144.83999633789062,144.83999633789062,144.6699981689453,144.7100067138672,144.7100067138672,3411.0
2025-11-18T18:56:00Z,144.6999969482422,144.74000549316406,144.6199951171875,144.6300048828125,144.6300048828125,2645.0
2025-11-18T18:57:00Z,144.6199951171875,144.6699981689453,144.6199951171875,144.66749572753906,144.66749572753906,1758.0
2025-11-18T18:58:00Z,144.6300048828125,144.7010955810547,144.5500030517578,144.57000732421875,144.57000732421875,5017.0
2025-11-18T18:59:00Z,144.5800018310547,144.5800018310547,144.4499969482422,144.4499969482422,144.4499969482422,1905.0
2025-11-18T19:00:00Z,144.52999877929688,144.61000061035156,144.4499969482422,144.4600067138672,144.4600067138672,3765.0
2025-11-18T19:01:00Z,144.53500366210938,144.6999969482422,144.53500366210938,144.63999938964844,144.63999938964844,3092.0
2025-11-18T19:02:00Z,144.5399932861328,144.5500030517578,144.41000366210938,144.41000366210938,144.41000366210938,2194.0
2025-11-18T19:03:00Z,144.39999389648438,144.44000244140625,144.39999389648438,144.4250030517578,144.4250030517578,1483.0
2025-11-18T19:04:00Z,144.44000244140625,144.52000427246094,144.4250030517578,144.4250030517578,144.4250030517578,1147.0
2025-11-18T19:05:00Z,144.4600067138672,144.49749755859375,144.39999389648438,144.39999389648438,144.39999389648438,8081.0
2025-11-18T19:06:00Z,144.35000610351562,144.3800048828125,144.2899932861328,144.2899932861328,144.2899932861328,2230.0
2025-11-18T19:07:00Z,144.27000427246094,144.28500366210938,144.23500061035156,144.26499938964844,144.26499938964844,3496.0
2025-11-18T19:08:00Z,144.2100067138672,144.38999938964844,144.2100067138672,144.3699951171875,144.3699951171875,3294.0
2025-11-18T19:09:00Z,144.36000061035156,144.38999938964844,144.27999877929688,144.38999938964844,144.38999938964844,3815.0
2025-11-18T19:10:00Z,144.41000366210938,144.41000366210938,144.38999938964844,144.38999938964844,144.38999938964844,1452.0
2025-11-18T19:11:00Z,144.3300018310547,144.3300018310547,144.32000732421875,144.32000732421875,144.32000732421875,1115.0
2025-11-18T19:12:00Z,144.3249969482422,144.35000610351562,144.25999450683594,144.25999450683594,144.25999450683594,1688.0
2025-11-18T19:13:00Z,144.25,144.39999389648438,144.25,144.3699951171875,144.3699951171875,3593.0
2025-11-18T19:14:00Z,144.4499969482422,144.5,144.40499877929688,144.41000366210938,144.41000366210938,2650.0
2025-11-18T19:15:00Z,144.4199981689453,144.4199981689453,144.33999633789062,144.33999633789062,144.33999633789062,2405.0
2025-11-18T19:16:00Z,144.32000732421875,144.32000732421875,144.32000732421875,144.32000732421875,144.32000732421875,1491.0
2025-11-18T19:17:00Z,144.27000427246094,144.32000732421875,144.2100067138672,144.2100067138672,144.2100067138672,1159.0
2025-11-18T19:19:00Z,144.2899932861328,144.3350067138672,144.2899932861328,144.3350067138672,144.3350067138672,1382.0
2025-11-18T19:20:00Z,144.3800048828125,144.5,144.3800048828125,144.41000366210938,144.41000366210938,4278.0
2025-11-18T19:21:00Z,144.3699951171875,144.3699951171875,144.3699951171875,144.3699951171875,144.3699951171875,2008.0
2025-11-18T19:22:00Z,144.38999938964844,144.38999938964844,144.38999938964844,144.38999938964844,144.38999938964844,149.0
2025-11-18T19:23:00Z,144.39500427246094,144.39500427246094,144.3699951171875,144.3699951171875,144.3699951171875,1216.0
2025-11-18T19:24:00Z,144.32000732421875,144.32000732421875,144.2100067138672,144.25999450683594,144.25999450683594,5828.0
2025-11-18T19:25:00Z,144.3300018310547,144.38499450683594,144.3300018310547,144.38499450683594,144.38499450683594,2809.0
2025-11-18T19:26:00Z,144.41000366210938,144.41000366210938,144.25,144.35000610351562,144.35000610351562,4177.0
2025-11-18T19:27:00Z,144.27999877929688,144.3699951171875,144.27000427246094,144.27000427246094,144.27000427246094,2832.0
2025-11-18T19:28:00Z,144.25999450683594,144.25999450683594,144.19000244140625,144.19000244140625,144.19000244140625,1729.0
2025-11-18T19:29:00Z,144.22999572753906,144.3000030517578,144.14999389648438,144.14999389648438,144.14999389648438,14293.0
2025-11-18T19:30:00Z,144.1999969482422,144.1999969482422,143.97000122070312,144.07000732421875,144.07000732421875,8119.0
2025-11-18T19:31:00Z,144.09500122070312,144.16000366210938,144.07000732421875,144.1199951171875,144.1199951171875,4023.0
2025-11-18T19:32:00Z,144.10000610351562,144.10000610351562,144.0,144.0,144.0,3048.0
2025-11-18T19:33:00Z,144.07000732421875,144.07000732421875,144.05999755859375,144.07000732421875,144.07000732421875,1694.0
2025-11-18T19:34:00Z,144.10000610351562,144.10000610351562,143.91000366210938,143.97999572753906,143.97999572753906,1867.0
2025-11-18T19:35:00Z,144.05999755859375,144.05999755859375,144.05999755859375,144.05999755859375,144.05999755859375,2129.0
2025-11-18T19:36:00Z,144.08999633789062,144.08999633789062,144.08999633789062,144.08999633789062,144.08999633789062,1978.0
2025-11-18T19:37:00Z,144.1649932861328,144.2899932861328,144.1649932861328,144.2899932861328,144.2899932861328,3076.0
2025-11-18T19:38:00Z,144.27000427246094,144.30999755859375,144.2449951171875,144.3000030517578,144.3000030517578,2904.0
2025-11-18T19:39:00Z,144.3350067138672,144.38999938964844,144.3350067138672,144.3524932861328,144.3524932861328,4898.0
2025-11-18T19:40:00Z,144.3000030517578,144.3699951171875,144.3000030517578,144.3300018310547,144.3300018310547,8228.0
2025-11-18T19:41:00Z,144.2899932861328,144.2899932861328,144.27000427246094,144.27000427246094,144.27000427246094,2415.0
2025-11-18T19:43:00Z,144.22000122070312,144.24000549316406,144.1999969482422,144.22000122070312,144.22000122070312,4406.0
2025-11-18T19:44:00Z,144.17999267578125,144.22999572753906,144.1300048828125,144.1300048828125,144.1300048828125,2436.0
2025-11-18T19:45:00Z,144.19500732421875,144.25999450683594,144.19500732421875,144.2100067138672,144.2100067138672,2300.0
2025-11-18T19:46:00Z,144.22999572753906,144.32000732421875,144.22999572753906,144.32000732421875,144.32000732421875,2774.0
2025-11-18T19:47:00Z,144.3300018310547,144.42250061035156,144.3300018310547,144.42250061035156,144.42250061035156,6783.0
2025-11-18T19:48:00Z,144.38999938964844,144.38999938964844,144.30999755859375,144.30999755859375,144.30999755859375,2377.0
2025-11-18T19:49:00Z,144.26499938964844,144.3000030517578,144.19000244140625,144.21240234375,144.21240234375,3126.0
2025-11-18T19:50:00Z,144.10000610351562,144.13999938964844,144.10000610351562,144.13999938964844,144.13999938964844,1905.0
2025-11-18T19:51:00Z,144.14500427246094,144.14500427246094,144.0399932861328,144.10499572753906,144.10499572753906,13598.0
2025-11-18T19:53:00Z,144.13999938964844,144.25999450683594,144.11000061035156,144.25999450683594,144.25999450683594,6827.0
2025-11-18T19:54:00Z,144.17999267578125,144.22000122070312,144.1699981689453,144.22000122070312,144.22000122070312,825.0
2025-11-18T19:55:00Z,144.13999938964844,144.14500427246094,144.07000732421875,144.14500427246094,144.14500427246094,4840.0
2025-11-18T19:56:00Z,144.16000366210938,144.27000427246094,144.16000366210938,144.25999450683594,144.25999450683594,2296.0
2025-11-18T19:57:00Z,144.30999755859375,144.32000732421875,144.3000030517578,144.3000030517578,144.3000030517578,2079.0
2025-11-18T19:58:00Z,144.27000427246094,144.35000610351562,144.27000427246094,144.34500122070312,144.34500122070312,1598.0
2025-11-18T19:59:00Z,144.3300018310547,144.39999389648438,144.3000030517578,144.3800048828125,144.3800048828125,2384.0
2025-11-18T20:00:00Z,144.39999389648438,144.44000244140625,144.39999389648438,144.39999389648438,144.39999389648438,2667.0
2025-11-18T20:01:00Z,144.39999389648438,144.39999389648438,144.27000427246094,144.2949981689453,144.2949981689453,5571.0
2025-11-18T20:02:00Z,144.3000030517578,144.35499572753906,144.24000549316406,144.24000549316406,144.24000549316406,3961.0
2025-11-18T20:03:00Z,144.27999877929688,144.2899932861328,144.22999572753906,144.27000427246094,144.27000427246094,2929.0
2025-11-18T20:04:00Z,144.2978057861328,144.2978057861328,144.25999450683594,144.27000427246094,144.27000427246094,2413.0
2025-11-18T20:05:00Z,144.27000427246094,144.27000427246094,144.25999450683594,144.27000427246094,144.27000427246094,1412.0
2025-11-18T20:06:00Z,144.27000427246094,144.2812042236328,144.24000549316406,144.27000427246094,144.27000427246094,4001.0
2025-11-18T20:07:00Z,144.27000427246094,144.27000427246094,144.2100067138672,144.22000122070312,144.22000122070312,1103.0
2025-11-18T20:08:00Z,144.26499938964844,144.46530151367188,144.26499938964844,144.41000366210938,144.41000366210938,6030.0
2025-11-18T20:09:00Z,144.39999389648438,144.4199981689453,144.36000061035156,144.3699951171875,144.3699951171875,3185.0
2025-11-18T20:10:00Z,144.4199981689453,144.55999755859375,144.41000366210938,144.4499969482422,144.4499969482422,10074.0
2025-11-18T20:11:00Z,144.42999267578125,144.44000244140625,144.35000610351562,144.41000366210938,144.41000366210938,3912.0
2025-11-18T20:12:00Z,144.44000244140625,144.5,144.41000366210938,144.4600067138672,144.4600067138672,4367.0
2025-11-18T20:14:00Z,144.4250030517578,144.5,144.4250030517578,144.46499633789062,144.46499633789062,7221.0
2025-11-18T20:15:00Z,144.47000122070312,144.57069396972656,144.4499969482422,144.52999877929688,144.52999877929688,11284.0
2025-11-18T20:16:00Z,144.5800018310547,144.5800018310547,144.49000549316406,144.49000549316406,144.49000549316406,5923.0
2025-11-18T20:17:00Z,144.5,144.5449981689453,144.4199981689453,144.42999267578125,144.42999267578125,5319.0
2025-11-18T20:18:00Z,144.4199981689453,144.44000244140625,144.4199981689453,144.4199981689453,144.4199981689453,3034.0
2025-11-18T20:19:00Z,144.47900390625,144.50999450683594,144.4199981689453,144.4947052001953,144.4947052001953,5612.0
2025-11-18T20:20:00Z,144.39999389648438,144.39999389648438,144.36000061035156,144.38999938964844,144.38999938964844,19030.0
2025-11-18T20:21:00Z,144.39999389648438,144.44500732421875,144.3800048828125,144.3800048828125,144.3800048828125,10717.0
2025-11-18T20:22:00Z,144.3800048828125,144.3800048828125,144.27000427246094,144.35000610351562,144.35000610351562,13764.0
2025-11-18T20:23:00Z,144.30999755859375,144.33999633789062,144.30999755859375,144.33999633789062,144.33999633789062,965.0
2025-11-18T20:24:00Z,144.27999877929688,144.2899932861328,144.24000549316406,144.24000549316406,144.24000549316406,2238.0
2025-11-18T20:25:00Z,144.25999450683594,144.34500122070312,144.22500610351562,144.25999450683594,144.25999450683594,8650.0
2025-11-18T20:26:00Z,144.24000549316406,144.25,144.1199951171875,144.2050018310547,144.2050018310547,10638.0
2025-11-18T20:27:00Z,144.1199951171875,144.14999389648438,144.1199951171875,144.14999389648438,144.14999389648438,2229.0
2025-11-18T20:28:00Z,144.1300048828125,144.16000366210938,144.1300048828125,144.16000366210938,144.16000366210938,1191.0
2025-11-18T20:29:00Z,144.16000366210938,144.22000122070312,144.02999877929688,144.0800018310547,144.0800018310547,12776.0
2025-11-18T20:30:00Z,144.11000061035156,144.22000122070312,144.11000061035156,144.18499755859375,144.18499755859375,8287.0
2025-11-18T20:31:00Z,144.2100067138672,144.2100067138672,144.0399932861328,144.04249572753906,144.04249572753906,5565.0
2025-11-18T20:32:00Z,144.0399932861328,144.07000732421875,143.97000122070312,144.0,144.0,17206.0
2025-11-18T20:33:00Z,144.00999450683594,144.1199951171875,144.00999450683594,144.07000732421875,144.07000732421875,7975.0
2025-11-18T20:34:00Z,144.05999755859375,144.10000610351562,144.0,144.0800018310547,144.0800018310547,12101.0
2025-11-18T20:35:00Z,144.0850067138672,144.16000366210938,144.00999450683594,144.00999450683594,144.00999450683594,9563.0
2025-11-18T20:36:00Z,144.06500244140625,144.06500244140625,143.99000549316406,144.0050048828125,144.0050048828125,16412.0
2025-11-18T20:37:00Z,144.01499938964844,144.1540069580078,143.99000549316406,144.1300048828125,144.1300048828125,22025.0
2025-11-18T20:38:00Z,144.16000366210938,144.31500244140625,144.1300048828125,144.27000427246094,144.27000427246094,18712.0
2025-11-18T20:39:00Z,144.25999450683594,144.39500427246094,144.1999969482422,144.39500427246094,144.39500427246094,6948.0
2025-11-18T20:40:00Z,144.33999633789062,144.33999633789062,144.1199951171875,144.1199951171875,144.1199951171875,21065.0
2025-11-18T20:41:00Z,144.10000610351562,144.25999450683594,144.08999633789062,144.13999938964844,144.13999938964844,16703.0
2025-11-18T20:42:00Z,144.1300048828125,144.1300048828125,143.97999572753906,143.97999572753906,143.97999572753906,5641.0
2025-11-18T20:43:00Z,143.97999572753906,144.22000122070312,143.97999572753906,144.1699981689453,144.1699981689453,11483.0
2025-11-18T20:44:00Z,144.13999938964844,144.13999938964844,144.03500366210938,144.03500366210938,144.03500366210938,4692.0
2025-11-18T20:45:00Z,144.02999877929688,144.0800018310547,143.92999267578125,143.99000549316406,143.99000549316406,9151.0
2025-11-18T20:46:00Z,144.02000427246094,144.0500030517578,143.8800048828125,143.94000244140625,143.94000244140625,9930.0
2025-11-18T20:47:00Z,143.99000549316406,144.02999877929688,143.9600067138672,144.0,144.0,5365.0
2025-11-18T20:48:00Z,144.0,144.02000427246094,143.8800048828125,143.97000122070312,143.97000122070312,10950.0
2025-11-18T20:49:00Z,143.9600067138672,144.0500030517578,143.94000244140625,143.97500610351562,143.97500610351562,14303.0
2025-11-18T20:50:00Z,144.0,144.25,143.99000549316406,144.25,144.25,17416.0
2025-11-18T20:51:00Z,144.22000122070312,144.3000030517578,144.14999389648438,144.16000366210938,144.16000366210938,21051.0
2025-11-18T20:52:00Z,144.13999938964844,144.14999389648438,144.0,144.00999450683594,144.00999450683594,18665.0
2025-11-18T20:53:00Z,144.02000427246094,144.05999755859375,143.9499969482422,144.00999450683594,144.00999450683594,10765.0
2025-11-18T20:54:00Z,144.0399932861328,144.0399932861328,143.86000061035156,143.8800048828125,143.8800048828125,11951.0
2025-11-18T20:55:00Z,143.91000366210938,144.1699981689453,143.85000610351562,144.16000366210938,144.16000366210938,27213.0
2025-11-18T20:56:00Z,144.1199951171875,144.2100067138672,144.0500030517578,144.1300048828125,144.1300048828125,37013.0
2025-11-18T20:57:00Z,144.13999938964844,144.14999389648438,144.0399932861328,144.05999755859375,144.05999755859375,37201.0
2025-11-18T20:58:00Z,144.08999633789062,144.08999633789062,143.81500244140625,143.85000610351562,143.85000610351562,61865.0
2025-11-18T20:59:00Z,143.8699951171875,143.88999938964844,143.72000122070312,143.88999938964844,143.88999938964844,98103.0
2025-11-19T14:31:00Z,142.91000366210938,143.52000427246094,142.90499877929688,143.25999450683594,143.25999450683594,5399.0
2025-11-19T14:32:00Z,143.40499877929688,143.40499877929688,143.40499877929688,143.40499877929688,143.40499877929688,605.0
2025-11-19T14:34:00Z,143.3800048828125,143.9199981689453,143.34500122070312,143.9199981689453,143.9199981689453,2884.0
2025-11-19T14:35:00Z,144.1999969482422,144.1999969482422,143.7550048828125,143.86000061035156,143.86000061035156,1336.0
2025-11-19T14:36:00Z,143.86500549316406,143.86500549316406,143.86500549316406,143.86500549316406,143.86500549316406,482.0
2025-11-19T14:37:00Z,143.7899932861328,143.7899932861328,143.6199951171875,143.7899932861328,143.7899932861328,622.0
2025-11-19T14:38:00Z,143.7899932861328,143.7899932861328,143.7899932861328,143.7899932861328,143.7899932861328,960.0
2025-11-19T14:39:00Z,144.00999450683594,144.00999450683594,143.78500366210938,143.78500366210938,143.78500366210938,478.0
2025-11-19T14:40:00Z,143.82040405273438,143.8300018310547,143.78500366210938,143.78500366210938,143.78500366210938,1392.0
2025-11-19T14:41:00Z,144.0500030517578,144.08999633789062,143.75,143.8699951171875,143.8699951171875,2298.0
2025-11-19T14:42:00Z,143.78199768066406,143.8699951171875,143.78199768066406,143.8699951171875,143.8699951171875,1391.0
2025-11-19T14:43:00Z,144.07000732421875,144.2550048828125,143.8699951171875,144.13499450683594,144.13499450683594,3030.0
2025-11-19T14:44:00Z,143.91000366210938,143.91000366210938,143.6300048828125,143.6300048828125,143.6300048828125,1226.0
2025-11-19T14:45:00Z,143.5500030517578,143.70799255371094,143.5500030517578,143.6999969482422,143.6999969482422,1370.0
2025-11-19T14:46:00Z,143.4600067138672,143.6999969482422,143.3699951171875,143.6199951171875,143.6199951171875,7489.0
2025-11-19T14:47:00Z,143.7050018310547,143.9199981689453,143.64500427246094,143.77000427246094,143.77000427246094,14969.0
2025-11-19T14:48:00Z,143.75999450683594,144.3000030517578,143.75999450683594,144.22000122070312,144.22000122070312,15770.0
2025-11-19T14:49:00Z,144.1529998779297,144.2100067138672,144.08999633789062,144.08999633789062,144.08999633789062,3480.0
2025-11-19T14:50:00Z,144.05999755859375,144.1699981689453,143.80499267578125,143.9499969482422,143.9499969482422,7699.0
2025-11-19T14:51:00Z,143.77999877929688,143.82000732421875,143.77999877929688,143.82000732421875,143.82000732421875,310.0
2025-11-19T14:52:00Z,143.99830627441406,144.17999267578125,143.96499633789062,144.17999267578125,144.17999267578125,2505.0
2025-11-19T14:53:00Z,144.14500427246094,144.2050018310547,143.7100067138672,143.7100067138672,143.7100067138672,3432.0
2025-11-19T14:54:00Z,143.67999267578125,143.73500061035156,143.64999389648438,143.72000122070312,143.72000122070312,1235.0
2025-11-19T14:55:00Z,143.72999572753906,143.7949981689453,143.72999572753906,143.7949981689453,143.7949981689453,1215.0
2025-11-19T14:56:00Z,144.0,144.05999755859375,144.0,144.05999755859375,144.05999755859375,505.0
2025-11-19T14:57:00Z,143.86000061035156,144.08999633789062,143.82000732421875,144.03250122070312,144.03250122070312,4761.0
2025-11-19T14:58:00Z,144.18499755859375,144.52000427246094,144.18499755859375,144.36000061035156,144.36000061035156,3265.0
2025-11-19T14:59:00Z,144.4149932861328,144.4149932861328,144.3800048828125,144.3800048828125,144.3800048828125,619.0
2025-11-19T15:00:00Z,144.5500030517578,144.5500030517578,144.4199981689453,144.5500030517578,144.5500030517578,645.0
2025-11-19T15:01:00Z,144.52999877929688,144.60499572753906,144.52999877929688,144.60499572753906,144.60499572753906,1848.0
2025-11-19T15:02:00Z,144.4199981689453,144.5,144.3000030517578,144.5,144.5,1680.0
2025-11-19T15:03:00Z,144.2899932861328,144.46499633789062,144.1300048828125,144.1300048828125,144.1300048828125,3752.0
2025-11-19T15:04:00Z,144.16000366210938,144.22500610351562,144.1300048828125,144.1300048828125,144.1300048828125,3709.0
2025-11-19T15:05:00Z,144.0500030517578,144.0500030517578,143.9600067138672,143.9600067138672,143.9600067138672,1010.0
2025-11-19T15:06:00Z,144.0399932861328,144.125,144.0399932861328,144.07000732421875,144.07000732421875,5401.0
2025-11-19T15:07:00Z,144.07000732421875,144.23500061035156,144.0500030517578,144.0500030517578,144.0500030517578,2646.0
2025-11-19T15:08:00Z,144.05999755859375,144.17999267578125,143.97999572753906,144.17999267578125,144.17999267578125,4904.0
2025-11-19T15:09:00Z,144.3350067138672,144.77999877929688,144.3350067138672,144.77999877929688,144.77999877929688,3544.0
2025-11-19T15:10:00Z,144.69000244140625,144.8000030517578,144.60009765625,144.60009765625,144.60009765625,881.0
2025-11-19T15:11:00Z,144.77499389648438,144.84500122070312,144.77000427246094,144.77000427246094,144.77000427246094,1805.0
2025-11-19T15:12:00Z,144.78419494628906,144.78419494628906,144.42999267578125,144.42999267578125,144.42999267578125,4937.0
2025-11-19T15:13:00Z,144.55999755859375,144.56500244140625,144.55999755859375,144.56500244140625,144.56500244140625,410.0
2025-11-19T15:14:00Z,144.56500244140625,144.5749969482422,144.56500244140625,144.56500244140625,144.56500244140625,965.0
2025-11-19T15:15:00Z,144.51499938964844,144.6300048828125,144.51499938964844,144.6300048828125,144.6300048828125,1496.0
2025-11-19T15:16:00Z,144.6300048828125,144.82000732421875,144.6300048828125,144.6999969482422,144.6999969482422,3414.0
2025-11-19T15:17:00Z,144.7899932861328,144.7899932861328,144.7100067138672,144.7899932861328,144.7899932861328,993.0
2025-11-19T15:18:00Z,144.64999389648438,144.64999389648438,144.58999633789062,144.63999938964844,144.63999938964844,1903.0
2025-11-19T15:19:00Z,144.57000732421875,144.5800018310547,144.4250030517578,144.5800018310547,144.5800018310547,1877.0
2025-11-19T15:20:00Z,144.59500122070312,144.59500122070312,144.59500122070312,144.59500122070312,144.59500122070312,134.0
2025-11-19T15:21:00Z,144.69000244140625,144.69000244140625,144.60000610351562,144.60000610351562,144.60000610351562,611.0
2025-11-19T15:22:00Z,144.49000549316406,144.52000427246094,144.36000061035156,144.52000427246094,144.52000427246094,2247.0
2025-11-19T15:23:00Z,144.42999267578125,144.52000427246094,144.22000122070312,144.33999633789062,144.33999633789062,8930.0
2025-11-19T15:24:00Z,144.30999755859375,144.30999755859375,144.2010955810547,144.27879333496094,144.27879333496094,1234.0
2025-11-19T15:25:00Z,144.30999755859375,144.31500244140625,144.19000244140625,144.30999755859375,144.30999755859375,2578.0
2025-11-19T15:26:00Z,144.30999755859375,144.30999755859375,144.08999633789062,144.08999633789062,144.08999633789062,6361.0
2025-11-19T15:27:00Z,144.1199951171875,144.2449951171875,144.1199951171875,144.2449951171875,144.2449951171875,1022.0
2025-11-19T15:28:00Z,144.1699981689453,144.2050018310547,144.02000427246094,144.1649932861328,144.1649932861328,4365.0
2025-11-19T15:29:00Z,144.2100067138672,144.28500366210938,144.13999938964844,144.24000549316406,144.24000549316406,5719.0
2025-11-19T15:30:00Z,144.3000030517578,144.35000610351562,144.3000030517578,144.30499267578125,144.30499267578125,893.0
2025-11-19T15:31:00Z,144.30499267578125,144.4149932861328,144.30499267578125,144.38999938964844,144.38999938964844,1789.0
2025-11-19T15:32:00Z,144.33999633789062,144.3699951171875,144.27000427246094,144.3000030517578,144.3000030517578,2104.0
2025-11-19T15:33:00Z,144.3000030517578,144.30999755859375,144.17999267578125,144.30999755859375,144.30999755859375,2897.0
2025-11-19T15:34:00Z,144.3249969482422,144.4499969482422,144.3249969482422,144.40499877929688,144.40499877929688,6511.0
2025-11-19T15:35:00Z,144.44000244140625,144.5399932861328,144.39999389648438,144.51499938964844,144.51499938964844,8603.0
2025-11-19T15:36:00Z,144.33999633789062,144.35000610351562,144.17999267578125,144.3000030517578,144.3000030517578,4068.0
2025-11-19T15:37:00Z,144.3000030517578,144.3300018310547,144.3000030517578,144.3300018310547,144.3300018310547,590.0
2025-11-19T15:38:00Z,144.42999267578125,144.42999267578125,144.41000366210938,144.41000366210938,144.41000366210938,810.0
2025-11-19T15:40:00Z,144.35000610351562,144.35000610351562,144.0,144.0,144.0,5983.0
2025-11-19T15:41:00Z,144.0,144.0500030517578,143.9499969482422,143.9499969482422,143.9499969482422,3753.0
2025-11-19T15:42:00Z,144.05499267578125,144.05999755859375,144.00999450683594,144.02000427246094,144.02000427246094,1708.0
2025-11-19T15:43:00Z,144.01300048828125,144.02999877929688,143.99000549316406,143.99000549316406,143.99000549316406,1981.0
2025-11-19T15:44:00Z,144.09500122070312,144.1999969482422,143.92999267578125,143.92999267578125,143.92999267578125,3079.0
2025-11-19T15:45:00Z,143.93099975585938,143.99000549316406,143.93099975585938,143.99000549316406,143.99000549316406,748.0
2025-11-19T15:46:00Z,143.99000549316406,144.0,143.83999633789062,143.89999389648438,143.89999389648438,7071.0
2025-11-19T15:47:00Z,143.86000061035156,144.05999755859375,143.8300018310547,144.05999755859375,144.05999755859375,3553.0
2025-11-19T15:48:00Z,144.14999389648438,144.14999389648438,144.11500549316406,144.14999389648438,144.14999389648438,1592.0
2025-11-19T15:49:00Z,144.16000366210938,144.16000366210938,144.02999877929688,144.11500549316406,144.11500549316406,6280.0
2025-11-19T15:50:00Z,144.02999877929688,144.08999633789062,143.94000244140625,143.9499969482422,143.9499969482422,3519.0
2025-11-19T15:51:00Z,144.01499938964844,144.01499938964844,143.9199981689453,143.9199981689453,143.9199981689453,10703.0
2025-11-19T15:52:00Z,143.91000366210938,143.91000366210938,143.91000366210938,143.91000366210938,143.91000366210938,465.0
2025-11-19T15:53:00Z,144.0,144.0050048828125,143.97500610351562,144.0050048828125,144.0050048828125,905.0
2025-11-19T15:54:00Z,144.0,144.13999938964844,144.0,144.10000610351562,144.10000610351562,5478.0
2025-11-19T15:55:00Z,144.0500030517578,144.07000732421875,143.8800048828125,143.89999389648438,143.89999389648438,2775.0
2025-11-19T15:56:00Z,143.8699951171875,143.89999389648438,143.74000549316406,143.74000549316406,143.74000549316406,7163.0
2025-11-19T15:57:00Z,143.7100067138672,143.85000610351562,143.6649932861328,143.75999450683594,143.75999450683594,2801.0
2025-11-19T15:58:00Z,143.75100708007812,143.75100708007812,143.5500030517578,143.59129333496094,143.59129333496094,6248.0
2025-11-19T15:59:00Z,143.61000061035156,143.6300048828125,143.55999755859375,143.58999633789062,143.58999633789062,2252.0
2025-11-19T16:00:00Z,143.625,143.75999450683594,143.60000610351562,143.75,143.75,21975.0
2025-11-19T16:01:00Z,143.75999450683594,143.8800048828125,143.6999969482422,143.8000030517578,143.8000030517578,6245.0
2025-11-19T16:02:00Z,143.83999633789062,143.9199981689453,143.83999633789062,143.9149932861328,143.9149932861328,1327.0
2025-11-19T16:03:00Z,143.89999389648438,143.91000366210938,143.89999389648438,143.91000366210938,143.91000366210938,1573.0
2025-11-19T16:04:00Z,143.91000366210938,143.91000366210938,143.85000610351562,143.85000610351562,143.85000610351562,2042.0
2025-11-19T16:05:00Z,143.85000610351562,143.86000061035156,143.72999572753906,143.72999572753906,143.72999572753906,2731.0
2025-11-19T16:06:00Z,143.67999267578125,143.69000244140625,143.57000732421875,143.57000732421875,143.57000732421875,2856.0
2025-11-19T16:07:00Z,143.60000610351562,143.64999389648438,143.60000610351562,143.63999938964844,143.63999938964844,2676.0
2025-11-19T16:08:00Z,143.64500427246094,143.64500427246094,143.63999938964844,143.63999938964844,143.63999938964844,1346.0
2025-11-19T16:10:00Z,143.69500732421875,143.80999755859375,143.6300048828125,143.80999755859375,143.80999755859375,3376.0
2025-11-19T16:11:00Z,143.74000549316406,143.74000549316406,143.66000366210938,143.72000122070312,143.72000122070312,4711.0
2025-11-19T16:12:00Z,143.66000366210938,143.66000366210938,143.66000366210938,143.66000366210938,143.66000366210938,1211.0
2025-11-19T16:13:00Z,143.72500610351562,143.8800048828125,143.72500610351562,143.83999633789062,143.83999633789062,2502.0
2025-11-19T16:14:00Z,143.80999755859375,143.89999389648438,143.79600524902344,143.89999389648438,143.89999389648438,1736.0
2025-11-19T16:15:00Z,143.89999389648438,143.89999389648438,143.88999938964844,143.88999938964844,143.88999938964844,581.0
2025-11-19T16:16:00Z,143.7899932861328,143.8000030517578,143.6999969482422,143.8000030517578,143.8000030517578,3941.0
2025-11-19T16:17:00Z,143.8000030517578,143.8350067138672,143.8000030517578,143.8350067138672,143.8350067138672,1619.0
2025-11-19T16:18:00Z,143.88999938964844,143.88999938964844,143.83999633789062,143.83999633789062,143.83999633789062,1080.0
2025-11-19T16:19:00Z,143.88499450683594,143.94000244140625,143.88499450683594,143.88499450683594,143.88499450683594,2344.0
2025-11-19T16:20:00Z,143.9499969482422,143.97000122070312,143.88499450683594,143.94000244140625,143.94000244140625,2458.0
2025-11-19T16:21:00Z,143.9499969482422,144.02999877929688,143.9499969482422,144.0,144.0,2034.0
2025-11-19T16:22:00Z,144.0,144.02999877929688,143.94000244140625,144.02499389648438,144.02499389648438,4361.0
2025-11-19T16:23:00Z,143.94000244140625,144.0,143.94000244140625,144.0,144.0,2327.0
2025-11-19T16:24:00Z,143.99000549316406,144.0,143.8000030517578,143.8699951171875,143.8699951171875,11261.0
2025-11-19T16:25:00Z,143.83140563964844,143.9149932861328,143.8000030517578,143.9149932861328,143.9149932861328,2647.0
2025-11-19T16:26:00Z,143.99000549316406,144.0500030517578,143.99000549316406,144.0500030517578,144.0500030517578,2866.0
2025-11-19T16:27:00Z,144.0500030517578,144.1999969482422,144.02999877929688,144.1199951171875,144.1199951171875,5875.0
2025-11-19T16:28:00Z,144.0500030517578,144.10000610351562,143.8699951171875,143.8699951171875,143.8699951171875,5219.0
2025-11-19T16:29:00Z,143.8800048828125,144.02000427246094,143.8800048828125,144.02000427246094,144.02000427246094,1927.0
2025-11-19T16:30:00Z,144.0,144.00999450683594,144.0,144.00999450683594,144.00999450683594,1093.0
2025-11-19T16:31:00Z,143.92999267578125,143.92999267578125,143.89999389648438,143.89999389648438,143.89999389648438,1873.0
2025-11-19T16:32:00Z,143.9550018310547,143.9550018310547,143.9550018310547,143.9550018310547,143.9550018310547,158.0
2025-11-19T16:33:00Z,143.9550018310547,143.9550018310547,143.92999267578125,143.92999267578125,143.92999267578125,1110.0
2025-11-19T16:34:00Z,143.9600067138672,144.02999877929688,143.9344940185547,143.97000122070312,143.97000122070312,10280.0
2025-11-19T16:35:00Z,143.91000366210938,143.9199981689453,143.83999633789062,143.9199981689453,143.9199981689453,8891.0
2025-11-19T16:36:00Z,143.83999633789062,143.83999633789062,143.7100067138672,143.75999450683594,143.75999450683594,6284.0
2025-11-19T16:37:00Z,143.75999450683594,143.75999450683594,143.63999938964844,143.63999938964844,143.63999938964844,2203.0
2025-11-19T16:38:00Z,143.66000366210938,143.6999969482422,143.5500030517578,143.58999633789062,143.58999633789062,9090.0
2025-11-19T16:39:00Z,143.6199951171875,143.6199951171875,143.5850067138672,143.61500549316406,143.61500549316406,1440.0
2025-11-19T16:40:00Z,143.52000427246094,143.58999633789062,143.4199981689453,143.58999633789062,143.58999633789062,6247.0
2025-11-19T16:41:00Z,143.6199951171875,143.75,143.6199951171875,143.7100067138672,143.7100067138672,2510.0
2025-11-19T16:42:00Z,143.6999969482422,143.8000030517578,143.67999267578125,143.77999877929688,143.77999877929688,4459.0
2025-11-19T16:43:00Z,143.82000732421875,143.86000061035156,143.77999877929688,143.84500122070312,143.84500122070312,2809.0
2025-11-19T16:44:00Z,143.89999389648438,143.9550018310547,143.85000610351562,143.85000610351562,143.85000610351562,2180.0
2025-11-19T16:45:00Z,143.82000732421875,143.8699951171875,143.7899932861328,143.83999633789062,143.83999633789062,2402.0
2025-11-19T16:46:00Z,143.89500427246094,144.02999877929688,143.89500427246094,144.02999877929688,144.02999877929688,976.0
2025-11-19T16:47:00Z,143.88999938964844,143.9600067138672,143.88999938964844,143.9600067138672,143.9600067138672,1710.0
2025-11-19T16:48:00Z,143.9600067138672,144.00750732421875,143.91000366210938,144.0050048828125,144.0050048828125,5501.0
2025-11-19T16:50:00Z,143.91000366210938,143.92999267578125,143.90499877929688,143.92999267578125,143.92999267578125,2084.0
2025-11-19T16:51:00Z,143.93499755859375,143.93499755859375,143.93499755859375,143.93499755859375,143.93499755859375,1073.0
2025-11-19T16:52:00Z,143.99000549316406,144.12750244140625,143.99000549316406,144.00999450683594,144.00999450683594,7990.0
2025-11-19T16:53:00Z,144.02000427246094,144.05999755859375,143.99000549316406,144.00999450683594,144.00999450683594,9465.0
2025-11-19T16:54:00Z,144.08999633789062,144.08999633789062,143.9600067138672,143.9600067138672,143.9600067138672,3071.0
2025-11-19T16:55:00Z,144.07000732421875,144.07000732421875,144.03500366210938,144.0399932861328,144.0399932861328,2468.0
2025-11-19T16:56:00Z,144.1199951171875,144.17999267578125,144.0500030517578,144.05999755859375,144.05999755859375,4387.0
2025-11-19T16:57:00Z,144.05999755859375,144.1999969482422,144.00999450683594,144.1999969482422,144.1999969482422,20600.0
2025-11-19T16:58:00Z,144.23500061035156,144.26499938964844,144.23500061035156,144.26499938964844,144.26499938964844,671.0
2025-11-19T16:59:00Z,144.26499938964844,144.3625030517578,144.26499938964844,144.35000610351562,144.35000610351562,935.0
2025-11-19T17:00:00Z,144.41000366210938,144.57249450683594,144.41000366210938,144.57249450683594,144.57249450683594,1766.0
2025-11-19T17:01:00Z,144.58999633789062,144.58999633789062,144.47000122070312,144.5500030517578,144.5500030517578,3086.0
2025-11-19T17:02:00Z,144.57000732421875,144.57000732421875,144.4199981689453,144.4199981689453,144.4199981689453,3757.0
2025-11-19T17:03:00Z,144.39999389648438,144.4499969482422,144.38999938964844,144.4499969482422,144.4499969482422,2879.0
2025-11-19T17:04:00Z,144.3699951171875,144.3699951171875,144.32000732421875,144.33999633789062,144.33999633789062,2207.0
2025-11-19T17:05:00Z,144.3000030517578,144.32000732421875,144.27000427246094,144.27999877929688,144.27999877929688,1516.0
2025-11-19T17:06:00Z,144.36000061035156,144.3699951171875,144.2899932861328,144.2899932861328,144.2899932861328,1644.0
2025-11-19T17:07:00Z,144.3300018310547,144.3300018310547,144.25999450683594,144.25999450683594,144.25999450683594,1444.0
2025-11-19T17:08:00Z,144.24000549316406,144.24000549316406,144.1999969482422,144.1999969482422,144.1999969482422,2702.0
2025-11-19T17:09:00Z,144.1300048828125,144.14999389648438,144.1300048828125,144.14999389648438,144.14999389648438,1125.0
2025-11-19T17:10:00Z,144.11000061035156,144.13499450683594,144.02499389648438,144.13499450683594,144.13499450683594,2882.0
2025-11-19T17:11:00Z,144.21499633789062,144.2899932861328,144.21499633789062,144.2899932861328,144.2899932861328,706.0
2025-11-19T17:12:00Z,144.3625030517578,144.3625030517578,144.22000122070312,144.22000122070312,144.22000122070312,1522.0
2025-11-19T17:13:00Z,144.16000366210938,144.16000366210938,144.1199951171875,144.13999938964844,144.13999938964844,3198.0
2025-11-19T17:17:00Z,144.27999877929688,144.31500244140625,144.27999877929688,144.31500244140625,144.31500244140625,1294.0
2025-11-19T17:19:00Z,144.22000122070312,144.22000122070312,144.17379760742188,144.17999267578125,144.17999267578125,2741.0
2025-11-19T17:20:00Z,144.16000366210938,144.1699981689453,144.10000610351562,144.1699981689453,144.1699981689453,4719.0
2025-11-19T17:21:00Z,144.0800018310547,144.1699981689453,144.0800018310547,144.1699981689453,144.1699981689453,524.0
2025-11-19T17:22:00Z,144.11000061035156,144.1649932861328,144.0399932861328,144.0399932861328,144.0399932861328,4545.0
2025-11-19T17:23:00Z,144.0800018310547,144.16000366210938,144.0800018310547,144.16000366210938,144.16000366210938,4355.0
2025-11-19T17:24:00Z,144.07000732421875,144.21580505371094,144.07000732421875,144.21580505371094,144.21580505371094,774.0
2025-11-19T17:25:00Z,144.15499877929688,144.15499877929688,144.05999755859375,144.05999755859375,144.05999755859375,2321.0
2025-11-19T17:26:00Z,144.1425018310547,144.1425018310547,144.0500030517578,144.0500030517578,144.0500030517578,1501.0
2025-11-19T17:27:00Z,144.05999755859375,144.05999755859375,144.05999755859375,144.05999755859375,144.05999755859375,1506.0
2025-11-19T17:28:00Z,144.1300048828125,144.25999450683594,144.1300048828125,144.25999450683594,144.25999450683594,2167.0
2025-11-19T17:29:00Z,144.27000427246094,144.27000427246094,144.27000427246094,144.27000427246094,144.27000427246094,573.0
2025-11-19T17:30:00Z,144.25999450683594,144.32000732421875,144.25999450683594,144.30999755859375,144.30999755859375,1035.0
2025-11-19T17:31:00Z,144.30999755859375,144.30999755859375,144.30999755859375,144.30999755859375,144.30999755859375,911.0
2025-11-19T17:32:00Z,144.25999450683594,144.25999450683594,144.1999969482422,144.1999969482422,144.1999969482422,1057.0
2025-11-19T17:33:00Z,144.1999969482422,144.1999969482422,144.19000244140625,144.19000244140625,144.19000244140625,853.0
2025-11-19T17:34:00Z,144.1999969482422,144.235107421875,144.1199951171875,144.1199951171875,144.1199951171875,3368.0
2025-11-19T17:35:00Z,144.1199951171875,144.1199951171875,144.0500030517578,144.0500030517578,144.0500030517578,3115.0
2025-11-19T17:36:00Z,144.05999755859375,144.08999633789062,143.9499969482422,143.96499633789062,143.96499633789062,6101.0
2025-11-19T17:37:00Z,143.98500061035156,143.99000549316406,143.97999572753906,143.99000549316406,143.99000549316406,429.0
2025-11-19T17:38:00Z,144.02999877929688,144.08999633789062,143.99000549316406,143.99000549316406,143.99000549316406,1022.0
2025-11-19T17:39:00Z,144.02000427246094,144.02000427246094,144.02000427246094,144.02000427246094,144.02000427246094,1532.0
2025-11-19T17:40:00Z,143.99000549316406,144.02000427246094,143.9499969482422,144.02000427246094,144.02000427246094,3777.0
2025-11-19T17:41:00Z,144.02000427246094,144.1750030517578,144.02000427246094,144.1750030517578,144.1750030517578,1618.0
2025-11-19T17:42:00Z,144.1999969482422,144.39999389648438,144.17999267578125,144.32000732421875,144.32000732421875,4797.0
2025-11-19T17:43:00Z,144.39999389648438,144.46499633789062,144.36000061035156,144.46499633789062,144.46499633789062,1235.0
2025-11-19T17:44:00Z,144.3800048828125,144.3800048828125,144.3800048828125,144.3800048828125,144.3800048828125,916.0
2025-11-19T17:45:00Z,144.2899932861328,144.2899932861328,144.1699981689453,144.19500732421875,144.19500732421875,3588.0
2025-11-19T17:46:00Z,144.3000030517578,144.31500244140625,144.3000030517578,144.31500244140625,144.31500244140625,1069.0
2025-11-19T17:48:00Z,144.41000366210938,144.41000366210938,144.1999969482422,144.1999969482422,144.1999969482422,1832.0
2025-11-19T17:49:00Z,144.1999969482422,144.1999969482422,144.1999969482422,144.1999969482422,144.1999969482422,753.0
2025-11-19T17:50:00Z,144.13999938964844,144.14999389648438,144.1199951171875,144.1199951171875,144.1199951171875,1604.0
2025-11-19T17:51:00Z,144.2050018310547,144.2050018310547,144.2050018310547,144.2050018310547,144.2050018310547,438.0
2025-11-19T17:52:00Z,144.2050018310547,144.33999633789062,144.1999969482422,144.33999633789062,144.33999633789062,1213.0
2025-11-19T17:53:00Z,144.3699951171875,144.39999389648438,144.3000030517578,144.3524932861328,144.3524932861328,2785.0
2025-11-19T17:54:00Z,144.37550354003906,144.4499969482422,144.27000427246094,144.3350067138672,144.3350067138672,3017.0
2025-11-19T17:55:00Z,144.34500122070312,144.34500122070312,144.34249877929688,144.34500122070312,144.34500122070312,1218.0
2025-11-19T17:56:00Z,144.42999267578125,144.47999572753906,144.27000427246094,144.27000427246094,144.27000427246094,6134.0
2025-11-19T17:58:00Z,144.24000549316406,144.24000549316406,144.17999267578125,144.21499633789062,144.21499633789062,2482.0
2025-11-19T17:59:00Z,144.25,144.25,144.25,144.25,144.25,1572.0
2025-11-19T18:02:00Z,144.25,144.3300018310547,144.25,144.32000732421875,144.32000732421875,1192.0
2025-11-19T18:03:00Z,144.3300018310547,144.3350067138672,144.32000732421875,144.32000732421875,144.32000732421875,1941.0
2025-11-19T18:04:00Z,144.31500244140625,144.4600067138672,144.31500244140625,144.4600067138672,144.4600067138672,3278.0
2025-11-19T18:05:00Z,144.44500732421875,144.44500732421875,144.33999633789062,144.33999633789062,144.33999633789062,2223.0
2025-11-19T18:06:00Z,144.38999938964844,144.4600067138672,144.38999938964844,144.4600067138672,144.4600067138672,875.0
2025-11-19T18:07:00Z,144.42999267578125,144.42999267578125,144.36000061035156,144.38499450683594,144.38499450683594,1915.0
2025-11-19T18:10:00Z,144.38999938964844,144.47000122070312,144.38999938964844,144.47000122070312,144.47000122070312,1823.0
2025-11-19T18:11:00Z,144.5399932861328,144.5399932861328,144.47500610351562,144.47500610351562,144.47500610351562,1729.0
2025-11-19T18:12:00Z,144.4199981689453,144.47000122070312,144.38999938964844,144.47000122070312,144.47000122070312,1546.0
2025-11-19T18:13:00Z,144.4600067138672,144.47000122070312,144.44749450683594,144.44749450683594,144.44749450683594,975.0
2025-11-19T18:14:00Z,144.44000244140625,144.44000244140625,144.3699951171875,144.3699951171875,144.3699951171875,1422.0
2025-11-19T18:15:00Z,144.4499969482422,144.4600067138672,144.36000061035156,144.36000061035156,144.36000061035156,1899.0
2025-11-19T18:17:00Z,144.33999633789062,144.39999389648438,144.3300018310547,144.39999389648438,144.39999389648438,2308.0
2025-11-19T18:18:00Z,144.39999389648438,144.39999389648438,144.39999389648438,144.39999389648438,144.39999389648438,785.0
2025-11-19T18:19:00Z,144.47000122070312,144.47999572753906,144.47000122070312,144.47999572753906,144.47999572753906,1526.0
2025-11-19T18:20:00Z,144.5800018310547,144.6199951171875,144.55999755859375,144.6199951171875,144.6199951171875,1310.0
2025-11-19T18:21:00Z,144.64999389648438,144.7100067138672,144.64999389648438,144.7100067138672,144.7100067138672,1027.0
2025-11-19T18:22:00Z,144.7899932861328,144.85499572753906,144.7899932861328,144.85499572753906,144.85499572753906,871.0
2025-11-19T18:23:00Z,144.88999938964844,144.88999938964844,144.75,144.75,144.75,1905.0
2025-11-19T18:24:00Z,144.80999755859375,144.80999755859375,144.6999969482422,144.6999969482422,144.6999969482422,1394.0
2025-11-19T18:25:00Z,144.76499938964844,144.76499938964844,144.76499938964844,144.76499938964844,144.76499938964844,699.0
2025-11-19T18:27:00Z,144.77999877929688,144.77999877929688,144.66000366210938,144.67999267578125,144.67999267578125,4238.0
2025-11-19T18:28:00Z,144.72500610351562,144.72500610351562,144.64999389648438,144.64999389648438,144.64999389648438,1623.0
2025-11-19T18:29:00Z,144.6300048828125,144.6300048828125,144.57000732421875,144.58999633789062,144.58999633789062,4007.0
2025-11-19T18:30:00Z,144.61000061035156,144.66000366210938,144.61000061035156,144.63999938964844,144.63999938964844,2060.0
2025-11-19T18:31:00Z,144.5800018310547,144.63999938964844,144.5800018310547,144.63999938964844,144.63999938964844,758.0
2025-11-19T18:32:00Z,144.55999755859375,144.57000732421875,144.50999450683594,144.50999450683594,144.50999450683594,3260.0
2025-11-19T18:33:00Z,144.47000122070312,144.47000122070312,144.47000122070312,144.47000122070312,144.47000122070312,899.0
2025-11-19T18:34:00Z,144.47000122070312,144.51499938964844,144.47000122070312,144.51499938964844,144.51499938964844,2369.0
2025-11-19T18:35:00Z,144.5500030517578,144.80999755859375,144.5500030517578,144.77999877929688,144.77999877929688,3799.0
2025-11-19T18:36:00Z,144.74249267578125,144.89999389648438,144.74249267578125,144.89999389648438,144.89999389648438,1640.0
2025-11-19T18:37:00Z,144.8800048828125,144.9600067138672,144.8699951171875,144.88999938964844,144.88999938964844,1058.0
2025-11-19T18:38:00Z,144.97999572753906,145.0500030517578,144.97999572753906,144.97999572753906,144.97999572753906,4047.0
2025-11-19T18:39:00Z,144.9600067138672,144.9600067138672,144.86000061035156,144.90750122070312,144.90750122070312,3245.0
2025-11-19T18:40:00Z,144.9600067138672,145.05999755859375,144.9600067138672,145.05999755859375,145.05999755859375,1961.0
2025-11-19T18:41:00Z,145.00999450683594,145.00999450683594,144.80999755859375,144.80999755859375,144.80999755859375,3275.0
2025-11-19T18:42:00Z,144.77999877929688,144.77999877929688,144.77999877929688,144.77999877929688,144.77999877929688,340.0
2025-11-19T18:43:00Z,144.72500610351562,144.72500610351562,144.65499877929688,144.66000366210938,144.66000366210938,2322.0
2025-11-19T18:45:00Z,144.64999389648438,144.64999389648438,144.59500122070312,144.59500122070312,144.59500122070312,2117.0
2025-11-19T18:46:00Z,144.5800018310547,144.58999633789062,144.52499389648438,144.52499389648438,144.52499389648438,2530.0
2025-11-19T18:47:00Z,144.5449981689453,144.72000122070312,144.5449981689453,144.68499755859375,144.68499755859375,3275.0
2025-11-19T18:48:00Z,144.68499755859375,144.68499755859375,144.55999755859375,144.55999755859375,144.55999755859375,1330.0
2025-11-19T18:49:00Z,144.52999877929688,144.52999877929688,144.52999877929688,144.52999877929688,144.52999877929688,1061.0
2025-11-19T18:50:00Z,144.5800018310547,144.5800018310547,144.53500366210938,144.53500366210938,144.53500366210938,1017.0
2025-11-19T18:51:00Z,144.6199951171875,144.64999389648438,144.5500030517578,144.6199951171875,144.6199951171875,1837.0
2025-11-19T18:52:00Z,144.6199951171875,144.6699981689453,144.6199951171875,144.64999389648438,144.64999389648438,1460.0
2025-11-19T18:53:00Z,144.6425018310547,144.64500427246094,144.6425018310547,144.64500427246094,144.64500427246094,1026.0
2025-11-19T18:54:00Z,144.60000610351562,144.64999389648438,144.5500030517578,144.64999389648438,144.64999389648438,2763.0
2025-11-19T18:55:00Z,144.64500427246094,144.75,144.64500427246094,144.75,144.75,2054.0
2025-11-19T18:56:00Z,144.72000122070312,144.72000122070312,144.67999267578125,144.67999267578125,144.67999267578125,585.0
2025-11-19T18:57:00Z,144.77999877929688,144.77999877929688,144.64500427246094,144.65499877929688,144.65499877929688,4078.0
2025-11-19T18:58:00Z,144.64999389648438,144.71180725097656,144.61500549316406,144.71180725097656,144.71180725097656,902.0
2025-11-19T18:59:00Z,144.60000610351562,144.6038055419922,144.55999755859375,144.55999755859375,144.55999755859375,1987.0
2025-11-19T19:00:00Z,144.6300048828125,144.64999389648438,144.49000549316406,144.49000549316406,144.49000549316406,4036.0
2025-11-19T19:01:00Z,144.5749969482422,144.5749969482422,144.36000061035156,144.4600067138672,144.4600067138672,3076.0
2025-11-19T19:02:00Z,144.5500030517578,144.55999755859375,144.47000122070312,144.47000122070312,144.47000122070312,1808.0
2025-11-19T19:04:00Z,144.5449981689453,144.55499267578125,144.5449981689453,144.55499267578125,144.55499267578125,1242.0
2025-11-19T19:05:00Z,144.44000244140625,144.5,144.44000244140625,144.5,144.5,917.0
2025-11-19T19:06:00Z,144.5,144.5,144.4199981689453,144.4199981689453,144.4199981689453,1658.0
2025-11-19T19:07:00Z,144.4949951171875,144.4949951171875,144.4199981689453,144.4199981689453,144.4199981689453,751.0
2025-11-19T19:08:00Z,144.4199981689453,144.49000549316406,144.41000366210938,144.4499969482422,144.4499969482422,3309.0
2025-11-19T19:09:00Z,144.5,144.5050048828125,144.44000244140625,144.44000244140625,144.44000244140625,4829.0
2025-11-19T19:10:00Z,144.3800048828125,144.3800048828125,144.27999877929688,144.27999877929688,144.27999877929688,2233.0
2025-11-19T19:11:00Z,144.25999450683594,144.27999877929688,144.2100067138672,144.27999877929688,144.27999877929688,1924.0
2025-11-19T19:12:00Z,144.28750610351562,144.2949981689453,144.2100067138672,144.2100067138672,144.2100067138672,788.0
2025-11-19T19:13:00Z,144.24220275878906,144.38999938964844,144.24220275878906,144.33999633789062,144.33999633789062,2659.0
2025-11-19T19:14:00Z,144.30999755859375,144.35499572753906,144.30999755859375,144.35499572753906,144.35499572753906,1038.0
2025-11-19T19:15:00Z,144.44000244140625,144.44000244140625,144.30999755859375,144.30999755859375,144.30999755859375,1715.0
2025-11-19T19:16:00Z,144.38999938964844,144.39999389648438,144.36000061035156,144.39999389648438,144.39999389648438,1087.0
2025-11-19T19:17:00Z,144.36000061035156,144.375,144.36000061035156,144.37249755859375,144.37249755859375,732.0
2025-11-19T19:18:00Z,144.38499450683594,144.38499450683594,144.3000030517578,144.3000030517578,144.3000030517578,822.0
2025-11-19T19:19:00Z,144.3000030517578,144.3300018310547,144.3000030517578,144.3300018310547,144.3300018310547,1030.0
2025-11-19T19:20:00Z,144.3000030517578,144.3000030517578,144.24000549316406,144.24000549316406,144.24000549316406,2149.0
2025-11-19T19:21:00Z,144.30499267578125,144.32000732421875,144.24159240722656,144.27999877929688,144.27999877929688,1935.0
2025-11-19T19:22:00Z,144.26499938964844,144.27999877929688,144.24000549316406,144.27000427246094,144.27000427246094,1960.0
2025-11-19T19:23:00Z,144.25,144.2899932861328,144.22000122070312,144.25,144.25,1196.0
2025-11-19T19:24:00Z,144.28500366210938,144.36000061035156,144.28500366210938,144.36000061035156,144.36000061035156,1411.0
2025-11-19T19:25:00Z,144.3300018310547,144.3300018310547,144.27000427246094,144.27000427246094,144.27000427246094,1697.0
2025-11-19T19:26:00Z,144.27999877929688,144.27999877929688,144.0399932861328,144.08999633789062,144.08999633789062,7296.0
2025-11-19T19:28:00Z,144.1649932861328,144.1649932861328,144.05999755859375,144.0800018310547,144.0800018310547,2413.0
2025-11-19T19:30:00Z,144.25999450683594,144.25999450683594,144.14999389648438,144.14999389648438,144.14999389648438,1657.0
2025-11-19T19:31:00Z,144.13999938964844,144.13999938964844,144.0800018310547,144.11500549316406,144.11500549316406,1104.0
2025-11-19T19:32:00Z,144.1300048828125,144.1699981689453,144.07000732421875,144.1699981689453,144.1699981689453,1804.0
2025-11-19T19:33:00Z,144.1699981689453,144.1699981689453,144.10000610351562,144.10000610351562,144.10000610351562,1125.0
2025-11-19T19:34:00Z,144.1300048828125,144.16000366210938,144.1300048828125,144.1300048828125,144.1300048828125,834.0
2025-11-19T19:35:00Z,144.13999938964844,144.13999938964844,144.13999938964844,144.13999938964844,144.13999938964844,609.0
2025-11-19T19:36:00Z,144.1199951171875,144.1199951171875,144.06500244140625,144.0800018310547,144.0800018310547,1787.0
2025-11-19T19:37:00Z,144.0800018310547,144.0800018310547,144.02999877929688,144.02999877929688,144.02999877929688,4559.0
2025-11-19T19:38:00Z,144.02000427246094,144.02000427246094,143.97999572753906,143.99000549316406,143.99000549316406,2370.0
2025-11-19T19:39:00Z,144.0449981689453,144.05999755859375,144.0355987548828,144.0355987548828,144.0355987548828,1288.0
2025-11-19T19:40:00Z,143.99000549316406,143.99000549316406,143.97999572753906,143.97999572753906,143.97999572753906,691.0
2025-11-19T19:41:00Z,143.99000549316406,144.0399932861328,143.9600067138672,144.02000427246094,144.02000427246094,5677.0
2025-11-19T19:42:00Z,143.98500061035156,144.0605010986328,143.98500061035156,144.0,144.0,2720.0
2025-11-19T19:43:00Z,144.0399932861328,144.0399932861328,143.9499969482422,143.99000549316406,143.99000549316406,2277.0
2025-11-19T19:44:00Z,143.99000549316406,144.0,143.92999267578125,143.97500610351562,143.97500610351562,6103.0
2025-11-19T19:45:00Z,143.97500610351562,144.0500030517578,143.97500610351562,143.97500610351562,143.97500610351562,7438.0
2025-11-19T19:46:00Z,143.92999267578125,143.97500610351562,143.91000366210938,143.91000366210938,143.91000366210938,1154.0
2025-11-19T19:47:00Z,143.97000122070312,143.97000122070312,143.97000122070312,143.97000122070312,143.97000122070312,653.0
2025-11-19T19:48:00Z,144.01499938964844,144.0399932861328,143.97000122070312,144.00999450683594,144.00999450683594,1646.0
2025-11-19T19:49:00Z,144.0,144.0,143.97000122070312,143.97000122070312,143.97000122070312,756.0
2025-11-19T19:50:00Z,144.0,144.0749969482422,144.0,144.0500030517578,144.0500030517578,5099.0
2025-11-19T19:51:00Z,144.08999633789062,144.11000061035156,144.07000732421875,144.11000061035156,144.11000061035156,1244.0
2025-11-19T19:52:00Z,144.02999877929688,144.05999755859375,144.00999450683594,144.05999755859375,144.05999755859375,1760.0
2025-11-19T19:53:00Z,144.06500244140625,144.07000732421875,144.0,144.06500244140625,144.06500244140625,3381.0
2025-11-19T19:54:00Z,144.14999389648438,144.28500366210938,144.01499938964844,144.28500366210938,144.28500366210938,14689.0
2025-11-19T19:55:00Z,144.3000030517578,144.36000061035156,144.27999877929688,144.3249969482422,144.3249969482422,1789.0
2025-11-19T19:56:00Z,144.32000732421875,144.39999389648438,144.32000732421875,144.3699951171875,144.3699951171875,3189.0
2025-11-19T19:57:00Z,144.4499969482422,144.4499969482422,144.27999877929688,144.27999877929688,144.27999877929688,2028.0
2025-11-19T19:58:00Z,144.2899932861328,144.2899932861328,144.2899932861328,144.2899932861328,144.2899932861328,235.0
2025-11-19T19:59:00Z,144.30999755859375,144.38999938964844,144.30999755859375,144.38999938964844,144.38999938964844,1131.0
2025-11-19T20:00:00Z,144.3699951171875,144.3699951171875,144.2100067138672,144.24000549316406,144.24000549316406,5935.0
2025-11-19T20:01:00Z,144.2100067138672,144.25999450683594,144.1999969482422,144.24000549316406,144.24000549316406,2299.0
2025-11-19T20:02:00Z,144.23500061035156,144.23500061035156,144.1999969482422,144.1999969482422,144.1999969482422,1255.0
2025-11-19T20:03:00Z,144.23500061035156,144.38999938964844,144.23500061035156,144.38999938964844,144.38999938964844,2195.0
2025-11-19T20:04:00Z,144.47000122070312,144.5,144.47000122070312,144.5,144.5,1790.0
2025-11-19T20:05:00Z,144.47000122070312,144.4875030517578,144.47000122070312,144.48500061035156,144.48500061035156,977.0
2025-11-19T20:06:00Z,144.5500030517578,144.5800018310547,144.5500030517578,144.5800018310547,144.5800018310547,921.0
2025-11-19T20:07:00Z,144.5500030517578,144.5500030517578,144.4199981689453,144.4199981689453,144.4199981689453,3425.0
2025-11-19T20:08:00Z,144.47300720214844,144.47300720214844,144.47300720214844,144.47300720214844,144.47300720214844,975.0
2025-11-19T20:09:00Z,144.42999267578125,144.5,144.42999267578125,144.4949951171875,144.4949951171875,1219.0
2025-11-19T20:10:00Z,144.5800018310547,144.5800018310547,144.51499938964844,144.5800018310547,144.5800018310547,1738.0
2025-11-19T20:11:00Z,144.60000610351562,144.6999969482422,144.60000610351562,144.625,144.625,1881.0
2025-11-19T20:12:00Z,144.6300048828125,144.6300048828125,144.6199951171875,144.6199951171875,144.6199951171875,981.0
2025-11-19T20:13:00Z,144.60000610351562,144.66000366210938,144.60000610351562,144.63999938964844,144.63999938964844,4161.0
2025-11-19T20:14:00Z,144.6999969482422,144.75,144.69000244140625,144.71499633789062,144.71499633789062,2415.0
2025-11-19T20:15:00Z,144.78500366210938,144.9250030517578,144.78500366210938,144.9250030517578,144.9250030517578,2015.0
2025-11-19T20:16:00Z,144.99000549316406,144.99000549316406,144.92999267578125,144.92999267578125,144.92999267578125,1030.0
2025-11-19T20:17:00Z,145.00999450683594,145.08999633789062,145.00999450683594,145.07000732421875,145.07000732421875,1571.0
2025-11-19T20:18:00Z,145.07000732421875,145.27999877929688,145.07000732421875,145.27999877929688,145.27999877929688,3158.0
2025-11-19T20:19:00Z,145.2449951171875,145.2449951171875,145.10000610351562,145.10000610351562,145.10000610351562,5173.0
2025-11-19T20:20:00Z,145.11000061035156,145.2100067138672,145.08999633789062,145.10000610351562,145.10000610351562,3763.0
2025-11-19T20:21:00Z,145.0800018310547,145.0800018310547,145.0449981689453,145.0449981689453,145.0449981689453,1585.0
2025-11-19T20:22:00Z,145.0399932861328,145.05499267578125,144.88999938964844,144.88999938964844,144.88999938964844,5408.0
2025-11-19T20:23:00Z,144.8699951171875,144.8699951171875,144.77999877929688,144.81500244140625,144.81500244140625,6859.0
2025-11-19T20:24:00Z,144.80999755859375,144.86000061035156,144.80999755859375,144.86000061035156,144.86000061035156,705.0
2025-11-19T20:25:00Z,144.75999450683594,144.77000427246094,144.67999267578125,144.67999267578125,144.67999267578125,5905.0
2025-11-19T20:26:00Z,144.7100067138672,144.72000122070312,144.67999267578125,144.7100067138672,144.7100067138672,3524.0
2025-11-19T20:27:00Z,144.75,144.82000732421875,144.75,144.80999755859375,144.80999755859375,2067.0
2025-11-19T20:28:00Z,144.83999633789062,144.9199981689453,144.8300018310547,144.8300018310547,144.8300018310547,3298.0
2025-11-19T20:29:00Z,144.8350067138672,144.8800048828125,144.8350067138672,144.85000610351562,144.85000610351562,2860.0
2025-11-19T20:30:00Z,144.8300018310547,144.8300018310547,144.77000427246094,144.7899932861328,144.7899932861328,5402.0
2025-11-19T20:31:00Z,144.7899932861328,144.8300018310547,144.75999450683594,144.77000427246094,144.77000427246094,5472.0
2025-11-19T20:32:00Z,144.72999572753906,144.8000030517578,144.72000122070312,144.8000030517578,144.8000030517578,3712.0
2025-11-19T20:33:00Z,144.80999755859375,144.8699951171875,144.7899932861328,144.8699951171875,144.8699951171875,1742.0
2025-11-19T20:34:00Z,144.8300018310547,144.85000610351562,144.77000427246094,144.7899932861328,144.7899932861328,3012.0
2025-11-19T20:35:00Z,144.77999877929688,144.9250030517578,144.77999877929688,144.9250030517578,144.9250030517578,4030.0
2025-11-19T20:36:00Z,144.9600067138672,145.0399932861328,144.9600067138672,145.0399932861328,145.0399932861328,1715.0
2025-11-19T20:37:00Z,144.99000549316406,145.1199951171875,144.99000549316406,145.11000061035156,145.11000061035156,5236.0
2025-11-19T20:38:00Z,145.05999755859375,145.11500549316406,145.02000427246094,145.02999877929688,145.02999877929688,3845.0
2025-11-19T20:39:00Z,145.07000732421875,145.125,144.92999267578125,144.97000122070312,144.97000122070312,8192.0
2025-11-19T20:40:00Z,144.97999572753906,144.97999572753906,144.77999877929688,144.78500366210938,144.78500366210938,6798.0
2025-11-19T20:41:00Z,144.75999450683594,144.8300018310547,144.74000549316406,144.77000427246094,144.77000427246094,3996.0
2025-11-19T20:42:00Z,144.85000610351562,144.85000610351562,144.7100067138672,144.72999572753906,144.72999572753906,3114.0
2025-11-19T20:43:00Z,144.72999572753906,144.80999755859375,144.72999572753906,144.8000030517578,144.8000030517578,1782.0
2025-11-19T20:44:00Z,144.75999450683594,144.9199981689453,144.75999450683594,144.8699951171875,144.8699951171875,4278.0
2025-11-19T20:45:00Z,144.86000061035156,144.8699951171875,144.74000549316406,144.74000549316406,144.74000549316406,7937.0
2025-11-19T20:46:00Z,144.72000122070312,144.7899932861328,144.6999969482422,144.75999450683594,144.75999450683594,6307.0
2025-11-19T20:47:00Z,144.74000549316406,144.77000427246094,144.6699981689453,144.6699981689453,144.6699981689453,5729.0
2025-11-19T20:48:00Z,144.6649932861328,144.6649932861328,144.61000061035156,144.64500427246094,144.64500427246094,2870.0
2025-11-19T20:49:00Z,144.66000366210938,144.66000366210938,144.5399932861328,144.58999633789062,144.58999633789062,8882.0
2025-11-19T20:50:00Z,144.63999938964844,144.88999938964844,144.58999633789062,144.83999633789062,144.83999633789062,19835.0
2025-11-19T20:51:00Z,144.8800048828125,144.9600067138672,144.80999755859375,144.80999755859375,144.80999755859375,12479.0
2025-11-19T20:52:00Z,144.8300018310547,144.92250061035156,144.80999755859375,144.8800048828125,144.8800048828125,11453.0
2025-11-19T20:53:00Z,144.91000366210938,144.92999267578125,144.8800048828125,144.8936004638672,144.8936004638672,8925.0
2025-11-19T20:54:00Z,144.8730010986328,144.9250030517578,144.82000732421875,144.82000732421875,144.82000732421875,18361.0
2025-11-19T20:55:00Z,144.82000732421875,144.9550018310547,144.8000030517578,144.8699951171875,144.8699951171875,24875.0
2025-11-19T20:56:00Z,144.86000061035156,144.9199981689453,144.7899932861328,144.7899932861328,144.7899932861328,22406.0
2025-11-19T20:57:00Z,144.7899932861328,144.80999755859375,144.67999267578125,144.69000244140625,144.69000244140625,20955.0
2025-11-19T20:58:00Z,144.72000122070312,144.72000122070312,144.58999633789062,144.58999633789062,144.58999633789062,39967.0
2025-11-19T20:59:00Z,144.60499572753906,144.64999389648438,144.35000610351562,144.3800048828125,144.3800048828125,96994.0
2025-11-20T14:31:00Z,146.2100067138672,146.72000122070312,146.16000366210938,146.72000122070312,146.72000122070312,2591.0
2025-11-20T14:32:00Z,147.22999572753906,147.22999572753906,147.02499389648438,147.02499389648438,147.02499389648438,1776.0
2025-11-20T14:33:00Z,147.0500030517578,147.0500030517578,147.0500030517578,147.0500030517578,147.0500030517578,298.0
2025-11-20T14:34:00Z,147.11000061035156,147.125,147.0,147.125,147.125,1863.0
2025-11-20T14:35:00Z,147.02000427246094,147.02499389648438,146.97999572753906,147.02499389648438,147.02499389648438,1195.0
2025-11-20T14:36:00Z,147.02000427246094,147.03500366210938,146.6999969482422,147.03500366210938,147.03500366210938,3795.0
2025-11-20T14:37:00Z,146.80999755859375,147.0500030517578,146.66000366210938,146.66000366210938,146.66000366210938,3514.0
2025-11-20T14:38:00Z,146.40499877929688,146.40499877929688,146.40499877929688,146.40499877929688,146.40499877929688,385.0
2025-11-20T14:39:00Z,146.63999938964844,146.74000549316406,146.4199981689453,146.43499755859375,146.43499755859375,3156.0
2025-11-20T14:40:00Z,146.5133056640625,146.77999877929688,146.5133056640625,146.77999877929688,146.77999877929688,3081.0
2025-11-20T14:41:00Z,146.51499938964844,146.52000427246094,146.51499938964844,146.52000427246094,146.52000427246094,401.0
2025-11-20T14:42:00Z,146.74000549316406,146.8000030517578,146.74000549316406,146.8000030517578,146.8000030517578,923.0
2025-11-20T14:43:00Z,146.66000366210938,146.83999633789062,146.60000610351562,146.72000122070312,146.72000122070312,3009.0
2025-11-20T14:44:00Z,146.66000366210938,146.77000427246094,146.66000366210938,146.74000549316406,146.74000549316406,3140.0
2025-11-20T14:45:00Z,146.88999938964844,147.08999633789062,146.58999633789062,146.58999633789062,146.58999633789062,3788.0
2025-11-20T14:47:00Z,146.47999572753906,146.47999572753906,146.4499969482422,146.4499969482422,146.4499969482422,1503.0
2025-11-20T14:48:00Z,146.55999755859375,146.55999755859375,146.55999755859375,146.55999755859375,146.55999755859375,699.0
2025-11-20T14:49:00Z,146.5399932861328,146.5399932861328,146.5399932861328,146.5399932861328,146.5399932861328,967.0
2025-11-20T14:50:00Z,146.39999389648438,146.39999389648438,146.30999755859375,146.30999755859375,146.30999755859375,2000.0
2025-11-20T14:51:00Z,146.19000244140625,146.27000427246094,146.11000061035156,146.1649932861328,146.1649932861328,6847.0
2025-11-20T14:52:00Z,146.0800018310547,146.0800018310547,146.07000732421875,146.07000732421875,146.07000732421875,2031.0
2025-11-20T14:53:00Z,146.00999450683594,146.00999450683594,145.8800048828125,145.8800048828125,145.8800048828125,1680.0
2025-11-20T14:54:00Z,145.88999938964844,145.88999938964844,145.7899932861328,145.83999633789062,145.83999633789062,1541.0
2025-11-20T14:55:00Z,145.85000610351562,145.9499969482422,145.85000610351562,145.9499969482422,145.9499969482422,2747.0
2025-11-20T14:56:00Z,145.8800048828125,145.9499969482422,145.8800048828125,145.9499969482422,145.9499969482422,1658.0
2025-11-20T14:57:00Z,146.0500030517578,146.19000244140625,146.0399932861328,146.18499755859375,146.18499755859375,5177.0
2025-11-20T14:58:00Z,146.15750122070312,146.19000244140625,146.15750122070312,146.19000244140625,146.19000244140625,1216.0
2025-11-20T14:59:00Z,146.18499755859375,146.22999572753906,146.1699981689453,146.19000244140625,146.19000244140625,957.0
2025-11-20T15:00:00Z,146.2899932861328,146.47000122070312,146.25999450683594,146.25999450683594,146.25999450683594,5538.0
2025-11-20T15:01:00Z,146.22999572753906,146.22999572753906,146.13999938964844,146.13999938964844,146.13999938964844,4847.0
2025-11-20T15:02:00Z,146.27499389648438,146.5,146.27499389648438,146.38999938964844,146.38999938964844,3143.0
2025-11-20T15:03:00Z,146.3300018310547,146.36000061035156,146.25999450683594,146.25999450683594,146.25999450683594,3649.0
2025-11-20T15:04:00Z,146.27000427246094,146.30999755859375,146.27000427246094,146.30999755859375,146.30999755859375,1297.0
2025-11-20T15:05:00Z,146.36000061035156,146.5,146.36000061035156,146.5,146.5,2816.0
2025-11-20T15:06:00Z,146.3300018310547,146.3300018310547,146.3300018310547,146.3300018310547,146.3300018310547,710.0
2025-11-20T15:07:00Z,146.30999755859375,146.3300018310547,146.30999755859375,146.3300018310547,146.3300018310547,1719.0
2025-11-20T15:08:00Z,146.4600067138672,146.47000122070312,146.4499969482422,146.4499969482422,146.4499969482422,1013.0
2025-11-20T15:09:00Z,146.47000122070312,146.47000122070312,146.36500549316406,146.36500549316406,146.36500549316406,699.0
2025-11-20T15:10:00Z,146.4499969482422,146.6746063232422,146.4499969482422,146.6746063232422,146.6746063232422,4942.0
2025-11-20T15:11:00Z,146.72000122070312,146.86000061035156,146.71249389648438,146.86000061035156,146.86000061035156,2569.0
2025-11-20T15:13:00Z,146.64100646972656,146.64100646972656,146.48199462890625,146.48199462890625,146.48199462890625,3313.0
2025-11-20T15:14:00Z,146.4600067138672,146.47000122070312,146.38999938964844,146.42999267578125,146.42999267578125,2402.0
2025-11-20T15:15:00Z,146.44000244140625,146.58999633789062,146.44000244140625,146.5399932861328,146.5399932861328,3828.0
2025-11-20T15:16:00Z,146.55999755859375,146.7100067138672,146.55999755859375,146.64520263671875,146.64520263671875,3262.0
2025-11-20T15:18:00Z,146.77999877929688,146.93499755859375,146.77999877929688,146.77999877929688,146.77999877929688,3714.0
2025-11-20T15:19:00Z,146.8699951171875,146.94500732421875,146.8699951171875,146.94500732421875,146.94500732421875,934.0
2025-11-20T15:20:00Z,146.94500732421875,146.94500732421875,146.72999572753906,146.72999572753906,146.72999572753906,2921.0
2025-11-20T15:22:00Z,146.80999755859375,146.85000610351562,146.80999755859375,146.85000610351562,146.85000610351562,1404.0
2025-11-20T15:23:00Z,147.02000427246094,147.02000427246094,146.99000549316406,146.99000549316406,146.99000549316406,1697.0
2025-11-20T15:24:00Z,147.1699981689453,147.27999877929688,147.1199951171875,147.1199951171875,147.1199951171875,1288.0
2025-11-20T15:25:00Z,147.22999572753906,147.27000427246094,147.19000244140625,147.27000427246094,147.27000427246094,3605.0
2025-11-20T15:26:00Z,147.27000427246094,147.27000427246094,147.24000549316406,147.24000549316406,147.24000549316406,1542.0
2025-11-20T15:27:00Z,147.14999389648438,147.16000366210938,146.8699951171875,146.8699951171875,146.8699951171875,6171.0
2025-11-20T15:28:00Z,146.7899932861328,146.86000061035156,146.74000549316406,146.86000061035156,146.86000061035156,2420.0
2025-11-20T15:29:00Z,146.91000366210938,146.91000366210938,146.91000366210938,146.91000366210938,146.91000366210938,420.0
2025-11-20T15:30:00Z,146.97000122070312,147.11000061035156,146.97000122070312,147.11000061035156,147.11000061035156,1034.0
2025-11-20T15:31:00Z,147.27999877929688,147.3000030517578,147.18499755859375,147.3000030517578,147.3000030517578,2076.0
2025-11-20T15:32:00Z,147.3000030517578,147.3000030517578,147.18499755859375,147.19000244140625,147.19000244140625,1571.0
2025-11-20T15:33:00Z,147.3000030517578,147.3000030517578,147.27999877929688,147.27999877929688,147.27999877929688,1374.0
2025-11-20T15:34:00Z,147.10000610351562,147.13250732421875,147.0050048828125,147.13250732421875,147.13250732421875,2951.0
2025-11-20T15:35:00Z,147.0500030517578,147.16000366210938,147.0500030517578,147.16000366210938,147.16000366210938,1317.0
2025-11-20T15:36:00Z,147.2899932861328,147.2899932861328,147.25999450683594,147.25999450683594,147.25999450683594,1481.0
2025-11-20T15:37:00Z,147.1750030517578,147.1750030517578,147.1750030517578,147.1750030517578,147.1750030517578,475.0
2025-11-20T15:38:00Z,147.13999938964844,147.13999938964844,147.0500030517578,147.07000732421875,147.07000732421875,3672.0
2025-11-20T15:39:00Z,147.14999389648438,147.14999389648438,147.14999389648438,147.14999389648438,147.14999389648438,287.0
2025-11-20T15:40:00Z,147.24000549316406,147.31900024414062,147.24000549316406,147.30999755859375,147.30999755859375,1368.0
2025-11-20T15:41:00Z,147.1999969482422,147.27000427246094,147.10220336914062,147.10220336914062,147.10220336914062,605.0
2025-11-20T15:42:00Z,147.2100067138672,147.2100067138672,147.10000610351562,147.16000366210938,147.16000366210938,1810.0
2025-11-20T15:43:00Z,147.27000427246094,147.32000732421875,147.25999450683594,147.32000732421875,147.32000732421875,2656.0
2025-11-20T15:44:00Z,147.3249969482422,147.3249969482422,147.3249969482422,147.3249969482422,147.3249969482422,882.0
2025-11-20T15:45:00Z,147.2100067138672,147.36000061035156,147.2100067138672,147.25,147.25,1486.0
2025-11-20T15:46:00Z,147.11000061035156,147.21499633789062,147.07000732421875,147.07000732421875,147.07000732421875,2750.0
2025-11-20T15:47:00Z,147.07000732421875,147.07000732421875,147.02999877929688,147.02999877929688,147.02999877929688,1540.0
2025-11-20T15:48:00Z,147.0,147.00999450683594,146.91000366210938,146.9600067138672,146.9600067138672,3608.0
2025-11-20T15:49:00Z,147.05999755859375,147.05999755859375,147.05999755859375,147.05999755859375,147.05999755859375,1191.0
2025-11-20T15:50:00Z,147.0,147.0,146.9199981689453,146.9199981689453,146.9199981689453,1988.0
2025-11-20T15:52:00Z,146.98500061035156,146.98500061035156,146.98500061035156,146.98500061035156,146.98500061035156,794.0
2025-11-20T15:53:00Z,146.8699951171875,146.8800048828125,146.82000732421875,146.82000732421875,146.82000732421875,2438.0
2025-11-20T15:54:00Z,146.8800048828125,146.8800048828125,146.80999755859375,146.80999755859375,146.80999755859375,1000.0
2025-11-20T15:55:00Z,146.8000030517578,146.89999389648438,146.75999450683594,146.75999450683594,146.75999450683594,3826.0
2025-11-20T15:56:00Z,146.85000610351562,146.85000610351562,146.82249450683594,146.82249450683594,146.82249450683594,825.0
2025-11-20T15:57:00Z,146.91000366210938,146.91000366210938,146.7899932861328,146.7899932861328,146.7899932861328,2922.0
2025-11-20T15:58:00Z,146.75,146.75,146.75,146.75,146.75,655.0
2025-11-20T15:59:00Z,146.77999877929688,146.82000732421875,146.72000122070312,146.7725067138672,146.7725067138672,2055.0
2025-11-20T16:00:00Z,146.64999389648438,146.64999389648438,146.64999389648438,146.64999389648438,146.64999389648438,1177.0
2025-11-20T16:01:00Z,146.6199951171875,146.64999389648438,146.58999633789062,146.64999389648438,146.64999389648438,4441.0
2025-11-20T16:03:00Z,146.75,146.91000366210938,146.75,146.91000366210938,146.91000366210938,1143.0
2025-11-20T16:04:00Z,146.77999877929688,146.77999877929688,146.722900390625,146.722900390625,146.722900390625,1716.0
2025-11-20T16:05:00Z,146.7899932861328,146.7899932861328,146.7899932861328,146.7899932861328,146.7899932861328,289.0
2025-11-20T16:06:00Z,146.79010009765625,146.91000366210938,146.79010009765625,146.91000366210938,146.91000366210938,3111.0
2025-11-20T16:07:00Z,146.88499450683594,146.88499450683594,146.8800048828125,146.8800048828125,146.8800048828125,976.0
2025-11-20T16:08:00Z,146.88999938964844,146.89999389648438,146.77000427246094,146.8350067138672,146.8350067138672,3226.0
2025-11-20T16:09:00Z,146.75,146.77499389648438,146.6699981689453,146.6699981689453,146.6699981689453,6225.0
2025-11-20T16:10:00Z,146.67999267578125,146.72999572753906,146.6699981689453,146.72999572753906,146.72999572753906,2197.0
2025-11-20T16:11:00Z,146.6999969482422,146.6999969482422,146.6199951171875,146.68499755859375,146.68499755859375,3497.0
2025-11-20T16:12:00Z,146.61000061035156,146.61000061035156,146.55999755859375,146.58999633789062,146.58999633789062,2744.0
2025-11-20T16:13:00Z,146.50999450683594,146.52999877929688,146.50999450683594,146.52000427246094,146.52000427246094,1733.0
2025-11-20T16:14:00Z,146.66000366210938,146.66000366210938,146.5500030517578,146.5500030517578,146.5500030517578,1518.0
2025-11-20T16:15:00Z,146.52999877929688,146.52999877929688,146.47000122070312,146.49000549316406,146.49000549316406,1795.0
2025-11-20T16:16:00Z,146.38999938964844,146.38999938964844,146.27999877929688,146.3800048828125,146.3800048828125,3975.0
2025-11-20T16:17:00Z,146.2899932861328,146.2899932861328,146.2899932861328,146.2899932861328,146.2899932861328,777.0
2025-11-20T16:18:00Z,146.35000610351562,146.44000244140625,146.35000610351562,146.4149932861328,146.4149932861328,2430.0
2025-11-20T16:19:00Z,146.36839294433594,146.36839294433594,146.2899932861328,146.3000030517578,146.3000030517578,1263.0
2025-11-20T16:20:00Z,146.27999877929688,146.27999877929688,146.16000366210938,146.16000366210938,146.16000366210938,1303.0
2025-11-20T16:21:00Z,146.21499633789062,146.21499633789062,146.1300048828125,146.1300048828125,146.1300048828125,1620.0
2025-11-20T16:22:00Z,146.05999755859375,146.05999755859375,146.03500366210938,146.03500366210938,146.03500366210938,1723.0
2025-11-20T16:23:00Z,146.00999450683594,146.1699981689453,145.97000122070312,146.1699981689453,146.1699981689453,3473.0
2025-11-20T16:24:00Z,146.0500030517578,146.0500030517578,146.02000427246094,146.0500030517578,146.0500030517578,1861.0
2025-11-20T16:25:00Z,145.94000244140625,145.9499969482422,145.91000366210938,145.91000366210938,145.91000366210938,1688.0
2025-11-20T16:26:00Z,145.86000061035156,145.86000061035156,145.86000061035156,145.86000061035156,145.86000061035156,597.0
2025-11-20T16:27:00Z,145.9499969482422,146.13499450683594,145.875,146.13499450683594,146.13499450683594,3735.0
2025-11-20T16:28:00Z,146.19000244140625,146.1999969482422,146.11000061035156,146.11000061035156,146.11000061035156,1551.0
2025-11-20T16:29:00Z,146.0500030517578,146.0500030517578,145.8699951171875,145.8800048828125,145.8800048828125,3768.0
2025-11-20T16:30:00Z,145.82000732421875,145.82000732421875,145.82000732421875,145.82000732421875,145.82000732421875,612.0
2025-11-20T16:31:00Z,145.90499877929688,145.9199981689453,145.75,145.80499267578125,145.80499267578125,2640.0
2025-11-20T16:32:00Z,145.88999938964844,145.88999938964844,145.80499267578125,145.80499267578125,145.80499267578125,1140.0
2025-11-20T16:33:00Z,145.77000427246094,145.77000427246094,145.6199951171875,145.66000366210938,145.66000366210938,2900.0
2025-11-20T16:34:00Z,145.66000366210938,145.69000244140625,145.63999938964844,145.68499755859375,145.68499755859375,2502.0
2025-11-20T16:35:00Z,145.77000427246094,145.77000427246094,145.6999969482422,145.6999969482422,145.6999969482422,949.0
2025-11-20T16:36:00Z,145.64500427246094,145.64500427246094,145.52999877929688,145.5500030517578,145.5500030517578,4028.0
2025-11-20T16:37:00Z,145.5500030517578,145.55999755859375,145.4600067138672,145.5050048828125,145.5050048828125,4021.0
2025-11-20T16:38:00Z,145.4199981689453,145.4199981689453,145.2050018310547,145.2050018310547,145.2050018310547,4190.0
2025-11-20T16:39:00Z,145.24000549316406,145.36000061035156,145.13499450683594,145.36000061035156,145.36000061035156,4662.0
2025-11-20T16:40:00Z,145.17999267578125,145.17999267578125,145.13999938964844,145.13999938964844,145.13999938964844,673.0
2025-11-20T16:41:00Z,145.10000610351562,145.10000610351562,145.0050048828125,145.05999755859375,145.05999755859375,1983.0
2025-11-20T16:42:00Z,144.92999267578125,145.02999877929688,144.92999267578125,144.98500061035156,144.98500061035156,2115.0
2025-11-20T16:43:00Z,145.00999450683594,145.17999267578125,145.00999450683594,145.10499572753906,145.10499572753906,3322.0
2025-11-20T16:44:00Z,145.16000366210938,145.1699981689453,145.05999755859375,145.05999755859375,145.05999755859375,2386.0
2025-11-20T16:45:00Z,145.0500030517578,145.0800018310547,144.97999572753906,145.0800018310547,145.0800018310547,3556.0
2025-11-20T16:46:00Z,145.0500030517578,145.0500030517578,145.0500030517578,145.0500030517578,145.0500030517578,979.0
2025-11-20T16:47:00Z,144.9499969482422,145.14999389648438,144.91000366210938,145.14999389648438,145.14999389648438,2484.0
2025-11-20T16:48:00Z,145.125,145.125,145.08999633789062,145.08999633789062,145.08999633789062,1037.0
2025-11-20T16:49:00Z,145.0399932861328,145.1199951171875,144.9600067138672,145.1199951171875,145.1199951171875,2195.0
2025-11-20T16:50:00Z,145.10000610351562,145.10000610351562,145.10000610351562,145.10000610351562,145.10000610351562,1005.0
2025-11-20T16:51:00Z,145.10000610351562,145.3800048828125,145.10000610351562,145.3800048828125,145.3800048828125,3316.0
2025-11-20T16:52:00Z,145.3699951171875,145.3800048828125,145.17999267578125,145.18499755859375,145.18499755859375,3799.0
2025-11-20T16:53:00Z,145.25,145.25999450683594,145.18499755859375,145.2050018310547,145.2050018310547,1732.0
2025-11-20T16:54:00Z,145.14999389648438,145.14999389648438,144.99000549316406,145.0,145.0,3492.0
2025-11-20T16:55:00Z,144.99000549316406,145.07000732421875,144.92999267578125,144.9499969482422,144.9499969482422,4857.0
2025-11-20T16:56:00Z,144.9250030517578,144.9250030517578,144.85000610351562,144.85000610351562,144.85000610351562,733.0
2025-11-20T16:57:00Z,144.7899932861328,144.8800048828125,144.6999969482422,144.86000061035156,144.86000061035156,4387.0
2025-11-20T16:58:00Z,144.8000030517578,144.85000610351562,144.67999267578125,144.85000610351562,144.85000610351562,5074.0
2025-11-20T16:59:00Z,144.7949981689453,144.7949981689453,144.5800018310547,144.66000366210938,144.66000366210938,4343.0
2025-11-20T17:00:00Z,144.8300018310547,144.9199981689453,144.8300018310547,144.9199981689453,144.9199981689453,2325.0
2025-11-20T17:01:00Z,144.9199981689453,145.00999450683594,144.9199981689453,145.00999450683594,145.00999450683594,1239.0
2025-11-20T17:02:00Z,145.16000366210938,145.16000366210938,145.02499389648438,145.02499389648438,145.02499389648438,956.0
2025-11-20T17:03:00Z,145.02999877929688,145.10000610351562,145.02999877929688,145.10000610351562,145.10000610351562,1363.0
2025-11-20T17:04:00Z,145.1300048828125,145.1300048828125,145.02749633789062,145.02749633789062,145.02749633789062,813.0
2025-11-20T17:05:00Z,145.16000366210938,145.16000366210938,144.97999572753906,144.97999572753906,144.97999572753906,1859.0
2025-11-20T17:06:00Z,144.92999267578125,144.9949951171875,144.92999267578125,144.9949951171875,144.9949951171875,670.0
2025-11-20T17:07:00Z,144.91000366210938,145.0850067138672,144.83999633789062,145.02499389648438,145.02499389648438,4477.0
2025-11-20T17:08:00Z,145.22000122070312,145.2899932861328,145.22000122070312,145.2899932861328,145.2899932861328,1069.0
2025-11-20T17:09:00Z,145.19500732421875,145.19500732421875,145.07000732421875,145.10000610351562,145.10000610351562,3814.0
2025-11-20T17:10:00Z,144.97999572753906,145.0449981689453,144.92999267578125,144.92999267578125,144.92999267578125,1631.0
2025-11-20T17:11:00Z,144.9199981689453,144.94000244140625,144.85000610351562,144.85000610351562,144.85000610351562,3230.0
2025-11-20T17:12:00Z,144.86500549316406,144.9199981689453,144.77169799804688,144.89999389648438,144.89999389648438,3032.0
2025-11-20T17:13:00Z,144.8000030517578,144.88999938964844,144.8000030517578,144.88999938964844,144.88999938964844,2073.0
2025-11-20T17:14:00Z,145.0,145.14999389648438,144.97999572753906,145.14999389648438,145.14999389648438,2397.0
2025-11-20T17:15:00Z,144.97999572753906,144.97999572753906,144.92999267578125,144.9499969482422,144.9499969482422,2354.0
2025-11-20T17:16:00Z,144.9600067138672,144.9600067138672,144.75999450683594,144.88499450683594,144.88499450683594,3442.0
2025-11-20T17:17:00Z,144.92999267578125,144.92999267578125,144.7100067138672,144.72500610351562,144.72500610351562,2543.0
2025-11-20T17:18:00Z,144.67999267578125,144.6999969482422,144.60000610351562,144.6999969482422,144.6999969482422,2422.0
2025-11-20T17:19:00Z,144.60000610351562,144.6699981689453,144.58999633789062,144.6649932861328,144.6649932861328,1380.0
2025-11-20T17:20:00Z,144.66000366210938,144.66000366210938,144.49000549316406,144.49000549316406,144.49000549316406,1721.0
2025-11-20T17:21:00Z,144.61000061035156,144.77999877929688,144.61000061035156,144.75999450683594,144.75999450683594,2028.0
2025-11-20T17:22:00Z,144.74000549316406,144.88999938964844,144.74000549316406,144.7899932861328,144.7899932861328,686.0
2025-11-20T17:23:00Z,144.83999633789062,144.91000366210938,144.66000366210938,144.69500732421875,144.69500732421875,3430.0
2025-11-20T17:24:00Z,144.8000030517578,144.88999938964844,144.7949981689453,144.7949981689453,144.7949981689453,1580.0
2025-11-20T17:25:00Z,144.6699981689453,144.6699981689453,144.63499450683594,144.63499450683594,144.63499450683594,679.0
2025-11-20T17:26:00Z,144.7100067138672,144.7899932861328,144.7100067138672,144.7899932861328,144.7899932861328,856.0
2025-11-20T17:27:00Z,144.99000549316406,144.99000549316406,144.8300018310547,144.8300018310547,144.8300018310547,1134.0
2025-11-20T17:28:00Z,144.8800048828125,144.8800048828125,144.77999877929688,144.77999877929688,144.77999877929688,827.0
2025-11-20T17:29:00Z,144.75999450683594,144.8350067138672,144.69000244140625,144.7449951171875,144.7449951171875,3529.0
2025-11-20T17:30:00Z,144.76499938964844,144.76499938964844,144.76499938964844,144.76499938964844,144.76499938964844,157.0
2025-11-20T17:31:00Z,144.76499938964844,144.76499938964844,144.6199951171875,144.6199951171875,144.6199951171875,1459.0
2025-11-20T17:32:00Z,144.69000244140625,144.75999450683594,144.67999267578125,144.6999969482422,144.6999969482422,2013.0
2025-11-20T17:33:00Z,144.5800018310547,144.64500427246094,144.47999572753906,144.48500061035156,144.48500061035156,2556.0
2025-11-20T17:34:00Z,144.4550018310547,144.61000061035156,144.44000244140625,144.50999450683594,144.50999450683594,4191.0
2025-11-20T17:35:00Z,144.5,144.5,144.3699951171875,144.3699951171875,144.3699951171875,2098.0
2025-11-20T17:36:00Z,144.33999633789062,144.33999633789062,144.17999267578125,144.2100067138672,144.2100067138672,3490.0
2025-11-20T17:37:00Z,144.2899932861328,144.375,144.2899932861328,144.375,144.375,1175.0
2025-11-20T17:38:00Z,144.2100067138672,144.5,144.2100067138672,144.5,144.5,2482.0
2025-11-20T17:39:00Z,144.5800018310547,144.67999267578125,144.5800018310547,144.66400146484375,144.66400146484375,1243.0
2025-11-20T17:40:00Z,144.6699981689453,144.69000244140625,144.5399932861328,144.5399932861328,144.5399932861328,3546.0
2025-11-20T17:42:00Z,144.49000549316406,144.552001953125,144.42999267578125,144.552001953125,144.552001953125,1806.0
2025-11-20T17:43:00Z,144.4199981689453,144.4199981689453,144.33999633789062,144.33999633789062,144.33999633789062,1794.0
2025-11-20T17:44:00Z,144.3300018310547,144.3300018310547,144.2100067138672,144.30999755859375,144.30999755859375,1845.0
2025-11-20T17:45:00Z,144.35299682617188,144.35299682617188,144.35299682617188,144.35299682617188,144.35299682617188,874.0
2025-11-20T17:46:00Z,144.1699981689453,144.1699981689453,144.1699981689453,144.1699981689453,144.1699981689453,1067.0
2025-11-20T17:47:00Z,144.39999389648438,144.39999389648438,144.17999267578125,144.21499633789062,144.21499633789062,2220.0
2025-11-20T17:48:00Z,144.22000122070312,144.22000122070312,144.00999450683594,144.0399932861328,144.0399932861328,2294.0
2025-11-20T17:49:00Z,144.0500030517578,144.0500030517578,144.0500030517578,144.0500030517578,144.0500030517578,778.0
2025-11-20T17:50:00Z,144.0800018310547,144.0800018310547,143.97999572753906,144.01510620117188,144.01510620117188,1424.0
2025-11-20T17:51:00Z,144.13999938964844,144.1999969482422,144.09500122070312,144.09500122070312,144.09500122070312,2212.0
2025-11-20T17:53:00Z,144.05999755859375,144.2100067138672,144.00999450683594,144.09750366210938,144.09750366210938,2408.0
2025-11-20T17:54:00Z,144.10499572753906,144.30999755859375,144.10499572753906,144.1999969482422,144.1999969482422,1375.0
2025-11-20T17:55:00Z,144.1999969482422,144.1999969482422,144.19000244140625,144.19000244140625,144.19000244140625,557.0
2025-11-20T17:56:00Z,144.30999755859375,144.30999755859375,144.0800018310547,144.17999267578125,144.17999267578125,2863.0
2025-11-20T17:57:00Z,144.02000427246094,144.05999755859375,144.0050048828125,144.0050048828125,144.0050048828125,1581.0
2025-11-20T17:58:00Z,144.01499938964844,144.16000366210938,144.01499938964844,144.14999389648438,144.14999389648438,2348.0
2025-11-20T17:59:00Z,144.30999755859375,144.32000732421875,144.30999755859375,144.30999755859375,144.30999755859375,1024.0
2025-11-20T18:00:00Z,144.2100067138672,144.52999877929688,144.2100067138672,144.52999877929688,144.52999877929688,2070.0
2025-11-20T18:01:00Z,144.61000061035156,144.67999267578125,144.47000122070312,144.64999389648438,144.64999389648438,1191.0
2025-11-20T18:02:00Z,144.59500122070312,144.6925048828125,144.55999755859375,144.6925048828125,144.6925048828125,1578.0
2025-11-20T18:03:00Z,144.7899932861328,144.7899932861328,144.66000366210938,144.66000366210938,144.66000366210938,1279.0
2025-11-20T18:04:00Z,144.6999969482422,144.8300018310547,144.6999969482422,144.6999969482422,144.6999969482422,1268.0
2025-11-20T18:05:00Z,144.7899932861328,144.82000732421875,144.6999969482422,144.6999969482422,144.6999969482422,496.0
2025-11-20T18:06:00Z,144.8300018310547,145.0399932861328,144.8300018310547,145.0399932861328,145.0399932861328,3238.0
2025-11-20T18:07:00Z,145.00999450683594,145.13999938964844,145.00999450683594,145.1199951171875,145.1199951171875,807.0
2025-11-20T18:08:00Z,145.08999633789062,145.13999938964844,145.08999633789062,145.13999938964844,145.13999938964844,950.0
2025-11-20T18:09:00Z,145.10499572753906,145.10499572753906,145.02499389648438,145.0850067138672,145.0850067138672,1891.0
2025-11-20T18:10:00Z,145.1699981689453,145.1699981689453,144.91000366210938,144.91000366210938,144.91000366210938,3843.0
2025-11-20T18:12:00Z,145.17999267578125,145.19000244140625,145.17999267578125,145.19000244140625,145.19000244140625,2360.0
2025-11-20T18:13:00Z,145.23500061035156,145.23500061035156,145.23500061035156,145.23500061035156,145.23500061035156,1050.0
2025-11-20T18:14:00Z,145.3699951171875,145.48800659179688,145.3699951171875,145.48800659179688,145.48800659179688,1230.0
2025-11-20T18:15:00Z,145.5500030517578,145.5500030517578,145.5500030517578,145.5500030517578,145.5500030517578,398.0
2025-11-20T18:16:00Z,145.3699951171875,145.3699951171875,145.24000549316406,145.27999877929688,145.27999877929688,3250.0
2025-11-20T18:18:00Z,145.10000610351562,145.14999389648438,145.02999877929688,145.14999389648438,145.14999389648438,2346.0
2025-11-20T18:19:00Z,145.13999938964844,145.14999389648438,145.1300048828125,145.14999389648438,145.14999389648438,1474.0
2025-11-20T18:20:00Z,145.17999267578125,145.25,145.11000061035156,145.11000061035156,145.11000061035156,2502.0
2025-11-20T18:21:00Z,145.10000610351562,145.10000610351562,145.02499389648438,145.02499389648438,145.02499389648438,1304.0
2025-11-20T18:22:00Z,144.97500610351562,145.00999450683594,144.97500610351562,145.00999450683594,145.00999450683594,699.0
2025-11-20T18:23:00Z,144.94000244140625,145.02999877929688,144.92999267578125,145.02999877929688,145.02999877929688,1038.0
2025-11-20T18:24:00Z,145.11000061035156,145.11000061035156,144.97000122070312,144.97000122070312,144.97000122070312,1596.0
2025-11-20T18:25:00Z,144.9600067138672,144.9600067138672,144.9600067138672,144.9600067138672,144.9600067138672,379.0
2025-11-20T18:26:00Z,144.89999389648438,144.89999389648438,144.89999389648438,144.89999389648438,144.89999389648438,713.0
2025-11-20T18:27:00Z,144.85000610351562,144.9499969482422,144.8300018310547,144.9499969482422,144.9499969482422,2836.0
2025-11-20T18:28:00Z,144.9499969482422,144.9499969482422,144.9499969482422,144.9499969482422,144.9499969482422,493.0
2025-11-20T18:29:00Z,145.02999877929688,145.02999877929688,145.02999877929688,145.02999877929688,145.02999877929688,256.0
2025-11-20T18:30:00Z,144.9199981689453,144.9199981689453,144.8800048828125,144.88250732421875,144.88250732421875,1013.0
2025-11-20T18:31:00Z,145.02000427246094,145.02000427246094,144.96499633789062,144.96499633789062,144.96499633789062,655.0
2025-11-20T18:32:00Z,144.9199981689453,144.92999267578125,144.75999450683594,144.7899932861328,144.7899932861328,2377.0
2025-11-20T18:33:00Z,144.7449951171875,144.7449951171875,144.7449951171875,144.7449951171875,144.7449951171875,549.0
2025-11-20T18:34:00Z,144.83999633789062,144.83999633789062,144.83999633789062,144.83999633789062,144.83999633789062,213.0
2025-11-20T18:35:00Z,144.80499267578125,144.80499267578125,144.80499267578125,144.80499267578125,144.80499267578125,1584.0
2025-11-20T18:36:00Z,144.72999572753906,144.72999572753906,144.60000610351562,144.60000610351562,144.60000610351562,1466.0
2025-11-20T18:37:00Z,144.5800018310547,144.64999389648438,144.5800018310547,144.6475067138672,144.6475067138672,2180.0
2025-11-20T18:38:00Z,144.5800018310547,144.5800018310547,144.4499969482422,144.4499969482422,144.4499969482422,1661.0
2025-11-20T18:39:00Z,144.42999267578125,144.42999267578125,144.42999267578125,144.42999267578125,144.42999267578125,157.0
2025-11-20T18:40:00Z,144.42999267578125,144.42999267578125,144.36000061035156,144.36000061035156,144.36000061035156,1707.0
2025-11-20T18:41:00Z,144.38999938964844,144.4199981689453,144.38999938964844,144.4199981689453,144.4199981689453,1262.0
2025-11-20T18:42:00Z,144.30999755859375,144.32000732421875,144.25999450683594,144.25999450683594,144.25999450683594,1676.0
2025-11-20T18:43:00Z,144.31500244140625,144.31500244140625,144.2899932861328,144.2899932861328,144.2899932861328,1560.0
2025-11-20T18:44:00Z,144.3800048828125,144.3800048828125,144.3800048828125,144.3800048828125,144.3800048828125,848.0
2025-11-20T18:45:00Z,144.33999633789062,144.33999633789062,144.33999633789062,144.33999633789062,144.33999633789062,574.0
2025-11-20T18:46:00Z,144.4199981689453,144.4199981689453,144.27000427246094,144.3699951171875,144.3699951171875,994.0
2025-11-20T18:47:00Z,144.3699951171875,144.42999267578125,144.3699951171875,144.42999267578125,144.42999267578125,3495.0
2025-11-20T18:48:00Z,144.4550018310547,144.4550018310547,144.44000244140625,144.44000244140625,144.44000244140625,571.0
2025-11-20T18:49:00Z,144.5399932861328,144.5399932861328,144.27999877929688,144.27999877929688,144.27999877929688,2903.0
2025-11-20T18:50:00Z,144.2899932861328,144.2899932861328,144.10000610351562,144.1300048828125,144.1300048828125,3176.0
2025-11-20T18:51:00Z,144.10000610351562,144.1300048828125,144.0399932861328,144.1300048828125,144.1300048828125,3316.0
2025-11-20T18:53:00Z,144.00999450683594,144.00999450683594,144.00999450683594,144.00999450683594,144.00999450683594,393.0
2025-11-20T18:54:00Z,143.97000122070312,144.0399932861328,143.97000122070312,144.0399932861328,144.0399932861328,1514.0
2025-11-20T18:55:00Z,143.9600067138672,144.0,143.9499969482422,144.0,144.0,2230.0
2025-11-20T18:56:00Z,143.9949951171875,143.9949951171875,143.9499969482422,143.9499969482422,143.9499969482422,1278.0
2025-11-20T18:57:00Z,144.0399932861328,144.0500030517578,144.02000427246094,144.02000427246094,144.02000427246094,2473.0
2025-11-20T18:58:00Z,144.1199951171875,144.1199951171875,144.1199951171875,144.1199951171875,144.1199951171875,296.0
2025-11-20T18:59:00Z,144.1199951171875,144.1199951171875,144.0399932861328,144.0399932861328,144.0399932861328,2027.0
2025-11-20T19:00:00Z,144.02000427246094,144.02000427246094,144.02000427246094,144.02000427246094,144.02000427246094,1239.0
2025-11-20T19:01:00Z,144.2100067138672,144.2100067138672,144.1699981689453,144.1699981689453,144.1699981689453,1081.0
2025-11-20T19:02:00Z,144.1269989013672,144.1269989013672,144.1269989013672,144.1269989013672,144.1269989013672,299.0
2025-11-20T19:03:00Z,144.25999450683594,144.27000427246094,144.1199951171875,144.27000427246094,144.27000427246094,1219.0
2025-11-20T19:04:00Z,144.17999267578125,144.19000244140625,144.143798828125,144.143798828125,144.143798828125,1624.0
2025-11-20T19:05:00Z,144.1300048828125,144.23809814453125,144.1199951171875,144.23809814453125,144.23809814453125,1756.0
2025-11-20T19:06:00Z,144.21499633789062,144.22500610351562,144.21499633789062,144.22500610351562,144.22500610351562,1250.0
2025-11-20T19:07:00Z,144.22500610351562,144.22500610351562,144.22500610351562,144.22500610351562,144.22500610351562,391.0
2025-11-20T19:08:00Z,144.22500610351562,144.22500610351562,144.1199951171875,144.1199951171875,144.1199951171875,1937.0
2025-11-20T19:09:00Z,144.32000732421875,144.38999938964844,144.32000732421875,144.38999938964844,144.38999938964844,1772.0
2025-11-20T19:10:00Z,144.52000427246094,144.52000427246094,144.47000122070312,144.47000122070312,144.47000122070312,1534.0
2025-11-20T19:11:00Z,144.5,144.5,144.5,144.5,144.5,716.0
2025-11-20T19:12:00Z,144.5500030517578,144.5500030517578,144.47000122070312,144.47000122070312,144.47000122070312,2104.0
2025-11-20T19:13:00Z,144.6300048828125,144.6300048828125,144.55999755859375,144.57000732421875,144.57000732421875,2464.0
2025-11-20T19:14:00Z,144.4949951171875,144.4949951171875,144.4949951171875,144.4949951171875,144.4949951171875,1080.0
2025-11-20T19:15:00Z,144.38999938964844,144.38999938964844,144.3699951171875,144.3699951171875,144.3699951171875,2302.0
2025-11-20T19:17:00Z,144.4149932861328,144.75,144.4149932861328,144.75,144.75,1563.0
2025-11-20T19:18:00Z,144.88999938964844,144.9499969482422,144.75999450683594,144.75999450683594,144.75999450683594,2841.0
2025-11-20T19:19:00Z,144.7100067138672,144.7100067138672,144.7100067138672,144.7100067138672,144.7100067138672,673.0
2025-11-20T19:20:00Z,144.82000732421875,144.8751983642578,144.82000732421875,144.8751983642578,144.8751983642578,1626.0
2025-11-20T19:22:00Z,144.89999389648438,144.97999572753906,144.86500549316406,144.97999572753906,144.97999572753906,826.0
2025-11-20T19:23:00Z,144.80999755859375,144.9199981689453,144.77000427246094,144.83999633789062,144.83999633789062,2138.0
2025-11-20T19:24:00Z,144.86000061035156,144.86000061035156,144.61000061035156,144.61000061035156,144.61000061035156,3743.0
2025-11-20T19:25:00Z,144.63999938964844,144.8000030517578,144.63999938964844,144.8000030517578,144.8000030517578,2695.0
2025-11-20T19:26:00Z,144.7949981689453,144.7949981689453,144.71499633789062,144.71499633789062,144.71499633789062,1410.0
2025-11-20T19:27:00Z,144.89999389648438,144.89999389648438,144.89999389648438,144.89999389648438,144.89999389648438,427.0
2025-11-20T19:28:00Z,144.9199981689453,144.9199981689453,144.89999389648438,144.89999389648438,144.89999389648438,972.0
2025-11-20T19:29:00Z,144.9600067138672,144.9600067138672,144.9600067138672,144.9600067138672,144.9600067138672,511.0
2025-11-20T19:30:00Z,144.94000244140625,144.94000244140625,144.82000732421875,144.82000732421875,144.82000732421875,2597.0
2025-11-20T19:31:00Z,144.88999938964844,144.9250030517578,144.83999633789062,144.9250030517578,144.9250030517578,2744.0
2025-11-20T19:32:00Z,144.8699951171875,144.8699951171875,144.8000030517578,144.8000030517578,144.8000030517578,1232.0
2025-11-20T19:34:00Z,144.77000427246094,144.77000427246094,144.75999450683594,144.75999450683594,144.75999450683594,1508.0
2025-11-20T19:35:00Z,144.91000366210938,144.9199981689453,144.91000366210938,144.9199981689453,144.9199981689453,980.0
2025-11-20T19:36:00Z,144.88499450683594,144.88499450683594,144.88499450683594,144.88499450683594,144.88499450683594,834.0
2025-11-20T19:37:00Z,144.9499969482422,144.97999572753906,144.93499755859375,144.93499755859375,144.93499755859375,1466.0
2025-11-20T19:38:00Z,144.83999633789062,144.8699951171875,144.77000427246094,144.8249969482422,144.8249969482422,2997.0
2025-11-20T19:39:00Z,144.75999450683594,144.75999450683594,144.75999450683594,144.75999450683594,144.75999450683594,819.0
2025-11-20T19:40:00Z,144.75,144.8000030517578,144.75,144.8000030517578,144.8000030517578,4142.0
2025-11-20T19:41:00Z,144.78500366210938,144.80999755859375,144.72999572753906,144.80999755859375,144.80999755859375,9878.0
2025-11-20T19:42:00Z,144.85000610351562,144.97000122070312,144.8000030517578,144.97000122070312,144.97000122070312,11936.0
2025-11-20T19:43:00Z,144.8800048828125,144.96499633789062,144.85000610351562,144.88499450683594,144.88499450683594,1571.0
2025-11-20T19:44:00Z,144.97000122070312,144.99000549316406,144.97000122070312,144.99000549316406,144.99000549316406,1891.0
2025-11-20T19:45:00Z,144.96499633789062,144.96499633789062,144.77000427246094,144.77999877929688,144.77999877929688,3888.0
2025-11-20T19:46:00Z,144.75999450683594,144.75999450683594,144.66000366210938,144.66000366210938,144.66000366210938,1079.0
2025-11-20T19:47:00Z,144.75999450683594,144.8249969482422,144.75999450683594,144.8249969482422,144.8249969482422,1549.0
2025-11-20T19:48:00Z,144.85000610351562,144.85000610351562,144.80430603027344,144.80430603027344,144.80430603027344,921.0
2025-11-20T19:49:00Z,144.91000366210938,144.91000366210938,144.91000366210938,144.91000366210938,144.91000366210938,677.0
2025-11-20T19:50:00Z,144.8300018310547,145.00999450683594,144.8300018310547,145.00999450683594,145.00999450683594,2126.0
2025-11-20T19:51:00Z,145.0500030517578,145.0500030517578,144.8000030517578,144.86000061035156,144.86000061035156,3032.0
2025-11-20T19:52:00Z,144.80999755859375,144.86000061035156,144.80999755859375,144.83999633789062,144.83999633789062,1242.0
2025-11-20T19:53:00Z,144.8699951171875,144.8699951171875,144.73500061035156,144.77000427246094,144.77000427246094,4025.0
2025-11-20T19:54:00Z,144.86000061035156,144.92999267578125,144.85000610351562,144.85000610351562,144.85000610351562,1138.0
2025-11-20T19:55:00Z,144.97000122070312,145.1300048828125,144.97000122070312,145.1300048828125,145.1300048828125,1915.0
2025-11-20T19:56:00Z,145.05999755859375,145.05999755859375,145.03900146484375,145.03900146484375,145.03900146484375,695.0
2025-11-20T19:57:00Z,145.11000061035156,145.2449951171875,145.11000061035156,145.2449951171875,145.2449951171875,1404.0
2025-11-20T19:58:00Z,145.27000427246094,145.35000610351562,145.2449951171875,145.27000427246094,145.27000427246094,581.0
2025-11-20T19:59:00Z,145.25999450683594,145.44000244140625,145.24000549316406,145.36000061035156,145.36000061035156,2809.0
2025-11-20T20:00:00Z,145.3000030517578,145.3000030517578,145.1199951171875,145.1199951171875,145.1199951171875,3299.0
2025-11-20T20:01:00Z,145.08999633789062,145.08999633789062,144.97999572753906,145.00999450683594,145.00999450683594,3464.0
2025-11-20T20:02:00Z,144.99000549316406,145.02000427246094,144.94000244140625,144.94000244140625,144.94000244140625,2541.0
2025-11-20T20:03:00Z,144.89999389648438,144.94000244140625,144.89999389648438,144.94000244140625,144.94000244140625,1027.0
2025-11-20T20:04:00Z,144.97000122070312,144.97000122070312,144.97000122070312,144.97000122070312,144.97000122070312,453.0
2025-11-20T20:05:00Z,145.05999755859375,145.22000122070312,144.93499755859375,145.22000122070312,145.22000122070312,1842.0
2025-11-20T20:06:00Z,145.0800018310547,145.22000122070312,145.0800018310547,145.17999267578125,145.17999267578125,1405.0
2025-11-20T20:07:00Z,145.17999267578125,145.17999267578125,144.9600067138672,144.97500610351562,144.97500610351562,2818.0
2025-11-20T20:08:00Z,145.02000427246094,145.02000427246094,144.92999267578125,144.99270629882812,144.99270629882812,2128.0
2025-11-20T20:09:00Z,145.01499938964844,145.01499938964844,144.91000366210938,144.9600067138672,144.9600067138672,2833.0
2025-11-20T20:10:00Z,144.9600067138672,145.0,144.94500732421875,145.0,145.0,11983.0
2025-11-20T20:11:00Z,144.97999572753906,144.97999572753906,144.80999755859375,144.80999755859375,144.80999755859375,2326.0
2025-11-20T20:13:00Z,144.75999450683594,144.77000427246094,144.75999450683594,144.75999450683594,144.75999450683594,2762.0
2025-11-20T20:14:00Z,144.7899932861328,144.7899932861328,144.6999969482422,144.74000549316406,144.74000549316406,3357.0
2025-11-20T20:15:00Z,144.74000549316406,144.9499969482422,144.74000549316406,144.9499969482422,144.9499969482422,3320.0
2025-11-20T20:16:00Z,144.97500610351562,144.97500610351562,144.86000061035156,144.89500427246094,144.89500427246094,3784.0
2025-11-20T20:17:00Z,144.97999572753906,144.99000549316406,144.97999572753906,144.97999572753906,144.97999572753906,775.0
2025-11-20T20:18:00Z,144.97999572753906,145.02000427246094,144.97999572753906,145.00999450683594,145.00999450683594,3583.0
2025-11-20T20:19:00Z,145.07000732421875,145.14999389648438,145.02000427246094,145.11000061035156,145.11000061035156,10096.0
2025-11-20T20:20:00Z,145.11000061035156,145.19000244140625,145.10000610351562,145.17999267578125,145.17999267578125,2342.0
2025-11-20T20:21:00Z,145.22000122070312,145.2949981689453,145.22000122070312,145.2949981689453,145.2949981689453,2194.0
2025-11-20T20:22:00Z,145.3000030517578,145.3000030517578,145.3000030517578,145.3000030517578,145.3000030517578,1116.0
2025-11-20T20:23:00Z,145.1699981689453,145.1699981689453,145.11000061035156,145.11000061035156,145.11000061035156,5174.0
2025-11-20T20:24:00Z,145.0500030517578,145.0500030517578,144.99000549316406,145.02999877929688,145.02999877929688,1398.0
2025-11-20T20:25:00Z,145.05999755859375,145.05999755859375,144.9600067138672,145.0500030517578,145.0500030517578,1929.0
2025-11-20T20:26:00Z,145.03500366210938,145.03500366210938,144.92999267578125,144.92999267578125,144.92999267578125,3198.0
2025-11-20T20:27:00Z,144.99000549316406,145.10000610351562,144.97999572753906,145.07000732421875,145.07000732421875,3041.0
2025-11-20T20:28:00Z,145.02000427246094,145.15899658203125,145.02000427246094,145.15899658203125,145.15899658203125,2745.0
2025-11-20T20:29:00Z,145.11000061035156,145.1699981689453,145.0800018310547,145.13999938964844,145.13999938964844,8330.0
2025-11-20T20:30:00Z,145.17999267578125,145.25,145.1699981689453,145.2100067138672,145.2100067138672,3004.0
2025-11-20T20:31:00Z,145.17999267578125,145.22000122070312,145.11000061035156,145.1699981689453,145.1699981689453,3586.0
2025-11-20T20:32:00Z,145.1699981689453,145.1699981689453,145.08999633789062,145.13499450683594,145.13499450683594,3803.0
2025-11-20T20:33:00Z,145.19000244140625,145.2100067138672,145.02000427246094,145.02000427246094,145.02000427246094,7177.0
2025-11-20T20:34:00Z,145.02999877929688,145.07000732421875,144.99000549316406,145.07000732421875,145.07000732421875,3357.0
2025-11-20T20:35:00Z,145.02499389648438,145.02499389648438,144.9199981689453,144.97000122070312,144.97000122070312,5074.0
2025-11-20T20:36:00Z,144.99000549316406,145.11000061035156,144.99000549316406,145.0500030517578,145.0500030517578,2428.0
2025-11-20T20:37:00Z,145.1300048828125,145.1300048828125,145.0,145.02499389648438,145.02499389648438,4587.0
2025-11-20T20:38:00Z,145.02000427246094,145.02499389648438,144.99000549316406,145.02499389648438,145.02499389648438,1726.0
2025-11-20T20:39:00Z,145.02499389648438,145.02499389648438,144.97999572753906,145.0,145.0,6131.0
2025-11-20T20:40:00Z,145.0,145.05999755859375,144.80999755859375,144.8249969482422,144.8249969482422,14402.0
2025-11-20T20:41:00Z,144.81500244140625,144.9199981689453,144.8000030517578,144.88999938964844,144.88999938964844,6733.0
2025-11-20T20:42:00Z,144.88999938964844,144.9600067138672,144.8459930419922,144.89500427246094,144.89500427246094,5957.0
2025-11-20T20:43:00Z,144.89500427246094,145.02000427246094,144.88999938964844,144.88999938964844,144.88999938964844,5524.0
2025-11-20T20:44:00Z,144.93499755859375,145.02999877929688,144.91000366210938,145.02999877929688,145.02999877929688,3723.0
2025-11-20T20:45:00Z,145.02999877929688,145.08999633789062,145.02999877929688,145.0800018310547,145.0800018310547,7777.0
2025-11-20T20:46:00Z,145.0449981689453,145.0800018310547,144.97999572753906,145.0800018310547,145.0800018310547,8522.0
2025-11-20T20:47:00Z,145.10000610351562,145.125,145.0399932861328,145.0399932861328,145.0399932861328,8048.0
2025-11-20T20:48:00Z,145.05999755859375,145.1199951171875,145.0399932861328,145.0399932861328,145.0399932861328,7625.0
2025-11-20T20:49:00Z,145.02000427246094,145.08999633789062,144.99000549316406,145.0399932861328,145.0399932861328,8206.0
2025-11-20T20:50:00Z,145.10000610351562,145.25,145.0399932861328,145.2050018310547,145.2050018310547,14040.0
2025-11-20T20:51:00Z,145.19000244140625,145.19000244140625,145.05999755859375,145.05999755859375,145.05999755859375,10830.0
2025-11-20T20:52:00Z,145.0850067138672,145.0850067138672,144.97999572753906,145.00999450683594,145.00999450683594,14262.0
2025-11-20T20:53:00Z,145.00999450683594,145.05999755859375,144.9499969482422,145.04249572753906,145.04249572753906,10973.0
2025-11-20T20:54:00Z,145.05999755859375,145.10000610351562,145.02999877929688,145.0800018310547,145.0800018310547,23790.0
2025-11-20T20:55:00Z,145.07899475097656,145.4149932861328,144.92999267578125,145.2449951171875,145.2449951171875,25789.0
2025-11-20T20:56:00Z,145.22000122070312,145.27699279785156,145.1649932861328,145.1649932861328,145.1649932861328,26369.0
2025-11-20T20:57:00Z,145.1699981689453,145.27999877929688,145.1649932861328,145.19000244140625,145.19000244140625,35849.0
2025-11-20T20:58:00Z,145.16000366210938,145.18899536132812,145.10499572753906,145.1699981689453,145.1699981689453,36850.0
2025-11-20T20:59:00Z,145.1699981689453,145.1699981689453,145.02999877929688,145.0574951171875,145.0574951171875,59535.0
2025-11-21T14:30:00Z,144.47000122070312,145.375,144.47000122070312,144.64500427246094,144.64500427246094,89474.0
2025-11-21T14:31:00Z,144.64500427246094,144.64500427246094,144.64500427246094,144.64500427246094,144.64500427246094,3049.0
2025-11-21T14:32:00Z,145.0,145.41000366210938,144.9499969482422,145.05499267578125,145.05499267578125,1665.0
2025-11-21T14:35:00Z,145.88999938964844,145.91000366210938,145.67999267578125,145.67999267578125,145.67999267578125,2430.0
2025-11-21T14:36:00Z,145.63999938964844,146.1300048828125,145.55999755859375,146.1300048828125,146.1300048828125,2577.0
2025-11-21T14:37:00Z,146.10000610351562,146.36000061035156,146.10000610351562,146.36000061035156,146.36000061035156,1328.0
2025-11-21T14:39:00Z,146.3300018310547,146.36000061035156,145.94000244140625,145.97999572753906,145.97999572753906,15305.0
2025-11-21T14:40:00Z,145.92999267578125,145.92999267578125,145.8300018310547,145.8300018310547,145.8300018310547,1149.0
2025-11-21T14:41:00Z,145.99000549316406,145.99000549316406,145.99000549316406,145.99000549316406,145.99000549316406,612.0
2025-11-21T14:42:00Z,145.97999572753906,146.0399932861328,145.80999755859375,145.91000366210938,145.91000366210938,4725.0
2025-11-21T14:43:00Z,146.0399932861328,146.0399932861328,145.9199981689453,145.9199981689453,145.9199981689453,1787.0
2025-11-21T14:44:00Z,145.86000061035156,146.1199951171875,145.86000061035156,146.0800018310547,146.0800018310547,6088.0
2025-11-21T14:45:00Z,146.1300048828125,146.27000427246094,146.09500122070312,146.27000427246094,146.27000427246094,2509.0
2025-11-21T14:46:00Z,146.27999877929688,146.36000061035156,146.0800018310547,146.21499633789062,146.21499633789062,5922.0
2025-11-21T14:47:00Z,146.2550048828125,146.25999450683594,145.97999572753906,146.22999572753906,146.22999572753906,28090.0
2025-11-21T14:48:00Z,146.47999572753906,146.82000732421875,146.47000122070312,146.51499938964844,146.51499938964844,3539.0
2025-11-21T14:49:00Z,146.52000427246094,146.52000427246094,146.30999755859375,146.42999267578125,146.42999267578125,905.0
2025-11-21T14:50:00Z,146.38499450683594,146.5,146.31500244140625,146.47000122070312,146.47000122070312,3665.0
2025-11-21T14:51:00Z,146.3800048828125,146.3800048828125,146.27499389648438,146.27499389648438,146.27499389648438,2055.0
2025-11-21T14:52:00Z,146.1999969482422,146.47999572753906,146.1649932861328,146.36000061035156,146.36000061035156,5935.0
2025-11-21T14:53:00Z,146.36000061035156,146.36000061035156,146.36000061035156,146.36000061035156,146.36000061035156,573.0
2025-11-21T14:54:00Z,146.35499572753906,146.55999755859375,146.35499572753906,146.4199981689453,146.4199981689453,8882.0
2025-11-21T14:55:00Z,146.50999450683594,146.7899932861328,146.50999450683594,146.67999267578125,146.67999267578125,7854.0
2025-11-21T14:56:00Z,146.63999938964844,146.8199005126953,146.6300048828125,146.7100067138672,146.7100067138672,2120.0
2025-11-21T14:57:00Z,146.7100067138672,146.9199981689453,146.7100067138672,146.74000549316406,146.74000549316406,2390.0
2025-11-21T14:58:00Z,146.89999389648438,147.1300048828125,146.89999389648438,147.1300048828125,147.1300048828125,2761.0
2025-11-21T14:59:00Z,147.05999755859375,147.10000610351562,146.85000610351562,146.85000610351562,146.85000610351562,5578.0
2025-11-21T15:00:00Z,147.0,147.25999450683594,146.87010192871094,147.11000061035156,147.11000061035156,1460.0
2025-11-21T15:01:00Z,147.10000610351562,147.24000549316406,147.08999633789062,147.1699981689453,147.1699981689453,2328.0
2025-11-21T15:02:00Z,147.1074981689453,147.1074981689453,146.88999938964844,146.97999572753906,146.97999572753906,2984.0
2025-11-21T15:03:00Z,147.10000610351562,147.13999938964844,146.92750549316406,147.13999938964844,147.13999938964844,1289.0
2025-11-21T15:04:00Z,146.94000244140625,147.00999450683594,146.8300018310547,146.88999938964844,146.88999938964844,1689.0
2025-11-21T15:05:00Z,147.0500030517578,147.05999755859375,146.8300018310547,147.0500030517578,147.0500030517578,1630.0
2025-11-21T15:06:00Z,146.97000122070312,147.1300048828125,146.91000366210938,146.99000549316406,146.99000549316406,1795.0
2025-11-21T15:07:00Z,146.9949951171875,147.00999450683594,146.6300048828125,146.847900390625,146.847900390625,10979.0
2025-11-21T15:08:00Z,146.875,146.875,146.64500427246094,146.86000061035156,146.86000061035156,3100.0
2025-11-21T15:09:00Z,146.7899932861328,147.2100067138672,146.71499633789062,147.1999969482422,147.1999969482422,2504.0
2025-11-21T15:10:00Z,147.07000732421875,147.44000244140625,147.07000732421875,147.39999389648438,147.39999389648438,4782.0
2025-11-21T15:11:00Z,147.42999267578125,147.44000244140625,147.1699981689453,147.36000061035156,147.36000061035156,5030.0
2025-11-21T15:12:00Z,147.10299682617188,147.19000244140625,146.9600067138672,147.14999389648438,147.14999389648438,3853.0
2025-11-21T15:13:00Z,147.2899932861328,147.2899932861328,146.97999572753906,147.04010009765625,147.04010009765625,5673.0
2025-11-21T15:14:00Z,147.0399932861328,147.05999755859375,146.9600067138672,147.05999755859375,147.05999755859375,2371.0
2025-11-21T15:15:00Z,147.22999572753906,147.27999877929688,147.18499755859375,147.27999877929688,147.27999877929688,2277.0
2025-11-21T15:16:00Z,147.35000610351562,147.41000366210938,147.32000732421875,147.32000732421875,147.32000732421875,1837.0
2025-11-21T15:17:00Z,147.3800048828125,147.4499969482422,147.3800048828125,147.4499969482422,147.4499969482422,888.0
2025-11-21T15:18:00Z,147.33999633789062,147.4499969482422,147.2949981689453,147.38999938964844,147.38999938964844,4063.0
2025-11-21T15:19:00Z,147.36500549316406,147.3699951171875,147.22000122070312,147.32000732421875,147.32000732421875,3253.0
2025-11-21T15:20:00Z,147.28500366210938,147.33999633789062,147.0,147.0800018310547,147.0800018310547,6215.0
2025-11-21T15:21:00Z,147.0449981689453,147.13999938964844,146.96499633789062,147.13999938964844,147.13999938964844,1837.0
2025-11-21T15:22:00Z,147.2899932861328,147.5800018310547,147.1199951171875,147.44000244140625,147.44000244140625,4884.0
2025-11-21T15:23:00Z,147.4199981689453,147.57000732421875,147.13999938964844,147.3699951171875,147.3699951171875,6862.0
2025-11-21T15:24:00Z,147.3800048828125,147.5500030517578,147.17999267578125,147.5500030517578,147.5500030517578,3719.0
2025-11-21T15:25:00Z,147.57000732421875,147.83999633789062,147.5399932861328,147.7100067138672,147.7100067138672,2494.0
2025-11-21T15:26:00Z,147.69000244140625,147.69000244140625,147.69000244140625,147.69000244140625,147.69000244140625,424.0
2025-11-21T15:27:00Z,147.61000061035156,147.77999877929688,147.47000122070312,147.5800018310547,147.5800018310547,7144.0
2025-11-21T15:28:00Z,147.5449981689453,147.7100067138672,147.3249969482422,147.7100067138672,147.7100067138672,5478.0
2025-11-21T15:29:00Z,147.5749969482422,147.7100067138672,147.47999572753906,147.64999389648438,147.64999389648438,4715.0
2025-11-21T15:30:00Z,147.60000610351562,148.08999633789062,147.56500244140625,148.0749969482422,148.0749969482422,12049.0
2025-11-21T15:31:00Z,148.1199951171875,148.2100067138672,148.02000427246094,148.2100067138672,148.2100067138672,4963.0
2025-11-21T15:32:00Z,148.00999450683594,148.2100067138672,147.92999267578125,147.94500732421875,147.94500732421875,3347.0
2025-11-21T15:33:00Z,147.99000549316406,148.22500610351562,147.99000549316406,148.16000366210938,148.16000366210938,2699.0
2025-11-21T15:34:00Z,148.08999633789062,148.08999633789062,147.9199981689453,147.9199981689453,147.9199981689453,2698.0
2025-11-21T15:35:00Z,147.94500732421875,147.94500732421875,147.94500732421875,147.94500732421875,147.94500732421875,2082.0
2025-11-21T15:36:00Z,147.85000610351562,147.85000610351562,147.83999633789062,147.83999633789062,147.83999633789062,2812.0
2025-11-21T15:37:00Z,147.77000427246094,147.9499969482422,147.7100067138672,147.9199981689453,147.9199981689453,3261.0
2025-11-21T15:38:00Z,148.02000427246094,148.22000122070312,147.93499755859375,148.22000122070312,148.22000122070312,6943.0
2025-11-21T15:39:00Z,148.2100067138672,148.3800048828125,148.1300048828125,148.3249969482422,148.3249969482422,4122.0
2025-11-21T15:40:00Z,148.3249969482422,148.60000610351562,148.25999450683594,148.3800048828125,148.3800048828125,8293.0
2025-11-21T15:41:00Z,148.4199981689453,148.47500610351562,148.25,148.3800048828125,148.3800048828125,11049.0
2025-11-21T15:42:00Z,148.2899932861328,148.2899932861328,148.0574951171875,148.05999755859375,148.05999755859375,4346.0
2025-11-21T15:43:00Z,148.14999389648438,148.16000366210938,147.9499969482422,147.9600067138672,147.9600067138672,4140.0
2025-11-21T15:44:00Z,147.98500061035156,148.14999389648438,147.97000122070312,148.02000427246094,148.02000427246094,3879.0
2025-11-21T15:45:00Z,148.0399932861328,148.14999389648438,148.0399932861328,148.14999389648438,148.14999389648438,779.0
2025-11-21T15:46:00Z,148.07000732421875,148.2550048828125,147.9199981689453,148.02499389648438,148.02499389648438,14671.0
2025-11-21T15:47:00Z,148.02499389648438,148.2050018310547,148.02499389648438,148.2050018310547,148.2050018310547,6448.0
2025-11-21T15:48:00Z,148.19000244140625,148.19000244140625,147.91000366210938,148.10000610351562,148.10000610351562,3488.0
2025-11-21T15:49:00Z,148.0500030517578,148.33999633789062,148.0500030517578,148.19500732421875,148.19500732421875,1983.0
2025-11-21T15:51:00Z,148.13999938964844,148.13999938964844,148.08999633789062,148.13999938964844,148.13999938964844,6276.0
2025-11-21T15:52:00Z,148.14999389648438,148.35000610351562,148.14999389648438,148.22000122070312,148.22000122070312,6938.0
2025-11-21T15:53:00Z,148.22000122070312,148.3000030517578,148.1999969482422,148.1999969482422,148.1999969482422,3043.0
2025-11-21T15:54:00Z,148.2050018310547,148.3000030517578,148.2050018310547,148.25999450683594,148.25999450683594,4025.0
2025-11-21T15:55:00Z,148.25,148.4600067138672,148.24000549316406,148.4600067138672,148.4600067138672,3575.0
2025-11-21T15:56:00Z,148.4499969482422,148.61500549316406,148.4499969482422,148.60000610351562,148.60000610351562,1778.0
2025-11-21T15:57:00Z,148.58999633789062,148.6300048828125,148.53500366210938,148.53500366210938,148.53500366210938,3669.0
2025-11-21T15:58:00Z,148.53500366210938,148.55999755859375,148.44000244140625,148.4499969482422,148.4499969482422,4037.0
2025-11-21T15:59:00Z,148.47500610351562,148.47500610351562,148.25999450683594,148.25999450683594,148.25999450683594,3295.0
2025-11-21T16:00:00Z,148.25999450683594,148.27499389648438,148.17999267578125,148.17999267578125,148.17999267578125,6529.0
2025-11-21T16:01:00Z,148.1699981689453,148.27999877929688,148.1199951171875,148.2050018310547,148.2050018310547,7175.0
2025-11-21T16:02:00Z,148.1300048828125,148.24000549316406,148.08999633789062,148.19000244140625,148.19000244140625,5769.0
2025-11-21T16:03:00Z,148.11000061035156,148.15499877929688,148.0800018310547,148.125,148.125,2817.0
2025-11-21T16:04:00Z,148.1300048828125,148.1300048828125,148.0500030517578,148.08999633789062,148.08999633789062,3259.0
2025-11-21T16:05:00Z,148.0500030517578,148.07000732421875,147.9199981689453,148.0050048828125,148.0050048828125,5564.0
2025-11-21T16:06:00Z,148.08999633789062,148.08999633789062,148.0399932861328,148.0399932861328,148.0399932861328,1714.0
2025-11-21T16:07:00Z,148.16000366210938,148.16000366210938,148.0399932861328,148.1300048828125,148.1300048828125,3681.0
2025-11-21T16:08:00Z,148.0800018310547,148.17999267578125,148.05499267578125,148.125,148.125,8582.0
2025-11-21T16:09:00Z,148.07000732421875,148.14999389648438,148.05999755859375,148.14999389648438,148.14999389648438,2014.0
2025-11-21T16:10:00Z,148.08999633789062,148.1699981689453,148.0500030517578,148.0500030517578,148.0500030517578,4755.0
2025-11-21T16:11:00Z,148.0749969482422,148.0749969482422,147.71499633789062,147.72500610351562,147.72500610351562,5924.0
2025-11-21T16:12:00Z,147.7274932861328,147.86000061035156,147.72500610351562,147.86000061035156,147.86000061035156,3093.0
2025-11-21T16:13:00Z,147.86000061035156,148.0399932861328,147.86000061035156,148.0,148.0,7907.0
2025-11-21T16:14:00Z,147.9499969482422,147.98500061035156,147.9499969482422,147.98500061035156,147.98500061035156,4034.0
2025-11-21T16:15:00Z,148.0500030517578,148.09750366210938,148.0449981689453,148.09750366210938,148.09750366210938,2245.0
2025-11-21T16:16:00Z,148.13999938964844,148.13999938964844,147.9499969482422,148.07000732421875,148.07000732421875,4903.0
2025-11-21T16:17:00Z,148.07000732421875,148.07000732421875,147.9949951171875,148.0399932861328,148.0399932861328,2305.0
2025-11-21T16:18:00Z,148.00999450683594,148.00999450683594,147.7449951171875,147.7449951171875,147.7449951171875,4855.0
2025-11-21T16:19:00Z,147.77999877929688,147.86000061035156,147.7449951171875,147.7449951171875,147.7449951171875,4297.0
2025-11-21T16:20:00Z,147.77999877929688,148.07000732421875,147.77999877929688,148.0050048828125,148.0050048828125,5112.0
2025-11-21T16:21:00Z,148.00250244140625,148.17999267578125,148.00250244140625,148.17999267578125,148.17999267578125,1501.0
2025-11-21T16:22:00Z,148.17999267578125,148.30999755859375,148.17999267578125,148.30499267578125,148.30499267578125,2584.0
2025-11-21T16:23:00Z,148.35499572753906,148.4949951171875,148.35499572753906,148.44500732421875,148.44500732421875,2997.0
2025-11-21T16:24:00Z,148.5,148.61500549316406,148.5,148.55499267578125,148.55499267578125,2852.0
2025-11-21T16:25:00Z,148.6300048828125,148.6898956298828,148.57000732421875,148.57000732421875,148.57000732421875,1726.0
2025-11-21T16:26:00Z,148.60499572753906,148.6699981689453,148.52999877929688,148.65499877929688,148.65499877929688,2726.0
2025-11-21T16:27:00Z,148.6999969482422,148.8800048828125,148.6999969482422,148.77000427246094,148.77000427246094,4240.0
2025-11-21T16:28:00Z,148.77000427246094,148.85000610351562,148.77000427246094,148.85000610351562,148.85000610351562,1267.0
2025-11-21T16:29:00Z,148.88999938964844,148.8975067138672,148.83999633789062,148.88499450683594,148.88499450683594,1841.0
2025-11-21T16:30:00Z,148.9600067138672,149.35000610351562,148.9600067138672,149.1699981689453,149.1699981689453,15052.0
2025-11-21T16:31:00Z,149.17250061035156,149.28770446777344,148.97999572753906,149.02499389648438,149.02499389648438,7605.0
2025-11-21T16:32:00Z,148.97000122070312,149.14500427246094,148.8249969482422,149.1134033203125,149.1134033203125,7044.0
2025-11-21T16:33:00Z,149.1750030517578,149.22999572753906,149.1699981689453,149.1699981689453,149.1699981689453,3850.0
2025-11-21T16:34:00Z,149.16000366210938,149.16000366210938,149.07000732421875,149.11000061035156,149.11000061035156,2213.0
2025-11-21T16:35:00Z,149.0399932861328,149.0749969482422,149.00999450683594,149.07000732421875,149.07000732421875,4283.0
2025-11-21T16:36:00Z,149.13999938964844,149.35000610351562,149.09500122070312,149.27499389648438,149.27499389648438,2800.0
2025-11-21T16:37:00Z,149.27999877929688,149.2899932861328,149.02999877929688,149.06500244140625,149.06500244140625,3540.0
2025-11-21T16:38:00Z,149.06500244140625,149.17999267578125,149.0399932861328,149.17999267578125,149.17999267578125,2338.0
2025-11-21T16:39:00Z,149.14999389648438,149.17999267578125,149.11000061035156,149.11000061035156,149.11000061035156,1183.0
2025-11-21T16:40:00Z,149.1199951171875,149.1199951171875,149.08999633789062,149.11500549316406,149.11500549316406,2383.0
2025-11-21T16:41:00Z,149.05999755859375,149.05999755859375,148.9600067138672,149.02999877929688,149.02999877929688,21318.0
2025-11-21T16:42:00Z,149.0800018310547,149.08999633789062,148.9600067138672,148.9600067138672,148.9600067138672,3341.0
2025-11-21T16:43:00Z,148.99000549316406,148.99000549316406,148.82000732421875,148.99000549316406,148.99000549316406,3018.0
2025-11-21T16:44:00Z,148.9499969482422,148.9499969482422,148.8699951171875,148.8699951171875,148.8699951171875,1261.0
2025-11-21T16:45:00Z,148.93499755859375,148.97000122070312,148.83999633789062,148.97000122070312,148.97000122070312,2892.0
2025-11-21T16:46:00Z,148.94500732421875,149.00999450683594,148.94500732421875,148.9499969482422,148.9499969482422,1965.0
2025-11-21T16:47:00Z,148.94500732421875,149.19000244140625,148.94500732421875,149.19000244140625,149.19000244140625,5616.0
2025-11-21T16:48:00Z,149.27000427246094,149.36000061035156,149.27000427246094,149.36000061035156,149.36000061035156,2488.0
2025-11-21T16:49:00Z,149.57000732421875,149.63900756835938,149.55499267578125,149.63900756835938,149.63900756835938,2438.0
2025-11-21T16:50:00Z,149.66000366210938,149.7550048828125,149.60000610351562,149.7449951171875,149.7449951171875,1762.0
2025-11-21T16:51:00Z,149.72999572753906,149.94000244140625,149.72999572753906,149.8800048828125,149.8800048828125,3426.0
2025-11-21T16:52:00Z,149.9600067138672,150.16000366210938,149.89999389648438,150.07000732421875,150.07000732421875,16782.0
2025-11-21T16:53:00Z,150.17999267578125,150.17999267578125,150.14999389648438,150.16000366210938,150.16000366210938,672.0
2025-11-21T16:54:00Z,150.1649932861328,150.27000427246094,150.06500244140625,150.0800018310547,150.0800018310547,23676.0
2025-11-21T16:55:00Z,150.0800018310547,150.0800018310547,150.0800018310547,150.0800018310547,150.0800018310547,2187.0
2025-11-21T16:56:00Z,150.0800018310547,150.4499969482422,150.0800018310547,150.4199981689453,150.4199981689453,8436.0
2025-11-21T16:57:00Z,150.55999755859375,150.66000366210938,150.52999877929688,150.60000610351562,150.60000610351562,3320.0
2025-11-21T16:58:00Z,150.6300048828125,150.75999450683594,150.6300048828125,150.75,150.75,1372.0
2025-11-21T16:59:00Z,150.75999450683594,150.91000366210938,150.7100067138672,150.80999755859375,150.80999755859375,2972.0
2025-11-21T17:00:00Z,150.72999572753906,150.80250549316406,150.58999633789062,150.58999633789062,150.58999633789062,4555.0
2025-11-21T17:01:00Z,150.63999938964844,150.77000427246094,150.61000061035156,150.61000061035156,150.61000061035156,2996.0
2025-11-21T17:02:00Z,150.64999389648438,150.64999389648438,150.52000427246094,150.60000610351562,150.60000610351562,1900.0
2025-11-21T17:03:00Z,150.67999267578125,150.67999267578125,150.3800048828125,150.44000244140625,150.44000244140625,3708.0
2025-11-21T17:04:00Z,150.52999877929688,150.65499877929688,150.52999877929688,150.65499877929688,150.65499877929688,2472.0
2025-11-21T17:05:00Z,150.6300048828125,150.6300048828125,150.625,150.625,150.625,575.0
2025-11-21T17:06:00Z,150.6300048828125,150.63499450683594,150.6300048828125,150.63499450683594,150.63499450683594,861.0
2025-11-21T17:07:00Z,150.63999938964844,150.8249969482422,150.60800170898438,150.69000244140625,150.69000244140625,2314.0
2025-11-21T17:08:00Z,151.0,151.03500366210938,150.99000549316406,150.99000549316406,150.99000549316406,3203.0
2025-11-21T17:09:00Z,151.0,151.07000732421875,150.9199981689453,150.92999267578125,150.92999267578125,7949.0
2025-11-21T17:10:00Z,150.91000366210938,151.0500030517578,150.91000366210938,151.0500030517578,151.0500030517578,3788.0
2025-11-21T17:11:00Z,151.0500030517578,151.1999969482422,151.0500030517578,151.18629455566406,151.18629455566406,3146.0
2025-11-21T17:12:00Z,151.3000030517578,151.36000061035156,151.22000122070312,151.28500366210938,151.28500366210938,7937.0
2025-11-21T17:13:00Z,151.2100067138672,151.2100067138672,151.00999450683594,151.1199951171875,151.1199951171875,6232.0
2025-11-21T17:14:00Z,151.16000366210938,151.1999969482422,151.16000366210938,151.1999969482422,151.1999969482422,2063.0
2025-11-21T17:15:00Z,151.1999969482422,151.2550048828125,151.14999389648438,151.2550048828125,151.2550048828125,4940.0
2025-11-21T17:16:00Z,151.2550048828125,151.2550048828125,151.07000732421875,151.13499450683594,151.13499450683594,9269.0
2025-11-21T17:17:00Z,151.0800018310547,151.18499755859375,151.0,151.0,151.0,4038.0
2025-11-21T17:18:00Z,151.0500030517578,151.0500030517578,151.02999877929688,151.02999877929688,151.02999877929688,2072.0
2025-11-21T17:19:00Z,150.94000244140625,151.02999877929688,150.89999389648438,150.92999267578125,150.92999267578125,2524.0
2025-11-21T17:20:00Z,150.88999938964844,150.89999389648438,150.85000610351562,150.8874969482422,150.8874969482422,2159.0
2025-11-21T17:21:00Z,150.92999267578125,150.92999267578125,150.48500061035156,150.48500061035156,150.48500061035156,5159.0
2025-11-21T17:22:00Z,150.50999450683594,150.60000610351562,150.48500061035156,150.60000610351562,150.60000610351562,1298.0
2025-11-21T17:23:00Z,150.5449981689453,150.5449981689453,150.5449981689453,150.5449981689453,150.5449981689453,958.0
2025-11-21T17:24:00Z,150.75,150.81500244140625,150.75,150.80999755859375,150.80999755859375,3857.0
2025-11-21T17:25:00Z,150.80999755859375,150.86000061035156,150.75,150.75,150.75,4829.0
2025-11-21T17:26:00Z,150.7899932861328,150.8249969482422,150.77000427246094,150.8249969482422,150.8249969482422,2077.0
2025-11-21T17:27:00Z,150.74000549316406,150.7550048828125,150.62939453125,150.7550048828125,150.7550048828125,2574.0
2025-11-21T17:28:00Z,150.72000122070312,150.74000549316406,150.67999267578125,150.67999267578125,150.67999267578125,1627.0
2025-11-21T17:29:00Z,150.74000549316406,150.81500244140625,150.72000122070312,150.81500244140625,150.81500244140625,2055.0
2025-11-21T17:30:00Z,150.7949981689453,150.9199981689453,150.75999450683594,150.89999389648438,150.89999389648438,3651.0
2025-11-21T17:31:00Z,150.9250030517578,150.9250030517578,150.9250030517578,150.9250030517578,150.9250030517578,1237.0
2025-11-21T17:32:00Z,150.86000061035156,150.99000549316406,150.8300018310547,150.99000549316406,150.99000549316406,2206.0
2025-11-21T17:33:00Z,150.89500427246094,151.0,150.89500427246094,150.9949951171875,150.9949951171875,2336.0
2025-11-21T17:34:00Z,151.05999755859375,151.19000244140625,150.88999938964844,150.98500061035156,150.98500061035156,5061.0
2025-11-21T17:35:00Z,150.86000061035156,150.94500732421875,150.8300018310547,150.8300018310547,150.8300018310547,2240.0
2025-11-21T17:36:00Z,150.88499450683594,151.11000061035156,150.88499450683594,151.11000061035156,151.11000061035156,2464.0
2025-11-21T17:37:00Z,151.0500030517578,151.14999389648438,151.0449981689453,151.13999938964844,151.13999938964844,1677.0
2025-11-21T17:38:00Z,151.125,151.125,150.99000549316406,151.03500366210938,151.03500366210938,4131.0
2025-11-21T17:39:00Z,151.03500366210938,151.11000061035156,150.99000549316406,151.11000061035156,151.11000061035156,1190.0
2025-11-21T17:40:00Z,151.03500366210938,151.03500366210938,151.02999877929688,151.02999877929688,151.02999877929688,940.0
2025-11-21T17:41:00Z,151.03500366210938,151.03500366210938,150.8699951171875,150.97000122070312,150.97000122070312,5473.0
2025-11-21T17:42:00Z,150.99000549316406,151.13999938964844,150.92999267578125,151.0399932861328,151.0399932861328,3168.0
2025-11-21T17:43:00Z,151.0399932861328,151.11500549316406,151.02999877929688,151.0749969482422,151.0749969482422,1531.0
2025-11-21T17:44:00Z,151.06500244140625,151.0800018310547,150.86000061035156,150.86000061035156,150.86000061035156,4252.0
2025-11-21T17:45:00Z,150.8800048828125,151.02999877929688,150.76499938964844,150.8300018310547,150.8300018310547,3883.0
2025-11-21T17:46:00Z,150.8699951171875,150.8699951171875,150.74000549316406,150.82000732421875,150.82000732421875,2725.0
2025-11-21T17:47:00Z,150.8350067138672,151.00999450683594,150.8350067138672,150.88999938964844,150.88999938964844,4932.0
2025-11-21T17:48:00Z,150.82000732421875,150.8249969482422,150.77499389648438,150.77499389648438,150.77499389648438,2986.0
2025-11-21T17:49:00Z,150.83999633789062,150.91000366210938,150.8000030517578,150.8000030517578,150.8000030517578,1527.0
2025-11-21T17:50:00Z,150.85000610351562,150.85000610351562,150.85000610351562,150.85000610351562,150.85000610351562,243.0
2025-11-21T17:51:00Z,150.7899932861328,150.8699951171875,150.72000122070312,150.78500366210938,150.78500366210938,1980.0
2025-11-21T17:52:00Z,150.7100067138672,150.7324981689453,150.5449981689453,150.5800018310547,150.5800018310547,11919.0
2025-11-21T17:53:00Z,150.5850067138672,150.5850067138672,150.50999450683594,150.5500030517578,150.5500030517578,2310.0
2025-11-21T17:54:00Z,150.63999938964844,150.63999938964844,150.5,150.58999633789062,150.58999633789062,7755.0
2025-11-21T17:55:00Z,150.6199951171875,150.7899932861328,150.6199951171875,150.7899932861328,150.7899932861328,3378.0
2025-11-21T17:56:00Z,150.6999969482422,150.71499633789062,150.52999877929688,150.64999389648438,150.64999389648438,4524.0
2025-11-21T17:57:00Z,150.5850067138672,150.5850067138672,150.43739318847656,150.4949951171875,150.4949951171875,3540.0
2025-11-21T17:58:00Z,150.5050048828125,150.6051025390625,150.5050048828125,150.6051025390625,150.6051025390625,2005.0
2025-11-21T17:59:00Z,150.60499572753906,150.63999938964844,150.50999450683594,150.59500122070312,150.59500122070312,2655.0
2025-11-21T18:00:00Z,150.67999267578125,150.69000244140625,150.60000610351562,150.69000244140625,150.69000244140625,585.0
2025-11-21T18:01:00Z,150.60009765625,150.8300018310547,150.60000610351562,150.8300018310547,150.8300018310547,3219.0
2025-11-21T18:02:00Z,150.82000732421875,150.9221954345703,150.7899932861328,150.83999633789062,150.83999633789062,7057.0
2025-11-21T18:03:00Z,150.7899932861328,150.7899932861328,150.58999633789062,150.63999938964844,150.63999938964844,5337.0
2025-11-21T18:04:00Z,150.64500427246094,150.69000244140625,150.52000427246094,150.5500030517578,150.5500030517578,2295.0
2025-11-21T18:05:00Z,150.5500030517578,150.55999755859375,150.43350219726562,150.55999755859375,150.55999755859375,2713.0
2025-11-21T18:06:00Z,150.42999267578125,150.42999267578125,150.36000061035156,150.36000061035156,150.36000061035156,1729.0
2025-11-21T18:07:00Z,150.41000366210938,150.47999572753906,150.27000427246094,150.27000427246094,150.27000427246094,3590.0
2025-11-21T18:08:00Z,150.2949981689453,150.2949981689453,150.16000366210938,150.16000366210938,150.16000366210938,2029.0
2025-11-21T18:09:00Z,150.1199951171875,150.22000122070312,150.05999755859375,150.16000366210938,150.16000366210938,3511.0
2025-11-21T18:10:00Z,150.07000732421875,150.07000732421875,149.88999938964844,149.9250030517578,149.9250030517578,3771.0
2025-11-21T18:11:00Z,149.99000549316406,150.0,149.88999938964844,150.0,150.0,2968.0
2025-11-21T18:12:00Z,150.13999938964844,150.13999938964844,150.05999755859375,150.0800018310547,150.0800018310547,957.0
2025-11-21T18:13:00Z,150.00999450683594,150.25990295410156,150.00999450683594,150.07000732421875,150.07000732421875,3469.0
2025-11-21T18:14:00Z,150.05999755859375,150.10000610351562,150.02499389648438,150.10000610351562,150.10000610351562,2050.0
2025-11-21T18:15:00Z,150.10000610351562,150.10000610351562,149.99000549316406,150.07000732421875,150.07000732421875,3782.0
2025-11-21T18:16:00Z,150.02000427246094,150.25,149.9788055419922,150.25,150.25,10352.0
2025-11-21T18:17:00Z,150.22000122070312,150.25999450683594,150.14869689941406,150.19000244140625,150.19000244140625,3280.0
2025-11-21T18:18:00Z,150.25,150.25999450683594,150.21499633789062,150.21499633789062,150.21499633789062,1169.0
2025-11-21T18:19:00Z,150.22000122070312,150.4199981689453,150.22000122070312,150.4199981689453,150.4199981689453,2437.0
2025-11-21T18:20:00Z,150.2949981689453,150.3699951171875,150.2949981689453,150.3699951171875,150.3699951171875,601.0
2025-11-21T18:21:00Z,150.3300018310547,150.4499969482422,150.3249969482422,150.4499969482422,150.4499969482422,1794.0
2025-11-21T18:22:00Z,150.38999938964844,150.4499969482422,150.24009704589844,150.39990234375,150.39990234375,2363.0
2025-11-21T18:23:00Z,150.3300018310547,150.43499755859375,150.3300018310547,150.3800048828125,150.3800048828125,4284.0
2025-11-21T18:24:00Z,150.48989868164062,150.48989868164062,150.30999755859375,150.3800048828125,150.3800048828125,12209.0
2025-11-21T18:25:00Z,150.3800048828125,150.3800048828125,150.25,150.25,150.25,5563.0
2025-11-21T18:26:00Z,150.24000549316406,150.24000549316406,150.07000732421875,150.0800018310547,150.0800018310547,3752.0
2025-11-21T18:27:00Z,150.0500030517578,150.17999267578125,150.0500030517578,150.1649932861328,150.1649932861328,2544.0
2025-11-21T18:28:00Z,150.2100067138672,150.23500061035156,150.1699981689453,150.17999267578125,150.17999267578125,2251.0
2025-11-21T18:29:00Z,150.2100067138672,150.35000610351562,150.2100067138672,150.3000030517578,150.3000030517578,3582.0
2025-11-21T18:30:00Z,150.24000549316406,150.24000549316406,150.1199951171875,150.22250366210938,150.22250366210938,3544.0
2025-11-21T18:31:00Z,150.22999572753906,150.3300018310547,150.22999572753906,150.3300018310547,150.3300018310547,2852.0
2025-11-21T18:32:00Z,150.38999938964844,150.40499877929688,150.3300018310547,150.3300018310547,150.3300018310547,2331.0
2025-11-21T18:33:00Z,150.27999877929688,150.44000244140625,150.27999877929688,150.375,150.375,4432.0
2025-11-21T18:34:00Z,150.44000244140625,150.67999267578125,150.44000244140625,150.67999267578125,150.67999267578125,5151.0
2025-11-21T18:35:00Z,150.75,150.75,150.6300048828125,150.66000366210938,150.66000366210938,4348.0
2025-11-21T18:36:00Z,150.66000366210938,150.72000122070312,150.64500427246094,150.72000122070312,150.72000122070312,2519.0
2025-11-21T18:37:00Z,150.89999389648438,150.94500732421875,150.7899932861328,150.7899932861328,150.7899932861328,2138.0
2025-11-21T18:38:00Z,150.7899932861328,150.7899932861328,150.78500366210938,150.78500366210938,150.78500366210938,1106.0
2025-11-21T18:39:00Z,150.89999389648438,150.89999389648438,150.86000061035156,150.86000061035156,150.86000061035156,1558.0
2025-11-21T18:40:00Z,150.8300018310547,150.85499572753906,150.80999755859375,150.85499572753906,150.85499572753906,2424.0
2025-11-21T18:41:00Z,150.86000061035156,150.94000244140625,150.8000030517578,150.8000030517578,150.8000030517578,2826.0
2025-11-21T18:42:00Z,150.83999633789062,150.83999633789062,150.8300018310547,150.8300018310547,150.8300018310547,1286.0
2025-11-21T18:43:00Z,150.83999633789062,150.89999389648438,150.83999633789062,150.89999389648438,150.89999389648438,1180.0
2025-11-21T18:44:00Z,150.92999267578125,150.94500732421875,150.8800048828125,150.91000366210938,150.91000366210938,1072.0
2025-11-21T18:45:00Z,150.92999267578125,150.94000244140625,150.9250030517578,150.94000244140625,150.94000244140625,1319.0
2025-11-21T18:46:00Z,150.88999938964844,150.88999938964844,150.61000061035156,150.61000061035156,150.61000061035156,6418.0
2025-11-21T18:47:00Z,150.6649932861328,150.6649932861328,150.52000427246094,150.5800018310547,150.5800018310547,5454.0
2025-11-21T18:48:00Z,150.5800018310547,151.07000732421875,150.5800018310547,151.05760192871094,151.05760192871094,17681.0
2025-11-21T18:49:00Z,151.0050048828125,151.0050048828125,150.72000122070312,150.7550048828125,150.7550048828125,4803.0
2025-11-21T18:50:00Z,150.8000030517578,151.05999755859375,150.8000030517578,150.97999572753906,150.97999572753906,3376.0
2025-11-21T18:51:00Z,151.05999755859375,151.25,151.05999755859375,151.19000244140625,151.19000244140625,2296.0
2025-11-21T18:52:00Z,151.07000732421875,151.13999938964844,151.0,151.13999938964844,151.13999938964844,3404.0
2025-11-21T18:53:00Z,151.125,151.125,151.125,151.125,151.125,324.0
2025-11-21T18:54:00Z,151.11000061035156,151.27000427246094,150.9199981689453,151.24000549316406,151.24000549316406,26289.0
2025-11-21T18:55:00Z,151.22000122070312,151.53500366210938,151.2100067138672,151.41000366210938,151.41000366210938,20276.0
2025-11-21T18:56:00Z,151.3699951171875,151.39999389648438,151.17999267578125,151.22000122070312,151.22000122070312,7302.0
2025-11-21T18:57:00Z,151.2100067138672,151.2100067138672,150.97000122070312,151.08999633789062,151.08999633789062,5303.0
2025-11-21T18:58:00Z,151.05499267578125,151.22000122070312,151.05499267578125,151.19000244140625,151.19000244140625,2044.0
2025-11-21T18:59:00Z,151.2100067138672,151.36000061035156,151.1649932861328,151.33999633789062,151.33999633789062,5110.0
2025-11-21T19:00:00Z,151.39999389648438,151.60000610351562,151.3300018310547,151.47999572753906,151.47999572753906,2740.0
2025-11-21T19:01:00Z,151.55999755859375,151.56500244140625,151.47000122070312,151.52999877929688,151.52999877929688,4134.0
2025-11-21T19:02:00Z,151.47999572753906,151.47999572753906,151.44000244140625,151.44000244140625,151.44000244140625,943.0
2025-11-21T19:03:00Z,151.4550018310547,151.4550018310547,151.32000732421875,151.32000732421875,151.32000732421875,2605.0
2025-11-21T19:04:00Z,151.32000732421875,151.3350067138672,151.32000732421875,151.3350067138672,151.3350067138672,1093.0
2025-11-21T19:05:00Z,151.30999755859375,151.32000732421875,151.30999755859375,151.32000732421875,151.32000732421875,1499.0
2025-11-21T19:06:00Z,151.30999755859375,151.33999633789062,151.25,151.33999633789062,151.33999633789062,2246.0
2025-11-21T19:07:00Z,151.33999633789062,151.33999633789062,151.1999969482422,151.1999969482422,151.1999969482422,2631.0
2025-11-21T19:08:00Z,151.17999267578125,151.17999267578125,151.17999267578125,151.17999267578125,151.17999267578125,1070.0
2025-11-21T19:09:00Z,151.1999969482422,151.25,151.1999969482422,151.25,151.25,570.0
2025-11-21T19:10:00Z,151.2449951171875,151.2449951171875,151.01100158691406,151.08999633789062,151.08999633789062,7261.0
2025-11-21T19:11:00Z,151.0500030517578,151.11000061035156,151.0,151.11000061035156,151.11000061035156,3360.0
2025-11-21T19:12:00Z,151.11000061035156,151.19000244140625,151.11000061035156,151.19000244140625,151.19000244140625,3004.0
2025-11-21T19:13:00Z,151.1999969482422,151.22000122070312,151.0800018310547,151.22000122070312,151.22000122070312,3938.0
2025-11-21T19:14:00Z,151.22999572753906,151.4149932861328,151.22500610351562,151.3000030517578,151.3000030517578,1231.0
2025-11-21T19:15:00Z,151.32000732421875,151.32000732421875,151.27999877929688,151.32000732421875,151.32000732421875,1629.0
2025-11-21T19:16:00Z,151.38499450683594,151.47999572753906,151.38499450683594,151.4250030517578,151.4250030517578,2265.0
2025-11-21T19:17:00Z,151.42250061035156,151.4250030517578,151.36000061035156,151.39700317382812,151.39700317382812,3190.0
2025-11-21T19:18:00Z,151.4250030517578,151.49000549316406,151.4250030517578,151.49000549316406,151.49000549316406,1870.0
2025-11-21T19:19:00Z,151.42999267578125,151.5050048828125,151.42999267578125,151.48500061035156,151.48500061035156,1720.0
2025-11-21T19:20:00Z,151.48500061035156,151.57000732421875,151.44500732421875,151.44500732421875,151.44500732421875,3507.0
2025-11-21T19:21:00Z,151.47999572753906,151.47999572753906,151.44500732421875,151.47999572753906,151.47999572753906,968.0
2025-11-21T19:22:00Z,151.4949951171875,151.5050048828125,151.46499633789062,151.46499633789062,151.46499633789062,1451.0
2025-11-21T19:23:00Z,151.5,151.5,151.3699951171875,151.39500427246094,151.39500427246094,4219.0
2025-11-21T19:24:00Z,151.3300018310547,151.38499450683594,151.31500244140625,151.3800048828125,151.3800048828125,2061.0
2025-11-21T19:25:00Z,151.375,151.47000122070312,151.375,151.4550018310547,151.4550018310547,2154.0
2025-11-21T19:26:00Z,151.4550018310547,151.47000122070312,151.41000366210938,151.46499633789062,151.46499633789062,2546.0
2025-11-21T19:27:00Z,151.47999572753906,151.50999450683594,151.3300018310547,151.3300018310547,151.3300018310547,4226.0
2025-11-21T19:28:00Z,151.35000610351562,151.3699951171875,151.3000030517578,151.32000732421875,151.32000732421875,2983.0
2025-11-21T19:29:00Z,151.2899932861328,151.33999633789062,151.25,151.33999633789062,151.33999633789062,3138.0
2025-11-21T19:30:00Z,151.3249969482422,151.4199981689453,151.2100067138672,151.2174072265625,151.2174072265625,3223.0
2025-11-21T19:31:00Z,151.1999969482422,151.1999969482422,151.13999938964844,151.16000366210938,151.16000366210938,2157.0
2025-11-21T19:32:00Z,151.11500549316406,151.125,151.0500030517578,151.0500030517578,151.0500030517578,3952.0
2025-11-21T19:33:00Z,151.0500030517578,151.17999267578125,151.0500030517578,151.12750244140625,151.12750244140625,2646.0
2025-11-21T19:34:00Z,151.125,151.125,151.02000427246094,151.0800018310547,151.0800018310547,5250.0
2025-11-21T19:35:00Z,151.10000610351562,151.17999267578125,151.10000610351562,151.14999389648438,151.14999389648438,2306.0
2025-11-21T19:36:00Z,151.16000366210938,151.22999572753906,151.09010314941406,151.1999969482422,151.1999969482422,4178.0
2025-11-21T19:37:00Z,151.2100067138672,151.2899932861328,151.16000366210938,151.19000244140625,151.19000244140625,5193.0
2025-11-21T19:38:00Z,151.27999877929688,151.33999633789062,151.25999450683594,151.3300018310547,151.3300018310547,3430.0
2025-11-21T19:39:00Z,151.2899932861328,151.3925018310547,151.2899932861328,151.3300018310547,151.3300018310547,3267.0
2025-11-21T19:40:00Z,151.30999755859375,151.30999755859375,151.2100067138672,151.25,151.25,4185.0
2025-11-21T19:41:00Z,151.2449951171875,151.2449951171875,151.1699981689453,151.1999969482422,151.1999969482422,5357.0
2025-11-21T19:42:00Z,151.1999969482422,151.1999969482422,151.1300048828125,151.1999969482422,151.1999969482422,5147.0
2025-11-21T19:43:00Z,151.19500732421875,151.19500732421875,151.0399932861328,151.0449981689453,151.0449981689453,3366.0
2025-11-21T19:44:00Z,151.00999450683594,151.06500244140625,150.9199981689453,150.97999572753906,150.97999572753906,10008.0
2025-11-21T19:45:00Z,150.91000366210938,151.02999877929688,150.91000366210938,151.0,151.0,3407.0
2025-11-21T19:46:00Z,151.00999450683594,151.14999389648438,151.00999450683594,151.125,151.125,6023.0
2025-11-21T19:47:00Z,151.1649932861328,151.1699981689453,151.0399932861328,151.08999633789062,151.08999633789062,4706.0
2025-11-21T19:48:00Z,151.22999572753906,151.25999450683594,151.2100067138672,151.2550048828125,151.2550048828125,1967.0
2025-11-21T19:49:00Z,151.25,151.25,151.1199951171875,151.1199951171875,151.1199951171875,1580.0
2025-11-21T19:50:00Z,151.2100067138672,151.2899932861328,151.13999938964844,151.21499633789062,151.21499633789062,3481.0
2025-11-21T19:51:00Z,151.2100067138672,151.2899932861328,151.2100067138672,151.25999450683594,151.25999450683594,2629.0
2025-11-21T19:52:00Z,151.30999755859375,151.36000061035156,151.16000366210938,151.19000244140625,151.19000244140625,6619.0
2025-11-21T19:53:00Z,151.22999572753906,151.24000549316406,151.1199951171875,151.22999572753906,151.22999572753906,5268.0
2025-11-21T19:54:00Z,151.08999633789062,151.17999267578125,151.02999877929688,151.17999267578125,151.17999267578125,5821.0
2025-11-21T19:55:00Z,151.15499877929688,151.1649932861328,151.13999938964844,151.13999938964844,151.13999938964844,1397.0
2025-11-21T19:56:00Z,151.22999572753906,151.22999572753906,151.1750030517578,151.22000122070312,151.22000122070312,4734.0
2025-11-21T19:57:00Z,151.2050018310547,151.2050018310547,151.1125030517578,151.11500549316406,151.11500549316406,3103.0
2025-11-21T19:58:00Z,151.0500030517578,151.1699981689453,151.0399932861328,151.14999389648438,151.14999389648438,4711.0
2025-11-21T19:59:00Z,151.13999938964844,151.26499938964844,151.13999938964844,151.1750030517578,151.1750030517578,2846.0
2025-11-21T20:00:00Z,151.08999633789062,151.14999389648438,150.92999267578125,151.11500549316406,151.11500549316406,5498.0
2025-11-21T20:01:00Z,151.1300048828125,151.13499450683594,151.11000061035156,151.13499450683594,151.13499450683594,1270.0
2025-11-21T20:02:00Z,151.1199951171875,151.2100067138672,151.1199951171875,151.13999938964844,151.13999938964844,4847.0
2025-11-21T20:03:00Z,151.13499450683594,151.2100067138672,151.1300048828125,151.13499450683594,151.13499450683594,2158.0
2025-11-21T20:04:00Z,151.13499450683594,151.27999877929688,151.13499450683594,151.27999877929688,151.27999877929688,2714.0
2025-11-21T20:05:00Z,151.33999633789062,151.33999633789062,151.24000549316406,151.27499389648438,151.27499389648438,3562.0
2025-11-21T20:06:00Z,151.33999633789062,151.36000061035156,151.27000427246094,151.2899932861328,151.2899932861328,4297.0
2025-11-21T20:07:00Z,151.35000610351562,151.36000061035156,151.27999877929688,151.27999877929688,151.27999877929688,2930.0
2025-11-21T20:08:00Z,151.22000122070312,151.28199768066406,151.16000366210938,151.22500610351562,151.22500610351562,6280.0
2025-11-21T20:09:00Z,151.22500610351562,151.25999450683594,151.22000122070312,151.25999450683594,151.25999450683594,2700.0
2025-11-21T20:10:00Z,151.25999450683594,151.25999450683594,151.07000732421875,151.07000732421875,151.07000732421875,3844.0
2025-11-21T20:11:00Z,151.10000610351562,151.10000610351562,151.02000427246094,151.02499389648438,151.02499389648438,3172.0
2025-11-21T20:12:00Z,151.05999755859375,151.11000061035156,151.0500030517578,151.10000610351562,151.10000610351562,2196.0
2025-11-21T20:13:00Z,151.10000610351562,151.22000122070312,151.10000610351562,151.2100067138672,151.2100067138672,3960.0
2025-11-21T20:14:00Z,151.16000366210938,151.1999969482422,151.14500427246094,151.1999969482422,151.1999969482422,3641.0
2025-11-21T20:15:00Z,151.1300048828125,151.22999572753906,151.09500122070312,151.22999572753906,151.22999572753906,4212.0
2025-11-21T20:16:00Z,151.16000366210938,151.1699981689453,151.14999389648438,151.14999389648438,151.14999389648438,2358.0
2025-11-21T20:17:00Z,151.14999389648438,151.27000427246094,151.14999389648438,151.1699981689453,151.1699981689453,5264.0
2025-11-21T20:18:00Z,151.14999389648438,151.14999389648438,151.0500030517578,151.0500030517578,151.0500030517578,3529.0
2025-11-21T20:19:00Z,151.13999938964844,151.17999267578125,151.10000610351562,151.10000610351562,151.10000610351562,3900.0
2025-11-21T20:20:00Z,151.09500122070312,151.1300048828125,151.0050048828125,151.10499572753906,151.10499572753906,5899.0
2025-11-21T20:21:00Z,151.11959838867188,151.2050018310547,151.11000061035156,151.1999969482422,151.1999969482422,2208.0
2025-11-21T20:22:00Z,151.1999969482422,151.1999969482422,151.10000610351562,151.18499755859375,151.18499755859375,2869.0
2025-11-21T20:23:00Z,151.08999633789062,151.10000610351562,151.0399932861328,151.0399932861328,151.0399932861328,3115.0
2025-11-21T20:24:00Z,151.06500244140625,151.08250427246094,150.9600067138672,151.08250427246094,151.08250427246094,7578.0
2025-11-21T20:25:00Z,151.1300048828125,151.13999938964844,151.125,151.125,151.125,4368.0
2025-11-21T20:26:00Z,151.1300048828125,151.27999877929688,151.0399932861328,151.0800018310547,151.0800018310547,4765.0
2025-11-21T20:27:00Z,151.07000732421875,151.0850067138672,151.0500030517578,151.0850067138672,151.0850067138672,1332.0
2025-11-21T20:28:00Z,151.07000732421875,151.07000732421875,151.02999877929688,151.07000732421875,151.07000732421875,3002.0
2025-11-21T20:29:00Z,151.0,151.0,150.89999389648438,150.9250030517578,150.9250030517578,5645.0
2025-11-21T20:30:00Z,150.88999938964844,150.9499969482422,150.7801055908203,150.89999389648438,150.89999389648438,13821.0
2025-11-21T20:31:00Z,150.89999389648438,150.91000366210938,150.85009765625,150.89999389648438,150.89999389648438,4120.0
2025-11-21T20:32:00Z,150.9250030517578,151.07000732421875,150.9250030517578,151.02000427246094,151.02000427246094,8481.0
2025-11-21T20:33:00Z,151.02000427246094,151.22999572753906,151.02000427246094,151.22999572753906,151.22999572753906,4140.0
2025-11-21T20:34:00Z,151.19000244140625,151.25,151.19000244140625,151.2100067138672,151.2100067138672,2071.0
2025-11-21T20:35:00Z,151.21499633789062,151.33999633789062,151.21499633789062,151.33999633789062,151.33999633789062,5228.0
2025-11-21T20:36:00Z,151.35499572753906,151.4250030517578,151.33999633789062,151.33999633789062,151.33999633789062,3356.0
2025-11-21T20:37:00Z,151.33999633789062,151.33999633789062,151.1999969482422,151.2100067138672,151.2100067138672,4282.0
2025-11-21T20:38:00Z,151.24000549316406,151.32000732421875,151.21499633789062,151.32000732421875,151.32000732421875,4045.0
2025-11-21T20:39:00Z,151.27999877929688,151.38999938964844,151.25999450683594,151.3699951171875,151.3699951171875,7062.0
2025-11-21T20:40:00Z,151.3800048828125,151.39999389648438,151.27000427246094,151.39999389648438,151.39999389648438,8868.0
2025-11-21T20:41:00Z,151.38999938964844,151.38999938964844,151.22999572753906,151.3300018310547,151.3300018310547,7672.0
2025-11-21T20:42:00Z,151.3699951171875,151.3800048828125,151.2899932861328,151.2899932861328,151.2899932861328,7083.0
2025-11-21T20:43:00Z,151.2899932861328,151.4199981689453,151.25,151.35000610351562,151.35000610351562,7850.0
2025-11-21T20:44:00Z,151.30499267578125,151.41000366210938,151.30499267578125,151.36000061035156,151.36000061035156,6919.0
2025-11-21T20:45:00Z,151.35000610351562,151.57000732421875,151.35000610351562,151.57000732421875,151.57000732421875,7991.0
2025-11-21T20:46:00Z,151.55999755859375,151.61000061035156,151.49000549316406,151.56500244140625,151.56500244140625,5936.0
2025-11-21T20:47:00Z,151.5675048828125,151.61000061035156,151.52000427246094,151.52000427246094,151.52000427246094,4304.0
2025-11-21T20:48:00Z,151.5399932861328,151.55999755859375,151.42999267578125,151.55999755859375,151.55999755859375,14347.0
2025-11-21T20:49:00Z,151.58999633789062,151.58999633789062,151.4499969482422,151.5,151.5,10032.0
2025-11-21T20:50:00Z,151.5,151.60000610351562,151.41000366210938,151.47000122070312,151.47000122070312,16900.0
2025-11-21T20:51:00Z,151.5,151.53500366210938,151.33999633789062,151.33999633789062,151.33999633789062,21600.0
2025-11-21T20:52:00Z,151.36000061035156,151.3800048828125,151.30999755859375,151.3699951171875,151.3699951171875,11120.0
2025-11-21T20:53:00Z,151.40499877929688,151.4600067138672,151.30999755859375,151.36000061035156,151.36000061035156,12052.0
2025-11-21T20:54:00Z,151.3699951171875,151.5800018310547,151.30999755859375,151.53500366210938,151.53500366210938,22875.0
2025-11-21T20:55:00Z,151.58999633789062,151.75999450683594,151.5500030517578,151.66000366210938,151.66000366210938,26834.0
2025-11-21T20:56:00Z,151.66000366210938,151.6999969482422,151.55999755859375,151.66250610351562,151.66250610351562,39272.0
2025-11-21T20:57:00Z,151.63999938964844,151.63999938964844,151.52000427246094,151.58999633789062,151.58999633789062,39964.0
2025-11-21T20:58:00Z,151.57000732421875,151.58999633789062,151.4499969482422,151.47500610351562,151.47500610351562,67677.0
2025-11-21T20:59:00Z,151.47000122070312,151.5,151.27499389648438,151.30999755859375,151.30999755859375,81858.0
2025-11-24T14:30:00Z,151.89999389648438,151.9600067138672,151.4250030517578,151.52000427246094,151.52000427246094,34277.0
2025-11-24T14:31:00Z,151.77999877929688,152.0,151.65499877929688,151.65499877929688,151.65499877929688,6651.0
2025-11-24T14:32:00Z,151.49000549316406,151.69000244140625,151.39999389648438,151.5,151.5,5600.0
2025-11-24T14:33:00Z,151.4844970703125,151.4844970703125,151.4250030517578,151.4250030517578,151.4250030517578,997.0
2025-11-24T14:34:00Z,151.25,151.32000732421875,150.89999389648438,151.0500030517578,151.0500030517578,3329.0
2025-11-24T14:35:00Z,150.8300018310547,150.84500122070312,150.82000732421875,150.84500122070312,150.84500122070312,622.0
2025-11-24T14:36:00Z,150.84500122070312,151.41000366210938,150.83999633789062,150.9501953125,150.9501953125,5561.0
2025-11-24T14:37:00Z,150.9949951171875,151.02999877929688,150.77000427246094,150.90499877929688,150.90499877929688,4227.0
2025-11-24T14:38:00Z,151.10000610351562,151.10000610351562,151.0800018310547,151.08999633789062,151.08999633789062,1670.0
2025-11-24T14:39:00Z,151.25,151.39999389648438,151.08999633789062,151.3000030517578,151.3000030517578,6982.0
2025-11-24T14:40:00Z,151.2821044921875,151.32000732421875,151.10000610351562,151.27999877929688,151.27999877929688,4860.0
2025-11-24T14:41:00Z,151.27999877929688,151.27999877929688,150.99000549316406,151.09500122070312,151.09500122070312,6162.0
2025-11-24T14:42:00Z,151.14540100097656,151.33999633789062,151.09500122070312,151.2899932861328,151.2899932861328,6421.0
2025-11-24T14:43:00Z,151.30999755859375,151.30999755859375,151.30999755859375,151.30999755859375,151.30999755859375,236.0
2025-11-24T14:44:00Z,151.3000030517578,151.3000030517578,150.99000549316406,151.0500030517578,151.0500030517578,3020.0
2025-11-24T14:45:00Z,150.9550018310547,151.2100067138672,150.94000244140625,151.14999389648438,151.14999389648438,13657.0
2025-11-24T14:46:00Z,151.19000244140625,151.3800048828125,151.11000061035156,151.19000244140625,151.19000244140625,13218.0
2025-11-24T14:47:00Z,151.25999450683594,151.25999450683594,151.0,151.0,151.0,12154.0
2025-11-24T14:48:00Z,151.0,151.25,151.0,151.25,151.25,3362.0
2025-11-24T14:49:00Z,151.00999450683594,151.00999450683594,151.00999450683594,151.00999450683594,151.00999450683594,424.0
2025-11-24T14:50:00Z,151.00999450683594,151.0399932861328,150.7675018310547,150.88499450683594,150.88499450683594,5002.0
2025-11-24T14:51:00Z,150.8699951171875,150.91000366210938,150.47000122070312,150.58999633789062,150.58999633789062,5054.0
2025-11-24T14:52:00Z,150.6300048828125,150.72000122070312,150.62249755859375,150.625,150.625,3904.0
2025-11-24T14:53:00Z,150.47000122070312,150.8800048828125,150.47000122070312,150.8800048828125,150.8800048828125,4557.0
2025-11-24T14:54:00Z,150.8574981689453,151.0751953125,150.72500610351562,151.0751953125,151.0751953125,1442.0
2025-11-24T14:55:00Z,150.86500549316406,150.86500549316406,150.86500549316406,150.86500549316406,150.86500549316406,540.0
2025-11-24T14:56:00Z,150.85499572753906,151.2613983154297,150.85499572753906,151.2613983154297,151.2613983154297,5768.0
2025-11-24T14:57:00Z,151.28500366210938,151.5605010986328,151.1699981689453,151.5605010986328,151.5605010986328,2067.0
2025-11-24T14:58:00Z,151.53880310058594,151.5500030517578,151.4375,151.4600067138672,151.4600067138672,4323.0
2025-11-24T14:59:00Z,151.4149932861328,151.77000427246094,151.27999877929688,151.71499633789062,151.71499633789062,8083.0
2025-11-24T15:00:00Z,151.60499572753906,151.86000061035156,151.6024932861328,151.8000030517578,151.8000030517578,4747.0
2025-11-24T15:01:00Z,151.6300048828125,151.94000244140625,151.52000427246094,151.8175048828125,151.8175048828125,5015.0
2025-11-24T15:02:00Z,151.681396484375,151.82000732421875,151.681396484375,151.82000732421875,151.82000732421875,1000.0
2025-11-24T15:03:00Z,151.7899932861328,151.99000549316406,151.6999969482422,151.7100067138672,151.7100067138672,8653.0
2025-11-24T15:04:00Z,151.72999572753906,151.74000549316406,151.61749267578125,151.6300048828125,151.6300048828125,2733.0
2025-11-24T15:05:00Z,151.63499450683594,151.63499450683594,151.4600067138672,151.55999755859375,151.55999755859375,4753.0
2025-11-24T15:06:00Z,151.5749969482422,151.7050018310547,151.5500030517578,151.6699981689453,151.6699981689453,4074.0
2025-11-24T15:07:00Z,151.5800018310547,151.5800018310547,151.5800018310547,151.5800018310547,151.5800018310547,535.0
2025-11-24T15:08:00Z,151.50999450683594,151.6199951171875,151.5,151.61000061035156,151.61000061035156,4403.0
2025-11-24T15:09:00Z,151.6300048828125,151.6300048828125,151.22000122070312,151.3000030517578,151.3000030517578,25978.0
2025-11-24T15:10:00Z,151.2899932861328,151.34500122070312,151.13999938964844,151.19500732421875,151.19500732421875,2724.0
2025-11-24T15:11:00Z,151.3300018310547,151.4199981689453,151.27000427246094,151.3000030517578,151.3000030517578,6226.0
2025-11-24T15:12:00Z,151.30499267578125,151.30499267578125,151.16000366210938,151.25,151.25,2523.0
2025-11-24T15:13:00Z,151.25,151.25999450683594,151.25,151.25999450683594,151.25999450683594,1959.0
2025-11-24T15:14:00Z,151.44000244140625,151.57000732421875,151.27999877929688,151.5399932861328,151.5399932861328,8398.0
2025-11-24T15:15:00Z,151.5500030517578,151.77000427246094,151.5500030517578,151.7050018310547,151.7050018310547,7428.0
2025-11-24T15:16:00Z,151.7050018310547,151.7899932861328,151.6999969482422,151.7899932861328,151.7899932861328,2896.0
2025-11-24T15:17:00Z,151.7949981689453,151.81500244140625,151.72000122070312,151.74000549316406,151.74000549316406,4180.0
2025-11-24T15:18:00Z,151.72999572753906,151.72999572753906,151.65499877929688,151.65499877929688,151.65499877929688,1988.0
2025-11-24T15:19:00Z,151.66000366210938,151.91329956054688,151.66000366210938,151.72999572753906,151.72999572753906,3303.0
2025-11-24T15:20:00Z,151.69000244140625,151.75,151.6699981689453,151.75,151.75,2384.0
2025-11-24T15:21:00Z,151.7550048828125,151.88999938964844,151.72000122070312,151.78500366210938,151.78500366210938,5819.0
2025-11-24T15:22:00Z,151.7899932861328,151.7949981689453,151.7725067138672,151.7949981689453,151.7949981689453,887.0
2025-11-24T15:23:00Z,151.80499267578125,151.80499267578125,151.69500732421875,151.71499633789062,151.71499633789062,2581.0
2025-11-24T15:24:00Z,151.7100067138672,151.7100067138672,151.6649932861328,151.69500732421875,151.69500732421875,2410.0
2025-11-24T15:25:00Z,151.67999267578125,151.7449951171875,151.6699981689453,151.7100067138672,151.7100067138672,3106.0
2025-11-24T15:26:00Z,151.69000244140625,151.69500732421875,151.55999755859375,151.61000061035156,151.61000061035156,4115.0
2025-11-24T15:27:00Z,151.63409423828125,151.72500610351562,151.6300048828125,151.6300048828125,151.6300048828125,1982.0
2025-11-24T15:28:00Z,151.7550048828125,151.91000366210938,151.67999267578125,151.80999755859375,151.80999755859375,14605.0
2025-11-24T15:29:00Z,151.83999633789062,151.9199981689453,151.72500610351562,151.88999938964844,151.88999938964844,14402.0
2025-11-24T15:30:00Z,151.8699951171875,152.08999633789062,151.8000030517578,152.08999633789062,152.08999633789062,15209.0
2025-11-24T15:31:00Z,152.05499267578125,152.19500732421875,151.96009826660156,152.0800018310547,152.0800018310547,7620.0
2025-11-24T15:32:00Z,152.08999633789062,152.17999267578125,151.9001007080078,152.0449981689453,152.0449981689453,10254.0
2025-11-24T15:33:00Z,151.9600067138672,151.97000122070312,151.91000366210938,151.94000244140625,151.94000244140625,2321.0
2025-11-24T15:34:00Z,151.89999389648438,152.05999755859375,151.89999389648438,152.05999755859375,152.05999755859375,1900.0
2025-11-24T15:35:00Z,152.0749969482422,152.1999969482422,151.97000122070312,152.19000244140625,152.19000244140625,2379.0
2025-11-24T15:36:00Z,152.22500610351562,152.23699951171875,152.19500732421875,152.23699951171875,152.23699951171875,1017.0
2025-11-24T15:37:00Z,152.2100067138672,152.2100067138672,152.07000732421875,152.10499572753906,152.10499572753906,3729.0
2025-11-24T15:38:00Z,152.1300048828125,152.1300048828125,152.11749267578125,152.1199951171875,152.1199951171875,1258.0
2025-11-24T15:39:00Z,152.1300048828125,152.3000030517578,152.1300048828125,152.27999877929688,152.27999877929688,3204.0
2025-11-24T15:40:00Z,152.26499938964844,152.3699951171875,152.1999969482422,152.27999877929688,152.27999877929688,4905.0
2025-11-24T15:41:00Z,152.3000030517578,152.3000030517578,152.3000030517578,152.3000030517578,152.3000030517578,573.0
2025-11-24T15:42:00Z,152.24000549316406,152.24000549316406,152.1300048828125,152.1300048828125,152.1300048828125,3251.0
2025-11-24T15:43:00Z,152.16000366210938,152.1649932861328,152.11000061035156,152.11000061035156,152.11000061035156,4782.0
2025-11-24T15:44:00Z,152.07000732421875,152.19000244140625,152.0399932861328,152.11500549316406,152.11500549316406,1374.0
2025-11-24T15:45:00Z,152.07000732421875,152.07000732421875,152.0500030517578,152.07000732421875,152.07000732421875,1282.0
2025-11-24T15:46:00Z,152.0399932861328,152.0800018310547,151.92999267578125,151.9600067138672,151.9600067138672,5208.0
2025-11-24T15:47:00Z,151.9600067138672,151.9600067138672,151.9600067138672,151.9600067138672,151.9600067138672,719.0
2025-11-24T15:48:00Z,151.88999938964844,151.94000244140625,151.88499450683594,151.91000366210938,151.91000366210938,2029.0
2025-11-24T15:49:00Z,151.89999389648438,151.89999389648438,151.89999389648438,151.89999389648438,151.89999389648438,779.0
2025-11-24T15:50:00Z,151.89999389648438,152.00999450683594,151.89999389648438,151.9949951171875,151.9949951171875,2994.0
2025-11-24T15:51:00Z,151.99749755859375,152.02589416503906,151.99249267578125,152.0050048828125,152.0050048828125,3907.0
2025-11-24T15:52:00Z,152.0050048828125,152.10000610351562,152.0,152.03500366210938,152.03500366210938,4416.0
2025-11-24T15:53:00Z,152.08999633789062,152.22000122070312,152.03500366210938,152.10499572753906,152.10499572753906,3421.0
2025-11-24T15:54:00Z,152.125,152.22999572753906,152.0500030517578,152.1300048828125,152.1300048828125,7022.0
2025-11-24T15:55:00Z,152.05999755859375,152.05999755859375,151.97999572753906,152.01499938964844,152.01499938964844,2830.0
2025-11-24T15:56:00Z,152.0449981689453,152.0449981689453,151.91000366210938,152.02999877929688,152.02999877929688,2229.0
2025-11-24T15:57:00Z,152.05999755859375,152.05999755859375,152.0500030517578,152.0500030517578,152.0500030517578,1536.0
2025-11-24T15:58:00Z,152.05999755859375,152.0800018310547,152.0,152.0,152.0,6337.0
2025-11-24T15:59:00Z,152.02999877929688,152.0449981689453,152.02999877929688,152.0399932861328,152.0399932861328,1515.0
2025-11-24T16:00:00Z,152.1699981689453,152.3000030517578,152.16000366210938,152.25999450683594,152.25999450683594,3399.0
2025-11-24T16:01:00Z,152.25999450683594,152.44000244140625,152.16000366210938,152.42999267578125,152.42999267578125,5103.0
2025-11-24T16:02:00Z,152.38999938964844,152.38999938964844,152.24000549316406,152.3300018310547,152.3300018310547,4350.0
2025-11-24T16:03:00Z,152.35499572753906,152.35499572753906,152.3300018310547,152.3300018310547,152.3300018310547,2298.0
2025-11-24T16:04:00Z,152.27000427246094,152.35000610351562,152.27000427246094,152.35000610351562,152.35000610351562,828.0
2025-11-24T16:05:00Z,152.33999633789062,152.42999267578125,152.32000732421875,152.36000061035156,152.36000061035156,2274.0
2025-11-24T16:06:00Z,152.42999267578125,152.42999267578125,152.3800048828125,152.38999938964844,152.38999938964844,1369.0
2025-11-24T16:07:00Z,152.44000244140625,152.647705078125,152.44000244140625,152.47999572753906,152.47999572753906,5635.0
2025-11-24T16:08:00Z,152.47999572753906,152.52499389648438,152.47000122070312,152.47000122070312,152.47000122070312,1527.0
2025-11-24T16:09:00Z,152.52000427246094,152.5800018310547,152.52000427246094,152.5800018310547,152.5800018310547,1212.0
2025-11-24T16:10:00Z,152.5,152.5,152.5,152.5,152.5,200.0
2025-11-24T16:11:00Z,152.625,153.0,152.625,152.68499755859375,152.68499755859375,18224.0
2025-11-24T16:12:00Z,152.67250061035156,152.67250061035156,152.67250061035156,152.67250061035156,152.67250061035156,922.0
2025-11-24T16:13:00Z,152.72999572753906,152.72999572753906,152.5800018310547,152.6024932861328,152.6024932861328,21155.0
2025-11-24T16:14:00Z,152.57000732421875,152.63999938964844,152.55999755859375,152.6199951171875,152.6199951171875,3773.0
2025-11-24T16:15:00Z,152.6699981689453,152.6699981689453,152.55999755859375,152.55999755859375,152.55999755859375,3539.0
2025-11-24T16:16:00Z,152.6699981689453,152.6699981689453,152.5758056640625,152.6649932861328,152.6649932861328,1138.0
2025-11-24T16:17:00Z,152.65499877929688,152.65499877929688,152.65499877929688,152.65499877929688,152.65499877929688,1288.0
2025-11-24T16:18:00Z,152.65499877929688,152.66000366210938,152.57000732421875,152.63999938964844,152.63999938964844,1105.0
2025-11-24T16:19:00Z,152.63999938964844,152.63999938964844,152.57000732421875,152.57000732421875,152.57000732421875,2444.0
2025-11-24T16:20:00Z,152.6300048828125,152.6300048828125,152.58999633789062,152.58999633789062,152.58999633789062,2223.0
2025-11-24T16:21:00Z,152.6199951171875,152.6199951171875,152.6199951171875,152.6199951171875,152.6199951171875,2211.0
2025-11-24T16:22:00Z,152.625,152.7100067138672,152.625,152.6999969482422,152.6999969482422,4170.0
2025-11-24T16:23:00Z,152.74000549316406,152.74000549316406,152.58999633789062,152.625,152.625,3596.0
2025-11-24T16:24:00Z,152.64625549316406,152.64625549316406,152.52000427246094,152.52000427246094,152.52000427246094,2450.0
2025-11-24T16:25:00Z,152.5500030517578,152.5500030517578,152.4199981689453,152.44500732421875,152.44500732421875,6971.0
2025-11-24T16:26:00Z,152.44500732421875,152.47000122070312,152.39999389648438,152.47000122070312,152.47000122070312,4602.0
2025-11-24T16:27:00Z,152.47999572753906,152.50999450683594,152.4199981689453,152.4600067138672,152.4600067138672,4899.0
2025-11-24T16:28:00Z,152.38999938964844,152.44000244140625,152.23199462890625,152.27999877929688,152.27999877929688,2572.0
2025-11-24T16:29:00Z,152.27999877929688,152.27999877929688,152.125,152.2100067138672,152.2100067138672,2770.0
2025-11-24T16:30:00Z,152.15499877929688,152.24000549316406,152.15499877929688,152.22500610351562,152.22500610351562,3044.0
2025-11-24T16:31:00Z,152.22500610351562,152.33999633789062,152.22500610351562,152.31500244140625,152.31500244140625,2862.0
2025-11-24T16:32:00Z,152.17999267578125,152.1999969482422,152.17999267578125,152.1999969482422,152.1999969482422,1135.0
2025-11-24T16:33:00Z,152.14999389648438,152.17999267578125,152.13999938964844,152.17999267578125,152.17999267578125,3364.0
2025-11-24T16:34:00Z,152.17999267578125,152.17999267578125,152.1199951171875,152.14500427246094,152.14500427246094,3945.0
2025-11-24T16:35:00Z,152.16000366210938,152.24749755859375,152.07000732421875,152.24749755859375,152.24749755859375,11556.0
2025-11-24T16:36:00Z,152.25,152.25,152.23500061035156,152.23500061035156,152.23500061035156,1063.0
2025-11-24T16:37:00Z,152.22500610351562,152.24000549316406,152.21749877929688,152.22500610351562,152.22500610351562,1575.0
2025-11-24T16:38:00Z,152.29989624023438,152.29989624023438,152.29989624023438,152.29989624023438,152.29989624023438,343.0
2025-11-24T16:39:00Z,152.22500610351562,152.33999633789062,152.22500610351562,152.33999633789062,152.33999633789062,3805.0
2025-11-24T16:40:00Z,152.27999877929688,152.27999877929688,152.22999572753906,152.24000549316406,152.24000549316406,2834.0
2025-11-24T16:41:00Z,152.24000549316406,152.27999877929688,152.11000061035156,152.17999267578125,152.17999267578125,22347.0
2025-11-24T16:42:00Z,152.1699981689453,152.1750030517578,152.1699981689453,152.1750030517578,152.1750030517578,1692.0
2025-11-24T16:43:00Z,152.14500427246094,152.17999267578125,152.0594940185547,152.10000610351562,152.10000610351562,2176.0
2025-11-24T16:44:00Z,152.14999389648438,152.14999389648438,152.05999755859375,152.10000610351562,152.10000610351562,1410.0
2025-11-24T16:45:00Z,151.98500061035156,152.16000366210938,151.97999572753906,152.16000366210938,152.16000366210938,2818.0
2025-11-24T16:46:00Z,152.1199951171875,152.1300048828125,152.1199951171875,152.1300048828125,152.1300048828125,336.0
2025-11-24T16:47:00Z,152.1300048828125,152.24000549316406,152.08009338378906,152.24000549316406,152.24000549316406,2272.0
2025-11-24T16:48:00Z,152.27999877929688,152.33990478515625,152.27499389648438,152.33990478515625,152.33990478515625,2698.0
2025-11-24T16:49:00Z,152.24000549316406,152.27499389648438,152.24000549316406,152.27499389648438,152.27499389648438,1392.0
2025-11-24T16:50:00Z,152.2050018310547,152.22999572753906,152.17999267578125,152.17999267578125,152.17999267578125,1744.0
2025-11-24T16:51:00Z,152.21499633789062,152.21499633789062,152.08999633789062,152.13499450683594,152.13499450683594,2676.0
2025-11-24T16:52:00Z,152.13499450683594,152.22999572753906,152.1300048828125,152.1300048828125,152.1300048828125,2440.0
2025-11-24T16:53:00Z,152.15499877929688,152.16000366210938,152.15499877929688,152.16000366210938,152.16000366210938,611.0
2025-11-24T16:54:00Z,152.14999389648438,152.16000366210938,152.08999633789062,152.10000610351562,152.10000610351562,2667.0
2025-11-24T16:55:00Z,152.1199951171875,152.1199951171875,151.99000549316406,151.99000549316406,151.99000549316406,4840.0
2025-11-24T16:56:00Z,151.97999572753906,152.0399932861328,151.96499633789062,152.00999450683594,152.00999450683594,3348.0
2025-11-24T16:57:00Z,151.9600067138672,152.01499938964844,151.9149932861328,152.01499938964844,152.01499938964844,3312.0
2025-11-24T16:58:00Z,152.01499938964844,152.02000427246094,152.01499938964844,152.02000427246094,152.02000427246094,1139.0
2025-11-24T16:59:00Z,152.02000427246094,152.14999389648438,152.02000427246094,152.14999389648438,152.14999389648438,3368.0
2025-11-24T17:00:00Z,152.16000366210938,152.22000122070312,152.16000366210938,152.1699981689453,152.1699981689453,2760.0
2025-11-24T17:01:00Z,152.14999389648438,152.14999389648438,152.08999633789062,152.13499450683594,152.13499450683594,2677.0
2025-11-24T17:02:00Z,152.05999755859375,152.08999633789062,152.01499938964844,152.08999633789062,152.08999633789062,3908.0
2025-11-24T17:03:00Z,152.06500244140625,152.06500244140625,152.0,152.00999450683594,152.00999450683594,3150.0
2025-11-24T17:04:00Z,151.97999572753906,152.02020263671875,151.92999267578125,151.97500610351562,151.97500610351562,3362.0
2025-11-24T17:05:00Z,151.9199981689453,151.9199981689453,151.8300018310547,151.8300018310547,151.8300018310547,2471.0
2025-11-24T17:06:00Z,151.88360595703125,151.88360595703125,151.72999572753906,151.78500366210938,151.78500366210938,2285.0
2025-11-24T17:07:00Z,151.86000061035156,151.94900512695312,151.83999633789062,151.88999938964844,151.88999938964844,11949.0
2025-11-24T17:08:00Z,151.94000244140625,152.05999755859375,151.92999267578125,152.0,152.0,5197.0
2025-11-24T17:10:00Z,152.05999755859375,152.08999633789062,152.01499938964844,152.01499938964844,152.01499938964844,1418.0
2025-11-24T17:11:00Z,152.0426025390625,152.0426025390625,152.0426025390625,152.0426025390625,152.0426025390625,1056.0
2025-11-24T17:12:00Z,152.08999633789062,152.13999938964844,152.07000732421875,152.08999633789062,152.08999633789062,8301.0
2025-11-24T17:13:00Z,152.08999633789062,152.16000366210938,152.05999755859375,152.12350463867188,152.12350463867188,5644.0
2025-11-24T17:14:00Z,152.13499450683594,152.1925048828125,152.13499450683594,152.18499755859375,152.18499755859375,2834.0
2025-11-24T17:15:00Z,152.18499755859375,152.2100067138672,152.1300048828125,152.2100067138672,152.2100067138672,4344.0
2025-11-24T17:16:00Z,152.2100067138672,152.3477020263672,152.2100067138672,152.27999877929688,152.27999877929688,4287.0
2025-11-24T17:17:00Z,152.30999755859375,152.3249969482422,152.226806640625,152.3249969482422,152.3249969482422,3802.0
2025-11-24T17:18:00Z,152.3249969482422,152.3249969482422,152.27499389648438,152.27499389648438,152.27499389648438,1899.0
2025-11-24T17:19:00Z,152.28500366210938,152.28500366210938,152.28500366210938,152.28500366210938,152.28500366210938,841.0
2025-11-24T17:20:00Z,152.22999572753906,152.25999450683594,152.22000122070312,152.2449951171875,152.2449951171875,1860.0
2025-11-24T17:21:00Z,152.28990173339844,152.28990173339844,152.11500549316406,152.11500549316406,152.11500549316406,2459.0
2025-11-24T17:22:00Z,152.1699981689453,152.22999572753906,152.14999389648438,152.2100067138672,152.2100067138672,3385.0
2025-11-24T17:23:00Z,152.19500732421875,152.19500732421875,152.1824951171875,152.1824951171875,152.1824951171875,848.0
2025-11-24T17:24:00Z,152.1999969482422,152.39999389648438,152.1999969482422,152.37570190429688,152.37570190429688,6499.0
2025-11-24T17:25:00Z,152.4324951171875,152.4324951171875,152.30999755859375,152.3800048828125,152.3800048828125,6631.0
2025-11-24T17:26:00Z,152.35000610351562,152.6300048828125,152.35000610351562,152.61500549316406,152.61500549316406,16362.0
2025-11-24T17:27:00Z,152.6699981689453,152.91000366210938,152.6199951171875,152.89500427246094,152.89500427246094,12418.0
2025-11-24T17:28:00Z,152.89500427246094,152.91510009765625,152.8350067138672,152.83999633789062,152.83999633789062,6986.0
2025-11-24T17:29:00Z,152.8300018310547,152.8300018310547,152.75,152.76499938964844,152.76499938964844,3645.0
2025-11-24T17:30:00Z,152.76499938964844,152.9799041748047,152.74000549316406,152.77940368652344,152.77940368652344,6095.0
2025-11-24T17:31:00Z,152.81500244140625,152.81500244140625,152.81500244140625,152.81500244140625,152.81500244140625,1529.0
2025-11-24T17:32:00Z,152.86000061035156,152.97000122070312,152.86000061035156,152.87249755859375,152.87249755859375,3280.0
2025-11-24T17:33:00Z,152.9600067138672,152.97999572753906,152.89410400390625,152.91000366210938,152.91000366210938,4929.0
2025-11-24T17:34:00Z,152.9698028564453,152.9698028564453,152.77000427246094,152.856201171875,152.856201171875,6130.0
2025-11-24T17:35:00Z,152.88999938964844,152.9698944091797,152.8000946044922,152.84500122070312,152.84500122070312,12562.0
2025-11-24T17:36:00Z,152.84500122070312,152.88999938964844,152.8000030517578,152.8800048828125,152.8800048828125,9327.0
2025-11-24T17:37:00Z,152.85000610351562,152.9199981689453,152.8300018310547,152.86000061035156,152.86000061035156,4198.0
2025-11-24T17:38:00Z,152.86000061035156,152.94000244140625,152.86000061035156,152.90499877929688,152.90499877929688,4329.0
2025-11-24T17:39:00Z,152.89999389648438,152.92999267578125,152.89999389648438,152.92999267578125,152.92999267578125,2172.0
2025-11-24T17:40:00Z,152.97000122070312,152.97000122070312,152.91000366210938,152.91000366210938,152.91000366210938,1909.0
2025-11-24T17:41:00Z,152.91909790039062,152.9698944091797,152.86000061035156,152.86000061035156,152.86000061035156,11251.0
2025-11-24T17:42:00Z,152.89999389648438,152.90989685058594,152.82000732421875,152.85000610351562,152.85000610351562,12014.0
2025-11-24T17:43:00Z,152.85000610351562,152.889892578125,152.76499938964844,152.76499938964844,152.76499938964844,8104.0
2025-11-24T17:44:00Z,152.80999755859375,152.97000122070312,152.80999755859375,152.89500427246094,152.89500427246094,9930.0
2025-11-24T17:45:00Z,152.94419860839844,153.07000732421875,152.910400390625,152.97000122070312,152.97000122070312,22330.0
2025-11-24T17:46:00Z,152.9949951171875,153.00999450683594,152.82000732421875,153.00999450683594,153.00999450683594,16430.0
2025-11-24T17:47:00Z,153.0399932861328,153.3699951171875,152.93800354003906,153.1699981689453,153.1699981689453,46972.0
2025-11-24T17:48:00Z,153.14959716796875,153.25999450683594,153.05999755859375,153.07000732421875,153.07000732421875,19484.0
2025-11-24T17:49:00Z,153.08999633789062,153.1999969482422,153.00999450683594,153.0500030517578,153.0500030517578,8647.0
2025-11-24T17:50:00Z,152.97999572753906,153.08999633789062,152.97999572753906,153.0399932861328,153.0399932861328,6421.0
2025-11-24T17:51:00Z,153.0399932861328,153.0500030517578,152.97000122070312,153.00010681152344,153.00010681152344,3454.0
2025-11-24T17:52:00Z,153.0500030517578,153.10000610351562,153.0,153.0500030517578,153.0500030517578,6474.0
2025-11-24T17:53:00Z,153.0500030517578,153.07420349121094,152.99000549316406,152.99000549316406,152.99000549316406,3081.0
2025-11-24T17:54:00Z,153.0399932861328,153.05360412597656,152.94000244140625,152.94500732421875,152.94500732421875,3191.0
2025-11-24T17:55:00Z,152.92999267578125,152.9499969482422,152.8699951171875,152.9499969482422,152.9499969482422,4013.0
2025-11-24T17:56:00Z,152.8800048828125,152.88999938964844,152.83999633789062,152.85000610351562,152.85000610351562,3213.0
2025-11-24T17:57:00Z,152.86000061035156,152.89999389648438,152.85000610351562,152.89999389648438,152.89999389648438,4293.0
2025-11-24T17:58:00Z,152.92999267578125,152.97999572753906,152.9149932861328,152.92999267578125,152.92999267578125,3643.0
2025-11-24T17:59:00Z,153.00999450683594,153.00999450683594,152.9499969482422,152.97079467773438,152.97079467773438,1967.0
2025-11-24T18:00:00Z,152.94500732421875,152.94500732421875,152.94500732421875,152.94500732421875,152.94500732421875,1931.0
2025-11-24T18:01:00Z,152.90499877929688,152.9398956298828,152.81500244140625,152.83999633789062,152.83999633789062,3331.0
2025-11-24T18:02:00Z,152.83999633789062,152.94000244140625,152.83999633789062,152.94000244140625,152.94000244140625,1297.0
2025-11-24T18:03:00Z,152.92999267578125,152.99000549316406,152.9199981689453,152.9499969482422,152.9499969482422,2420.0
2025-11-24T18:04:00Z,153.0500030517578,153.0500030517578,153.02999877929688,153.02999877929688,153.02999877929688,1214.0
2025-11-24T18:05:00Z,153.0399932861328,153.1300048828125,153.0399932861328,153.08999633789062,153.08999633789062,3096.0
2025-11-24T18:06:00Z,153.0800018310547,153.1199951171875,153.07000732421875,153.1199951171875,153.1199951171875,921.0
2025-11-24T18:07:00Z,153.1342010498047,153.164306640625,153.1300048828125,153.1300048828125,153.1300048828125,1474.0
2025-11-24T18:08:00Z,153.08999633789062,153.16000366210938,152.97999572753906,152.99000549316406,152.99000549316406,8212.0
2025-11-24T18:09:00Z,152.98500061035156,153.10000610351562,152.9499969482422,153.10000610351562,153.10000610351562,5236.0
2025-11-24T18:10:00Z,153.14999389648438,153.14999389648438,153.0850067138672,153.0850067138672,153.0850067138672,3305.0
2025-11-24T18:12:00Z,153.19000244140625,153.24000549316406,153.17999267578125,153.17999267578125,153.17999267578125,2155.0
2025-11-24T18:13:00Z,153.17999267578125,153.22000122070312,153.17999267578125,153.2100067138672,153.2100067138672,934.0
2025-11-24T18:14:00Z,153.13999938964844,153.19000244140625,153.10000610351562,153.10000610351562,153.10000610351562,4066.0
2025-11-24T18:15:00Z,153.1199951171875,153.1199951171875,153.0800018310547,153.11000061035156,153.11000061035156,2304.0
2025-11-24T18:16:00Z,153.05320739746094,153.10499572753906,153.0,153.0,153.0,2371.0
2025-11-24T18:17:00Z,152.99000549316406,153.05499267578125,152.9499969482422,152.9499969482422,152.9499969482422,1837.0
2025-11-24T18:18:00Z,152.96499633789062,153.0399932861328,152.96499633789062,153.0,153.0,5653.0
2025-11-24T18:19:00Z,152.9600067138672,153.10000610351562,152.9600067138672,153.10000610351562,153.10000610351562,7245.0
2025-11-24T18:20:00Z,153.00999450683594,153.06500244140625,153.00999450683594,153.05499267578125,153.05499267578125,2814.0
2025-11-24T18:21:00Z,153.0399932861328,153.07000732421875,153.0399932861328,153.06500244140625,153.06500244140625,1822.0
2025-11-24T18:22:00Z,153.02000427246094,153.1197052001953,153.02000427246094,153.07000732421875,153.07000732421875,2778.0
2025-11-24T18:23:00Z,153.02999877929688,153.0800018310547,152.99000549316406,153.0399932861328,153.0399932861328,9738.0
2025-11-24T18:24:00Z,153.0399932861328,153.0500030517578,153.0,153.0449981689453,153.0449981689453,2221.0
2025-11-24T18:25:00Z,153.0500030517578,153.05999755859375,153.0500030517578,153.0500030517578,153.0500030517578,1258.0
2025-11-24T18:26:00Z,153.10000610351562,153.13999938964844,153.0500030517578,153.08999633789062,153.08999633789062,12198.0
2025-11-24T18:27:00Z,153.0800018310547,153.1125030517578,153.0800018310547,153.09500122070312,153.09500122070312,1338.0
2025-11-24T18:28:00Z,153.07000732421875,153.09500122070312,153.07000732421875,153.09500122070312,153.09500122070312,1906.0
2025-11-24T18:29:00Z,153.08999633789062,153.08999633789062,153.0399932861328,153.0399932861328,153.0399932861328,1350.0
2025-11-24T18:30:00Z,153.0749969482422,153.0749969482422,152.9499969482422,152.9600067138672,152.9600067138672,4238.0
2025-11-24T18:31:00Z,152.9199981689453,152.9199981689453,152.8699951171875,152.91000366210938,152.91000366210938,2274.0
2025-11-24T18:32:00Z,152.91000366210938,152.9600067138672,152.87010192871094,152.94500732421875,152.94500732421875,5478.0
2025-11-24T18:33:00Z,152.96499633789062,152.97000122070312,152.9600067138672,152.97000122070312,152.97000122070312,1324.0
2025-11-24T18:34:00Z,153.00999450683594,153.05999755859375,153.00999450683594,153.03500366210938,153.03500366210938,2072.0
2025-11-24T18:35:00Z,152.97999572753906,152.97999572753906,152.88999938964844,152.92999267578125,152.92999267578125,3027.0
2025-11-24T18:36:00Z,152.94000244140625,152.97000122070312,152.94000244140625,152.97000122070312,152.97000122070312,1331.0
2025-11-24T18:37:00Z,152.97500610351562,153.02960205078125,152.97500610351562,152.97999572753906,152.97999572753906,863.0
2025-11-24T18:38:00Z,152.97999572753906,152.97999572753906,152.97999572753906,152.97999572753906,152.97999572753906,2055.0
2025-11-24T18:39:00Z,152.94000244140625,152.94000244140625,152.94000244140625,152.94000244140625,152.94000244140625,529.0
2025-11-24T18:40:00Z,152.97000122070312,153.0050048828125,152.97000122070312,153.0050048828125,153.0050048828125,4324.0
2025-11-24T18:41:00Z,153.031005859375,153.07000732421875,153.031005859375,153.07000732421875,153.07000732421875,2942.0
2025-11-24T18:42:00Z,153.0749969482422,153.0800018310547,153.0500030517578,153.0800018310547,153.0800018310547,1905.0
2025-11-24T18:43:00Z,153.0850067138672,153.13999938964844,153.0850067138672,153.13999938964844,153.13999938964844,2136.0
2025-11-24T18:44:00Z,153.1300048828125,153.16000366210938,153.10000610351562,153.1300048828125,153.1300048828125,3397.0
2025-11-24T18:45:00Z,153.1300048828125,153.13510131835938,153.07009887695312,153.1300048828125,153.1300048828125,1838.0
2025-11-24T18:46:00Z,153.13999938964844,153.14500427246094,153.13999938964844,153.14500427246094,153.14500427246094,1201.0
2025-11-24T18:47:00Z,153.10000610351562,153.13999938964844,153.0800018310547,153.0800018310547,153.0800018310547,1325.0
2025-11-24T18:48:00Z,153.10499572753906,153.10499572753906,153.04010009765625,153.04010009765625,153.04010009765625,1258.0
2025-11-24T18:49:00Z,153.11000061035156,153.11000061035156,153.11000061035156,153.11000061035156,153.11000061035156,1190.0
2025-11-24T18:50:00Z,153.16000366210938,153.22999572753906,153.16000366210938,153.22999572753906,153.22999572753906,1833.0
2025-11-24T18:51:00Z,153.22999572753906,153.22999572753906,153.19000244140625,153.22999572753906,153.22999572753906,915.0
2025-11-24T18:52:00Z,153.22999572753906,153.26199340820312,153.22999572753906,153.26199340820312,153.26199340820312,1224.0
2025-11-24T18:53:00Z,153.22999572753906,153.27000427246094,153.22999572753906,153.27000427246094,153.27000427246094,1407.0
2025-11-24T18:54:00Z,153.27000427246094,153.31500244140625,152.8000030517578,152.8800048828125,152.8800048828125,12841.0
2025-11-24T18:55:00Z,152.86000061035156,152.94000244140625,152.86000061035156,152.91000366210938,152.91000366210938,1716.0
2025-11-24T18:56:00Z,152.90499877929688,153.0,152.90499877929688,152.97000122070312,152.97000122070312,3149.0
2025-11-24T18:57:00Z,152.9550018310547,152.9550018310547,152.89999389648438,152.9199981689453,152.9199981689453,2932.0
2025-11-24T18:58:00Z,152.9199981689453,152.9600067138672,152.9149932861328,152.9600067138672,152.9600067138672,3823.0
2025-11-24T18:59:00Z,152.9600067138672,152.9600067138672,152.89999389648438,152.94000244140625,152.94000244140625,4068.0
2025-11-24T19:00:00Z,152.9499969482422,152.97999572753906,152.8300018310547,152.89999389648438,152.89999389648438,7839.0
2025-11-24T19:01:00Z,152.91000366210938,152.96499633789062,152.8699951171875,152.92999267578125,152.92999267578125,5958.0
2025-11-24T19:02:00Z,152.91879272460938,153.02499389648438,152.91000366210938,153.02499389648438,153.02499389648438,4788.0
2025-11-24T19:03:00Z,153.00999450683594,153.05499267578125,153.00999450683594,153.05499267578125,153.05499267578125,3368.0
2025-11-24T19:04:00Z,153.05499267578125,153.05499267578125,153.0,153.03500366210938,153.03500366210938,2839.0
2025-11-24T19:05:00Z,153.03500366210938,153.03500366210938,152.89999389648438,152.89999389648438,152.89999389648438,2879.0
2025-11-24T19:06:00Z,152.92999267578125,152.96499633789062,152.9199981689453,152.96499633789062,152.96499633789062,1353.0
2025-11-24T19:07:00Z,152.91000366210938,152.91000366210938,152.8000030517578,152.8000030517578,152.8000030517578,5858.0
2025-11-24T19:08:00Z,152.7279052734375,152.77999877929688,152.63999938964844,152.6750030517578,152.6750030517578,3751.0
2025-11-24T19:09:00Z,152.59500122070312,152.59500122070312,152.52999877929688,152.52999877929688,152.52999877929688,2014.0
2025-11-24T19:10:00Z,152.49000549316406,152.49000549316406,152.4600067138672,152.4774932861328,152.4774932861328,6612.0
2025-11-24T19:11:00Z,152.47500610351562,152.47500610351562,152.3603973388672,152.3603973388672,152.3603973388672,4483.0
2025-11-24T19:12:00Z,152.35000610351562,152.36000061035156,152.32000732421875,152.3249969482422,152.3249969482422,2557.0
2025-11-24T19:13:00Z,152.3000030517578,152.3000030517578,152.25999450683594,152.26499938964844,152.26499938964844,5494.0
2025-11-24T19:14:00Z,152.26499938964844,152.27999877929688,152.25,152.26499938964844,152.26499938964844,7576.0
2025-11-24T19:15:00Z,152.3000030517578,152.41000366210938,152.3000030517578,152.375,152.375,6531.0
2025-11-24T19:16:00Z,152.3300018310547,152.38999938964844,152.3300018310547,152.37249755859375,152.37249755859375,10955.0
2025-11-24T19:17:00Z,152.3000030517578,152.3699951171875,152.3000030517578,152.3699951171875,152.3699951171875,4440.0
2025-11-24T19:18:00Z,152.4199981689453,152.4199981689453,152.4199981689453,152.4199981689453,152.4199981689453,2935.0
2025-11-24T19:19:00Z,152.4600067138672,152.47000122070312,152.35479736328125,152.4512939453125,152.4512939453125,1931.0
2025-11-24T19:20:00Z,152.42999267578125,152.42999267578125,152.42999267578125,152.42999267578125,152.42999267578125,777.0
2025-11-24T19:21:00Z,152.47999572753906,152.47999572753906,152.47999572753906,152.47999572753906,152.47999572753906,739.0
2025-11-24T19:22:00Z,152.42999267578125,152.47999572753906,152.41000366210938,152.4600067138672,152.4600067138672,3117.0
2025-11-24T19:23:00Z,152.42999267578125,152.50999450683594,152.42999267578125,152.50999450683594,152.50999450683594,2519.0
2025-11-24T19:24:00Z,152.6300048828125,152.6300048828125,152.49000549316406,152.49000549316406,152.49000549316406,9414.0
2025-11-24T19:25:00Z,152.44000244140625,152.5211944580078,152.42999267578125,152.5211944580078,152.5211944580078,4976.0
2025-11-24T19:26:00Z,152.5800018310547,152.6750030517578,152.55999755859375,152.66000366210938,152.66000366210938,9267.0
2025-11-24T19:27:00Z,152.6300048828125,152.72999572753906,152.625,152.7100067138672,152.7100067138672,3468.0
2025-11-24T19:28:00Z,152.72999572753906,152.8300018310547,152.6699981689453,152.8300018310547,152.8300018310547,7431.0
2025-11-24T19:29:00Z,152.77499389648438,152.8300018310547,152.77499389648438,152.8300018310547,152.8300018310547,1548.0
2025-11-24T19:30:00Z,152.86000061035156,152.8800048828125,152.58999633789062,152.6999053955078,152.6999053955078,7778.0
2025-11-24T19:31:00Z,152.66000366210938,152.68499755859375,152.58999633789062,152.61000061035156,152.61000061035156,3039.0
2025-11-24T19:32:00Z,152.6300048828125,152.67999267578125,152.6300048828125,152.63999938964844,152.63999938964844,1832.0
2025-11-24T19:33:00Z,152.64999389648438,152.75,152.60000610351562,152.74000549316406,152.74000549316406,8292.0
2025-11-24T19:34:00Z,152.75,152.7550048828125,152.74000549316406,152.7449951171875,152.7449951171875,1530.0
2025-11-24T19:35:00Z,152.67999267578125,152.7050018310547,152.65150451660156,152.7050018310547,152.7050018310547,3258.0
2025-11-24T19:36:00Z,152.74000549316406,152.7429962158203,152.71499633789062,152.72999572753906,152.72999572753906,1714.0
2025-11-24T19:37:00Z,152.67999267578125,152.75,152.66000366210938,152.75,152.75,6995.0
2025-11-24T19:38:00Z,152.77000427246094,152.8699951171875,152.76499938964844,152.8616943359375,152.8616943359375,2414.0
2025-11-24T19:39:00Z,152.85000610351562,152.85000610351562,152.8350067138672,152.8350067138672,152.8350067138672,1479.0
2025-11-24T19:40:00Z,152.83999633789062,152.8699951171875,152.83999633789062,152.8699951171875,152.8699951171875,907.0
2025-11-24T19:41:00Z,152.85000610351562,152.91000366210938,152.85000610351562,152.91000366210938,152.91000366210938,3050.0
2025-11-24T19:42:00Z,152.92999267578125,152.92999267578125,152.88499450683594,152.88499450683594,152.88499450683594,2162.0
2025-11-24T19:43:00Z,152.88499450683594,152.88499450683594,152.83999633789062,152.8800048828125,152.8800048828125,2489.0
2025-11-24T19:44:00Z,152.88999938964844,152.89999389648438,152.8800048828125,152.8800048828125,152.8800048828125,2321.0
2025-11-24T19:48:00Z,152.88999938964844,152.88999938964844,152.8000030517578,152.84500122070312,152.84500122070312,6780.0
2025-11-24T19:49:00Z,152.8000030517578,152.8249969482422,152.7899932861328,152.7899932861328,152.7899932861328,4165.0
2025-11-24T19:50:00Z,152.7899932861328,152.86000061035156,152.7899932861328,152.86000061035156,152.86000061035156,2586.0
2025-11-24T19:51:00Z,152.80499267578125,152.80499267578125,152.7100067138672,152.72999572753906,152.72999572753906,4804.0
2025-11-24T19:52:00Z,152.72500610351562,152.75,152.6999969482422,152.72000122070312,152.72000122070312,5697.0
2025-11-24T19:53:00Z,152.72000122070312,152.75,152.67999267578125,152.7100067138672,152.7100067138672,2429.0
2025-11-24T19:54:00Z,152.7100067138672,152.7100067138672,152.7100067138672,152.7100067138672,152.7100067138672,342.0
2025-11-24T19:55:00Z,152.72999572753906,152.75999450683594,152.71499633789062,152.7178955078125,152.7178955078125,2286.0
2025-11-24T19:56:00Z,152.75,152.75,152.67999267578125,152.69500732421875,152.69500732421875,2230.0
2025-11-24T19:57:00Z,152.6925048828125,152.74000549316406,152.6925048828125,152.74000549316406,152.74000549316406,3699.0
2025-11-24T19:58:00Z,152.6999969482422,152.6999969482422,152.6999969482422,152.6999969482422,152.6999969482422,563.0
2025-11-24T19:59:00Z,152.65499877929688,152.65499877929688,152.5800018310547,152.58999633789062,152.58999633789062,11314.0
2025-11-24T20:00:00Z,152.63999938964844,152.6737060546875,152.5850067138672,152.64999389648438,152.64999389648438,7477.0
2025-11-24T20:01:00Z,152.69000244140625,152.7100067138672,152.6649932861328,152.69000244140625,152.69000244140625,1917.0
2025-11-24T20:02:00Z,152.6750030517578,152.74000549316406,152.6699981689453,152.74000549316406,152.74000549316406,2498.0
2025-11-24T20:03:00Z,152.74000549316406,152.8000030517578,152.74000549316406,152.75,152.75,2555.0
2025-11-24T20:04:00Z,152.7100067138672,152.75999450683594,152.66000366210938,152.75999450683594,152.75999450683594,3426.0
2025-11-24T20:05:00Z,152.75,152.75,152.7449951171875,152.7449951171875,152.7449951171875,944.0
2025-11-24T20:06:00Z,152.6999969482422,152.7100067138672,152.66000366210938,152.7100067138672,152.7100067138672,2795.0
2025-11-24T20:07:00Z,152.7100067138672,152.75,152.7100067138672,152.75,152.75,2062.0
2025-11-24T20:08:00Z,152.67999267578125,152.69000244140625,152.6199951171875,152.6300048828125,152.6300048828125,4931.0
2025-11-24T20:09:00Z,152.60000610351562,152.6595001220703,152.5800018310547,152.5800018310547,152.5800018310547,1249.0
2025-11-24T20:10:00Z,152.61000061035156,152.61000061035156,152.50999450683594,152.5399932861328,152.5399932861328,3802.0
2025-11-24T20:11:00Z,152.5399932861328,152.6999969482422,152.5399932861328,152.6999969482422,152.6999969482422,4937.0
2025-11-24T20:12:00Z,152.6699981689453,152.6699981689453,152.63999938964844,152.63999938964844,152.63999938964844,1583.0
2025-11-24T20:13:00Z,152.63499450683594,152.6699981689453,152.63499450683594,152.6699981689453,152.6699981689453,1197.0
2025-11-24T20:14:00Z,152.60000610351562,152.6199951171875,152.52000427246094,152.5850067138672,152.5850067138672,6104.0
2025-11-24T20:15:00Z,152.63999938964844,152.63999938964844,152.52999877929688,152.5800018310547,152.5800018310547,4091.0
2025-11-24T20:16:00Z,152.5399932861328,152.61000061035156,152.50999450683594,152.61000061035156,152.61000061035156,6070.0
2025-11-24T20:17:00Z,152.58999633789062,152.64999389648438,152.58999633789062,152.64999389648438,152.64999389648438,3690.0
2025-11-24T20:18:00Z,152.55999755859375,152.66000366210938,152.55099487304688,152.63999938964844,152.63999938964844,3004.0
2025-11-24T20:19:00Z,152.64999389648438,152.64999389648438,152.6300048828125,152.6300048828125,152.6300048828125,1612.0
2025-11-24T20:20:00Z,152.60000610351562,152.63999938964844,152.58999633789062,152.58999633789062,152.58999633789062,3186.0
2025-11-24T20:21:00Z,152.6300048828125,152.67990112304688,152.60000610351562,152.67990112304688,152.67990112304688,4695.0
2025-11-24T20:22:00Z,152.63999938964844,152.82000732421875,152.63999938964844,152.82000732421875,152.82000732421875,5827.0
2025-11-24T20:23:00Z,152.80499267578125,152.83999633789062,152.80499267578125,152.80499267578125,152.80499267578125,3471.0
2025-11-24T20:24:00Z,152.77000427246094,152.7899932861328,152.76499938964844,152.76499938964844,152.76499938964844,2793.0
2025-11-24T20:25:00Z,152.74000549316406,152.77999877929688,152.68099975585938,152.68099975585938,152.68099975585938,8376.0
2025-11-24T20:26:00Z,152.7050018310547,152.7050018310547,152.64999389648438,152.67999267578125,152.67999267578125,3478.0
2025-11-24T20:27:00Z,152.68499755859375,152.77999877929688,152.68499755859375,152.75,152.75,5152.0
2025-11-24T20:28:00Z,152.7449951171875,152.78109741210938,152.7449951171875,152.7449951171875,152.7449951171875,2691.0
2025-11-24T20:29:00Z,152.8000030517578,152.85000610351562,152.74000549316406,152.81500244140625,152.81500244140625,4241.0
2025-11-24T20:30:00Z,152.82000732421875,152.88999938964844,152.82000732421875,152.85000610351562,152.85000610351562,6595.0
2025-11-24T20:31:00Z,152.92999267578125,152.94500732421875,152.88999938964844,152.9375,152.9375,1866.0
2025-11-24T20:32:00Z,152.91000366210938,152.94000244140625,152.8699951171875,152.9199981689453,152.9199981689453,5978.0
2025-11-24T20:33:00Z,152.90499877929688,152.91000366210938,152.8300018310547,152.83999633789062,152.83999633789062,9005.0
2025-11-24T20:34:00Z,152.83999633789062,153.02000427246094,152.83999633789062,152.95899963378906,152.95899963378906,6526.0
2025-11-24T20:35:00Z,153.00999450683594,153.07000732421875,152.97000122070312,153.02000427246094,153.02000427246094,4154.0
2025-11-24T20:36:00Z,153.01950073242188,153.1999969482422,152.99000549316406,153.14500427246094,153.14500427246094,15403.0
2025-11-24T20:37:00Z,153.1699981689453,153.1999969482422,153.13169860839844,153.14500427246094,153.14500427246094,4610.0
2025-11-24T20:38:00Z,153.1699981689453,153.2100067138672,153.10000610351562,153.10000610351562,153.10000610351562,9267.0
2025-11-24T20:39:00Z,153.11000061035156,153.11000061035156,153.0800018310547,153.09500122070312,153.09500122070312,4423.0
2025-11-24T20:40:00Z,153.1024932861328,153.14500427246094,153.10000610351562,153.10000610351562,153.10000610351562,4861.0
2025-11-24T20:41:00Z,153.10000610351562,153.10000610351562,153.02000427246094,153.0399932861328,153.0399932861328,7439.0
2025-11-24T20:42:00Z,152.99000549316406,153.0,152.83999633789062,152.92999267578125,152.92999267578125,13892.0
2025-11-24T20:43:00Z,152.89500427246094,153.02999877929688,152.89500427246094,153.02999877929688,153.02999877929688,5665.0
2025-11-24T20:44:00Z,153.02999877929688,153.1199951171875,153.02999877929688,153.0850067138672,153.0850067138672,6330.0
2025-11-24T20:45:00Z,153.0850067138672,153.18499755859375,153.0850067138672,153.18499755859375,153.18499755859375,6407.0
2025-11-24T20:46:00Z,153.1750030517578,153.2001953125,153.1199951171875,153.16000366210938,153.16000366210938,4167.0
2025-11-24T20:47:00Z,153.10000610351562,153.11000061035156,153.0399932861328,153.0399932861328,153.0399932861328,5751.0
2025-11-24T20:48:00Z,153.0800018310547,153.0800018310547,153.02000427246094,153.02000427246094,153.02000427246094,8400.0
2025-11-24T20:49:00Z,153.02000427246094,153.02749633789062,152.89999389648438,152.92750549316406,152.92750549316406,11528.0
2025-11-24T20:50:00Z,152.89999389648438,152.9550018310547,152.6699981689453,152.75,152.75,19047.0
2025-11-24T20:51:00Z,152.7899932861328,153.0142059326172,152.7899932861328,152.98500061035156,152.98500061035156,15040.0
2025-11-24T20:52:00Z,153.0,153.0,152.82000732421875,152.9600067138672,152.9600067138672,15876.0
2025-11-24T20:53:00Z,152.9600067138672,153.24000549316406,152.9600067138672,153.2100067138672,153.2100067138672,13306.0
2025-11-24T20:54:00Z,153.25,153.41000366210938,153.2100067138672,153.39999389648438,153.39999389648438,17189.0
2025-11-24T20:55:00Z,153.3000030517578,153.60000610351562,153.3000030517578,153.3300018310547,153.3300018310547,21461.0
2025-11-24T20:56:00Z,153.33450317382812,153.33450317382812,153.2100067138672,153.27999877929688,153.27999877929688,29509.0
2025-11-24T20:57:00Z,153.24000549316406,153.25,152.98500061035156,153.03500366210938,153.03500366210938,21810.0
2025-11-24T20:58:00Z,153.03500366210938,153.32989501953125,153.03500366210938,153.22500610351562,153.22500610351562,54620.0
2025-11-24T20:59:00Z,153.22500610351562,153.5800018310547,153.2100067138672,153.52999877929688,153.52999877929688,92399.0
2025-12-02T14:31:00Z,150.94500732421875,151.0500030517578,150.75,150.9824981689453,150.9824981689453,6345.0
2025-12-02T14:32:00Z,151.02000427246094,151.1999969482422,150.82000732421875,151.08999633789062,151.08999633789062,11509.0
2025-12-02T14:33:00Z,151.00999450683594,151.27000427246094,150.9499969482422,151.02499389648438,151.02499389648438,6707.0
2025-12-02T14:34:00Z,151.02499389648438,151.0399932861328,150.75,151.0399932861328,151.0399932861328,3858.0
2025-12-02T14:35:00Z,150.8300018310547,151.0399932861328,150.8300018310547,151.0399932861328,151.0399932861328,859.0
2025-12-02T14:36:00Z,150.99000549316406,151.03500366210938,150.99000549316406,151.03500366210938,151.03500366210938,1225.0
2025-12-02T14:37:00Z,151.00999450683594,151.24000549316406,150.7899932861328,151.00250244140625,151.00250244140625,13237.0
2025-12-02T14:38:00Z,150.98500061035156,150.98500061035156,150.98500061035156,150.98500061035156,150.98500061035156,235.0
2025-12-02T14:39:00Z,150.98500061035156,151.28500366210938,150.98500061035156,151.28500366210938,151.28500366210938,1971.0
2025-12-02T14:40:00Z,151.27540588378906,151.28500366210938,151.1300048828125,151.1699981689453,151.1699981689453,2154.0
2025-12-02T14:41:00Z,151.24000549316406,151.2899932861328,151.24000549316406,151.27999877929688,151.27999877929688,1359.0
2025-12-02T14:42:00Z,151.2949981689453,151.42999267578125,151.2949981689453,151.42999267578125,151.42999267578125,821.0
2025-12-02T14:43:00Z,151.4550018310547,151.4550018310547,151.24000549316406,151.27499389648438,151.27499389648438,5004.0
2025-12-02T14:44:00Z,151.1300048828125,151.1999969482422,151.02499389648438,151.09500122070312,151.09500122070312,3751.0
2025-12-02T14:45:00Z,150.9949951171875,151.13999938964844,150.97000122070312,151.13999938964844,151.13999938964844,2687.0
2025-12-02T14:46:00Z,151.02499389648438,151.18609619140625,151.01100158691406,151.18609619140625,151.18609619140625,3836.0
2025-12-02T14:47:00Z,151.11000061035156,151.32000732421875,151.0,151.32000732421875,151.32000732421875,3621.0
2025-12-02T14:48:00Z,151.32000732421875,151.36000061035156,151.22000122070312,151.22000122070312,151.22000122070312,2336.0
2025-12-02T14:49:00Z,151.0500030517578,151.07000732421875,151.0,151.0,151.0,2288.0
2025-12-02T14:50:00Z,150.94000244140625,151.08999633789062,150.93499755859375,151.08999633789062,151.08999633789062,2273.0
2025-12-02T14:51:00Z,150.9893035888672,151.05999755859375,150.9893035888672,150.99000549316406,150.99000549316406,1615.0
2025-12-02T14:52:00Z,150.9499969482422,151.02499389648438,150.6199951171875,150.6199951171875,150.6199951171875,5615.0
2025-12-02T14:53:00Z,150.75,150.75,150.47000122070312,150.5749969482422,150.5749969482422,1209.0
2025-12-02T14:54:00Z,150.5749969482422,150.5749969482422,150.4600067138672,150.57000732421875,150.57000732421875,2910.0
2025-12-02T14:55:00Z,150.5500030517578,150.55999755859375,150.5500030517578,150.5574951171875,150.5574951171875,625.0
2025-12-02T14:56:00Z,150.55999755859375,150.55999755859375,150.5500030517578,150.5500030517578,150.5500030517578,1407.0
2025-12-02T14:57:00Z,150.47000122070312,150.52000427246094,150.39999389648438,150.52000427246094,150.52000427246094,3884.0
2025-12-02T14:58:00Z,150.55999755859375,150.5800018310547,150.47000122070312,150.4949951171875,150.4949951171875,3018.0
2025-12-02T14:59:00Z,150.47999572753906,150.5500030517578,150.326904296875,150.38999938964844,150.38999938964844,3965.0
2025-12-02T15:00:00Z,150.38999938964844,150.63999938964844,150.3350067138672,150.4250030517578,150.4250030517578,1701.0
2025-12-02T15:01:00Z,150.42999267578125,150.49989318847656,149.72999572753906,149.72999572753906,149.72999572753906,13392.0
2025-12-02T15:02:00Z,149.89999389648438,149.89999389648438,149.69000244140625,149.85000610351562,149.85000610351562,3473.0
2025-12-02T15:03:00Z,149.72000122070312,149.79750061035156,149.72000122070312,149.72500610351562,149.72500610351562,855.0
2025-12-02T15:04:00Z,149.8350067138672,149.8350067138672,149.64999389648438,149.64999389648438,149.64999389648438,1598.0
2025-12-02T15:05:00Z,149.72000122070312,149.72000122070312,149.7050018310547,149.7050018310547,149.7050018310547,676.0
2025-12-02T15:06:00Z,149.82000732421875,149.82000732421875,149.69549560546875,149.7050018310547,149.7050018310547,1857.0
2025-12-02T15:07:00Z,149.74000549316406,150.09500122070312,149.74000549316406,150.09500122070312,150.09500122070312,2774.0
2025-12-02T15:08:00Z,150.19000244140625,150.25,150.13499450683594,150.25,150.25,1718.0
2025-12-02T15:09:00Z,150.14999389648438,150.35000610351562,149.82000732421875,150.1999969482422,150.1999969482422,27022.0
2025-12-02T15:10:00Z,150.1999969482422,150.2050018310547,150.0800018310547,150.2050018310547,150.2050018310547,1187.0
2025-12-02T15:11:00Z,150.22500610351562,150.3300018310547,150.22500610351562,150.3300018310547,150.3300018310547,2794.0
2025-12-02T15:12:00Z,150.38999938964844,150.4499969482422,150.38999938964844,150.4499969482422,150.4499969482422,3392.0
2025-12-02T15:13:00Z,150.44500732421875,150.47000122070312,150.25,150.25,150.25,4221.0
2025-12-02T15:14:00Z,150.2550048828125,150.548095703125,150.2550048828125,150.548095703125,150.548095703125,12524.0
2025-12-02T15:15:00Z,150.5399932861328,150.75,150.5399932861328,150.75,150.75,1013.0
2025-12-02T15:16:00Z,150.72000122070312,150.72999572753906,150.55999755859375,150.66000366210938,150.66000366210938,2264.0
2025-12-02T15:17:00Z,150.56500244140625,150.77999877929688,150.56500244140625,150.77999877929688,150.77999877929688,1508.0
2025-12-02T15:18:00Z,150.7100067138672,150.8300018310547,150.7100067138672,150.73500061035156,150.73500061035156,2349.0
2025-12-02T15:19:00Z,150.6125030517578,150.8000030517578,150.5500030517578,150.8000030517578,150.8000030517578,1405.0
2025-12-02T15:20:00Z,150.6750030517578,150.72500610351562,150.59750366210938,150.6199951171875,150.6199951171875,3721.0
2025-12-02T15:21:00Z,150.5399932861328,150.57000732421875,150.3300018310547,150.41000366210938,150.41000366210938,7583.0
2025-12-02T15:22:00Z,150.47000122070312,150.47000122070312,150.47000122070312,150.47000122070312,150.47000122070312,634.0
2025-12-02T15:23:00Z,150.33030700683594,150.4149932861328,150.33030700683594,150.4149932861328,150.4149932861328,737.0
2025-12-02T15:25:00Z,150.30999755859375,150.30999755859375,150.21499633789062,150.21499633789062,150.21499633789062,1492.0
2025-12-02T15:26:00Z,150.3000030517578,150.3000030517578,150.3000030517578,150.3000030517578,150.3000030517578,212.0
2025-12-02T15:28:00Z,149.86000061035156,149.86000061035156,149.86000061035156,149.86000061035156,149.86000061035156,5757.0
2025-12-02T15:29:00Z,149.8000030517578,149.83999633789062,149.75,149.7899932861328,149.7899932861328,2184.0
2025-12-02T15:30:00Z,149.7899932861328,149.8300018310547,149.7899932861328,149.8300018310547,149.8300018310547,1283.0
2025-12-02T15:31:00Z,149.86000061035156,149.88999938964844,149.76780700683594,149.76780700683594,149.76780700683594,1672.0
2025-12-02T15:32:00Z,149.77000427246094,149.88499450683594,149.66000366210938,149.75999450683594,149.75999450683594,13154.0
2025-12-02T15:33:00Z,149.61590576171875,149.75,149.61590576171875,149.75,149.75,1872.0
2025-12-02T15:34:00Z,149.78500366210938,149.9949951171875,149.78500366210938,149.9949951171875,149.9949951171875,2419.0
2025-12-02T15:35:00Z,149.9199981689453,150.02000427246094,149.91000366210938,149.98500061035156,149.98500061035156,2030.0
2025-12-02T15:36:00Z,150.07000732421875,150.1750030517578,149.99000549316406,150.1750030517578,150.1750030517578,8275.0
2025-12-02T15:37:00Z,150.1750030517578,150.3249969482422,150.1750030517578,150.3249969482422,150.3249969482422,1357.0
2025-12-02T15:38:00Z,150.2100067138672,150.2100067138672,150.1748046875,150.1748046875,150.1748046875,1855.0
2025-12-02T15:39:00Z,150.1699981689453,150.1699981689453,150.13999938964844,150.13999938964844,150.13999938964844,1484.0
2025-12-02T15:40:00Z,150.1699981689453,150.1699981689453,150.1699981689453,150.1699981689453,150.1699981689453,593.0
2025-12-02T15:41:00Z,150.3300018310547,150.3300018310547,150.24000549316406,150.30499267578125,150.30499267578125,2582.0
2025-12-02T15:42:00Z,150.3249969482422,150.39500427246094,150.3249969482422,150.39500427246094,150.39500427246094,893.0
2025-12-02T15:43:00Z,150.3350067138672,150.39999389648438,150.3350067138672,150.39999389648438,150.39999389648438,1821.0
2025-12-02T15:44:00Z,150.43499755859375,150.43499755859375,150.43499755859375,150.43499755859375,150.43499755859375,366.0
2025-12-02T15:45:00Z,150.4199981689453,150.4199981689453,150.4199981689453,150.4199981689453,150.4199981689453,2151.0
2025-12-02T15:46:00Z,150.5500030517578,150.5500030517578,150.52999877929688,150.52999877929688,150.52999877929688,1042.0
2025-12-02T15:47:00Z,150.47999572753906,150.58999633789062,150.44000244140625,150.58999633789062,150.58999633789062,6495.0
2025-12-02T15:48:00Z,150.58999633789062,150.58999633789062,150.5850067138672,150.5850067138672,150.5850067138672,384.0
2025-12-02T15:49:00Z,150.5,150.5500030517578,150.49000549316406,150.5500030517578,150.5500030517578,1399.0
2025-12-02T15:50:00Z,150.55999755859375,150.5800018310547,150.55999755859375,150.5800018310547,150.5800018310547,901.0
2025-12-02T15:51:00Z,150.61000061035156,150.6699981689453,150.61000061035156,150.65499877929688,150.65499877929688,2264.0
2025-12-02T15:52:00Z,150.69500732421875,150.7100067138672,150.55999755859375,150.64999389648438,150.64999389648438,5260.0
2025-12-02T15:53:00Z,150.49000549316406,150.55999755859375,150.42999267578125,150.50999450683594,150.50999450683594,2126.0
2025-12-02T15:54:00Z,150.52000427246094,150.61000061035156,150.52000427246094,150.61000061035156,150.61000061035156,825.0
2025-12-02T15:55:00Z,150.52999877929688,150.72000122070312,150.52999877929688,150.72000122070312,150.72000122070312,2005.0
2025-12-02T15:56:00Z,150.67999267578125,150.78500366210938,150.67999267578125,150.77200317382812,150.77200317382812,812.0
2025-12-02T15:57:00Z,150.7949981689453,150.7949981689453,150.7100067138672,150.7100067138672,150.7100067138672,3992.0
2025-12-02T15:58:00Z,150.74000549316406,150.86000061035156,150.72000122070312,150.80999755859375,150.80999755859375,4963.0
2025-12-02T15:59:00Z,150.82000732421875,150.85000610351562,150.72000122070312,150.72000122070312,150.72000122070312,2367.0
2025-12-02T16:00:00Z,150.6300048828125,150.6300048828125,150.61000061035156,150.61500549316406,150.61500549316406,1169.0
2025-12-02T16:01:00Z,150.61500549316406,150.6699981689453,150.50999450683594,150.5399932861328,150.5399932861328,3728.0
2025-12-02T16:03:00Z,150.61000061035156,150.67999267578125,150.61000061035156,150.65499877929688,150.65499877929688,1793.0
2025-12-02T16:04:00Z,150.71499633789062,150.71499633789062,150.71499633789062,150.71499633789062,150.71499633789062,452.0
2025-12-02T16:05:00Z,150.6699981689453,150.78500366210938,150.6699981689453,150.72000122070312,150.72000122070312,3397.0
2025-12-02T16:06:00Z,150.69000244140625,150.69000244140625,150.64999389648438,150.6699981689453,150.6699981689453,1640.0
2025-12-02T16:07:00Z,150.6999969482422,150.6999969482422,150.6999969482422,150.6999969482422,150.6999969482422,1094.0
2025-12-02T16:08:00Z,150.7100067138672,150.7899932861328,150.6199951171875,150.75999450683594,150.75999450683594,2852.0
2025-12-02T16:09:00Z,150.75,150.75,150.71499633789062,150.71499633789062,150.71499633789062,1591.0
2025-12-02T16:10:00Z,150.6199951171875,150.72000122070312,150.5850067138672,150.72000122070312,150.72000122070312,8765.0
2025-12-02T16:11:00Z,150.625,150.625,150.6199951171875,150.6199951171875,150.6199951171875,3154.0
2025-12-02T16:12:00Z,150.60499572753906,150.74000549316406,150.52999877929688,150.52999877929688,150.52999877929688,8690.0
2025-12-02T16:13:00Z,150.5,150.5,150.375,150.375,150.375,3503.0
2025-12-02T16:14:00Z,150.32000732421875,150.32000732421875,150.22000122070312,150.2454071044922,150.2454071044922,2632.0
2025-12-02T16:15:00Z,150.22000122070312,150.3350067138672,150.22000122070312,150.3300018310547,150.3300018310547,1612.0
2025-12-02T16:16:00Z,150.3300018310547,150.3350067138672,150.3300018310547,150.3350067138672,150.3350067138672,1540.0
2025-12-02T16:18:00Z,150.25,150.27000427246094,150.1300048828125,150.1300048828125,150.1300048828125,4165.0
2025-12-02T16:19:00Z,150.0399932861328,150.110107421875,150.02000427246094,150.0449981689453,150.0449981689453,1172.0
2025-12-02T16:20:00Z,150.22999572753906,150.22999572753906,150.1199951171875,150.22999572753906,150.22999572753906,2148.0
2025-12-02T16:21:00Z,150.27999877929688,150.3350067138672,150.22000122070312,150.22000122070312,150.22000122070312,2654.0
2025-12-02T16:22:00Z,150.2100067138672,150.27000427246094,150.2100067138672,150.27000427246094,150.27000427246094,1990.0
2025-12-02T16:23:00Z,150.22999572753906,150.24000549316406,150.22999572753906,150.24000549316406,150.24000549316406,981.0
2025-12-02T16:24:00Z,150.25,150.25,150.25,150.25,150.25,641.0
2025-12-02T16:25:00Z,150.24000549316406,150.24000549316406,150.1199951171875,150.1199951171875,150.1199951171875,1480.0
2025-12-02T16:26:00Z,150.1199951171875,150.1300048828125,150.11000061035156,150.11000061035156,150.11000061035156,1333.0
2025-12-02T16:27:00Z,150.13999938964844,150.33999633789062,150.13999938964844,150.32000732421875,150.32000732421875,4157.0
2025-12-02T16:28:00Z,150.24000549316406,150.34500122070312,150.24000549316406,150.34500122070312,150.34500122070312,1737.0
2025-12-02T16:29:00Z,150.25999450683594,150.3000030517578,150.24000549316406,150.2949981689453,150.2949981689453,1000.0
2025-12-02T16:30:00Z,150.22999572753906,150.24000549316406,150.22000122070312,150.22000122070312,150.22000122070312,1469.0
2025-12-02T16:31:00Z,150.15499877929688,150.2449951171875,150.1300048828125,150.1300048828125,150.1300048828125,3458.0
2025-12-02T16:32:00Z,150.1199951171875,150.22000122070312,150.10000610351562,150.2050018310547,150.2050018310547,5268.0
2025-12-02T16:33:00Z,150.22000122070312,150.3000030517578,150.22000122070312,150.27499389648438,150.27499389648438,2735.0
2025-12-02T16:34:00Z,150.32000732421875,150.3800048828125,150.3000030517578,150.3800048828125,150.3800048828125,2250.0
2025-12-02T16:35:00Z,150.36000061035156,150.38499450683594,150.3300018310547,150.3300018310547,150.3300018310547,6098.0
2025-12-02T16:36:00Z,150.35499572753906,150.35499572753906,150.10000610351562,150.16000366210938,150.16000366210938,2533.0
2025-12-02T16:37:00Z,150.22999572753906,150.27000427246094,150.1300048828125,150.1300048828125,150.1300048828125,2628.0
2025-12-02T16:38:00Z,150.2100067138672,150.2100067138672,150.1300048828125,150.19000244140625,150.19000244140625,1452.0
2025-12-02T16:39:00Z,150.25999450683594,150.36000061035156,150.25,150.27499389648438,150.27499389648438,2148.0
2025-12-02T16:40:00Z,150.2790069580078,150.31500244140625,150.1300048828125,150.2100067138672,150.2100067138672,4140.0
2025-12-02T16:41:00Z,150.2100067138672,150.2100067138672,150.14999389648438,150.14999389648438,150.14999389648438,935.0
2025-12-02T16:42:00Z,150.1300048828125,150.1300048828125,149.97000122070312,150.0574951171875,150.0574951171875,2711.0
2025-12-02T16:43:00Z,150.05499267578125,150.05499267578125,149.97000122070312,149.97000122070312,149.97000122070312,1717.0
2025-12-02T16:44:00Z,150.03500366210938,150.1199951171875,150.0,150.1199951171875,150.1199951171875,1376.0
2025-12-02T16:45:00Z,149.9600067138672,149.9600067138672,149.82000732421875,149.88999938964844,149.88999938964844,2142.0
2025-12-02T16:46:00Z,149.85499572753906,150.0,149.75,149.98500061035156,149.98500061035156,5360.0
2025-12-02T16:47:00Z,150.0,150.0,149.9199981689453,149.9499969482422,149.9499969482422,1284.0
2025-12-02T16:48:00Z,149.9499969482422,149.9499969482422,149.77000427246094,149.77499389648438,149.77499389648438,2521.0
2025-12-02T16:49:00Z,149.77999877929688,149.77999877929688,149.77999877929688,149.77999877929688,149.77999877929688,426.0
2025-12-02T16:50:00Z,149.78500366210938,149.8000030517578,149.72000122070312,149.8000030517578,149.8000030517578,1595.0
2025-12-02T16:51:00Z,149.80999755859375,149.80999755859375,149.72000122070312,149.80999755859375,149.80999755859375,1620.0
2025-12-02T16:52:00Z,149.82000732421875,149.82000732421875,149.75,149.7550048828125,149.7550048828125,1917.0
2025-12-02T16:53:00Z,149.75,149.7899932861328,149.72999572753906,149.72999572753906,149.72999572753906,2135.0
2025-12-02T16:54:00Z,149.6750030517578,149.7550048828125,149.6750030517578,149.6999969482422,149.6999969482422,1436.0
2025-12-02T16:55:00Z,149.77000427246094,149.77000427246094,149.6699981689453,149.77000427246094,149.77000427246094,1895.0
2025-12-02T16:56:00Z,149.7899932861328,149.80999755859375,149.6699981689453,149.74000549316406,149.74000549316406,1237.0
2025-12-02T16:57:00Z,149.74000549316406,149.7899932861328,149.69000244140625,149.74000549316406,149.74000549316406,2755.0
2025-12-02T16:58:00Z,149.6699981689453,149.74000549316406,149.6199951171875,149.68499755859375,149.68499755859375,6505.0
2025-12-02T16:59:00Z,149.61000061035156,149.63999938964844,149.51499938964844,149.58999633789062,149.58999633789062,3739.0
2025-12-02T17:00:00Z,149.64999389648438,149.72000122070312,149.63499450683594,149.72000122070312,149.72000122070312,3622.0
2025-12-02T17:01:00Z,149.74000549316406,149.77999877929688,149.74000549316406,149.77000427246094,149.77000427246094,2767.0
2025-12-02T17:02:00Z,149.6999969482422,149.72000122070312,149.5,149.60000610351562,149.60000610351562,18001.0
2025-12-02T17:03:00Z,149.60000610351562,149.60000610351562,149.5,149.5,149.5,1799.0
2025-12-02T17:04:00Z,149.5,149.5,149.39500427246094,149.39500427246094,149.39500427246094,4933.0
2025-12-02T17:05:00Z,149.30999755859375,149.47000122070312,149.3000030517578,149.4550018310547,149.4550018310547,4956.0
2025-12-02T17:06:00Z,149.47999572753906,149.50999450683594,149.4199981689453,149.4375,149.4375,3492.0
2025-12-02T17:07:00Z,149.47000122070312,149.47999572753906,149.3699951171875,149.3699951171875,149.3699951171875,2603.0
2025-12-02T17:08:00Z,149.41000366210938,149.4199981689453,149.3800048828125,149.3800048828125,149.3800048828125,1080.0
2025-12-02T17:09:00Z,149.3800048828125,149.57000732421875,149.3699951171875,149.5399932861328,149.5399932861328,7822.0
2025-12-02T17:10:00Z,149.58999633789062,149.6699981689453,149.58999633789062,149.6300048828125,149.6300048828125,1777.0
2025-12-02T17:11:00Z,149.69500732421875,149.6999969482422,149.61000061035156,149.64999389648438,149.64999389648438,1798.0
2025-12-02T17:12:00Z,149.64999389648438,149.64999389648438,149.5749969482422,149.63499450683594,149.63499450683594,1823.0
2025-12-02T17:13:00Z,149.6999969482422,149.8000030517578,149.6999969482422,149.79249572753906,149.79249572753906,3126.0
2025-12-02T17:14:00Z,149.77000427246094,149.77000427246094,149.77000427246094,149.77000427246094,149.77000427246094,659.0
2025-12-02T17:15:00Z,149.8260040283203,149.88999938964844,149.80999755859375,149.80999755859375,149.80999755859375,2116.0
2025-12-02T17:16:00Z,149.77999877929688,149.7899932861328,149.77999877929688,149.7899932861328,149.7899932861328,715.0
2025-12-02T17:17:00Z,149.7899932861328,149.84500122070312,149.77999877929688,149.84500122070312,149.84500122070312,1076.0
2025-12-02T17:18:00Z,149.84500122070312,149.85000610351562,149.84500122070312,149.85000610351562,149.85000610351562,444.0
2025-12-02T17:19:00Z,149.84500122070312,149.97999572753906,149.84500122070312,149.97999572753906,149.97999572753906,2159.0
2025-12-02T17:20:00Z,149.97000122070312,150.01499938964844,149.92999267578125,150.01499938964844,150.01499938964844,2346.0
2025-12-02T17:21:00Z,149.9499969482422,149.9499969482422,149.92999267578125,149.92999267578125,149.92999267578125,1050.0
2025-12-02T17:22:00Z,149.92999267578125,149.94000244140625,149.88999938964844,149.94000244140625,149.94000244140625,1221.0
2025-12-02T17:23:00Z,149.97999572753906,149.97999572753906,149.9499969482422,149.9499969482422,149.9499969482422,1401.0
2025-12-02T17:24:00Z,149.94000244140625,149.9949951171875,149.92999267578125,149.92999267578125,149.92999267578125,1518.0
2025-12-02T17:25:00Z,149.97000122070312,149.97000122070312,149.88999938964844,149.9600067138672,149.9600067138672,6852.0
2025-12-02T17:26:00Z,149.9600067138672,149.9615020751953,149.88999938964844,149.89999389648438,149.89999389648438,1204.0
2025-12-02T17:27:00Z,149.89999389648438,149.89999389648438,149.7550048828125,149.7550048828125,149.7550048828125,4395.0
2025-12-02T17:28:00Z,149.7449951171875,149.89999389648438,149.7449951171875,149.89999389648438,149.89999389648438,8442.0
2025-12-02T17:29:00Z,149.77999877929688,149.86000061035156,149.77999877929688,149.85499572753906,149.85499572753906,1717.0
2025-12-02T17:30:00Z,149.84500122070312,149.89999389648438,149.84500122070312,149.84500122070312,149.84500122070312,1087.0
2025-12-02T17:31:00Z,149.91000366210938,149.99000549316406,149.91000366210938,149.97300720214844,149.97300720214844,2582.0
2025-12-02T17:32:00Z,150.0500030517578,150.114501953125,150.0500030517578,150.10499572753906,150.10499572753906,861.0
2025-12-02T17:33:00Z,150.02000427246094,150.02000427246094,149.89999389648438,149.94000244140625,149.94000244140625,3437.0
2025-12-02T17:34:00Z,149.91000366210938,150.0,149.91000366210938,150.0,150.0,1629.0
2025-12-02T17:35:00Z,150.02000427246094,150.0554962158203,150.00999450683594,150.05499267578125,150.05499267578125,2319.0
2025-12-02T17:36:00Z,149.97000122070312,149.99000549316406,149.9600067138672,149.99000549316406,149.99000549316406,2189.0
2025-12-02T17:37:00Z,149.97999572753906,149.97999572753906,149.97500610351562,149.97500610351562,149.97500610351562,1404.0
2025-12-02T17:38:00Z,149.97500610351562,149.99000549316406,149.7949981689453,149.7949981689453,149.7949981689453,5270.0
2025-12-02T17:39:00Z,149.75,149.75,149.72000122070312,149.72000122070312,149.72000122070312,1757.0
2025-12-02T17:40:00Z,149.72650146484375,149.72650146484375,149.6999969482422,149.6999969482422,149.6999969482422,1753.0
2025-12-02T17:41:00Z,149.69000244140625,149.69000244140625,149.69000244140625,149.69000244140625,149.69000244140625,349.0
2025-12-02T17:42:00Z,149.67999267578125,149.77000427246094,149.67599487304688,149.7550048828125,149.7550048828125,1255.0
2025-12-02T17:43:00Z,149.7899932861328,149.90989685058594,149.7449951171875,149.90989685058594,149.90989685058594,1591.0
2025-12-02T17:44:00Z,149.8000030517578,149.8000030517578,149.7165069580078,149.7165069580078,149.7165069580078,787.0
2025-12-02T17:45:00Z,149.77999877929688,149.8000030517578,149.67999267578125,149.67999267578125,149.67999267578125,2751.0
2025-12-02T17:47:00Z,149.6999969482422,149.6999969482422,149.64500427246094,149.64500427246094,149.64500427246094,574.0
2025-12-02T17:48:00Z,149.6199951171875,149.6199951171875,149.6199951171875,149.6199951171875,149.6199951171875,500.0
2025-12-02T17:49:00Z,149.6199951171875,149.6199951171875,149.61000061035156,149.61000061035156,149.61000061035156,729.0
2025-12-02T17:50:00Z,149.6199951171875,149.6199951171875,149.55999755859375,149.55999755859375,149.55999755859375,3066.0
2025-12-02T17:51:00Z,149.5399932861328,149.56500244140625,149.5399932861328,149.56500244140625,149.56500244140625,712.0
2025-12-02T17:52:00Z,149.5449981689453,149.5449981689453,149.4499969482422,149.4499969482422,149.4499969482422,1384.0
2025-12-02T17:54:00Z,149.3800048828125,149.41000366210938,149.3800048828125,149.41000366210938,149.41000366210938,666.0
2025-12-02T17:55:00Z,149.38999938964844,149.4199981689453,149.3800048828125,149.4199981689453,149.4199981689453,1324.0
2025-12-02T17:56:00Z,149.3699951171875,149.3699951171875,149.30999755859375,149.30999755859375,149.30999755859375,2293.0
2025-12-02T17:57:00Z,149.30499267578125,149.30499267578125,149.30499267578125,149.30499267578125,149.30499267578125,1010.0
2025-12-02T17:59:00Z,149.25,149.25,149.25,149.25,149.25,332.0
2025-12-02T18:00:00Z,149.25,149.30499267578125,149.24000549316406,149.3000030517578,149.3000030517578,1188.0
2025-12-02T18:01:00Z,149.30999755859375,149.4199981689453,149.30999755859375,149.4199981689453,149.4199981689453,3564.0
2025-12-02T18:02:00Z,149.42999267578125,149.47000122070312,149.42999267578125,149.44500732421875,149.44500732421875,1077.0
2025-12-02T18:03:00Z,149.44500732421875,149.44500732421875,149.44500732421875,149.44500732421875,149.44500732421875,355.0
2025-12-02T18:04:00Z,149.42999267578125,149.49000549316406,149.3699951171875,149.49000549316406,149.49000549316406,1646.0
2025-12-02T18:05:00Z,149.44000244140625,149.44000244140625,149.44000244140625,149.44000244140625,149.44000244140625,132.0
2025-12-02T18:06:00Z,149.5050048828125,149.60000610351562,149.45750427246094,149.57000732421875,149.57000732421875,4353.0
2025-12-02T18:07:00Z,149.60000610351562,149.66360473632812,149.52999877929688,149.5800018310547,149.5800018310547,2494.0
2025-12-02T18:08:00Z,149.5,149.57000732421875,149.5,149.57000732421875,149.57000732421875,2430.0
2025-12-02T18:09:00Z,149.42999267578125,149.5399932861328,149.42999267578125,149.5399932861328,149.5399932861328,1008.0
2025-12-02T18:10:00Z,149.5500030517578,149.57000732421875,149.5500030517578,149.55499267578125,149.55499267578125,1729.0
2025-12-02T18:11:00Z,149.55499267578125,149.6199951171875,149.55499267578125,149.55499267578125,149.55499267578125,713.0
2025-12-02T18:12:00Z,149.55499267578125,149.55499267578125,149.55499267578125,149.55499267578125,149.55499267578125,472.0
2025-12-02T18:13:00Z,149.55499267578125,149.63999938964844,149.55499267578125,149.5959930419922,149.5959930419922,828.0
2025-12-02T18:14:00Z,149.5803985595703,149.58999633789062,149.5399932861328,149.5399932861328,149.5399932861328,1660.0
2025-12-02T18:15:00Z,149.52999877929688,149.52999877929688,149.4600067138672,149.4600067138672,149.4600067138672,3841.0
2025-12-02T18:16:00Z,149.4600067138672,149.52999877929688,149.4600067138672,149.52999877929688,149.52999877929688,1763.0
2025-12-02T18:17:00Z,149.5,149.5,149.5,149.5,149.5,630.0
2025-12-02T18:18:00Z,149.5500030517578,149.57000732421875,149.5,149.57000732421875,149.57000732421875,2062.0
2025-12-02T18:19:00Z,149.5749969482422,149.5749969482422,149.5749969482422,149.5749969482422,149.5749969482422,758.0
2025-12-02T18:20:00Z,149.59500122070312,149.59500122070312,149.59500122070312,149.59500122070312,149.59500122070312,903.0
2025-12-02T18:21:00Z,149.59500122070312,149.59500122070312,149.59500122070312,149.59500122070312,149.59500122070312,678.0
2025-12-02T18:22:00Z,149.64999389648438,149.64999389648438,149.5500030517578,149.5500030517578,149.5500030517578,2396.0
2025-12-02T18:23:00Z,149.58999633789062,149.58999633789062,149.52000427246094,149.5500030517578,149.5500030517578,1955.0
2025-12-02T18:24:00Z,149.5,149.5,149.49000549316406,149.49000549316406,149.49000549316406,304.0
2025-12-02T18:25:00Z,149.47000122070312,149.47000122070312,149.41000366210938,149.4199981689453,149.4199981689453,2062.0
2025-12-02T18:26:00Z,149.39999389648438,149.39999389648438,149.39999389648438,149.39999389648438,149.39999389648438,241.0
2025-12-02T18:27:00Z,149.39999389648438,149.40499877929688,149.30999755859375,149.30999755859375,149.30999755859375,1782.0
2025-12-02T18:28:00Z,149.38999938964844,149.41000366210938,149.35499572753906,149.36000061035156,149.36000061035156,3714.0
2025-12-02T18:29:00Z,149.36000061035156,149.3699951171875,149.36000061035156,149.36000061035156,149.36000061035156,2024.0
2025-12-02T18:30:00Z,149.36000061035156,149.47000122070312,149.36000061035156,149.47000122070312,149.47000122070312,4763.0
2025-12-02T18:31:00Z,149.4499969482422,149.4499969482422,149.4499969482422,149.4499969482422,149.4499969482422,333.0
2025-12-02T18:32:00Z,149.42999267578125,149.42999267578125,149.4156036376953,149.4156036376953,149.4156036376953,1218.0
2025-12-02T18:33:00Z,149.4199981689453,149.4199981689453,149.4199981689453,149.4199981689453,149.4199981689453,181.0
2025-12-02T18:34:00Z,149.41000366210938,149.4499969482422,149.35000610351562,149.39999389648438,149.39999389648438,3732.0
2025-12-02T18:35:00Z,149.32000732421875,149.32000732421875,149.25,149.25,149.25,1989.0
2025-12-02T18:36:00Z,149.22999572753906,149.22999572753906,149.22000122070312,149.22000122070312,149.22000122070312,677.0
2025-12-02T18:37:00Z,149.27999877929688,149.3144073486328,149.27999877929688,149.27999877929688,149.27999877929688,1599.0
2025-12-02T18:38:00Z,149.33999633789062,149.3699951171875,149.33999633789062,149.36000061035156,149.36000061035156,3403.0
2025-12-02T18:39:00Z,149.32000732421875,149.32000732421875,149.3000030517578,149.3000030517578,149.3000030517578,753.0
2025-12-02T18:40:00Z,149.375,149.375,149.3300018310547,149.3300018310547,149.3300018310547,634.0
2025-12-02T18:41:00Z,149.30999755859375,149.30999755859375,149.30999755859375,149.30999755859375,149.30999755859375,360.0
2025-12-02T18:42:00Z,149.35760498046875,149.36500549316406,149.3000030517578,149.3000030517578,149.3000030517578,1418.0
2025-12-02T18:43:00Z,149.25,149.41000366210938,149.25,149.33999633789062,149.33999633789062,10168.0
2025-12-02T18:44:00Z,149.4499969482422,149.49000549316406,149.36000061035156,149.47999572753906,149.47999572753906,5907.0
2025-12-02T18:45:00Z,149.42999267578125,149.42999267578125,149.42999267578125,149.42999267578125,149.42999267578125,234.0
2025-12-02T18:46:00Z,149.5399932861328,149.60000610351562,149.52999877929688,149.58749389648438,149.58749389648438,1284.0
2025-12-02T18:47:00Z,149.63999938964844,149.6699981689453,149.58999633789062,149.58999633789062,149.58999633789062,2811.0
2025-12-02T18:49:00Z,149.5800018310547,149.625,149.5800018310547,149.625,149.625,1495.0
2025-12-02T18:50:00Z,149.64999389648438,149.64999389648438,149.64999389648438,149.64999389648438,149.64999389648438,158.0
2025-12-02T18:51:00Z,149.625,149.625,149.60000610351562,149.60000610351562,149.60000610351562,408.0
2025-12-02T18:52:00Z,149.63999938964844,149.6699981689453,149.625,149.625,149.625,1169.0
2025-12-02T18:53:00Z,149.625,149.625,149.55999755859375,149.5800018310547,149.5800018310547,2654.0
2025-12-02T18:54:00Z,149.60009765625,149.60009765625,149.5399932861328,149.5800018310547,149.5800018310547,1371.0
2025-12-02T18:55:00Z,149.5500030517578,149.5500030517578,149.5,149.5,149.5,2385.0
2025-12-02T18:56:00Z,149.5,149.5,149.41000366210938,149.4600067138672,149.4600067138672,6026.0
2025-12-02T18:57:00Z,149.5,149.5,149.4199981689453,149.4550018310547,149.4550018310547,448.0
2025-12-02T18:58:00Z,149.4550018310547,149.4550018310547,149.4550018310547,149.4550018310547,149.4550018310547,1395.0
2025-12-02T19:00:00Z,149.49000549316406,149.49000549316406,149.49000549316406,149.49000549316406,149.49000549316406,546.0
2025-12-02T19:01:00Z,149.48500061035156,149.49000549316406,149.48500061035156,149.49000549316406,149.49000549316406,2106.0
2025-12-02T19:02:00Z,149.5,149.5,149.5,149.5,149.5,320.0
2025-12-02T19:03:00Z,149.4199981689453,149.4199981689453,149.4199981689453,149.4199981689453,149.4199981689453,961.0
2025-12-02T19:04:00Z,149.4499969482422,149.4949951171875,149.4499969482422,149.47000122070312,149.47000122070312,944.0
2025-12-02T19:05:00Z,149.50999450683594,149.6300048828125,149.47500610351562,149.58999633789062,149.58999633789062,5010.0
2025-12-02T19:06:00Z,149.55999755859375,149.55999755859375,149.5,149.5,149.5,2148.0
2025-12-02T19:07:00Z,149.4499969482422,149.4499969482422,149.38499450683594,149.38499450683594,149.38499450683594,1734.0
2025-12-02T19:08:00Z,149.4199981689453,149.49000549316406,149.4199981689453,149.49000549316406,149.49000549316406,2509.0
2025-12-02T19:11:00Z,149.52000427246094,149.52000427246094,149.52000427246094,149.52000427246094,149.52000427246094,405.0
2025-12-02T19:12:00Z,149.52000427246094,149.58999633789062,149.52000427246094,149.58999633789062,149.58999633789062,1653.0
2025-12-02T19:13:00Z,149.63999938964844,149.67999267578125,149.60000610351562,149.6699981689453,149.6699981689453,2381.0
2025-12-02T19:14:00Z,149.66000366210938,149.66000366210938,149.5449981689453,149.5449981689453,149.5449981689453,2409.0
2025-12-02T19:16:00Z,149.61590576171875,149.61590576171875,149.5449981689453,149.5449981689453,149.5449981689453,684.0
2025-12-02T19:17:00Z,149.60000610351562,149.60000610351562,149.52999877929688,149.52999877929688,149.52999877929688,860.0
2025-12-02T19:18:00Z,149.49000549316406,149.50999450683594,149.49000549316406,149.50999450683594,149.50999450683594,756.0
2025-12-02T19:19:00Z,149.5,149.5449981689453,149.5,149.50999450683594,149.50999450683594,748.0
2025-12-02T19:20:00Z,149.5,149.54750061035156,149.5,149.5449981689453,149.5449981689453,2019.0
2025-12-02T19:21:00Z,149.52999877929688,149.5500030517578,149.50999450683594,149.5399932861328,149.5399932861328,2696.0
2025-12-02T19:22:00Z,149.52499389648438,149.55999755859375,149.5050048828125,149.52000427246094,149.52000427246094,4238.0
2025-12-02T19:23:00Z,149.52999877929688,149.52999877929688,149.41000366210938,149.41000366210938,149.41000366210938,3074.0
2025-12-02T19:24:00Z,149.3800048828125,149.3800048828125,149.33999633789062,149.33999633789062,149.33999633789062,2960.0
2025-12-02T19:26:00Z,149.3300018310547,149.3300018310547,149.3300018310547,149.3300018310547,149.3300018310547,260.0
2025-12-02T19:27:00Z,149.3699951171875,149.5,149.3699951171875,149.47000122070312,149.47000122070312,5594.0
2025-12-02T19:28:00Z,149.47000122070312,149.52000427246094,149.47000122070312,149.49000549316406,149.49000549316406,672.0
2025-12-02T19:29:00Z,149.44549560546875,149.47999572753906,149.44549560546875,149.47999572753906,149.47999572753906,471.0
2025-12-02T19:30:00Z,149.47999572753906,149.49000549316406,149.44000244140625,149.44000244140625,149.44000244140625,1060.0
2025-12-02T19:31:00Z,149.4600067138672,149.52000427246094,149.4600067138672,149.5,149.5,3492.0
2025-12-02T19:32:00Z,149.4949951171875,149.4949951171875,149.4949951171875,149.4949951171875,149.4949951171875,361.0
2025-12-02T19:33:00Z,149.48500061035156,149.48500061035156,149.42999267578125,149.47000122070312,149.47000122070312,791.0
2025-12-02T19:34:00Z,149.47500610351562,149.47500610351562,149.47500610351562,149.47500610351562,149.47500610351562,788.0
2025-12-02T19:35:00Z,149.47500610351562,149.48280334472656,149.42999267578125,149.42999267578125,149.42999267578125,1450.0
2025-12-02T19:36:00Z,149.4199981689453,149.4199981689453,149.38999938964844,149.38999938964844,149.38999938964844,862.0
2025-12-02T19:37:00Z,149.38999938964844,149.4219970703125,149.38999938964844,149.4219970703125,149.4219970703125,429.0
2025-12-02T19:38:00Z,149.38999938964844,149.39999389648438,149.35499572753906,149.39999389648438,149.39999389648438,3885.0
2025-12-02T19:39:00Z,149.44000244140625,149.51499938964844,149.42999267578125,149.50999450683594,149.50999450683594,1952.0
2025-12-02T19:40:00Z,149.56500244140625,149.56500244140625,149.56500244140625,149.56500244140625,149.56500244140625,2031.0
2025-12-02T19:41:00Z,149.61000061035156,149.61000061035156,149.61000061035156,149.61000061035156,149.61000061035156,145.0
2025-12-02T19:42:00Z,149.5800018310547,149.5800018310547,149.4739990234375,149.50999450683594,149.50999450683594,5272.0
2025-12-02T19:43:00Z,149.50999450683594,149.50999450683594,149.4700927734375,149.50999450683594,149.50999450683594,1083.0
2025-12-02T19:45:00Z,149.50999450683594,149.5500030517578,149.50999450683594,149.52999877929688,149.52999877929688,1829.0
2025-12-02T19:47:00Z,149.5,149.625,149.5,149.625,149.625,4025.0
2025-12-02T19:48:00Z,149.61000061035156,149.69000244140625,149.61000061035156,149.69000244140625,149.69000244140625,1260.0
2025-12-02T19:49:00Z,149.69000244140625,149.69200134277344,149.6699981689453,149.6699981689453,149.6699981689453,1036.0
2025-12-02T19:50:00Z,149.6999969482422,149.6999969482422,149.66000366210938,149.69000244140625,149.69000244140625,2872.0
2025-12-02T19:51:00Z,149.72999572753906,149.75999450683594,149.72999572753906,149.75999450683594,149.75999450683594,1979.0
2025-12-02T19:52:00Z,149.74000549316406,149.76300048828125,149.72999572753906,149.74000549316406,149.74000549316406,762.0
2025-12-02T19:53:00Z,149.71080017089844,149.7899932861328,149.71080017089844,149.72999572753906,149.72999572753906,2620.0
2025-12-02T19:54:00Z,149.7100067138672,149.7100067138672,149.7100067138672,149.7100067138672,149.7100067138672,1062.0
2025-12-02T19:55:00Z,149.6999969482422,149.75999450683594,149.6999969482422,149.75999450683594,149.75999450683594,843.0
2025-12-02T19:56:00Z,149.7100067138672,149.7100067138672,149.7100067138672,149.7100067138672,149.7100067138672,775.0
2025-12-02T19:57:00Z,149.6999969482422,149.6999969482422,149.6699981689453,149.6699981689453,149.6699981689453,3614.0
2025-12-02T19:58:00Z,149.6999969482422,149.75,149.6999969482422,149.72000122070312,149.72000122070312,2896.0
2025-12-02T19:59:00Z,149.72999572753906,149.74000549316406,149.67999267578125,149.67999267578125,149.67999267578125,1647.0
2025-12-02T20:00:00Z,149.69500732421875,149.69500732421875,149.69500732421875,149.69500732421875,149.69500732421875,247.0
2025-12-02T20:01:00Z,149.69500732421875,149.72000122070312,149.69000244140625,149.69000244140625,149.69000244140625,1128.0
2025-12-02T20:02:00Z,149.72889709472656,149.72889709472656,149.69500732421875,149.69500732421875,149.69500732421875,721.0
2025-12-02T20:03:00Z,149.69500732421875,149.72000122070312,149.69500732421875,149.72000122070312,149.72000122070312,945.0
2025-12-02T20:04:00Z,149.6699981689453,149.67999267578125,149.6699981689453,149.67999267578125,149.67999267578125,1281.0
2025-12-02T20:05:00Z,149.66000366210938,149.72000122070312,149.66000366210938,149.72000122070312,149.72000122070312,3322.0
2025-12-02T20:06:00Z,149.72000122070312,149.77000427246094,149.6999969482422,149.75,149.75,1990.0
2025-12-02T20:07:00Z,149.7429962158203,149.77999877929688,149.6999969482422,149.72000122070312,149.72000122070312,2501.0
2025-12-02T20:08:00Z,149.6999969482422,149.7050018310547,149.6999969482422,149.6999969482422,149.6999969482422,3174.0
2025-12-02T20:09:00Z,149.70249938964844,149.7550048828125,149.70249938964844,149.7550048828125,149.7550048828125,2440.0
2025-12-02T20:10:00Z,149.7899932861328,149.8000030517578,149.7899932861328,149.7949981689453,149.7949981689453,2284.0
2025-12-02T20:11:00Z,149.82000732421875,149.85000610351562,149.6999969482422,149.71499633789062,149.71499633789062,7133.0
2025-12-02T20:12:00Z,149.7100067138672,149.77000427246094,149.7100067138672,149.77000427246094,149.77000427246094,5302.0
2025-12-02T20:13:00Z,149.76499938964844,149.77999877929688,149.7449951171875,149.7449951171875,149.7449951171875,6593.0
2025-12-02T20:14:00Z,149.75999450683594,149.75999450683594,149.75,149.75,149.75,1705.0
2025-12-02T20:15:00Z,149.75,149.8000030517578,149.7449951171875,149.8000030517578,149.8000030517578,2090.0
2025-12-02T20:16:00Z,149.8000030517578,149.82000732421875,149.76499938964844,149.80999755859375,149.80999755859375,4298.0
2025-12-02T20:17:00Z,149.77999877929688,149.80999755859375,149.77999877929688,149.80999755859375,149.80999755859375,1456.0
2025-12-02T20:18:00Z,149.80999755859375,149.82000732421875,149.77999877929688,149.77999877929688,149.77999877929688,4110.0
2025-12-02T20:19:00Z,149.7899932861328,149.7899932861328,149.7899932861328,149.7899932861328,149.7899932861328,1102.0
2025-12-02T20:20:00Z,149.82000732421875,149.85000610351562,149.8000030517578,149.8175048828125,149.8175048828125,2682.0
2025-12-02T20:21:00Z,149.80999755859375,149.80999755859375,149.77499389648438,149.7899932861328,149.7899932861328,2115.0
2025-12-02T20:22:00Z,149.82000732421875,149.85000610351562,149.82000732421875,149.85000610351562,149.85000610351562,1235.0
2025-12-02T20:23:00Z,149.80999755859375,149.80999755859375,149.80999755859375,149.80999755859375,149.80999755859375,1282.0
2025-12-02T20:24:00Z,149.83999633789062,149.83999633789062,149.83999633789062,149.83999633789062,149.83999633789062,352.0
2025-12-02T20:25:00Z,149.77999877929688,149.7899932861328,149.72500610351562,149.72500610351562,149.72500610351562,4280.0
2025-12-02T20:26:00Z,149.7100067138672,149.7100067138672,149.63999938964844,149.63999938964844,149.63999938964844,3367.0
2025-12-02T20:27:00Z,149.6199951171875,149.68499755859375,149.6199951171875,149.6199951171875,149.6199951171875,2516.0
2025-12-02T20:28:00Z,149.61000061035156,149.61000061035156,149.61000061035156,149.61000061035156,149.61000061035156,1011.0
2025-12-02T20:29:00Z,149.61500549316406,149.875,149.6125030517578,149.85000610351562,149.85000610351562,16176.0
2025-12-02T20:30:00Z,149.83999633789062,149.88999938964844,149.8300018310547,149.88999938964844,149.88999938964844,4899.0
2025-12-02T20:31:00Z,149.88999938964844,149.94000244140625,149.8800048828125,149.9199981689453,149.9199981689453,8000.0
2025-12-02T20:32:00Z,149.9199981689453,149.97999572753906,149.72999572753906,149.77999877929688,149.77999877929688,10299.0
2025-12-02T20:33:00Z,149.74000549316406,149.74000549316406,149.6199951171875,149.6199951171875,149.6199951171875,3605.0
2025-12-02T20:34:00Z,149.6999969482422,149.6999969482422,149.60000610351562,149.60499572753906,149.60499572753906,5274.0
2025-12-02T20:35:00Z,149.60499572753906,149.65499877929688,149.57000732421875,149.59500122070312,149.59500122070312,6237.0
2025-12-02T20:36:00Z,149.60000610351562,149.60000610351562,149.55999755859375,149.55999755859375,149.55999755859375,2384.0
2025-12-02T20:37:00Z,149.58999633789062,149.58999633789062,149.55999755859375,149.5850067138672,149.5850067138672,2605.0
2025-12-02T20:38:00Z,149.5850067138672,149.5850067138672,149.5399932861328,149.5500030517578,149.5500030517578,3940.0
2025-12-02T20:39:00Z,149.5449981689453,149.5449981689453,149.49009704589844,149.52000427246094,149.52000427246094,4610.0
2025-12-02T20:40:00Z,149.52000427246094,149.52999877929688,149.49000549316406,149.52000427246094,149.52000427246094,2581.0
2025-12-02T20:41:00Z,149.52000427246094,149.66000366210938,149.52000427246094,149.66000366210938,149.66000366210938,8598.0
2025-12-02T20:42:00Z,149.6999969482422,149.7100067138672,149.63499450683594,149.7100067138672,149.7100067138672,2107.0
2025-12-02T20:43:00Z,149.7100067138672,149.7100067138672,149.64999389648438,149.64999389648438,149.64999389648438,2789.0
2025-12-02T20:44:00Z,149.67999267578125,150.0,149.67999267578125,149.7899932861328,149.7899932861328,23968.0
2025-12-02T20:45:00Z,149.77000427246094,149.7899932861328,149.72000122070312,149.74000549316406,149.74000549316406,5040.0
2025-12-02T20:46:00Z,149.7449951171875,149.7899932861328,149.7449951171875,149.7899932861328,149.7899932861328,3838.0
2025-12-02T20:47:00Z,149.77000427246094,149.86000061035156,149.77000427246094,149.8300018310547,149.8300018310547,10969.0
2025-12-02T20:48:00Z,149.8350067138672,149.85000610351562,149.7550048828125,149.85000610351562,149.85000610351562,7719.0
2025-12-02T20:49:00Z,149.80499267578125,149.83999633789062,149.80499267578125,149.83999633789062,149.83999633789062,3598.0
2025-12-02T20:50:00Z,149.80999755859375,149.85000610351562,149.64120483398438,149.6649932861328,149.6649932861328,17384.0
2025-12-02T20:51:00Z,149.6649932861328,149.69000244140625,149.5,149.52499389648438,149.52499389648438,17674.0
2025-12-02T20:52:00Z,149.52000427246094,149.53050231933594,149.4600067138672,149.48500061035156,149.48500061035156,9296.0
2025-12-02T20:53:00Z,149.48500061035156,149.48500061035156,149.4149932861328,149.4499969482422,149.4499969482422,10280.0
2025-12-02T20:54:00Z,149.44500732421875,149.44500732421875,149.36000061035156,149.4149932861328,149.4149932861328,17879.0
2025-12-02T20:55:00Z,149.44000244140625,149.55999755859375,149.4199981689453,149.4949951171875,149.4949951171875,26308.0
2025-12-02T20:56:00Z,149.50999450683594,149.5449981689453,149.35000610351562,149.35000610351562,149.35000610351562,31642.0
2025-12-02T20:57:00Z,149.30999755859375,149.30999755859375,149.110595703125,149.1300048828125,149.1300048828125,19682.0
2025-12-02T20:58:00Z,149.1199951171875,149.13999938964844,149.07000732421875,149.0800018310547,149.0800018310547,43044.0
2025-12-02T20:59:00Z,149.0800018310547,149.0800018310547,148.75,148.82000732421875,148.82000732421875,79605.0
2025-12-03T14:32:00Z,150.9600067138672,151.25999450683594,150.94000244140625,150.94000244140625,150.94000244140625,617.0
2025-12-03T14:33:00Z,150.93499755859375,151.33999633789062,150.93499755859375,151.33999633789062,151.33999633789062,2577.0
2025-12-03T14:34:00Z,151.35000610351562,151.36500549316406,150.9149932861328,151.3300018310547,151.3300018310547,11001.0
2025-12-03T14:35:00Z,151.11000061035156,151.3699951171875,150.67999267578125,151.02499389648438,151.02499389648438,9994.0
2025-12-03T14:36:00Z,151.02499389648438,151.02499389648438,150.67999267578125,150.85499572753906,150.85499572753906,6129.0
2025-12-03T14:37:00Z,150.8300018310547,150.99000549316406,150.6699981689453,150.86000061035156,150.86000061035156,3960.0
2025-12-03T14:38:00Z,150.77000427246094,151.10000610351562,150.61000061035156,151.10000610351562,151.10000610351562,4736.0
2025-12-03T14:39:00Z,151.06500244140625,151.1199951171875,151.02999877929688,151.1199951171875,151.1199951171875,2320.0
2025-12-03T14:40:00Z,151.22999572753906,151.22999572753906,150.72000122070312,150.72000122070312,150.72000122070312,4324.0
2025-12-03T14:43:00Z,151.02499389648438,151.02499389648438,151.02499389648438,151.02499389648438,151.02499389648438,4838.0
2025-12-03T14:44:00Z,150.77000427246094,150.77999877929688,150.72000122070312,150.73500061035156,150.73500061035156,2746.0
2025-12-03T14:45:00Z,150.92999267578125,150.92999267578125,150.9199981689453,150.92999267578125,150.92999267578125,3184.0
2025-12-03T14:46:00Z,150.60000610351562,150.69500732421875,150.47500610351562,150.58999633789062,150.58999633789062,5545.0
2025-12-03T14:48:00Z,150.42999267578125,150.72999572753906,150.35000610351562,150.72999572753906,150.72999572753906,3628.0
2025-12-03T14:49:00Z,150.5800018310547,150.6699981689453,150.52999877929688,150.52999877929688,150.52999877929688,702.0
2025-12-03T14:50:00Z,150.5800018310547,150.67999267578125,150.52999877929688,150.67999267578125,150.67999267578125,473.0
2025-12-03T14:51:00Z,150.4947967529297,150.5399932861328,150.3800048828125,150.52000427246094,150.52000427246094,7282.0
2025-12-03T14:52:00Z,150.52499389648438,150.67999267578125,150.52499389648438,150.67999267578125,150.67999267578125,2500.0
2025-12-03T14:53:00Z,150.64999389648438,150.67999267578125,150.64999389648438,150.67999267578125,150.67999267578125,310.0
2025-12-03T14:54:00Z,150.6009063720703,150.64999389648438,150.5449981689453,150.64999389648438,150.64999389648438,1906.0
2025-12-03T14:55:00Z,150.5500030517578,150.8300018310547,150.5500030517578,150.69500732421875,150.69500732421875,6113.0
2025-12-03T14:56:00Z,150.8000030517578,150.8699951171875,150.8000030517578,150.8699951171875,150.8699951171875,1721.0
2025-12-03T14:57:00Z,150.78500366210938,150.8699951171875,150.78500366210938,150.7899932861328,150.7899932861328,690.0
2025-12-03T14:58:00Z,150.78500366210938,150.8699951171875,150.78500366210938,150.86000061035156,150.86000061035156,1027.0
2025-12-03T14:59:00Z,150.7899932861328,150.80999755859375,150.6999969482422,150.77999877929688,150.77999877929688,17280.0
2025-12-03T15:00:00Z,150.78500366210938,150.9499969482422,150.78500366210938,150.94500732421875,150.94500732421875,3238.0
2025-12-03T15:01:00Z,150.94000244140625,150.94000244140625,150.83999633789062,150.9250030517578,150.9250030517578,10709.0
2025-12-03T15:02:00Z,150.94000244140625,150.94000244140625,150.94000244140625,150.94000244140625,150.94000244140625,630.0
2025-12-03T15:03:00Z,151.02000427246094,151.1300048828125,150.91000366210938,150.94000244140625,150.94000244140625,7459.0
2025-12-03T15:04:00Z,151.02999877929688,151.02999877929688,151.02999877929688,151.02999877929688,151.02999877929688,216.0
2025-12-03T15:05:00Z,151.02999877929688,151.125,150.97000122070312,151.0,151.0,7688.0
2025-12-03T15:06:00Z,150.97999572753906,151.30999755859375,150.97999572753906,151.2899932861328,151.2899932861328,25658.0
2025-12-03T15:07:00Z,151.28500366210938,151.40499877929688,151.27000427246094,151.40499877929688,151.40499877929688,11428.0
2025-12-03T15:08:00Z,151.3800048828125,151.41000366210938,151.1999969482422,151.27999877929688,151.27999877929688,15239.0
2025-12-03T15:09:00Z,151.3699951171875,151.3800048828125,151.27000427246094,151.3800048828125,151.3800048828125,3672.0
2025-12-03T15:10:00Z,151.3350067138672,151.3350067138672,151.3175048828125,151.3300018310547,151.3300018310547,2816.0
2025-12-03T15:11:00Z,151.3699951171875,151.3699951171875,151.27000427246094,151.3249969482422,151.3249969482422,2043.0
2025-12-03T15:12:00Z,151.3249969482422,151.3249969482422,151.1699981689453,151.1699981689453,151.1699981689453,2065.0
2025-12-03T15:13:00Z,151.24000549316406,151.27000427246094,151.02000427246094,151.19000244140625,151.19000244140625,15573.0
2025-12-03T15:14:00Z,151.14999389648438,151.2100067138672,151.14500427246094,151.2100067138672,151.2100067138672,2562.0
2025-12-03T15:16:00Z,151.0800018310547,151.24000549316406,151.0800018310547,151.2100067138672,151.2100067138672,1881.0
2025-12-03T15:17:00Z,151.09500122070312,151.1199951171875,151.02000427246094,151.09500122070312,151.09500122070312,2130.0
2025-12-03T15:18:00Z,151.0,151.0449981689453,151.0,151.0050048828125,151.0050048828125,1834.0
2025-12-03T15:19:00Z,151.10000610351562,151.1199951171875,151.10000610351562,151.1199951171875,151.1199951171875,1271.0
2025-12-03T15:20:00Z,151.0749969482422,151.13999938964844,151.0749969482422,151.0749969482422,151.0749969482422,2593.0
2025-12-03T15:21:00Z,151.0749969482422,151.0749969482422,151.0749969482422,151.0749969482422,151.0749969482422,1581.0
2025-12-03T15:22:00Z,151.0749969482422,151.0749969482422,150.99000549316406,151.02749633789062,151.02749633789062,1772.0
2025-12-03T15:24:00Z,151.0399932861328,151.0399932861328,150.91000366210938,150.91000366210938,150.91000366210938,2314.0
2025-12-03T15:25:00Z,150.89999389648438,150.97999572753906,150.88999938964844,150.97999572753906,150.97999572753906,3043.0
2025-12-03T15:26:00Z,150.96499633789062,150.97999572753906,150.96499633789062,150.97999572753906,150.97999572753906,1133.0
2025-12-03T15:27:00Z,150.92999267578125,151.0800018310547,150.92999267578125,151.02499389648438,151.02499389648438,2157.0
2025-12-03T15:28:00Z,151.02499389648438,151.02499389648438,151.02000427246094,151.02000427246094,151.02000427246094,524.0
2025-12-03T15:29:00Z,150.98500061035156,150.98500061035156,150.96310424804688,150.98500061035156,150.98500061035156,562.0
2025-12-03T15:30:00Z,151.08999633789062,151.08999633789062,151.07000732421875,151.07000732421875,151.07000732421875,383.0
2025-12-03T15:31:00Z,150.99000549316406,151.0,150.88999938964844,150.9600067138672,150.9600067138672,10779.0
2025-12-03T15:32:00Z,150.9550018310547,151.02999877929688,150.9550018310547,151.02999877929688,151.02999877929688,1300.0
2025-12-03T15:33:00Z,151.05999755859375,151.05999755859375,150.8300018310547,150.88499450683594,150.88499450683594,13872.0
2025-12-03T15:34:00Z,150.90989685058594,150.90989685058594,150.86000061035156,150.86000061035156,150.86000061035156,1791.0
2025-12-03T15:35:00Z,150.94000244140625,151.0,150.93499755859375,150.9600067138672,150.9600067138672,4068.0
2025-12-03T15:36:00Z,150.93499755859375,150.93499755859375,150.86000061035156,150.89500427246094,150.89500427246094,5369.0
2025-12-03T15:37:00Z,150.8300018310547,150.88999938964844,150.82000732421875,150.88999938964844,150.88999938964844,8485.0
2025-12-03T15:38:00Z,150.8975067138672,150.8975067138672,150.88499450683594,150.88499450683594,150.88499450683594,829.0
2025-12-03T15:40:00Z,150.88499450683594,150.88999938964844,150.88499450683594,150.88999938964844,150.88999938964844,2275.0
2025-12-03T15:41:00Z,150.88999938964844,150.88999938964844,150.64999389648438,150.6699981689453,150.6699981689453,23616.0
2025-12-03T15:42:00Z,150.66000366210938,150.77999877929688,150.6300048828125,150.71499633789062,150.71499633789062,2437.0
2025-12-03T15:43:00Z,150.71499633789062,150.71499633789062,150.71499633789062,150.71499633789062,150.71499633789062,938.0
2025-12-03T15:44:00Z,150.7100067138672,150.7100067138672,150.5050048828125,150.5050048828125,150.5050048828125,2039.0
2025-12-03T15:45:00Z,150.485107421875,150.5500030517578,150.485107421875,150.52499389648438,150.52499389648438,2006.0
2025-12-03T15:46:00Z,150.61000061035156,150.7100067138672,150.60000610351562,150.6999969482422,150.6999969482422,2890.0
2025-12-03T15:47:00Z,150.69500732421875,150.7899932861328,150.69500732421875,150.7899932861328,150.7899932861328,1119.0
2025-12-03T15:48:00Z,150.8300018310547,150.8300018310547,150.8300018310547,150.8300018310547,150.8300018310547,416.0
2025-12-03T15:49:00Z,150.85000610351562,150.85000610351562,150.85000610351562,150.85000610351562,150.85000610351562,451.0
2025-12-03T15:50:00Z,150.91000366210938,150.9199981689453,150.91000366210938,150.9199981689453,150.9199981689453,1274.0
2025-12-03T15:51:00Z,150.9600067138672,150.9600067138672,150.9600067138672,150.9600067138672,150.9600067138672,528.0
2025-12-03T15:52:00Z,150.97500610351562,150.97500610351562,150.8300018310547,150.8300018310547,150.8300018310547,3817.0
2025-12-03T15:53:00Z,150.92999267578125,150.92999267578125,150.86500549316406,150.86500549316406,150.86500549316406,1097.0
2025-12-03T15:54:00Z,150.86500549316406,150.86500549316406,150.8000030517578,150.8000030517578,150.8000030517578,470.0
2025-12-03T15:55:00Z,150.8000030517578,150.80999755859375,150.7100067138672,150.73500061035156,150.73500061035156,6951.0
2025-12-03T15:56:00Z,150.64999389648438,150.77000427246094,150.61000061035156,150.74000549316406,150.74000549316406,3574.0
2025-12-03T15:57:00Z,150.7050018310547,150.75599670410156,150.69500732421875,150.75599670410156,150.75599670410156,2100.0
2025-12-03T15:58:00Z,150.6999969482422,150.7949981689453,150.63999938964844,150.7949981689453,150.7949981689453,1673.0
2025-12-03T15:59:00Z,150.8000030517578,150.8000030517578,150.7550048828125,150.8000030517578,150.8000030517578,1238.0
2025-12-03T16:00:00Z,150.7550048828125,150.8350067138672,150.7550048828125,150.75999450683594,150.75999450683594,5974.0
2025-12-03T16:01:00Z,150.75999450683594,150.76499938964844,150.6999969482422,150.72999572753906,150.72999572753906,2967.0
2025-12-03T16:02:00Z,150.69500732421875,150.77999877929688,150.50999450683594,150.63499450683594,150.63499450683594,44648.0
2025-12-03T16:03:00Z,150.50999450683594,150.5500030517578,150.5,150.5500030517578,150.5500030517578,3247.0
2025-12-03T16:04:00Z,150.5500030517578,150.5500030517578,150.5500030517578,150.5500030517578,150.5500030517578,1577.0
2025-12-03T16:05:00Z,150.61000061035156,150.6199951171875,150.55499267578125,150.55499267578125,150.55499267578125,1245.0
2025-12-03T16:06:00Z,150.64999389648438,150.64999389648438,150.5,150.5,150.5,1928.0
2025-12-03T16:07:00Z,150.57000732421875,150.57000732421875,150.50999450683594,150.52999877929688,150.52999877929688,1941.0
2025-12-03T16:08:00Z,150.61000061035156,150.6199951171875,150.52999877929688,150.52999877929688,150.52999877929688,1176.0
2025-12-03T16:09:00Z,150.6300048828125,150.6300048828125,150.57000732421875,150.61000061035156,150.61000061035156,2091.0
2025-12-03T16:10:00Z,150.60499572753906,150.60499572753906,150.60499572753906,150.60499572753906,150.60499572753906,654.0
2025-12-03T16:11:00Z,150.60499572753906,150.60499572753906,150.58999633789062,150.58999633789062,150.58999633789062,1420.0
2025-12-03T16:12:00Z,150.69000244140625,150.69000244140625,150.63999938964844,150.63999938964844,150.63999938964844,758.0
2025-12-03T16:13:00Z,150.6699981689453,150.6699981689453,150.5500030517578,150.64999389648438,150.64999389648438,15889.0
2025-12-03T16:15:00Z,150.55999755859375,150.55999755859375,150.39999389648438,150.41000366210938,150.41000366210938,5475.0
2025-12-03T16:16:00Z,150.39999389648438,150.41000366210938,150.07000732421875,150.11000061035156,150.11000061035156,10662.0
2025-12-03T16:17:00Z,150.14500427246094,150.35499572753906,150.1199951171875,150.35499572753906,150.35499572753906,26154.0
2025-12-03T16:18:00Z,150.27999877929688,150.32000732421875,150.2100067138672,150.25999450683594,150.25999450683594,34277.0
2025-12-03T16:19:00Z,150.17999267578125,150.36000061035156,150.17999267578125,150.3249969482422,150.3249969482422,4418.0
2025-12-03T16:20:00Z,150.35000610351562,150.35000610351562,150.35000610351562,150.35000610351562,150.35000610351562,440.0
2025-12-03T16:21:00Z,150.30999755859375,150.35000610351562,150.30999755859375,150.32000732421875,150.32000732421875,1242.0
2025-12-03T16:22:00Z,150.3699951171875,150.44000244140625,150.3699951171875,150.44000244140625,150.44000244140625,1304.0
2025-12-03T16:23:00Z,150.36000061035156,150.42750549316406,150.35000610351562,150.42750549316406,150.42750549316406,2512.0
2025-12-03T16:24:00Z,150.36000061035156,150.4322967529297,150.36000061035156,150.4322967529297,150.4322967529297,1881.0
2025-12-03T16:25:00Z,150.38499450683594,150.38499450683594,150.32000732421875,150.32000732421875,150.32000732421875,1294.0
2025-12-03T16:26:00Z,150.2100067138672,150.2100067138672,150.2100067138672,150.2100067138672,150.2100067138672,390.0
2025-12-03T16:27:00Z,150.2949981689453,150.35000610351562,150.24000549316406,150.24000549316406,150.24000549316406,3687.0
2025-12-03T16:28:00Z,150.22500610351562,150.22500610351562,150.13600158691406,150.15499877929688,150.15499877929688,5650.0
2025-12-03T16:29:00Z,150.15499877929688,150.27999877929688,150.1199951171875,150.27999877929688,150.27999877929688,8340.0
2025-12-03T16:31:00Z,150.36000061035156,150.42999267578125,150.3300018310547,150.42999267578125,150.42999267578125,2865.0
2025-12-03T16:32:00Z,150.4199981689453,150.52000427246094,150.4199981689453,150.52000427246094,150.52000427246094,2846.0
2025-12-03T16:33:00Z,150.52499389648438,150.52499389648438,150.52499389648438,150.52499389648438,150.52499389648438,716.0
2025-12-03T16:34:00Z,150.52499389648438,150.60000610351562,150.52499389648438,150.60000610351562,150.60000610351562,1556.0
2025-12-03T16:36:00Z,150.64999389648438,150.64999389648438,150.5749969482422,150.5749969482422,150.5749969482422,1033.0
2025-12-03T16:37:00Z,150.5800018310547,150.5800018310547,150.5800018310547,150.5800018310547,150.5800018310547,376.0
2025-12-03T16:38:00Z,150.5800018310547,150.61000061035156,150.5800018310547,150.5800018310547,150.5800018310547,827.0
2025-12-03T16:39:00Z,150.49000549316406,150.5,150.42999267578125,150.5,150.5,1922.0
2025-12-03T16:40:00Z,150.5,150.5,150.25,150.2899932861328,150.2899932861328,10772.0
2025-12-03T16:41:00Z,150.27999877929688,150.32000732421875,150.27000427246094,150.32000732421875,150.32000732421875,5146.0
2025-12-03T16:42:00Z,150.35000610351562,150.4199981689453,150.27999877929688,150.38999938964844,150.38999938964844,32857.0
2025-12-03T16:43:00Z,150.3800048828125,150.3800048828125,150.3560028076172,150.3800048828125,150.3800048828125,2211.0
2025-12-03T16:44:00Z,150.30999755859375,150.37600708007812,150.3000030517578,150.30999755859375,150.30999755859375,2099.0
2025-12-03T16:45:00Z,150.33999633789062,150.33999633789062,150.22999572753906,150.27000427246094,150.27000427246094,3179.0
2025-12-03T16:46:00Z,150.2949981689453,150.2949981689453,150.27000427246094,150.27000427246094,150.27000427246094,551.0
2025-12-03T16:47:00Z,150.27000427246094,150.27000427246094,150.22999572753906,150.25999450683594,150.25999450683594,2082.0
2025-12-03T16:48:00Z,150.28990173339844,150.28990173339844,150.17999267578125,150.19000244140625,150.19000244140625,3545.0
2025-12-03T16:49:00Z,150.22000122070312,150.22000122070312,150.17999267578125,150.17999267578125,150.17999267578125,993.0
2025-12-03T16:50:00Z,150.22000122070312,150.22999572753906,150.17999267578125,150.17999267578125,150.17999267578125,1847.0
2025-12-03T16:51:00Z,150.22000122070312,150.22000122070312,150.22000122070312,150.22000122070312,150.22000122070312,1118.0
2025-12-03T16:52:00Z,150.22000122070312,150.22000122070312,150.17999267578125,150.17999267578125,150.17999267578125,1521.0
2025-12-03T16:53:00Z,150.22000122070312,150.28500366210938,150.19000244140625,150.24000549316406,150.24000549316406,42473.0
2025-12-03T16:54:00Z,150.2100067138672,150.21249389648438,150.11000061035156,150.11000061035156,150.11000061035156,4908.0
2025-12-03T16:55:00Z,150.10000610351562,150.10000610351562,150.02999877929688,150.0500030517578,150.0500030517578,1806.0
2025-12-03T16:56:00Z,150.02000427246094,150.02000427246094,149.92999267578125,149.92999267578125,149.92999267578125,2587.0
2025-12-03T16:57:00Z,149.89999389648438,149.89999389648438,149.8300018310547,149.86000061035156,149.86000061035156,5233.0
2025-12-03T16:58:00Z,149.9199981689453,149.9199981689453,149.8699951171875,149.8699951171875,149.8699951171875,2205.0
2025-12-03T16:59:00Z,149.97000122070312,150.0,149.94000244140625,150.0,150.0,3060.0
2025-12-03T17:00:00Z,150.0399932861328,150.0399932861328,149.9600067138672,149.9600067138672,149.9600067138672,2576.0
2025-12-03T17:02:00Z,149.9499969482422,149.9600067138672,149.92999267578125,149.92999267578125,149.92999267578125,7749.0
2025-12-03T17:03:00Z,149.90499877929688,149.92999267578125,149.90499877929688,149.9199981689453,149.9199981689453,1412.0
2025-12-03T17:04:00Z,149.97000122070312,149.97500610351562,149.97000122070312,149.97500610351562,149.97500610351562,781.0
2025-12-03T17:05:00Z,149.91000366210938,149.91000366210938,149.8800048828125,149.89999389648438,149.89999389648438,1119.0
2025-12-03T17:06:00Z,149.85000610351562,149.85000610351562,149.85000610351562,149.85000610351562,149.85000610351562,498.0
2025-12-03T17:07:00Z,149.8699951171875,149.8699951171875,149.8699951171875,149.8699951171875,149.8699951171875,335.0
2025-12-03T17:08:00Z,149.8699951171875,149.89500427246094,149.80999755859375,149.83999633789062,149.83999633789062,9077.0
2025-12-03T17:09:00Z,149.8800048828125,149.89999389648438,149.8800048828125,149.8800048828125,149.8800048828125,744.0
2025-12-03T17:10:00Z,149.8800048828125,149.8800048828125,149.8800048828125,149.8800048828125,149.8800048828125,355.0
2025-12-03T17:11:00Z,149.8800048828125,149.9199981689453,149.75999450683594,149.80999755859375,149.80999755859375,20877.0
2025-12-03T17:12:00Z,149.80999755859375,149.86000061035156,149.75999450683594,149.75999450683594,149.75999450683594,4492.0
2025-12-03T17:13:00Z,149.77000427246094,149.99000549316406,149.77000427246094,149.96499633789062,149.96499633789062,21442.0
2025-12-03T17:15:00Z,150.0,150.02999877929688,150.0,150.01499938964844,150.01499938964844,3426.0
2025-12-03T17:16:00Z,150.08999633789062,150.08999633789062,150.08999633789062,150.08999633789062,150.08999633789062,820.0
2025-12-03T17:17:00Z,150.1300048828125,150.1300048828125,150.1300048828125,150.1300048828125,150.1300048828125,522.0
2025-12-03T17:18:00Z,150.10000610351562,150.11500549316406,150.10000610351562,150.11500549316406,150.11500549316406,1394.0
2025-12-03T17:19:00Z,150.11500549316406,150.11500549316406,150.00999450683594,150.00999450683594,150.00999450683594,3514.0
2025-12-03T17:20:00Z,150.00999450683594,150.00999450683594,150.00999450683594,150.00999450683594,150.00999450683594,797.0
2025-12-03T17:21:00Z,149.97999572753906,150.07000732421875,149.97000122070312,150.07000732421875,150.07000732421875,2612.0
2025-12-03T17:22:00Z,150.0850067138672,150.10000610351562,150.05999755859375,150.07000732421875,150.07000732421875,7081.0
2025-12-03T17:23:00Z,150.0850067138672,150.1199951171875,150.0800018310547,150.0800018310547,150.0800018310547,11425.0
2025-12-03T17:24:00Z,150.1125030517578,150.1125030517578,150.09500122070312,150.09500122070312,150.09500122070312,499.0
2025-12-03T17:25:00Z,150.10000610351562,150.10000610351562,150.0500030517578,150.0500030517578,150.0500030517578,2976.0
2025-12-03T17:26:00Z,150.05499267578125,150.08999633789062,150.05499267578125,150.07000732421875,150.07000732421875,4414.0
2025-12-03T17:27:00Z,150.09500122070312,150.19000244140625,150.0800018310547,150.19000244140625,150.19000244140625,24338.0
2025-12-03T17:28:00Z,150.2100067138672,150.22000122070312,150.19000244140625,150.19000244140625,150.19000244140625,2928.0
2025-12-03T17:29:00Z,150.16000366210938,150.19000244140625,150.1300048828125,150.18499755859375,150.18499755859375,3321.0
2025-12-03T17:30:00Z,150.25,150.27999877929688,150.22000122070312,150.27499389648438,150.27499389648438,2345.0
2025-12-03T17:31:00Z,150.25,150.33999633789062,150.22000122070312,150.22500610351562,150.22500610351562,2806.0
2025-12-03T17:32:00Z,150.17999267578125,150.3000030517578,150.17999267578125,150.3000030517578,150.3000030517578,1059.0
2025-12-03T17:33:00Z,150.23500061035156,150.23500061035156,150.10000610351562,150.11000061035156,150.11000061035156,10207.0
2025-12-03T17:34:00Z,150.11500549316406,150.1300048828125,150.08009338378906,150.08009338378906,150.08009338378906,1633.0
2025-12-03T17:35:00Z,150.1300048828125,150.1699981689453,150.1300048828125,150.1300048828125,150.1300048828125,1049.0
2025-12-03T17:36:00Z,150.1300048828125,150.17999267578125,150.10499572753906,150.10499572753906,150.10499572753906,11999.0
2025-12-03T17:37:00Z,150.125,150.1300048828125,150.07000732421875,150.1300048828125,150.1300048828125,14369.0
2025-12-03T17:38:00Z,150.0800018310547,150.0800018310547,150.07000732421875,150.07000732421875,150.07000732421875,1489.0
2025-12-03T17:40:00Z,150.0399932861328,150.0500030517578,149.99000549316406,150.02000427246094,150.02000427246094,5741.0
2025-12-03T17:41:00Z,150.0500030517578,150.06500244140625,149.99000549316406,150.05999755859375,150.05999755859375,12129.0
2025-12-03T17:43:00Z,150.05999755859375,150.07000732421875,150.05999755859375,150.05999755859375,150.05999755859375,2706.0
2025-12-03T17:44:00Z,150.1300048828125,150.19000244140625,150.1300048828125,150.1699981689453,150.1699981689453,3468.0
2025-12-03T17:45:00Z,150.1699981689453,150.1999969482422,150.1699981689453,150.1999969482422,150.1999969482422,562.0
2025-12-03T17:46:00Z,150.1750030517578,150.2198944091797,150.14999389648438,150.17999267578125,150.17999267578125,1527.0
2025-12-03T17:47:00Z,150.24000549316406,150.25,150.2100067138672,150.22000122070312,150.22000122070312,1714.0
2025-12-03T17:48:00Z,150.19000244140625,150.2100067138672,150.16000366210938,150.2100067138672,150.2100067138672,2592.0
2025-12-03T17:49:00Z,150.2100067138672,150.2100067138672,150.2100067138672,150.2100067138672,150.2100067138672,855.0
2025-12-03T17:50:00Z,150.16000366210938,150.16000366210938,150.1300048828125,150.1300048828125,150.1300048828125,2125.0
2025-12-03T17:51:00Z,150.1199951171875,150.1199951171875,150.0500030517578,150.0500030517578,150.0500030517578,3792.0
2025-12-03T17:52:00Z,150.07000732421875,150.0800018310547,150.07000732421875,150.0800018310547,150.0800018310547,1683.0
2025-12-03T17:53:00Z,150.1199951171875,150.18499755859375,150.1199951171875,150.18499755859375,150.18499755859375,593.0
2025-12-03T17:54:00Z,150.1999969482422,150.1999969482422,150.1999969482422,150.1999969482422,150.1999969482422,349.0
2025-12-03T17:55:00Z,150.1999969482422,150.2050018310547,150.13999938964844,150.2050018310547,150.2050018310547,1729.0
2025-12-03T17:56:00Z,150.2050018310547,150.2050018310547,150.2050018310547,150.2050018310547,150.2050018310547,1016.0
2025-12-03T17:58:00Z,150.27000427246094,150.27000427246094,150.2100067138672,150.2100067138672,150.2100067138672,1442.0
2025-12-03T17:59:00Z,150.19000244140625,150.27000427246094,150.19000244140625,150.27000427246094,150.27000427246094,1804.0
2025-12-03T18:00:00Z,150.35000610351562,150.35000610351562,150.35000610351562,150.35000610351562,150.35000610351562,236.0
2025-12-03T18:01:00Z,150.3300018310547,150.3300018310547,150.25,150.2949981689453,150.2949981689453,2399.0
2025-12-03T18:02:00Z,150.24000549316406,150.25999450683594,150.24000549316406,150.25999450683594,150.25999450683594,564.0
2025-12-03T18:03:00Z,150.22000122070312,150.22000122070312,150.16000366210938,150.16000366210938,150.16000366210938,2059.0
2025-12-03T18:04:00Z,150.13999938964844,150.15499877929688,150.1300048828125,150.13499450683594,150.13499450683594,2005.0
2025-12-03T18:05:00Z,150.13499450683594,150.16000366210938,150.0928955078125,150.0928955078125,150.0928955078125,968.0
2025-12-03T18:06:00Z,150.13499450683594,150.13499450683594,150.1199951171875,150.1199951171875,150.1199951171875,2117.0
2025-12-03T18:07:00Z,150.1199951171875,150.16000366210938,150.1199951171875,150.13999938964844,150.13999938964844,4773.0
2025-12-03T18:08:00Z,150.13999938964844,150.13999938964844,150.0850067138672,150.1199951171875,150.1199951171875,5528.0
2025-12-03T18:09:00Z,150.09500122070312,150.09500122070312,150.08999633789062,150.09500122070312,150.09500122070312,566.0
2025-12-03T18:10:00Z,150.09500122070312,150.1300048828125,150.09500122070312,150.1300048828125,150.1300048828125,3545.0
2025-12-03T18:11:00Z,150.1300048828125,150.1300048828125,150.11500549316406,150.1199951171875,150.1199951171875,1592.0
2025-12-03T18:12:00Z,150.1199951171875,150.25999450683594,150.1199951171875,150.17999267578125,150.17999267578125,11791.0
2025-12-03T18:14:00Z,150.14999389648438,150.25,150.14500427246094,150.25,150.25,37657.0
2025-12-03T18:15:00Z,150.31500244140625,150.31500244140625,150.22999572753906,150.24000549316406,150.24000549316406,2877.0
2025-12-03T18:16:00Z,150.2550048828125,150.33999633789062,150.2100067138672,150.33999633789062,150.33999633789062,3642.0
2025-12-03T18:17:00Z,150.38999938964844,150.38999938964844,150.38999938964844,150.38999938964844,150.38999938964844,868.0
2025-12-03T18:19:00Z,150.3300018310547,150.3300018310547,150.30999755859375,150.30999755859375,150.30999755859375,1454.0
2025-12-03T18:20:00Z,150.36000061035156,150.36000061035156,150.36000061035156,150.36000061035156,150.36000061035156,436.0
2025-12-03T18:21:00Z,150.36000061035156,150.375,150.36000061035156,150.375,150.375,807.0
2025-12-03T18:26:00Z,150.3300018310547,150.3300018310547,150.3300018310547,150.3300018310547,150.3300018310547,3739.0
2025-12-03T18:27:00Z,150.3800048828125,150.3800048828125,150.3000030517578,150.3000030517578,150.3000030517578,2678.0
2025-12-03T18:28:00Z,150.30169677734375,150.3074951171875,150.30169677734375,150.3074951171875,150.3074951171875,610.0
2025-12-03T18:29:00Z,150.33999633789062,150.33999633789062,150.33999633789062,150.33999633789062,150.33999633789062,1056.0
2025-12-03T18:31:00Z,150.44000244140625,150.44000244140625,150.44000244140625,150.44000244140625,150.44000244140625,833.0
2025-12-03T18:32:00Z,150.4499969482422,150.4499969482422,150.4499969482422,150.4499969482422,150.4499969482422,314.0
2025-12-03T18:33:00Z,150.44500732421875,150.52999877929688,150.44500732421875,150.52999877929688,150.52999877929688,3270.0
2025-12-03T18:34:00Z,150.44500732421875,150.44500732421875,150.3800048828125,150.3800048828125,150.3800048828125,986.0
2025-12-03T18:35:00Z,150.41000366210938,150.41000366210938,150.39999389648438,150.39999389648438,150.39999389648438,899.0
2025-12-03T18:36:00Z,150.46499633789062,150.46499633789062,150.45249938964844,150.45249938964844,150.45249938964844,889.0
2025-12-03T18:37:00Z,150.38999938964844,150.38999938964844,150.38999938964844,150.38999938964844,150.38999938964844,325.0
2025-12-03T18:38:00Z,150.4199981689453,150.4199981689453,150.3699951171875,150.3800048828125,150.3800048828125,1422.0
2025-12-03T18:39:00Z,150.42999267578125,150.42999267578125,150.3800048828125,150.3800048828125,150.3800048828125,430.0
2025-12-03T18:40:00Z,150.3699951171875,150.4250030517578,150.3699951171875,150.4250030517578,150.4250030517578,1393.0
2025-12-03T18:41:00Z,150.3800048828125,150.41819763183594,150.3699951171875,150.3699951171875,150.3699951171875,2216.0
2025-12-03T18:42:00Z,150.4149932861328,150.4149932861328,150.4149932861328,150.4149932861328,150.4149932861328,913.0
2025-12-03T18:43:00Z,150.4600067138672,150.50999450683594,150.4199981689453,150.4199981689453,150.4199981689453,1695.0
2025-12-03T18:44:00Z,150.4499969482422,150.47000122070312,150.4499969482422,150.47000122070312,150.47000122070312,892.0
2025-12-03T18:45:00Z,150.4199981689453,150.47999572753906,150.4199981689453,150.47999572753906,150.47999572753906,981.0
2025-12-03T18:46:00Z,150.4571075439453,150.4571075439453,150.4199981689453,150.4199981689453,150.4199981689453,3047.0
2025-12-03T18:47:00Z,150.4149932861328,150.4149932861328,150.3300018310547,150.35000610351562,150.35000610351562,2006.0
2025-12-03T18:48:00Z,150.32000732421875,150.36000061035156,150.27000427246094,150.36000061035156,150.36000061035156,4276.0
2025-12-03T18:49:00Z,150.3699951171875,150.38999938964844,150.3699951171875,150.38999938964844,150.38999938964844,1098.0
2025-12-03T18:50:00Z,150.4199981689453,150.4199981689453,150.41000366210938,150.4199981689453,150.4199981689453,672.0
2025-12-03T18:51:00Z,150.43499755859375,150.43499755859375,150.43499755859375,150.43499755859375,150.43499755859375,1160.0
2025-12-03T18:52:00Z,150.36000061035156,150.3800048828125,150.35000610351562,150.3800048828125,150.3800048828125,1116.0
2025-12-03T18:53:00Z,150.36000061035156,150.36500549316406,150.36000061035156,150.36500549316406,150.36500549316406,802.0
2025-12-03T18:54:00Z,150.40499877929688,150.40499877929688,150.27000427246094,150.27000427246094,150.27000427246094,2803.0
2025-12-03T18:56:00Z,150.27999877929688,150.31219482421875,150.25999450683594,150.31219482421875,150.31219482421875,1628.0
2025-12-03T18:57:00Z,150.30499267578125,150.30499267578125,150.25999450683594,150.25999450683594,150.25999450683594,982.0
2025-12-03T18:58:00Z,150.27000427246094,150.27000427246094,150.25999450683594,150.25999450683594,150.25999450683594,830.0
2025-12-03T19:00:00Z,150.27000427246094,150.27000427246094,150.1999969482422,150.21499633789062,150.21499633789062,5186.0
2025-12-03T19:01:00Z,150.25999450683594,150.25999450683594,150.19500732421875,150.22500610351562,150.22500610351562,22424.0
2025-12-03T19:02:00Z,150.19500732421875,150.3000030517578,150.18499755859375,150.25,150.25,45751.0
2025-12-03T19:04:00Z,150.33999633789062,150.34500122070312,150.33999633789062,150.34500122070312,150.34500122070312,814.0
2025-12-03T19:05:00Z,150.32000732421875,150.3699951171875,150.22999572753906,150.25,150.25,3252.0
2025-12-03T19:06:00Z,150.25,150.25,150.25,150.25,150.25,597.0
2025-12-03T19:07:00Z,150.31500244140625,150.31500244140625,150.27999877929688,150.27999877929688,150.27999877929688,723.0
2025-12-03T19:08:00Z,150.3000030517578,150.3000030517578,150.3000030517578,150.3000030517578,150.3000030517578,865.0
2025-12-03T19:09:00Z,150.44590759277344,150.44590759277344,150.44590759277344,150.44590759277344,150.44590759277344,1010.0
2025-12-03T19:12:00Z,150.4499969482422,150.47999572753906,150.4499969482422,150.47999572753906,150.47999572753906,2220.0
2025-12-03T19:13:00Z,150.5399932861328,150.67999267578125,150.5399932861328,150.66000366210938,150.66000366210938,2965.0
2025-12-03T19:14:00Z,150.7100067138672,150.77999877929688,150.7100067138672,150.75,150.75,1179.0
2025-12-03T19:15:00Z,150.70509338378906,150.72500610351562,150.70509338378906,150.72500610351562,150.72500610351562,963.0
2025-12-03T19:16:00Z,150.67999267578125,150.67999267578125,150.6699981689453,150.6699981689453,150.6699981689453,1461.0
2025-12-03T19:17:00Z,150.69000244140625,150.69000244140625,150.69000244140625,150.69000244140625,150.69000244140625,227.0
2025-12-03T19:18:00Z,150.6750030517578,150.6750030517578,150.60000610351562,150.64999389648438,150.64999389648438,848.0
2025-12-03T19:19:00Z,150.69500732421875,150.75999450683594,150.6199951171875,150.6199951171875,150.6199951171875,4921.0
2025-12-03T19:20:00Z,150.61000061035156,150.64999389648438,150.5800018310547,150.5800018310547,150.5800018310547,1794.0
2025-12-03T19:21:00Z,150.64149475097656,150.64149475097656,150.64149475097656,150.64149475097656,150.64149475097656,1062.0
2025-12-03T19:23:00Z,150.63999938964844,150.63999938964844,150.63999938964844,150.63999938964844,150.63999938964844,481.0
2025-12-03T19:24:00Z,150.5800018310547,150.5800018310547,150.5800018310547,150.5800018310547,150.5800018310547,1366.0
2025-12-03T19:25:00Z,150.60000610351562,150.60000610351562,150.60000610351562,150.60000610351562,150.60000610351562,170.0
2025-12-03T19:26:00Z,150.60000610351562,150.62680053710938,150.58999633789062,150.62680053710938,150.62680053710938,1572.0
2025-12-03T19:27:00Z,150.60287475585938,150.63499450683594,150.60287475585938,150.6300048828125,150.6300048828125,1864.0
2025-12-03T19:28:00Z,150.5800018310547,150.61500549316406,150.57000732421875,150.57000732421875,150.57000732421875,2067.0
2025-12-03T19:29:00Z,150.57000732421875,150.5998992919922,150.57000732421875,150.57000732421875,150.57000732421875,695.0
2025-12-03T19:30:00Z,150.625,150.6300048828125,150.5399932861328,150.5449981689453,150.5449981689453,2553.0
2025-12-03T19:31:00Z,150.50999450683594,150.50999450683594,150.49000549316406,150.49000549316406,150.49000549316406,2006.0
2025-12-03T19:33:00Z,150.47500610351562,150.50999450683594,150.4550018310547,150.4600067138672,150.4600067138672,6984.0
2025-12-03T19:34:00Z,150.44000244140625,150.4499969482422,150.44000244140625,150.4499969482422,150.4499969482422,3576.0
2025-12-03T19:35:00Z,150.47999572753906,150.47999572753906,150.44500732421875,150.44500732421875,150.44500732421875,1090.0
2025-12-03T19:36:00Z,150.4199981689453,150.4499969482422,150.39430236816406,150.39430236816406,150.39430236816406,2806.0
2025-12-03T19:37:00Z,150.38999938964844,150.38999938964844,150.2899932861328,150.32000732421875,150.32000732421875,12773.0
2025-12-03T19:38:00Z,150.3249969482422,150.3249969482422,150.3249969482422,150.3249969482422,150.3249969482422,1310.0
2025-12-03T19:39:00Z,150.27000427246094,150.27000427246094,150.25,150.25,150.25,644.0
2025-12-03T19:40:00Z,150.2100067138672,150.22999572753906,150.14999389648438,150.19500732421875,150.19500732421875,11095.0
2025-12-03T19:41:00Z,150.19000244140625,150.19000244140625,150.19000244140625,150.19000244140625,150.19000244140625,447.0
2025-12-03T19:42:00Z,150.16000366210938,150.19000244140625,150.14999389648438,150.15310668945312,150.15310668945312,1685.0
2025-12-03T19:43:00Z,150.17999267578125,150.25,150.11000061035156,150.11000061035156,150.11000061035156,16993.0
2025-12-03T19:44:00Z,150.1300048828125,150.25,150.11000061035156,150.24000549316406,150.24000549316406,23041.0
2025-12-03T19:45:00Z,150.27000427246094,150.27000427246094,150.27000427246094,150.27000427246094,150.27000427246094,1375.0
2025-12-03T19:46:00Z,150.33999633789062,150.33999633789062,150.33999633789062,150.33999633789062,150.33999633789062,574.0
2025-12-03T19:47:00Z,150.36000061035156,150.36000061035156,150.27000427246094,150.27999877929688,150.27999877929688,2971.0
2025-12-03T19:48:00Z,150.31500244140625,150.31500244140625,150.31500244140625,150.31500244140625,150.31500244140625,251.0
2025-12-03T19:49:00Z,150.31500244140625,150.31500244140625,150.31500244140625,150.31500244140625,150.31500244140625,583.0
2025-12-03T19:50:00Z,150.36000061035156,150.36000061035156,150.3000030517578,150.3000030517578,150.3000030517578,708.0
2025-12-03T19:51:00Z,150.30999755859375,150.30999755859375,150.22999572753906,150.22999572753906,150.22999572753906,2448.0
2025-12-03T19:52:00Z,150.2449951171875,150.2449951171875,150.16000366210938,150.16000366210938,150.16000366210938,2290.0
2025-12-03T19:53:00Z,150.16000366210938,150.16000366210938,150.0800018310547,150.10000610351562,150.10000610351562,1414.0
2025-12-03T19:54:00Z,150.1199951171875,150.1199951171875,150.02999877929688,150.08999633789062,150.08999633789062,2694.0
2025-12-03T19:55:00Z,150.07000732421875,150.07000732421875,150.05999755859375,150.05999755859375,150.05999755859375,691.0
2025-12-03T19:56:00Z,150.05999755859375,150.05999755859375,150.05999755859375,150.05999755859375,150.05999755859375,805.0
2025-12-03T19:57:00Z,150.02999877929688,150.02999877929688,149.99000549316406,150.02999877929688,150.02999877929688,1932.0
2025-12-03T19:58:00Z,150.00999450683594,150.08999633789062,150.00999450683594,150.0500030517578,150.0500030517578,1555.0
2025-12-03T20:00:00Z,150.0500030517578,150.0500030517578,149.97999572753906,149.98500061035156,149.98500061035156,2841.0
2025-12-03T20:01:00Z,149.98500061035156,149.98500061035156,149.9499969482422,149.9499969482422,149.9499969482422,1864.0
2025-12-03T20:02:00Z,149.88999938964844,149.91000366210938,149.85000610351562,149.86500549316406,149.86500549316406,13578.0
2025-12-03T20:03:00Z,149.8699951171875,149.8699951171875,149.8699951171875,149.8699951171875,149.8699951171875,383.0
2025-12-03T20:04:00Z,149.83999633789062,150.09500122070312,149.83999633789062,150.02000427246094,150.02000427246094,17706.0
2025-12-03T20:05:00Z,149.97000122070312,149.97000122070312,149.9199981689453,149.92999267578125,149.92999267578125,816.0
2025-12-03T20:06:00Z,149.89999389648438,149.98500061035156,149.88999938964844,149.98500061035156,149.98500061035156,1590.0
2025-12-03T20:07:00Z,150.01649475097656,150.01649475097656,149.89999389648438,149.89999389648438,149.89999389648438,691.0
2025-12-03T20:08:00Z,149.98500061035156,149.98500061035156,149.98500061035156,149.98500061035156,149.98500061035156,1539.0
2025-12-03T20:09:00Z,149.8800048828125,149.93499755859375,149.80999755859375,149.8350067138672,149.8350067138672,4051.0
2025-12-03T20:10:00Z,149.8350067138672,149.8699951171875,149.8350067138672,149.86500549316406,149.86500549316406,1719.0
2025-12-03T20:11:00Z,149.875,149.875,149.875,149.875,149.875,1716.0
2025-12-03T20:12:00Z,149.875,149.8800048828125,149.875,149.8800048828125,149.8800048828125,905.0
2025-12-03T20:13:00Z,149.8800048828125,149.8800048828125,149.8800048828125,149.8800048828125,149.8800048828125,732.0
2025-12-03T20:14:00Z,149.8800048828125,149.8800048828125,149.8800048828125,149.8800048828125,149.8800048828125,586.0
2025-12-03T20:15:00Z,149.82000732421875,149.8699951171875,149.80999755859375,149.8300018310547,149.8300018310547,3434.0
2025-12-03T20:17:00Z,149.875,149.875,149.80999755859375,149.81500244140625,149.81500244140625,1641.0
2025-12-03T20:18:00Z,149.86500549316406,149.86500549316406,149.86500549316406,149.86500549316406,149.86500549316406,680.0
2025-12-03T20:19:00Z,149.8000030517578,149.85499572753906,149.7899932861328,149.82000732421875,149.82000732421875,1243.0
2025-12-03T20:20:00Z,149.8300018310547,149.86000061035156,149.80999755859375,149.80999755859375,149.80999755859375,1393.0
2025-12-03T20:21:00Z,149.80999755859375,149.8350067138672,149.8000030517578,149.8350067138672,149.8350067138672,1446.0
2025-12-03T20:22:00Z,149.82000732421875,149.88999938964844,149.82000732421875,149.88999938964844,149.88999938964844,9542.0
2025-12-03T20:23:00Z,149.85000610351562,149.85000610351562,149.82000732421875,149.82000732421875,149.82000732421875,1549.0
2025-12-03T20:24:00Z,149.82000732421875,149.86000061035156,149.80999755859375,149.86000061035156,149.86000061035156,1285.0
2025-12-03T20:25:00Z,149.82000732421875,149.8300018310547,149.82000732421875,149.8300018310547,149.8300018310547,357.0
2025-12-03T20:26:00Z,149.8300018310547,149.8300018310547,149.8000030517578,149.8000030517578,149.8000030517578,2136.0
2025-12-03T20:27:00Z,149.8000030517578,149.8000030517578,149.69000244140625,149.69000244140625,149.69000244140625,4318.0
2025-12-03T20:28:00Z,149.72999572753906,149.72999572753906,149.7100067138672,149.72999572753906,149.72999572753906,1217.0
2025-12-03T20:29:00Z,149.67999267578125,149.7100067138672,149.6649932861328,149.6699981689453,149.6699981689453,5134.0
2025-12-03T20:30:00Z,149.67999267578125,149.72000122070312,149.67999267578125,149.69000244140625,149.69000244140625,4088.0
2025-12-03T20:31:00Z,149.69000244140625,149.71499633789062,149.64999389648438,149.67999267578125,149.67999267578125,8760.0
2025-12-03T20:32:00Z,149.63999938964844,149.63999938964844,149.42999267578125,149.5574951171875,149.5574951171875,11407.0
2025-12-03T20:33:00Z,149.50999450683594,149.52999877929688,149.39999389648438,149.4600067138672,149.4600067138672,6385.0
2025-12-03T20:34:00Z,149.4600067138672,149.4600067138672,149.4600067138672,149.4600067138672,149.4600067138672,1251.0
2025-12-03T20:35:00Z,149.4499969482422,149.4550018310547,149.39999389648438,149.4550018310547,149.4550018310547,1512.0
2025-12-03T20:36:00Z,149.4550018310547,149.4550018310547,149.38999938964844,149.39999389648438,149.39999389648438,4446.0
2025-12-03T20:37:00Z,149.3699951171875,149.375,149.27000427246094,149.375,149.375,2062.0
2025-12-03T20:38:00Z,149.32000732421875,149.55250549316406,149.31500244140625,149.38999938964844,149.38999938964844,28655.0
2025-12-03T20:39:00Z,149.3699951171875,149.46499633789062,149.3699951171875,149.3699951171875,149.3699951171875,10996.0
2025-12-03T20:40:00Z,149.3300018310547,149.4199981689453,149.3300018310547,149.39999389648438,149.39999389648438,11799.0
2025-12-03T20:42:00Z,149.49000549316406,149.5749969482422,149.47999572753906,149.50999450683594,149.50999450683594,3593.0
2025-12-03T20:43:00Z,149.49000549316406,149.4949951171875,149.42999267578125,149.4949951171875,149.4949951171875,1843.0
2025-12-03T20:44:00Z,149.60000610351562,149.60000610351562,149.3699951171875,149.3699951171875,149.3699951171875,4271.0
2025-12-03T20:45:00Z,149.3800048828125,149.3800048828125,149.33999633789062,149.33999633789062,149.33999633789062,2073.0
2025-12-03T20:46:00Z,149.32000732421875,149.3300018310547,149.24000549316406,149.27000427246094,149.27000427246094,17606.0
2025-12-03T20:47:00Z,149.23500061035156,149.23500061035156,149.19000244140625,149.19000244140625,149.19000244140625,3287.0
2025-12-03T20:48:00Z,149.22500610351562,149.22500610351562,149.19000244140625,149.1999969482422,149.1999969482422,2082.0
2025-12-03T20:49:00Z,149.22000122070312,149.27999877929688,149.22000122070312,149.27999877929688,149.27999877929688,7897.0
2025-12-03T20:50:00Z,149.30499267578125,149.38999938964844,149.30499267578125,149.33999633789062,149.33999633789062,14666.0
2025-12-03T20:51:00Z,149.35499572753906,149.3800048828125,149.3000030517578,149.32000732421875,149.32000732421875,7304.0
2025-12-03T20:52:00Z,149.2899932861328,149.30499267578125,149.1999969482422,149.1999969482422,149.1999969482422,12111.0
2025-12-03T20:53:00Z,149.25,149.25,149.1699981689453,149.2449951171875,149.2449951171875,4047.0
2025-12-03T20:54:00Z,149.17999267578125,149.22999572753906,149.10000610351562,149.13999938964844,149.13999938964844,20611.0
2025-12-03T20:55:00Z,149.17999267578125,149.25,149.13999938964844,149.17999267578125,149.17999267578125,35724.0
2025-12-03T20:56:00Z,149.17999267578125,149.25999450683594,149.17999267578125,149.22000122070312,149.22000122070312,25338.0
2025-12-03T20:57:00Z,149.21499633789062,149.25,149.1999969482422,149.22999572753906,149.22999572753906,11685.0
2025-12-03T20:58:00Z,149.24000549316406,149.32000732421875,149.22500610351562,149.32000732421875,149.32000732421875,31890.0
2025-12-03T20:59:00Z,149.30499267578125,149.33999633789062,149.24000549316406,149.27000427246094,149.27000427246094,36169.0
2025-12-04T14:30:00Z,149.25999450683594,149.8000030517578,148.77000427246094,149.38499450683594,149.38499450683594,22837.0
2025-12-04T14:31:00Z,148.97000122070312,149.00999450683594,148.38999938964844,148.78500366210938,148.78500366210938,9196.0
2025-12-04T14:32:00Z,148.78500366210938,148.78500366210938,148.64999389648438,148.64999389648438,148.64999389648438,861.0
2025-12-04T14:34:00Z,147.5749969482422,147.8300018310547,147.24000549316406,147.61549377441406,147.61549377441406,16271.0
2025-12-04T14:35:00Z,147.73500061035156,147.8300018310547,147.46499633789062,147.4801025390625,147.4801025390625,7085.0
2025-12-04T14:37:00Z,146.67999267578125,146.83999633789062,146.15480041503906,146.53500366210938,146.53500366210938,48157.0
2025-12-04T14:38:00Z,146.6199951171875,146.8300018310547,146.36500549316406,146.8300018310547,146.8300018310547,9112.0
2025-12-04T14:39:00Z,146.8249969482422,146.8249969482422,146.5050048828125,146.50999450683594,146.50999450683594,4178.0
2025-12-04T14:40:00Z,146.50999450683594,146.92999267578125,146.0500030517578,146.51499938964844,146.51499938964844,14940.0
2025-12-04T14:41:00Z,146.25,146.60000610351562,145.83999633789062,146.18499755859375,146.18499755859375,10665.0
2025-12-04T14:42:00Z,146.18499755859375,146.66000366210938,145.68499755859375,145.68499755859375,145.68499755859375,48730.0
2025-12-04T14:43:00Z,145.81500244140625,146.07650756835938,145.80999755859375,145.80999755859375,145.80999755859375,823.0
2025-12-04T14:44:00Z,146.01499938964844,146.34500122070312,146.0,146.34500122070312,146.34500122070312,13301.0
2025-12-04T14:45:00Z,146.30999755859375,146.52000427246094,146.14500427246094,146.2949981689453,146.2949981689453,6803.0
2025-12-04T14:46:00Z,146.39999389648438,146.39999389648438,146.0800018310547,146.28500366210938,146.28500366210938,3279.0
2025-12-04T14:47:00Z,145.91000366210938,146.0800018310547,145.84500122070312,145.97500610351562,145.97500610351562,2751.0
2025-12-04T14:48:00Z,145.77999877929688,146.02999877929688,145.72999572753906,145.86500549316406,145.86500549316406,6657.0
2025-12-04T14:49:00Z,145.91000366210938,145.94000244140625,145.76499938964844,145.76499938964844,145.76499938964844,2690.0
2025-12-04T14:50:00Z,145.61000061035156,145.72500610351562,145.58999633789062,145.72500610351562,145.72500610351562,4188.0
2025-12-04T14:51:00Z,145.6649932861328,145.93499755859375,145.25,145.93499755859375,145.93499755859375,21027.0
2025-12-04T14:52:00Z,145.97000122070312,146.11000061035156,145.875,145.97500610351562,145.97500610351562,16783.0
2025-12-04T14:53:00Z,146.0500030517578,146.08999633789062,145.9600067138672,146.00999450683594,146.00999450683594,4829.0
2025-12-04T14:54:00Z,146.05250549316406,146.1699981689453,146.0500030517578,146.1699981689453,146.1699981689453,3639.0
2025-12-04T14:55:00Z,146.1699981689453,146.36500549316406,146.15499877929688,146.17999267578125,146.17999267578125,5295.0
2025-12-04T14:56:00Z,146.0800018310547,146.0800018310547,145.9600067138672,145.9600067138672,145.9600067138672,3473.0
2025-12-04T14:59:00Z,145.82000732421875,145.89999389648438,145.64999389648438,145.83999633789062,145.83999633789062,3698.0
2025-12-04T15:00:00Z,145.8300018310547,146.10499572753906,145.72999572753906,146.02000427246094,146.02000427246094,6222.0
2025-12-04T15:01:00Z,145.8800048828125,146.0574951171875,145.63999938964844,145.7899932861328,145.7899932861328,7292.0
2025-12-04T15:02:00Z,145.7899932861328,145.7899932861328,145.42999267578125,145.56500244140625,145.56500244140625,11558.0
2025-12-04T15:03:00Z,145.5,145.5800018310547,145.24000549316406,145.36500549316406,145.36500549316406,29084.0
2025-12-04T15:04:00Z,145.22500610351562,145.22999572753906,144.7769012451172,144.94000244140625,144.94000244140625,32674.0
2025-12-04T15:05:00Z,144.97000122070312,145.17999267578125,144.97000122070312,145.0500030517578,145.0500030517578,13283.0
2025-12-04T15:06:00Z,145.10499572753906,145.25,145.10499572753906,145.25,145.25,704.0
2025-12-04T15:07:00Z,145.1649932861328,145.2899932861328,145.05999755859375,145.10000610351562,145.10000610351562,5329.0
2025-12-04T15:08:00Z,144.91000366210938,144.9149932861328,144.86000061035156,144.9149932861328,144.9149932861328,1637.0
2025-12-04T15:09:00Z,144.95249938964844,145.0800018310547,144.67999267578125,145.0399932861328,145.0399932861328,10565.0
2025-12-04T15:10:00Z,145.09500122070312,145.10499572753906,144.83999633789062,145.10499572753906,145.10499572753906,9118.0
2025-12-04T15:11:00Z,144.77000427246094,145.0,144.75,144.75999450683594,144.75999450683594,4368.0
2025-12-04T15:12:00Z,144.7949981689453,144.9600067138672,144.7949981689453,144.91000366210938,144.91000366210938,8496.0
2025-12-04T15:13:00Z,144.97999572753906,144.97999572753906,144.77000427246094,144.7949981689453,144.7949981689453,3211.0
2025-12-04T15:14:00Z,144.72000122070312,144.80999755859375,144.22000122070312,144.8000030517578,144.8000030517578,66677.0
2025-12-04T15:15:00Z,144.9199981689453,144.9499969482422,144.76499938964844,144.89999389648438,144.89999389648438,5342.0
2025-12-04T15:16:00Z,144.9600067138672,144.97999572753906,144.85000610351562,144.9739990234375,144.9739990234375,4491.0
2025-12-04T15:17:00Z,144.9600067138672,144.9600067138672,144.9600067138672,144.9600067138672,144.9600067138672,1115.0
2025-12-04T15:18:00Z,144.9600067138672,144.9600067138672,144.93699645996094,144.9600067138672,144.9600067138672,806.0
2025-12-04T15:19:00Z,144.9550018310547,144.9550018310547,144.94749450683594,144.94749450683594,144.94749450683594,1318.0
2025-12-04T15:20:00Z,144.9550018310547,145.22999572753906,144.9199981689453,145.11000061035156,145.11000061035156,11317.0
2025-12-04T15:21:00Z,145.1875,145.1999969482422,145.16250610351562,145.1750030517578,145.1750030517578,1707.0
2025-12-04T15:22:00Z,145.1750030517578,145.35499572753906,145.1750030517578,145.25999450683594,145.25999450683594,8026.0
2025-12-04T15:23:00Z,145.35000610351562,145.35000610351562,145.25,145.25,145.25,2988.0
2025-12-04T15:24:00Z,145.23500061035156,145.23500061035156,144.8800048828125,144.8800048828125,144.8800048828125,8395.0
2025-12-04T15:25:00Z,144.88999938964844,145.00999450683594,144.8000030517578,144.9600067138672,144.9600067138672,33196.0
2025-12-04T15:26:00Z,145.0,145.02749633789062,145.0,145.0050048828125,145.0050048828125,2050.0
2025-12-04T15:27:00Z,145.00250244140625,145.2949981689453,144.9409942626953,145.2949981689453,145.2949981689453,9172.0
2025-12-04T15:28:00Z,145.3000030517578,145.4499969482422,145.1699981689453,145.33999633789062,145.33999633789062,6033.0
2025-12-04T15:29:00Z,145.3699951171875,145.6999969482422,145.3699951171875,145.6999969482422,145.6999969482422,12356.0
2025-12-04T15:30:00Z,145.68499755859375,145.80999755859375,145.68499755859375,145.75999450683594,145.75999450683594,2046.0
2025-12-04T15:31:00Z,145.75,146.17999267578125,145.74000549316406,146.17999267578125,146.17999267578125,5801.0
2025-12-04T15:32:00Z,146.22999572753906,146.2550048828125,146.1199951171875,146.16000366210938,146.16000366210938,5925.0
2025-12-04T15:33:00Z,146.21499633789062,146.3000030517578,146.21499633789062,146.24000549316406,146.24000549316406,2448.0
2025-12-04T15:34:00Z,146.24000549316406,146.2550048828125,146.1699981689453,146.18499755859375,146.18499755859375,4278.0
2025-12-04T15:35:00Z,146.25999450683594,146.5749969482422,146.14010620117188,146.5749969482422,146.5749969482422,9291.0
2025-12-04T15:36:00Z,146.5,146.5625,146.39999389648438,146.52000427246094,146.52000427246094,10711.0
2025-12-04T15:37:00Z,146.53500366210938,146.7050018310547,146.53500366210938,146.7050018310547,146.7050018310547,3359.0
2025-12-04T15:38:00Z,146.6999969482422,146.75,146.6750030517578,146.72999572753906,146.72999572753906,3366.0
2025-12-04T15:39:00Z,146.8249969482422,146.88499450683594,146.8249969482422,146.88499450683594,146.88499450683594,1889.0
2025-12-04T15:40:00Z,146.77999877929688,146.77999877929688,146.6999969482422,146.77000427246094,146.77000427246094,3846.0
2025-12-04T15:41:00Z,146.80999755859375,147.13999938964844,146.80999755859375,147.13999938964844,147.13999938964844,10078.0
2025-12-04T15:42:00Z,147.13999938964844,147.33999633789062,147.13999938964844,147.33999633789062,147.33999633789062,10184.0
2025-12-04T15:43:00Z,147.34500122070312,147.3800048828125,147.1699981689453,147.31500244140625,147.31500244140625,5112.0
2025-12-04T15:44:00Z,147.13999938964844,147.24000549316406,146.9199981689453,146.9550018310547,146.9550018310547,36591.0
2025-12-04T15:45:00Z,146.95750427246094,146.9774932861328,146.7050018310547,146.85000610351562,146.85000610351562,3014.0
2025-12-04T15:48:00Z,146.7100067138672,146.77999877929688,146.67999267578125,146.67999267578125,146.67999267578125,10982.0
2025-12-04T15:49:00Z,146.75,146.8300018310547,146.69400024414062,146.8300018310547,146.8300018310547,2115.0
2025-12-04T15:50:00Z,146.88499450683594,146.91000366210938,146.7050018310547,146.7050018310547,146.7050018310547,3271.0
2025-12-04T15:51:00Z,146.7100067138672,146.76499938964844,146.6999969482422,146.76499938964844,146.76499938964844,1582.0
2025-12-04T15:52:00Z,146.8000030517578,146.96499633789062,146.8000030517578,146.95249938964844,146.95249938964844,2185.0
2025-12-04T15:53:00Z,146.9499969482422,146.96499633789062,146.77000427246094,146.8699951171875,146.8699951171875,4617.0
2025-12-04T15:54:00Z,146.78500366210938,146.92999267578125,146.78500366210938,146.92999267578125,146.92999267578125,3281.0
2025-12-04T15:55:00Z,146.89999389648438,146.92999267578125,146.8800048828125,146.8800048828125,146.8800048828125,971.0
2025-12-04T15:56:00Z,146.8800048828125,146.9600067138672,146.8800048828125,146.9600067138672,146.9600067138672,1644.0
2025-12-04T15:57:00Z,147.00999450683594,147.10000610351562,147.0,147.08999633789062,147.08999633789062,1664.0
2025-12-04T15:58:00Z,147.00999450683594,147.00999450683594,146.99000549316406,146.99000549316406,146.99000549316406,2308.0
2025-12-04T15:59:00Z,147.00999450683594,147.09500122070312,147.00999450683594,147.02999877929688,147.02999877929688,4612.0
2025-12-04T16:00:00Z,147.02499389648438,147.10000610351562,147.00999450683594,147.10000610351562,147.10000610351562,4863.0
2025-12-04T16:01:00Z,147.07000732421875,147.16000366210938,146.97999572753906,147.08999633789062,147.08999633789062,14153.0
2025-12-04T16:02:00Z,147.17999267578125,147.17999267578125,147.17999267578125,147.17999267578125,147.17999267578125,446.0
2025-12-04T16:03:00Z,147.1750030517578,147.25,147.10000610351562,147.25,147.25,6662.0
2025-12-04T16:04:00Z,147.36000061035156,147.44000244140625,147.3300018310547,147.4199981689453,147.4199981689453,2782.0
2025-12-04T16:05:00Z,147.4199981689453,147.56500244140625,147.38999938964844,147.56500244140625,147.56500244140625,4714.0
2025-12-04T16:06:00Z,147.58999633789062,147.58999633789062,147.50999450683594,147.56500244140625,147.56500244140625,4453.0
2025-12-04T16:07:00Z,147.5749969482422,147.69000244140625,147.57000732421875,147.61000061035156,147.61000061035156,9007.0
2025-12-04T16:08:00Z,147.61000061035156,147.61000061035156,147.58999633789062,147.61000061035156,147.61000061035156,1761.0
2025-12-04T16:09:00Z,147.61500549316406,147.75,147.61500549316406,147.75,147.75,2251.0
2025-12-04T16:10:00Z,147.81500244140625,147.85499572753906,147.72000122070312,147.72000122070312,147.72000122070312,4240.0
2025-12-04T16:11:00Z,147.75,147.75,147.61000061035156,147.7100067138672,147.7100067138672,5811.0
2025-12-04T16:12:00Z,147.67999267578125,147.75999450683594,147.67999267578125,147.75999450683594,147.75999450683594,1587.0
2025-12-04T16:13:00Z,147.83700561523438,147.83700561523438,147.8300018310547,147.8300018310547,147.8300018310547,1285.0
2025-12-04T16:14:00Z,147.83250427246094,147.89999389648438,147.75999450683594,147.75999450683594,147.75999450683594,2771.0
2025-12-04T16:15:00Z,147.72999572753906,147.8300018310547,147.4250030517578,147.8249969482422,147.8249969482422,28724.0
2025-12-04T16:16:00Z,147.89999389648438,148.09500122070312,147.88999938964844,147.99000549316406,147.99000549316406,7063.0
2025-12-04T16:17:00Z,148.05999755859375,148.11000061035156,148.05999755859375,148.11000061035156,148.11000061035156,962.0
2025-12-04T16:18:00Z,148.1199951171875,148.13999938964844,147.97999572753906,148.06500244140625,148.06500244140625,3543.0
2025-12-04T16:19:00Z,148.06500244140625,148.1699981689453,148.06500244140625,148.1699981689453,148.1699981689453,1592.0
2025-12-04T16:20:00Z,148.07000732421875,148.13250732421875,148.02000427246094,148.02999877929688,148.02999877929688,3422.0
2025-12-04T16:21:00Z,148.05499267578125,148.05499267578125,148.02000427246094,148.02000427246094,148.02000427246094,977.0
2025-12-04T16:22:00Z,148.0800018310547,148.10000610351562,147.8699951171875,147.9250030517578,147.9250030517578,15434.0
2025-12-04T16:23:00Z,147.9199981689453,147.9199981689453,147.9199981689453,147.9199981689453,147.9199981689453,1505.0
2025-12-04T16:24:00Z,147.9199981689453,148.02499389648438,147.89999389648438,148.02499389648438,148.02499389648438,20512.0
2025-12-04T16:25:00Z,147.99000549316406,148.07000732421875,147.89999389648438,147.97500610351562,147.97500610351562,4586.0
2025-12-04T16:26:00Z,147.90499877929688,147.91000366210938,147.90499877929688,147.91000366210938,147.91000366210938,2008.0
2025-12-04T16:27:00Z,147.96499633789062,147.96499633789062,147.9550018310547,147.9550018310547,147.9550018310547,606.0
2025-12-04T16:28:00Z,147.9550018310547,147.97999572753906,147.9550018310547,147.9600067138672,147.9600067138672,3254.0
2025-12-04T16:29:00Z,147.9600067138672,147.96499633789062,147.8699951171875,147.91000366210938,147.91000366210938,3181.0
2025-12-04T16:30:00Z,147.89999389648438,147.91000366210938,147.8300018310547,147.8975067138672,147.8975067138672,4362.0
2025-12-04T16:31:00Z,147.9499969482422,148.11000061035156,147.9499969482422,148.11000061035156,148.11000061035156,2045.0
2025-12-04T16:32:00Z,148.22500610351562,148.22500610351562,147.97000122070312,147.97000122070312,147.97000122070312,5014.0
2025-12-04T16:33:00Z,148.06500244140625,148.06500244140625,148.06500244140625,148.06500244140625,148.06500244140625,614.0
2025-12-04T16:34:00Z,148.10499572753906,148.10499572753906,147.86000061035156,147.9250030517578,147.9250030517578,5231.0
2025-12-04T16:35:00Z,147.83999633789062,147.88999938964844,147.83999633789062,147.88999938964844,147.88999938964844,1894.0
2025-12-04T16:36:00Z,147.8000030517578,147.83999633789062,147.7100067138672,147.7624969482422,147.7624969482422,4651.0
2025-12-04T16:37:00Z,147.6649932861328,147.6649932861328,147.52999877929688,147.52999877929688,147.52999877929688,13709.0
2025-12-04T16:38:00Z,147.52000427246094,147.64999389648438,147.52000427246094,147.62750244140625,147.62750244140625,14103.0
2025-12-04T16:39:00Z,147.73500061035156,147.82000732421875,147.73500061035156,147.82000732421875,147.82000732421875,2453.0
2025-12-04T16:40:00Z,147.88999938964844,147.90499877929688,147.84010314941406,147.89999389648438,147.89999389648438,1862.0
2025-12-04T16:41:00Z,147.94000244140625,147.94000244140625,147.88499450683594,147.88499450683594,147.88499450683594,474.0
2025-12-04T16:42:00Z,147.94000244140625,147.94000244140625,147.88499450683594,147.88499450683594,147.88499450683594,797.0
2025-12-04T16:43:00Z,147.93499755859375,147.97000122070312,147.8300018310547,147.87049865722656,147.87049865722656,3629.0
2025-12-04T16:44:00Z,147.88999938964844,147.88999938964844,147.88999938964844,147.88999938964844,147.88999938964844,501.0
2025-12-04T16:45:00Z,147.88250732421875,147.88250732421875,147.8800048828125,147.8800048828125,147.8800048828125,812.0
2025-12-04T16:46:00Z,147.9499969482422,147.95249938964844,147.9499969482422,147.95249938964844,147.95249938964844,885.0
2025-12-04T16:47:00Z,147.93499755859375,147.93499755859375,147.8000030517578,147.8800048828125,147.8800048828125,3253.0
2025-12-04T16:48:00Z,147.89999389648438,147.89999389648438,147.83799743652344,147.83799743652344,147.83799743652344,1391.0
2025-12-04T16:49:00Z,147.91000366210938,147.94500732421875,147.91000366210938,147.94500732421875,147.94500732421875,1052.0
2025-12-04T16:50:00Z,148.02000427246094,148.02999877929688,148.02000427246094,148.02999877929688,148.02999877929688,878.0
2025-12-04T16:51:00Z,148.0500030517578,148.0500030517578,148.0050048828125,148.0050048828125,148.0050048828125,1094.0
2025-12-04T16:52:00Z,148.00999450683594,148.02000427246094,147.9499969482422,148.02000427246094,148.02000427246094,2734.0
2025-12-04T16:53:00Z,148.0399932861328,148.0399932861328,148.0399932861328,148.0399932861328,148.0399932861328,467.0
2025-12-04T16:54:00Z,147.9600067138672,148.0050048828125,147.9499969482422,148.0,148.0,2468.0
2025-12-04T16:56:00Z,148.00999450683594,148.01499938964844,147.84500122070312,148.00999450683594,148.00999450683594,29449.0
2025-12-04T16:57:00Z,148.02499389648438,148.1999969482422,147.99000549316406,148.1999969482422,148.1999969482422,22436.0
2025-12-04T16:58:00Z,148.24000549316406,148.24000549316406,148.19000244140625,148.22999572753906,148.22999572753906,2512.0
2025-12-04T16:59:00Z,148.18499755859375,148.18499755859375,148.10000610351562,148.13499450683594,148.13499450683594,1434.0
2025-12-04T17:00:00Z,148.10000610351562,148.22000122070312,148.10000610351562,148.22000122070312,148.22000122070312,1754.0
2025-12-04T17:01:00Z,148.30999755859375,148.39999389648438,148.27999877929688,148.27999877929688,148.27999877929688,1110.0
2025-12-04T17:02:00Z,148.2550048828125,148.25999450683594,148.22999572753906,148.2550048828125,148.2550048828125,1948.0
2025-12-04T17:03:00Z,148.25999450683594,148.25999450683594,148.25999450683594,148.25999450683594,148.25999450683594,389.0
2025-12-04T17:04:00Z,148.25999450683594,148.25999450683594,148.13999938964844,148.19000244140625,148.19000244140625,3511.0
2025-12-04T17:05:00Z,148.1300048828125,148.1300048828125,148.1199951171875,148.1199951171875,148.1199951171875,996.0
2025-12-04T17:06:00Z,148.13999938964844,148.1699981689453,148.13999938964844,148.1699981689453,148.1699981689453,843.0
2025-12-04T17:07:00Z,148.11000061035156,148.11000061035156,148.11000061035156,148.11000061035156,148.11000061035156,1665.0
2025-12-04T17:08:00Z,148.22000122070312,148.22000122070312,148.22000122070312,148.22000122070312,148.22000122070312,822.0
2025-12-04T17:09:00Z,148.1649932861328,148.1649932861328,148.13999938964844,148.13999938964844,148.13999938964844,419.0
2025-12-04T17:10:00Z,148.1649932861328,148.2100067138672,148.13999938964844,148.14999389648438,148.14999389648438,2568.0
2025-12-04T17:11:00Z,148.15499877929688,148.15499877929688,148.0399932861328,148.0800018310547,148.0800018310547,2319.0
2025-12-04T17:12:00Z,148.0800018310547,148.1300048828125,148.0800018310547,148.125,148.125,1364.0
2025-12-04T17:13:00Z,148.0850067138672,148.13499450683594,148.0850067138672,148.13499450683594,148.13499450683594,863.0
2025-12-04T17:14:00Z,148.13499450683594,148.13499450683594,148.13499450683594,148.13499450683594,148.13499450683594,548.0
2025-12-04T17:15:00Z,148.22000122070312,148.24000549316406,148.15499877929688,148.16000366210938,148.16000366210938,3642.0
2025-12-04T17:16:00Z,148.16000366210938,148.16000366210938,148.16000366210938,148.16000366210938,148.16000366210938,1669.0
2025-12-04T17:18:00Z,148.22999572753906,148.22999572753906,148.22999572753906,148.22999572753906,148.22999572753906,158.0
2025-12-04T17:19:00Z,148.22000122070312,148.27000427246094,148.22000122070312,148.27000427246094,148.27000427246094,1404.0
2025-12-04T17:20:00Z,148.3699951171875,148.4250030517578,148.3699951171875,148.4250030517578,148.4250030517578,746.0
2025-12-04T17:21:00Z,148.44500732421875,148.88999938964844,148.44500732421875,148.88999938964844,148.88999938964844,67179.0
2025-12-04T17:22:00Z,148.8800048828125,148.88999938964844,148.8800048828125,148.88999938964844,148.88999938964844,1231.0
2025-12-04T17:23:00Z,148.97000122070312,149.0500030517578,148.9499969482422,149.00750732421875,149.00750732421875,6309.0
2025-12-04T17:24:00Z,149.07000732421875,149.07000732421875,148.8699951171875,148.9550018310547,148.9550018310547,4755.0
2025-12-04T17:25:00Z,149.0800018310547,149.11000061035156,149.05999755859375,149.05999755859375,149.05999755859375,2582.0
2025-12-04T17:26:00Z,149.1699981689453,149.1699981689453,149.13999938964844,149.16000366210938,149.16000366210938,1268.0
2025-12-04T17:27:00Z,149.15499877929688,149.15499877929688,149.15499877929688,149.15499877929688,149.15499877929688,1188.0
2025-12-04T17:28:00Z,149.17999267578125,149.2100067138672,149.1699981689453,149.17999267578125,149.17999267578125,4235.0
2025-12-04T17:29:00Z,149.17999267578125,149.3300018310547,149.16000366210938,149.23500061035156,149.23500061035156,9927.0
2025-12-04T17:30:00Z,149.24000549316406,149.3300018310547,149.2100067138672,149.23500061035156,149.23500061035156,8165.0
2025-12-04T17:31:00Z,149.24000549316406,149.25,148.9600067138672,149.08399963378906,149.08399963378906,39387.0
2025-12-04T17:32:00Z,149.25999450683594,149.2899932861328,149.1649932861328,149.1649932861328,149.1649932861328,5092.0
2025-12-04T17:33:00Z,149.17999267578125,149.17999267578125,149.15750122070312,149.1750030517578,149.1750030517578,715.0
2025-12-04T17:34:00Z,149.13250732421875,149.15499877929688,149.02000427246094,149.15499877929688,149.15499877929688,1992.0
2025-12-04T17:35:00Z,149.14500427246094,149.15499877929688,149.0500030517578,149.11000061035156,149.11000061035156,3713.0
2025-12-04T17:36:00Z,149.02999877929688,149.13499450683594,149.0,149.13499450683594,149.13499450683594,2955.0
2025-12-04T17:37:00Z,149.125,149.125,149.125,149.125,149.125,216.0
2025-12-04T17:38:00Z,149.125,149.1475067138672,149.0,149.06500244140625,149.06500244140625,2334.0
2025-12-04T17:39:00Z,149.05499267578125,149.05499267578125,149.05499267578125,149.05499267578125,149.05499267578125,355.0
2025-12-04T17:40:00Z,149.03750610351562,149.05999755859375,148.8699951171875,148.91000366210938,148.91000366210938,2604.0
2025-12-04T17:41:00Z,148.85000610351562,148.89500427246094,148.67999267578125,148.72999572753906,148.72999572753906,3607.0
2025-12-04T17:42:00Z,148.77999877929688,148.77999877929688,148.77999877929688,148.77999877929688,148.77999877929688,800.0
2025-12-04T17:43:00Z,148.77499389648438,148.77499389648438,148.77499389648438,148.77499389648438,148.77499389648438,377.0
2025-12-04T17:44:00Z,148.77999877929688,148.77999877929688,148.65499877929688,148.65499877929688,148.65499877929688,1475.0
2025-12-04T17:45:00Z,148.6199951171875,148.69500732421875,148.61000061035156,148.65499877929688,148.65499877929688,1104.0
2025-12-04T17:47:00Z,148.67999267578125,148.67999267578125,148.67999267578125,148.67999267578125,148.67999267578125,1982.0
2025-12-04T17:48:00Z,148.61000061035156,148.6199951171875,148.5800018310547,148.6199951171875,148.6199951171875,1679.0
2025-12-04T17:49:00Z,148.50999450683594,148.61000061035156,148.38999938964844,148.49249267578125,148.49249267578125,18171.0
2025-12-04T17:50:00Z,148.50999450683594,148.50999450683594,148.25,148.35000610351562,148.35000610351562,6860.0
2025-12-04T17:51:00Z,148.35000610351562,148.47000122070312,148.35000610351562,148.36000061035156,148.36000061035156,1235.0
2025-12-04T17:52:00Z,148.36000061035156,148.36500549316406,148.36000061035156,148.36500549316406,148.36500549316406,4227.0
2025-12-04T17:53:00Z,148.30999755859375,148.45469665527344,148.30999755859375,148.45469665527344,148.45469665527344,906.0
2025-12-04T17:54:00Z,148.375,148.63999938964844,148.27000427246094,148.61500549316406,148.61500549316406,20558.0
2025-12-04T17:55:00Z,148.60000610351562,148.6999969482422,148.58999633789062,148.69500732421875,148.69500732421875,3509.0
2025-12-04T17:57:00Z,148.6999969482422,148.80999755859375,148.49000549316406,148.49000549316406,148.49000549316406,4305.0
2025-12-04T17:58:00Z,148.47999572753906,148.47999572753906,148.47999572753906,148.47999572753906,148.47999572753906,395.0
2025-12-04T17:59:00Z,148.4499969482422,148.4499969482422,148.27000427246094,148.27000427246094,148.27000427246094,2724.0
2025-12-04T18:00:00Z,148.3800048828125,148.3800048828125,148.3249969482422,148.3249969482422,148.3249969482422,1771.0
2025-12-04T18:01:00Z,148.30999755859375,148.3699951171875,148.06500244140625,148.08999633789062,148.08999633789062,11904.0
2025-12-04T18:02:00Z,148.08999633789062,148.1300048828125,147.97999572753906,148.00999450683594,148.00999450683594,5742.0
2025-12-04T18:03:00Z,148.00999450683594,148.02499389648438,148.00999450683594,148.02499389648438,148.02499389648438,4795.0
2025-12-04T18:04:00Z,148.0399932861328,148.08999633789062,147.9199981689453,148.05499267578125,148.05499267578125,16658.0
2025-12-04T18:05:00Z,148.0500030517578,148.1649932861328,148.0500030517578,148.1649932861328,148.1649932861328,1447.0
2025-12-04T18:06:00Z,148.02999877929688,148.16000366210938,148.02000427246094,148.02000427246094,148.02000427246094,2495.0
2025-12-04T18:07:00Z,148.0850067138672,148.18499755859375,148.0850067138672,148.18499755859375,148.18499755859375,3474.0
2025-12-04T18:08:00Z,148.13499450683594,148.24000549316406,148.13499450683594,148.17999267578125,148.17999267578125,2452.0
2025-12-04T18:09:00Z,148.17999267578125,148.19549560546875,148.11000061035156,148.19549560546875,148.19549560546875,1372.0
2025-12-04T18:10:00Z,148.19000244140625,148.19000244140625,148.0399932861328,148.17999267578125,148.17999267578125,2357.0
2025-12-04T18:11:00Z,148.1750030517578,148.1750030517578,148.05999755859375,148.05999755859375,148.05999755859375,1074.0
2025-12-04T18:12:00Z,148.0399932861328,148.0850067138672,148.02000427246094,148.0850067138672,148.0850067138672,1391.0
2025-12-04T18:13:00Z,148.08999633789062,148.15499877929688,148.08999633789062,148.15499877929688,148.15499877929688,1335.0
2025-12-04T18:15:00Z,148.1649932861328,148.1649932861328,148.1649932861328,148.1649932861328,148.1649932861328,212.0
2025-12-04T18:16:00Z,148.15499877929688,148.15499877929688,148.08999633789062,148.1291961669922,148.1291961669922,1092.0
2025-12-04T18:18:00Z,148.17999267578125,148.17999267578125,148.17999267578125,148.17999267578125,148.17999267578125,651.0
2025-12-04T18:19:00Z,148.27499389648438,148.38999938964844,148.13999938964844,148.14999389648438,148.14999389648438,23837.0
2025-12-04T18:20:00Z,148.19000244140625,148.19000244140625,147.8699951171875,148.11000061035156,148.11000061035156,5712.0
2025-12-04T18:21:00Z,148.10499572753906,148.10499572753906,148.0500030517578,148.0500030517578,148.0500030517578,886.0
2025-12-04T18:22:00Z,148.10000610351562,148.10499572753906,148.10000610351562,148.10499572753906,148.10499572753906,799.0
2025-12-04T18:23:00Z,147.99000549316406,147.99000549316406,147.99000549316406,147.99000549316406,147.99000549316406,461.0
2025-12-04T18:24:00Z,148.0500030517578,148.0850067138672,148.0500030517578,148.0850067138672,148.0850067138672,431.0
2025-12-04T18:25:00Z,148.08999633789062,148.13999938964844,148.08999633789062,148.08999633789062,148.08999633789062,5067.0
2025-12-04T18:26:00Z,148.13999938964844,148.13999938964844,148.00999450683594,148.02999877929688,148.02999877929688,2299.0
2025-12-04T18:27:00Z,148.02999877929688,148.10000610351562,148.02999877929688,148.02999877929688,148.02999877929688,3565.0
2025-12-04T18:28:00Z,148.10000610351562,148.11000061035156,148.0850067138672,148.11000061035156,148.11000061035156,798.0
2025-12-04T18:29:00Z,148.14999389648438,148.2449951171875,148.13999938964844,148.18499755859375,148.18499755859375,3283.0
2025-12-04T18:30:00Z,148.25,148.26499938964844,148.24000549316406,148.25999450683594,148.25999450683594,2778.0
2025-12-04T18:31:00Z,148.3350067138672,148.36000061035156,148.25999450683594,148.35499572753906,148.35499572753906,2126.0
2025-12-04T18:32:00Z,148.32000732421875,148.32000732421875,148.32000732421875,148.32000732421875,148.32000732421875,317.0
2025-12-04T18:33:00Z,148.25,148.25,148.19000244140625,148.19000244140625,148.19000244140625,2106.0
2025-12-04T18:34:00Z,148.17999267578125,148.17999267578125,148.14999389648438,148.14999389648438,148.14999389648438,514.0
2025-12-04T18:35:00Z,148.2010955810547,148.27999877929688,148.2010955810547,148.27999877929688,148.27999877929688,848.0
2025-12-04T18:36:00Z,148.16009521484375,148.28500366210938,148.16009521484375,148.28500366210938,148.28500366210938,772.0
2025-12-04T18:37:00Z,148.25999450683594,148.27999877929688,148.25999450683594,148.27000427246094,148.27000427246094,1536.0
2025-12-04T18:38:00Z,148.30999755859375,148.30999755859375,148.30999755859375,148.30999755859375,148.30999755859375,240.0
2025-12-04T18:39:00Z,148.3300018310547,148.3300018310547,148.3300018310547,148.3300018310547,148.3300018310547,342.0
2025-12-04T18:40:00Z,148.38999938964844,148.38999938964844,148.16000366210938,148.16000366210938,148.16000366210938,2520.0
2025-12-04T18:41:00Z,148.1199951171875,148.13999938964844,148.00999450683594,148.00999450683594,148.00999450683594,3427.0
2025-12-04T18:42:00Z,147.97000122070312,147.97000122070312,147.88999938964844,147.91250610351562,147.91250610351562,13344.0
2025-12-04T18:43:00Z,147.90499877929688,148.0500030517578,147.88999938964844,147.97999572753906,147.97999572753906,24742.0
2025-12-04T18:45:00Z,148.07000732421875,148.07000732421875,147.94000244140625,147.94000244140625,147.94000244140625,3531.0
2025-12-04T18:46:00Z,147.97000122070312,148.08999633789062,147.97000122070312,148.08999633789062,148.08999633789062,876.0
2025-12-04T18:47:00Z,148.06500244140625,148.06500244140625,148.06500244140625,148.06500244140625,148.06500244140625,523.0
2025-12-04T18:48:00Z,148.21499633789062,148.21499633789062,148.21499633789062,148.21499633789062,148.21499633789062,549.0
2025-12-04T18:49:00Z,148.22999572753906,148.22999572753906,148.13999938964844,148.13999938964844,148.13999938964844,2247.0
2025-12-04T18:51:00Z,148.18499755859375,148.22000122070312,148.18499755859375,148.19500732421875,148.19500732421875,2443.0
2025-12-04T18:52:00Z,148.14999389648438,148.19000244140625,148.14999389648438,148.19000244140625,148.19000244140625,1266.0
2025-12-04T18:53:00Z,148.16000366210938,148.22000122070312,148.16000366210938,148.22000122070312,148.22000122070312,1066.0
2025-12-04T18:54:00Z,148.19000244140625,148.22000122070312,148.14999389648438,148.14999389648438,148.14999389648438,1517.0
2025-12-04T18:55:00Z,148.3000030517578,148.30499267578125,148.3000030517578,148.30499267578125,148.30499267578125,1008.0
2025-12-04T18:57:00Z,148.22999572753906,148.2449951171875,148.16000366210938,148.2449951171875,148.2449951171875,2858.0
2025-12-04T18:58:00Z,148.16000366210938,148.16000366210938,148.05999755859375,148.07000732421875,148.07000732421875,3242.0
2025-12-04T18:59:00Z,148.13999938964844,148.13999938964844,148.0500030517578,148.0500030517578,148.0500030517578,1606.0
2025-12-04T19:01:00Z,148.08999633789062,148.1300048828125,148.0399932861328,148.0399932861328,148.0399932861328,30302.0
2025-12-04T19:02:00Z,148.1300048828125,148.1300048828125,148.0399932861328,148.0399932861328,148.0399932861328,817.0
2025-12-04T19:03:00Z,148.02999877929688,148.02999877929688,147.94000244140625,147.94000244140625,147.94000244140625,2225.0
2025-12-04T19:04:00Z,147.93499755859375,148.0050048828125,147.8800048828125,147.8800048828125,147.8800048828125,2364.0
2025-12-04T19:06:00Z,147.9199981689453,147.9199981689453,147.9199981689453,147.9199981689453,147.9199981689453,440.0
2025-12-04T19:07:00Z,147.85000610351562,147.88999938964844,147.83999633789062,147.88999938964844,147.88999938964844,890.0
2025-12-04T19:08:00Z,147.87623596191406,147.8800048828125,147.80999755859375,147.82000732421875,147.82000732421875,2040.0
2025-12-04T19:09:00Z,147.8699951171875,147.8699951171875,147.8524932861328,147.8524932861328,147.8524932861328,2456.0
2025-12-04T19:10:00Z,147.89500427246094,147.89500427246094,147.8000030517578,147.8000030517578,147.8000030517578,1550.0
2025-12-04T19:11:00Z,147.8000030517578,147.8000030517578,147.77000427246094,147.77000427246094,147.77000427246094,1645.0
2025-12-04T19:12:00Z,147.83999633789062,147.83999633789062,147.7899932861328,147.7899932861328,147.7899932861328,1390.0
2025-12-04T19:13:00Z,147.77000427246094,147.77000427246094,147.6699981689453,147.69500732421875,147.69500732421875,3491.0
2025-12-04T19:14:00Z,147.69500732421875,147.69500732421875,147.69500732421875,147.69500732421875,147.69500732421875,601.0
2025-12-04T19:15:00Z,147.68499755859375,147.69000244140625,147.67999267578125,147.69000244140625,147.69000244140625,5244.0
2025-12-04T19:16:00Z,147.69000244140625,147.72000122070312,147.6179962158203,147.72000122070312,147.72000122070312,6943.0
2025-12-04T19:17:00Z,147.74000549316406,147.74000549316406,147.72000122070312,147.72000122070312,147.72000122070312,1170.0
2025-12-04T19:18:00Z,147.72999572753906,147.72999572753906,147.6199951171875,147.63999938964844,147.63999938964844,2392.0
2025-12-04T19:19:00Z,147.58999633789062,147.58999633789062,147.48500061035156,147.5449981689453,147.5449981689453,2410.0
2025-12-04T19:20:00Z,147.5399932861328,147.5399932861328,147.4199981689453,147.42999267578125,147.42999267578125,1321.0
2025-12-04T19:21:00Z,147.44000244140625,147.52999877929688,147.44000244140625,147.44000244140625,147.44000244140625,9103.0
2025-12-04T19:22:00Z,147.49000549316406,147.49000549316406,147.39999389648438,147.42999267578125,147.42999267578125,2197.0
2025-12-04T19:23:00Z,147.3800048828125,147.3800048828125,147.3000030517578,147.3000030517578,147.3000030517578,648.0
2025-12-04T19:24:00Z,147.42750549316406,147.5399932861328,147.38499450683594,147.49000549316406,147.49000549316406,13150.0
2025-12-04T19:25:00Z,147.47999572753906,147.47999572753906,147.47999572753906,147.47999572753906,147.47999572753906,855.0
2025-12-04T19:26:00Z,147.6750030517578,147.6750030517578,147.6750030517578,147.6750030517578,147.6750030517578,563.0
2025-12-04T19:27:00Z,147.72500610351562,147.72500610351562,147.72500610351562,147.72500610351562,147.72500610351562,153.0
2025-12-04T19:28:00Z,147.6865997314453,147.70750427246094,147.61000061035156,147.6875,147.6875,2346.0
2025-12-04T19:29:00Z,147.6300048828125,147.7050018310547,147.6199951171875,147.7050018310547,147.7050018310547,1076.0
2025-12-04T19:30:00Z,147.7100067138672,147.7100067138672,147.7100067138672,147.7100067138672,147.7100067138672,658.0
2025-12-04T19:31:00Z,147.75999450683594,147.8000030517578,147.75999450683594,147.7899932861328,147.7899932861328,1056.0
2025-12-04T19:33:00Z,147.89500427246094,147.89500427246094,147.85000610351562,147.85000610351562,147.85000610351562,335.0
2025-12-04T19:34:00Z,147.8800048828125,147.9499969482422,147.8300018310547,147.91000366210938,147.91000366210938,2493.0
2025-12-04T19:35:00Z,148.0399932861328,148.0399932861328,147.99000549316406,147.99000549316406,147.99000549316406,795.0
2025-12-04T19:36:00Z,148.02999877929688,148.09500122070312,148.02999877929688,148.09500122070312,148.09500122070312,1687.0
2025-12-04T19:37:00Z,148.13999938964844,148.13999938964844,148.1300048828125,148.13499450683594,148.13499450683594,1221.0
2025-12-04T19:38:00Z,148.13499450683594,148.13999938964844,147.97999572753906,147.97999572753906,147.97999572753906,6032.0
2025-12-04T19:39:00Z,147.93499755859375,147.93499755859375,147.91000366210938,147.92999267578125,147.92999267578125,889.0
2025-12-04T19:40:00Z,147.97999572753906,147.97999572753906,147.92999267578125,147.92999267578125,147.92999267578125,366.0
2025-12-04T19:41:00Z,147.92999267578125,147.92999267578125,147.91000366210938,147.91000366210938,147.91000366210938,830.0
2025-12-04T19:42:00Z,147.8800048828125,147.91000366210938,147.8699951171875,147.91000366210938,147.91000366210938,1703.0
2025-12-04T19:43:00Z,147.8800048828125,147.8800048828125,147.86000061035156,147.86500549316406,147.86500549316406,1413.0
2025-12-04T19:44:00Z,147.8300018310547,147.8300018310547,147.8300018310547,147.8300018310547,147.8300018310547,485.0
2025-12-04T19:45:00Z,147.8300018310547,147.875,147.7899932861328,147.7899932861328,147.7899932861328,3690.0
2025-12-04T19:46:00Z,147.77000427246094,147.78500366210938,147.72999572753906,147.72999572753906,147.72999572753906,2457.0
2025-12-04T19:47:00Z,147.7550048828125,147.75999450683594,147.67999267578125,147.67999267578125,147.67999267578125,6436.0
2025-12-04T19:48:00Z,147.72000122070312,147.72500610351562,147.72000122070312,147.72000122070312,147.72000122070312,1913.0
2025-12-04T19:49:00Z,147.66000366210938,147.69500732421875,147.6199951171875,147.6199951171875,147.6199951171875,2486.0
2025-12-04T19:50:00Z,147.64500427246094,147.64500427246094,147.57000732421875,147.5800018310547,147.5800018310547,1470.0
2025-12-04T19:51:00Z,147.5800018310547,147.5800018310547,147.4499969482422,147.5399932861328,147.5399932861328,26280.0
2025-12-04T19:52:00Z,147.5449981689453,147.5500030517578,147.5399932861328,147.5449981689453,147.5449981689453,837.0
2025-12-04T19:53:00Z,147.5500030517578,147.5500030517578,147.47999572753906,147.52499389648438,147.52499389648438,1360.0
2025-12-04T19:54:00Z,147.52999877929688,147.5500030517578,147.52999877929688,147.5399932861328,147.5399932861328,4967.0
2025-12-04T19:55:00Z,147.5449981689453,147.5449981689453,147.47999572753906,147.52999877929688,147.52999877929688,2775.0
2025-12-04T19:56:00Z,147.47999572753906,147.5399932861328,147.47999572753906,147.47999572753906,147.47999572753906,816.0
2025-12-04T19:57:00Z,147.5,147.52999877929688,147.5,147.5,147.5,1680.0
2025-12-04T19:58:00Z,147.52000427246094,147.52000427246094,147.4499969482422,147.4600067138672,147.4600067138672,2755.0
2025-12-04T19:59:00Z,147.42999267578125,147.42999267578125,147.3800048828125,147.3800048828125,147.3800048828125,2464.0
2025-12-04T20:00:00Z,147.36000061035156,147.36000061035156,147.35000610351562,147.35000610351562,147.35000610351562,1327.0
2025-12-04T20:01:00Z,147.40499877929688,147.40499877929688,147.33999633789062,147.33999633789062,147.33999633789062,3303.0
2025-12-04T20:02:00Z,147.3300018310547,147.3300018310547,147.3249969482422,147.3249969482422,147.3249969482422,1750.0
2025-12-04T20:03:00Z,147.32000732421875,147.49000549316406,147.32000732421875,147.41000366210938,147.41000366210938,9133.0
2025-12-04T20:04:00Z,147.39999389648438,147.40499877929688,147.39999389648438,147.40499877929688,147.40499877929688,1995.0
2025-12-04T20:05:00Z,147.40499877929688,147.40499877929688,147.40499877929688,147.40499877929688,147.40499877929688,1354.0
2025-12-04T20:06:00Z,147.42999267578125,147.42999267578125,147.3699951171875,147.39999389648438,147.39999389648438,1879.0
2025-12-04T20:07:00Z,147.36000061035156,147.36000061035156,147.36000061035156,147.36000061035156,147.36000061035156,799.0
2025-12-04T20:08:00Z,147.35000610351562,147.39500427246094,147.35000610351562,147.39500427246094,147.39500427246094,1809.0
2025-12-04T20:09:00Z,147.39500427246094,147.4499969482422,147.3699951171875,147.44500732421875,147.44500732421875,11834.0
2025-12-04T20:10:00Z,147.4600067138672,147.47500610351562,147.4550018310547,147.4550018310547,147.4550018310547,1551.0
2025-12-04T20:11:00Z,147.39999389648438,147.39999389648438,147.39999389648438,147.39999389648438,147.39999389648438,921.0
2025-12-04T20:12:00Z,147.3699951171875,147.4199981689453,147.3699951171875,147.4199981689453,147.4199981689453,1652.0
2025-12-04T20:13:00Z,147.47000122070312,147.50999450683594,147.44000244140625,147.44000244140625,147.44000244140625,1626.0
2025-12-04T20:14:00Z,147.44000244140625,147.4550018310547,147.3800048828125,147.3800048828125,147.3800048828125,2940.0
2025-12-04T20:15:00Z,147.3800048828125,147.4149932861328,147.35000610351562,147.4149932861328,147.4149932861328,2108.0
2025-12-04T20:16:00Z,147.47999572753906,147.55999755859375,147.47999572753906,147.53500366210938,147.53500366210938,2543.0
2025-12-04T20:17:00Z,147.52999877929688,147.55499267578125,147.5,147.50999450683594,147.50999450683594,7604.0
2025-12-04T20:18:00Z,147.52499389648438,147.6199951171875,147.50999450683594,147.61000061035156,147.61000061035156,3958.0
2025-12-04T20:19:00Z,147.6199951171875,147.6199951171875,147.6199951171875,147.6199951171875,147.6199951171875,1054.0
2025-12-04T20:20:00Z,147.67300415039062,147.67999267578125,147.61000061035156,147.61000061035156,147.61000061035156,4213.0
2025-12-04T20:21:00Z,147.5399932861328,147.5800018310547,147.5399932861328,147.57000732421875,147.57000732421875,2064.0
2025-12-04T20:22:00Z,147.57000732421875,147.63999938964844,147.57000732421875,147.61000061035156,147.61000061035156,4665.0
2025-12-04T20:24:00Z,147.61000061035156,147.61000061035156,147.55999755859375,147.57000732421875,147.57000732421875,3836.0
2025-12-04T20:25:00Z,147.5500030517578,147.5500030517578,147.4945068359375,147.5399932861328,147.5399932861328,3852.0
2025-12-04T20:26:00Z,147.55999755859375,147.61000061035156,147.55999755859375,147.60000610351562,147.60000610351562,2435.0
2025-12-04T20:27:00Z,147.60000610351562,147.6649932861328,147.60000610351562,147.6649932861328,147.6649932861328,4897.0
2025-12-04T20:28:00Z,147.63999938964844,147.63999938964844,147.63999938964844,147.63999938964844,147.63999938964844,1317.0
2025-12-04T20:29:00Z,147.65499877929688,147.65499877929688,147.5500030517578,147.55999755859375,147.55999755859375,4932.0
2025-12-04T20:30:00Z,147.5500030517578,147.57000732421875,147.47000122070312,147.57000732421875,147.57000732421875,9291.0
2025-12-04T20:31:00Z,147.57000732421875,147.6199951171875,147.50999450683594,147.53500366210938,147.53500366210938,9774.0
2025-12-04T20:32:00Z,147.5,147.51499938964844,147.4499969482422,147.4499969482422,147.4499969482422,4307.0
2025-12-04T20:33:00Z,147.47000122070312,147.47000122070312,147.41000366210938,147.4199981689453,147.4199981689453,2186.0
2025-12-04T20:34:00Z,147.4199981689453,147.4199981689453,147.3699951171875,147.3699951171875,147.3699951171875,2693.0
2025-12-04T20:35:00Z,147.39999389648438,147.39999389648438,147.32000732421875,147.38499450683594,147.38499450683594,30301.0
2025-12-04T20:36:00Z,147.39999389648438,147.4499969482422,147.3699951171875,147.44000244140625,147.44000244140625,5356.0
2025-12-04T20:37:00Z,147.47999572753906,147.52000427246094,147.47500610351562,147.52000427246094,147.52000427246094,2979.0
2025-12-04T20:38:00Z,147.52000427246094,147.5800018310547,147.52000427246094,147.5399932861328,147.5399932861328,6044.0
2025-12-04T20:39:00Z,147.55999755859375,147.66000366210938,147.55999755859375,147.64999389648438,147.64999389648438,5827.0
2025-12-04T20:40:00Z,147.61000061035156,147.61000061035156,147.4499969482422,147.4600067138672,147.4600067138672,6114.0
2025-12-04T20:41:00Z,147.40499877929688,147.49000549316406,147.40499877929688,147.4199981689453,147.4199981689453,3704.0
2025-12-04T20:42:00Z,147.41000366210938,147.4600067138672,147.38999938964844,147.4600067138672,147.4600067138672,6239.0
2025-12-04T20:43:00Z,147.41000366210938,147.5211944580078,147.39999389648438,147.4600067138672,147.4600067138672,6395.0
2025-12-04T20:44:00Z,147.4600067138672,147.49000549316406,147.4199981689453,147.47000122070312,147.47000122070312,1392.0
2025-12-04T20:45:00Z,147.47999572753906,147.4949951171875,147.25,147.25,147.25,13794.0
2025-12-04T20:46:00Z,147.24000549316406,147.25,147.17999267578125,147.2100067138672,147.2100067138672,19551.0
2025-12-04T20:47:00Z,147.19000244140625,147.33999633789062,147.19000244140625,147.33999633789062,147.33999633789062,47653.0
2025-12-04T20:48:00Z,147.3800048828125,147.3948974609375,147.30999755859375,147.30999755859375,147.30999755859375,6609.0
2025-12-04T20:49:00Z,147.30999755859375,147.33999633789062,147.27999877929688,147.33999633789062,147.33999633789062,5370.0
2025-12-04T20:50:00Z,147.3699951171875,147.5399932861328,147.35499572753906,147.52999877929688,147.52999877929688,51438.0
2025-12-04T20:51:00Z,147.5399932861328,147.5800018310547,147.5,147.52999877929688,147.52999877929688,33631.0
2025-12-04T20:52:00Z,147.52999877929688,147.5800018310547,147.49000549316406,147.5399932861328,147.5399932861328,19338.0
2025-12-04T20:53:00Z,147.52999877929688,147.5399932861328,147.44500732421875,147.4550018310547,147.4550018310547,13764.0
2025-12-04T20:54:00Z,147.47000122070312,147.47000122070312,147.34500122070312,147.40499877929688,147.40499877929688,28491.0
2025-12-04T20:55:00Z,147.40499877929688,147.64999389648438,147.40499877929688,147.6300048828125,147.6300048828125,22290.0
2025-12-04T20:56:00Z,147.6300048828125,147.77000427246094,147.6300048828125,147.75999450683594,147.75999450683594,20231.0
2025-12-04T20:57:00Z,147.7899932861328,147.9499969482422,147.7550048828125,147.93499755859375,147.93499755859375,20464.0
2025-12-04T20:58:00Z,147.94000244140625,148.02999877929688,147.93499755859375,148.00999450683594,148.00999450683594,53562.0
2025-12-04T20:59:00Z,148.02000427246094,148.33999633789062,148.0050048828125,148.3300018310547,148.3300018310547,112161.0
2025-12-05T14:30:00Z,148.7899932861328,149.0,148.5,148.9199981689453,148.9199981689453,12552.0
2025-12-05T14:31:00Z,148.5,149.0,148.05999755859375,148.52999877929688,148.52999877929688,1848.0
2025-12-05T14:32:00Z,149.0,149.0,148.0,148.05999755859375,148.05999755859375,2361.0
2025-12-05T14:35:00Z,148.0449981689453,148.07850646972656,148.0449981689453,148.0449981689453,148.0449981689453,517.0
2025-12-05T14:36:00Z,148.0449981689453,148.0449981689453,148.00999450683594,148.00999450683594,148.00999450683594,1004.0
2025-12-05T14:37:00Z,148.0345001220703,148.0345001220703,147.52999877929688,147.56500244140625,147.56500244140625,2607.0
2025-12-05T14:38:00Z,147.5800018310547,147.6199951171875,147.49000549316406,147.52000427246094,147.52000427246094,6433.0
2025-12-05T14:39:00Z,147.57000732421875,147.6999969482422,147.57000732421875,147.67999267578125,147.67999267578125,2518.0
2025-12-05T14:40:00Z,147.6699981689453,147.6699981689453,147.6699981689453,147.6699981689453,147.6699981689453,753.0
2025-12-05T14:41:00Z,147.68499755859375,147.6999969482422,147.4199981689453,147.4199981689453,147.4199981689453,3680.0
2025-12-05T14:42:00Z,147.2550048828125,147.55999755859375,147.19749450683594,147.27999877929688,147.27999877929688,14358.0
2025-12-05T14:44:00Z,147.4600067138672,147.4600067138672,147.25999450683594,147.37249755859375,147.37249755859375,2099.0
2025-12-05T14:45:00Z,147.2899932861328,147.2899932861328,147.25999450683594,147.25999450683594,147.25999450683594,1299.0
2025-12-05T14:46:00Z,147.0800018310547,147.11000061035156,146.9949951171875,147.0399932861328,147.0399932861328,4993.0
2025-12-05T14:47:00Z,147.0399932861328,147.0399932861328,147.0399932861328,147.0399932861328,147.0399932861328,497.0
2025-12-05T14:48:00Z,147.0449981689453,147.14999389648438,146.94000244140625,146.94000244140625,146.94000244140625,2333.0
2025-12-05T14:49:00Z,146.85000610351562,147.14999389648438,146.85000610351562,146.94500732421875,146.94500732421875,3962.0
2025-12-05T14:50:00Z,147.08999633789062,147.14999389648438,147.07000732421875,147.14999389648438,147.14999389648438,3079.0
2025-12-05T14:51:00Z,147.0,147.00999450683594,146.88999938964844,146.88999938964844,146.88999938964844,1890.0
2025-12-05T14:52:00Z,146.88999938964844,147.0,146.88999938964844,147.0,147.0,1856.0
2025-12-05T14:53:00Z,147.11000061035156,147.1300048828125,146.92999267578125,146.92999267578125,146.92999267578125,1666.0
2025-12-05T14:54:00Z,146.89999389648438,146.89999389648438,146.89999389648438,146.89999389648438,146.89999389648438,431.0
2025-12-05T14:55:00Z,146.8800048828125,146.8800048828125,146.8800048828125,146.8800048828125,146.8800048828125,577.0
2025-12-05T14:56:00Z,146.92999267578125,146.9600067138672,146.92999267578125,146.9600067138672,146.9600067138672,1076.0
2025-12-05T14:58:00Z,146.74000549316406,146.77999877929688,146.74000549316406,146.77999877929688,146.77999877929688,653.0
2025-12-05T14:59:00Z,146.80999755859375,146.80999755859375,146.80999755859375,146.80999755859375,146.80999755859375,1340.0
2025-12-05T15:00:00Z,146.72999572753906,146.7449951171875,146.38999938964844,146.39999389648438,146.39999389648438,9656.0
2025-12-05T15:01:00Z,146.57000732421875,146.65249633789062,146.55999755859375,146.60000610351562,146.60000610351562,11338.0
2025-12-05T15:02:00Z,146.49000549316406,146.66700744628906,146.47000122070312,146.63999938964844,146.63999938964844,2704.0
2025-12-05T15:03:00Z,146.55999755859375,146.64999389648438,146.52999877929688,146.6199951171875,146.6199951171875,11346.0
2025-12-05T15:04:00Z,146.625,146.6300048828125,146.625,146.6300048828125,146.6300048828125,882.0
2025-12-05T15:05:00Z,146.61000061035156,146.82000732421875,146.61000061035156,146.72000122070312,146.72000122070312,4343.0
2025-12-05T15:07:00Z,146.7949981689453,146.8800048828125,146.7949981689453,146.8249969482422,146.8249969482422,1663.0
2025-12-05T15:08:00Z,146.67100524902344,146.8074951171875,146.6699981689453,146.8074951171875,146.8074951171875,2863.0
2025-12-05T15:09:00Z,146.64999389648438,146.67469787597656,146.55999755859375,146.55999755859375,146.55999755859375,1669.0
2025-12-05T15:10:00Z,146.60499572753906,146.60499572753906,146.38999938964844,146.47999572753906,146.47999572753906,7743.0
2025-12-05T15:11:00Z,146.63999938964844,146.67999267578125,146.5850067138672,146.60000610351562,146.60000610351562,2045.0
2025-12-05T15:12:00Z,146.5399932861328,146.6199951171875,146.41000366210938,146.45249938964844,146.45249938964844,5447.0
2025-12-05T15:13:00Z,146.39999389648438,146.44000244140625,146.25999450683594,146.26499938964844,146.26499938964844,11144.0
2025-12-05T15:14:00Z,146.28750610351562,146.3249969482422,146.27000427246094,146.3249969482422,146.3249969482422,6006.0
2025-12-05T15:15:00Z,146.3800048828125,146.3800048828125,146.3249969482422,146.3699951171875,146.3699951171875,4760.0
2025-12-05T15:16:00Z,146.27000427246094,146.27000427246094,146.19500732421875,146.19500732421875,146.19500732421875,931.0
2025-12-05T15:17:00Z,146.1999969482422,146.2899932861328,146.11000061035156,146.13319396972656,146.13319396972656,4324.0
2025-12-05T15:18:00Z,146.36000061035156,146.3699951171875,146.3350067138672,146.3350067138672,146.3350067138672,2932.0
2025-12-05T15:19:00Z,146.30499267578125,146.31500244140625,146.30499267578125,146.31500244140625,146.31500244140625,2462.0
2025-12-05T15:20:00Z,146.28219604492188,146.31500244140625,146.28219604492188,146.31500244140625,146.31500244140625,827.0
2025-12-05T15:21:00Z,146.32000732421875,146.39999389648438,146.15499877929688,146.21499633789062,146.21499633789062,15904.0
2025-12-05T15:22:00Z,146.2899932861328,146.30999755859375,146.19000244140625,146.2899932861328,146.2899932861328,19215.0
2025-12-05T15:23:00Z,146.38999938964844,146.41000366210938,146.3000030517578,146.38949584960938,146.38949584960938,4638.0
2025-12-05T15:24:00Z,146.3000030517578,146.35000610351562,146.0399932861328,146.22000122070312,146.22000122070312,5934.0
2025-12-05T15:25:00Z,146.0,146.05999755859375,145.8800048828125,146.01499938964844,146.01499938964844,4385.0
2025-12-05T15:26:00Z,146.02000427246094,146.02000427246094,146.02000427246094,146.02000427246094,146.02000427246094,455.0
2025-12-05T15:27:00Z,146.0343017578125,146.1699981689453,146.02000427246094,146.03500366210938,146.03500366210938,2062.0
2025-12-05T15:28:00Z,146.0399932861328,146.22999572753906,146.0399932861328,146.1999969482422,146.1999969482422,4053.0
2025-12-05T15:29:00Z,146.2550048828125,146.2550048828125,146.2550048828125,146.2550048828125,146.2550048828125,285.0
2025-12-05T15:30:00Z,146.3000030517578,146.36000061035156,146.22999572753906,146.22999572753906,146.22999572753906,3684.0
2025-12-05T15:31:00Z,146.27000427246094,146.2949981689453,146.27000427246094,146.2949981689453,146.2949981689453,1440.0
2025-12-05T15:32:00Z,146.30999755859375,146.30999755859375,146.30999755859375,146.30999755859375,146.30999755859375,455.0
2025-12-05T15:33:00Z,146.2949981689453,146.2949981689453,146.13499450683594,146.18499755859375,146.18499755859375,6652.0
2025-12-05T15:34:00Z,146.22000122070312,146.22500610351562,146.1199951171875,146.1199951171875,146.1199951171875,2248.0
2025-12-05T15:35:00Z,146.17999267578125,146.18499755859375,146.0800018310547,146.1300048828125,146.1300048828125,2068.0
2025-12-05T15:36:00Z,146.14500427246094,146.3699951171875,146.14500427246094,146.3000030517578,146.3000030517578,7951.0
2025-12-05T15:37:00Z,146.3000030517578,146.3699951171875,146.3000030517578,146.30499267578125,146.30499267578125,3301.0
2025-12-05T15:38:00Z,146.30999755859375,146.30999755859375,146.2100067138672,146.28500366210938,146.28500366210938,2935.0
2025-12-05T15:39:00Z,146.19000244140625,146.28500366210938,146.0850067138672,146.10499572753906,146.10499572753906,5735.0
2025-12-05T15:40:00Z,146.1300048828125,146.22000122070312,146.09500122070312,146.22000122070312,146.22000122070312,8663.0
2025-12-05T15:41:00Z,146.22000122070312,146.22000122070312,146.22000122070312,146.22000122070312,146.22000122070312,339.0
2025-12-05T15:42:00Z,146.27999877929688,146.5,146.27999877929688,146.3699951171875,146.3699951171875,5429.0
2025-12-05T15:43:00Z,146.41000366210938,146.48500061035156,146.41000366210938,146.48500061035156,146.48500061035156,1023.0
2025-12-05T15:44:00Z,146.48500061035156,146.48500061035156,146.48500061035156,146.48500061035156,146.48500061035156,780.0
2025-12-05T15:45:00Z,146.48500061035156,146.5,146.48500061035156,146.48500061035156,146.48500061035156,3867.0
2025-12-05T15:46:00Z,146.49000549316406,146.5399932861328,146.44000244140625,146.48500061035156,146.48500061035156,7784.0
2025-12-05T15:47:00Z,146.48500061035156,146.60499572753906,146.46499633789062,146.60499572753906,146.60499572753906,4943.0
2025-12-05T15:48:00Z,146.60499572753906,146.6199951171875,146.51499938964844,146.52499389648438,146.52499389648438,4023.0
2025-12-05T15:49:00Z,146.52000427246094,146.5500030517578,146.47999572753906,146.5050048828125,146.5050048828125,3340.0
2025-12-05T15:50:00Z,146.49000549316406,146.54400634765625,146.48500061035156,146.48500061035156,146.48500061035156,6285.0
2025-12-05T15:51:00Z,146.49000549316406,146.49000549316406,146.32000732421875,146.33999633789062,146.33999633789062,5895.0
2025-12-05T15:52:00Z,146.32000732421875,146.32000732421875,146.07000732421875,146.07000732421875,146.07000732421875,14607.0
2025-12-05T15:53:00Z,146.10000610351562,146.10000610351562,145.97000122070312,146.0399932861328,146.0399932861328,4419.0
2025-12-05T15:54:00Z,146.06500244140625,146.06500244140625,146.06500244140625,146.06500244140625,146.06500244140625,1130.0
2025-12-05T15:55:00Z,146.0500030517578,146.08999633789062,146.02000427246094,146.08999633789062,146.08999633789062,3133.0
2025-12-05T15:56:00Z,146.07249450683594,146.08999633789062,146.00999450683594,146.00999450683594,146.00999450683594,4396.0
2025-12-05T15:58:00Z,146.0500030517578,146.0500030517578,146.0500030517578,146.0500030517578,146.0500030517578,860.0
2025-12-05T15:59:00Z,146.05999755859375,146.06500244140625,146.05999755859375,146.06500244140625,146.06500244140625,2402.0
2025-12-05T16:00:00Z,146.1199951171875,146.14999389648438,146.09750366210938,146.13999938964844,146.13999938964844,7902.0
2025-12-05T16:01:00Z,146.16000366210938,146.16000366210938,146.02999877929688,146.02999877929688,146.02999877929688,2658.0
2025-12-05T16:02:00Z,145.99000549316406,146.00999450683594,145.9499969482422,146.00999450683594,146.00999450683594,2474.0
2025-12-05T16:03:00Z,146.00999450683594,146.00999450683594,146.00999450683594,146.00999450683594,146.00999450683594,1824.0
2025-12-05T16:04:00Z,146.0050048828125,146.0050048828125,145.9949951171875,145.9949951171875,145.9949951171875,1362.0
2025-12-05T16:05:00Z,145.99000549316406,145.99000549316406,145.97000122070312,145.97000122070312,145.97000122070312,468.0
2025-12-05T16:06:00Z,145.99000549316406,146.16000366210938,145.99000549316406,146.08999633789062,146.08999633789062,6621.0
2025-12-05T16:07:00Z,146.08999633789062,146.11000061035156,146.02999877929688,146.0500030517578,146.0500030517578,2496.0
2025-12-05T16:08:00Z,146.16000366210938,146.16000366210938,146.07000732421875,146.08999633789062,146.08999633789062,3844.0
2025-12-05T16:09:00Z,146.08999633789062,146.27499389648438,146.08999633789062,146.27499389648438,146.27499389648438,14131.0
2025-12-05T16:10:00Z,146.22500610351562,146.3300018310547,146.20010375976562,146.3300018310547,146.3300018310547,1772.0
2025-12-05T16:11:00Z,146.3300018310547,146.39999389648438,146.3300018310547,146.39999389648438,146.39999389648438,1966.0
2025-12-05T16:12:00Z,146.38999938964844,146.52000427246094,146.38999938964844,146.52000427246094,146.52000427246094,2443.0
2025-12-05T16:13:00Z,146.50999450683594,146.50999450683594,146.3699951171875,146.3699951171875,146.3699951171875,3859.0
2025-12-05T16:14:00Z,146.33999633789062,146.33999633789062,146.27999877929688,146.27999877929688,146.27999877929688,1130.0
2025-12-05T16:15:00Z,146.34500122070312,146.34500122070312,146.3000030517578,146.3000030517578,146.3000030517578,1597.0
2025-12-05T16:16:00Z,146.25,146.27000427246094,146.25,146.27000427246094,146.27000427246094,941.0
2025-12-05T16:17:00Z,146.22000122070312,146.2550048828125,146.2100067138672,146.2550048828125,146.2550048828125,1961.0
2025-12-05T16:18:00Z,146.22320556640625,146.25999450683594,146.22320556640625,146.25999450683594,146.25999450683594,1458.0
2025-12-05T16:19:00Z,146.27000427246094,146.27000427246094,146.27000427246094,146.27000427246094,146.27000427246094,991.0
2025-12-05T16:20:00Z,146.1699981689453,146.35000610351562,146.1300048828125,146.30999755859375,146.30999755859375,12095.0
2025-12-05T16:21:00Z,146.35000610351562,146.39999389648438,146.35000610351562,146.39999389648438,146.39999389648438,1968.0
2025-12-05T16:26:00Z,146.47500610351562,146.55499267578125,146.47500610351562,146.55499267578125,146.55499267578125,44524.0
2025-12-05T16:27:00Z,146.5800018310547,146.74000549316406,146.5,146.72999572753906,146.72999572753906,3389.0
2025-12-05T16:28:00Z,146.6013946533203,146.74000549316406,146.6013946533203,146.74000549316406,146.74000549316406,1643.0
2025-12-05T16:29:00Z,146.6750030517578,146.6750030517578,146.6750030517578,146.6750030517578,146.6750030517578,249.0
2025-12-05T16:30:00Z,146.74000549316406,146.74000549316406,146.66000366210938,146.6649932861328,146.6649932861328,937.0
2025-12-05T16:31:00Z,146.61000061035156,146.61000061035156,146.5800018310547,146.58009338378906,146.58009338378906,4814.0
2025-12-05T16:32:00Z,146.5800018310547,146.64500427246094,146.5500030517578,146.64500427246094,146.64500427246094,23740.0
2025-12-05T16:33:00Z,146.72000122070312,146.7550048828125,146.71499633789062,146.71499633789062,146.71499633789062,2304.0
2025-12-05T16:34:00Z,146.63999938964844,146.70010375976562,146.58999633789062,146.64999389648438,146.64999389648438,2246.0
2025-12-05T16:36:00Z,146.72500610351562,146.72999572753906,146.63999938964844,146.64999389648438,146.64999389648438,2972.0
2025-12-05T16:37:00Z,146.61000061035156,146.61000061035156,146.5399932861328,146.5399932861328,146.5399932861328,1699.0
2025-12-05T16:38:00Z,146.5500030517578,146.5500030517578,146.4499969482422,146.47000122070312,146.47000122070312,3646.0
2025-12-05T16:39:00Z,146.35000610351562,146.35000610351562,146.35000610351562,146.35000610351562,146.35000610351562,674.0
2025-12-05T16:40:00Z,146.27000427246094,146.27000427246094,146.27000427246094,146.27000427246094,146.27000427246094,678.0
2025-12-05T16:42:00Z,146.27000427246094,146.35499572753906,146.27000427246094,146.35499572753906,146.35499572753906,915.0
2025-12-05T16:43:00Z,146.27000427246094,146.32620239257812,146.27000427246094,146.32620239257812,146.32620239257812,923.0
2025-12-05T16:44:00Z,146.2100067138672,146.2100067138672,146.2050018310547,146.2050018310547,146.2050018310547,1031.0
2025-12-05T16:45:00Z,146.33999633789062,146.33999633789062,146.22000122070312,146.22000122070312,146.22000122070312,17795.0
2025-12-05T16:46:00Z,146.22999572753906,146.38999938964844,146.22999572753906,146.38999938964844,146.38999938964844,1132.0
2025-12-05T16:47:00Z,146.24000549316406,146.24000549316406,146.2050018310547,146.2050018310547,146.2050018310547,1407.0
2025-12-05T16:48:00Z,146.27000427246094,146.27000427246094,146.27000427246094,146.27000427246094,146.27000427246094,194.0
2025-12-05T16:49:00Z,146.2899932861328,146.35000610351562,146.25999450683594,146.2899932861328,146.2899932861328,3264.0
2025-12-05T16:50:00Z,146.2899932861328,146.2899932861328,146.22000122070312,146.22000122070312,146.22000122070312,1008.0
2025-12-05T16:51:00Z,146.22999572753906,146.22999572753906,146.22000122070312,146.22000122070312,146.22000122070312,1151.0
2025-12-05T16:52:00Z,146.28500366210938,146.28500366210938,146.28500366210938,146.28500366210938,146.28500366210938,375.0
2025-12-05T16:53:00Z,146.27999877929688,146.32000732421875,146.27999877929688,146.2899932861328,146.2899932861328,1286.0
2025-12-05T16:54:00Z,146.2949981689453,146.3000030517578,146.2949981689453,146.3000030517578,146.3000030517578,937.0
2025-12-05T16:55:00Z,146.33999633789062,146.33999633789062,146.22999572753906,146.22999572753906,146.22999572753906,3403.0
2025-12-05T16:56:00Z,146.17999267578125,146.17999267578125,146.17999267578125,146.17999267578125,146.17999267578125,665.0
2025-12-05T16:57:00Z,146.17999267578125,146.2100067138672,146.12010192871094,146.12010192871094,146.12010192871094,1616.0
2025-12-05T16:58:00Z,146.1300048828125,146.1699981689453,146.11000061035156,146.1699981689453,146.1699981689453,1092.0
2025-12-05T16:59:00Z,146.1699981689453,146.1699981689453,146.10499572753906,146.10499572753906,146.10499572753906,875.0
2025-12-05T17:00:00Z,146.11000061035156,146.11000061035156,145.89999389648438,145.89999389648438,145.89999389648438,11736.0
2025-12-05T17:01:00Z,145.8800048828125,145.92999267578125,145.8800048828125,145.92999267578125,145.92999267578125,2338.0
2025-12-05T17:04:00Z,145.8800048828125,145.90939331054688,145.72000122070312,145.72000122070312,145.72000122070312,3977.0
2025-12-05T17:05:00Z,145.75999450683594,145.75999450683594,145.6999969482422,145.6999969482422,145.6999969482422,1597.0
2025-12-05T17:08:00Z,145.52000427246094,145.5500030517578,145.4199981689453,145.47999572753906,145.47999572753906,6255.0
2025-12-05T17:09:00Z,145.47999572753906,145.47999572753906,145.47999572753906,145.47999572753906,145.47999572753906,442.0
2025-12-05T17:10:00Z,145.5399932861328,145.5399932861328,145.5399932861328,145.5399932861328,145.5399932861328,3462.0
2025-12-05T17:11:00Z,145.4499969482422,145.5050048828125,145.44500732421875,145.44500732421875,145.44500732421875,2133.0
2025-12-05T17:12:00Z,145.4499969482422,145.52999877929688,145.4499969482422,145.52999877929688,145.52999877929688,2789.0
2025-12-05T17:13:00Z,145.52999877929688,145.52999877929688,145.38999938964844,145.38999938964844,145.38999938964844,2148.0
2025-12-05T17:14:00Z,145.42999267578125,145.42999267578125,145.38999938964844,145.38999938964844,145.38999938964844,1842.0
2025-12-05T17:15:00Z,145.44500732421875,145.4550018310547,145.44500732421875,145.44500732421875,145.44500732421875,2182.0
2025-12-05T17:16:00Z,145.47000122070312,145.47000122070312,145.4499969482422,145.4499969482422,145.4499969482422,1891.0
2025-12-05T17:17:00Z,145.41000366210938,145.52000427246094,145.41000366210938,145.4199981689453,145.4199981689453,2641.0
2025-12-05T17:18:00Z,145.4774932861328,145.4774932861328,145.42999267578125,145.42999267578125,145.42999267578125,1235.0
2025-12-05T17:19:00Z,145.4199981689453,145.4199981689453,145.38999938964844,145.38999938964844,145.38999938964844,2628.0
2025-12-05T17:20:00Z,145.3800048828125,145.44000244140625,145.3800048828125,145.44000244140625,145.44000244140625,969.0
2025-12-05T17:21:00Z,145.36500549316406,145.39999389648438,145.36000061035156,145.39999389648438,145.39999389648438,2034.0
2025-12-05T17:22:00Z,145.39500427246094,145.4499969482422,145.39500427246094,145.4499969482422,145.4499969482422,814.0
2025-12-05T17:23:00Z,145.38999938964844,145.38999938964844,145.38999938964844,145.38999938964844,145.38999938964844,586.0
2025-12-05T17:24:00Z,145.36000061035156,145.5500030517578,145.33999633789062,145.5500030517578,145.5500030517578,13558.0
2025-12-05T17:25:00Z,145.57000732421875,145.64999389648438,145.57000732421875,145.64999389648438,145.64999389648438,2889.0
2025-12-05T17:26:00Z,145.66000366210938,145.66000366210938,145.6199951171875,145.65249633789062,145.65249633789062,1433.0
2025-12-05T17:27:00Z,145.6649932861328,145.69000244140625,145.6649932861328,145.69000244140625,145.69000244140625,733.0
2025-12-05T17:28:00Z,145.6699981689453,145.6699981689453,145.60000610351562,145.6300048828125,145.6300048828125,3383.0
2025-12-05T17:29:00Z,145.6999969482422,145.6999969482422,145.6999969482422,145.6999969482422,145.6999969482422,1032.0
2025-12-05T17:30:00Z,145.74000549316406,145.75999450683594,145.7100067138672,145.75999450683594,145.75999450683594,2679.0
2025-12-05T17:31:00Z,145.75999450683594,145.75999450683594,145.69000244140625,145.69000244140625,145.69000244140625,1519.0
2025-12-05T17:32:00Z,145.69000244140625,145.7449951171875,145.69000244140625,145.69000244140625,145.69000244140625,1683.0
2025-12-05T17:33:00Z,145.7449951171875,145.7449951171875,145.6699981689453,145.74000549316406,145.74000549316406,2527.0
2025-12-05T17:34:00Z,145.72500610351562,145.74000549316406,145.72500610351562,145.72999572753906,145.72999572753906,619.0
2025-12-05T17:35:00Z,145.6699981689453,145.6699981689453,145.47999572753906,145.47999572753906,145.47999572753906,4221.0
2025-12-05T17:36:00Z,145.46499633789062,145.47999572753906,145.4499969482422,145.4499969482422,145.4499969482422,2119.0
2025-12-05T17:37:00Z,145.41000366210938,145.41000366210938,145.3300018310547,145.35000610351562,145.35000610351562,2365.0
2025-12-05T17:38:00Z,145.3699951171875,145.43499755859375,145.35000610351562,145.43499755859375,145.43499755859375,1906.0
2025-12-05T17:39:00Z,145.3800048828125,145.3800048828125,145.3800048828125,145.3800048828125,145.3800048828125,498.0
2025-12-05T17:40:00Z,145.33999633789062,145.33999633789062,145.3300018310547,145.33999633789062,145.33999633789062,1008.0
2025-12-05T17:41:00Z,145.27499389648438,145.27499389648438,145.1999969482422,145.1999969482422,145.1999969482422,1866.0
2025-12-05T17:42:00Z,145.22999572753906,145.27499389648438,145.1999969482422,145.27499389648438,145.27499389648438,2039.0
2025-12-05T17:43:00Z,145.27499389648438,145.3699951171875,145.27499389648438,145.3699951171875,145.3699951171875,1648.0
2025-12-05T17:44:00Z,145.44000244140625,145.44000244140625,145.3699951171875,145.38999938964844,145.38999938964844,2072.0
2025-12-05T17:45:00Z,145.44000244140625,145.44000244140625,145.39500427246094,145.39999389648438,145.39999389648438,2050.0
2025-12-05T17:46:00Z,145.44000244140625,145.4499969482422,145.44000244140625,145.4499969482422,145.4499969482422,1855.0
2025-12-05T17:48:00Z,145.4550018310547,145.4550018310547,145.4029998779297,145.4029998779297,145.4029998779297,948.0
2025-12-05T17:49:00Z,145.38999938964844,145.44000244140625,145.38999938964844,145.44000244140625,145.44000244140625,1380.0
2025-12-05T17:50:00Z,145.50999450683594,145.52000427246094,145.47000122070312,145.47000122070312,145.47000122070312,3823.0
2025-12-05T17:51:00Z,145.5399932861328,145.6300048828125,145.5399932861328,145.6300048828125,145.6300048828125,2111.0
2025-12-05T17:52:00Z,145.66000366210938,145.74000549316406,145.64999389648438,145.64999389648438,145.64999389648438,2790.0
2025-12-05T17:53:00Z,145.6699981689453,145.75999450683594,145.6699981689453,145.75999450683594,145.75999450683594,1494.0
2025-12-05T17:54:00Z,145.6699981689453,145.7100067138672,145.6699981689453,145.67999267578125,145.67999267578125,1381.0
2025-12-05T17:55:00Z,145.6999969482422,145.6999969482422,145.63999938964844,145.66000366210938,145.66000366210938,2130.0
2025-12-05T17:56:00Z,145.6300048828125,145.72000122070312,145.6300048828125,145.72000122070312,145.72000122070312,1959.0
2025-12-05T17:57:00Z,145.67999267578125,145.74000549316406,145.67999267578125,145.74000549316406,145.74000549316406,2355.0
2025-12-05T17:58:00Z,145.75999450683594,145.75999450683594,145.75999450683594,145.75999450683594,145.75999450683594,746.0
2025-12-05T18:00:00Z,145.77000427246094,145.77000427246094,145.6800994873047,145.6800994873047,145.6800994873047,1303.0
2025-12-05T18:01:00Z,145.7550048828125,145.7550048828125,145.7550048828125,145.7550048828125,145.7550048828125,663.0
2025-12-05T18:02:00Z,145.86000061035156,145.86000061035156,145.77000427246094,145.77000427246094,145.77000427246094,669.0
2025-12-05T18:03:00Z,145.77999877929688,145.78500366210938,145.74000549316406,145.78500366210938,145.78500366210938,1666.0
2025-12-05T18:04:00Z,145.7949981689453,145.8300018310547,145.72999572753906,145.74000549316406,145.74000549316406,3626.0
2025-12-05T18:05:00Z,145.8000030517578,145.8000030517578,145.8000030517578,145.8000030517578,145.8000030517578,260.0
2025-12-05T18:06:00Z,145.8000030517578,145.8000030517578,145.8000030517578,145.8000030517578,145.8000030517578,1167.0
2025-12-05T18:07:00Z,145.75999450683594,145.77999877929688,145.6999969482422,145.6999969482422,145.6999969482422,6379.0
2025-12-05T18:08:00Z,145.71499633789062,145.72999572753906,145.64999389648438,145.64999389648438,145.64999389648438,3886.0
2025-12-05T18:09:00Z,145.6750030517578,145.77999877929688,145.64999389648438,145.75,145.75,32942.0
2025-12-05T18:10:00Z,145.77999877929688,145.77999877929688,145.72000122070312,145.77999877929688,145.77999877929688,2002.0
2025-12-05T18:11:00Z,145.74000549316406,145.74000549316406,145.67349243164062,145.7100067138672,145.7100067138672,2035.0
2025-12-05T18:12:00Z,145.67999267578125,145.75999450683594,145.67999267578125,145.75999450683594,145.75999450683594,4784.0
2025-12-05T18:13:00Z,145.77000427246094,145.77000427246094,145.6699981689453,145.6699981689453,145.6699981689453,3486.0
2025-12-05T18:14:00Z,145.66000366210938,145.66000366210938,145.63999938964844,145.63999938964844,145.63999938964844,1157.0
2025-12-05T18:15:00Z,145.64999389648438,145.72999572753906,145.64999389648438,145.64999389648438,145.64999389648438,1264.0
2025-12-05T18:16:00Z,145.60000610351562,145.63999938964844,145.5399932861328,145.5399932861328,145.5399932861328,2688.0
2025-12-05T18:17:00Z,145.61000061035156,145.61000061035156,145.53599548339844,145.53599548339844,145.53599548339844,936.0
2025-12-05T18:18:00Z,145.57000732421875,145.57000732421875,145.47000122070312,145.55499267578125,145.55499267578125,3949.0
2025-12-05T18:19:00Z,145.57000732421875,145.58999633789062,145.57000732421875,145.58999633789062,145.58999633789062,563.0
2025-12-05T18:20:00Z,145.59500122070312,145.59500122070312,145.47000122070312,145.47999572753906,145.47999572753906,3978.0
2025-12-05T18:21:00Z,145.47999572753906,145.47999572753906,145.47999572753906,145.47999572753906,145.47999572753906,762.0
2025-12-05T18:22:00Z,145.47999572753906,145.47999572753906,145.30999755859375,145.3800048828125,145.3800048828125,14465.0
2025-12-05T18:23:00Z,145.36500549316406,145.3699951171875,145.36500549316406,145.3699951171875,145.3699951171875,515.0
2025-12-05T18:24:00Z,145.375,145.38999938964844,145.3300018310547,145.3300018310547,145.3300018310547,1045.0
2025-12-05T18:25:00Z,145.375,145.4199981689453,145.35499572753906,145.41000366210938,145.41000366210938,3386.0
2025-12-05T18:26:00Z,145.44000244140625,145.47000122070312,145.35000610351562,145.44500732421875,145.44500732421875,12877.0
2025-12-05T18:27:00Z,145.5,145.5,145.5,145.5,145.5,869.0
2025-12-05T18:28:00Z,145.5399932861328,145.57000732421875,145.5399932861328,145.57000732421875,145.57000732421875,1774.0
2025-12-05T18:29:00Z,145.468994140625,145.52000427246094,145.468994140625,145.52000427246094,145.52000427246094,1098.0
2025-12-05T18:30:00Z,145.55499267578125,145.55499267578125,145.55499267578125,145.55499267578125,145.55499267578125,415.0
2025-12-05T18:31:00Z,145.5749969482422,145.64999389648438,145.5749969482422,145.64999389648438,145.64999389648438,3209.0
2025-12-05T18:32:00Z,145.69000244140625,145.7899932861328,145.69000244140625,145.7899932861328,145.7899932861328,1394.0
2025-12-05T18:33:00Z,145.77000427246094,145.80499267578125,145.77000427246094,145.8000030517578,145.8000030517578,1480.0
2025-12-05T18:34:00Z,145.85989379882812,145.86000061035156,145.7899932861328,145.7899932861328,145.7899932861328,2282.0
2025-12-05T18:35:00Z,145.83999633789062,145.8800048828125,145.83999633789062,145.8800048828125,145.8800048828125,489.0
2025-12-05T18:36:00Z,145.8000030517578,145.83999633789062,145.8000030517578,145.83999633789062,145.83999633789062,1286.0
2025-12-05T18:37:00Z,145.86500549316406,145.8800048828125,145.86500549316406,145.8800048828125,145.8800048828125,1104.0
2025-12-05T18:38:00Z,145.9199981689453,146.07000732421875,145.89500427246094,146.07000732421875,146.07000732421875,5118.0
2025-12-05T18:39:00Z,146.0,146.0500030517578,146.0,146.0500030517578,146.0500030517578,1646.0
2025-12-05T18:40:00Z,146.0449981689453,146.0449981689453,146.02000427246094,146.02000427246094,146.02000427246094,943.0
2025-12-05T18:41:00Z,146.02000427246094,146.02000427246094,145.89999389648438,145.89999389648438,145.89999389648438,3683.0
2025-12-05T18:42:00Z,145.8699951171875,145.8699951171875,145.7899932861328,145.7899932861328,145.7899932861328,2156.0
2025-12-05T18:43:00Z,145.7899932861328,145.7899932861328,145.7899932861328,145.7899932861328,145.7899932861328,744.0
2025-12-05T18:44:00Z,145.7899932861328,145.7899932861328,145.7899932861328,145.7899932861328,145.7899932861328,928.0
2025-12-05T18:45:00Z,145.82000732421875,145.85000610351562,145.64999389648438,145.8300018310547,145.8300018310547,41215.0
2025-12-05T18:46:00Z,145.8249969482422,145.8249969482422,145.75999450683594,145.75999450683594,145.75999450683594,1510.0
2025-12-05T18:48:00Z,145.76499938964844,145.76499938964844,145.7449951171875,145.7449951171875,145.7449951171875,574.0
2025-12-05T18:49:00Z,145.77999877929688,145.7899932861328,145.77999877929688,145.7899932861328,145.7899932861328,1252.0
2025-12-05T18:50:00Z,145.7899932861328,145.8300018310547,145.72500610351562,145.72500610351562,145.72500610351562,9272.0
2025-12-05T18:51:00Z,145.72000122070312,145.72000122070312,145.66000366210938,145.6750030517578,145.6750030517578,2459.0
2025-12-05T18:52:00Z,145.6750030517578,145.6999969482422,145.63999938964844,145.66000366210938,145.66000366210938,6456.0
2025-12-05T18:53:00Z,145.6999969482422,145.75,145.6699981689453,145.75,145.75,3798.0
2025-12-05T18:54:00Z,145.66000366210938,145.6750030517578,145.6199951171875,145.64999389648438,145.64999389648438,2135.0
2025-12-05T18:55:00Z,145.6649932861328,145.6649932861328,145.6649932861328,145.6649932861328,145.6649932861328,314.0
2025-12-05T18:56:00Z,145.6699981689453,145.6699981689453,145.6699981689453,145.6699981689453,145.6699981689453,307.0
2025-12-05T18:57:00Z,145.72000122070312,145.75999450683594,145.7100067138672,145.75999450683594,145.75999450683594,4965.0
2025-12-05T18:58:00Z,145.77999877929688,145.77999877929688,145.77999877929688,145.77999877929688,145.77999877929688,393.0
2025-12-05T18:59:00Z,145.74000549316406,145.77499389648438,145.74000549316406,145.77499389648438,145.77499389648438,1295.0
2025-12-05T19:00:00Z,145.72999572753906,145.74000549316406,145.67999267578125,145.74000549316406,145.74000549316406,4402.0
2025-12-05T19:01:00Z,145.66000366210938,145.66000366210938,145.47999572753906,145.47999572753906,145.47999572753906,7016.0
2025-12-05T19:02:00Z,145.44500732421875,145.49000549316406,145.4199981689453,145.42999267578125,145.42999267578125,13291.0
2025-12-05T19:03:00Z,145.44200134277344,145.4600067138672,145.44200134277344,145.4600067138672,145.4600067138672,388.0
2025-12-05T19:04:00Z,145.42100524902344,145.52999877929688,145.42100524902344,145.5,145.5,4798.0
2025-12-05T19:05:00Z,145.49000549316406,145.49000549316406,145.4499969482422,145.4499969482422,145.4499969482422,1355.0
2025-12-05T19:06:00Z,145.5,145.5124969482422,145.3000030517578,145.4250030517578,145.4250030517578,32788.0
2025-12-05T19:07:00Z,145.3300018310547,145.4199981689453,145.3300018310547,145.4199981689453,145.4199981689453,929.0
2025-12-05T19:08:00Z,145.35499572753906,145.35499572753906,145.35499572753906,145.35499572753906,145.35499572753906,804.0
2025-12-05T19:09:00Z,145.3699951171875,145.44000244140625,145.3000030517578,145.44000244140625,145.44000244140625,4091.0
2025-12-05T19:10:00Z,145.42999267578125,145.44500732421875,145.39999389648438,145.39999389648438,145.39999389648438,937.0
2025-12-05T19:11:00Z,145.4600067138672,145.47999572753906,145.42999267578125,145.4499969482422,145.4499969482422,3779.0
2025-12-05T19:12:00Z,145.4499969482422,145.49000549316406,145.4199981689453,145.4199981689453,145.4199981689453,4281.0
2025-12-05T19:13:00Z,145.46499633789062,145.46499633789062,145.46499633789062,145.46499633789062,145.46499633789062,696.0
2025-12-05T19:14:00Z,145.4199981689453,145.4199981689453,145.38999938964844,145.38999938964844,145.38999938964844,1687.0
2025-12-05T19:15:00Z,145.4199981689453,145.42999267578125,145.4199981689453,145.42999267578125,145.42999267578125,804.0
2025-12-05T19:16:00Z,145.4250030517578,145.42999267578125,145.3800048828125,145.4250030517578,145.4250030517578,3152.0
2025-12-05T19:17:00Z,145.4199981689453,145.4499969482422,145.4199981689453,145.4199981689453,145.4199981689453,1993.0
2025-12-05T19:18:00Z,145.4199981689453,145.4600067138672,145.25999450683594,145.25999450683594,145.25999450683594,8742.0
2025-12-05T19:19:00Z,145.36880493164062,145.36880493164062,145.25999450683594,145.25999450683594,145.25999450683594,2025.0
2025-12-05T19:20:00Z,145.27000427246094,145.27000427246094,145.16000366210938,145.16000366210938,145.16000366210938,32113.0
2025-12-05T19:21:00Z,145.25,145.35000610351562,145.22000122070312,145.3000030517578,145.3000030517578,10053.0
2025-12-05T19:22:00Z,145.2301025390625,145.2301025390625,145.17999267578125,145.17999267578125,145.17999267578125,903.0
2025-12-05T19:23:00Z,145.2850341796875,145.2850341796875,145.17999267578125,145.17999267578125,145.17999267578125,1760.0
2025-12-05T19:24:00Z,145.2100067138672,145.22500610351562,145.19000244140625,145.22500610351562,145.22500610351562,1753.0
2025-12-05T19:25:00Z,145.17999267578125,145.22000122070312,145.16000366210938,145.22000122070312,145.22000122070312,1961.0
2025-12-05T19:26:00Z,145.1999969482422,145.1999969482422,145.1199951171875,145.1199951171875,145.1199951171875,3281.0
2025-12-05T19:29:00Z,145.1649932861328,145.16949462890625,145.1649932861328,145.16749572753906,145.16749572753906,1245.0
2025-12-05T19:30:00Z,145.1999969482422,145.22999572753906,145.1750030517578,145.19000244140625,145.19000244140625,4227.0
2025-12-05T19:31:00Z,145.22000122070312,145.25999450683594,145.14999389648438,145.14999389648438,145.14999389648438,4827.0
2025-12-05T19:32:00Z,145.14999389648438,145.18280029296875,145.08999633789062,145.08999633789062,145.08999633789062,4149.0
2025-12-05T19:33:00Z,145.16000366210938,145.16000366210938,145.16000366210938,145.16000366210938,145.16000366210938,433.0
2025-12-05T19:34:00Z,145.1199951171875,145.1199951171875,145.1199951171875,145.1199951171875,145.1199951171875,484.0
2025-12-05T19:35:00Z,145.1199951171875,145.1649932861328,145.11000061035156,145.11000061035156,145.11000061035156,1054.0
2025-12-05T19:36:00Z,145.1199951171875,145.14999389648438,145.1199951171875,145.14999389648438,145.14999389648438,3610.0
2025-12-05T19:37:00Z,145.14999389648438,145.16000366210938,145.1300048828125,145.13999938964844,145.13999938964844,1274.0
2025-12-05T19:38:00Z,145.10000610351562,145.125,145.02000427246094,145.0500030517578,145.0500030517578,3606.0
2025-12-05T19:39:00Z,145.03500366210938,145.0800018310547,145.03500366210938,145.0800018310547,145.0800018310547,4127.0
2025-12-05T19:40:00Z,145.0800018310547,145.0800018310547,145.0500030517578,145.07000732421875,145.07000732421875,1843.0
2025-12-05T19:41:00Z,145.0,145.0399932861328,145.0,145.0399932861328,145.0399932861328,1781.0
2025-12-05T19:42:00Z,145.0800018310547,145.11500549316406,145.07000732421875,145.07000732421875,145.07000732421875,947.0
2025-12-05T19:43:00Z,145.08749389648438,145.08749389648438,145.05999755859375,145.05999755859375,145.05999755859375,809.0
2025-12-05T19:44:00Z,145.0500030517578,145.0800018310547,145.0500030517578,145.0800018310547,145.0800018310547,2513.0
2025-12-05T19:45:00Z,145.0800018310547,145.0800018310547,145.0800018310547,145.0800018310547,145.0800018310547,514.0
2025-12-05T19:46:00Z,145.07699584960938,145.0800018310547,145.0500030517578,145.0800018310547,145.0800018310547,2886.0
2025-12-05T19:47:00Z,145.07000732421875,145.08999633789062,145.07000732421875,145.0850067138672,145.0850067138672,2239.0
2025-12-05T19:48:00Z,145.08999633789062,145.08999633789062,145.0850067138672,145.0850067138672,145.0850067138672,1068.0
2025-12-05T19:49:00Z,145.08999633789062,145.08999633789062,145.08999633789062,145.08999633789062,145.08999633789062,648.0
2025-12-05T19:50:00Z,145.08999633789062,145.13999938964844,145.08999633789062,145.13999938964844,145.13999938964844,5426.0
2025-12-05T19:51:00Z,145.13499450683594,145.16000366210938,145.05999755859375,145.0850067138672,145.0850067138672,3200.0
2025-12-05T19:52:00Z,145.0500030517578,145.0800018310547,145.0500030517578,145.05999755859375,145.05999755859375,877.0
2025-12-05T19:53:00Z,145.05999755859375,145.05999755859375,145.0399932861328,145.0500030517578,145.0500030517578,1433.0
2025-12-05T19:54:00Z,145.0500030517578,145.0850067138672,145.0500030517578,145.05999755859375,145.05999755859375,1443.0
2025-12-05T19:55:00Z,145.0500030517578,145.0500030517578,144.9949951171875,145.01499938964844,145.01499938964844,7618.0
2025-12-05T19:56:00Z,145.01499938964844,145.0399932861328,145.01499938964844,145.02999877929688,145.02999877929688,2873.0
2025-12-05T19:57:00Z,145.02499389648438,145.1199951171875,144.97999572753906,145.11000061035156,145.11000061035156,23867.0
2025-12-05T19:58:00Z,145.10000610351562,145.125,145.0800018310547,145.125,145.125,1808.0
2025-12-05T19:59:00Z,145.05999755859375,145.05999755859375,145.0399932861328,145.0399932861328,145.0399932861328,1281.0
2025-12-05T20:00:00Z,145.1029052734375,145.1029052734375,145.09500122070312,145.09500122070312,145.09500122070312,535.0
2025-12-05T20:01:00Z,145.09500122070312,145.13999938964844,145.0,145.0,145.0,7279.0
2025-12-05T20:02:00Z,145.00999450683594,145.00999450683594,144.97000122070312,144.97000122070312,144.97000122070312,1824.0
2025-12-05T20:03:00Z,144.9600067138672,144.9600067138672,144.88999938964844,144.9199981689453,144.9199981689453,2803.0
2025-12-05T20:04:00Z,144.8800048828125,144.8800048828125,144.85000610351562,144.85000610351562,144.85000610351562,2848.0
2025-12-05T20:05:00Z,144.8350067138672,144.8350067138672,144.8350067138672,144.8350067138672,144.8350067138672,210.0
2025-12-05T20:06:00Z,144.83999633789062,144.84500122070312,144.82000732421875,144.82000732421875,144.82000732421875,3663.0
2025-12-05T20:08:00Z,144.77999877929688,144.7899932861328,144.76499938964844,144.76499938964844,144.76499938964844,1272.0
2025-12-05T20:09:00Z,144.75999450683594,144.8000030517578,144.75999450683594,144.75999450683594,144.75999450683594,4038.0
2025-12-05T20:10:00Z,144.77999877929688,144.77999877929688,144.75999450683594,144.75999450683594,144.75999450683594,2237.0
2025-12-05T20:11:00Z,144.80499267578125,144.80499267578125,144.80499267578125,144.80499267578125,144.80499267578125,322.0
2025-12-05T20:12:00Z,144.88499450683594,144.88499450683594,144.85000610351562,144.86000061035156,144.86000061035156,2413.0
2025-12-05T20:13:00Z,144.86000061035156,144.9499969482422,144.8300018310547,144.93499755859375,144.93499755859375,17420.0
2025-12-05T20:14:00Z,144.93499755859375,144.97999572753906,144.88999938964844,144.94000244140625,144.94000244140625,5491.0
2025-12-05T20:15:00Z,144.94500732421875,144.94500732421875,144.8800048828125,144.92999267578125,144.92999267578125,5073.0
2025-12-05T20:16:00Z,144.94000244140625,144.97000122070312,144.94000244140625,144.97000122070312,144.97000122070312,1879.0
2025-12-05T20:17:00Z,144.97300720214844,144.97999572753906,144.91000366210938,144.92999267578125,144.92999267578125,4290.0
2025-12-05T20:18:00Z,144.97999572753906,144.97999572753906,144.97999572753906,144.97999572753906,144.97999572753906,2031.0
2025-12-05T20:19:00Z,145.07899475097656,145.1199951171875,145.07899475097656,145.11000061035156,145.11000061035156,1962.0
2025-12-05T20:20:00Z,145.05999755859375,145.05999755859375,145.05999755859375,145.05999755859375,145.05999755859375,1104.0
2025-12-05T20:21:00Z,145.10000610351562,145.10000610351562,145.0500030517578,145.10000610351562,145.10000610351562,3639.0
2025-12-05T20:22:00Z,145.10499572753906,145.10499572753906,144.97999572753906,144.97999572753906,144.97999572753906,4391.0
2025-12-05T20:23:00Z,144.94000244140625,144.97999572753906,144.94000244140625,144.97000122070312,144.97000122070312,3566.0
2025-12-05T20:24:00Z,144.9759979248047,145.03900146484375,144.9759979248047,145.03900146484375,145.03900146484375,3786.0
2025-12-05T20:25:00Z,144.97999572753906,144.97999572753906,144.92999267578125,144.94000244140625,144.94000244140625,1840.0
2025-12-05T20:26:00Z,144.94000244140625,144.9600067138672,144.9199981689453,144.9199981689453,144.9199981689453,2242.0
2025-12-05T20:27:00Z,144.9600067138672,144.9600067138672,144.9600067138672,144.9600067138672,144.9600067138672,1094.0
2025-12-05T20:28:00Z,144.9199981689453,144.97999572753906,144.89999389648438,144.97999572753906,144.97999572753906,2637.0
2025-12-05T20:29:00Z,145.0,145.02699279785156,144.9600067138672,144.9600067138672,144.9600067138672,7471.0
2025-12-05T20:30:00Z,144.9600067138672,145.05999755859375,144.9499969482422,145.0540008544922,145.0540008544922,7957.0
2025-12-05T20:31:00Z,145.02999877929688,145.02999877929688,144.99000549316406,144.9949951171875,144.9949951171875,2515.0
2025-12-05T20:32:00Z,145.02000427246094,145.06500244140625,144.94500732421875,144.97000122070312,144.97000122070312,10551.0
2025-12-05T20:33:00Z,144.97000122070312,144.97000122070312,144.94000244140625,144.9600067138672,144.9600067138672,2621.0
2025-12-05T20:34:00Z,144.97000122070312,145.0050048828125,144.9600067138672,144.9600067138672,144.9600067138672,4579.0
2025-12-05T20:35:00Z,144.9600067138672,144.9600067138672,144.89999389648438,144.9250030517578,144.9250030517578,6843.0
2025-12-05T20:36:00Z,144.9499969482422,145.00999450683594,144.9499969482422,145.0050048828125,145.0050048828125,4487.0
2025-12-05T20:37:00Z,145.00999450683594,145.00999450683594,144.9199981689453,144.9600067138672,144.9600067138672,7152.0
2025-12-05T20:38:00Z,144.96499633789062,144.96499633789062,144.91000366210938,144.91000366210938,144.91000366210938,5352.0
2025-12-05T20:39:00Z,144.9149932861328,144.9149932861328,144.8800048828125,144.8800048828125,144.8800048828125,2704.0
2025-12-05T20:40:00Z,144.9149932861328,144.9149932861328,144.86000061035156,144.89500427246094,144.89500427246094,6583.0
2025-12-05T20:41:00Z,144.8800048828125,145.07000732421875,144.85000610351562,145.0449981689453,145.0449981689453,27362.0
2025-12-05T20:42:00Z,145.0399932861328,145.1750030517578,145.0399932861328,145.1750030517578,145.1750030517578,5895.0
2025-12-05T20:43:00Z,145.1699981689453,145.19500732421875,145.1699981689453,145.19500732421875,145.19500732421875,2559.0
2025-12-05T20:44:00Z,145.1999969482422,145.22999572753906,145.05999755859375,145.1199951171875,145.1199951171875,12948.0
2025-12-05T20:45:00Z,145.1199951171875,145.1199951171875,145.11000061035156,145.11000061035156,145.11000061035156,1880.0
2025-12-05T20:46:00Z,145.0800018310547,145.0800018310547,144.97999572753906,145.0,145.0,5838.0
2025-12-05T20:47:00Z,145.0,145.0,144.89999389648438,144.93499755859375,144.93499755859375,3004.0
2025-12-05T20:48:00Z,144.91000366210938,144.95899963378906,144.8699951171875,144.8699951171875,144.8699951171875,4513.0
2025-12-05T20:49:00Z,144.85000610351562,144.91000366210938,144.77499389648438,144.90499877929688,144.90499877929688,18704.0
2025-12-05T20:50:00Z,144.91000366210938,145.14999389648438,144.91000366210938,145.14700317382812,145.14700317382812,12972.0
2025-12-05T20:51:00Z,145.14999389648438,145.2100067138672,145.1300048828125,145.2100067138672,145.2100067138672,11651.0
2025-12-05T20:52:00Z,145.2100067138672,145.39999389648438,145.19000244140625,145.3625030517578,145.3625030517578,25967.0
2025-12-05T20:53:00Z,145.36500549316406,145.40499877929688,145.32000732421875,145.39999389648438,145.39999389648438,17095.0
2025-12-05T20:54:00Z,145.41000366210938,145.41000366210938,145.25999450683594,145.2899932861328,145.2899932861328,15470.0
2025-12-05T20:55:00Z,145.30999755859375,145.33999633789062,145.22999572753906,145.24000549316406,145.24000549316406,22990.0
2025-12-05T20:56:00Z,145.24000549316406,145.30999755859375,145.23500061035156,145.24000549316406,145.24000549316406,31912.0
2025-12-05T20:57:00Z,145.22000122070312,145.27999877929688,145.13999938964844,145.27999877929688,145.27999877929688,25262.0
2025-12-05T20:58:00Z,145.25999450683594,145.4600067138672,145.24000549316406,145.4600067138672,145.4600067138672,44137.0
2025-12-05T20:59:00Z,145.4949951171875,145.5399932861328,145.4149932861328,145.4600067138672,145.4600067138672,78473.0
2025-12-08T14:31:00Z,144.40499877929688,144.4149932861328,143.86000061035156,144.4149932861328,144.4149932861328,1702.0
2025-12-08T14:32:00Z,144.4149932861328,144.4149932861328,143.8300018310547,143.8300018310547,143.8300018310547,1461.0
2025-12-08T14:33:00Z,144.22999572753906,144.22999572753906,144.1999969482422,144.22999572753906,144.22999572753906,1457.0
2025-12-08T14:34:00Z,144.25999450683594,144.3300018310547,144.0800018310547,144.3300018310547,144.3300018310547,2512.0
2025-12-08T14:35:00Z,144.41000366210938,144.4600067138672,144.07000732421875,144.4600067138672,144.4600067138672,929.0
2025-12-08T14:37:00Z,143.74000549316406,143.75,143.7100067138672,143.72000122070312,143.72000122070312,1947.0
2025-12-08T14:38:00Z,143.55999755859375,143.63499450683594,143.3699951171875,143.41000366210938,143.41000366210938,6588.0
2025-12-08T14:39:00Z,143.2899932861328,143.4499969482422,143.11000061035156,143.39999389648438,143.39999389648438,3741.0
2025-12-08T14:40:00Z,143.4499969482422,143.4499969482422,143.16000366210938,143.17999267578125,143.17999267578125,2078.0
2025-12-08T14:41:00Z,143.33999633789062,143.36000061035156,143.24000549316406,143.36000061035156,143.36000061035156,1798.0
2025-12-08T14:42:00Z,143.34500122070312,143.47999572753906,142.8699951171875,142.88999938964844,142.88999938964844,12643.0
2025-12-08T14:43:00Z,143.08999633789062,143.2899932861328,142.8800048828125,143.1300048828125,143.1300048828125,15039.0
2025-12-08T14:44:00Z,143.1300048828125,143.1300048828125,143.0,143.0,143.0,2513.0
2025-12-08T14:45:00Z,143.11000061035156,143.1750030517578,143.0,143.0,143.0,3218.0
2025-12-08T14:46:00Z,143.11000061035156,143.36000061035156,143.11000061035156,143.1300048828125,143.1300048828125,22252.0
2025-12-08T14:47:00Z,143.25999450683594,143.30999755859375,143.02999877929688,143.16000366210938,143.16000366210938,13405.0
2025-12-08T14:48:00Z,143.16000366210938,143.2899932861328,143.0800018310547,143.0800018310547,143.0800018310547,5710.0
2025-12-08T14:49:00Z,143.22000122070312,143.27999877929688,143.2100067138672,143.25999450683594,143.25999450683594,3111.0
2025-12-08T14:50:00Z,143.27999877929688,143.41000366210938,143.2050018310547,143.39500427246094,143.39500427246094,12276.0
2025-12-08T14:51:00Z,143.47000122070312,143.5,143.3699951171875,143.4499969482422,143.4499969482422,16552.0
2025-12-08T14:52:00Z,143.39999389648438,143.9600067138672,143.39999389648438,143.9600067138672,143.9600067138672,14414.0
2025-12-08T14:53:00Z,144.0,144.00999450683594,143.97999572753906,143.97999572753906,143.97999572753906,1172.0
2025-12-08T14:54:00Z,143.97999572753906,144.16000366210938,143.97999572753906,144.16000366210938,144.16000366210938,8348.0
2025-12-08T14:55:00Z,144.25999450683594,144.26499938964844,144.08999633789062,144.1199951171875,144.1199951171875,5510.0
2025-12-08T14:56:00Z,144.2698974609375,144.2698974609375,144.125,144.1300048828125,144.1300048828125,4435.0
2025-12-08T14:57:00Z,144.05999755859375,144.05999755859375,143.7899932861328,143.7899932861328,143.7899932861328,4718.0
2025-12-08T14:58:00Z,143.89999389648438,143.89999389648438,143.89999389648438,143.89999389648438,143.89999389648438,1608.0
2025-12-08T14:59:00Z,143.89999389648438,143.89999389648438,143.77999877929688,143.7899932861328,143.7899932861328,1944.0
2025-12-08T15:00:00Z,143.7899932861328,143.83999633789062,143.77999877929688,143.83999633789062,143.83999633789062,1654.0
2025-12-08T15:01:00Z,143.77999877929688,143.77999877929688,143.72999572753906,143.76499938964844,143.76499938964844,5139.0
2025-12-08T15:02:00Z,143.6699981689453,143.67999267578125,143.6699981689453,143.6699981689453,143.6699981689453,1252.0
2025-12-08T15:03:00Z,143.88999938964844,143.88999938964844,143.61000061035156,143.77999877929688,143.77999877929688,9205.0
2025-12-08T15:04:00Z,143.7384033203125,143.74000549316406,143.67999267578125,143.74000549316406,143.74000549316406,1666.0
2025-12-08T15:05:00Z,143.8000030517578,143.8000030517578,143.64999389648438,143.64999389648438,143.64999389648438,3685.0
2025-12-08T15:06:00Z,143.64999389648438,143.77999877929688,143.64999389648438,143.77999877929688,143.77999877929688,3659.0
2025-12-08T15:07:00Z,143.7899932861328,144.0449981689453,143.7899932861328,144.0449981689453,144.0449981689453,2260.0
2025-12-08T15:08:00Z,143.9199981689453,144.05999755859375,143.91000366210938,143.91000366210938,143.91000366210938,1949.0
2025-12-08T15:09:00Z,143.92999267578125,144.12750244140625,143.9199981689453,144.05999755859375,144.05999755859375,3032.0
2025-12-08T15:10:00Z,144.07000732421875,144.08999633789062,144.0,144.0,144.0,1571.0
2025-12-08T15:11:00Z,144.10499572753906,144.11000061035156,144.00999450683594,144.11000061035156,144.11000061035156,1244.0
2025-12-08T15:12:00Z,144.02999877929688,144.11500549316406,144.00999450683594,144.03500366210938,144.03500366210938,4414.0
2025-12-08T15:13:00Z,144.03500366210938,144.14999389648438,143.9600067138672,143.9600067138672,143.9600067138672,8422.0
2025-12-08T15:14:00Z,143.92999267578125,144.0800018310547,143.92999267578125,144.0800018310547,144.0800018310547,3730.0
2025-12-08T15:15:00Z,143.97000122070312,143.97000122070312,143.92999267578125,143.92999267578125,143.92999267578125,879.0
2025-12-08T15:16:00Z,143.93499755859375,144.0399932861328,143.93499755859375,144.0200958251953,144.0200958251953,4506.0
2025-12-08T15:17:00Z,144.16000366210938,144.19000244140625,144.16000366210938,144.1699981689453,144.1699981689453,1152.0
2025-12-08T15:18:00Z,144.20339965820312,144.20339965820312,144.20339965820312,144.20339965820312,144.20339965820312,222.0
2025-12-08T15:19:00Z,144.1475067138672,144.16749572753906,144.02000427246094,144.1649932861328,144.1649932861328,2412.0
2025-12-08T15:20:00Z,144.02999877929688,144.30999755859375,144.02999877929688,144.1999969482422,144.1999969482422,5715.0
2025-12-08T15:21:00Z,144.2100067138672,144.2100067138672,143.99000549316406,143.99000549316406,143.99000549316406,4680.0
2025-12-08T15:22:00Z,144.02999877929688,144.0399932861328,143.94000244140625,143.9499969482422,143.9499969482422,2160.0
2025-12-08T15:23:00Z,143.9499969482422,144.14999389648438,143.9499969482422,144.1300048828125,144.1300048828125,2857.0
2025-12-08T15:24:00Z,144.05999755859375,144.2449951171875,144.05999755859375,144.2449951171875,144.2449951171875,7101.0
2025-12-08T15:25:00Z,144.2449951171875,144.25999450683594,144.11000061035156,144.25999450683594,144.25999450683594,1922.0
2025-12-08T15:26:00Z,144.26499938964844,144.27000427246094,144.14999389648438,144.1699981689453,144.1699981689453,2140.0
2025-12-08T15:27:00Z,144.1699981689453,144.28500366210938,144.11000061035156,144.28500366210938,144.28500366210938,5205.0
2025-12-08T15:28:00Z,144.2899932861328,144.2899932861328,144.28500366210938,144.28500366210938,144.28500366210938,784.0
2025-12-08T15:29:00Z,144.28500366210938,144.3800048828125,144.24000549316406,144.24000549316406,144.24000549316406,4665.0
2025-12-08T15:30:00Z,144.22999572753906,144.22999572753906,143.99000549316406,143.99000549316406,143.99000549316406,3563.0
2025-12-08T15:31:00Z,144.10000610351562,144.22000122070312,144.10000610351562,144.19000244140625,144.19000244140625,2889.0
2025-12-08T15:32:00Z,144.16000366210938,144.2449951171875,144.1300048828125,144.1300048828125,144.1300048828125,1941.0
2025-12-08T15:33:00Z,144.00999450683594,144.36990356445312,144.00999450683594,144.36990356445312,144.36990356445312,4534.0
2025-12-08T15:34:00Z,144.25,144.31500244140625,144.25,144.25,144.25,1380.0
2025-12-08T15:35:00Z,144.25999450683594,144.27200317382812,144.2100067138672,144.2100067138672,144.2100067138672,2090.0
2025-12-08T15:36:00Z,144.1699981689453,144.2100067138672,144.14999389648438,144.2100067138672,144.2100067138672,1818.0
2025-12-08T15:37:00Z,144.14999389648438,144.27000427246094,144.14999389648438,144.27000427246094,144.27000427246094,1416.0
2025-12-08T15:38:00Z,144.2310028076172,144.2310028076172,144.2310028076172,144.2310028076172,144.2310028076172,1370.0
2025-12-08T15:39:00Z,144.24000549316406,144.25999450683594,144.13999938964844,144.13999938964844,144.13999938964844,3149.0
2025-12-08T15:40:00Z,144.13999938964844,144.13999938964844,144.00999450683594,144.00999450683594,144.00999450683594,2034.0
2025-12-08T15:41:00Z,144.00999450683594,144.00999450683594,143.9199981689453,143.9199981689453,143.9199981689453,4982.0
2025-12-08T15:42:00Z,143.97999572753906,143.97999572753906,143.97999572753906,143.97999572753906,143.97999572753906,678.0
2025-12-08T15:43:00Z,143.85000610351562,143.9250030517578,143.8000030517578,143.8000030517578,143.8000030517578,1987.0
2025-12-08T15:44:00Z,143.8000030517578,143.80499267578125,143.67999267578125,143.67999267578125,143.67999267578125,3788.0
2025-12-08T15:45:00Z,143.67999267578125,143.91000366210938,143.67999267578125,143.91000366210938,143.91000366210938,5250.0
2025-12-08T15:46:00Z,143.86000061035156,143.86000061035156,143.86000061035156,143.86000061035156,143.86000061035156,2013.0
2025-12-08T15:47:00Z,143.88999938964844,143.88999938964844,143.88999938964844,143.88999938964844,143.88999938964844,289.0
2025-12-08T15:48:00Z,143.7899932861328,143.88999938964844,143.7899932861328,143.88999938964844,143.88999938964844,3114.0
2025-12-08T15:49:00Z,143.88999938964844,143.88999938964844,143.6999969482422,143.72500610351562,143.72500610351562,4308.0
2025-12-08T15:50:00Z,143.72999572753906,143.72999572753906,143.60000610351562,143.6374053955078,143.6374053955078,1857.0
2025-12-08T15:51:00Z,143.61000061035156,143.8800048828125,143.57000732421875,143.8800048828125,143.8800048828125,8464.0
2025-12-08T15:53:00Z,143.80999755859375,143.89999389648438,143.80999755859375,143.89999389648438,143.89999389648438,4836.0
2025-12-08T15:54:00Z,143.8101043701172,143.91000366210938,143.8101043701172,143.85000610351562,143.85000610351562,2539.0
2025-12-08T15:55:00Z,143.8300018310547,143.8300018310547,143.8249969482422,143.8249969482422,143.8249969482422,2447.0
2025-12-08T15:56:00Z,143.80499267578125,143.80499267578125,143.80499267578125,143.80499267578125,143.80499267578125,619.0
2025-12-08T15:57:00Z,143.74000549316406,143.74000549316406,143.69500732421875,143.72999572753906,143.72999572753906,4819.0
2025-12-08T15:58:00Z,143.66000366210938,143.6999969482422,143.66000366210938,143.66000366210938,143.66000366210938,1934.0
2025-12-08T15:59:00Z,143.7550048828125,143.7550048828125,143.63999938964844,143.69000244140625,143.69000244140625,4657.0
2025-12-08T16:00:00Z,143.63999938964844,143.7050018310547,143.61000061035156,143.69000244140625,143.69000244140625,11858.0
2025-12-08T16:01:00Z,143.6199951171875,143.64500427246094,143.52000427246094,143.52000427246094,143.52000427246094,6479.0
2025-12-08T16:02:00Z,143.52999877929688,143.55999755859375,143.52499389648438,143.55999755859375,143.55999755859375,5156.0
2025-12-08T16:03:00Z,143.55999755859375,143.5800018310547,143.5399932861328,143.5399932861328,143.5399932861328,4023.0
2025-12-08T16:04:00Z,143.5,143.60000610351562,143.5,143.5800018310547,143.5800018310547,3943.0
2025-12-08T16:05:00Z,143.5850067138672,143.68499755859375,143.5850067138672,143.68499755859375,143.68499755859375,1477.0
2025-12-08T16:06:00Z,143.69000244140625,143.7050018310547,143.69000244140625,143.7050018310547,143.7050018310547,1061.0
2025-12-08T16:07:00Z,143.71499633789062,143.7899932861328,143.71499633789062,143.7899932861328,143.7899932861328,1576.0
2025-12-08T16:08:00Z,143.77999877929688,143.8800048828125,143.77999877929688,143.8699951171875,143.8699951171875,4147.0
2025-12-08T16:09:00Z,143.85000610351562,143.8699951171875,143.85000610351562,143.8699951171875,143.8699951171875,652.0
2025-12-08T16:10:00Z,143.8800048828125,143.99000549316406,143.8800048828125,143.9499969482422,143.9499969482422,5722.0
2025-12-08T16:11:00Z,143.98500061035156,144.02499389648438,143.9600067138672,144.02499389648438,144.02499389648438,3941.0
2025-12-08T16:12:00Z,144.02499389648438,144.02499389648438,143.92999267578125,143.97000122070312,143.97000122070312,1767.0
2025-12-08T16:13:00Z,143.97999572753906,143.97999572753906,143.88999938964844,143.88999938964844,143.88999938964844,1910.0
2025-12-08T16:14:00Z,143.86000061035156,143.86000061035156,143.74000549316406,143.74000549316406,143.74000549316406,3516.0
2025-12-08T16:15:00Z,143.74000549316406,143.77000427246094,143.74000549316406,143.77000427246094,143.77000427246094,2226.0
2025-12-08T16:17:00Z,143.82000732421875,143.82000732421875,143.82000732421875,143.82000732421875,143.82000732421875,341.0
2025-12-08T16:18:00Z,143.75999450683594,143.86000061035156,143.75999450683594,143.86000061035156,143.86000061035156,4635.0
2025-12-08T16:19:00Z,143.82000732421875,143.8300018310547,143.72999572753906,143.72999572753906,143.72999572753906,3491.0
2025-12-08T16:20:00Z,143.6999969482422,143.77499389648438,143.67999267578125,143.74000549316406,143.74000549316406,1092.0
2025-12-08T16:21:00Z,143.7100067138672,143.71499633789062,143.7100067138672,143.7100067138672,143.7100067138672,800.0
2025-12-08T16:22:00Z,143.71499633789062,143.71499633789062,143.71499633789062,143.71499633789062,143.71499633789062,1215.0
2025-12-08T16:23:00Z,143.77000427246094,143.78500366210938,143.74000549316406,143.76499938964844,143.76499938964844,2789.0
2025-12-08T16:25:00Z,143.69000244140625,143.69000244140625,143.64999389648438,143.66000366210938,143.66000366210938,2237.0
2025-12-08T16:26:00Z,143.68499755859375,143.81500244140625,143.68499755859375,143.81500244140625,143.81500244140625,2214.0
2025-12-08T16:27:00Z,143.77999877929688,143.7949981689453,143.75,143.7949981689453,143.7949981689453,1544.0
2025-12-08T16:28:00Z,143.8000030517578,143.9499969482422,143.75999450683594,143.9499969482422,143.9499969482422,3724.0
2025-12-08T16:29:00Z,144.0399932861328,144.0399932861328,144.03500366210938,144.03500366210938,144.03500366210938,636.0
2025-12-08T16:30:00Z,144.0500030517578,144.10499572753906,143.77000427246094,143.97000122070312,143.97000122070312,34212.0
2025-12-08T16:32:00Z,143.88999938964844,143.88999938964844,143.88999938964844,143.88999938964844,143.88999938964844,718.0
2025-12-08T16:33:00Z,143.85000610351562,143.85000610351562,143.85000610351562,143.85000610351562,143.85000610351562,1099.0
2025-12-08T16:34:00Z,143.80999755859375,143.82000732421875,143.80999755859375,143.82000732421875,143.82000732421875,973.0
2025-12-08T16:35:00Z,143.8101043701172,143.87460327148438,143.80999755859375,143.87460327148438,143.87460327148438,816.0
2025-12-08T16:36:00Z,143.82000732421875,143.9499969482422,143.82000732421875,143.88999938964844,143.88999938964844,1178.0
2025-12-08T16:37:00Z,143.88999938964844,143.9949951171875,143.88999938964844,143.9949951171875,143.9949951171875,2271.0
2025-12-08T16:38:00Z,143.99000549316406,144.0,143.99000549316406,144.0,144.0,2922.0
2025-12-08T16:39:00Z,143.94000244140625,143.9499969482422,143.91000366210938,143.93499755859375,143.93499755859375,2528.0
2025-12-08T16:40:00Z,143.92999267578125,144.08999633789062,143.92999267578125,144.08999633789062,144.08999633789062,3028.0
2025-12-08T16:41:00Z,144.1199951171875,144.1199951171875,144.1199951171875,144.1199951171875,144.1199951171875,475.0
2025-12-08T16:42:00Z,144.1300048828125,144.1300048828125,144.1300048828125,144.1300048828125,144.1300048828125,364.0
2025-12-08T16:43:00Z,144.1300048828125,144.25999450683594,144.07000732421875,144.25999450683594,144.25999450683594,4895.0
2025-12-08T16:44:00Z,144.2550048828125,144.25999450683594,144.22999572753906,144.24000549316406,144.24000549316406,1473.0
2025-12-08T16:45:00Z,144.24000549316406,144.24000549316406,144.07000732421875,144.07000732421875,144.07000732421875,3128.0
2025-12-08T16:46:00Z,144.07000732421875,144.10499572753906,144.00999450683594,144.0500030517578,144.0500030517578,3523.0
2025-12-08T16:47:00Z,143.97999572753906,144.0345001220703,143.92999267578125,143.92999267578125,143.92999267578125,2608.0
2025-12-08T16:48:00Z,143.91000366210938,143.91000366210938,143.85000610351562,143.88999938964844,143.88999938964844,2648.0
2025-12-08T16:49:00Z,143.875,143.875,143.85000610351562,143.85000610351562,143.85000610351562,993.0
2025-12-08T16:50:00Z,143.8300018310547,143.87069702148438,143.8300018310547,143.8300018310547,143.8300018310547,2011.0
2025-12-08T16:51:00Z,143.8350067138672,143.8625030517578,143.77000427246094,143.77000427246094,143.77000427246094,2690.0
2025-12-08T16:52:00Z,143.72000122070312,143.72000122070312,143.67999267578125,143.67999267578125,143.67999267578125,1154.0
2025-12-08T16:53:00Z,143.71499633789062,143.75999450683594,143.71499633789062,143.75999450683594,143.75999450683594,2157.0
2025-12-08T16:54:00Z,143.75999450683594,143.75999450683594,143.75999450683594,143.75999450683594,143.75999450683594,257.0
2025-12-08T16:55:00Z,143.76499938964844,143.76499938964844,143.67999267578125,143.6999969482422,143.6999969482422,4065.0
2025-12-08T16:56:00Z,143.69760131835938,143.8000030517578,143.69760131835938,143.8000030517578,143.8000030517578,447.0
2025-12-08T16:57:00Z,143.75250244140625,143.75250244140625,143.6699981689453,143.6750030517578,143.6750030517578,2079.0
2025-12-08T16:58:00Z,143.7100067138672,143.7100067138672,143.69000244140625,143.7100067138672,143.7100067138672,1394.0
2025-12-08T16:59:00Z,143.72999572753906,143.7375030517578,143.72999572753906,143.73500061035156,143.73500061035156,571.0
2025-12-08T17:00:00Z,143.74000549316406,143.7449951171875,143.74000549316406,143.74000549316406,143.74000549316406,1331.0
2025-12-08T17:01:00Z,143.7550048828125,143.77499389648438,143.7449951171875,143.7550048828125,143.7550048828125,1301.0
2025-12-08T17:02:00Z,143.7100067138672,143.7100067138672,143.63999938964844,143.63999938964844,143.63999938964844,2430.0
2025-12-08T17:03:00Z,143.6199951171875,143.76499938964844,143.6199951171875,143.72999572753906,143.72999572753906,5021.0
2025-12-08T17:04:00Z,143.69000244140625,143.69000244140625,143.63999938964844,143.63999938964844,143.63999938964844,706.0
2025-12-08T17:05:00Z,143.6300048828125,143.67250061035156,143.60000610351562,143.67250061035156,143.67250061035156,1994.0
2025-12-08T17:07:00Z,143.6649932861328,143.67999267578125,143.6649932861328,143.67999267578125,143.67999267578125,1696.0
2025-12-08T17:08:00Z,143.6699981689453,143.69000244140625,143.6300048828125,143.6750030517578,143.6750030517578,3103.0
2025-12-08T17:09:00Z,143.6875,143.6875,143.6875,143.6875,143.6875,416.0
2025-12-08T17:10:00Z,143.6699981689453,143.72000122070312,143.6699981689453,143.6999969482422,143.6999969482422,3061.0
2025-12-08T17:11:00Z,143.72000122070312,143.7617950439453,143.7050018310547,143.7617950439453,143.7617950439453,2735.0
2025-12-08T17:12:00Z,143.69000244140625,143.75999450683594,143.69000244140625,143.75999450683594,143.75999450683594,1568.0
2025-12-08T17:13:00Z,143.7449951171875,143.7449951171875,143.6999969482422,143.6999969482422,143.6999969482422,1128.0
2025-12-08T17:14:00Z,143.75999450683594,143.75999450683594,143.75,143.75,143.75,669.0
2025-12-08T17:15:00Z,143.75,143.75999450683594,143.71499633789062,143.7274932861328,143.7274932861328,3973.0
2025-12-08T17:16:00Z,143.72500610351562,143.72500610351562,143.6199951171875,143.6699981689453,143.6699981689453,5342.0
2025-12-08T17:17:00Z,143.6999969482422,143.82000732421875,143.6999969482422,143.77999877929688,143.77999877929688,3121.0
2025-12-08T17:18:00Z,143.78500366210938,143.85000610351562,143.78500366210938,143.81500244140625,143.81500244140625,1767.0
2025-12-08T17:19:00Z,143.82000732421875,143.8300018310547,143.7899932861328,143.7899932861328,143.7899932861328,2146.0
2025-12-08T17:20:00Z,143.77999877929688,143.77999877929688,143.72999572753906,143.72999572753906,143.72999572753906,1771.0
2025-12-08T17:21:00Z,143.73500061035156,143.77000427246094,143.73500061035156,143.77000427246094,143.77000427246094,688.0
2025-12-08T17:22:00Z,143.78500366210938,143.78500366210938,143.78500366210938,143.78500366210938,143.78500366210938,439.0
2025-12-08T17:23:00Z,143.7899932861328,143.80499267578125,143.7899932861328,143.80499267578125,143.80499267578125,1405.0
2025-12-08T17:24:00Z,143.80499267578125,143.80499267578125,143.6699981689453,143.6999969482422,143.6999969482422,4459.0
2025-12-08T17:25:00Z,143.6699981689453,143.6699981689453,143.58999633789062,143.58999633789062,143.58999633789062,3824.0
2025-12-08T17:26:00Z,143.57000732421875,143.57000732421875,143.52000427246094,143.52000427246094,143.52000427246094,3708.0
2025-12-08T17:27:00Z,143.58749389648438,143.58749389648438,143.5500030517578,143.5500030517578,143.5500030517578,1272.0
2025-12-08T17:28:00Z,143.5800018310547,143.75999450683594,143.5800018310547,143.72000122070312,143.72000122070312,5518.0
2025-12-08T17:29:00Z,143.8000030517578,143.8000030517578,143.78500366210938,143.78500366210938,143.78500366210938,2514.0
2025-12-08T17:30:00Z,143.75999450683594,143.75999450683594,143.72000122070312,143.72000122070312,143.72000122070312,1184.0
2025-12-08T17:31:00Z,143.72000122070312,143.72000122070312,143.72000122070312,143.72000122070312,143.72000122070312,772.0
2025-12-08T17:32:00Z,143.75,143.75,143.69000244140625,143.72999572753906,143.72999572753906,2653.0
2025-12-08T17:33:00Z,143.72999572753906,143.72999572753906,143.72999572753906,143.72999572753906,143.72999572753906,1046.0
2025-12-08T17:34:00Z,143.74000549316406,143.77999877929688,143.73500061035156,143.77999877929688,143.77999877929688,3159.0
2025-12-08T17:36:00Z,143.7100067138672,143.74000549316406,143.67999267578125,143.72000122070312,143.72000122070312,4462.0
2025-12-08T17:37:00Z,143.67999267578125,143.67999267578125,143.59010314941406,143.63999938964844,143.63999938964844,3974.0
2025-12-08T17:38:00Z,143.63999938964844,143.63999938964844,143.5399932861328,143.60000610351562,143.60000610351562,4212.0
2025-12-08T17:39:00Z,143.5399932861328,143.55999755859375,143.52999877929688,143.55999755859375,143.55999755859375,482.0
2025-12-08T17:40:00Z,143.5399932861328,143.60000610351562,143.52000427246094,143.58999633789062,143.58999633789062,6683.0
2025-12-08T17:41:00Z,143.6199951171875,143.63999938964844,143.60000610351562,143.60000610351562,143.60000610351562,3151.0
2025-12-08T17:42:00Z,143.61500549316406,143.6199951171875,143.61500549316406,143.6199951171875,143.6199951171875,896.0
2025-12-08T17:43:00Z,143.66000366210938,143.66000366210938,143.66000366210938,143.66000366210938,143.66000366210938,709.0
2025-12-08T17:44:00Z,143.64999389648438,143.64999389648438,143.64999389648438,143.64999389648438,143.64999389648438,314.0
2025-12-08T17:45:00Z,143.6199951171875,143.6199951171875,143.61000061035156,143.61000061035156,143.61000061035156,553.0
2025-12-08T17:46:00Z,143.64999389648438,143.64999389648438,143.64999389648438,143.64999389648438,143.64999389648438,1422.0
2025-12-08T17:48:00Z,143.6199951171875,143.65499877929688,143.6199951171875,143.65499877929688,143.65499877929688,535.0
2025-12-08T17:49:00Z,143.65499877929688,143.7100067138672,143.65499877929688,143.7100067138672,143.7100067138672,3541.0
2025-12-08T17:50:00Z,143.72999572753906,143.72999572753906,143.72999572753906,143.72999572753906,143.72999572753906,654.0
2025-12-08T17:51:00Z,143.74000549316406,143.74000549316406,143.74000549316406,143.74000549316406,143.74000549316406,606.0
2025-12-08T17:52:00Z,143.74000549316406,143.74000549316406,143.44000244140625,143.4499969482422,143.4499969482422,8193.0
2025-12-08T17:53:00Z,143.43499755859375,143.5,143.42999267578125,143.42999267578125,143.42999267578125,3627.0
2025-12-08T17:54:00Z,143.4499969482422,143.49000549316406,143.42999267578125,143.47000122070312,143.47000122070312,4362.0
2025-12-08T17:55:00Z,143.4499969482422,143.4600067138672,143.4499969482422,143.4600067138672,143.4600067138672,605.0
2025-12-08T17:56:00Z,143.42999267578125,143.5,143.42999267578125,143.49000549316406,143.49000549316406,3491.0
2025-12-08T17:57:00Z,143.44000244140625,143.44000244140625,143.36500549316406,143.36500549316406,143.36500549316406,1885.0
2025-12-08T17:58:00Z,143.36500549316406,143.4600067138672,143.36500549316406,143.4600067138672,143.4600067138672,2768.0
2025-12-08T17:59:00Z,143.4600067138672,143.47000122070312,143.3800048828125,143.3800048828125,143.3800048828125,2406.0
2025-12-08T18:00:00Z,143.41000366210938,143.46499633789062,143.41000366210938,143.4600067138672,143.4600067138672,1804.0
2025-12-08T18:01:00Z,143.4499969482422,143.47999572753906,143.3699951171875,143.4499969482422,143.4499969482422,4678.0
2025-12-08T18:02:00Z,143.49000549316406,143.49000549316406,143.4250030517578,143.4499969482422,143.4499969482422,1234.0
2025-12-08T18:03:00Z,143.4499969482422,143.50999450683594,143.4499969482422,143.5050048828125,143.5050048828125,3579.0
2025-12-08T18:04:00Z,143.49000549316406,143.49000549316406,143.41000366210938,143.44000244140625,143.44000244140625,850.0
2025-12-08T18:05:00Z,143.4199981689453,143.47000122070312,143.4199981689453,143.4199981689453,143.4199981689453,5888.0
2025-12-08T18:06:00Z,143.49000549316406,143.49000549316406,143.49000549316406,143.49000549316406,143.49000549316406,939.0
2025-12-08T18:07:00Z,143.4199981689453,143.4199981689453,143.4199981689453,143.4199981689453,143.4199981689453,1341.0
2025-12-08T18:08:00Z,143.39999389648438,143.39999389648438,143.32000732421875,143.33999633789062,143.33999633789062,4470.0
2025-12-08T18:09:00Z,143.33999633789062,143.44000244140625,143.33999633789062,143.44000244140625,143.44000244140625,5051.0
2025-12-08T18:10:00Z,143.40499877929688,143.41000366210938,143.40499877929688,143.41000366210938,143.41000366210938,1233.0
2025-12-08T18:13:00Z,143.4149932861328,143.4149932861328,143.33999633789062,143.39999389648438,143.39999389648438,4573.0
2025-12-08T18:14:00Z,143.41000366210938,143.41000366210938,143.41000366210938,143.41000366210938,143.41000366210938,347.0
2025-12-08T18:15:00Z,143.42999267578125,143.44000244140625,143.41000366210938,143.41000366210938,143.41000366210938,2402.0
2025-12-08T18:16:00Z,143.4149932861328,143.4199981689453,143.41000366210938,143.4149932861328,143.4149932861328,1820.0
2025-12-08T18:17:00Z,143.3699951171875,143.48500061035156,143.3699951171875,143.48500061035156,143.48500061035156,5036.0
2025-12-08T18:18:00Z,143.49000549316406,143.49000549316406,143.4243927001953,143.4243927001953,143.4243927001953,2192.0
2025-12-08T18:20:00Z,143.47000122070312,143.47500610351562,143.47000122070312,143.47500610351562,143.47500610351562,709.0
2025-12-08T18:21:00Z,143.42999267578125,143.42999267578125,143.39999389648438,143.39999389648438,143.39999389648438,2349.0
2025-12-08T18:22:00Z,143.39999389648438,143.4199981689453,143.39999389648438,143.41250610351562,143.41250610351562,3526.0
2025-12-08T18:23:00Z,143.3800048828125,143.38499450683594,143.3800048828125,143.38499450683594,143.38499450683594,893.0
2025-12-08T18:24:00Z,143.41000366210938,143.4199981689453,143.3699951171875,143.3800048828125,143.3800048828125,1663.0
2025-12-08T18:25:00Z,143.3800048828125,143.39999389648438,143.36000061035156,143.36000061035156,143.36000061035156,2348.0
2025-12-08T18:26:00Z,143.35000610351562,143.35000610351562,143.3300018310547,143.3300018310547,143.3300018310547,5001.0
2025-12-08T18:28:00Z,143.3000030517578,143.36500549316406,143.23500061035156,143.27000427246094,143.27000427246094,16102.0
2025-12-08T18:29:00Z,143.1699981689453,143.1999969482422,143.1699981689453,143.1999969482422,143.1999969482422,1604.0
2025-12-08T18:32:00Z,143.25,143.25999450683594,143.2375030517578,143.24000549316406,143.24000549316406,2562.0
2025-12-08T18:33:00Z,143.2100067138672,143.2592010498047,143.2100067138672,143.24000549316406,143.24000549316406,1817.0
2025-12-08T18:34:00Z,143.2100067138672,143.2100067138672,143.2100067138672,143.2100067138672,143.2100067138672,328.0
2025-12-08T18:35:00Z,143.1999969482422,143.2100067138672,143.1699981689453,143.20249938964844,143.20249938964844,3556.0
2025-12-08T18:36:00Z,143.22000122070312,143.2899932861328,143.22000122070312,143.2899932861328,143.2899932861328,2370.0
2025-12-08T18:37:00Z,143.27000427246094,143.3699951171875,143.27000427246094,143.3699951171875,143.3699951171875,4240.0
2025-12-08T18:38:00Z,143.3800048828125,143.3874969482422,143.3699951171875,143.38499450683594,143.38499450683594,2223.0
2025-12-08T18:39:00Z,143.41000366210938,143.41000366210938,143.38499450683594,143.40499877929688,143.40499877929688,2736.0
2025-12-08T18:40:00Z,143.39999389648438,143.39999389648438,143.39999389648438,143.39999389648438,143.39999389648438,255.0
2025-12-08T18:41:00Z,143.40499877929688,143.40499877929688,143.35000610351562,143.35000610351562,143.35000610351562,2134.0
2025-12-08T18:42:00Z,143.35000610351562,143.3699951171875,143.33999633789062,143.3699951171875,143.3699951171875,799.0
2025-12-08T18:43:00Z,143.3699951171875,143.44000244140625,143.3699951171875,143.44000244140625,143.44000244140625,2521.0
2025-12-08T18:44:00Z,143.44000244140625,143.44000244140625,143.44000244140625,143.44000244140625,143.44000244140625,655.0
2025-12-08T18:45:00Z,143.47500610351562,143.49000549316406,143.4600067138672,143.49000549316406,143.49000549316406,3069.0
2025-12-08T18:46:00Z,143.51480102539062,143.5399932861328,143.47999572753906,143.47999572753906,143.47999572753906,3858.0
2025-12-08T18:47:00Z,143.4600067138672,143.4600067138672,143.35000610351562,143.35000610351562,143.35000610351562,3374.0
2025-12-08T18:48:00Z,143.35000610351562,143.38999938964844,143.35000610351562,143.3699951171875,143.3699951171875,2599.0
2025-12-08T18:49:00Z,143.41000366210938,143.41000366210938,143.41000366210938,143.41000366210938,143.41000366210938,458.0
2025-12-08T18:50:00Z,143.38999938964844,143.38999938964844,143.3699951171875,143.3699951171875,143.3699951171875,2751.0
2025-12-08T18:51:00Z,143.38999938964844,143.4149932861328,143.3699951171875,143.4149932861328,143.4149932861328,3086.0
2025-12-08T18:52:00Z,143.44000244140625,143.44000244140625,143.35000610351562,143.35000610351562,143.35000610351562,1925.0
2025-12-08T18:53:00Z,143.35000610351562,143.35000610351562,143.34500122070312,143.35000610351562,143.35000610351562,1454.0
2025-12-08T18:54:00Z,143.35000610351562,143.3699951171875,143.3000030517578,143.30999755859375,143.30999755859375,5449.0
2025-12-08T18:55:00Z,143.30999755859375,143.31500244140625,143.27000427246094,143.2899932861328,143.2899932861328,2700.0
2025-12-08T18:56:00Z,143.27000427246094,143.27000427246094,143.14999389648438,143.16000366210938,143.16000366210938,2419.0
2025-12-08T18:57:00Z,143.17999267578125,143.17999267578125,143.08999633789062,143.08999633789062,143.08999633789062,2397.0
2025-12-08T18:58:00Z,143.0749969482422,143.1199951171875,143.0749969482422,143.0800018310547,143.0800018310547,4634.0
2025-12-08T18:59:00Z,143.05999755859375,143.07000732421875,143.0500030517578,143.0500030517578,143.0500030517578,887.0
2025-12-08T19:00:00Z,143.0850067138672,143.11000061035156,143.06500244140625,143.06500244140625,143.06500244140625,1707.0
2025-12-08T19:01:00Z,143.13999938964844,143.1750030517578,143.13999938964844,143.1750030517578,143.1750030517578,574.0
2025-12-08T19:02:00Z,143.0500030517578,143.0500030517578,142.97000122070312,142.99000549316406,142.99000549316406,3954.0
2025-12-08T19:03:00Z,142.99000549316406,143.02000427246094,142.97000122070312,143.02000427246094,143.02000427246094,1261.0
2025-12-08T19:04:00Z,143.02000427246094,143.11000061035156,143.02000427246094,143.11000061035156,143.11000061035156,2944.0
2025-12-08T19:05:00Z,143.11000061035156,143.11399841308594,143.11000061035156,143.11399841308594,143.11399841308594,1660.0
2025-12-08T19:06:00Z,143.14999389648438,143.14999389648438,143.05999755859375,143.0850067138672,143.0850067138672,11652.0
2025-12-08T19:07:00Z,143.13499450683594,143.13499450683594,143.13499450683594,143.13499450683594,143.13499450683594,308.0
2025-12-08T19:08:00Z,143.11000061035156,143.11000061035156,143.07000732421875,143.07000732421875,143.07000732421875,1756.0
2025-12-08T19:09:00Z,143.1300048828125,143.1300048828125,143.1300048828125,143.1300048828125,143.1300048828125,717.0
2025-12-08T19:10:00Z,143.08999633789062,143.09500122070312,143.07000732421875,143.08999633789062,143.08999633789062,2076.0
2025-12-08T19:11:00Z,143.08999633789062,143.1199951171875,143.0800018310547,143.10499572753906,143.10499572753906,3627.0
2025-12-08T19:12:00Z,143.1074981689453,143.1199951171875,143.1074981689453,143.1199951171875,143.1199951171875,1765.0
2025-12-08T19:13:00Z,143.125,143.16000366210938,143.0800018310547,143.0850067138672,143.0850067138672,4477.0
2025-12-08T19:14:00Z,143.05999755859375,143.0800018310547,143.0500030517578,143.0500030517578,143.0500030517578,2623.0
2025-12-08T19:15:00Z,143.0500030517578,143.0500030517578,143.02000427246094,143.02000427246094,143.02000427246094,1378.0
2025-12-08T19:16:00Z,143.02000427246094,143.03500366210938,142.99000549316406,143.0,143.0,2393.0
2025-12-08T19:17:00Z,142.97999572753906,142.97999572753906,142.9600067138672,142.97999572753906,142.97999572753906,818.0
2025-12-08T19:18:00Z,142.97999572753906,143.05999755859375,142.97999572753906,143.05999755859375,143.05999755859375,4261.0
2025-12-08T19:19:00Z,143.0500030517578,143.0500030517578,143.0500030517578,143.0500030517578,143.0500030517578,137.0
2025-12-08T19:20:00Z,143.09500122070312,143.13999938964844,143.09500122070312,143.13999938964844,143.13999938964844,3080.0
2025-12-08T19:21:00Z,143.10000610351562,143.10000610351562,143.00999450683594,143.00999450683594,143.00999450683594,3891.0
2025-12-08T19:22:00Z,143.02999877929688,143.0399932861328,142.99000549316406,142.99000549316406,142.99000549316406,2455.0
2025-12-08T19:23:00Z,142.9635009765625,142.99000549316406,142.9499969482422,142.9600067138672,142.9600067138672,4962.0
2025-12-08T19:24:00Z,142.9199981689453,142.9199981689453,142.91000366210938,142.9199981689453,142.9199981689453,774.0
2025-12-08T19:25:00Z,142.9199981689453,142.9199981689453,142.86000061035156,142.86000061035156,142.86000061035156,1780.0
2025-12-08T19:26:00Z,142.875,142.9199981689453,142.875,142.88999938964844,142.88999938964844,3130.0
2025-12-08T19:27:00Z,142.92750549316406,142.9600067138672,142.92750549316406,142.92999267578125,142.92999267578125,1109.0
2025-12-08T19:28:00Z,142.92999267578125,142.92999267578125,142.92999267578125,142.92999267578125,142.92999267578125,1035.0
2025-12-08T19:29:00Z,142.97000122070312,142.97000122070312,142.94000244140625,142.94000244140625,142.94000244140625,837.0
2025-12-08T19:30:00Z,142.94000244140625,143.0500030517578,142.92999267578125,143.0399932861328,143.0399932861328,3504.0
2025-12-08T19:31:00Z,143.02999877929688,143.02999877929688,143.0,143.00999450683594,143.00999450683594,1366.0
2025-12-08T19:32:00Z,142.97999572753906,142.97999572753906,142.9499969482422,142.9499969482422,142.9499969482422,1605.0
2025-12-08T19:34:00Z,142.97999572753906,142.99000549316406,142.92999267578125,142.97000122070312,142.97000122070312,2692.0
2025-12-08T19:35:00Z,142.97000122070312,142.97000122070312,142.94000244140625,142.97000122070312,142.97000122070312,2736.0
2025-12-08T19:36:00Z,142.94000244140625,142.96279907226562,142.88999938964844,142.9199981689453,142.9199981689453,6676.0
2025-12-08T19:37:00Z,142.94000244140625,143.02499389648438,142.94000244140625,143.0,143.0,3039.0
2025-12-08T19:38:00Z,142.99000549316406,142.99000549316406,142.9499969482422,142.9499969482422,142.9499969482422,1606.0
2025-12-08T19:39:00Z,142.97000122070312,142.97000122070312,142.92999267578125,142.92999267578125,142.92999267578125,1289.0
2025-12-08T19:40:00Z,142.9199981689453,142.97000122070312,142.9199981689453,142.96499633789062,142.96499633789062,2838.0
2025-12-08T19:41:00Z,142.99000549316406,143.0,142.94000244140625,142.97999572753906,142.97999572753906,2969.0
2025-12-08T19:42:00Z,142.97000122070312,142.99000549316406,142.9199981689453,142.9199981689453,142.9199981689453,3789.0
2025-12-08T19:43:00Z,142.91000366210938,142.9149932861328,142.8800048828125,142.8800048828125,142.8800048828125,984.0
2025-12-08T19:44:00Z,142.9149932861328,142.9375,142.89999389648438,142.9250030517578,142.9250030517578,2358.0
2025-12-08T19:45:00Z,142.89999389648438,142.91000366210938,142.86000061035156,142.86000061035156,142.86000061035156,3485.0
2025-12-08T19:46:00Z,142.86000061035156,142.86000061035156,142.77999877929688,142.80999755859375,142.80999755859375,5149.0
2025-12-08T19:47:00Z,142.80999755859375,142.80999755859375,142.77999877929688,142.77999877929688,142.77999877929688,3674.0
2025-12-08T19:48:00Z,142.77000427246094,142.77000427246094,142.72000122070312,142.75,142.75,2959.0
2025-12-08T19:49:00Z,142.75,142.7899932861328,142.72000122070312,142.77999877929688,142.77999877929688,9722.0
2025-12-08T19:50:00Z,142.77999877929688,142.77999877929688,142.75,142.75,142.75,1521.0
2025-12-08T19:51:00Z,142.75,142.75999450683594,142.72999572753906,142.73500061035156,142.73500061035156,3347.0
2025-12-08T19:52:00Z,142.75,142.75999450683594,142.72999572753906,142.75999450683594,142.75999450683594,1340.0
2025-12-08T19:53:00Z,142.75,142.75,142.6699981689453,142.6699981689453,142.6699981689453,1652.0
2025-12-08T19:54:00Z,142.7100067138672,142.75,142.6699981689453,142.75,142.75,5669.0
2025-12-08T19:55:00Z,142.75,142.75,142.64500427246094,142.66000366210938,142.66000366210938,3229.0
2025-12-08T19:56:00Z,142.64500427246094,142.64500427246094,142.5800018310547,142.5800018310547,142.5800018310547,2077.0
2025-12-08T19:57:00Z,142.59500122070312,142.63999938964844,142.5800018310547,142.58999633789062,142.58999633789062,9578.0
2025-12-08T19:58:00Z,142.59500122070312,142.6199951171875,142.59500122070312,142.59500122070312,142.59500122070312,1968.0
2025-12-08T19:59:00Z,142.57000732421875,142.5850067138672,142.55999755859375,142.55999755859375,142.55999755859375,1954.0
2025-12-08T20:00:00Z,142.57000732421875,142.6300048828125,142.55999755859375,142.57000732421875,142.57000732421875,6339.0
2025-12-08T20:01:00Z,142.5850067138672,142.59750366210938,142.55999755859375,142.5749969482422,142.5749969482422,3109.0
2025-12-08T20:02:00Z,142.5500030517578,142.5800018310547,142.52999877929688,142.5800018310547,142.5800018310547,7590.0
2025-12-08T20:03:00Z,142.5800018310547,142.61000061035156,142.5625,142.61000061035156,142.61000061035156,1197.0
2025-12-08T20:04:00Z,142.61000061035156,142.61000061035156,142.57000732421875,142.60499572753906,142.60499572753906,2241.0
2025-12-08T20:05:00Z,142.5800018310547,142.61000061035156,142.57000732421875,142.58999633789062,142.58999633789062,3793.0
2025-12-08T20:06:00Z,142.57000732421875,142.57000732421875,142.57000732421875,142.57000732421875,142.57000732421875,664.0
2025-12-08T20:07:00Z,142.57000732421875,142.57000732421875,142.47000122070312,142.5399932861328,142.5399932861328,8209.0
2025-12-08T20:08:00Z,142.60000610351562,142.66000366210938,142.5800018310547,142.5800018310547,142.5800018310547,5258.0
2025-12-08T20:09:00Z,142.58999633789062,142.60000610351562,142.47000122070312,142.47999572753906,142.47999572753906,3686.0
2025-12-08T20:10:00Z,142.5050048828125,142.5050048828125,142.4600067138672,142.47000122070312,142.47000122070312,2334.0
2025-12-08T20:11:00Z,142.47500610351562,142.47500610351562,142.3800048828125,142.3800048828125,142.3800048828125,4102.0
2025-12-08T20:12:00Z,142.3800048828125,142.47999572753906,142.33999633789062,142.47999572753906,142.47999572753906,13357.0
2025-12-08T20:13:00Z,142.48500061035156,142.4875030517578,142.39999389648438,142.39999389648438,142.39999389648438,4120.0
2025-12-08T20:14:00Z,142.39999389648438,142.4499969482422,142.3800048828125,142.3800048828125,142.3800048828125,15643.0
2025-12-08T20:15:00Z,142.3800048828125,142.44000244140625,142.36000061035156,142.4199981689453,142.4199981689453,9336.0
2025-12-08T20:16:00Z,142.41000366210938,142.42999267578125,142.39999389648438,142.42999267578125,142.42999267578125,3597.0
2025-12-08T20:17:00Z,142.42999267578125,142.47999572753906,142.4199981689453,142.44000244140625,142.44000244140625,8480.0
2025-12-08T20:18:00Z,142.41000366210938,142.52999877929688,142.41000366210938,142.52999877929688,142.52999877929688,8029.0
2025-12-08T20:19:00Z,142.5749969482422,142.6699981689453,142.5399932861328,142.6020050048828,142.6020050048828,10713.0
2025-12-08T20:20:00Z,142.60000610351562,142.625,142.58999633789062,142.625,142.625,5841.0
2025-12-08T20:21:00Z,142.58999633789062,142.58999633789062,142.4600067138672,142.4600067138672,142.4600067138672,5303.0
2025-12-08T20:22:00Z,142.4600067138672,142.60499572753906,142.4600067138672,142.5659942626953,142.5659942626953,26250.0
2025-12-08T20:23:00Z,142.60499572753906,142.6300048828125,142.57000732421875,142.625,142.625,6554.0
2025-12-08T20:24:00Z,142.625,142.66000366210938,142.61000061035156,142.63999938964844,142.63999938964844,6142.0
2025-12-08T20:25:00Z,142.63999938964844,142.7550048828125,142.6199951171875,142.7550048828125,142.7550048828125,9878.0
2025-12-08T20:26:00Z,142.72999572753906,142.74000549316406,142.67999267578125,142.69000244140625,142.69000244140625,4760.0
2025-12-08T20:27:00Z,142.69000244140625,142.6999969482422,142.5500030517578,142.5500030517578,142.5500030517578,15895.0
2025-12-08T20:28:00Z,142.55499267578125,142.55999755859375,142.47500610351562,142.47500610351562,142.47500610351562,3458.0
2025-12-08T20:29:00Z,142.52000427246094,142.5449981689453,142.4600067138672,142.49000549316406,142.49000549316406,7633.0
2025-12-08T20:30:00Z,142.53500366210938,142.53500366210938,142.33999633789062,142.35000610351562,142.35000610351562,10560.0
2025-12-08T20:31:00Z,142.35000610351562,142.35000610351562,142.17999267578125,142.30499267578125,142.30499267578125,10577.0
2025-12-08T20:32:00Z,142.30499267578125,142.35000610351562,142.25999450683594,142.30999755859375,142.30999755859375,5384.0
2025-12-08T20:33:00Z,142.27999877929688,142.35000610351562,142.27000427246094,142.35000610351562,142.35000610351562,7242.0
2025-12-08T20:34:00Z,142.39999389648438,142.4600067138672,142.39999389648438,142.44000244140625,142.44000244140625,2961.0
2025-12-08T20:35:00Z,142.4149932861328,142.4149932861328,142.24000549316406,142.2899932861328,142.2899932861328,24320.0
2025-12-08T20:36:00Z,142.3800048828125,142.51499938964844,142.3800048828125,142.47999572753906,142.47999572753906,2724.0
2025-12-08T20:37:00Z,142.50999450683594,142.58999633789062,142.49000549316406,142.58999633789062,142.58999633789062,7803.0
2025-12-08T20:38:00Z,142.50999450683594,142.61500549316406,142.50999450683594,142.61500549316406,142.61500549316406,2534.0
2025-12-08T20:39:00Z,142.5399932861328,142.57000732421875,142.47999572753906,142.47999572753906,142.47999572753906,7244.0
2025-12-08T20:40:00Z,142.47999572753906,142.5,142.4199981689453,142.44000244140625,142.44000244140625,12116.0
2025-12-08T20:41:00Z,142.5399932861328,142.5399932861328,142.47000122070312,142.5,142.5,4624.0
2025-12-08T20:42:00Z,142.47999572753906,142.57000732421875,142.47000122070312,142.52999877929688,142.52999877929688,8434.0
2025-12-08T20:43:00Z,142.57000732421875,142.61000061035156,142.55450439453125,142.61000061035156,142.61000061035156,3440.0
2025-12-08T20:44:00Z,142.61000061035156,142.61000061035156,142.5,142.52999877929688,142.52999877929688,12842.0
2025-12-08T20:45:00Z,142.52499389648438,142.5500030517578,142.47000122070312,142.47000122070312,142.47000122070312,14470.0
2025-12-08T20:46:00Z,142.47000122070312,142.50999450683594,142.4499969482422,142.47000122070312,142.47000122070312,7309.0
2025-12-08T20:47:00Z,142.47999572753906,142.50999450683594,142.38999938964844,142.41000366210938,142.41000366210938,24324.0
2025-12-08T20:48:00Z,142.4199981689453,142.5,142.3699951171875,142.49000549316406,142.49000549316406,19684.0
2025-12-08T20:49:00Z,142.49000549316406,142.55999755859375,142.49000549316406,142.50999450683594,142.50999450683594,11287.0
2025-12-08T20:50:00Z,142.5500030517578,142.59500122070312,142.47999572753906,142.50999450683594,142.50999450683594,24053.0
2025-12-08T20:51:00Z,142.50999450683594,142.50999450683594,142.4199981689453,142.46499633789062,142.46499633789062,22314.0
2025-12-08T20:52:00Z,142.47999572753906,142.5,142.42999267578125,142.44749450683594,142.44749450683594,15766.0
2025-12-08T20:53:00Z,142.44500732421875,142.4600067138672,142.3800048828125,142.38499450683594,142.38499450683594,21066.0
2025-12-08T20:54:00Z,142.38999938964844,142.38999938964844,142.27999877929688,142.3350067138672,142.3350067138672,33567.0
2025-12-08T20:55:00Z,142.35000610351562,142.4199981689453,142.3000030517578,142.4199981689453,142.4199981689453,33336.0
2025-12-08T20:56:00Z,142.39999389648438,142.42999267578125,142.3300018310547,142.35000610351562,142.35000610351562,43568.0
2025-12-08T20:57:00Z,142.35000610351562,142.4600067138672,142.2899932861328,142.38999938964844,142.38999938964844,54054.0
2025-12-08T20:58:00Z,142.3699951171875,142.41000366210938,142.2899932861328,142.30999755859375,142.30999755859375,73620.0
2025-12-08T20:59:00Z,142.3300018310547,142.49000549316406,142.3300018310547,142.49000549316406,142.49000549316406,100544.0
