timestamp,open,high,low,close,adj_close,volume
2025-11-11T14:30:00Z,367.8900146484375,368.44500732421875,367.8800048828125,368.260009765625,368.260009765625,20915.0
2025-11-11T14:31:00Z,368.0849914550781,368.32000732421875,367.8999938964844,368.0400085449219,368.0400085449219,9228.0
2025-11-11T14:32:00Z,368.2799987792969,368.4200134277344,367.0,367.04998779296875,367.04998779296875,6740.0
2025-11-11T14:33:00Z,367.0899963378906,367.4200134277344,367.0083923339844,367.0899963378906,367.0899963378906,2092.0
2025-11-11T14:34:00Z,367.1000061035156,367.55499267578125,366.9548034667969,367.2850036621094,367.2850036621094,3816.0
2025-11-11T14:35:00Z,367.010009765625,367.010009765625,366.55999755859375,366.92449951171875,366.92449951171875,2921.0
2025-11-11T14:36:00Z,367.05999755859375,367.19000244140625,367.0249938964844,367.0249938964844,367.0249938964844,674.0
2025-11-11T14:37:00Z,367.19000244140625,367.19000244140625,366.3900146484375,366.7825012207031,366.7825012207031,6937.0
2025-11-11T14:38:00Z,366.5,367.19500732421875,366.260009765625,367.19500732421875,367.19500732421875,4483.0
2025-11-11T14:39:00Z,367.1449890136719,367.3550109863281,367.06500244140625,367.239990234375,367.239990234375,2375.0
2025-11-11T14:40:00Z,367.12249755859375,367.2099914550781,366.9549865722656,366.9800109863281,366.9800109863281,2329.0
2025-11-11T14:41:00Z,366.7300109863281,367.0,366.6700134277344,366.94000244140625,366.94000244140625,7458.0
2025-11-11T14:42:00Z,367.0899963378906,367.0899963378906,366.95001220703125,367.0299987792969,367.0299987792969,1616.0
2025-11-11T14:43:00Z,367.260009765625,367.2799987792969,366.92498779296875,366.92498779296875,366.92498779296875,2878.0
2025-11-11T14:44:00Z,367.1000061035156,367.17999267578125,366.80999755859375,367.05999755859375,367.05999755859375,4928.0
2025-11-11T14:45:00Z,367.0,367.17999267578125,366.7900085449219,367.0199890136719,367.0199890136719,17386.0
2025-11-11T14:46:00Z,367.17999267578125,367.26190185546875,367.0350036621094,367.1570129394531,367.1570129394531,4133.0
2025-11-11T14:47:00Z,367.1300048828125,367.5039978027344,367.0,367.30999755859375,367.30999755859375,9852.0
2025-11-11T14:48:00Z,367.30999755859375,367.42999267578125,366.95001220703125,367.0625,367.0625,3984.0
2025-11-11T14:49:00Z,367.05499267578125,367.2300109863281,366.95001220703125,367.1700134277344,367.1700134277344,6621.0
2025-11-11T14:50:00Z,367.2300109863281,367.70001220703125,367.2200012207031,367.70001220703125,367.70001220703125,1861.0
2025-11-11T14:51:00Z,367.5799865722656,367.7749938964844,367.5799865722656,367.7749938964844,367.7749938964844,2056.0
2025-11-11T14:52:00Z,367.7699890136719,367.8900146484375,367.489990234375,367.7950134277344,367.7950134277344,5160.0
2025-11-11T14:53:00Z,367.8800048828125,368.1000061035156,367.80999755859375,367.9800109863281,367.9800109863281,2894.0
2025-11-11T14:54:00Z,368.1189880371094,368.57000732421875,368.1099853515625,368.42498779296875,368.42498779296875,1571.0
2025-11-11T14:55:00Z,368.42498779296875,368.42498779296875,368.0400085449219,368.17999267578125,368.17999267578125,4027.0
2025-11-11T14:56:00Z,368.3699951171875,368.6099853515625,368.32501220703125,368.5400085449219,368.5400085449219,2054.0
2025-11-11T14:57:00Z,368.6199951171875,368.80999755859375,368.6199951171875,368.80499267578125,368.80499267578125,841.0
2025-11-11T14:58:00Z,368.80999755859375,369.0,368.79998779296875,368.8900146484375,368.8900146484375,2342.0
2025-11-11T14:59:00Z,368.885009765625,369.07000732421875,368.885009765625,368.95001220703125,368.95001220703125,1596.0
2025-11-11T15:00:00Z,368.94000244140625,368.95001220703125,368.6000061035156,368.7601013183594,368.7601013183594,3140.0
2025-11-11T15:01:00Z,368.6099853515625,368.92999267578125,368.6099853515625,368.82501220703125,368.82501220703125,3116.0
2025-11-11T15:02:00Z,368.739990234375,368.8800048828125,368.69000244140625,368.75,368.75,3305.0
2025-11-11T15:03:00Z,368.8399963378906,368.92999267578125,368.42999267578125,368.42999267578125,368.42999267578125,2831.0
2025-11-11T15:04:00Z,368.4700012207031,368.54998779296875,368.4624938964844,368.4624938964844,368.4624938964844,2406.0
2025-11-11T15:05:00Z,368.54998779296875,368.6000061035156,368.36279296875,368.48150634765625,368.48150634765625,1147.0
2025-11-11T15:06:00Z,368.4949951171875,368.7099914550781,368.07000732421875,368.6400146484375,368.6400146484375,6253.0
2025-11-11T15:07:00Z,368.54998779296875,369.2300109863281,368.54998779296875,369.2300109863281,369.2300109863281,5524.0
2025-11-11T15:08:00Z,369.57000732421875,369.57000732421875,369.57000732421875,369.57000732421875,369.57000732421875,526.0
2025-11-11T15:09:00Z,369.57000732421875,369.57000732421875,369.2799987792969,369.3399963378906,369.3399963378906,2136.0
2025-11-11T15:10:00Z,369.1199951171875,369.20001220703125,368.8500061035156,369.1099853515625,369.1099853515625,3675.0
2025-11-11T15:11:00Z,369.1099853515625,369.1099853515625,368.9100036621094,368.9150085449219,368.9150085449219,749.0
2025-11-11T15:12:00Z,368.9150085449219,368.989990234375,368.67999267578125,368.67999267578125,368.67999267578125,1748.0
2025-11-11T15:13:00Z,368.6700134277344,368.7699890136719,368.3800048828125,368.489990234375,368.489990234375,4358.0
2025-11-11T15:14:00Z,368.489990234375,368.489990234375,368.0837097167969,368.19000244140625,368.19000244140625,1833.0
2025-11-11T15:15:00Z,368.19000244140625,368.19000244140625,367.635009765625,367.67999267578125,367.67999267578125,3228.0
2025-11-11T15:16:00Z,367.6199951171875,367.8800048828125,367.489990234375,367.5899963378906,367.5899963378906,1906.0
2025-11-11T15:17:00Z,367.5199890136719,367.7099914550781,367.5199890136719,367.55999755859375,367.55999755859375,3929.0
2025-11-11T15:18:00Z,367.7099914550781,367.8900146484375,367.70001220703125,367.8299865722656,367.8299865722656,1394.0
2025-11-11T15:19:00Z,367.8299865722656,367.8485107421875,367.8299865722656,367.8485107421875,367.8485107421875,727.0
2025-11-11T15:20:00Z,367.8349914550781,368.2799987792969,367.8349914550781,368.1600036621094,368.1600036621094,3577.0
2025-11-11T15:21:00Z,367.95001220703125,368.1061096191406,367.95001220703125,367.9624938964844,367.9624938964844,3135.0
2025-11-11T15:22:00Z,368.1099853515625,368.54998779296875,368.0874938964844,368.4049987792969,368.4049987792969,3192.0
2025-11-11T15:23:00Z,368.4800109863281,368.4800109863281,368.239990234375,368.239990234375,368.239990234375,763.0
2025-11-11T15:24:00Z,368.45001220703125,368.4700012207031,368.4082946777344,368.4082946777344,368.4082946777344,838.0
2025-11-11T15:25:00Z,368.4750061035156,368.8900146484375,368.45001220703125,368.8900146484375,368.8900146484375,3740.0
2025-11-11T15:26:00Z,368.8800048828125,368.8800048828125,368.6700134277344,368.8359069824219,368.8359069824219,3331.0
2025-11-11T15:27:00Z,369.0,369.1499938964844,368.8901062011719,369.1499938964844,369.1499938964844,3345.0
2025-11-11T15:28:00Z,369.1700134277344,369.19000244140625,369.1600036621094,369.1600036621094,369.1600036621094,1030.0
2025-11-11T15:29:00Z,369.14849853515625,369.239990234375,369.0199890136719,369.0199890136719,369.0199890136719,3146.0
2025-11-11T15:30:00Z,369.0350036621094,369.57000732421875,369.0299987792969,369.4549865722656,369.4549865722656,2769.0
2025-11-11T15:31:00Z,369.6700134277344,369.7699890136719,369.5400085449219,369.69000244140625,369.69000244140625,4787.0
2025-11-11T15:32:00Z,369.69000244140625,369.82000732421875,369.5199890136719,369.6700134277344,369.6700134277344,2519.0
2025-11-11T15:33:00Z,369.6000061035156,369.6700134277344,369.4649963378906,369.4649963378906,369.4649963378906,2032.0
2025-11-11T15:34:00Z,369.57000732421875,369.80999755859375,369.5444030761719,369.7250061035156,369.7250061035156,3603.0
2025-11-11T15:35:00Z,369.82000732421875,370.0,369.82000732421875,369.9150085449219,369.9150085449219,3361.0
2025-11-11T15:36:00Z,369.9150085449219,369.9599914550781,369.3800048828125,369.3800048828125,369.3800048828125,4299.0
2025-11-11T15:37:00Z,369.2099914550781,369.4056091308594,369.0799865722656,369.4056091308594,369.4056091308594,3874.0
2025-11-11T15:38:00Z,369.409912109375,369.54998779296875,369.23199462890625,369.23199462890625,369.23199462890625,2203.0
2025-11-11T15:39:00Z,369.6654968261719,369.739990234375,369.45001220703125,369.6600036621094,369.6600036621094,1353.0
2025-11-11T15:40:00Z,369.6650085449219,369.8599853515625,369.6600036621094,369.8599853515625,369.8599853515625,1400.0
2025-11-11T15:41:00Z,369.8699951171875,370.3900146484375,369.75,370.3900146484375,370.3900146484375,8584.0
2025-11-11T15:42:00Z,370.3299865722656,370.4200134277344,369.9599914550781,369.9599914550781,369.9599914550781,3580.0
2025-11-11T15:43:00Z,370.07000732421875,370.0899963378906,369.6300048828125,369.6300048828125,369.6300048828125,3828.0
2025-11-11T15:44:00Z,369.7349853515625,369.9800109863281,369.7349853515625,369.9800109863281,369.9800109863281,1534.0
2025-11-11T15:45:00Z,370.0299987792969,370.260009765625,370.0299987792969,370.260009765625,370.260009765625,2442.0
2025-11-11T15:46:00Z,370.2850036621094,370.2850036621094,370.0,370.1099853515625,370.1099853515625,2234.0
2025-11-11T15:47:00Z,370.1099853515625,370.19000244140625,370.0799865722656,370.1600036621094,370.1600036621094,2452.0
2025-11-11T15:48:00Z,370.32000732421875,370.3500061035156,370.17010498046875,370.17010498046875,370.17010498046875,1972.0
2025-11-11T15:49:00Z,370.26019287109375,370.3599853515625,370.26019287109375,370.30999755859375,370.30999755859375,1324.0
2025-11-11T15:50:00Z,370.29998779296875,370.29998779296875,370.010009765625,370.05999755859375,370.05999755859375,4253.0
2025-11-11T15:51:00Z,370.0299987792969,370.0299987792969,369.92999267578125,370.0,370.0,2733.0
2025-11-11T15:52:00Z,369.9949951171875,370.2200012207031,369.9949951171875,370.1099853515625,370.1099853515625,2537.0
2025-11-11T15:53:00Z,370.010009765625,370.30999755859375,369.9200134277344,370.2850036621094,370.2850036621094,2845.0
2025-11-11T15:54:00Z,370.29998779296875,370.3999938964844,370.20001220703125,370.3999938964844,370.3999938964844,1964.0
2025-11-11T15:55:00Z,370.3699951171875,370.5350036621094,370.3699951171875,370.3999938964844,370.3999938964844,4218.0
2025-11-11T15:56:00Z,370.3800048828125,370.42999267578125,370.29998779296875,370.3800048828125,370.3800048828125,2854.0
2025-11-11T15:57:00Z,370.30999755859375,370.3175048828125,370.114990234375,370.2149963378906,370.2149963378906,2783.0
2025-11-11T15:58:00Z,370.2149963378906,370.375,370.1199951171875,370.375,370.375,1793.0
2025-11-11T15:59:00Z,370.375,370.4302062988281,370.260009765625,370.3450012207031,370.3450012207031,2935.0
2025-11-11T16:00:00Z,370.3699951171875,370.6400146484375,370.3699951171875,370.6400146484375,370.6400146484375,2463.0
2025-11-11T16:01:00Z,370.52459716796875,370.52459716796875,370.29998779296875,370.45001220703125,370.45001220703125,6408.0
2025-11-11T16:02:00Z,370.5299987792969,370.80999755859375,370.5150146484375,370.80999755859375,370.80999755859375,5083.0
2025-11-11T16:03:00Z,370.7250061035156,370.95001220703125,370.7250061035156,370.82000732421875,370.82000732421875,2876.0
2025-11-11T16:04:00Z,370.8550109863281,371.1300048828125,370.7799987792969,371.06500244140625,371.06500244140625,4986.0
2025-11-11T16:05:00Z,371.07501220703125,371.1000061035156,370.82000732421875,370.9049987792969,370.9049987792969,9075.0
2025-11-11T16:06:00Z,370.79998779296875,370.79998779296875,370.4200134277344,370.510009765625,370.510009765625,6788.0
2025-11-11T16:07:00Z,370.6199951171875,370.6600036621094,370.42999267578125,370.56500244140625,370.56500244140625,11547.0
2025-11-11T16:08:00Z,370.56500244140625,370.7699890136719,370.3053894042969,370.3053894042969,370.3053894042969,4598.0
2025-11-11T16:09:00Z,370.3900146484375,370.4700012207031,370.2799987792969,370.3500061035156,370.3500061035156,2184.0
2025-11-11T16:10:00Z,370.3699951171875,370.3699951171875,369.92999267578125,370.0502014160156,370.0502014160156,3623.0
2025-11-11T16:11:00Z,370.0350036621094,370.49481201171875,369.989990234375,370.43499755859375,370.43499755859375,16718.0
2025-11-11T16:12:00Z,370.43499755859375,370.43499755859375,370.2200012207031,370.2900085449219,370.2900085449219,2898.0
2025-11-11T16:13:00Z,370.3550109863281,370.385009765625,370.3500061035156,370.385009765625,370.385009765625,2377.0
2025-11-11T16:14:00Z,370.489990234375,370.6790771484375,370.4800109863281,370.4800109863281,370.4800109863281,7276.0
2025-11-11T16:15:00Z,370.5299987792969,370.7799987792969,370.4100036621094,370.7521057128906,370.7521057128906,4372.0
2025-11-11T16:16:00Z,370.7699890136719,370.8999938964844,370.7099914550781,370.7550048828125,370.7550048828125,4379.0
2025-11-11T16:17:00Z,370.75,370.8999938964844,370.69000244140625,370.7300109863281,370.7300109863281,2802.0
2025-11-11T16:18:00Z,370.7261962890625,370.92999267578125,370.70001220703125,370.92999267578125,370.92999267578125,5272.0
2025-11-11T16:19:00Z,370.95001220703125,371.2489929199219,370.95001220703125,371.1499938964844,371.1499938964844,2028.0
2025-11-11T16:20:00Z,371.0299987792969,371.0299987792969,370.8800048828125,370.8800048828125,370.8800048828125,1650.0
2025-11-11T16:21:00Z,371.05999755859375,371.05999755859375,370.92010498046875,371.0400085449219,371.0400085449219,701.0
2025-11-11T16:22:00Z,370.9200134277344,371.1700134277344,370.9200134277344,371.0400085449219,371.0400085449219,3445.0
2025-11-11T16:23:00Z,370.9100036621094,371.1499938964844,370.9100036621094,371.0350036621094,371.0350036621094,2840.0
2025-11-11T16:24:00Z,370.96270751953125,371.04998779296875,370.885009765625,371.0400085449219,371.0400085449219,2129.0
2025-11-11T16:25:00Z,370.95001220703125,371.1499938964844,370.95001220703125,371.1499938964844,371.1499938964844,4686.0
2025-11-11T16:26:00Z,371.1449890136719,371.2799987792969,370.9700012207031,370.9700012207031,370.9700012207031,1791.0
2025-11-11T16:27:00Z,371.0249938964844,371.0899963378906,370.8399963378906,370.9200134277344,370.9200134277344,1045.0
2025-11-11T16:28:00Z,370.9200134277344,370.9989013671875,370.8299865722656,370.8299865722656,370.8299865722656,2143.0
2025-11-11T16:29:00Z,370.7300109863281,370.739990234375,370.6300048828125,370.739990234375,370.739990234375,1664.0
2025-11-11T16:30:00Z,370.70001220703125,370.9200134277344,370.6700134277344,370.9200134277344,370.9200134277344,3118.0
2025-11-11T16:31:00Z,371.010009765625,371.2900085449219,371.010009765625,371.1600036621094,371.1600036621094,2052.0
2025-11-11T16:32:00Z,371.1499938964844,371.1499938964844,371.0400085449219,371.0400085449219,371.0400085449219,879.0
2025-11-11T16:33:00Z,371.08599853515625,371.239990234375,371.0,371.239990234375,371.239990234375,2091.0
2025-11-11T16:34:00Z,371.1199951171875,371.1700134277344,370.9649963378906,370.9649963378906,370.9649963378906,3462.0
2025-11-11T16:35:00Z,370.94000244140625,371.0098876953125,370.69000244140625,370.69000244140625,370.69000244140625,1656.0
2025-11-11T16:36:00Z,370.68499755859375,370.7651062011719,370.68499755859375,370.7049865722656,370.7049865722656,1289.0
2025-11-11T16:37:00Z,370.7049865722656,370.8800048828125,370.7049865722656,370.7799987792969,370.7799987792969,2905.0
2025-11-11T16:38:00Z,370.8450012207031,370.8450012207031,370.6499938964844,370.68499755859375,370.68499755859375,1978.0
2025-11-11T16:39:00Z,370.68499755859375,370.68499755859375,370.5899963378906,370.5899963378906,370.5899963378906,387.0
2025-11-11T16:40:00Z,370.68499755859375,370.68499755859375,370.3500061035156,370.36248779296875,370.36248779296875,2601.0
2025-11-11T16:41:00Z,370.3699951171875,370.5849914550781,370.3699951171875,370.5849914550781,370.5849914550781,1255.0
2025-11-11T16:42:00Z,370.55120849609375,370.8999938964844,370.55120849609375,370.8599853515625,370.8599853515625,2288.0
2025-11-11T16:43:00Z,370.989990234375,371.1000061035156,370.7300109863281,370.989990234375,370.989990234375,2276.0
2025-11-11T16:44:00Z,370.9800109863281,371.2900085449219,370.9750061035156,371.2900085449219,371.2900085449219,2305.0
2025-11-11T16:45:00Z,371.29998779296875,371.44989013671875,371.0849914550781,371.18450927734375,371.18450927734375,2690.0
2025-11-11T16:46:00Z,371.135009765625,371.2200012207031,371.135009765625,371.2200012207031,371.2200012207031,806.0
2025-11-11T16:47:00Z,371.19000244140625,371.3999938964844,371.19000244140625,371.2571105957031,371.2571105957031,2761.0
2025-11-11T16:48:00Z,371.2699890136719,371.2699890136719,371.20001220703125,371.25,371.25,1309.0
2025-11-11T16:49:00Z,371.2049865722656,371.4100036621094,371.19000244140625,371.19000244140625,371.19000244140625,6008.0
2025-11-11T16:50:00Z,371.1300048828125,371.1300048828125,371.1000061035156,371.1000061035156,371.1000061035156,511.0
2025-11-11T16:51:00Z,371.1449890136719,371.1700134277344,371.05999755859375,371.05999755859375,371.05999755859375,1853.0
2025-11-11T16:52:00Z,371.0000915527344,371.0000915527344,370.7749938964844,370.8500061035156,370.8500061035156,1502.0
2025-11-11T16:53:00Z,370.8500061035156,371.25,370.82000732421875,371.25,371.25,5410.0
2025-11-11T16:54:00Z,371.260009765625,371.2850036621094,371.0,371.0,371.0,3168.0
2025-11-11T16:55:00Z,371.125,371.125,371.1000061035156,371.114990234375,371.114990234375,816.0
2025-11-11T16:56:00Z,371.1000061035156,371.2300109863281,371.05999755859375,371.2250061035156,371.2250061035156,2808.0
2025-11-11T16:57:00Z,371.25,371.4200134277344,371.25,371.25,371.25,2512.0
2025-11-11T16:58:00Z,371.30999755859375,371.30999755859375,371.010009765625,371.010009765625,371.010009765625,1978.0
2025-11-11T16:59:00Z,370.9649963378906,370.9649963378906,370.875,370.92999267578125,370.92999267578125,1889.0
2025-11-11T17:00:00Z,370.9049987792969,370.989990234375,370.8301086425781,370.989990234375,370.989990234375,1008.0
2025-11-11T17:01:00Z,370.9649963378906,371.29998779296875,370.9649963378906,371.1700134277344,371.1700134277344,2997.0
2025-11-11T17:02:00Z,371.0896911621094,371.2699890136719,370.9200134277344,370.95001220703125,370.95001220703125,3008.0
2025-11-11T17:03:00Z,370.9599914550781,370.9825134277344,370.82000732421875,370.82000732421875,370.82000732421875,3366.0
2025-11-11T17:04:00Z,370.8299865722656,370.8299865722656,370.81500244140625,370.82000732421875,370.82000732421875,1554.0
2025-11-11T17:05:00Z,370.80499267578125,371.0,370.80499267578125,370.9200134277344,370.9200134277344,2177.0
2025-11-11T17:06:00Z,370.9200134277344,371.6099853515625,370.9200134277344,371.31500244140625,371.31500244140625,16113.0
2025-11-11T17:07:00Z,371.29998779296875,371.3500061035156,370.54998779296875,371.0899963378906,371.0899963378906,77311.0
2025-11-11T17:08:00Z,371.1000061035156,371.2149963378906,370.864990234375,370.864990234375,370.864990234375,3943.0
2025-11-11T17:09:00Z,370.989990234375,371.07000732421875,370.92999267578125,370.92999267578125,370.92999267578125,4148.0
2025-11-11T17:10:00Z,371.0199890136719,371.1099853515625,371.0199890136719,371.0249938964844,371.0249938964844,2809.0
2025-11-11T17:11:00Z,371.0899963378906,371.1099853515625,370.9200134277344,370.9649963378906,370.9649963378906,3031.0
2025-11-11T17:12:00Z,371.07000732421875,371.07000732421875,370.9800109863281,370.989990234375,370.989990234375,1006.0
2025-11-11T17:13:00Z,370.9800109863281,371.0899963378906,370.9599914550781,371.0899963378906,371.0899963378906,2358.0
2025-11-11T17:14:00Z,371.125,371.19000244140625,371.0899963378906,371.125,371.125,1060.0
2025-11-11T17:15:00Z,371.2099914550781,371.6400146484375,371.2099914550781,371.6099853515625,371.6099853515625,5856.0
2025-11-11T17:16:00Z,371.5799865722656,371.625,371.5769958496094,371.625,371.625,783.0
2025-11-11T17:17:00Z,371.6199951171875,371.6400146484375,371.6199951171875,371.6400146484375,371.6400146484375,1175.0
2025-11-11T17:18:00Z,371.5899963378906,371.5899963378906,371.3800048828125,371.5694885253906,371.5694885253906,3548.0
2025-11-11T17:19:00Z,371.5400085449219,371.54998779296875,371.5,371.54998779296875,371.54998779296875,1232.0
2025-11-11T17:20:00Z,371.556396484375,371.6000061035156,371.5159912109375,371.6000061035156,371.6000061035156,3004.0
2025-11-11T17:21:00Z,371.5249938964844,371.5249938964844,371.5,371.5,371.5,1282.0
2025-11-11T17:22:00Z,371.5899963378906,371.625,371.4949951171875,371.5799865722656,371.5799865722656,4186.0
2025-11-11T17:23:00Z,371.5400085449219,371.6199951171875,371.5400085449219,371.57000732421875,371.57000732421875,1459.0
2025-11-11T17:24:00Z,371.5155029296875,371.57000732421875,371.5,371.5,371.5,1935.0
2025-11-11T17:25:00Z,371.5299987792969,371.5299987792969,371.44500732421875,371.44500732421875,371.44500732421875,1277.0
2025-11-11T17:26:00Z,371.44000244140625,371.5400085449219,371.44000244140625,371.510009765625,371.510009765625,2710.0
2025-11-11T17:27:00Z,371.4200134277344,371.57000732421875,371.3599853515625,371.5199890136719,371.5199890136719,2336.0
2025-11-11T17:28:00Z,371.5299072265625,371.7699890136719,371.4949951171875,371.6700134277344,371.6700134277344,4953.0
2025-11-11T17:29:00Z,371.6700134277344,371.7300109863281,371.6099853515625,371.7300109863281,371.7300109863281,1852.0
2025-11-11T17:30:00Z,371.68499755859375,371.760009765625,371.68499755859375,371.75909423828125,371.75909423828125,3398.0
2025-11-11T17:31:00Z,371.7149963378906,371.8699951171875,371.7149963378906,371.8699951171875,371.8699951171875,4680.0
2025-11-11T17:32:00Z,371.8699951171875,371.9100036621094,371.75,371.8599853515625,371.8599853515625,3867.0
2025-11-11T17:33:00Z,371.864990234375,371.8695983886719,371.7900085449219,371.8550109863281,371.8550109863281,3540.0
2025-11-11T17:34:00Z,371.9200134277344,372.04998779296875,371.885009765625,371.885009765625,371.885009765625,5862.0
2025-11-11T17:35:00Z,371.7900085449219,371.7900085449219,371.6700134277344,371.69000244140625,371.69000244140625,3518.0
2025-11-11T17:36:00Z,371.7300109863281,371.79998779296875,371.625,371.7699890136719,371.7699890136719,4565.0
2025-11-11T17:37:00Z,371.7749938964844,371.8485107421875,371.69000244140625,371.69000244140625,371.69000244140625,2071.0
2025-11-11T17:38:00Z,371.7099914550781,371.8349914550781,371.69000244140625,371.8349914550781,371.8349914550781,1925.0
2025-11-11T17:39:00Z,371.8299865722656,371.8299865722656,371.7099914550781,371.7099914550781,371.7099914550781,3591.0
2025-11-11T17:40:00Z,371.7099914550781,371.739990234375,371.67498779296875,371.739990234375,371.739990234375,2861.0
2025-11-11T17:41:00Z,371.67999267578125,371.7464904785156,371.67999267578125,371.67999267578125,371.67999267578125,541.0
2025-11-11T17:42:00Z,371.6300048828125,371.6700134277344,371.29998779296875,371.3299865722656,371.3299865722656,2267.0
2025-11-11T17:43:00Z,371.4385070800781,371.6099853515625,371.3900146484375,371.5950012207031,371.5950012207031,4110.0
2025-11-11T17:44:00Z,371.6099853515625,371.70001220703125,371.5849914550781,371.6499938964844,371.6499938964844,2295.0
2025-11-11T17:45:00Z,371.6499938964844,371.7200012207031,371.5299987792969,371.5299987792969,371.5299987792969,2480.0
2025-11-11T17:46:00Z,371.41558837890625,371.4800109863281,371.3699951171875,371.4800109863281,371.4800109863281,3199.0
2025-11-11T17:47:00Z,371.54998779296875,371.5899963378906,371.5350036621094,371.5899963378906,371.5899963378906,1220.0
2025-11-11T17:48:00Z,371.6099853515625,371.7900085449219,371.57000732421875,371.7349853515625,371.7349853515625,5714.0
2025-11-11T17:49:00Z,371.82830810546875,371.9045104980469,371.760009765625,371.7699890136719,371.7699890136719,1926.0
2025-11-11T17:50:00Z,371.760009765625,372.07000732421875,371.739990234375,372.0299987792969,372.0299987792969,9084.0
2025-11-11T17:51:00Z,371.9800109863281,372.0,371.8800048828125,371.94000244140625,371.94000244140625,3400.0
2025-11-11T17:52:00Z,371.9800109863281,372.0249938964844,371.9800109863281,372.0249938964844,372.0249938964844,1654.0
2025-11-11T17:53:00Z,372.0450134277344,372.0450134277344,371.6700134277344,371.8500061035156,371.8500061035156,10413.0
2025-11-11T17:54:00Z,371.875,371.875,371.6700134277344,371.70001220703125,371.70001220703125,2343.0
2025-11-11T17:55:00Z,371.70001220703125,371.875,371.6499938964844,371.8699951171875,371.8699951171875,11297.0
2025-11-11T17:56:00Z,371.8699951171875,372.05999755859375,371.86041259765625,372.0249938964844,372.0249938964844,3656.0
2025-11-11T17:57:00Z,372.0249938964844,372.1099853515625,371.95001220703125,372.1099853515625,372.1099853515625,2577.0
2025-11-11T17:58:00Z,372.1099853515625,372.2799987792969,372.0400085449219,372.2699890136719,372.2699890136719,9081.0
2025-11-11T17:59:00Z,372.2699890136719,372.5299987792969,372.2300109863281,372.489990234375,372.489990234375,7695.0
2025-11-11T18:00:00Z,372.42999267578125,372.6600036621094,372.4100036621094,372.4100036621094,372.4100036621094,3882.0
2025-11-11T18:01:00Z,372.489990234375,372.6549987792969,372.45001220703125,372.6099853515625,372.6099853515625,2268.0
2025-11-11T18:02:00Z,372.6199951171875,372.79998779296875,372.6199951171875,372.7699890136719,372.7699890136719,4693.0
2025-11-11T18:03:00Z,372.6000061035156,372.8599853515625,372.5799865722656,372.8599853515625,372.8599853515625,6713.0
2025-11-11T18:04:00Z,372.8699951171875,373.0799865722656,372.82000732421875,373.0,373.0,8598.0
2025-11-11T18:05:00Z,373.0799865722656,373.0799865722656,372.8999938964844,372.9700012207031,372.9700012207031,3725.0
2025-11-11T18:06:00Z,372.989990234375,373.010009765625,372.8999938964844,372.94000244140625,372.94000244140625,3288.0
2025-11-11T18:07:00Z,372.9200134277344,372.9200134277344,372.8949890136719,372.8949890136719,372.8949890136719,1797.0
2025-11-11T18:08:00Z,372.8949890136719,372.8949890136719,372.8858947753906,372.8900146484375,372.8900146484375,1638.0
2025-11-11T18:09:00Z,372.8789978027344,372.8949890136719,372.7300109863281,372.7300109863281,372.7300109863281,4349.0
2025-11-11T18:10:00Z,372.7325134277344,372.7325134277344,372.6050109863281,372.6050109863281,372.6050109863281,2375.0
2025-11-11T18:11:00Z,372.489990234375,372.67999267578125,372.489990234375,372.5950012207031,372.5950012207031,2801.0
2025-11-11T18:12:00Z,372.5899963378906,372.659912109375,372.30999755859375,372.42999267578125,372.42999267578125,4720.0
2025-11-11T18:13:00Z,372.4599914550781,372.55999755859375,372.3900146484375,372.54998779296875,372.54998779296875,3619.0
2025-11-11T18:14:00Z,372.5126953125,372.5126953125,372.3399963378906,372.4049987792969,372.4049987792969,4827.0
2025-11-11T18:15:00Z,372.4049987792969,372.45001220703125,372.3999938964844,372.3999938964844,372.3999938964844,1046.0
2025-11-11T18:16:00Z,372.3999938964844,372.5799865722656,372.32501220703125,372.55499267578125,372.55499267578125,5908.0
2025-11-11T18:17:00Z,372.5299987792969,372.55499267578125,372.4700012207031,372.510009765625,372.510009765625,1674.0
2025-11-11T18:18:00Z,372.510009765625,372.6400146484375,372.510009765625,372.6400146484375,372.6400146484375,4682.0
2025-11-11T18:19:00Z,372.6499938964844,372.6600036621094,372.57000732421875,372.6400146484375,372.6400146484375,4202.0
2025-11-11T18:20:00Z,372.6700134277344,372.69000244140625,372.4700012207031,372.4700012207031,372.4700012207031,3595.0
2025-11-11T18:21:00Z,372.4700012207031,372.5899963378906,372.3999938964844,372.4100036621094,372.4100036621094,1622.0
2025-11-11T18:22:00Z,372.3550109863281,372.4460144042969,372.13299560546875,372.2250061035156,372.2250061035156,6645.0
2025-11-11T18:23:00Z,372.29998779296875,372.29998779296875,372.0,372.0,372.0,7069.0
2025-11-11T18:24:00Z,372.0,372.0173034667969,371.75,371.81500244140625,371.81500244140625,2241.0
2025-11-11T18:25:00Z,371.82000732421875,372.1449890136719,371.7626953125,372.1449890136719,372.1449890136719,11599.0
2025-11-11T18:26:00Z,372.20001220703125,372.3349914550781,372.05999755859375,372.3349914550781,372.3349914550781,10241.0
2025-11-11T18:27:00Z,372.3299865722656,372.3299865722656,372.1499938964844,372.1499938964844,372.1499938964844,3262.0
2025-11-11T18:28:00Z,372.1700134277344,372.25,372.1499938964844,372.2449951171875,372.2449951171875,1600.0
2025-11-11T18:29:00Z,372.260009765625,372.2699890136719,372.1600036621094,372.239990234375,372.239990234375,3510.0
2025-11-11T18:30:00Z,372.3599853515625,372.4800109863281,372.3399963378906,372.375,372.375,4335.0
2025-11-11T18:31:00Z,372.4800109863281,372.67999267578125,372.3800048828125,372.5400085449219,372.5400085449219,2446.0
2025-11-11T18:32:00Z,372.5199890136719,372.5199890136719,372.4100036621094,372.4100036621094,372.4100036621094,2149.0
2025-11-11T18:33:00Z,372.4150085449219,372.4150085449219,372.1700134277344,372.1700134277344,372.1700134277344,1083.0
2025-11-11T18:34:00Z,372.1700134277344,372.1700134277344,371.94000244140625,371.94000244140625,371.94000244140625,1340.0
2025-11-11T18:35:00Z,371.8900146484375,372.1000061035156,371.79998779296875,372.1000061035156,372.1000061035156,4012.0
2025-11-11T18:36:00Z,372.0199890136719,372.05999755859375,371.9744873046875,371.9849853515625,371.9849853515625,787.0
2025-11-11T18:37:00Z,371.9200134277344,372.1000061035156,371.8500061035156,372.0899963378906,372.0899963378906,4919.0
2025-11-11T18:38:00Z,372.09991455078125,372.1700134277344,372.09991455078125,372.1099853515625,372.1099853515625,3275.0
2025-11-11T18:39:00Z,372.135009765625,372.239990234375,372.135009765625,372.239990234375,372.239990234375,4318.0
2025-11-11T18:40:00Z,372.260009765625,372.3299865722656,372.25,372.2900085449219,372.2900085449219,3262.0
2025-11-11T18:41:00Z,372.2900085449219,372.4200134277344,372.2200012207031,372.2250061035156,372.2250061035156,4436.0
2025-11-11T18:42:00Z,372.2200012207031,372.3800048828125,372.2200012207031,372.260009765625,372.260009765625,3025.0
2025-11-11T18:43:00Z,372.29400634765625,372.3699951171875,372.2799987792969,372.30999755859375,372.30999755859375,2285.0
2025-11-11T18:44:00Z,372.2478942871094,372.3399963378906,372.2200012207031,372.2200012207031,372.2200012207031,1381.0
2025-11-11T18:45:00Z,372.2200012207031,372.3699951171875,372.1199951171875,372.2250061035156,372.2250061035156,3333.0
2025-11-11T18:46:00Z,372.2200012207031,372.3139953613281,372.2099914550781,372.2099914550781,372.2099914550781,1199.0
2025-11-11T18:47:00Z,372.25,372.25,372.20001220703125,372.2049865722656,372.2049865722656,968.0
2025-11-11T18:48:00Z,372.197509765625,372.2699890136719,371.9742126464844,372.2099914550781,372.2099914550781,14357.0
2025-11-11T18:49:00Z,372.2049865722656,372.3599853515625,372.2049865722656,372.3599853515625,372.3599853515625,2350.0
2025-11-11T18:50:00Z,372.3599853515625,372.3599853515625,372.32000732421875,372.3599853515625,372.3599853515625,1107.0
2025-11-11T18:51:00Z,372.3550109863281,372.3550109863281,372.3550109863281,372.3550109863281,372.3550109863281,612.0
2025-11-11T18:52:00Z,372.3800048828125,372.42999267578125,372.2749938964844,372.2950134277344,372.2950134277344,3965.0
2025-11-11T18:53:00Z,372.2950134277344,372.2950134277344,371.989990234375,372.0350036621094,372.0350036621094,2723.0
2025-11-11T18:54:00Z,372.0450134277344,372.1099853515625,371.989990234375,371.9949951171875,371.9949951171875,4642.0
2025-11-11T18:55:00Z,372.0150146484375,372.2900085449219,372.0150146484375,372.19000244140625,372.19000244140625,7396.0
2025-11-11T18:56:00Z,372.20001220703125,372.20001220703125,372.1099853515625,372.18499755859375,372.18499755859375,473.0
2025-11-11T18:57:00Z,372.25750732421875,372.25750732421875,372.18499755859375,372.19000244140625,372.19000244140625,648.0
2025-11-11T18:58:00Z,372.19000244140625,372.260009765625,372.1400146484375,372.20001220703125,372.20001220703125,1015.0
2025-11-11T18:59:00Z,372.20001220703125,372.20001220703125,371.8699951171875,371.9049987792969,371.9049987792969,3562.0
2025-11-11T19:00:00Z,371.80999755859375,371.875,371.69000244140625,371.69000244140625,371.69000244140625,1776.0
2025-11-11T19:01:00Z,371.7300109863281,371.760009765625,371.4599914550781,371.760009765625,371.760009765625,7337.0
2025-11-11T19:02:00Z,371.70001220703125,371.80999755859375,371.57000732421875,371.57000732421875,371.57000732421875,3397.0
2025-11-11T19:03:00Z,371.5400085449219,371.5710144042969,371.5400085449219,371.5710144042969,371.5710144042969,900.0
2025-11-11T19:04:00Z,371.55499267578125,371.8599853515625,371.5299987792969,371.8399963378906,371.8399963378906,2753.0
2025-11-11T19:05:00Z,371.80499267578125,371.8699951171875,371.7900085449219,371.82000732421875,371.82000732421875,1081.0
2025-11-11T19:06:00Z,371.8699951171875,371.8900146484375,371.7799987792969,371.7799987792969,371.7799987792969,1817.0
2025-11-11T19:07:00Z,371.739990234375,371.7900085449219,371.6700134277344,371.6700134277344,371.6700134277344,1087.0
2025-11-11T19:08:00Z,371.5950012207031,371.6600036621094,371.5450134277344,371.6600036621094,371.6600036621094,2179.0
2025-11-11T19:09:00Z,371.54998779296875,371.5950012207031,371.4830017089844,371.5190124511719,371.5190124511719,8878.0
2025-11-11T19:10:00Z,371.5950012207031,371.8800048828125,371.5950012207031,371.7699890136719,371.7699890136719,8547.0
2025-11-11T19:11:00Z,371.72186279296875,371.7449951171875,371.6199951171875,371.7300109863281,371.7300109863281,1040.0
2025-11-11T19:12:00Z,371.68499755859375,371.75,371.68499755859375,371.739990234375,371.739990234375,1794.0
2025-11-11T19:13:00Z,371.739990234375,371.78900146484375,371.5799865722656,371.5799865722656,371.5799865722656,1871.0
2025-11-11T19:14:00Z,371.4501037597656,371.625,371.3900146484375,371.4549865722656,371.4549865722656,3935.0
2025-11-11T19:15:00Z,371.4549865722656,371.625,371.3900146484375,371.625,371.625,10126.0
2025-11-11T19:16:00Z,371.6549987792969,371.7900085449219,371.55499267578125,371.7099914550781,371.7099914550781,3263.0
2025-11-11T19:17:00Z,371.6700134277344,371.6700134277344,371.55999755859375,371.6400146484375,371.6400146484375,2225.0
2025-11-11T19:18:00Z,371.6401062011719,371.7900085449219,371.635009765625,371.760009765625,371.760009765625,4168.0
2025-11-11T19:19:00Z,371.760009765625,371.8800048828125,371.760009765625,371.8399963378906,371.8399963378906,1234.0
2025-11-11T19:20:00Z,371.7799987792969,372.3699951171875,371.69000244140625,372.1400146484375,372.1400146484375,15276.0
2025-11-11T19:21:00Z,372.20001220703125,372.3699035644531,372.1400146484375,372.260009765625,372.260009765625,7004.0
2025-11-11T19:22:00Z,372.2550048828125,372.30999755859375,372.0899963378906,372.19000244140625,372.19000244140625,8064.0
2025-11-11T19:23:00Z,372.2449951171875,372.25,372.239990234375,372.25,372.25,1504.0
2025-11-11T19:24:00Z,372.2449951171875,372.30999755859375,372.1099853515625,372.2200012207031,372.2200012207031,18908.0
2025-11-11T19:25:00Z,372.2099914550781,372.29998779296875,372.2099914550781,372.25,372.25,1679.0
2025-11-11T19:26:00Z,372.2900085449219,372.56500244140625,372.2900085449219,372.4150085449219,372.4150085449219,9900.0
2025-11-11T19:27:00Z,372.42999267578125,372.56500244140625,372.42999267578125,372.56500244140625,372.56500244140625,1116.0
2025-11-11T19:28:00Z,372.5231018066406,372.5231018066406,372.43499755859375,372.43499755859375,372.43499755859375,1106.0
2025-11-11T19:29:00Z,372.54998779296875,372.6600036621094,372.5400085449219,372.5849914550781,372.5849914550781,3630.0
2025-11-11T19:30:00Z,372.5849914550781,372.6700134277344,372.5,372.5,372.5,1974.0
2025-11-11T19:31:00Z,372.6050109863281,372.70989990234375,372.510009765625,372.54998779296875,372.54998779296875,2114.0
2025-11-11T19:32:00Z,372.5,372.5050048828125,372.2900085449219,372.2900085449219,372.2900085449219,2609.0
2025-11-11T19:33:00Z,372.3500061035156,372.6300048828125,372.3500061035156,372.54998779296875,372.54998779296875,5696.0
2025-11-11T19:34:00Z,372.4800109863281,372.5050048828125,372.4800109863281,372.5050048828125,372.5050048828125,990.0
2025-11-11T19:35:00Z,372.4200134277344,372.5050048828125,372.3399963378906,372.3399963378906,372.3399963378906,4292.0
2025-11-11T19:36:00Z,372.3699951171875,372.489990234375,372.3699951171875,372.41241455078125,372.41241455078125,1811.0
2025-11-11T19:37:00Z,372.45880126953125,372.45880126953125,372.29998779296875,372.29998779296875,372.29998779296875,2027.0
2025-11-11T19:38:00Z,372.4804992675781,372.4804992675781,372.2900085449219,372.3399963378906,372.3399963378906,1850.0
2025-11-11T19:39:00Z,372.364990234375,372.46881103515625,372.364990234375,372.42498779296875,372.42498779296875,3035.0
2025-11-11T19:40:00Z,372.42498779296875,372.5400085449219,372.4200134277344,372.4700012207031,372.4700012207031,6066.0
2025-11-11T19:41:00Z,372.4700012207031,372.4700927734375,372.3599853515625,372.42999267578125,372.42999267578125,1956.0
2025-11-11T19:42:00Z,372.4700012207031,372.4700012207031,372.2300109863281,372.3699951171875,372.3699951171875,3473.0
2025-11-11T19:43:00Z,372.364990234375,372.364990234375,372.364990234375,372.364990234375,372.364990234375,709.0
2025-11-11T19:44:00Z,372.29998779296875,372.32000732421875,372.2200012207031,372.2950134277344,372.2950134277344,3463.0
2025-11-11T19:45:00Z,372.2749938964844,372.29998779296875,372.1499938964844,372.1499938964844,372.1499938964844,2330.0
2025-11-11T19:46:00Z,372.2049865722656,372.2049865722656,372.1199951171875,372.125,372.125,1068.0
2025-11-11T19:47:00Z,372.125,372.2049865722656,372.125,372.17999267578125,372.17999267578125,4025.0
2025-11-11T19:48:00Z,372.17999267578125,372.17999267578125,372.1000061035156,372.1700134277344,372.1700134277344,1493.0
2025-11-11T19:49:00Z,372.1099853515625,372.1300048828125,372.05999755859375,372.1050109863281,372.1050109863281,2193.0
2025-11-11T19:50:00Z,372.1050109863281,372.2099914550781,372.1050109863281,372.135009765625,372.135009765625,1791.0
2025-11-11T19:51:00Z,372.135009765625,372.19000244140625,372.07000732421875,372.07000732421875,372.07000732421875,1568.0
2025-11-11T19:52:00Z,372.0450134277344,372.1700134277344,371.989990234375,372.07000732421875,372.07000732421875,16828.0
2025-11-11T19:53:00Z,372.07000732421875,372.07000732421875,371.9100036621094,371.9800109863281,371.9800109863281,1739.0
2025-11-11T19:54:00Z,371.9800109863281,371.9800109863281,371.8599853515625,371.9800109863281,371.9800109863281,2524.0
2025-11-11T19:55:00Z,371.8999938964844,371.8999938964844,371.7699890136719,371.7699890136719,371.7699890136719,2562.0
2025-11-11T19:56:00Z,371.8349914550781,371.8349914550781,371.7099914550781,371.7099914550781,371.7099914550781,648.0
2025-11-11T19:57:00Z,371.82501220703125,371.9700012207031,371.6300048828125,371.9200134277344,371.9200134277344,13482.0
2025-11-11T19:58:00Z,371.9200134277344,371.94000244140625,371.8999938964844,371.8999938964844,371.8999938964844,2947.0
2025-11-11T19:59:00Z,371.8800048828125,371.9200134277344,371.80999755859375,371.9200134277344,371.9200134277344,4054.0
2025-11-11T20:00:00Z,371.9800109863281,371.989990234375,371.8599853515625,371.8599853515625,371.8599853515625,3038.0
2025-11-11T20:01:00Z,371.75,371.8450012207031,371.67999267578125,371.8450012207031,371.8450012207031,2990.0
2025-11-11T20:02:00Z,371.8450012207031,371.8999938964844,371.7301025390625,371.8450012207031,371.8450012207031,964.0
2025-11-11T20:03:00Z,371.8450012207031,371.94000244140625,371.7699890136719,371.7900085449219,371.7900085449219,4232.0
2025-11-11T20:04:00Z,371.95989990234375,371.95989990234375,371.8450012207031,371.8450012207031,371.8450012207031,1792.0
2025-11-11T20:05:00Z,371.7300109863281,371.909912109375,371.7200012207031,371.7799987792969,371.7799987792969,2088.0
2025-11-11T20:06:00Z,371.8084716796875,371.8084716796875,371.739990234375,371.75,371.75,1393.0
2025-11-11T20:07:00Z,371.75,371.8299865722656,371.6600036621094,371.70001220703125,371.70001220703125,3663.0
2025-11-11T20:08:00Z,371.6499938964844,371.8500061035156,371.45001220703125,371.82501220703125,371.82501220703125,8978.0
2025-11-11T20:09:00Z,371.82501220703125,371.8900146484375,371.7500915527344,371.7500915527344,371.7500915527344,2422.0
2025-11-11T20:10:00Z,371.8800048828125,371.9750061035156,371.7900085449219,371.8351135253906,371.8351135253906,8083.0
2025-11-11T20:11:00Z,371.7699890136719,371.8251037597656,371.7117919921875,371.82000732421875,371.82000732421875,4415.0
2025-11-11T20:12:00Z,371.82000732421875,371.9800109863281,371.7799987792969,371.80999755859375,371.80999755859375,15265.0
2025-11-11T20:13:00Z,371.8500061035156,371.8699951171875,371.7799987792969,371.7799987792969,371.7799987792969,4301.0
2025-11-11T20:14:00Z,371.8399963378906,371.8399963378906,371.7200012207031,371.7650146484375,371.7650146484375,1945.0
2025-11-11T20:15:00Z,371.75250244140625,371.7853088378906,371.75250244140625,371.7749938964844,371.7749938964844,2194.0
2025-11-11T20:16:00Z,371.7749938964844,371.7799987792969,371.5625915527344,371.6000061035156,371.6000061035156,3714.0
2025-11-11T20:17:00Z,371.6000061035156,371.6600036621094,371.3900146484375,371.45001220703125,371.45001220703125,11298.0
2025-11-11T20:18:00Z,371.45001220703125,371.5,371.4403991699219,371.45001220703125,371.45001220703125,1002.0
2025-11-11T20:19:00Z,371.42999267578125,371.6199951171875,371.42999267578125,371.5950012207031,371.5950012207031,10083.0
2025-11-11T20:20:00Z,371.5950012207031,371.5950012207031,371.3399963378906,371.3999938964844,371.3999938964844,5003.0
2025-11-11T20:21:00Z,371.44500732421875,371.44500732421875,371.19000244140625,371.29998779296875,371.29998779296875,3526.0
2025-11-11T20:22:00Z,371.1499938964844,371.19000244140625,371.0400085449219,371.1400146484375,371.1400146484375,9132.0
2025-11-11T20:23:00Z,371.1400146484375,371.20001220703125,371.05499267578125,371.05499267578125,371.05499267578125,3242.0
2025-11-11T20:24:00Z,371.010009765625,371.1000061035156,370.92999267578125,370.92999267578125,370.92999267578125,9178.0
2025-11-11T20:25:00Z,370.9849853515625,370.9849853515625,370.760009765625,370.80999755859375,370.80999755859375,3599.0
2025-11-11T20:26:00Z,370.7699890136719,370.8900146484375,370.6300048828125,370.68499755859375,370.68499755859375,6641.0
2025-11-11T20:27:00Z,370.489990234375,370.54998779296875,370.4700012207031,370.5150146484375,370.5150146484375,2837.0
2025-11-11T20:28:00Z,370.5199890136719,370.6199951171875,370.5199890136719,370.55999755859375,370.55999755859375,3570.0
2025-11-11T20:29:00Z,370.56500244140625,370.7200012207031,370.54998779296875,370.6099853515625,370.6099853515625,8124.0
2025-11-11T20:30:00Z,370.510009765625,370.510009765625,370.1600036621094,370.239990234375,370.239990234375,2722.0
2025-11-11T20:31:00Z,370.239990234375,370.239990234375,370.05999755859375,370.1600036621094,370.1600036621094,7393.0
2025-11-11T20:32:00Z,370.20001220703125,370.2900085449219,370.0400085449219,370.1099853515625,370.1099853515625,5589.0
2025-11-11T20:33:00Z,370.20001220703125,370.20001220703125,370.1000061035156,370.1000061035156,370.1000061035156,3826.0
2025-11-11T20:34:00Z,370.0400085449219,370.1300048828125,369.9800109863281,369.9800109863281,369.9800109863281,6538.0
2025-11-11T20:35:00Z,369.9599914550781,370.0350036621094,369.8599853515625,369.9200134277344,369.9200134277344,8878.0
2025-11-11T20:36:00Z,369.94000244140625,369.9849853515625,369.8500061035156,369.9049987792969,369.9049987792969,2989.0
2025-11-11T20:37:00Z,369.8500061035156,369.8800048828125,369.760009765625,369.864990234375,369.864990234375,5303.0
2025-11-11T20:38:00Z,369.80999755859375,369.8599853515625,369.760009765625,369.8349914550781,369.8349914550781,5509.0
2025-11-11T20:39:00Z,369.8349914550781,370.05999755859375,369.79998779296875,370.0150146484375,370.0150146484375,12242.0
2025-11-11T20:40:00Z,370.0199890136719,370.239990234375,370.0199890136719,370.1700134277344,370.1700134277344,7023.0
2025-11-11T20:41:00Z,370.2149963378906,370.239990234375,370.0299987792969,370.1099853515625,370.1099853515625,4933.0
2025-11-11T20:42:00Z,370.1499938964844,370.1499938964844,370.0,370.010009765625,370.010009765625,5137.0
2025-11-11T20:43:00Z,370.0899963378906,370.1000061035156,370.0199890136719,370.1000061035156,370.1000061035156,1842.0
2025-11-11T20:44:00Z,370.1099853515625,370.45001220703125,370.1099853515625,370.42999267578125,370.42999267578125,9642.0
2025-11-11T20:45:00Z,370.510009765625,370.7149963378906,370.510009765625,370.7149963378906,370.7149963378906,4392.0
2025-11-11T20:46:00Z,370.67999267578125,370.8999938964844,370.5199890136719,370.8699951171875,370.8699951171875,9821.0
2025-11-11T20:47:00Z,370.8999938964844,370.9800109863281,370.8900146484375,370.9800109863281,370.9800109863281,3489.0
2025-11-11T20:48:00Z,370.94500732421875,370.9800109863281,370.5400085449219,370.57501220703125,370.57501220703125,5725.0
2025-11-11T20:49:00Z,370.56500244140625,370.69000244140625,370.510009765625,370.58050537109375,370.58050537109375,5232.0
2025-11-11T20:50:00Z,370.54998779296875,370.7900085449219,370.54998779296875,370.75,370.75,8169.0
2025-11-11T20:51:00Z,370.7699890136719,370.7699890136719,370.4700012207031,370.5199890136719,370.5199890136719,7532.0
2025-11-11T20:52:00Z,370.5199890136719,370.53509521484375,370.2799987792969,370.2850036621094,370.2850036621094,8450.0
2025-11-11T20:53:00Z,370.32000732421875,370.70001220703125,370.32000732421875,370.6400146484375,370.6400146484375,12474.0
2025-11-11T20:54:00Z,370.6499938964844,370.7099914550781,370.42999267578125,370.4800109863281,370.4800109863281,11909.0
2025-11-11T20:55:00Z,370.4200134277344,370.6400146484375,370.0899963378906,370.114990234375,370.114990234375,20665.0
2025-11-11T20:56:00Z,370.114990234375,370.3599853515625,370.1099853515625,370.1499938964844,370.1499938964844,15212.0
2025-11-11T20:57:00Z,370.19000244140625,370.2300109863281,370.0,370.0799865722656,370.0799865722656,23022.0
2025-11-11T20:58:00Z,370.1000061035156,370.125,369.95001220703125,370.0450134277344,370.0450134277344,37108.0
2025-11-11T20:59:00Z,370.04998779296875,370.260009765625,369.989990234375,370.239990234375,370.239990234375,46005.0
2025-11-12T14:30:00Z,371.1099853515625,372.0,370.510009765625,371.3900146484375,371.3900146484375,25059.0
2025-11-12T14:31:00Z,371.4200134277344,372.54998779296875,371.3900146484375,372.45001220703125,372.45001220703125,4688.0
2025-11-12T14:32:00Z,372.44000244140625,373.8800048828125,372.44000244140625,373.1000061035156,373.1000061035156,10808.0
2025-11-12T14:33:00Z,373.010009765625,373.4800109863281,372.9100036621094,373.1400146484375,373.1400146484375,2156.0
2025-11-12T14:34:00Z,373.4700012207031,373.9798889160156,373.4700012207031,373.6300048828125,373.6300048828125,11771.0
2025-11-12T14:35:00Z,373.83160400390625,374.0,373.6300048828125,373.7950134277344,373.7950134277344,10483.0
2025-11-12T14:36:00Z,373.7950134277344,373.8500061035156,373.4100036621094,373.4100036621094,373.4100036621094,2605.0
2025-11-12T14:37:00Z,374.0,374.0,373.7300109863281,373.79998779296875,373.79998779296875,17784.0
2025-11-12T14:38:00Z,373.79998779296875,375.239990234375,373.5299987792969,374.94000244140625,374.94000244140625,44040.0
2025-11-12T14:39:00Z,374.9599914550781,375.3800048828125,374.65008544921875,374.9150085449219,374.9150085449219,13466.0
2025-11-12T14:40:00Z,374.88018798828125,375.70001220703125,374.69000244140625,375.3999938964844,375.3999938964844,10544.0
2025-11-12T14:41:00Z,375.29998779296875,375.3999938964844,375.0299987792969,375.1328125,375.1328125,9583.0
2025-11-12T14:42:00Z,374.989990234375,375.1199951171875,374.67999267578125,374.94000244140625,374.94000244140625,32008.0
2025-11-12T14:43:00Z,374.92999267578125,375.05999755859375,374.6394958496094,374.6499938964844,374.6499938964844,4470.0
2025-11-12T14:44:00Z,374.510009765625,374.7799987792969,374.3399963378906,374.4700012207031,374.4700012207031,6870.0
2025-11-12T14:45:00Z,374.3299865722656,374.8299865722656,374.07000732421875,374.79998779296875,374.79998779296875,5585.0
2025-11-12T14:46:00Z,374.7950134277344,375.05999755859375,374.5299987792969,374.67498779296875,374.67498779296875,5396.0
2025-11-12T14:47:00Z,374.6000061035156,375.1400146484375,374.6000061035156,375.05999755859375,375.05999755859375,5727.0
2025-11-12T14:48:00Z,374.94000244140625,375.20001220703125,374.7300109863281,375.125,375.125,3863.0
2025-11-12T14:49:00Z,375.1199951171875,375.54998779296875,375.1199951171875,375.54998779296875,375.54998779296875,5252.0
2025-11-12T14:50:00Z,375.4330139160156,375.75,375.3500061035156,375.42999267578125,375.42999267578125,7811.0
2025-11-12T14:51:00Z,375.4775085449219,375.59991455078125,374.75,375.1075134277344,375.1075134277344,7689.0
2025-11-12T14:52:00Z,375.1600036621094,375.7799987792969,375.1600036621094,375.7799987792969,375.7799987792969,4609.0
2025-11-12T14:53:00Z,375.7200012207031,375.9800109863281,375.6400146484375,375.84100341796875,375.84100341796875,3759.0
2025-11-12T14:54:00Z,375.9700012207031,376.0199890136719,375.80999755859375,375.80999755859375,375.80999755859375,3728.0
2025-11-12T14:55:00Z,375.80999755859375,376.29998779296875,375.6400146484375,376.260009765625,376.260009765625,11240.0
2025-11-12T14:56:00Z,376.1099853515625,376.6199951171875,376.1099853515625,376.42999267578125,376.42999267578125,9252.0
2025-11-12T14:57:00Z,376.2900085449219,376.4599914550781,376.2699890136719,376.3599853515625,376.3599853515625,4527.0
2025-11-12T14:58:00Z,376.3550109863281,376.6700134277344,376.3550109863281,376.6000061035156,376.6000061035156,9789.0
2025-11-12T14:59:00Z,376.55999755859375,376.69219970703125,376.3699951171875,376.5950012207031,376.5950012207031,10656.0
2025-11-12T15:00:00Z,376.6499938964844,376.7200012207031,376.2300109863281,376.54998779296875,376.54998779296875,15707.0
2025-11-12T15:01:00Z,376.55999755859375,376.6700134277344,376.31500244140625,376.4800109863281,376.4800109863281,6128.0
2025-11-12T15:02:00Z,376.5,377.010009765625,376.5,376.9949951171875,376.9949951171875,4086.0
2025-11-12T15:03:00Z,376.92999267578125,377.2300109863281,376.82000732421875,376.9339904785156,376.9339904785156,7327.0
2025-11-12T15:04:00Z,376.9700012207031,376.989990234375,376.5837097167969,376.6700134277344,376.6700134277344,4253.0
2025-11-12T15:05:00Z,376.54998779296875,377.1099853515625,376.54998779296875,376.8450012207031,376.8450012207031,5739.0
2025-11-12T15:06:00Z,376.85980224609375,376.85980224609375,376.6600036621094,376.7774963378906,376.7774963378906,2201.0
2025-11-12T15:07:00Z,376.5299987792969,376.6000061035156,376.0799865722656,376.18499755859375,376.18499755859375,5293.0
2025-11-12T15:08:00Z,376.0899963378906,376.7699890136719,376.0899963378906,376.67498779296875,376.67498779296875,4931.0
2025-11-12T15:09:00Z,376.7598876953125,376.8900146484375,376.3800048828125,376.4549865722656,376.4549865722656,6898.0
2025-11-12T15:10:00Z,376.3655090332031,376.4200134277344,376.1400146484375,376.2250061035156,376.2250061035156,8881.0
2025-11-12T15:11:00Z,376.2643127441406,376.44000244140625,376.19000244140625,376.31500244140625,376.31500244140625,4696.0
2025-11-12T15:12:00Z,376.31500244140625,376.57000732421875,376.31500244140625,376.45001220703125,376.45001220703125,5878.0
2025-11-12T15:13:00Z,376.44000244140625,376.510009765625,376.010009765625,376.3450012207031,376.3450012207031,34070.0
2025-11-12T15:14:00Z,376.19000244140625,376.67999267578125,376.0899963378906,376.17999267578125,376.17999267578125,31061.0
2025-11-12T15:15:00Z,376.0899963378906,376.0899963378906,375.42999267578125,375.8999938964844,375.8999938964844,6975.0
2025-11-12T15:16:00Z,375.6400146484375,375.8299865722656,375.45001220703125,375.67999267578125,375.67999267578125,9838.0
2025-11-12T15:17:00Z,375.739990234375,376.1099853515625,375.67999267578125,375.92498779296875,375.92498779296875,5396.0
2025-11-12T15:18:00Z,375.92498779296875,376.67999267578125,375.92498779296875,376.67999267578125,376.67999267578125,3887.0
2025-11-12T15:19:00Z,376.44500732421875,377.2099914550781,376.2799987792969,376.7250061035156,376.7250061035156,8663.0
2025-11-12T15:20:00Z,376.95001220703125,376.95001220703125,376.510009765625,376.510009765625,376.510009765625,11320.0
2025-11-12T15:21:00Z,376.5199890136719,376.57000732421875,376.17999267578125,376.17999267578125,376.17999267578125,10319.0
2025-11-12T15:22:00Z,376.17999267578125,376.2900085449219,376.0899963378906,376.1700134277344,376.1700134277344,9904.0
2025-11-12T15:23:00Z,376.0899963378906,376.5299987792969,375.9800109863281,376.4388122558594,376.4388122558594,5358.0
2025-11-12T15:24:00Z,376.4100036621094,376.4100036621094,375.8699951171875,375.9649963378906,375.9649963378906,3834.0
2025-11-12T15:25:00Z,376.1099853515625,376.4800109863281,375.9800109863281,376.114990234375,376.114990234375,5706.0
2025-11-12T15:26:00Z,376.114990234375,376.4678955078125,376.114990234375,376.2900085449219,376.2900085449219,2866.0
2025-11-12T15:27:00Z,376.2950134277344,376.3854064941406,376.1000061035156,376.3059997558594,376.3059997558594,3187.0
2025-11-12T15:28:00Z,376.1600036621094,376.5299987792969,376.1300048828125,376.4949951171875,376.4949951171875,5377.0
2025-11-12T15:29:00Z,376.4949951171875,376.8900146484375,376.4100036621094,376.5299987792969,376.5299987792969,19611.0
2025-11-12T15:30:00Z,376.4100036621094,376.5,376.25,376.42999267578125,376.42999267578125,9979.0
2025-11-12T15:31:00Z,376.42999267578125,376.42999267578125,375.9100036621094,375.9859924316406,375.9859924316406,5475.0
2025-11-12T15:32:00Z,376.0400085449219,376.3999938964844,376.0400085449219,376.2699890136719,376.2699890136719,5467.0
2025-11-12T15:33:00Z,376.25,376.4800109863281,376.2250061035156,376.43499755859375,376.43499755859375,3653.0
2025-11-12T15:34:00Z,376.43499755859375,376.5400085449219,376.1300048828125,376.2250061035156,376.2250061035156,6271.0
2025-11-12T15:35:00Z,376.2250061035156,376.2300109863281,375.95001220703125,375.9599914550781,375.9599914550781,8184.0
2025-11-12T15:36:00Z,375.95001220703125,376.04998779296875,375.82000732421875,375.9704895019531,375.9704895019531,5239.0
2025-11-12T15:37:00Z,375.9880065917969,376.6099853515625,375.8900146484375,376.5249938964844,376.5249938964844,12143.0
2025-11-12T15:38:00Z,376.6000061035156,376.760009765625,376.5899963378906,376.6300048828125,376.6300048828125,2334.0
2025-11-12T15:39:00Z,376.7550048828125,377.2200012207031,376.69000244140625,377.135009765625,377.135009765625,9620.0
2025-11-12T15:40:00Z,377.1099853515625,377.1499938964844,376.7900085449219,376.7900085449219,376.7900085449219,4174.0
2025-11-12T15:41:00Z,376.86248779296875,377.0299987792969,376.7500915527344,377.0299987792969,377.0299987792969,2678.0
2025-11-12T15:42:00Z,377.04998779296875,377.19500732421875,376.67999267578125,376.67999267578125,376.67999267578125,14236.0
2025-11-12T15:43:00Z,376.80999755859375,376.94000244140625,376.5,376.55999755859375,376.55999755859375,5554.0
2025-11-12T15:44:00Z,376.45001220703125,376.45001220703125,376.04998779296875,376.1950988769531,376.1950988769531,3387.0
2025-11-12T15:45:00Z,376.19000244140625,376.760009765625,376.17999267578125,376.67999267578125,376.67999267578125,7786.0
2025-11-12T15:46:00Z,376.739990234375,376.7699890136719,376.2799987792969,376.6099853515625,376.6099853515625,5871.0
2025-11-12T15:47:00Z,376.54998779296875,376.54998779296875,376.2200012207031,376.3900146484375,376.3900146484375,7410.0
2025-11-12T15:48:00Z,376.44500732421875,376.7300109863281,376.4306945800781,376.5950012207031,376.5950012207031,4287.0
2025-11-12T15:49:00Z,376.67999267578125,376.67999267578125,376.4200134277344,376.4750061035156,376.4750061035156,2286.0
2025-11-12T15:50:00Z,376.3500061035156,376.6099853515625,376.3299865722656,376.5799865722656,376.5799865722656,3305.0
2025-11-12T15:51:00Z,376.5799865722656,376.7200012207031,376.45001220703125,376.69000244140625,376.69000244140625,3349.0
2025-11-12T15:52:00Z,376.5799865722656,376.635009765625,376.1199951171875,376.2900085449219,376.2900085449219,4206.0
2025-11-12T15:53:00Z,376.2449951171875,376.3699951171875,376.0400085449219,376.07000732421875,376.07000732421875,2761.0
2025-11-12T15:54:00Z,376.0799865722656,376.0799865722656,375.489990234375,375.489990234375,375.489990234375,5627.0
2025-11-12T15:55:00Z,375.4800109863281,375.489990234375,375.07000732421875,375.0704040527344,375.0704040527344,6617.0
2025-11-12T15:56:00Z,375.0899963378906,375.4599914550781,375.04998779296875,375.3299865722656,375.3299865722656,3167.0
2025-11-12T15:57:00Z,375.4147033691406,375.9200134277344,375.30999755859375,375.875,375.875,3524.0
2025-11-12T15:58:00Z,375.75,375.82000732421875,375.6000061035156,375.6650085449219,375.6650085449219,4481.0
2025-11-12T15:59:00Z,375.7300109863281,375.92999267578125,375.54998779296875,375.8349914550781,375.8349914550781,7888.0
2025-11-12T16:00:00Z,375.8800048828125,376.0299987792969,375.8299865722656,375.8800048828125,375.8800048828125,15726.0
2025-11-12T16:01:00Z,375.8800048828125,376.0,375.6400146484375,375.70001220703125,375.70001220703125,6297.0
2025-11-12T16:02:00Z,375.6099853515625,375.7300109863281,375.385009765625,375.385009765625,375.385009765625,5812.0
2025-11-12T16:03:00Z,375.385009765625,375.3900146484375,375.1600036621094,375.3599853515625,375.3599853515625,4189.0
2025-11-12T16:04:00Z,375.4100036621094,375.5578918457031,375.1600036621094,375.2650146484375,375.2650146484375,5037.0
2025-11-12T16:05:00Z,375.2300109863281,375.2300109863281,375.07000732421875,375.2300109863281,375.2300109863281,6224.0
2025-11-12T16:06:00Z,375.32000732421875,375.3599853515625,375.20001220703125,375.25,375.25,7585.0
2025-11-12T16:07:00Z,375.239990234375,375.239990234375,374.9800109863281,375.0350036621094,375.0350036621094,7793.0
2025-11-12T16:08:00Z,375.0299987792969,375.0799865722656,374.6000061035156,374.67498779296875,374.67498779296875,6002.0
2025-11-12T16:09:00Z,374.6099853515625,374.7099914550781,374.3500061035156,374.55999755859375,374.55999755859375,7036.0
2025-11-12T16:10:00Z,374.45001220703125,374.54998779296875,374.2300109863281,374.3599853515625,374.3599853515625,10084.0
2025-11-12T16:11:00Z,374.4700012207031,374.626708984375,374.2300109863281,374.239990234375,374.239990234375,5366.0
2025-11-12T16:12:00Z,374.239990234375,374.260009765625,373.95001220703125,374.0799865722656,374.0799865722656,8064.0
2025-11-12T16:13:00Z,374.25,374.4486999511719,374.135009765625,374.3599853515625,374.3599853515625,10284.0
2025-11-12T16:14:00Z,374.3599853515625,374.5799865722656,374.1000061035156,374.5199890136719,374.5199890136719,8307.0
2025-11-12T16:15:00Z,374.6300048828125,375.1199951171875,374.6300048828125,374.8299865722656,374.8299865722656,7158.0
2025-11-12T16:16:00Z,374.95001220703125,375.07000732421875,374.8299865722656,374.9800109863281,374.9800109863281,14621.0
2025-11-12T16:17:00Z,375.0,375.6400146484375,375.0,375.5199890136719,375.5199890136719,11341.0
2025-11-12T16:18:00Z,375.6099853515625,375.69000244140625,375.3900146484375,375.55999755859375,375.55999755859375,9044.0
2025-11-12T16:19:00Z,375.55999755859375,375.69000244140625,375.55999755859375,375.69000244140625,375.69000244140625,6057.0
2025-11-12T16:20:00Z,375.69000244140625,376.0,375.69000244140625,375.9049987792969,375.9049987792969,7256.0
2025-11-12T16:21:00Z,375.80999755859375,375.9049987792969,375.239990234375,375.4849853515625,375.4849853515625,21566.0
2025-11-12T16:22:00Z,375.57000732421875,375.6000061035156,375.3399963378906,375.5199890136719,375.5199890136719,13226.0
2025-11-12T16:23:00Z,375.57000732421875,375.69000244140625,375.1199951171875,375.2650146484375,375.2650146484375,28716.0
2025-11-12T16:24:00Z,375.2650146484375,375.3999938964844,374.9599914550781,374.9599914550781,374.9599914550781,6388.0
2025-11-12T16:25:00Z,374.9700012207031,375.3078918457031,374.9700012207031,375.2049865722656,375.2049865722656,3652.0
2025-11-12T16:26:00Z,375.2049865722656,375.32000732421875,374.9100036621094,374.9100036621094,374.9100036621094,8444.0
2025-11-12T16:27:00Z,375.0199890136719,375.39990234375,375.010009765625,375.30999755859375,375.30999755859375,8841.0
2025-11-12T16:28:00Z,375.3900146484375,375.4100036621094,375.1300048828125,375.260009765625,375.260009765625,4619.0
2025-11-12T16:29:00Z,375.260009765625,375.260009765625,375.0299987792969,375.0799865722656,375.0799865722656,5349.0
2025-11-12T16:30:00Z,375.0,375.1499938964844,374.79998779296875,375.0799865722656,375.0799865722656,12036.0
2025-11-12T16:31:00Z,374.8500061035156,374.97760009765625,374.6700134277344,374.70001220703125,374.70001220703125,2405.0
2025-11-12T16:32:00Z,374.70001220703125,374.9200134277344,374.70001220703125,374.70001220703125,374.70001220703125,2173.0
2025-11-12T16:33:00Z,374.6955871582031,374.7049865722656,374.5199890136719,374.5350036621094,374.5350036621094,1592.0
2025-11-12T16:34:00Z,374.4599914550781,374.4800109863281,374.20001220703125,374.20001220703125,374.20001220703125,4847.0
2025-11-12T16:35:00Z,374.2900085449219,374.6199951171875,374.1600036621094,374.45001220703125,374.45001220703125,5954.0
2025-11-12T16:36:00Z,374.4599914550781,374.6199951171875,374.4599914550781,374.5,374.5,5090.0
2025-11-12T16:37:00Z,374.4800109863281,374.739990234375,374.4700012207031,374.7200012207031,374.7200012207031,5573.0
2025-11-12T16:38:00Z,374.70001220703125,374.8298034667969,374.6400146484375,374.8298034667969,374.8298034667969,3787.0
2025-11-12T16:39:00Z,374.739990234375,374.989990234375,374.7135009765625,374.7799987792969,374.7799987792969,6894.0
2025-11-12T16:40:00Z,374.8699951171875,374.8900146484375,374.2200012207031,374.31500244140625,374.31500244140625,6472.0
2025-11-12T16:41:00Z,374.31500244140625,374.45001220703125,374.2200012207031,374.3500061035156,374.3500061035156,2573.0
2025-11-12T16:42:00Z,374.3349914550781,374.3349914550781,374.3299865722656,374.3299865722656,374.3299865722656,911.0
2025-11-12T16:43:00Z,374.3299865722656,374.4200134277344,374.3299865722656,374.3399963378906,374.3399963378906,5151.0
2025-11-12T16:44:00Z,374.32598876953125,374.4599914550781,374.1300048828125,374.385009765625,374.385009765625,11244.0
2025-11-12T16:45:00Z,374.4100036621094,374.70001220703125,374.385009765625,374.5249938964844,374.5249938964844,4426.0
2025-11-12T16:46:00Z,374.4949951171875,374.6099853515625,374.364990234375,374.4150085449219,374.4150085449219,4092.0
2025-11-12T16:47:00Z,374.3299865722656,374.4353942871094,374.2699890136719,374.30999755859375,374.30999755859375,1490.0
2025-11-12T16:48:00Z,374.239990234375,374.29998779296875,374.1099853515625,374.1700134277344,374.1700134277344,5550.0
2025-11-12T16:49:00Z,374.2300109863281,374.3800048828125,374.1300048828125,374.29998779296875,374.29998779296875,3839.0
2025-11-12T16:50:00Z,374.31500244140625,374.45001220703125,374.30499267578125,374.4230041503906,374.4230041503906,5158.0
2025-11-12T16:51:00Z,374.43499755859375,374.6000061035156,374.30499267578125,374.6000061035156,374.6000061035156,3510.0
2025-11-12T16:52:00Z,374.6000061035156,374.8399963378906,374.56109619140625,374.614990234375,374.614990234375,4007.0
2025-11-12T16:53:00Z,374.5799865722656,374.6400146484375,374.4599914550781,374.5799865722656,374.5799865722656,4574.0
2025-11-12T16:54:00Z,374.6400146484375,374.8500061035156,374.54998779296875,374.54998779296875,374.54998779296875,3409.0
2025-11-12T16:55:00Z,374.67999267578125,374.7200012207031,374.2699890136719,374.3900146484375,374.3900146484375,3699.0
2025-11-12T16:56:00Z,374.3500061035156,374.5899963378906,374.30999755859375,374.5450134277344,374.5450134277344,4058.0
2025-11-12T16:57:00Z,374.5899963378906,374.6600036621094,374.4649963378906,374.4649963378906,374.4649963378906,2629.0
2025-11-12T16:58:00Z,374.4100036621094,374.4100036621094,374.20001220703125,374.3900146484375,374.3900146484375,4545.0
2025-11-12T16:59:00Z,374.42999267578125,374.5,374.3699951171875,374.42498779296875,374.42498779296875,2848.0
2025-11-12T17:00:00Z,374.4599914550781,374.55999755859375,374.3500061035156,374.4100036621094,374.4100036621094,5224.0
2025-11-12T17:01:00Z,374.3500061035156,374.3500061035156,374.3349914550781,374.3349914550781,374.3349914550781,1161.0
2025-11-12T17:02:00Z,374.3599853515625,374.44000244140625,374.3081970214844,374.32501220703125,374.32501220703125,3870.0
2025-11-12T17:03:00Z,374.32501220703125,374.6099853515625,374.32501220703125,374.489990234375,374.489990234375,10166.0
2025-11-12T17:04:00Z,374.4700012207031,374.5899963378906,374.30999755859375,374.5849914550781,374.5849914550781,3111.0
2025-11-12T17:05:00Z,374.6499938964844,374.7799987792969,374.5849914550781,374.6600036621094,374.6600036621094,3398.0
2025-11-12T17:06:00Z,374.6199951171875,374.8299865722656,374.6199951171875,374.80999755859375,374.80999755859375,1794.0
2025-11-12T17:07:00Z,374.7300109863281,374.7300109863281,374.45001220703125,374.57000732421875,374.57000732421875,14911.0
2025-11-12T17:08:00Z,374.6400146484375,374.6700134277344,374.57000732421875,374.57000732421875,374.57000732421875,1314.0
2025-11-12T17:09:00Z,374.625,374.6600036621094,374.58099365234375,374.5899963378906,374.5899963378906,1239.0
2025-11-12T17:10:00Z,374.5,374.5,374.2099914550781,374.3500061035156,374.3500061035156,4119.0
2025-11-12T17:11:00Z,374.3500061035156,374.3800048828125,374.2699890136719,374.2699890136719,374.2699890136719,1011.0
2025-11-12T17:12:00Z,374.260009765625,374.4750061035156,374.260009765625,374.3800048828125,374.3800048828125,2172.0
2025-11-12T17:13:00Z,374.3900146484375,374.4649963378906,374.3900146484375,374.4649963378906,374.4649963378906,980.0
2025-11-12T17:14:00Z,374.54998779296875,374.55999755859375,374.3599853515625,374.3599853515625,374.3599853515625,2614.0
2025-11-12T17:15:00Z,374.489990234375,374.489990234375,374.1700134277344,374.2099914550781,374.2099914550781,3236.0
2025-11-12T17:16:00Z,374.25,374.3503112792969,374.1300048828125,374.19000244140625,374.19000244140625,1982.0
2025-11-12T17:17:00Z,374.1300048828125,374.19000244140625,373.82000732421875,373.8800048828125,373.8800048828125,6581.0
2025-11-12T17:18:00Z,373.8999938964844,374.06988525390625,373.864990234375,373.9200134277344,373.9200134277344,4717.0
2025-11-12T17:19:00Z,373.94000244140625,374.07000732421875,373.8699951171875,373.9649963378906,373.9649963378906,2214.0
2025-11-12T17:20:00Z,373.9649963378906,374.07000732421875,373.8900146484375,374.0199890136719,374.0199890136719,4498.0
2025-11-12T17:21:00Z,374.0199890136719,374.3399963378906,373.9949951171875,374.2699890136719,374.2699890136719,4095.0
2025-11-12T17:22:00Z,374.4200134277344,374.4200134277344,374.1700134277344,374.2049865722656,374.2049865722656,2157.0
2025-11-12T17:23:00Z,374.2049865722656,374.2049865722656,373.8599853515625,373.9150085449219,373.9150085449219,3194.0
2025-11-12T17:24:00Z,373.9100036621094,373.9150085449219,373.7699890136719,373.8299865722656,373.8299865722656,4956.0
2025-11-12T17:25:00Z,373.760009765625,373.80999755859375,373.739990234375,373.739990234375,373.739990234375,1679.0
2025-11-12T17:26:00Z,373.6700134277344,373.75,373.510009765625,373.6600036621094,373.6600036621094,5345.0
2025-11-12T17:27:00Z,373.6600036621094,373.80999755859375,373.6600036621094,373.80999755859375,373.80999755859375,3301.0
2025-11-12T17:28:00Z,373.8800048828125,373.9599914550781,373.80999755859375,373.8500061035156,373.8500061035156,3514.0
2025-11-12T17:29:00Z,373.7699890136719,373.9200134277344,373.739990234375,373.8949890136719,373.8949890136719,2457.0
2025-11-12T17:30:00Z,373.8420104980469,374.07000732421875,373.8420104980469,373.989990234375,373.989990234375,2232.0
2025-11-12T17:31:00Z,373.9100036621094,373.9100036621094,373.7699890136719,373.82000732421875,373.82000732421875,2697.0
2025-11-12T17:32:00Z,373.7900085449219,373.7900085449219,373.7900085449219,373.7900085449219,373.7900085449219,229.0
2025-11-12T17:33:00Z,373.81500244140625,373.94000244140625,373.81500244140625,373.885009765625,373.885009765625,2270.0
2025-11-12T17:34:00Z,373.885009765625,373.885009765625,373.5899963378906,373.6485900878906,373.6485900878906,3418.0
2025-11-12T17:35:00Z,373.635009765625,373.7699890136719,373.5899963378906,373.6700134277344,373.6700134277344,11420.0
2025-11-12T17:36:00Z,373.68499755859375,373.68499755859375,373.6099853515625,373.67999267578125,373.67999267578125,875.0
2025-11-12T17:37:00Z,373.7799987792969,373.9599914550781,373.75,373.90679931640625,373.90679931640625,2916.0
2025-11-12T17:38:00Z,373.8900146484375,374.0,373.8900146484375,373.8900146484375,373.8900146484375,3773.0
2025-11-12T17:39:00Z,373.95001220703125,374.0,373.94000244140625,373.94500732421875,373.94500732421875,1410.0
2025-11-12T17:40:00Z,373.9800109863281,374.19000244140625,373.9800109863281,374.1199951171875,374.1199951171875,2226.0
2025-11-12T17:41:00Z,374.0899963378906,374.0899963378906,373.8500061035156,373.8500061035156,373.8500061035156,1725.0
2025-11-12T17:42:00Z,373.94000244140625,373.989990234375,373.7699890136719,373.8450012207031,373.8450012207031,4852.0
2025-11-12T17:43:00Z,373.80999755859375,373.9200134277344,373.80999755859375,373.8599853515625,373.8599853515625,1158.0
2025-11-12T17:44:00Z,373.82000732421875,373.95001220703125,373.7699890136719,373.92999267578125,373.92999267578125,4766.0
2025-11-12T17:45:00Z,374.0,374.1499938964844,373.92559814453125,374.0950012207031,374.0950012207031,2330.0
2025-11-12T17:46:00Z,374.17999267578125,374.19000244140625,374.1099853515625,374.1099853515625,374.1099853515625,1071.0
2025-11-12T17:47:00Z,374.19000244140625,374.2300109863281,374.0299987792969,374.1300048828125,374.1300048828125,1757.0
2025-11-12T17:48:00Z,374.07000732421875,374.114990234375,373.8699951171875,373.9949951171875,373.9949951171875,2332.0
2025-11-12T17:49:00Z,373.92498779296875,374.1199951171875,373.8500061035156,374.010009765625,374.010009765625,6927.0
2025-11-12T17:50:00Z,374.010009765625,374.010009765625,373.7699890136719,373.79998779296875,373.79998779296875,2149.0
2025-11-12T17:51:00Z,373.8800048828125,373.989990234375,373.79998779296875,373.79998779296875,373.79998779296875,5410.0
2025-11-12T17:52:00Z,373.8699951171875,374.05999755859375,373.7950134277344,374.04998779296875,374.04998779296875,2643.0
2025-11-12T17:53:00Z,374.05999755859375,374.05999755859375,373.8135070800781,373.8135070800781,373.8135070800781,2375.0
2025-11-12T17:54:00Z,373.95001220703125,374.0299987792969,373.94500732421875,373.9700012207031,373.9700012207031,1202.0
2025-11-12T17:55:00Z,374.0299987792969,374.0899963378906,373.9169006347656,373.9169006347656,373.9169006347656,1188.0
2025-11-12T17:56:00Z,373.9700012207031,373.989990234375,373.8800048828125,373.9700012207031,373.9700012207031,3033.0
2025-11-12T17:57:00Z,373.9800109863281,374.0799865722656,373.9599914550781,374.0799865722656,374.0799865722656,2598.0
2025-11-12T17:58:00Z,374.0799865722656,374.1300048828125,374.0450134277344,374.1300048828125,374.1300048828125,1265.0
2025-11-12T17:59:00Z,374.05499267578125,374.05499267578125,374.05499267578125,374.05499267578125,374.05499267578125,79.0
2025-11-12T18:00:00Z,374.010009765625,374.2799987792969,373.989990234375,374.2799987792969,374.2799987792969,3908.0
2025-11-12T18:01:00Z,374.2449951171875,374.4800109863281,374.20001220703125,374.3742980957031,374.3742980957031,4620.0
2025-11-12T18:02:00Z,374.3800048828125,374.489990234375,374.260009765625,374.44000244140625,374.44000244140625,3644.0
2025-11-12T18:03:00Z,374.3900146484375,374.4049987792969,374.3299865722656,374.3299865722656,374.3299865722656,1724.0
2025-11-12T18:04:00Z,374.3349914550781,374.54998779296875,374.3349914550781,374.54998779296875,374.54998779296875,5081.0
2025-11-12T18:05:00Z,374.5799865722656,374.6199951171875,374.45001220703125,374.6199951171875,374.6199951171875,1147.0
2025-11-12T18:06:00Z,374.6199951171875,374.7200012207031,374.5400085449219,374.5450134277344,374.5450134277344,3789.0
2025-11-12T18:07:00Z,374.6099853515625,374.7300109863281,374.4100036621094,374.45001220703125,374.45001220703125,5562.0
2025-11-12T18:08:00Z,374.5,374.57000732421875,374.4800109863281,374.57000732421875,374.57000732421875,1157.0
2025-11-12T18:09:00Z,374.4800109863281,374.4800109863281,374.3699951171875,374.3699951171875,374.3699951171875,1645.0
2025-11-12T18:10:00Z,374.3999938964844,374.5021057128906,374.3500061035156,374.3599853515625,374.3599853515625,2685.0
2025-11-12T18:11:00Z,374.42999267578125,374.5050048828125,374.4100036621094,374.5050048828125,374.5050048828125,1464.0
2025-11-12T18:12:00Z,374.5050048828125,374.7900085449219,374.5050048828125,374.7900085449219,374.7900085449219,2347.0
2025-11-12T18:13:00Z,374.8999938964844,375.1000061035156,374.4100036621094,374.5950012207031,374.5950012207031,18784.0
2025-11-12T18:14:00Z,374.6700134277344,374.8599853515625,374.6700134277344,374.7449951171875,374.7449951171875,1912.0
2025-11-12T18:15:00Z,374.75,374.75,374.6400146484375,374.7149963378906,374.7149963378906,2133.0
2025-11-12T18:16:00Z,374.7799987792969,374.7900085449219,374.55499267578125,374.55499267578125,374.55499267578125,2845.0
2025-11-12T18:17:00Z,374.55499267578125,374.739990234375,374.5,374.6448059082031,374.6448059082031,2041.0
2025-11-12T18:18:00Z,374.4200134277344,374.6476135253906,374.3999938964844,374.5299987792969,374.5299987792969,811.0
2025-11-12T18:19:00Z,374.4100036621094,374.5249938964844,374.3800048828125,374.510009765625,374.510009765625,2992.0
2025-11-12T18:20:00Z,374.510009765625,374.5150146484375,374.3599853515625,374.3599853515625,374.3599853515625,2102.0
2025-11-12T18:21:00Z,374.2900085449219,374.2900085449219,374.25,374.260009765625,374.260009765625,1569.0
2025-11-12T18:22:00Z,374.19000244140625,374.19000244140625,374.0199890136719,374.0400085449219,374.0400085449219,1994.0
2025-11-12T18:23:00Z,374.0899963378906,374.1300048828125,373.8299865722656,373.8299865722656,373.8299865722656,3091.0
2025-11-12T18:24:00Z,373.9435119628906,373.95001220703125,373.6814880371094,373.69000244140625,373.69000244140625,2846.0
2025-11-12T18:25:00Z,373.6099853515625,373.79998779296875,373.6000061035156,373.67999267578125,373.67999267578125,2541.0
2025-11-12T18:26:00Z,373.7099914550781,373.79998779296875,373.5,373.5,373.5,4118.0
2025-11-12T18:27:00Z,373.5740051269531,373.739990234375,373.57000732421875,373.6101989746094,373.6101989746094,3720.0
2025-11-12T18:28:00Z,373.69000244140625,373.69000244140625,373.55999755859375,373.55999755859375,373.55999755859375,1355.0
2025-11-12T18:29:00Z,373.6000061035156,373.75,373.6000061035156,373.69000244140625,373.69000244140625,2934.0
2025-11-12T18:30:00Z,373.7250061035156,374.04998779296875,373.7250061035156,374.04998779296875,374.04998779296875,1686.0
2025-11-12T18:31:00Z,374.0299987792969,374.1300048828125,374.0,374.010009765625,374.010009765625,1235.0
2025-11-12T18:32:00Z,374.0400085449219,374.1300048828125,374.0072021484375,374.1300048828125,374.1300048828125,643.0
2025-11-12T18:33:00Z,374.0350036621094,374.2900085449219,374.0350036621094,374.1449890136719,374.1449890136719,2458.0
2025-11-12T18:34:00Z,374.1600036621094,374.3399963378906,374.1600036621094,374.2349853515625,374.2349853515625,2901.0
2025-11-12T18:35:00Z,374.3299865722656,374.3999938964844,374.2349853515625,374.3699951171875,374.3699951171875,2793.0
2025-11-12T18:36:00Z,374.3599853515625,374.3900146484375,374.24249267578125,374.2900085449219,374.2900085449219,1336.0
2025-11-12T18:37:00Z,374.2099914550781,374.4700012207031,374.2099914550781,374.4200134277344,374.4200134277344,3117.0
2025-11-12T18:38:00Z,374.3900146484375,374.44000244140625,374.3699951171875,374.3900146484375,374.3900146484375,1786.0
2025-11-12T18:39:00Z,374.3550109863281,374.4399108886719,374.010009765625,374.1400146484375,374.1400146484375,3490.0
2025-11-12T18:40:00Z,374.19000244140625,374.3599853515625,374.19000244140625,374.239990234375,374.239990234375,2039.0
2025-11-12T18:41:00Z,374.2300109863281,374.2300109863281,374.2300109863281,374.2300109863281,374.2300109863281,127.0
2025-11-12T18:42:00Z,374.1600036621094,374.2200012207031,374.04998779296875,374.1730041503906,374.1730041503906,2829.0
2025-11-12T18:43:00Z,374.13079833984375,374.17999267578125,374.0799865722656,374.1675109863281,374.1675109863281,1301.0
2025-11-12T18:44:00Z,374.22869873046875,374.22869873046875,374.1700134277344,374.1700134277344,374.1700134277344,500.0
2025-11-12T18:45:00Z,374.2200012207031,374.2900085449219,374.1000061035156,374.2900085449219,374.2900085449219,6573.0
2025-11-12T18:46:00Z,374.20001220703125,374.2900085449219,374.1499938964844,374.2200012207031,374.2200012207031,3798.0
2025-11-12T18:47:00Z,374.239990234375,374.2650146484375,374.239990234375,374.2650146484375,374.2650146484375,856.0
2025-11-12T18:48:00Z,374.260009765625,374.260009765625,374.17999267578125,374.2373962402344,374.2373962402344,1599.0
2025-11-12T18:49:00Z,374.25,374.2799987792969,374.17999267578125,374.2349853515625,374.2349853515625,1122.0
2025-11-12T18:50:00Z,374.2900085449219,374.2900085449219,373.9599914550781,374.0450134277344,374.0450134277344,3658.0
2025-11-12T18:51:00Z,374.07000732421875,374.1300048828125,374.0299987792969,374.0799865722656,374.0799865722656,1835.0
2025-11-12T18:52:00Z,374.07000732421875,374.07000732421875,373.8699951171875,373.8699951171875,373.8699951171875,1534.0
2025-11-12T18:53:00Z,373.8999938964844,374.1099853515625,373.8999938964844,374.0899963378906,374.0899963378906,3485.0
2025-11-12T18:54:00Z,374.1099853515625,374.1400146484375,373.9901123046875,374.0849914550781,374.0849914550781,2648.0
2025-11-12T18:55:00Z,374.07000732421875,374.17999267578125,373.94000244140625,373.94000244140625,373.94000244140625,2782.0
2025-11-12T18:56:00Z,373.9800109863281,374.07000732421875,373.92999267578125,374.0150146484375,374.0150146484375,1910.0
2025-11-12T18:57:00Z,374.05999755859375,374.20001220703125,374.05999755859375,374.1549987792969,374.1549987792969,1597.0
2025-11-12T18:58:00Z,374.1549987792969,374.1600036621094,374.0299987792969,374.1600036621094,374.1600036621094,2430.0
2025-11-12T18:59:00Z,374.1484069824219,374.2099914550781,374.0400085449219,374.1300048828125,374.1300048828125,2523.0
2025-11-12T19:00:00Z,374.1400146484375,374.3500061035156,373.7099914550781,373.7099914550781,373.7099914550781,15910.0
2025-11-12T19:01:00Z,373.7099914550781,373.7099914550781,373.5899963378906,373.69000244140625,373.69000244140625,1462.0
2025-11-12T19:02:00Z,373.6700134277344,373.8599853515625,373.6700134277344,373.8550109863281,373.8550109863281,2833.0
2025-11-12T19:03:00Z,373.92999267578125,373.9867858886719,373.8900146484375,373.8900146484375,373.8900146484375,1066.0
2025-11-12T19:04:00Z,373.8900146484375,373.9700012207031,373.7900085449219,373.8500061035156,373.8500061035156,2254.0
2025-11-12T19:05:00Z,373.8299865722656,373.8500061035156,373.69500732421875,373.7200012207031,373.7200012207031,1573.0
2025-11-12T19:06:00Z,373.7900085449219,373.7900085449219,373.7099914550781,373.7099914550781,373.7099914550781,1997.0
2025-11-12T19:07:00Z,373.69000244140625,373.69500732421875,373.6300048828125,373.6650085449219,373.6650085449219,701.0
2025-11-12T19:08:00Z,373.5400085449219,373.7900085449219,373.5400085449219,373.7900085449219,373.7900085449219,1305.0
2025-11-12T19:09:00Z,373.739990234375,373.7900085449219,373.45880126953125,373.5199890136719,373.5199890136719,5356.0
2025-11-12T19:10:00Z,373.427001953125,373.739990234375,373.427001953125,373.70001220703125,373.70001220703125,3469.0
2025-11-12T19:11:00Z,373.7049865722656,373.7049865722656,373.7049865722656,373.7049865722656,373.7049865722656,434.0
2025-11-12T19:12:00Z,373.7049865722656,373.7799987792969,373.6700134277344,373.7300109863281,373.7300109863281,1419.0
2025-11-12T19:13:00Z,373.7250061035156,373.9299011230469,373.7250061035156,373.9299011230469,373.9299011230469,1864.0
2025-11-12T19:14:00Z,373.9175109863281,373.9175109863281,373.67999267578125,373.79998779296875,373.79998779296875,2572.0
2025-11-12T19:15:00Z,373.7300109863281,373.7699890136719,373.70001220703125,373.760009765625,373.760009765625,2162.0
2025-11-12T19:16:00Z,373.7130126953125,373.7699890136719,373.6512145996094,373.74859619140625,373.74859619140625,1630.0
2025-11-12T19:17:00Z,373.82000732421875,373.82000732421875,373.69000244140625,373.7300109863281,373.7300109863281,1584.0
2025-11-12T19:18:00Z,373.7300109863281,373.80999755859375,373.6700134277344,373.739990234375,373.739990234375,2145.0
2025-11-12T19:19:00Z,373.8299865722656,374.0,373.8299865722656,373.9200134277344,373.9200134277344,4367.0
2025-11-12T19:20:00Z,373.9800109863281,374.1499938964844,373.95001220703125,373.9700012207031,373.9700012207031,2095.0
2025-11-12T19:21:00Z,373.93499755859375,373.95001220703125,373.8450012207031,373.95001220703125,373.95001220703125,1122.0
2025-11-12T19:22:00Z,373.9700012207031,374.010009765625,373.8900146484375,373.8900146484375,373.8900146484375,1703.0
2025-11-12T19:23:00Z,374.00860595703125,374.00860595703125,373.9200134277344,373.989990234375,373.989990234375,677.0
2025-11-12T19:24:00Z,373.9700012207031,374.0,373.9700012207031,373.9949951171875,373.9949951171875,693.0
2025-11-12T19:25:00Z,374.04998779296875,374.1499938964844,374.04998779296875,374.1499938964844,374.1499938964844,1630.0
2025-11-12T19:26:00Z,374.1400146484375,374.3999938964844,374.1400146484375,374.3999938964844,374.3999938964844,3547.0
2025-11-12T19:27:00Z,374.3299865722656,374.3599853515625,374.25750732421875,374.3599853515625,374.3599853515625,3504.0
2025-11-12T19:28:00Z,374.3599853515625,374.3599853515625,374.1000061035156,374.1000061035156,374.1000061035156,3166.0
2025-11-12T19:29:00Z,374.1499938964844,374.1650085449219,374.0899963378906,374.1099853515625,374.1099853515625,1601.0
2025-11-12T19:30:00Z,374.17498779296875,374.17498779296875,374.04998779296875,374.05999755859375,374.05999755859375,2949.0
2025-11-12T19:31:00Z,374.07000732421875,374.1499938964844,374.0249938964844,374.1499938964844,374.1499938964844,1495.0
2025-11-12T19:32:00Z,374.1700134277344,374.2699890136719,374.1282043457031,374.2699890136719,374.2699890136719,2110.0
2025-11-12T19:33:00Z,374.2699890136719,374.2699890136719,374.0400085449219,374.0799865722656,374.0799865722656,3348.0
2025-11-12T19:34:00Z,374.0899963378906,374.1767883300781,374.01080322265625,374.1300048828125,374.1300048828125,2883.0
2025-11-12T19:35:00Z,374.04998779296875,374.1499938964844,373.9700012207031,373.9700012207031,373.9700012207031,2681.0
2025-11-12T19:36:00Z,373.9700012207031,374.20001220703125,373.9700012207031,374.114990234375,374.114990234375,2884.0
2025-11-12T19:37:00Z,374.1600036621094,374.3900146484375,374.1600036621094,374.3500061035156,374.3500061035156,2620.0
2025-11-12T19:38:00Z,374.32501220703125,374.5386047363281,374.32501220703125,374.385009765625,374.385009765625,2377.0
2025-11-12T19:39:00Z,374.3299865722656,374.5199890136719,374.25,374.44000244140625,374.44000244140625,2732.0
2025-11-12T19:40:00Z,374.3699951171875,374.3699951171875,374.239990234375,374.2699890136719,374.2699890136719,2169.0
2025-11-12T19:41:00Z,374.29998779296875,374.4100036621094,374.1499938964844,374.4100036621094,374.4100036621094,4779.0
2025-11-12T19:42:00Z,374.3999938964844,374.4700012207031,374.3999938964844,374.4700012207031,374.4700012207031,1688.0
2025-11-12T19:43:00Z,374.4750061035156,374.57000732421875,374.4100036621094,374.55999755859375,374.55999755859375,4958.0
2025-11-12T19:44:00Z,374.52130126953125,374.5450134277344,374.3500061035156,374.3599853515625,374.3599853515625,3075.0
2025-11-12T19:45:00Z,374.3999938964844,374.5899963378906,374.3999938964844,374.5899963378906,374.5899963378906,3129.0
2025-11-12T19:46:00Z,374.5299987792969,374.5299987792969,374.3399963378906,374.3399963378906,374.3399963378906,2844.0
2025-11-12T19:47:00Z,374.3299865722656,374.6099853515625,374.2799987792969,374.54998779296875,374.54998779296875,5211.0
2025-11-12T19:48:00Z,374.54998779296875,374.54998779296875,374.3900146484375,374.3900146484375,374.3900146484375,3160.0
2025-11-12T19:49:00Z,374.3299865722656,374.3699951171875,374.3299865722656,374.3699951171875,374.3699951171875,655.0
2025-11-12T19:50:00Z,374.30999755859375,374.3999938964844,374.29998779296875,374.32000732421875,374.32000732421875,2111.0
2025-11-12T19:51:00Z,374.32000732421875,374.39990234375,374.2900085449219,374.30999755859375,374.30999755859375,1076.0
2025-11-12T19:52:00Z,374.3800048828125,374.3800048828125,374.239990234375,374.30999755859375,374.30999755859375,3468.0
2025-11-12T19:53:00Z,374.32000732421875,374.4649963378906,374.32000732421875,374.4649963378906,374.4649963378906,4060.0
2025-11-12T19:54:00Z,374.4649963378906,374.510009765625,374.4200134277344,374.4599914550781,374.4599914550781,3964.0
2025-11-12T19:55:00Z,374.3900146484375,374.44000244140625,374.3599853515625,374.3623962402344,374.3623962402344,3251.0
2025-11-12T19:56:00Z,374.42999267578125,374.489990234375,374.2936096191406,374.29998779296875,374.29998779296875,7475.0
2025-11-12T19:57:00Z,374.3599853515625,374.42999267578125,374.25,374.25,374.25,3950.0
2025-11-12T19:58:00Z,374.2550048828125,374.2550048828125,374.1000061035156,374.1000061035156,374.1000061035156,1138.0
2025-11-12T19:59:00Z,374.2200012207031,374.30999755859375,374.1700134277344,374.30999755859375,374.30999755859375,1294.0
2025-11-12T20:00:00Z,374.2850036621094,374.3699951171875,374.2774963378906,374.3008117675781,374.3008117675781,5872.0
2025-11-12T20:01:00Z,374.3999938964844,374.3999938964844,374.2900085449219,374.3599853515625,374.3599853515625,2799.0
2025-11-12T20:02:00Z,374.3999938964844,374.4200134277344,374.2850036621094,374.3299865722656,374.3299865722656,2454.0
2025-11-12T20:03:00Z,374.4100036621094,374.4800109863281,374.4100036621094,374.4700012207031,374.4700012207031,1603.0
2025-11-12T20:04:00Z,374.4200134277344,374.42999267578125,374.2900085449219,374.375,374.375,2377.0
2025-11-12T20:05:00Z,374.375,374.375,374.07000732421875,374.1099853515625,374.1099853515625,6509.0
2025-11-12T20:06:00Z,374.20001220703125,374.3500061035156,374.17999267578125,374.3399963378906,374.3399963378906,3022.0
2025-11-12T20:07:00Z,374.3500061035156,374.4700012207031,374.3399963378906,374.3699951171875,374.3699951171875,6945.0
2025-11-12T20:08:00Z,374.4100036621094,374.5400085449219,374.3804931640625,374.4049987792969,374.4049987792969,4025.0
2025-11-12T20:09:00Z,374.3900146484375,374.510009765625,374.3500061035156,374.4599914550781,374.4599914550781,3108.0
2025-11-12T20:10:00Z,374.4599914550781,374.4700012207031,374.3399963378906,374.3800048828125,374.3800048828125,4023.0
2025-11-12T20:11:00Z,374.4100036621094,374.44000244140625,374.3399963378906,374.44000244140625,374.44000244140625,3635.0
2025-11-12T20:12:00Z,374.43499755859375,374.510009765625,374.3599853515625,374.4200134277344,374.4200134277344,3895.0
2025-11-12T20:13:00Z,374.45001220703125,374.5,374.42498779296875,374.44000244140625,374.44000244140625,3659.0
2025-11-12T20:14:00Z,374.4088134765625,374.6400146484375,374.364990234375,374.5899963378906,374.5899963378906,5963.0
2025-11-12T20:15:00Z,374.5799865722656,374.6199951171875,374.510009765625,374.53338623046875,374.53338623046875,1725.0
2025-11-12T20:16:00Z,374.56500244140625,374.6099853515625,374.4100036621094,374.6099853515625,374.6099853515625,11988.0
2025-11-12T20:17:00Z,374.57501220703125,374.57501220703125,374.510009765625,374.5299987792969,374.5299987792969,2793.0
2025-11-12T20:18:00Z,374.5299987792969,374.56201171875,374.3450012207031,374.44500732421875,374.44500732421875,5084.0
2025-11-12T20:19:00Z,374.4049987792969,374.5199890136719,374.3999938964844,374.5199890136719,374.5199890136719,2378.0
2025-11-12T20:20:00Z,374.4649963378906,374.4700012207031,374.3399963378906,374.3399963378906,374.3399963378906,3768.0
2025-11-12T20:21:00Z,374.3500061035156,374.42999267578125,374.30999755859375,374.3349914550781,374.3349914550781,9658.0
2025-11-12T20:22:00Z,374.3450012207031,374.4800109863281,374.2799987792969,374.4549865722656,374.4549865722656,3339.0
2025-11-12T20:23:00Z,374.3999938964844,374.3999938964844,374.2300109863281,374.239990234375,374.239990234375,3221.0
2025-11-12T20:24:00Z,374.3500061035156,374.3500061035156,374.1300048828125,374.2099914550781,374.2099914550781,4441.0
2025-11-12T20:25:00Z,374.17010498046875,374.29998779296875,374.17010498046875,374.2699890136719,374.2699890136719,8053.0
2025-11-12T20:26:00Z,374.2650146484375,374.4100036621094,374.25,374.2900085449219,374.2900085449219,5354.0
2025-11-12T20:27:00Z,374.2900085449219,374.3800048828125,374.2900085449219,374.3399963378906,374.3399963378906,1631.0
2025-11-12T20:28:00Z,374.3399963378906,374.6499938964844,374.3399963378906,374.6099853515625,374.6099853515625,4960.0
2025-11-12T20:29:00Z,374.6499938964844,374.6700134277344,374.42999267578125,374.42999267578125,374.42999267578125,7080.0
2025-11-12T20:30:00Z,374.4599914550781,374.4599914550781,374.3699951171875,374.375,374.375,2574.0
2025-11-12T20:31:00Z,374.42999267578125,374.5400085449219,374.4100036621094,374.42999267578125,374.42999267578125,10352.0
2025-11-12T20:32:00Z,374.42999267578125,374.6099853515625,374.42999267578125,374.6099853515625,374.6099853515625,4029.0
2025-11-12T20:33:00Z,374.6050109863281,374.6600036621094,374.5,374.5299987792969,374.5299987792969,4424.0
2025-11-12T20:34:00Z,374.5299987792969,374.5299987792969,374.3999938964844,374.4700012207031,374.4700012207031,4918.0
2025-11-12T20:35:00Z,374.4849853515625,374.57501220703125,374.45001220703125,374.55999755859375,374.55999755859375,4394.0
2025-11-12T20:36:00Z,374.5790100097656,374.6000061035156,374.45001220703125,374.5,374.5,5322.0
2025-11-12T20:37:00Z,374.5014953613281,374.5400085449219,374.4700012207031,374.5299987792969,374.5299987792969,3766.0
2025-11-12T20:38:00Z,374.5150146484375,374.6000061035156,374.4599914550781,374.6000061035156,374.6000061035156,8052.0
2025-11-12T20:39:00Z,374.6000061035156,374.7799987792969,374.6000061035156,374.75,374.75,5317.0
2025-11-12T20:40:00Z,374.7699890136719,374.8900146484375,374.70001220703125,374.8900146484375,374.8900146484375,6020.0
2025-11-12T20:41:00Z,374.8800048828125,374.989990234375,374.8800048828125,374.977294921875,374.977294921875,7354.0
2025-11-12T20:42:00Z,375.0,375.0899963378906,374.92999267578125,374.9851989746094,374.9851989746094,6470.0
2025-11-12T20:43:00Z,375.0299987792969,375.0400085449219,374.8699951171875,374.95001220703125,374.95001220703125,5541.0
2025-11-12T20:44:00Z,374.9700012207031,375.0199890136719,374.8511047363281,375.0199890136719,375.0199890136719,4591.0
2025-11-12T20:45:00Z,374.989990234375,375.0,374.68499755859375,374.75,374.75,8514.0
2025-11-12T20:46:00Z,374.75,374.7550048828125,374.61151123046875,374.6449890136719,374.6449890136719,8990.0
2025-11-12T20:47:00Z,374.70001220703125,374.8330078125,374.69000244140625,374.69000244140625,374.69000244140625,8478.0
2025-11-12T20:48:00Z,374.7449951171875,374.82000732421875,374.29998779296875,374.4100036621094,374.4100036621094,11022.0
2025-11-12T20:49:00Z,374.4100036621094,374.45001220703125,374.2300109863281,374.3949890136719,374.3949890136719,6385.0
2025-11-12T20:50:00Z,374.4800109863281,374.7099914550781,374.3399963378906,374.3501892089844,374.3501892089844,18497.0
2025-11-12T20:51:00Z,374.3699951171875,374.44000244140625,374.2300109863281,374.2900085449219,374.2900085449219,11968.0
2025-11-12T20:52:00Z,374.2900085449219,374.2900085449219,374.0199890136719,374.1000061035156,374.1000061035156,16021.0
2025-11-12T20:53:00Z,374.1400146484375,374.2300109863281,374.010009765625,374.1050109863281,374.1050109863281,16145.0
2025-11-12T20:54:00Z,374.0899963378906,374.1199951171875,373.6099853515625,373.6099853515625,373.6099853515625,15547.0
2025-11-12T20:55:00Z,373.6650085449219,373.739990234375,373.0899963378906,373.1549987792969,373.1549987792969,32377.0
2025-11-12T20:56:00Z,373.05999755859375,373.20001220703125,372.9200134277344,373.0299987792969,373.0299987792969,39703.0
2025-11-12T20:57:00Z,373.07501220703125,373.1099853515625,372.6499938964844,372.67999267578125,372.67999267578125,50555.0
2025-11-12T20:58:00Z,372.67999267578125,372.8890075683594,372.3500061035156,372.4549865722656,372.4549865722656,72450.0
2025-11-12T20:59:00Z,372.489990234375,373.20001220703125,372.4649963378906,372.69000244140625,372.69000244140625,150431.0
2025-11-13T14:30:00Z,371.0899963378906,373.07000732421875,371.0899963378906,372.8699951171875,372.8699951171875,37435.0
2025-11-13T14:31:00Z,372.75,373.5,371.960205078125,373.0950012207031,373.0950012207031,7693.0
2025-11-13T14:32:00Z,372.92999267578125,373.5899963378906,372.6600036621094,373.489990234375,373.489990234375,6848.0
2025-11-13T14:33:00Z,373.510009765625,373.5899963378906,373.0950012207031,373.1400146484375,373.1400146484375,4729.0
2025-11-13T14:34:00Z,373.1449890136719,373.8908996582031,372.7900085449219,372.8550109863281,372.8550109863281,4415.0
2025-11-13T14:35:00Z,372.864990234375,373.2149963378906,372.6600036621094,372.7250061035156,372.7250061035156,6220.0
2025-11-13T14:36:00Z,372.57000732421875,373.42999267578125,372.2799987792969,373.2850036621094,373.2850036621094,5224.0
2025-11-13T14:37:00Z,373.2099914550781,373.2900085449219,372.5950012207031,373.07000732421875,373.07000732421875,3387.0
2025-11-13T14:38:00Z,372.67999267578125,373.2900085449219,372.54998779296875,373.2449951171875,373.2449951171875,2025.0
2025-11-13T14:39:00Z,373.2449951171875,373.7200012207031,372.9800109863281,373.0150146484375,373.0150146484375,4223.0
2025-11-13T14:40:00Z,372.9609069824219,373.2799987792969,372.8399963378906,373.114990234375,373.114990234375,5686.0
2025-11-13T14:41:00Z,373.239990234375,373.57000732421875,372.95001220703125,373.57000732421875,373.57000732421875,10161.0
2025-11-13T14:42:00Z,373.364990234375,373.7300109863281,373.1400146484375,373.1400146484375,373.1400146484375,8374.0
2025-11-13T14:43:00Z,373.0199890136719,373.29998779296875,372.7900085449219,372.7900085449219,372.7900085449219,4635.0
2025-11-13T14:44:00Z,372.81500244140625,373.6400146484375,372.70001220703125,373.0,373.0,3841.0
2025-11-13T14:45:00Z,372.8599853515625,373.5,372.70001220703125,373.1099853515625,373.1099853515625,12508.0
2025-11-13T14:46:00Z,373.1099853515625,373.41790771484375,372.7699890136719,372.94000244140625,372.94000244140625,4275.0
2025-11-13T14:47:00Z,372.94500732421875,373.44000244140625,372.94500732421875,373.44000244140625,373.44000244140625,5555.0
2025-11-13T14:48:00Z,373.42999267578125,373.42999267578125,372.6700134277344,372.69000244140625,372.69000244140625,3545.0
2025-11-13T14:49:00Z,372.8399963378906,373.44000244140625,372.7550048828125,373.44000244140625,373.44000244140625,5845.0
2025-11-13T14:50:00Z,373.32000732421875,373.44000244140625,372.5950012207031,372.69500732421875,372.69500732421875,5038.0
2025-11-13T14:51:00Z,372.69500732421875,373.04998779296875,372.4200134277344,372.885009765625,372.885009765625,4583.0
2025-11-13T14:52:00Z,372.8450012207031,373.1300048828125,372.6600036621094,373.1300048828125,373.1300048828125,2757.0
2025-11-13T14:53:00Z,372.9100036621094,372.9800109863281,372.6600036621094,372.68011474609375,372.68011474609375,4436.0
2025-11-13T14:54:00Z,372.8999938964844,372.9800109863281,372.54998779296875,372.54998779296875,372.54998779296875,3576.0
2025-11-13T14:55:00Z,372.70001220703125,372.989990234375,372.4200134277344,372.864990234375,372.864990234375,7243.0
2025-11-13T14:56:00Z,372.6600036621094,372.6600036621094,371.92999267578125,372.3399963378906,372.3399963378906,4580.0
2025-11-13T14:57:00Z,372.2405090332031,372.44000244140625,372.04998779296875,372.3500061035156,372.3500061035156,4357.0
2025-11-13T14:58:00Z,372.3999938964844,372.5400085449219,372.2300109863281,372.29998779296875,372.29998779296875,3459.0
2025-11-13T14:59:00Z,372.32000732421875,372.3500061035156,372.05999755859375,372.19000244140625,372.19000244140625,3142.0
2025-11-13T15:00:00Z,372.20001220703125,372.55999755859375,372.05999755859375,372.55999755859375,372.55999755859375,8645.0
2025-11-13T15:01:00Z,372.44000244140625,372.8399963378906,372.2300109863281,372.6400146484375,372.6400146484375,5928.0
2025-11-13T15:02:00Z,372.760009765625,372.760009765625,372.3900146484375,372.5400085449219,372.5400085449219,4775.0
2025-11-13T15:03:00Z,372.7099914550781,372.9700012207031,372.5849914550781,372.7699890136719,372.7699890136719,4800.0
2025-11-13T15:04:00Z,372.7699890136719,372.7699890136719,371.94000244140625,371.94000244140625,371.94000244140625,5497.0
2025-11-13T15:05:00Z,372.1400146484375,372.44000244140625,371.92999267578125,372.43499755859375,372.43499755859375,3848.0
2025-11-13T15:06:00Z,372.4869079589844,372.75,372.4750061035156,372.67999267578125,372.67999267578125,3498.0
2025-11-13T15:07:00Z,372.69000244140625,372.92498779296875,372.360107421875,372.7300109863281,372.7300109863281,7540.0
2025-11-13T15:08:00Z,372.69000244140625,372.7300109863281,372.32000732421875,372.6499938964844,372.6499938964844,3481.0
2025-11-13T15:09:00Z,372.6449890136719,372.9700012207031,372.5,372.8399963378906,372.8399963378906,4408.0
2025-11-13T15:10:00Z,372.9700012207031,372.9800109863281,372.3565979003906,372.6449890136719,372.6449890136719,2471.0
2025-11-13T15:11:00Z,372.8500061035156,373.0799865722656,372.6449890136719,373.07000732421875,373.07000732421875,6791.0
2025-11-13T15:12:00Z,373.07000732421875,373.25,372.9200134277344,373.0899963378906,373.0899963378906,5473.0
2025-11-13T15:13:00Z,373.25,373.29998779296875,372.7300109863281,372.82000732421875,372.82000732421875,3973.0
2025-11-13T15:14:00Z,372.7699890136719,372.7699890136719,372.25,372.25,372.25,2277.0
2025-11-13T15:15:00Z,372.29998779296875,372.69000244140625,372.29998779296875,372.625,372.625,2836.0
2025-11-13T15:16:00Z,372.625,372.7300109863281,372.3900146484375,372.510009765625,372.510009765625,12964.0
2025-11-13T15:17:00Z,372.5350036621094,372.5350036621094,372.0299987792969,372.1199951171875,372.1199951171875,3929.0
2025-11-13T15:18:00Z,372.125,372.21600341796875,372.0799865722656,372.1549987792969,372.1549987792969,2029.0
2025-11-13T15:19:00Z,372.1549987792969,372.29998779296875,372.1405029296875,372.2998962402344,372.2998962402344,3057.0
2025-11-13T15:20:00Z,372.18499755859375,372.7650146484375,372.05999755859375,372.69500732421875,372.69500732421875,10243.0
2025-11-13T15:21:00Z,372.69500732421875,372.69500732421875,372.5,372.6449890136719,372.6449890136719,2102.0
2025-11-13T15:22:00Z,372.6449890136719,372.6449890136719,372.3999938964844,372.6199951171875,372.6199951171875,1696.0
2025-11-13T15:23:00Z,372.6199951171875,372.6199951171875,372.2200012207031,372.2950134277344,372.2950134277344,2695.0
2025-11-13T15:24:00Z,372.2900085449219,372.6400146484375,372.2099914550781,372.30999755859375,372.30999755859375,3670.0
2025-11-13T15:25:00Z,372.0,372.0,371.6960144042969,371.7550048828125,371.7550048828125,3495.0
2025-11-13T15:26:00Z,371.92999267578125,371.9599914550781,371.57000732421875,371.739990234375,371.739990234375,4912.0
2025-11-13T15:27:00Z,371.7250061035156,371.8500061035156,371.3800048828125,371.5899963378906,371.5899963378906,3959.0
2025-11-13T15:28:00Z,371.67999267578125,371.79998779296875,371.5,371.739990234375,371.739990234375,4388.0
2025-11-13T15:29:00Z,371.79998779296875,371.92999267578125,371.70001220703125,371.7099914550781,371.7099914550781,2601.0
2025-11-13T15:30:00Z,371.67999267578125,371.760009765625,371.4800109863281,371.6549987792969,371.6549987792969,2652.0
2025-11-13T15:31:00Z,371.8900146484375,372.2900085449219,371.8699951171875,372.1300048828125,372.1300048828125,2886.0
2025-11-13T15:32:00Z,372.0,372.1199951171875,371.7200012207031,371.7200012207031,371.7200012207031,2924.0
2025-11-13T15:33:00Z,371.79998779296875,371.79998779296875,371.7149963378906,371.7149963378906,371.7149963378906,1128.0
2025-11-13T15:34:00Z,371.7149963378906,371.7149963378906,371.4150085449219,371.54998779296875,371.54998779296875,3475.0
2025-11-13T15:35:00Z,371.5,371.6600036621094,371.3399963378906,371.42999267578125,371.42999267578125,1527.0
2025-11-13T15:36:00Z,371.5199890136719,371.82000732421875,371.5,371.80499267578125,371.80499267578125,1416.0
2025-11-13T15:37:00Z,371.8299865722656,371.8299865722656,371.2799987792969,371.4800109863281,371.4800109863281,4797.0
2025-11-13T15:38:00Z,371.42999267578125,371.5,371.239990234375,371.385009765625,371.385009765625,1505.0
2025-11-13T15:39:00Z,371.385009765625,371.7099914550781,371.340087890625,371.7099914550781,371.7099914550781,3476.0
2025-11-13T15:40:00Z,371.6099853515625,371.8500061035156,371.5199890136719,371.8500061035156,371.8500061035156,2066.0
2025-11-13T15:41:00Z,371.8800048828125,371.8800048828125,371.3299865722656,371.4800109863281,371.4800109863281,10180.0
2025-11-13T15:42:00Z,371.4800109863281,371.5400085449219,371.3599853515625,371.5400085449219,371.5400085449219,2068.0
2025-11-13T15:43:00Z,371.6400146484375,371.739990234375,371.4649963378906,371.6099853515625,371.6099853515625,1238.0
2025-11-13T15:44:00Z,371.3900146484375,371.3999938964844,371.20001220703125,371.3349914550781,371.3349914550781,3987.0
2025-11-13T15:45:00Z,371.4599914550781,371.4700012207031,370.82000732421875,370.82000732421875,370.82000732421875,5580.0
2025-11-13T15:46:00Z,370.80999755859375,371.1199951171875,370.7300109863281,370.8399963378906,370.8399963378906,3535.0
2025-11-13T15:47:00Z,370.739990234375,370.7699890136719,370.5299987792969,370.5899963378906,370.5899963378906,2475.0
2025-11-13T15:48:00Z,370.5199890136719,370.6700134277344,370.44000244140625,370.489990234375,370.489990234375,2599.0
2025-11-13T15:49:00Z,370.489990234375,370.489990234375,370.1969909667969,370.2300109863281,370.2300109863281,5831.0
2025-11-13T15:50:00Z,370.2406921386719,370.4495849609375,370.1499938964844,370.43499755859375,370.43499755859375,2576.0
2025-11-13T15:51:00Z,370.5299987792969,370.6199951171875,370.3800048828125,370.4200134277344,370.4200134277344,2282.0
2025-11-13T15:52:00Z,370.4150085449219,370.57000732421875,370.4150085449219,370.4150085449219,370.4150085449219,952.0
2025-11-13T15:53:00Z,370.5299987792969,370.5386962890625,370.260009765625,370.260009765625,370.260009765625,876.0
2025-11-13T15:54:00Z,370.2699890136719,370.3699951171875,370.14691162109375,370.25,370.25,4064.0
2025-11-13T15:55:00Z,370.2300109863281,370.3599853515625,369.8299865722656,369.9150085449219,369.9150085449219,3707.0
2025-11-13T15:56:00Z,370.0799865722656,370.0899963378906,369.7799987792969,369.82000732421875,369.82000732421875,3390.0
2025-11-13T15:57:00Z,369.7200012207031,369.9599914550781,369.6400146484375,369.9100036621094,369.9100036621094,2363.0
2025-11-13T15:58:00Z,369.9100036621094,370.1549987792969,369.82000732421875,370.1549987792969,370.1549987792969,4430.0
2025-11-13T15:59:00Z,370.04998779296875,370.1600036621094,369.92999267578125,370.1600036621094,370.1600036621094,2233.0
2025-11-13T16:00:00Z,370.1600036621094,370.6099853515625,370.1600036621094,370.30499267578125,370.30499267578125,4122.0
2025-11-13T16:01:00Z,370.30999755859375,370.5899963378906,370.1400146484375,370.1400146484375,370.1400146484375,1915.0
2025-11-13T16:02:00Z,369.989990234375,370.31500244140625,369.989990234375,370.1600036621094,370.1600036621094,2658.0
2025-11-13T16:03:00Z,370.260009765625,370.32000732421875,369.9200134277344,369.9700012207031,369.9700012207031,2424.0
2025-11-13T16:04:00Z,369.9649963378906,369.9700012207031,369.80999755859375,369.9100036621094,369.9100036621094,3921.0
2025-11-13T16:05:00Z,369.97198486328125,369.97198486328125,369.81500244140625,369.95001220703125,369.95001220703125,2038.0
2025-11-13T16:06:00Z,370.0299987792969,370.0299987792969,369.7200012207031,369.8349914550781,369.8349914550781,3615.0
2025-11-13T16:07:00Z,369.8299865722656,370.21600341796875,369.8299865722656,370.1199951171875,370.1199951171875,1232.0
2025-11-13T16:08:00Z,370.0950012207031,370.0950012207031,369.79998779296875,369.9100036621094,369.9100036621094,1673.0
2025-11-13T16:09:00Z,370.0,370.13751220703125,370.0,370.1000061035156,370.1000061035156,4227.0
2025-11-13T16:10:00Z,370.0400085449219,370.1199951171875,369.79998779296875,369.79998779296875,369.79998779296875,2762.0
2025-11-13T16:11:00Z,369.8399963378906,370.1300048828125,369.8399963378906,369.9849853515625,369.9849853515625,2522.0
2025-11-13T16:12:00Z,369.8599853515625,370.0299987792969,369.739990234375,369.9200134277344,369.9200134277344,2187.0
2025-11-13T16:13:00Z,369.79998779296875,370.0899963378906,369.79998779296875,369.9700012207031,369.9700012207031,2995.0
2025-11-13T16:14:00Z,369.94000244140625,370.07000732421875,369.8500061035156,370.0400085449219,370.0400085449219,2495.0
2025-11-13T16:15:00Z,370.0,370.07501220703125,369.8699951171875,369.8900146484375,369.8900146484375,1662.0
2025-11-13T16:16:00Z,369.8999938964844,369.9388122558594,369.70001220703125,369.7049865722656,369.7049865722656,5402.0
2025-11-13T16:17:00Z,369.6700134277344,369.69000244140625,369.5899963378906,369.69000244140625,369.69000244140625,1922.0
2025-11-13T16:18:00Z,369.67498779296875,369.9100036621094,369.5,369.5,369.5,5168.0
2025-11-13T16:19:00Z,369.3689880371094,369.3689880371094,369.0,369.1199951171875,369.1199951171875,3492.0
2025-11-13T16:20:00Z,369.17999267578125,369.5299987792969,369.0899963378906,369.3800048828125,369.3800048828125,4301.0
2025-11-13T16:21:00Z,369.375,369.375,369.17999267578125,369.17999267578125,369.17999267578125,3192.0
2025-11-13T16:22:00Z,369.2699890136719,369.4599914550781,369.239990234375,369.3900146484375,369.3900146484375,6096.0
2025-11-13T16:23:00Z,369.4200134277344,369.4599914550781,369.2699890136719,369.29998779296875,369.29998779296875,3107.0
2025-11-13T16:24:00Z,369.260009765625,369.260009765625,368.9599914550781,368.989990234375,368.989990234375,2153.0
2025-11-13T16:25:00Z,368.9700012207031,368.9700012207031,368.5400085449219,368.5400085449219,368.5400085449219,3505.0
2025-11-13T16:26:00Z,368.6600036621094,368.7799987792969,368.6099853515625,368.67999267578125,368.67999267578125,2661.0
2025-11-13T16:27:00Z,368.7799987792969,368.79998779296875,368.42999267578125,368.54998779296875,368.54998779296875,3504.0
2025-11-13T16:28:00Z,368.5899963378906,369.29998779296875,368.5050048828125,368.8599853515625,368.8599853515625,6785.0
2025-11-13T16:29:00Z,368.7900085449219,368.7900085449219,368.6199951171875,368.7799987792969,368.7799987792969,4053.0
2025-11-13T16:30:00Z,368.55999755859375,368.6099853515625,368.3999938964844,368.6099853515625,368.6099853515625,3684.0
2025-11-13T16:31:00Z,368.6199951171875,368.7699890136719,368.6199951171875,368.6499938964844,368.6499938964844,1733.0
2025-11-13T16:32:00Z,368.7699890136719,368.8500061035156,368.739990234375,368.8500061035156,368.8500061035156,1782.0
2025-11-13T16:33:00Z,368.7799987792969,369.076904296875,368.7799987792969,368.95001220703125,368.95001220703125,1565.0
2025-11-13T16:34:00Z,369.135009765625,369.29998779296875,369.135009765625,369.2950134277344,369.2950134277344,985.0
2025-11-13T16:35:00Z,369.17999267578125,369.2699890136719,368.8699951171875,368.8699951171875,368.8699951171875,3591.0
2025-11-13T16:36:00Z,368.8800048828125,369.0799865722656,368.510009765625,368.510009765625,368.510009765625,7148.0
2025-11-13T16:37:00Z,368.5249938964844,368.6400146484375,368.4100036621094,368.44000244140625,368.44000244140625,1389.0
2025-11-13T16:38:00Z,368.3999938964844,368.55999755859375,368.3500061035156,368.489990234375,368.489990234375,2687.0
2025-11-13T16:39:00Z,368.4200134277344,368.42999267578125,368.25,368.3399963378906,368.3399963378906,7002.0
2025-11-13T16:40:00Z,368.44000244140625,368.5400085449219,368.2300109863281,368.25,368.25,12707.0
2025-11-13T16:41:00Z,368.30499267578125,368.30499267578125,367.79998779296875,367.79998779296875,367.79998779296875,5330.0
2025-11-13T16:42:00Z,367.885009765625,368.18499755859375,367.885009765625,368.07000732421875,368.07000732421875,3587.0
2025-11-13T16:43:00Z,368.1099853515625,368.4200134277344,368.0299987792969,368.0299987792969,368.0299987792969,11308.0
2025-11-13T16:44:00Z,368.010009765625,368.2781982421875,368.010009765625,368.1700134277344,368.1700134277344,2872.0
2025-11-13T16:45:00Z,368.135009765625,368.135009765625,367.8999938964844,368.0849914550781,368.0849914550781,8933.0
2025-11-13T16:46:00Z,367.9800109863281,368.010009765625,367.5,367.5,367.5,4169.0
2025-11-13T16:47:00Z,367.4800109863281,367.92999267578125,367.3599853515625,367.8500061035156,367.8500061035156,4754.0
2025-11-13T16:48:00Z,367.739990234375,367.8500061035156,367.6700134277344,367.8399963378906,367.8399963378906,2737.0
2025-11-13T16:49:00Z,367.760009765625,368.2799987792969,367.760009765625,368.2250061035156,368.2250061035156,1805.0
2025-11-13T16:50:00Z,368.1199951171875,368.17401123046875,368.0,368.0,368.0,1296.0
2025-11-13T16:51:00Z,368.1099853515625,368.6199951171875,368.1099853515625,368.55499267578125,368.55499267578125,2846.0
2025-11-13T16:52:00Z,368.3399963378906,368.5199890136719,368.3399963378906,368.3949890136719,368.3949890136719,889.0
2025-11-13T16:53:00Z,368.3949890136719,368.4020080566406,368.07501220703125,368.0849914550781,368.0849914550781,2831.0
2025-11-13T16:54:00Z,368.1600036621094,368.24261474609375,368.0,368.1000061035156,368.1000061035156,3426.0
2025-11-13T16:55:00Z,368.06500244140625,368.07000732421875,367.7200012207031,367.7699890136719,367.7699890136719,1854.0
2025-11-13T16:56:00Z,367.7699890136719,367.8599853515625,367.6700134277344,367.82000732421875,367.82000732421875,2058.0
2025-11-13T16:57:00Z,367.8299865722656,367.8999938964844,367.7049865722656,367.8349914550781,367.8349914550781,5136.0
2025-11-13T16:58:00Z,367.8900146484375,367.9800109863281,367.7099914550781,367.9800109863281,367.9800109863281,2981.0
2025-11-13T16:59:00Z,368.05999755859375,368.4700012207031,367.989990234375,368.3699951171875,368.3699951171875,3093.0
2025-11-13T17:00:00Z,368.3399963378906,368.5299987792969,368.26806640625,368.4200134277344,368.4200134277344,2085.0
2025-11-13T17:01:00Z,368.3699951171875,368.3699951171875,368.07000732421875,368.07000732421875,368.07000732421875,4299.0
2025-11-13T17:02:00Z,368.0899963378906,368.2179870605469,367.9200134277344,367.9200134277344,367.9200134277344,2108.0
2025-11-13T17:03:00Z,368.0,368.4750061035156,367.9849853515625,368.4750061035156,368.4750061035156,3024.0
2025-11-13T17:04:00Z,368.3699951171875,368.5899963378906,368.30999755859375,368.5899963378906,368.5899963378906,1966.0
2025-11-13T17:05:00Z,368.6099853515625,368.80999755859375,368.489990234375,368.7099914550781,368.7099914550781,7189.0
2025-11-13T17:06:00Z,368.739990234375,368.9049987792969,368.7099914550781,368.80999755859375,368.80999755859375,2558.0
2025-11-13T17:07:00Z,368.8500061035156,369.1099853515625,368.8450012207031,368.92999267578125,368.92999267578125,2863.0
2025-11-13T17:08:00Z,369.010009765625,369.0199890136719,368.95001220703125,368.9849853515625,368.9849853515625,1090.0
2025-11-13T17:09:00Z,368.9549865722656,368.9549865722656,368.5400085449219,368.5400085449219,368.5400085449219,2574.0
2025-11-13T17:10:00Z,368.7099914550781,368.7699890136719,368.54998779296875,368.54998779296875,368.54998779296875,910.0
2025-11-13T17:11:00Z,368.75,368.9186096191406,368.67999267578125,368.82501220703125,368.82501220703125,3302.0
2025-11-13T17:12:00Z,368.9100036621094,368.9700012207031,368.5899963378906,368.5899963378906,368.5899963378906,2409.0
2025-11-13T17:13:00Z,368.57000732421875,368.5849914550781,368.4700012207031,368.5849914550781,368.5849914550781,1915.0
2025-11-13T17:14:00Z,368.5899963378906,368.5899963378906,368.4200134277344,368.4200134277344,368.4200134277344,1601.0
2025-11-13T17:15:00Z,368.32000732421875,368.5849914550781,368.32000732421875,368.54998779296875,368.54998779296875,2444.0
2025-11-13T17:16:00Z,368.3900146484375,368.7074890136719,368.3900146484375,368.6499938964844,368.6499938964844,1950.0
2025-11-13T17:17:00Z,368.7300109863281,368.9599914550781,368.6499938964844,368.6549987792969,368.6549987792969,9333.0
2025-11-13T17:18:00Z,368.6499938964844,368.6499938964844,368.32000732421875,368.3800048828125,368.3800048828125,1976.0
2025-11-13T17:19:00Z,368.3699951171875,368.4700012207031,368.260009765625,368.29998779296875,368.29998779296875,1845.0
2025-11-13T17:20:00Z,368.32000732421875,368.364990234375,368.0799865722656,368.0899963378906,368.0899963378906,2793.0
2025-11-13T17:21:00Z,368.17999267578125,368.2900085449219,368.0,368.125,368.125,6556.0
2025-11-13T17:22:00Z,368.0262145996094,368.2799987792969,368.0262145996094,368.20001220703125,368.20001220703125,4126.0
2025-11-13T17:23:00Z,368.1499938964844,368.4049987792969,368.1499938964844,368.4049987792969,368.4049987792969,2848.0
2025-11-13T17:24:00Z,368.4049987792969,368.5899963378906,368.2699890136719,368.5299987792969,368.5299987792969,3171.0
2025-11-13T17:25:00Z,368.5450134277344,368.82000732421875,368.5249938964844,368.6300048828125,368.6300048828125,6176.0
2025-11-13T17:26:00Z,368.6199951171875,368.7099914550781,368.4200134277344,368.4849853515625,368.4849853515625,2561.0
2025-11-13T17:27:00Z,368.5450134277344,368.54998779296875,368.5350036621094,368.54998779296875,368.54998779296875,1186.0
2025-11-13T17:28:00Z,368.6600036621094,368.75,368.54998779296875,368.54998779296875,368.54998779296875,2859.0
2025-11-13T17:29:00Z,368.57000732421875,368.6600036621094,368.402099609375,368.402099609375,368.402099609375,1759.0
2025-11-13T17:30:00Z,368.5050048828125,368.80999755859375,368.4100036621094,368.7799987792969,368.7799987792969,2042.0
2025-11-13T17:31:00Z,368.7650146484375,368.8299865722656,368.67999267578125,368.7749938964844,368.7749938964844,3228.0
2025-11-13T17:32:00Z,368.80999755859375,369.0,368.79998779296875,369.0,369.0,5824.0
2025-11-13T17:33:00Z,368.9700012207031,369.125,368.9700012207031,369.125,369.125,880.0
2025-11-13T17:34:00Z,369.1300048828125,369.2666015625,368.88690185546875,368.88690185546875,368.88690185546875,2238.0
2025-11-13T17:35:00Z,369.1400146484375,369.1400146484375,368.7149963378906,368.7149963378906,368.7149963378906,1213.0
2025-11-13T17:36:00Z,368.7099914550781,368.7900085449219,368.5400085449219,368.7099914550781,368.7099914550781,1659.0
2025-11-13T17:37:00Z,368.739990234375,368.739990234375,368.42999267578125,368.5299987792969,368.5299987792969,2691.0
2025-11-13T17:38:00Z,368.6499938964844,368.826904296875,368.6199951171875,368.826904296875,368.826904296875,1960.0
2025-11-13T17:39:00Z,368.8599853515625,369.1499938964844,368.8599853515625,369.0674133300781,369.0674133300781,2535.0
2025-11-13T17:40:00Z,369.114990234375,369.114990234375,368.9700012207031,369.0350036621094,369.0350036621094,1441.0
2025-11-13T17:41:00Z,368.9200134277344,368.92999267578125,368.7099914550781,368.7099914550781,368.7099914550781,2297.0
2025-11-13T17:42:00Z,368.7250061035156,368.7349853515625,368.6400146484375,368.6400146484375,368.6400146484375,729.0
2025-11-13T17:43:00Z,368.760009765625,368.8689880371094,368.6000061035156,368.68499755859375,368.68499755859375,1793.0
2025-11-13T17:44:00Z,368.70001220703125,368.70001220703125,368.52569580078125,368.5450134277344,368.5450134277344,1814.0
2025-11-13T17:45:00Z,368.5,368.5,368.2200012207031,368.2300109863281,368.2300109863281,2599.0
2025-11-13T17:46:00Z,368.20001220703125,368.20001220703125,367.94000244140625,367.94000244140625,367.94000244140625,2035.0
2025-11-13T17:47:00Z,368.0455017089844,368.0455017089844,367.80999755859375,367.885009765625,367.885009765625,1631.0
2025-11-13T17:48:00Z,368.0,368.4800109863281,368.0,368.4800109863281,368.4800109863281,2498.0
2025-11-13T17:49:00Z,368.3500061035156,368.4140930175781,368.260009765625,368.4140930175781,368.4140930175781,1572.0
2025-11-13T17:50:00Z,368.4100036621094,368.5199890136719,368.30999755859375,368.5,368.5,3303.0
2025-11-13T17:51:00Z,368.5199890136719,368.6700134277344,368.5199890136719,368.6700134277344,368.6700134277344,1595.0
2025-11-13T17:52:00Z,368.7300109863281,368.7300109863281,368.7300109863281,368.7300109863281,368.7300109863281,172.0
2025-11-13T17:53:00Z,368.6300048828125,368.69000244140625,368.6099853515625,368.69000244140625,368.69000244140625,2740.0
2025-11-13T17:54:00Z,368.7900085449219,369.0,368.7900085449219,368.8349914550781,368.8349914550781,1918.0
2025-11-13T17:55:00Z,368.92999267578125,368.95001220703125,368.5716857910156,368.5716857910156,368.5716857910156,1480.0
2025-11-13T17:56:00Z,368.6099853515625,368.68499755859375,368.5400085449219,368.6300048828125,368.6300048828125,1496.0
2025-11-13T17:57:00Z,368.5199890136719,368.6300048828125,368.4800109863281,368.54998779296875,368.54998779296875,1837.0
2025-11-13T17:58:00Z,368.5899963378906,368.814697265625,368.48309326171875,368.5199890136719,368.5199890136719,1784.0
2025-11-13T17:59:00Z,368.5899963378906,368.5899963378906,368.3399963378906,368.3599853515625,368.3599853515625,2683.0
2025-11-13T18:00:00Z,368.4700012207031,368.64630126953125,368.42010498046875,368.6099853515625,368.6099853515625,1406.0
2025-11-13T18:01:00Z,368.56500244140625,368.56500244140625,368.5199890136719,368.5199890136719,368.5199890136719,544.0
2025-11-13T18:02:00Z,368.6400146484375,368.6400146484375,368.29998779296875,368.5050048828125,368.5050048828125,2261.0
2025-11-13T18:03:00Z,368.5299987792969,368.5299987792969,368.3500061035156,368.42999267578125,368.42999267578125,1485.0
2025-11-13T18:04:00Z,368.3949890136719,368.4599914550781,368.3949890136719,368.39959716796875,368.39959716796875,1300.0
2025-11-13T18:05:00Z,368.4599914550781,368.57000732421875,368.3800048828125,368.4700012207031,368.4700012207031,2570.0
2025-11-13T18:06:00Z,368.4549865722656,368.6700134277344,368.4549865722656,368.6700134277344,368.6700134277344,1703.0
2025-11-13T18:07:00Z,368.70001220703125,368.7699890136719,368.5,368.7699890136719,368.7699890136719,2042.0
2025-11-13T18:08:00Z,368.6600036621094,368.6600036621094,368.45001220703125,368.45001220703125,368.45001220703125,1348.0
2025-11-13T18:09:00Z,368.5299987792969,368.55499267578125,368.3500061035156,368.3500061035156,368.3500061035156,1714.0
2025-11-13T18:10:00Z,368.25,368.25,368.0899963378906,368.1000061035156,368.1000061035156,1859.0
2025-11-13T18:11:00Z,368.17498779296875,368.260009765625,368.0799865722656,368.1700134277344,368.1700134277344,4052.0
2025-11-13T18:12:00Z,368.1700134277344,368.3900146484375,368.1700134277344,368.3900146484375,368.3900146484375,2215.0
2025-11-13T18:13:00Z,368.3349914550781,368.3349914550781,368.20001220703125,368.20001220703125,368.20001220703125,889.0
2025-11-13T18:14:00Z,368.2099914550781,368.42999267578125,368.2099914550781,368.30999755859375,368.30999755859375,1189.0
2025-11-13T18:15:00Z,368.3999938964844,368.3999938964844,368.2099914550781,368.27899169921875,368.27899169921875,1186.0
2025-11-13T18:16:00Z,368.2300109863281,368.2900085449219,367.8299865722656,368.0799865722656,368.0799865722656,5151.0
2025-11-13T18:17:00Z,368.0799865722656,368.1199951171875,367.989990234375,368.0,368.0,3262.0
2025-11-13T18:18:00Z,367.885009765625,367.989990234375,367.8664855957031,367.989990234375,367.989990234375,1136.0
2025-11-13T18:19:00Z,367.8949890136719,368.0,367.8949890136719,368.0,368.0,994.0
2025-11-13T18:20:00Z,367.9800109863281,368.1199951171875,367.8999938964844,368.09600830078125,368.09600830078125,3033.0
2025-11-13T18:21:00Z,368.1700134277344,368.1700134277344,367.9649963378906,367.989990234375,367.989990234375,3023.0
2025-11-13T18:22:00Z,367.989990234375,368.1400146484375,367.8500061035156,368.0450134277344,368.0450134277344,8240.0
2025-11-13T18:23:00Z,367.96661376953125,368.1593017578125,367.95001220703125,368.010009765625,368.010009765625,903.0
2025-11-13T18:24:00Z,368.05499267578125,368.1304016113281,367.9150085449219,367.92498779296875,367.92498779296875,1719.0
2025-11-13T18:25:00Z,367.94000244140625,367.9700012207031,367.75,367.8599853515625,367.8599853515625,1291.0
2025-11-13T18:26:00Z,367.7550048828125,367.8900146484375,367.55999755859375,367.55999755859375,367.55999755859375,2792.0
2025-11-13T18:27:00Z,367.67999267578125,367.89678955078125,367.67999267578125,367.8540954589844,367.8540954589844,2159.0
2025-11-13T18:28:00Z,367.92498779296875,368.07000732421875,367.7300109863281,368.07000732421875,368.07000732421875,2210.0
2025-11-13T18:29:00Z,367.9024963378906,367.94000244140625,367.7349853515625,367.94000244140625,367.94000244140625,1298.0
2025-11-13T18:30:00Z,367.739990234375,367.739990234375,367.54998779296875,367.6449890136719,367.6449890136719,1971.0
2025-11-13T18:31:00Z,367.739990234375,367.8399963378906,367.67999267578125,367.69000244140625,367.69000244140625,1176.0
2025-11-13T18:32:00Z,367.739990234375,367.79998779296875,367.739990234375,367.739990234375,367.739990234375,1590.0
2025-11-13T18:33:00Z,367.8999938964844,367.8999938964844,367.75,367.7950134277344,367.7950134277344,2037.0
2025-11-13T18:34:00Z,367.78009033203125,367.78009033203125,367.6300048828125,367.7200012207031,367.7200012207031,1166.0
2025-11-13T18:35:00Z,367.6099853515625,367.67999267578125,367.510009765625,367.510009765625,367.510009765625,1949.0
2025-11-13T18:36:00Z,367.42498779296875,367.55999755859375,367.3399963378906,367.489990234375,367.489990234375,1183.0
2025-11-13T18:37:00Z,367.4800109863281,367.4800109863281,367.2699890136719,367.3299865722656,367.3299865722656,2189.0
2025-11-13T18:38:00Z,367.3599853515625,367.3999938964844,367.2300109863281,367.29998779296875,367.29998779296875,1173.0
2025-11-13T18:39:00Z,367.2850036621094,367.2850036621094,366.8800048828125,367.0,367.0,9522.0
2025-11-13T18:40:00Z,366.95001220703125,367.04998779296875,366.82000732421875,367.0350036621094,367.0350036621094,4747.0
2025-11-13T18:41:00Z,367.0050048828125,367.010009765625,366.79998779296875,366.94000244140625,366.94000244140625,4528.0
2025-11-13T18:42:00Z,366.8299865722656,366.8450012207031,366.62078857421875,366.69000244140625,366.69000244140625,1948.0
2025-11-13T18:43:00Z,366.6199951171875,366.8800048828125,366.6199951171875,366.7699890136719,366.7699890136719,2592.0
2025-11-13T18:44:00Z,366.80499267578125,366.989990234375,366.80499267578125,366.8450012207031,366.8450012207031,2456.0
2025-11-13T18:45:00Z,366.8700866699219,366.93499755859375,366.8299865722656,366.8299865722656,366.8299865722656,1046.0
2025-11-13T18:46:00Z,366.8299865722656,366.8500061035156,366.69000244140625,366.7200012207031,366.7200012207031,3006.0
2025-11-13T18:47:00Z,366.75,367.1000061035156,366.75,367.07501220703125,367.07501220703125,5499.0
2025-11-13T18:48:00Z,367.07501220703125,367.2950134277344,367.07000732421875,367.0899963378906,367.0899963378906,2634.0
2025-11-13T18:49:00Z,367.1252136230469,367.239990234375,367.07000732421875,367.125,367.125,1727.0
2025-11-13T18:50:00Z,367.1700134277344,367.2192077636719,367.07000732421875,367.0899963378906,367.0899963378906,1374.0
2025-11-13T18:51:00Z,367.0400085449219,367.2900085449219,367.0050048828125,367.19000244140625,367.19000244140625,1674.0
2025-11-13T18:52:00Z,367.07000732421875,367.07000732421875,366.9200134277344,366.9200134277344,366.9200134277344,727.0
2025-11-13T18:53:00Z,366.9700012207031,367.0299987792969,366.864990234375,367.0,367.0,3650.0
2025-11-13T18:54:00Z,367.0400085449219,367.06500244140625,366.8299865722656,366.8500061035156,366.8500061035156,2717.0
2025-11-13T18:55:00Z,366.8900146484375,367.04998779296875,366.79998779296875,366.8900146484375,366.8900146484375,3429.0
2025-11-13T18:56:00Z,366.8599853515625,367.0450134277344,366.8399963378906,366.9049987792969,366.9049987792969,2569.0
2025-11-13T18:57:00Z,366.7865905761719,366.8949890136719,366.7300109863281,366.7300109863281,366.7300109863281,2166.0
2025-11-13T18:58:00Z,366.760009765625,367.04998779296875,366.760009765625,366.9700012207031,366.9700012207031,2945.0
2025-11-13T18:59:00Z,366.9800109863281,367.1600036621094,366.9599914550781,367.1600036621094,367.1600036621094,1496.0
2025-11-13T19:00:00Z,367.17999267578125,367.2900085449219,367.1099853515625,367.2900085449219,367.2900085449219,4611.0
2025-11-13T19:01:00Z,367.2900085449219,367.3500061035156,367.25,367.29998779296875,367.29998779296875,1466.0
2025-11-13T19:02:00Z,367.3377990722656,367.3377990722656,366.9599914550781,367.17999267578125,367.17999267578125,2427.0
2025-11-13T19:03:00Z,367.0899963378906,367.0950012207031,367.05499267578125,367.0950012207031,367.0950012207031,635.0
2025-11-13T19:04:00Z,367.0950927734375,367.0950927734375,366.9200134277344,366.9800109863281,366.9800109863281,3815.0
2025-11-13T19:05:00Z,366.9800109863281,367.2699890136719,366.9800109863281,367.1700134277344,367.1700134277344,5187.0
2025-11-13T19:06:00Z,367.1400146484375,367.3349914550781,367.1199951171875,367.2250061035156,367.2250061035156,2458.0
2025-11-13T19:07:00Z,367.1000061035156,367.29998779296875,367.0950012207031,367.2099914550781,367.2099914550781,2110.0
2025-11-13T19:08:00Z,367.17999267578125,367.2099914550781,367.03009033203125,367.114990234375,367.114990234375,3353.0
2025-11-13T19:09:00Z,367.0400085449219,367.2300109863281,366.92999267578125,367.2300109863281,367.2300109863281,5403.0
2025-11-13T19:10:00Z,367.3500061035156,367.3533935546875,367.1600036621094,367.239990234375,367.239990234375,3204.0
2025-11-13T19:11:00Z,367.2950134277344,367.4198913574219,367.20001220703125,367.2300109863281,367.2300109863281,1609.0
2025-11-13T19:12:00Z,367.0899963378906,367.0899963378906,367.0400085449219,367.0799865722656,367.0799865722656,836.0
2025-11-13T19:13:00Z,367.0199890136719,367.1199951171875,366.860107421875,366.94000244140625,366.94000244140625,2026.0
2025-11-13T19:14:00Z,366.94000244140625,366.94000244140625,366.6300048828125,366.75,366.75,3531.0
2025-11-13T19:15:00Z,366.7149963378906,366.9200134277344,366.67498779296875,366.75,366.75,2454.0
2025-11-13T19:16:00Z,366.7900085449219,366.8299865722656,366.7650146484375,366.7850036621094,366.7850036621094,1453.0
2025-11-13T19:17:00Z,366.7799987792969,366.9200134277344,366.70001220703125,366.8299865722656,366.8299865722656,3926.0
2025-11-13T19:18:00Z,366.95001220703125,367.1099853515625,366.8900146484375,367.0350036621094,367.0350036621094,2797.0
2025-11-13T19:19:00Z,367.0199890136719,367.19000244140625,366.7900085449219,366.79998779296875,366.79998779296875,2350.0
2025-11-13T19:20:00Z,366.7099914550781,366.7349853515625,366.6099853515625,366.70001220703125,366.70001220703125,1779.0
2025-11-13T19:21:00Z,366.68499755859375,366.7449951171875,366.57000732421875,366.73260498046875,366.73260498046875,1405.0
2025-11-13T19:22:00Z,366.8299865722656,367.17999267578125,366.82501220703125,367.1700134277344,367.1700134277344,2824.0
2025-11-13T19:23:00Z,367.1449890136719,367.29998779296875,367.1449890136719,367.2099914550781,367.2099914550781,5950.0
2025-11-13T19:24:00Z,367.0400085449219,367.1499938964844,366.8500061035156,367.05499267578125,367.05499267578125,1907.0
2025-11-13T19:25:00Z,367.05999755859375,367.260009765625,367.05499267578125,367.260009765625,367.260009765625,2840.0
2025-11-13T19:26:00Z,367.32000732421875,367.32000732421875,367.0849914550781,367.0849914550781,367.0849914550781,2105.0
2025-11-13T19:27:00Z,367.0849914550781,367.3900146484375,367.0849914550781,367.1300048828125,367.1300048828125,1787.0
2025-11-13T19:28:00Z,367.1700134277344,367.4700012207031,367.1300048828125,367.385009765625,367.385009765625,3415.0
2025-11-13T19:29:00Z,367.3924865722656,367.5950012207031,367.3924865722656,367.5899963378906,367.5899963378906,1075.0
2025-11-13T19:30:00Z,367.61199951171875,367.7300109863281,367.32000732421875,367.44500732421875,367.44500732421875,4304.0
2025-11-13T19:31:00Z,367.3500061035156,367.7900085449219,367.3500061035156,367.57000732421875,367.57000732421875,2574.0
2025-11-13T19:32:00Z,367.6099853515625,367.70001220703125,367.4649963378906,367.489990234375,367.489990234375,1987.0
2025-11-13T19:33:00Z,367.4100036621094,367.6000061035156,367.4100036621094,367.510009765625,367.510009765625,3140.0
2025-11-13T19:34:00Z,367.3800048828125,367.6300048828125,367.2300109863281,367.42999267578125,367.42999267578125,2855.0
2025-11-13T19:35:00Z,367.3550109863281,367.4949951171875,367.3500061035156,367.4949951171875,367.4949951171875,1076.0
2025-11-13T19:36:00Z,367.57000732421875,367.69989013671875,367.32000732421875,367.3399963378906,367.3399963378906,4644.0
2025-11-13T19:37:00Z,367.2699890136719,367.4100036621094,367.2699890136719,367.3999938964844,367.3999938964844,1940.0
2025-11-13T19:38:00Z,367.3699951171875,367.3800048828125,366.989990234375,366.989990234375,366.989990234375,3474.0
2025-11-13T19:39:00Z,366.989990234375,367.05999755859375,366.8299865722656,366.989990234375,366.989990234375,8003.0
2025-11-13T19:40:00Z,366.989990234375,366.989990234375,366.3599853515625,366.3699951171875,366.3699951171875,8696.0
2025-11-13T19:41:00Z,366.3900146484375,366.5632019042969,366.29998779296875,366.4649963378906,366.4649963378906,3950.0
2025-11-13T19:42:00Z,366.4649963378906,366.4649963378906,366.25250244140625,366.2850036621094,366.2850036621094,1638.0
2025-11-13T19:43:00Z,366.3500061035156,366.44500732421875,366.2099914550781,366.44500732421875,366.44500732421875,6213.0
2025-11-13T19:44:00Z,366.3999938964844,366.44000244140625,366.2799987792969,366.2900085449219,366.2900085449219,17726.0
2025-11-13T19:45:00Z,366.3450012207031,366.6000061035156,366.3450012207031,366.4800109863281,366.4800109863281,3879.0
2025-11-13T19:46:00Z,366.4949951171875,366.54998779296875,366.3999938964844,366.4849853515625,366.4849853515625,2768.0
2025-11-13T19:47:00Z,366.510009765625,366.6099853515625,366.375,366.375,366.375,2549.0
2025-11-13T19:48:00Z,366.3599853515625,366.42999267578125,366.2174072265625,366.2174072265625,366.2174072265625,1955.0
2025-11-13T19:49:00Z,366.2300109863281,366.2699890136719,366.0899963378906,366.125,366.125,4155.0
2025-11-13T19:50:00Z,366.2099914550781,366.6199951171875,366.2099914550781,366.4800109863281,366.4800109863281,3607.0
2025-11-13T19:51:00Z,366.4949951171875,366.4949951171875,366.260009765625,366.2799987792969,366.2799987792969,1927.0
2025-11-13T19:52:00Z,366.32000732421875,366.45001220703125,366.2101135253906,366.45001220703125,366.45001220703125,2313.0
2025-11-13T19:53:00Z,366.4200134277344,366.4200134277344,366.1911926269531,366.239990234375,366.239990234375,2056.0
2025-11-13T19:54:00Z,366.2300109863281,366.25,365.79998779296875,365.79998779296875,365.79998779296875,4349.0
2025-11-13T19:55:00Z,365.82000732421875,365.82000732421875,365.45001220703125,365.5799865722656,365.5799865722656,4161.0
2025-11-13T19:56:00Z,365.69500732421875,365.9100036621094,365.6300048828125,365.7250061035156,365.7250061035156,5972.0
2025-11-13T19:57:00Z,365.7099914550781,365.8699951171875,365.7099914550781,365.80999755859375,365.80999755859375,2555.0
2025-11-13T19:58:00Z,365.80999755859375,366.0,365.80999755859375,366.0,366.0,3403.0
2025-11-13T19:59:00Z,366.04998779296875,366.0899963378906,365.8599853515625,365.9700012207031,365.9700012207031,4036.0
2025-11-13T20:00:00Z,365.9599914550781,366.0799865722656,365.8599853515625,365.94500732421875,365.94500732421875,3931.0
2025-11-13T20:01:00Z,365.9200134277344,366.04168701171875,365.80999755859375,365.80999755859375,365.80999755859375,2423.0
2025-11-13T20:02:00Z,365.88751220703125,365.88751220703125,365.5,365.5,365.5,3392.0
2025-11-13T20:03:00Z,365.5400085449219,365.7200012207031,365.44000244140625,365.5799865722656,365.5799865722656,5493.0
2025-11-13T20:04:00Z,365.5849914550781,365.6099853515625,365.3500061035156,365.489990234375,365.489990234375,6181.0
2025-11-13T20:05:00Z,365.5199890136719,365.6000061035156,365.3999938964844,365.43499755859375,365.43499755859375,3220.0
2025-11-13T20:06:00Z,365.3599853515625,365.6300048828125,365.2799987792969,365.5400085449219,365.5400085449219,8116.0
2025-11-13T20:07:00Z,365.4949951171875,365.6400146484375,365.3900146484375,365.3900146484375,365.3900146484375,3468.0
2025-11-13T20:08:00Z,365.43499755859375,365.70001220703125,365.43499755859375,365.70001220703125,365.70001220703125,3229.0
2025-11-13T20:09:00Z,365.69000244140625,365.9549865722656,365.6600036621094,365.7900085449219,365.7900085449219,6212.0
2025-11-13T20:10:00Z,365.7900085449219,366.010009765625,365.5,365.5,365.5,24179.0
2025-11-13T20:11:00Z,365.5249938964844,365.760009765625,365.5,365.5,365.5,3290.0
2025-11-13T20:12:00Z,365.489990234375,365.489990234375,365.3299865722656,365.39349365234375,365.39349365234375,2277.0
2025-11-13T20:13:00Z,365.3800048828125,365.4200134277344,365.1499938964844,365.260009765625,365.260009765625,4148.0
2025-11-13T20:14:00Z,365.260009765625,365.3699951171875,365.1300048828125,365.260009765625,365.260009765625,5808.0
2025-11-13T20:15:00Z,365.2550048828125,365.32000732421875,365.17498779296875,365.17498779296875,365.17498779296875,2456.0
2025-11-13T20:16:00Z,365.17498779296875,365.4949951171875,365.17498779296875,365.2749938964844,365.2749938964844,9473.0
2025-11-13T20:17:00Z,365.3699951171875,365.3900146484375,365.17999267578125,365.18499755859375,365.18499755859375,2719.0
2025-11-13T20:18:00Z,365.010009765625,365.17999267578125,364.9599914550781,365.05499267578125,365.05499267578125,5639.0
2025-11-13T20:19:00Z,365.0350036621094,365.0350036621094,364.8500061035156,364.95001220703125,364.95001220703125,3102.0
2025-11-13T20:20:00Z,364.989990234375,365.07501220703125,364.6499938964844,364.7200012207031,364.7200012207031,4848.0
2025-11-13T20:21:00Z,364.7300109863281,364.7300109863281,364.3450012207031,364.489990234375,364.489990234375,4856.0
2025-11-13T20:22:00Z,364.4800109863281,364.6575012207031,364.4549865722656,364.6099853515625,364.6099853515625,6797.0
2025-11-13T20:23:00Z,364.5899963378906,364.5899963378906,364.3500061035156,364.44000244140625,364.44000244140625,3583.0
2025-11-13T20:24:00Z,364.4549865722656,364.6700134277344,364.30999755859375,364.364990234375,364.364990234375,9998.0
2025-11-13T20:25:00Z,364.32000732421875,364.32000732421875,364.0899963378906,364.2250061035156,364.2250061035156,4541.0
2025-11-13T20:26:00Z,364.1600036621094,364.2550048828125,363.8999938964844,364.010009765625,364.010009765625,7766.0
2025-11-13T20:27:00Z,363.9100036621094,364.0780944824219,363.7200012207031,364.0780944824219,364.0780944824219,11772.0
2025-11-13T20:28:00Z,363.94000244140625,364.1600036621094,363.80999755859375,364.1600036621094,364.1600036621094,10703.0
2025-11-13T20:29:00Z,364.2099914550781,364.3399963378906,364.0899963378906,364.3399963378906,364.3399963378906,7763.0
2025-11-13T20:30:00Z,364.42999267578125,364.5799865722656,364.2049865722656,364.2049865722656,364.2049865722656,5287.0
2025-11-13T20:31:00Z,364.2099914550781,364.2099914550781,363.8800048828125,364.0950012207031,364.0950012207031,7434.0
2025-11-13T20:32:00Z,364.0950012207031,364.6600036621094,364.0950012207031,364.6600036621094,364.6600036621094,11803.0
2025-11-13T20:33:00Z,364.55999755859375,364.6099853515625,364.4200134277344,364.5350036621094,364.5350036621094,12765.0
2025-11-13T20:34:00Z,364.54998779296875,365.10430908203125,364.54998779296875,365.0400085449219,365.0400085449219,5024.0
2025-11-13T20:35:00Z,365.0799865722656,365.19000244140625,364.8999938964844,365.19000244140625,365.19000244140625,10695.0
2025-11-13T20:36:00Z,365.19000244140625,365.4200134277344,365.0611877441406,365.4198913574219,365.4198913574219,8232.0
2025-11-13T20:37:00Z,365.364990234375,365.364990234375,365.0299987792969,365.18499755859375,365.18499755859375,4781.0
2025-11-13T20:38:00Z,365.20001220703125,365.4949951171875,365.1449890136719,365.4949951171875,365.4949951171875,6811.0
2025-11-13T20:39:00Z,365.5,365.5350036621094,365.2200012207031,365.42498779296875,365.42498779296875,8233.0
2025-11-13T20:40:00Z,365.43499755859375,365.80999755859375,365.4200134277344,365.80999755859375,365.80999755859375,6760.0
2025-11-13T20:41:00Z,365.7900085449219,365.7900085449219,365.4200134277344,365.4200134277344,365.4200134277344,5102.0
2025-11-13T20:42:00Z,365.3500061035156,365.4245910644531,365.17999267578125,365.17999267578125,365.17999267578125,4419.0
2025-11-13T20:43:00Z,365.25,365.3500061035156,364.8699951171875,364.8699951171875,364.8699951171875,7433.0
2025-11-13T20:44:00Z,365.1099853515625,365.3599853515625,365.05999755859375,365.1499938964844,365.1499938964844,4617.0
2025-11-13T20:45:00Z,365.2200012207031,365.25,365.0,365.1347961425781,365.1347961425781,5013.0
2025-11-13T20:46:00Z,365.20001220703125,365.3212890625,365.0450134277344,365.0450134277344,365.0450134277344,7682.0
2025-11-13T20:47:00Z,365.0450134277344,365.20001220703125,364.9100036621094,365.0199890136719,365.0199890136719,12255.0
2025-11-13T20:48:00Z,365.0849914550781,365.0975036621094,364.9200134277344,364.9649963378906,364.9649963378906,6817.0
2025-11-13T20:49:00Z,364.92999267578125,364.92999267578125,364.2099914550781,364.2099914550781,364.2099914550781,10424.0
2025-11-13T20:50:00Z,364.2250061035156,364.2699890136719,363.8550109863281,364.2398986816406,364.2398986816406,10727.0
2025-11-13T20:51:00Z,364.1499938964844,364.239990234375,363.8699951171875,364.1700134277344,364.1700134277344,14015.0
2025-11-13T20:52:00Z,364.1700134277344,364.17999267578125,363.7099914550781,363.9800109863281,363.9800109863281,15216.0
2025-11-13T20:53:00Z,364.0,364.0,363.3399963378906,363.3399963378906,363.3399963378906,17791.0
2025-11-13T20:54:00Z,363.3399963378906,364.0150146484375,363.3399963378906,363.80999755859375,363.80999755859375,27956.0
2025-11-13T20:55:00Z,363.7900085449219,363.7900085449219,363.3900146484375,363.5950012207031,363.5950012207031,34707.0
2025-11-13T20:56:00Z,363.5950012207031,363.7799987792969,363.4700012207031,363.5150146484375,363.5150146484375,32685.0
2025-11-13T20:57:00Z,363.5150146484375,363.760009765625,363.3999938964844,363.6050109863281,363.6050109863281,31232.0
2025-11-13T20:58:00Z,363.6050109863281,364.42999267578125,363.4800109863281,364.4200134277344,364.4200134277344,84272.0
2025-11-13T20:59:00Z,364.45001220703125,364.7699890136719,364.4150085449219,364.7200012207031,364.7200012207031,98246.0
2025-11-14T14:31:00Z,359.80999755859375,360.9800109863281,359.30999755859375,360.9800109863281,360.9800109863281,7324.0
2025-11-14T14:34:00Z,356.2785949707031,357.19000244140625,355.3999938964844,356.30499267578125,356.30499267578125,13049.0
2025-11-14T14:35:00Z,356.3450012207031,357.6050109863281,355.55999755859375,357.2300109863281,357.2300109863281,6945.0
2025-11-14T14:37:00Z,357.510009765625,358.04998779296875,357.4200134277344,358.04998779296875,358.04998779296875,3039.0
2025-11-14T14:38:00Z,358.6099853515625,358.8399963378906,358.0199890136719,358.0199890136719,358.0199890136719,7325.0
2025-11-14T14:39:00Z,357.739990234375,357.739990234375,356.739990234375,356.739990234375,356.739990234375,9168.0
2025-11-14T14:40:00Z,357.0199890136719,357.0647888183594,356.2300109863281,356.7650146484375,356.7650146484375,4998.0
2025-11-14T14:41:00Z,356.7650146484375,357.9599914550781,356.7650146484375,357.260009765625,357.260009765625,25960.0
2025-11-14T14:42:00Z,357.3450012207031,357.3450012207031,356.30999755859375,356.96038818359375,356.96038818359375,2771.0
2025-11-14T14:43:00Z,356.625,357.5477294921875,356.625,357.4049987792969,357.4049987792969,9557.0
2025-11-14T14:44:00Z,357.2200012207031,357.6099853515625,356.70001220703125,357.010009765625,357.010009765625,13426.0
2025-11-14T14:45:00Z,357.010009765625,358.31500244140625,357.010009765625,358.0299987792969,358.0299987792969,12211.0
2025-11-14T14:46:00Z,358.1000061035156,358.3599853515625,357.57000732421875,357.79998779296875,357.79998779296875,9436.0
2025-11-14T14:47:00Z,358.0899963378906,358.3699951171875,357.7950134277344,358.2349853515625,358.2349853515625,6501.0
2025-11-14T14:48:00Z,358.3699951171875,358.8500061035156,358.1099853515625,358.4649963378906,358.4649963378906,14244.0
2025-11-14T14:49:00Z,358.4700012207031,358.8900146484375,358.30999755859375,358.5950012207031,358.5950012207031,4893.0
2025-11-14T14:50:00Z,358.6700134277344,359.1499938964844,358.32000732421875,358.9649963378906,358.9649963378906,5581.0
2025-11-14T14:51:00Z,358.8999938964844,359.06500244140625,358.4100036621094,358.6300048828125,358.6300048828125,13305.0
2025-11-14T14:52:00Z,358.6449890136719,358.8999938964844,358.2500915527344,358.7850036621094,358.7850036621094,8051.0
2025-11-14T14:53:00Z,358.79998779296875,359.29998779296875,358.5,358.6593017578125,358.6593017578125,5508.0
2025-11-14T14:54:00Z,358.4700012207031,358.7250061035156,358.239990234375,358.5199890136719,358.5199890136719,5178.0
2025-11-14T14:55:00Z,358.45001220703125,358.45001220703125,357.6099853515625,358.0899963378906,358.0899963378906,17357.0
2025-11-14T14:56:00Z,358.1180114746094,358.29998779296875,357.6300048828125,357.6300048828125,357.6300048828125,6299.0
2025-11-14T14:57:00Z,357.8699951171875,358.0,357.6600036621094,357.82000732421875,357.82000732421875,4290.0
2025-11-14T14:58:00Z,357.8349914550781,358.2099914550781,357.7449951171875,358.2099914550781,358.2099914550781,6732.0
2025-11-14T14:59:00Z,358.29998779296875,358.5,357.8900146484375,358.0,358.0,5233.0
2025-11-14T15:00:00Z,358.42999267578125,358.4750061035156,357.9200134277344,357.9700012207031,357.9700012207031,4900.0
2025-11-14T15:01:00Z,357.9849853515625,358.1499938964844,357.70001220703125,358.1000061035156,358.1000061035156,6710.0
2025-11-14T15:02:00Z,358.05999755859375,358.05999755859375,356.70001220703125,357.39801025390625,357.39801025390625,15408.0
2025-11-14T15:03:00Z,357.44000244140625,357.6199951171875,357.0199890136719,357.0199890136719,357.0199890136719,10200.0
2025-11-14T15:04:00Z,357.04998779296875,357.70001220703125,357.0,357.55999755859375,357.55999755859375,6632.0
2025-11-14T15:05:00Z,357.4599914550781,357.6000061035156,356.8299865722656,357.385009765625,357.385009765625,9875.0
2025-11-14T15:06:00Z,357.1700134277344,357.3399963378906,356.92999267578125,357.2250061035156,357.2250061035156,14742.0
2025-11-14T15:07:00Z,357.0,357.2095031738281,356.5799865722656,356.68499755859375,356.68499755859375,4784.0
2025-11-14T15:08:00Z,356.68499755859375,356.985595703125,356.68499755859375,356.94000244140625,356.94000244140625,4617.0
2025-11-14T15:09:00Z,356.7799987792969,356.94000244140625,356.30999755859375,356.92498779296875,356.92498779296875,17112.0
2025-11-14T15:10:00Z,356.739990234375,356.9700012207031,356.6099853515625,356.8681945800781,356.8681945800781,12407.0
2025-11-14T15:11:00Z,356.6499938964844,356.79998779296875,356.4599914550781,356.55999755859375,356.55999755859375,5174.0
2025-11-14T15:12:00Z,356.489990234375,356.5899963378906,356.1700134277344,356.3550109863281,356.3550109863281,6799.0
2025-11-14T15:13:00Z,356.239990234375,356.4200134277344,356.0400085449219,356.2550048828125,356.2550048828125,9069.0
2025-11-14T15:14:00Z,356.2550048828125,356.42999267578125,356.0799865722656,356.3900146484375,356.3900146484375,9182.0
2025-11-14T15:15:00Z,356.25,356.25,355.6700134277344,355.79998779296875,355.79998779296875,15127.0
2025-11-14T15:16:00Z,355.8500061035156,356.7499084472656,355.739990234375,356.7499084472656,356.7499084472656,25320.0
2025-11-14T15:17:00Z,356.6195068359375,357.1360168457031,356.4100036621094,357.05999755859375,357.05999755859375,7503.0
2025-11-14T15:18:00Z,356.7300109863281,357.3273010253906,356.69000244140625,357.17999267578125,357.17999267578125,6070.0
2025-11-14T15:19:00Z,357.3598937988281,357.3598937988281,356.95001220703125,357.05999755859375,357.05999755859375,2072.0
2025-11-14T15:20:00Z,356.9700012207031,358.0098876953125,356.9100036621094,357.7200012207031,357.7200012207031,9146.0
2025-11-14T15:21:00Z,357.4410095214844,358.1899108886719,357.42999267578125,358.010009765625,358.010009765625,8027.0
2025-11-14T15:22:00Z,357.94500732421875,358.2699890136719,357.885009765625,358.2200012207031,358.2200012207031,3907.0
2025-11-14T15:23:00Z,358.2349853515625,358.45001220703125,357.6300048828125,357.8500061035156,357.8500061035156,6327.0
2025-11-14T15:24:00Z,357.7200012207031,357.7200012207031,356.8290100097656,357.0799865722656,357.0799865722656,4812.0
2025-11-14T15:25:00Z,357.0849914550781,357.0849914550781,356.19000244140625,356.19000244140625,356.19000244140625,7987.0
2025-11-14T15:26:00Z,356.2099914550781,356.7099914550781,356.0610046386719,356.5899963378906,356.5899963378906,4816.0
2025-11-14T15:27:00Z,356.7900085449219,357.42999267578125,356.7749938964844,357.42999267578125,357.42999267578125,7365.0
2025-11-14T15:28:00Z,357.54998779296875,358.1098937988281,357.3900146484375,357.7099914550781,357.7099914550781,3663.0
2025-11-14T15:29:00Z,357.75,357.9599914550781,357.63250732421875,357.82000732421875,357.82000732421875,5165.0
2025-11-14T15:30:00Z,357.82501220703125,358.3800048828125,357.8088073730469,358.3800048828125,358.3800048828125,5112.0
2025-11-14T15:31:00Z,358.239990234375,358.7300109863281,358.0899963378906,358.1700134277344,358.1700134277344,15732.0
2025-11-14T15:32:00Z,358.1700134277344,358.5,358.1700134277344,358.5,358.5,5934.0
2025-11-14T15:33:00Z,358.4100036621094,358.57000732421875,357.8399963378906,357.8399963378906,357.8399963378906,11640.0
2025-11-14T15:34:00Z,357.8999938964844,358.3599853515625,357.8399963378906,357.8800048828125,357.8800048828125,11801.0
2025-11-14T15:35:00Z,357.82000732421875,358.19000244140625,357.67999267578125,358.19000244140625,358.19000244140625,6445.0
2025-11-14T15:36:00Z,358.19000244140625,358.4674987792969,357.989990234375,358.1390075683594,358.1390075683594,4136.0
2025-11-14T15:37:00Z,357.95001220703125,358.2799987792969,357.8900146484375,358.0899963378906,358.0899963378906,4612.0
2025-11-14T15:38:00Z,358.0899963378906,358.30999755859375,357.82000732421875,357.82000732421875,357.82000732421875,2657.0
2025-11-14T15:39:00Z,357.8999938964844,358.260009765625,357.82000732421875,357.90008544921875,357.90008544921875,3079.0
2025-11-14T15:40:00Z,358.1499938964844,358.3999938964844,358.1499938964844,358.17999267578125,358.17999267578125,14348.0
2025-11-14T15:41:00Z,358.1600036621094,358.3900146484375,357.760009765625,358.0552062988281,358.0552062988281,11604.0
2025-11-14T15:42:00Z,357.8599853515625,358.1099853515625,357.8599853515625,357.93499755859375,357.93499755859375,1202.0
2025-11-14T15:43:00Z,357.98748779296875,358.1000061035156,357.3999938964844,357.9200134277344,357.9200134277344,6686.0
2025-11-14T15:44:00Z,357.82000732421875,357.9700012207031,357.6000061035156,357.7850036621094,357.7850036621094,5849.0
2025-11-14T15:45:00Z,357.67999267578125,358.6549987792969,357.6199951171875,358.6549987792969,358.6549987792969,4273.0
2025-11-14T15:46:00Z,358.80511474609375,358.92999267578125,358.4800109863281,358.8599853515625,358.8599853515625,6095.0
2025-11-14T15:47:00Z,358.8500061035156,359.3699951171875,358.8500061035156,359.2250061035156,359.2250061035156,4182.0
2025-11-14T15:48:00Z,359.2250061035156,359.57501220703125,359.2250061035156,359.4800109863281,359.4800109863281,11426.0
2025-11-14T15:49:00Z,359.5660095214844,359.57000732421875,358.7101135253906,358.7101135253906,358.7101135253906,6060.0
2025-11-14T15:50:00Z,358.864990234375,358.8699951171875,358.3800048828125,358.7049865722656,358.7049865722656,3899.0
2025-11-14T15:51:00Z,358.6499938964844,358.8299865722656,358.5299987792969,358.6600036621094,358.6600036621094,2839.0
2025-11-14T15:52:00Z,358.70001220703125,358.95001220703125,358.5400085449219,358.8699951171875,358.8699951171875,2403.0
2025-11-14T15:53:00Z,358.8599853515625,358.8599853515625,358.4425048828125,358.4599914550781,358.4599914550781,4947.0
2025-11-14T15:54:00Z,358.45001220703125,358.489990234375,358.033203125,358.19000244140625,358.19000244140625,4452.0
2025-11-14T15:55:00Z,358.1449890136719,358.1700134277344,357.7650146484375,357.7650146484375,357.7650146484375,4728.0
2025-11-14T15:56:00Z,357.92999267578125,357.92999267578125,357.42999267578125,357.68499755859375,357.68499755859375,3793.0
2025-11-14T15:57:00Z,357.6650085449219,358.08160400390625,357.6300048828125,357.93499755859375,357.93499755859375,3544.0
2025-11-14T15:58:00Z,358.1700134277344,358.29998779296875,357.8599853515625,357.8699951171875,357.8699951171875,9211.0
2025-11-14T15:59:00Z,358.0,358.20001220703125,357.760009765625,358.0299987792969,358.0299987792969,7912.0
2025-11-14T16:00:00Z,358.19000244140625,358.4903869628906,357.9100036621094,357.9150085449219,357.9150085449219,4057.0
2025-11-14T16:01:00Z,357.9150085449219,358.30999755859375,357.9100036621094,358.30999755859375,358.30999755859375,2931.0
2025-11-14T16:02:00Z,358.2279968261719,358.2279968261719,357.760009765625,358.1199951171875,358.1199951171875,2609.0
2025-11-14T16:03:00Z,357.864990234375,357.8949890136719,357.57000732421875,357.7099914550781,357.7099914550781,4077.0
2025-11-14T16:04:00Z,357.635009765625,357.7898864746094,357.4700012207031,357.6000061035156,357.6000061035156,2950.0
2025-11-14T16:05:00Z,357.4100036621094,357.489990234375,357.29998779296875,357.4100036621094,357.4100036621094,4822.0
2025-11-14T16:06:00Z,357.42999267578125,357.94989013671875,357.42401123046875,357.7900085449219,357.7900085449219,2334.0
2025-11-14T16:07:00Z,357.6300048828125,357.95001220703125,356.9100036621094,356.9100036621094,356.9100036621094,6616.0
2025-11-14T16:08:00Z,356.9100036621094,357.2799987792969,356.8595886230469,357.25,357.25,3446.0
2025-11-14T16:09:00Z,357.17498779296875,357.95849609375,357.17498779296875,357.7950134277344,357.7950134277344,2568.0
2025-11-14T16:10:00Z,357.7950134277344,357.9800109863281,357.6199951171875,357.9670104980469,357.9670104980469,7605.0
2025-11-14T16:11:00Z,357.9800109863281,358.1593017578125,357.8500061035156,358.0400085449219,358.0400085449219,3122.0
2025-11-14T16:12:00Z,358.385009765625,358.5450134277344,358.2699890136719,358.510009765625,358.510009765625,3540.0
2025-11-14T16:13:00Z,358.67999267578125,358.7900085449219,358.57000732421875,358.57000732421875,358.57000732421875,3016.0
2025-11-14T16:14:00Z,358.6000061035156,358.80841064453125,358.2663879394531,358.80841064453125,358.80841064453125,5422.0
2025-11-14T16:15:00Z,358.6600036621094,358.7749938964844,358.50750732421875,358.55999755859375,358.55999755859375,2580.0
2025-11-14T16:16:00Z,358.55999755859375,358.5799865722656,358.3999938964844,358.5799865722656,358.5799865722656,2278.0
2025-11-14T16:17:00Z,358.6099853515625,358.67999267578125,358.49249267578125,358.5799865722656,358.5799865722656,1320.0
2025-11-14T16:18:00Z,358.5299987792969,358.6099853515625,358.4200134277344,358.44000244140625,358.44000244140625,5692.0
2025-11-14T16:19:00Z,358.4599914550781,358.4599914550781,358.1000061035156,358.239990234375,358.239990234375,2617.0
2025-11-14T16:20:00Z,358.05999755859375,358.05999755859375,357.5299987792969,357.5299987792969,357.5299987792969,3667.0
2025-11-14T16:21:00Z,357.8699035644531,357.8949890136719,357.7850036621094,357.80999755859375,357.80999755859375,1909.0
2025-11-14T16:22:00Z,357.94000244140625,357.94000244140625,357.5,357.702392578125,357.702392578125,3939.0
2025-11-14T16:23:00Z,357.70001220703125,357.82000732421875,357.6199951171875,357.80499267578125,357.80499267578125,4536.0
2025-11-14T16:24:00Z,357.80499267578125,357.94000244140625,357.6499938964844,357.864990234375,357.864990234375,3570.0
2025-11-14T16:25:00Z,357.79998779296875,358.04998779296875,357.7325134277344,358.04998779296875,358.04998779296875,4561.0
2025-11-14T16:26:00Z,358.04998779296875,358.2099914550781,358.04998779296875,358.1199951171875,358.1199951171875,1998.0
2025-11-14T16:27:00Z,358.25,358.4649963378906,358.25,358.4649963378906,358.4649963378906,1662.0
2025-11-14T16:28:00Z,358.3299865722656,358.7099914550781,358.29998779296875,358.6700134277344,358.6700134277344,6718.0
2025-11-14T16:29:00Z,358.57000732421875,358.6748046875,358.42999267578125,358.5450134277344,358.5450134277344,2574.0
2025-11-14T16:30:00Z,358.5450134277344,358.7049865722656,358.2900085449219,358.2900085449219,358.2900085449219,2715.0
2025-11-14T16:31:00Z,358.43499755859375,358.43499755859375,358.1700134277344,358.2300109863281,358.2300109863281,2621.0
2025-11-14T16:32:00Z,358.1099853515625,358.24310302734375,358.05999755859375,358.1600036621094,358.1600036621094,3009.0
2025-11-14T16:33:00Z,358.1600036621094,358.2200012207031,358.0,358.0299987792969,358.0299987792969,3752.0
2025-11-14T16:34:00Z,358.04998779296875,358.1099853515625,357.9200134277344,357.94500732421875,357.94500732421875,3004.0
2025-11-14T16:35:00Z,358.1000061035156,358.2300109863281,357.95001220703125,358.2300109863281,358.2300109863281,2967.0
2025-11-14T16:36:00Z,358.2300109863281,358.45001220703125,358.07000732421875,358.4440002441406,358.4440002441406,4588.0
2025-11-14T16:37:00Z,358.3399963378906,358.4100036621094,358.1600036621094,358.2900085449219,358.2900085449219,1769.0
2025-11-14T16:38:00Z,358.29998779296875,358.75,358.2799987792969,358.5899963378906,358.5899963378906,2414.0
2025-11-14T16:39:00Z,358.5199890136719,358.67999267578125,358.4150085449219,358.67999267578125,358.67999267578125,2224.0
2025-11-14T16:40:00Z,358.69000244140625,358.739990234375,358.5299987792969,358.739990234375,358.739990234375,4714.0
2025-11-14T16:41:00Z,358.7550048828125,359.1050109863281,358.7550048828125,358.9649963378906,358.9649963378906,3435.0
2025-11-14T16:42:00Z,358.80999755859375,358.8570861816406,358.45001220703125,358.5050048828125,358.5050048828125,5680.0
2025-11-14T16:43:00Z,358.4599914550781,358.6099853515625,358.3599853515625,358.3599853515625,358.3599853515625,3127.0
2025-11-14T16:44:00Z,358.29998779296875,358.6400146484375,358.1650085449219,358.6400146484375,358.6400146484375,2194.0
2025-11-14T16:45:00Z,358.30499267578125,358.5400085449219,358.2850036621094,358.43499755859375,358.43499755859375,3784.0
2025-11-14T16:46:00Z,358.3949890136719,358.5899963378906,358.3949890136719,358.4049987792969,358.4049987792969,1170.0
2025-11-14T16:47:00Z,358.4200134277344,358.6199951171875,358.4100036621094,358.5274963378906,358.5274963378906,9564.0
2025-11-14T16:48:00Z,358.6099853515625,358.6499938964844,358.3599853515625,358.45001220703125,358.45001220703125,4732.0
2025-11-14T16:49:00Z,358.45001220703125,358.6400146484375,358.31500244140625,358.614990234375,358.614990234375,1862.0
2025-11-14T16:50:00Z,358.5899963378906,358.6099853515625,358.19000244140625,358.4375915527344,358.4375915527344,7839.0
2025-11-14T16:51:00Z,358.5,358.5,358.1700134277344,358.18499755859375,358.18499755859375,3606.0
2025-11-14T16:52:00Z,358.2344970703125,358.2650146484375,358.19000244140625,358.2349853515625,358.2349853515625,2185.0
2025-11-14T16:53:00Z,358.1700134277344,358.42999267578125,358.05999755859375,358.4100036621094,358.4100036621094,3559.0
2025-11-14T16:54:00Z,358.42999267578125,358.44500732421875,358.04998779296875,358.239990234375,358.239990234375,4927.0
2025-11-14T16:55:00Z,358.010009765625,358.04998779296875,357.79998779296875,357.92999267578125,357.92999267578125,3890.0
2025-11-14T16:56:00Z,358.010009765625,358.3599853515625,358.010009765625,358.3599853515625,358.3599853515625,3009.0
2025-11-14T16:57:00Z,358.3599853515625,358.5281066894531,358.3500061035156,358.3500061035156,358.3500061035156,2109.0
2025-11-14T16:58:00Z,358.3900146484375,358.3900146484375,358.1600036621094,358.3349914550781,358.3349914550781,4843.0
2025-11-14T16:59:00Z,358.25,358.3699951171875,358.1700134277344,358.2300109863281,358.2300109863281,2065.0
2025-11-14T17:00:00Z,358.3273010253906,358.3273010253906,357.94000244140625,357.94000244140625,357.94000244140625,4047.0
2025-11-14T17:01:00Z,358.0,358.0799865722656,357.80999755859375,357.80999755859375,357.80999755859375,4313.0
2025-11-14T17:02:00Z,357.82000732421875,358.1099853515625,357.6700134277344,358.0799865722656,358.0799865722656,3543.0
2025-11-14T17:03:00Z,357.9949951171875,358.3599853515625,357.9075012207031,358.3299865722656,358.3299865722656,2950.0
2025-11-14T17:04:00Z,358.42999267578125,358.54998779296875,358.34698486328125,358.4750061035156,358.4750061035156,13903.0
2025-11-14T17:05:00Z,358.42999267578125,358.4750061035156,358.1929016113281,358.3599853515625,358.3599853515625,4284.0
2025-11-14T17:06:00Z,358.3599853515625,358.5899963378906,358.3599853515625,358.4800109863281,358.4800109863281,4409.0
2025-11-14T17:07:00Z,358.510009765625,358.5199890136719,358.1300048828125,358.25,358.25,3370.0
2025-11-14T17:08:00Z,358.2099914550781,358.260009765625,358.1199951171875,358.260009765625,358.260009765625,1980.0
2025-11-14T17:09:00Z,358.2300109863281,358.2699890136719,358.06500244140625,358.2550048828125,358.2550048828125,2013.0
2025-11-14T17:10:00Z,358.32000732421875,358.55999755859375,358.2699890136719,358.3900146484375,358.3900146484375,4265.0
2025-11-14T17:11:00Z,358.3599853515625,358.4750061035156,358.30999755859375,358.4750061035156,358.4750061035156,2128.0
2025-11-14T17:12:00Z,358.614990234375,358.614990234375,358.3699951171875,358.5799865722656,358.5799865722656,1836.0
2025-11-14T17:13:00Z,358.6000061035156,358.6000061035156,358.4549865722656,358.4549865722656,358.4549865722656,881.0
2025-11-14T17:14:00Z,358.4599914550781,358.5050048828125,358.1700134277344,358.2174987792969,358.2174987792969,5095.0
2025-11-14T17:15:00Z,358.2275085449219,358.2349853515625,357.9599914550781,358.1000061035156,358.1000061035156,4663.0
2025-11-14T17:16:00Z,358.1000061035156,358.4200134277344,358.1000061035156,358.4049987792969,358.4049987792969,3155.0
2025-11-14T17:17:00Z,358.3999938964844,358.6000061035156,358.3999938964844,358.4700012207031,358.4700012207031,2605.0
2025-11-14T17:18:00Z,358.56500244140625,358.56500244140625,358.2799987792969,358.302490234375,358.302490234375,2455.0
2025-11-14T17:19:00Z,358.32501220703125,358.32501220703125,358.239990234375,358.239990234375,358.239990234375,1045.0
2025-11-14T17:20:00Z,358.3399963378906,358.3399963378906,358.1199951171875,358.1600036621094,358.1600036621094,2891.0
2025-11-14T17:21:00Z,358.1700134277344,358.3299865722656,358.1199951171875,358.2749938964844,358.2749938964844,4410.0
2025-11-14T17:22:00Z,358.2749938964844,358.6400146484375,358.2699890136719,358.6400146484375,358.6400146484375,7005.0
2025-11-14T17:23:00Z,358.635009765625,358.635009765625,358.4800109863281,358.5799865722656,358.5799865722656,2456.0
2025-11-14T17:24:00Z,358.6300048828125,358.6300048828125,358.2449951171875,358.2850036621094,358.2850036621094,4546.0
2025-11-14T17:25:00Z,358.3399963378906,358.4700012207031,358.2300109863281,358.239990234375,358.239990234375,4818.0
2025-11-14T17:26:00Z,358.3299865722656,358.3399963378906,358.05999755859375,358.2300109863281,358.2300109863281,2294.0
2025-11-14T17:27:00Z,358.2250061035156,358.3349914550781,358.2250061035156,358.3299865722656,358.3299865722656,1440.0
2025-11-14T17:28:00Z,358.489990234375,358.489990234375,358.3349914550781,358.3800048828125,358.3800048828125,4405.0
2025-11-14T17:29:00Z,358.489990234375,359.0,358.4150085449219,359.0,359.0,4156.0
2025-11-14T17:30:00Z,358.9800109863281,358.9800109863281,358.70001220703125,358.864990234375,358.864990234375,4255.0
2025-11-14T17:31:00Z,358.864990234375,358.8699951171875,358.5799865722656,358.6300048828125,358.6300048828125,3215.0
2025-11-14T17:32:00Z,358.6400146484375,358.7388000488281,358.30499267578125,358.4700012207031,358.4700012207031,3350.0
2025-11-14T17:33:00Z,358.54998779296875,358.7200012207031,358.5400085449219,358.7200012207031,358.7200012207031,3235.0
2025-11-14T17:34:00Z,358.7200012207031,358.7803039550781,358.6650085449219,358.7669982910156,358.7669982910156,1857.0
2025-11-14T17:35:00Z,358.7674865722656,359.1698913574219,358.760009765625,359.05499267578125,359.05499267578125,1665.0
2025-11-14T17:36:00Z,359.05999755859375,359.260009765625,358.989990234375,359.1700134277344,359.1700134277344,1826.0
2025-11-14T17:37:00Z,359.260009765625,359.30999755859375,359.1199951171875,359.30499267578125,359.30499267578125,1670.0
2025-11-14T17:38:00Z,359.30499267578125,359.5,359.30279541015625,359.4599914550781,359.4599914550781,1620.0
2025-11-14T17:39:00Z,359.55499267578125,359.55999755859375,359.44000244140625,359.44000244140625,359.44000244140625,731.0
2025-11-14T17:40:00Z,359.3699951171875,359.3699951171875,358.8900146484375,358.8900146484375,358.8900146484375,4100.0
2025-11-14T17:41:00Z,358.989990234375,359.0799865722656,358.7699890136719,358.82000732421875,358.82000732421875,3147.0
2025-11-14T17:42:00Z,358.82000732421875,358.82000732421875,358.6650085449219,358.82000732421875,358.82000732421875,2490.0
2025-11-14T17:43:00Z,358.7850036621094,359.05999755859375,358.7850036621094,358.95001220703125,358.95001220703125,3092.0
2025-11-14T17:44:00Z,358.8299865722656,358.95001220703125,358.82000732421875,358.9114990234375,358.9114990234375,1358.0
2025-11-14T17:45:00Z,359.0150146484375,359.2200012207031,359.0150146484375,359.1549987792969,359.1549987792969,2242.0
2025-11-14T17:46:00Z,359.0799865722656,359.1549987792969,358.7799987792969,358.7799987792969,358.7799987792969,2551.0
2025-11-14T17:47:00Z,358.875,358.8800048828125,358.5899963378906,358.7799987792969,358.7799987792969,1852.0
2025-11-14T17:48:00Z,358.7099914550781,358.7099914550781,358.3800048828125,358.43499755859375,358.43499755859375,2052.0
2025-11-14T17:49:00Z,358.3800048828125,358.3999938964844,358.29998779296875,358.3999938964844,358.3999938964844,1183.0
2025-11-14T17:50:00Z,358.2900085449219,358.3399963378906,358.1300048828125,358.1300048828125,358.1300048828125,2872.0
2025-11-14T17:51:00Z,358.30999755859375,358.32000732421875,358.010009765625,358.1199951171875,358.1199951171875,4254.0
2025-11-14T17:52:00Z,358.1199951171875,358.3900146484375,358.0899963378906,358.3900146484375,358.3900146484375,5099.0
2025-11-14T17:53:00Z,358.1700134277344,358.55999755859375,358.1700134277344,358.489501953125,358.489501953125,2746.0
2025-11-14T17:54:00Z,358.54998779296875,358.6600036621094,358.42999267578125,358.55499267578125,358.55499267578125,4687.0
2025-11-14T17:55:00Z,358.7200012207031,358.9700012207031,358.6700134277344,358.9700012207031,358.9700012207031,1904.0
2025-11-14T17:56:00Z,358.9649963378906,358.9649963378906,358.6499938964844,358.9200134277344,358.9200134277344,3792.0
2025-11-14T17:57:00Z,359.04998779296875,359.04998779296875,358.7550048828125,358.7550048828125,358.7550048828125,1173.0
2025-11-14T17:58:00Z,358.7799987792969,358.7799987792969,358.54998779296875,358.75,358.75,1814.0
2025-11-14T17:59:00Z,358.7300109863281,358.9700012207031,358.55999755859375,358.9700012207031,358.9700012207031,2378.0
2025-11-14T18:00:00Z,358.95001220703125,358.95001220703125,358.6000061035156,358.67999267578125,358.67999267578125,5568.0
2025-11-14T18:01:00Z,358.7200012207031,358.7900085449219,358.7200012207031,358.7900085449219,358.7900085449219,544.0
2025-11-14T18:02:00Z,358.7499084472656,358.7499084472656,358.20001220703125,358.3299865722656,358.3299865722656,6980.0
2025-11-14T18:03:00Z,358.3299865722656,358.3299865722656,357.8599853515625,357.8599853515625,357.8599853515625,3218.0
2025-11-14T18:04:00Z,358.0174865722656,358.31500244140625,358.0050048828125,358.2149963378906,358.2149963378906,1605.0
2025-11-14T18:05:00Z,358.1499938964844,358.3800048828125,358.1499938964844,358.2049865722656,358.2049865722656,1698.0
2025-11-14T18:06:00Z,358.3500061035156,358.4200134277344,358.1200866699219,358.3550109863281,358.3550109863281,4428.0
2025-11-14T18:07:00Z,358.3599853515625,358.82000732421875,358.3599853515625,358.80999755859375,358.80999755859375,4739.0
2025-11-14T18:08:00Z,358.5199890136719,358.5849914550781,358.2699890136719,358.2900085449219,358.2900085449219,2817.0
2025-11-14T18:09:00Z,358.4100036621094,358.6499938964844,358.2799987792969,358.6499938964844,358.6499938964844,2449.0
2025-11-14T18:10:00Z,358.7040100097656,358.75,358.44000244140625,358.44000244140625,358.44000244140625,2118.0
2025-11-14T18:11:00Z,358.44000244140625,358.75048828125,358.2799987792969,358.5199890136719,358.5199890136719,2181.0
2025-11-14T18:12:00Z,358.5350036621094,359.0899963378906,358.5350036621094,359.0899963378906,359.0899963378906,2073.0
2025-11-14T18:13:00Z,358.9549865722656,359.30999755859375,358.88128662109375,359.30999755859375,359.30999755859375,3105.0
2025-11-14T18:14:00Z,359.1000061035156,359.5150146484375,359.1000061035156,359.5150146484375,359.5150146484375,2803.0
2025-11-14T18:15:00Z,359.54998779296875,359.54998779296875,359.18499755859375,359.24749755859375,359.24749755859375,2854.0
2025-11-14T18:16:00Z,359.2449951171875,359.3699951171875,358.9200134277344,358.9200134277344,358.9200134277344,2472.0
2025-11-14T18:17:00Z,358.9175109863281,358.965087890625,358.3699951171875,358.3699951171875,358.3699951171875,3223.0
2025-11-14T18:18:00Z,358.5400085449219,358.54998779296875,358.3500061035156,358.4100036621094,358.4100036621094,1983.0
2025-11-14T18:19:00Z,358.3788146972656,358.3788146972656,358.25421142578125,358.25421142578125,358.25421142578125,783.0
2025-11-14T18:20:00Z,358.3550109863281,358.3550109863281,358.30999755859375,358.32000732421875,358.32000732421875,1653.0
2025-11-14T18:21:00Z,358.31500244140625,358.4200134277344,358.010009765625,358.1664123535156,358.1664123535156,2934.0
2025-11-14T18:22:00Z,358.1419982910156,358.1419982910156,357.9100036621094,357.9750061035156,357.9750061035156,2701.0
2025-11-14T18:23:00Z,357.9750061035156,358.1199951171875,357.8699951171875,357.9800109863281,357.9800109863281,2518.0
2025-11-14T18:24:00Z,358.1300048828125,358.3699951171875,358.1300048828125,358.1549987792969,358.1549987792969,2512.0
2025-11-14T18:25:00Z,358.1549987792969,358.3500061035156,358.1549987792969,358.17498779296875,358.17498779296875,3778.0
2025-11-14T18:26:00Z,358.17999267578125,358.4200134277344,358.17999267578125,358.24261474609375,358.24261474609375,2368.0
2025-11-14T18:27:00Z,358.4200134277344,358.6600036621094,358.3900146484375,358.6600036621094,358.6600036621094,2300.0
2025-11-14T18:28:00Z,358.4599914550781,358.7699890136719,358.44000244140625,358.7699890136719,358.7699890136719,2565.0
2025-11-14T18:29:00Z,358.69000244140625,358.9700012207031,358.69000244140625,358.9100036621094,358.9100036621094,1935.0
2025-11-14T18:30:00Z,358.9700012207031,359.29998779296875,358.9200134277344,359.2950134277344,359.2950134277344,3685.0
2025-11-14T18:31:00Z,359.25,359.25,358.9599914550781,359.1499938964844,359.1499938964844,4849.0
2025-11-14T18:32:00Z,359.1549987792969,359.32000732421875,359.13690185546875,359.13690185546875,359.13690185546875,1827.0
2025-11-14T18:33:00Z,359.1650085449219,359.4639892578125,359.1650085449219,359.3450012207031,359.3450012207031,1953.0
2025-11-14T18:34:00Z,359.4100036621094,359.4100036621094,359.1499938964844,359.2074890136719,359.2074890136719,2553.0
2025-11-14T18:35:00Z,359.125,359.260009765625,359.1039123535156,359.2049865722656,359.2049865722656,874.0
2025-11-14T18:36:00Z,359.2049865722656,359.3500061035156,359.177490234375,359.3399963378906,359.3399963378906,4189.0
2025-11-14T18:37:00Z,359.42999267578125,359.42999267578125,359.2950134277344,359.3349914550781,359.3349914550781,3040.0
2025-11-14T18:38:00Z,359.3351135253906,359.3900146484375,359.04998779296875,359.1300048828125,359.1300048828125,12324.0
2025-11-14T18:39:00Z,359.1300048828125,359.29998779296875,359.04998779296875,359.29998779296875,359.29998779296875,5682.0
2025-11-14T18:40:00Z,359.29998779296875,359.42999267578125,359.19000244140625,359.3500061035156,359.3500061035156,19232.0
2025-11-14T18:41:00Z,359.29998779296875,359.3599853515625,359.1600036621094,359.2900085449219,359.2900085449219,10049.0
2025-11-14T18:42:00Z,359.25,359.3599853515625,359.239013671875,359.2900085449219,359.2900085449219,11527.0
2025-11-14T18:43:00Z,359.2900085449219,359.2900085449219,358.6600036621094,358.7658996582031,358.7658996582031,14173.0
2025-11-14T18:44:00Z,358.6600036621094,358.8949890136719,358.5,358.6791076660156,358.6791076660156,4304.0
2025-11-14T18:45:00Z,358.6000061035156,358.8450012207031,358.56500244140625,358.58331298828125,358.58331298828125,2803.0
2025-11-14T18:46:00Z,358.78741455078125,358.8299865722656,358.5050048828125,358.6700134277344,358.6700134277344,1824.0
2025-11-14T18:47:00Z,358.489990234375,358.7300109863281,358.489990234375,358.5574951171875,358.5574951171875,1458.0
2025-11-14T18:48:00Z,358.510009765625,358.510009765625,358.3810119628906,358.4949951171875,358.4949951171875,1589.0
2025-11-14T18:49:00Z,358.5299987792969,358.7099914550781,358.5,358.7099914550781,358.7099914550781,1403.0
2025-11-14T18:50:00Z,358.6650085449219,359.1199951171875,358.6650085449219,358.9700012207031,358.9700012207031,2743.0
2025-11-14T18:51:00Z,358.9800109863281,359.69000244140625,358.9800109863281,359.69000244140625,359.69000244140625,4222.0
2025-11-14T18:52:00Z,359.2001037597656,359.7300109863281,359.2001037597656,359.7300109863281,359.7300109863281,1544.0
2025-11-14T18:53:00Z,359.5975036621094,359.75,359.5975036621094,359.75,359.75,1366.0
2025-11-14T18:54:00Z,359.760009765625,359.9855041503906,359.57000732421875,359.9599914550781,359.9599914550781,1834.0
2025-11-14T18:55:00Z,359.78350830078125,359.9800109863281,359.7799987792969,359.940185546875,359.940185546875,2150.0
2025-11-14T18:56:00Z,359.70001220703125,359.82501220703125,359.6499938964844,359.81500244140625,359.81500244140625,2860.0
2025-11-14T18:57:00Z,359.80999755859375,359.80999755859375,359.4549865722656,359.54998779296875,359.54998779296875,2056.0
2025-11-14T18:58:00Z,359.4599914550781,359.79998779296875,359.4599914550781,359.79998779296875,359.79998779296875,1995.0
2025-11-14T18:59:00Z,359.7632141113281,359.7632141113281,359.5400085449219,359.7149963378906,359.7149963378906,672.0
2025-11-14T19:00:00Z,359.8900146484375,360.1400146484375,359.79998779296875,360.05999755859375,360.05999755859375,3588.0
2025-11-14T19:01:00Z,359.7900085449219,359.8500061035156,359.55999755859375,359.55999755859375,359.55999755859375,2783.0
2025-11-14T19:02:00Z,359.6700134277344,359.7300109863281,359.3800048828125,359.3949890136719,359.3949890136719,2804.0
2025-11-14T19:03:00Z,359.4049987792969,359.5400085449219,359.4049987792969,359.510009765625,359.510009765625,2425.0
2025-11-14T19:04:00Z,359.5050048828125,359.6199951171875,359.4849853515625,359.4849853515625,359.4849853515625,1044.0
2025-11-14T19:05:00Z,359.4800109863281,359.4917907714844,359.3399963378906,359.3399963378906,359.3399963378906,3705.0
2025-11-14T19:06:00Z,359.3450012207031,359.55999755859375,359.2349853515625,359.4700012207031,359.4700012207031,6225.0
2025-11-14T19:07:00Z,359.55999755859375,359.55999755859375,359.0199890136719,359.0899963378906,359.0899963378906,2643.0
2025-11-14T19:08:00Z,359.1300048828125,359.2099914550781,359.0,359.1099853515625,359.1099853515625,7757.0
2025-11-14T19:09:00Z,359.1099853515625,359.1099853515625,358.86968994140625,358.9800109863281,358.9800109863281,3196.0
2025-11-14T19:10:00Z,358.9800109863281,359.3800048828125,358.9800109863281,359.2200012207031,359.2200012207031,4528.0
2025-11-14T19:11:00Z,359.20001220703125,359.260009765625,358.9800109863281,358.9800109863281,358.9800109863281,2989.0
2025-11-14T19:12:00Z,358.989990234375,359.1000061035156,358.8900146484375,358.9949951171875,358.9949951171875,5887.0
2025-11-14T19:13:00Z,358.8900146484375,358.9949951171875,358.7416076660156,358.8999938964844,358.8999938964844,4123.0
2025-11-14T19:14:00Z,358.8999938964844,358.9700012207031,358.7900085449219,358.9599914550781,358.9599914550781,3113.0
2025-11-14T19:15:00Z,359.010009765625,359.20001220703125,359.0,359.17999267578125,359.17999267578125,4558.0
2025-11-14T19:16:00Z,359.07000732421875,359.0849914550781,358.8699951171875,358.8699951171875,358.8699951171875,3096.0
2025-11-14T19:17:00Z,358.9798889160156,358.9798889160156,358.739990234375,358.8399963378906,358.8399963378906,4309.0
2025-11-14T19:18:00Z,358.9800109863281,359.0199890136719,358.80999755859375,358.92498779296875,358.92498779296875,2392.0
2025-11-14T19:19:00Z,358.94000244140625,358.94000244140625,358.57000732421875,358.6600036621094,358.6600036621094,3919.0
2025-11-14T19:20:00Z,358.6600036621094,358.79998779296875,358.6600036621094,358.7049865722656,358.7049865722656,2223.0
2025-11-14T19:21:00Z,358.7099914550781,358.9100036621094,358.510009765625,358.6300048828125,358.6300048828125,4942.0
2025-11-14T19:22:00Z,358.6300048828125,358.8500061035156,358.55999755859375,358.8500061035156,358.8500061035156,4094.0
2025-11-14T19:23:00Z,358.8900146484375,359.1199951171875,358.8900146484375,358.9700012207031,358.9700012207031,5204.0
2025-11-14T19:24:00Z,359.0350036621094,359.1099853515625,359.0350036621094,359.0493469238281,359.0493469238281,1813.0
2025-11-14T19:25:00Z,359.0625,359.07501220703125,358.7799987792969,358.7955017089844,358.7955017089844,2335.0
2025-11-14T19:26:00Z,358.8299865722656,358.8500061035156,358.6600036621094,358.6600036621094,358.6600036621094,1921.0
2025-11-14T19:27:00Z,358.7449951171875,358.8299865722656,358.6499938964844,358.8299865722656,358.8299865722656,35421.0
2025-11-14T19:28:00Z,358.8299865722656,358.95001220703125,358.8207092285156,358.94000244140625,358.94000244140625,3210.0
2025-11-14T19:29:00Z,358.8900146484375,359.1700134277344,358.79998779296875,358.8949890136719,358.8949890136719,5483.0
2025-11-14T19:30:00Z,359.0,359.20001220703125,359.0,359.07501220703125,359.07501220703125,1654.0
2025-11-14T19:31:00Z,359.06500244140625,359.20001220703125,358.760009765625,358.94989013671875,358.94989013671875,7848.0
2025-11-14T19:32:00Z,358.7749938964844,358.7749938964844,358.6199951171875,358.7099914550781,358.7099914550781,1100.0
2025-11-14T19:33:00Z,358.6199951171875,358.82000732421875,358.6199951171875,358.7799987792969,358.7799987792969,2574.0
2025-11-14T19:34:00Z,358.92999267578125,358.94000244140625,358.6534118652344,358.7200012207031,358.7200012207031,4666.0
2025-11-14T19:35:00Z,358.7200012207031,359.0799865722656,358.7200012207031,358.90008544921875,358.90008544921875,11269.0
2025-11-14T19:36:00Z,358.90008544921875,359.04998779296875,358.8900146484375,359.0249938964844,359.0249938964844,2467.0
2025-11-14T19:37:00Z,359.0199890136719,359.0199890136719,358.7699890136719,358.95001220703125,358.95001220703125,2636.0
2025-11-14T19:38:00Z,358.9549865722656,358.9800109863281,358.80999755859375,358.9800109863281,358.9800109863281,2227.0
2025-11-14T19:39:00Z,359.0400085449219,359.1600036621094,358.9849853515625,359.1099853515625,359.1099853515625,2855.0
2025-11-14T19:40:00Z,359.0899963378906,359.0899963378906,358.9599914550781,359.0050048828125,359.0050048828125,2525.0
2025-11-14T19:41:00Z,358.94000244140625,359.1499938964844,358.8299865722656,359.1499938964844,359.1499938964844,4355.0
2025-11-14T19:42:00Z,359.04998779296875,359.1199951171875,359.0400085449219,359.1199951171875,359.1199951171875,1860.0
2025-11-14T19:43:00Z,359.1099853515625,359.125,359.0350036621094,359.05999755859375,359.05999755859375,1396.0
2025-11-14T19:44:00Z,359.05999755859375,359.29998779296875,359.0,359.29998779296875,359.29998779296875,3690.0
2025-11-14T19:45:00Z,359.29998779296875,359.29998779296875,359.1400146484375,359.1400146484375,359.1400146484375,2388.0
2025-11-14T19:46:00Z,359.1099853515625,359.30999755859375,359.1099853515625,359.2300109863281,359.2300109863281,4434.0
2025-11-14T19:47:00Z,359.30999755859375,359.3299865722656,359.1099853515625,359.2200012207031,359.2200012207031,3248.0
2025-11-14T19:48:00Z,359.1199951171875,359.1300048828125,358.8599853515625,358.8800048828125,358.8800048828125,6423.0
2025-11-14T19:49:00Z,358.80999755859375,358.8800048828125,358.7699890136719,358.7799987792969,358.7799987792969,806.0
2025-11-14T19:50:00Z,358.7799987792969,358.80999755859375,358.70001220703125,358.7650146484375,358.7650146484375,3103.0
2025-11-14T19:51:00Z,358.7650146484375,358.8999938964844,358.7200012207031,358.8500061035156,358.8500061035156,4167.0
2025-11-14T19:52:00Z,358.8800048828125,358.9700012207031,358.81658935546875,358.94000244140625,358.94000244140625,2003.0
2025-11-14T19:53:00Z,358.95001220703125,358.9599914550781,358.7200012207031,358.79998779296875,358.79998779296875,4039.0
2025-11-14T19:54:00Z,358.8699951171875,358.92999267578125,358.8299865722656,358.8299865722656,358.8299865722656,1391.0
2025-11-14T19:55:00Z,358.79998779296875,358.82861328125,358.7004089355469,358.7650146484375,358.7650146484375,3838.0
2025-11-14T19:56:00Z,358.8299865722656,358.9849853515625,358.82000732421875,358.9150085449219,358.9150085449219,2988.0
2025-11-14T19:57:00Z,358.94580078125,359.19000244140625,358.94580078125,359.19000244140625,359.19000244140625,3991.0
2025-11-14T19:58:00Z,359.19500732421875,359.19500732421875,358.92999267578125,358.93499755859375,358.93499755859375,4772.0
2025-11-14T19:59:00Z,358.9800109863281,359.20001220703125,358.93499755859375,359.0400085449219,359.0400085449219,44176.0
2025-11-14T20:00:00Z,359.0400085449219,359.05999755859375,358.8599853515625,359.0150146484375,359.0150146484375,3002.0
2025-11-14T20:01:00Z,358.9200134277344,359.1000061035156,358.9200134277344,359.05499267578125,359.05499267578125,2567.0
2025-11-14T20:02:00Z,359.1300048828125,359.17999267578125,359.010009765625,359.0719909667969,359.0719909667969,4183.0
2025-11-14T20:03:00Z,359.0799865722656,359.1300048828125,358.77850341796875,358.77850341796875,358.77850341796875,4053.0
2025-11-14T20:04:00Z,358.8299865722656,358.8900146484375,358.7699890136719,358.8299865722656,358.8299865722656,1793.0
2025-11-14T20:05:00Z,358.739990234375,358.80999755859375,358.7200012207031,358.7850036621094,358.7850036621094,6372.0
2025-11-14T20:06:00Z,358.7300109863281,358.760009765625,358.4700012207031,358.5799865722656,358.5799865722656,20330.0
2025-11-14T20:07:00Z,358.55499267578125,358.80999755859375,358.510009765625,358.7699890136719,358.7699890136719,41831.0
2025-11-14T20:08:00Z,358.7200012207031,358.8205871582031,358.32000732421875,358.32000732421875,358.32000732421875,7504.0
2025-11-14T20:09:00Z,358.239990234375,358.4100036621094,358.04998779296875,358.2900085449219,358.2900085449219,9133.0
2025-11-14T20:10:00Z,358.3349914550781,358.55999755859375,358.3349914550781,358.44000244140625,358.44000244140625,3004.0
2025-11-14T20:11:00Z,358.510009765625,358.510009765625,358.2900085449219,358.364990234375,358.364990234375,1657.0
2025-11-14T20:12:00Z,358.364990234375,358.57000732421875,358.25,358.4700012207031,358.4700012207031,4830.0
2025-11-14T20:13:00Z,358.5087890625,358.5087890625,358.3349914550781,358.4549865722656,358.4549865722656,3648.0
2025-11-14T20:14:00Z,358.4049987792969,358.4599914550781,358.3399963378906,358.44000244140625,358.44000244140625,2803.0
2025-11-14T20:15:00Z,358.5299987792969,358.6300048828125,358.5299987792969,358.54998779296875,358.54998779296875,2931.0
2025-11-14T20:16:00Z,358.5400085449219,358.6199951171875,358.4599914550781,358.57501220703125,358.57501220703125,3092.0
2025-11-14T20:17:00Z,358.6700134277344,358.7300109863281,358.2200012207031,358.2200012207031,358.2200012207031,5550.0
2025-11-14T20:18:00Z,358.2099914550781,358.25,357.81500244140625,357.87249755859375,357.87249755859375,6155.0
2025-11-14T20:19:00Z,357.94000244140625,357.94000244140625,357.70001220703125,357.7850036621094,357.7850036621094,3869.0
2025-11-14T20:20:00Z,357.7699890136719,357.8699951171875,357.7699890136719,357.7950134277344,357.7950134277344,2989.0
2025-11-14T20:21:00Z,357.8900146484375,357.95001220703125,357.5,357.5,357.5,6896.0
2025-11-14T20:22:00Z,357.57000732421875,357.57000732421875,357.2099914550781,357.2099914550781,357.2099914550781,4433.0
2025-11-14T20:23:00Z,357.2099914550781,357.57000732421875,357.17999267578125,357.45001220703125,357.45001220703125,8252.0
2025-11-14T20:24:00Z,357.4200134277344,357.5899963378906,357.4100036621094,357.45001220703125,357.45001220703125,4515.0
2025-11-14T20:25:00Z,357.45001220703125,357.6300048828125,357.3399963378906,357.55999755859375,357.55999755859375,7259.0
2025-11-14T20:26:00Z,357.55999755859375,357.6600036621094,357.55999755859375,357.5950012207031,357.5950012207031,3296.0
2025-11-14T20:27:00Z,357.5950012207031,357.7799987792969,357.3599853515625,357.7200012207031,357.7200012207031,11448.0
2025-11-14T20:28:00Z,357.67498779296875,357.7099914550781,357.5409851074219,357.6600036621094,357.6600036621094,1810.0
2025-11-14T20:29:00Z,357.6600036621094,357.8800048828125,357.6199951171875,357.8450012207031,357.8450012207031,5339.0
2025-11-14T20:30:00Z,357.8299865722656,357.8500061035156,357.6300048828125,357.69000244140625,357.69000244140625,9799.0
2025-11-14T20:31:00Z,357.6650085449219,357.6650085449219,357.364990234375,357.3999938964844,357.3999938964844,7923.0
2025-11-14T20:32:00Z,357.3999938964844,357.5799865722656,357.3999938964844,357.5400085449219,357.5400085449219,5241.0
2025-11-14T20:33:00Z,357.5799865722656,357.5799865722656,357.3999938964844,357.5150146484375,357.5150146484375,8234.0
2025-11-14T20:34:00Z,357.5150146484375,357.6199951171875,357.4700012207031,357.5249938964844,357.5249938964844,5391.0
2025-11-14T20:35:00Z,357.5249938964844,357.856689453125,357.48199462890625,357.7900085449219,357.7900085449219,6092.0
2025-11-14T20:36:00Z,357.7749938964844,357.8299865722656,357.6400146484375,357.6549987792969,357.6549987792969,6371.0
2025-11-14T20:37:00Z,357.6549987792969,357.7200012207031,357.3999938964844,357.4649963378906,357.4649963378906,6786.0
2025-11-14T20:38:00Z,357.44000244140625,357.54998779296875,357.35699462890625,357.4200134277344,357.4200134277344,7932.0
2025-11-14T20:39:00Z,357.42999267578125,357.79998779296875,357.3699951171875,357.614990234375,357.614990234375,9326.0
2025-11-14T20:40:00Z,357.6300048828125,357.6300048828125,357.19000244140625,357.2099914550781,357.2099914550781,6615.0
2025-11-14T20:41:00Z,357.2099914550781,357.3299865722656,357.0199890136719,357.1400146484375,357.1400146484375,12847.0
2025-11-14T20:42:00Z,357.1099853515625,357.32501220703125,357.0799865722656,357.32501220703125,357.32501220703125,5025.0
2025-11-14T20:43:00Z,357.25,357.32501220703125,356.989990234375,357.0,357.0,18621.0
2025-11-14T20:44:00Z,357.0,357.05999755859375,356.8699951171875,356.87091064453125,356.87091064453125,8887.0
2025-11-14T20:45:00Z,356.9800109863281,357.2300109863281,356.95709228515625,357.1199951171875,357.1199951171875,19739.0
2025-11-14T20:46:00Z,357.1199951171875,357.25,357.0509948730469,357.0509948730469,357.0509948730469,9133.0
2025-11-14T20:47:00Z,357.0799865722656,357.1449890136719,357.04998779296875,357.0950012207031,357.0950012207031,6205.0
2025-11-14T20:48:00Z,357.1099853515625,357.2099914550781,356.82000732421875,356.82000732421875,356.82000732421875,10191.0
2025-11-14T20:49:00Z,356.760009765625,356.7799987792969,356.3599853515625,356.3599853515625,356.3599853515625,12979.0
2025-11-14T20:50:00Z,356.4800109863281,357.0,356.4800109863281,356.8800048828125,356.8800048828125,14083.0
2025-11-14T20:51:00Z,356.8800048828125,357.4599914550781,356.8800048828125,357.2200012207031,357.2200012207031,13652.0
2025-11-14T20:52:00Z,357.2099914550781,357.260009765625,356.8599853515625,356.9049987792969,356.9049987792969,13699.0
2025-11-14T20:53:00Z,356.9049987792969,357.32000732421875,356.9049987792969,357.2749938964844,357.2749938964844,16762.0
2025-11-14T20:54:00Z,357.239990234375,357.2799987792969,356.92999267578125,357.2799987792969,357.2799987792969,22337.0
2025-11-14T20:55:00Z,357.2099914550781,357.29998779296875,356.989990234375,357.1099853515625,357.1099853515625,16258.0
2025-11-14T20:56:00Z,357.0899963378906,357.0899963378906,356.82000732421875,356.82000732421875,356.82000732421875,15981.0
2025-11-14T20:57:00Z,356.82000732421875,357.0199890136719,356.67999267578125,356.7300109863281,356.7300109863281,29058.0
2025-11-14T20:58:00Z,356.6700134277344,356.9800109863281,356.6000061035156,356.8450012207031,356.8450012207031,49748.0
2025-11-14T20:59:00Z,356.8699951171875,357.17999267578125,356.760009765625,357.17999267578125,357.17999267578125,85657.0
2025-11-17T14:30:00Z,356.2200012207031,356.8999938964844,355.0,356.0050048828125,356.0050048828125,36352.0
2025-11-17T14:31:00Z,356.4100036621094,356.6000061035156,355.8424987792969,356.0350036621094,356.0350036621094,4287.0
2025-11-17T14:32:00Z,355.8575134277344,356.1400146484375,355.17999267578125,355.7049865722656,355.7049865722656,2963.0
2025-11-17T14:33:00Z,356.0,356.4656066894531,355.4148864746094,356.1449890136719,356.1449890136719,5830.0
2025-11-17T14:34:00Z,356.18499755859375,357.135009765625,355.4800109863281,357.135009765625,357.135009765625,4139.0
2025-11-17T14:35:00Z,357.135009765625,357.42401123046875,356.04998779296875,356.04998779296875,356.04998779296875,5948.0
2025-11-17T14:36:00Z,356.5950012207031,356.739990234375,355.95001220703125,355.95001220703125,355.95001220703125,3376.0
2025-11-17T14:37:00Z,356.260009765625,356.9031066894531,356.1700134277344,356.6700134277344,356.6700134277344,3923.0
2025-11-17T14:38:00Z,356.25,357.14990234375,356.1700134277344,356.2900085449219,356.2900085449219,2336.0
2025-11-17T14:39:00Z,356.3999938964844,356.3999938964844,356.1700134277344,356.2099914550781,356.2099914550781,2481.0
2025-11-17T14:40:00Z,356.4725036621094,356.4725036621094,355.80999755859375,355.80999755859375,355.80999755859375,2539.0
2025-11-17T14:41:00Z,355.5400085449219,356.1000061035156,355.5400085449219,355.739990234375,355.739990234375,5684.0
2025-11-17T14:42:00Z,355.5299987792969,355.8999938964844,355.2200012207031,355.25,355.25,5163.0
2025-11-17T14:43:00Z,355.2200012207031,356.2900085449219,355.17999267578125,356.1099853515625,356.1099853515625,5352.0
2025-11-17T14:44:00Z,356.3599853515625,356.3599853515625,355.92999267578125,356.135009765625,356.135009765625,1771.0
2025-11-17T14:45:00Z,355.9700012207031,356.13629150390625,355.510009765625,355.69000244140625,355.69000244140625,2802.0
2025-11-17T14:46:00Z,355.69000244140625,356.8500061035156,355.69000244140625,356.6499938964844,356.6499938964844,2127.0
2025-11-17T14:47:00Z,356.70001220703125,356.70001220703125,356.2200012207031,356.6600036621094,356.6600036621094,3651.0
2025-11-17T14:48:00Z,356.45001220703125,357.04998779296875,356.45001220703125,356.864990234375,356.864990234375,3958.0
2025-11-17T14:49:00Z,356.9005126953125,356.9005126953125,356.364990234375,356.364990234375,356.364990234375,4555.0
2025-11-17T14:50:00Z,356.2699890136719,356.54998779296875,356.1700134277344,356.5350036621094,356.5350036621094,4087.0
2025-11-17T14:51:00Z,356.5350036621094,356.9849853515625,356.5350036621094,356.9849853515625,356.9849853515625,2712.0
2025-11-17T14:52:00Z,356.989990234375,357.1499938964844,356.7699890136719,356.989990234375,356.989990234375,1516.0
2025-11-17T14:53:00Z,356.7799987792969,357.30499267578125,356.69000244140625,357.2550048828125,357.2550048828125,5022.0
2025-11-17T14:54:00Z,357.2799987792969,357.7900085449219,357.2799987792969,357.5350036621094,357.5350036621094,1184.0
2025-11-17T14:55:00Z,357.7699890136719,357.79998779296875,357.510009765625,357.7043151855469,357.7043151855469,2509.0
2025-11-17T14:56:00Z,357.58648681640625,357.58648681640625,357.260009765625,357.5,357.5,2885.0
2025-11-17T14:57:00Z,357.3500061035156,357.6499938964844,357.3500061035156,357.5899963378906,357.5899963378906,1393.0
2025-11-17T14:58:00Z,357.4849853515625,357.489990234375,357.0799865722656,357.2225036621094,357.2225036621094,2362.0
2025-11-17T14:59:00Z,357.2200012207031,357.55999755859375,357.07000732421875,357.5400085449219,357.5400085449219,6084.0
2025-11-17T15:00:00Z,357.6199951171875,358.0,357.5299987792969,358.0,358.0,3723.0
2025-11-17T15:01:00Z,357.9800109863281,358.2200012207031,357.95001220703125,358.04998779296875,358.04998779296875,2385.0
2025-11-17T15:02:00Z,358.2300109863281,358.2300109863281,357.760009765625,358.0950012207031,358.0950012207031,4582.0
2025-11-17T15:03:00Z,358.0450134277344,358.04998779296875,357.5799865722656,357.5799865722656,357.5799865722656,1802.0
2025-11-17T15:04:00Z,357.70001220703125,357.7200012207031,357.29998779296875,357.7200012207031,357.7200012207031,4375.0
2025-11-17T15:05:00Z,357.5150146484375,357.5199890136719,357.3900146484375,357.5199890136719,357.5199890136719,2048.0
2025-11-17T15:06:00Z,357.5199890136719,357.80999755859375,357.4800109863281,357.80999755859375,357.80999755859375,5216.0
2025-11-17T15:07:00Z,357.7699890136719,357.8800048828125,357.4100036621094,357.6424865722656,357.6424865722656,5151.0
2025-11-17T15:08:00Z,357.614990234375,357.739990234375,357.4400939941406,357.4400939941406,357.4400939941406,2439.0
2025-11-17T15:09:00Z,357.44000244140625,357.44000244140625,356.8399963378906,357.2749938964844,357.2749938964844,6361.0
2025-11-17T15:10:00Z,357.2449951171875,357.2449951171875,357.0400085449219,357.2049865722656,357.2049865722656,2246.0
2025-11-17T15:11:00Z,357.17498779296875,357.6499938964844,357.17498779296875,357.42498779296875,357.42498779296875,1522.0
2025-11-17T15:12:00Z,357.43499755859375,357.8599853515625,357.43499755859375,357.63848876953125,357.63848876953125,3231.0
2025-11-17T15:13:00Z,357.9009094238281,357.9700012207031,357.3800048828125,357.6300048828125,357.6300048828125,5573.0
2025-11-17T15:14:00Z,357.69000244140625,357.69000244140625,357.2799987792969,357.3800048828125,357.3800048828125,2759.0
2025-11-17T15:15:00Z,357.3800048828125,357.7149963378906,357.3800048828125,357.57000732421875,357.57000732421875,2598.0
2025-11-17T15:16:00Z,357.6499938964844,357.8900146484375,357.5899963378906,357.80999755859375,357.80999755859375,13586.0
2025-11-17T15:17:00Z,357.760009765625,357.760009765625,357.2300109863281,357.385009765625,357.385009765625,6675.0
2025-11-17T15:18:00Z,357.2900085449219,357.3900146484375,356.7950134277344,356.82000732421875,356.82000732421875,4715.0
2025-11-17T15:19:00Z,356.8699951171875,356.94500732421875,356.2850036621094,356.44000244140625,356.44000244140625,5630.0
2025-11-17T15:20:00Z,356.239990234375,356.45001220703125,356.1199951171875,356.30499267578125,356.30499267578125,9097.0
2025-11-17T15:21:00Z,356.3349914550781,356.3399963378906,355.9187927246094,355.9649963378906,355.9649963378906,3424.0
2025-11-17T15:22:00Z,355.860107421875,356.42999267578125,355.860107421875,356.3999938964844,356.3999938964844,4146.0
2025-11-17T15:23:00Z,356.5,356.5,356.20001220703125,356.2804870605469,356.2804870605469,2571.0
2025-11-17T15:24:00Z,356.1400146484375,356.7749938964844,356.1199951171875,356.57000732421875,356.57000732421875,3705.0
2025-11-17T15:25:00Z,356.7550048828125,356.7550048828125,356.2200012207031,356.2799987792969,356.2799987792969,5151.0
2025-11-17T15:26:00Z,356.2799987792969,356.3699951171875,356.1499938964844,356.20001220703125,356.20001220703125,4737.0
2025-11-17T15:27:00Z,356.20001220703125,356.20001220703125,356.0,356.1700134277344,356.1700134277344,2075.0
2025-11-17T15:28:00Z,356.1549987792969,356.6400146484375,356.1549987792969,356.5150146484375,356.5150146484375,3034.0
2025-11-17T15:29:00Z,356.6654968261719,356.6654968261719,356.3599853515625,356.3599853515625,356.3599853515625,2029.0
2025-11-17T15:30:00Z,356.3299865722656,356.5,355.6549987792969,355.8599853515625,355.8599853515625,14010.0
2025-11-17T15:31:00Z,356.04180908203125,356.04180908203125,355.760009765625,355.7799987792969,355.7799987792969,6873.0
2025-11-17T15:32:00Z,355.7950134277344,355.80999755859375,355.13421630859375,355.18499755859375,355.18499755859375,3665.0
2025-11-17T15:33:00Z,355.18499755859375,355.18499755859375,354.4649963378906,354.6575012207031,354.6575012207031,10380.0
2025-11-17T15:34:00Z,354.6300048828125,354.80999755859375,354.4100036621094,354.5274963378906,354.5274963378906,11716.0
2025-11-17T15:35:00Z,354.5249938964844,354.5799865722656,354.3800048828125,354.3999938964844,354.3999938964844,4162.0
2025-11-17T15:36:00Z,354.4200134277344,354.625,354.1400146484375,354.1400146484375,354.1400146484375,9185.0
2025-11-17T15:37:00Z,354.260009765625,354.2850036621094,353.510009765625,354.2850036621094,354.2850036621094,48281.0
2025-11-17T15:38:00Z,354.1300048828125,354.32000732421875,354.0199890136719,354.1700134277344,354.1700134277344,2949.0
2025-11-17T15:39:00Z,354.1000061035156,354.1000061035156,353.72369384765625,353.72369384765625,353.72369384765625,1830.0
2025-11-17T15:40:00Z,353.7300109863281,353.7749938964844,353.5199890136719,353.6449890136719,353.6449890136719,2241.0
2025-11-17T15:41:00Z,353.69000244140625,354.0799865722656,353.6499938964844,354.0350036621094,354.0350036621094,5366.0
2025-11-17T15:42:00Z,353.9750061035156,354.5199890136719,353.9750061035156,354.5199890136719,354.5199890136719,3560.0
2025-11-17T15:43:00Z,354.2300109863281,354.4800109863281,354.2200012207031,354.4800109863281,354.4800109863281,1973.0
2025-11-17T15:44:00Z,354.4849853515625,354.9949951171875,354.4849853515625,354.9949951171875,354.9949951171875,2634.0
2025-11-17T15:45:00Z,354.9700012207031,355.010009765625,354.4750061035156,354.760986328125,354.760986328125,4652.0
2025-11-17T15:46:00Z,354.95001220703125,355.1000061035156,354.92999267578125,355.0450134277344,355.0450134277344,1644.0
2025-11-17T15:47:00Z,355.1300048828125,355.3500061035156,355.0450134277344,355.3500061035156,355.3500061035156,2188.0
2025-11-17T15:48:00Z,355.44000244140625,355.6025085449219,355.44000244140625,355.4800109863281,355.4800109863281,2546.0
2025-11-17T15:49:00Z,355.5566101074219,355.5566101074219,354.8500061035156,355.2598876953125,355.2598876953125,5042.0
2025-11-17T15:50:00Z,355.05999755859375,355.0799865722656,354.9200134277344,355.0799865722656,355.0799865722656,1519.0
2025-11-17T15:51:00Z,355.0675048828125,355.1700134277344,354.9100036621094,354.9599914550781,354.9599914550781,1216.0
2025-11-17T15:52:00Z,355.0899963378906,355.5299987792969,354.92999267578125,355.4200134277344,355.4200134277344,6543.0
2025-11-17T15:53:00Z,355.5199890136719,355.7749938964844,355.5199890136719,355.7749938964844,355.7749938964844,1579.0
2025-11-17T15:54:00Z,355.81500244140625,355.90838623046875,355.6199951171875,355.7449951171875,355.7449951171875,3497.0
2025-11-17T15:55:00Z,355.7449951171875,355.8399963378906,355.4700012207031,355.6300048828125,355.6300048828125,6477.0
2025-11-17T15:56:00Z,355.70001220703125,355.8699951171875,355.4800109863281,355.8699951171875,355.8699951171875,1633.0
2025-11-17T15:57:00Z,355.67498779296875,355.75,355.6000061035156,355.6449890136719,355.6449890136719,1808.0
2025-11-17T15:58:00Z,355.6499938964844,355.80999755859375,355.5199890136719,355.6300048828125,355.6300048828125,3682.0
2025-11-17T15:59:00Z,355.7300109863281,355.7300109863281,355.20001220703125,355.20001220703125,355.20001220703125,4361.0
2025-11-17T16:00:00Z,355.3599853515625,355.3599853515625,355.2099914550781,355.260009765625,355.260009765625,2200.0
2025-11-17T16:01:00Z,355.1499938964844,355.1700134277344,354.8299865722656,354.9200134277344,354.9200134277344,3789.0
2025-11-17T16:02:00Z,354.7799987792969,355.0400085449219,354.7799987792969,354.9179992675781,354.9179992675781,5048.0
2025-11-17T16:03:00Z,355.1099853515625,355.1099853515625,354.8800048828125,355.0899963378906,355.0899963378906,1977.0
2025-11-17T16:04:00Z,354.9549865722656,354.9599914550781,354.9549865722656,354.9599914550781,354.9599914550781,1392.0
2025-11-17T16:05:00Z,354.9599914550781,355.1099853515625,354.80999755859375,355.0205993652344,355.0205993652344,1352.0
2025-11-17T16:06:00Z,354.8299865722656,354.8299865722656,354.4100036621094,354.4100036621094,354.4100036621094,5628.0
2025-11-17T16:07:00Z,354.3999938964844,354.5350036621094,354.1300048828125,354.2250061035156,354.2250061035156,3221.0
2025-11-17T16:08:00Z,354.0199890136719,354.20001220703125,353.8800048828125,353.8800048828125,353.8800048828125,1262.0
2025-11-17T16:09:00Z,353.9100036621094,353.9750061035156,353.70001220703125,353.875,353.875,5599.0
2025-11-17T16:10:00Z,353.8918151855469,354.0195007324219,353.739990234375,353.80499267578125,353.80499267578125,7144.0
2025-11-17T16:11:00Z,353.80499267578125,353.80499267578125,353.3500061035156,353.364990234375,353.364990234375,4853.0
2025-11-17T16:12:00Z,353.364990234375,353.440185546875,353.1400146484375,353.239990234375,353.239990234375,4176.0
2025-11-17T16:13:00Z,353.2250061035156,353.29791259765625,353.2200012207031,353.29791259765625,353.29791259765625,785.0
2025-11-17T16:14:00Z,353.2099914550781,353.2200012207031,353.0400085449219,353.1449890136719,353.1449890136719,2585.0
2025-11-17T16:15:00Z,353.1449890136719,353.1449890136719,353.0,353.0,353.0,3310.0
2025-11-17T16:16:00Z,352.9599914550781,352.9599914550781,352.7699890136719,352.7699890136719,352.7699890136719,1876.0
2025-11-17T16:17:00Z,352.6600036621094,352.95001220703125,352.6300048828125,352.95001220703125,352.95001220703125,5415.0
2025-11-17T16:18:00Z,352.95001220703125,353.0400085449219,352.94500732421875,352.94500732421875,352.94500732421875,1873.0
2025-11-17T16:19:00Z,352.7900085449219,353.0400085449219,352.70001220703125,352.70001220703125,352.70001220703125,1919.0
2025-11-17T16:20:00Z,352.70001220703125,352.7699890136719,352.6000061035156,352.6099853515625,352.6099853515625,7007.0
2025-11-17T16:21:00Z,352.5602111816406,352.5602111816406,352.32000732421875,352.4649963378906,352.4649963378906,3212.0
2025-11-17T16:22:00Z,352.5701904296875,352.9700012207031,352.4649963378906,352.7799987792969,352.7799987792969,8702.0
2025-11-17T16:23:00Z,352.8699951171875,353.32000732421875,352.8699951171875,353.1962890625,353.1962890625,5088.0
2025-11-17T16:24:00Z,353.489990234375,353.489990234375,353.0299987792969,353.1199951171875,353.1199951171875,3069.0
2025-11-17T16:25:00Z,353.10009765625,353.375,352.9801025390625,352.9801025390625,352.9801025390625,4214.0
2025-11-17T16:26:00Z,353.2099914550781,353.9100036621094,353.2099914550781,353.79998779296875,353.79998779296875,2069.0
2025-11-17T16:27:00Z,353.75,353.8500061035156,353.6300048828125,353.7900085449219,353.7900085449219,2530.0
2025-11-17T16:28:00Z,353.7900085449219,353.8299865722656,353.54998779296875,353.69000244140625,353.69000244140625,3918.0
2025-11-17T16:29:00Z,353.7300109863281,354.0299987792969,353.7300109863281,354.0299987792969,354.0299987792969,7439.0
2025-11-17T16:30:00Z,354.0,354.1654968261719,354.0,354.1000061035156,354.1000061035156,1486.0
2025-11-17T16:31:00Z,354.0799865722656,354.3299865722656,354.04998779296875,354.2650146484375,354.2650146484375,7743.0
2025-11-17T16:32:00Z,354.3299865722656,354.3299865722656,354.1600036621094,354.32000732421875,354.32000732421875,3193.0
2025-11-17T16:33:00Z,354.2300109863281,354.31500244140625,353.989990234375,354.1600036621094,354.1600036621094,2623.0
2025-11-17T16:34:00Z,354.0150146484375,354.1199951171875,353.92999267578125,353.92999267578125,353.92999267578125,1521.0
2025-11-17T16:35:00Z,354.04998779296875,354.04998779296875,353.8399963378906,353.9200134277344,353.9200134277344,3790.0
2025-11-17T16:36:00Z,353.8887939453125,354.1300048828125,353.8887939453125,354.0450134277344,354.0450134277344,4813.0
2025-11-17T16:37:00Z,354.0799865722656,354.1700134277344,353.92999267578125,354.0400085449219,354.0400085449219,3829.0
2025-11-17T16:38:00Z,353.9200134277344,353.9599914550781,353.510009765625,353.5199890136719,353.5199890136719,5235.0
2025-11-17T16:39:00Z,353.55999755859375,353.6700134277344,353.4599914550781,353.4599914550781,353.4599914550781,7638.0
2025-11-17T16:40:00Z,353.5199890136719,353.9129943847656,353.3599853515625,353.81500244140625,353.81500244140625,9227.0
2025-11-17T16:41:00Z,353.82000732421875,353.82501220703125,353.8080139160156,353.82501220703125,353.82501220703125,1127.0
2025-11-17T16:42:00Z,353.7099914550781,353.9200134277344,353.6300048828125,353.8399963378906,353.8399963378906,6538.0
2025-11-17T16:43:00Z,353.8500061035156,353.94000244140625,353.8500061035156,353.8999938964844,353.8999938964844,3081.0
2025-11-17T16:44:00Z,353.739990234375,353.80999755859375,353.6300048828125,353.69000244140625,353.69000244140625,3705.0
2025-11-17T16:45:00Z,353.57000732421875,353.7049865722656,353.5000915527344,353.7049865722656,353.7049865722656,2372.0
2025-11-17T16:46:00Z,353.7049865722656,354.0299987792969,353.6199951171875,353.7200012207031,353.7200012207031,3756.0
2025-11-17T16:47:00Z,353.81500244140625,354.0150146484375,353.6099853515625,354.0150146484375,354.0150146484375,4914.0
2025-11-17T16:48:00Z,354.0400085449219,354.2193908691406,353.9949951171875,354.0400085449219,354.0400085449219,1742.0
2025-11-17T16:49:00Z,354.0708923339844,354.1700134277344,354.0199890136719,354.114990234375,354.114990234375,1193.0
2025-11-17T16:50:00Z,354.114990234375,354.25,354.114990234375,354.25,354.25,2056.0
2025-11-17T16:51:00Z,354.25,354.4200134277344,354.17999267578125,354.3399963378906,354.3399963378906,4310.0
2025-11-17T16:52:00Z,354.2099914550781,354.2349853515625,354.04998779296875,354.2349853515625,354.2349853515625,2537.0
2025-11-17T16:53:00Z,354.1449890136719,354.3349914550781,354.0101013183594,354.0101013183594,354.0101013183594,3499.0
2025-11-17T16:54:00Z,354.010009765625,354.19000244140625,353.94000244140625,354.05999755859375,354.05999755859375,1985.0
2025-11-17T16:55:00Z,353.94000244140625,354.0400085449219,353.7200012207031,354.0400085449219,354.0400085449219,10370.0
2025-11-17T16:56:00Z,354.0400085449219,354.0899963378906,353.94158935546875,354.0,354.0,2498.0
2025-11-17T16:57:00Z,354.0,354.25,353.9599914550781,354.2300109863281,354.2300109863281,3361.0
2025-11-17T16:58:00Z,354.31500244140625,354.32000732421875,354.31500244140625,354.32000732421875,354.32000732421875,1043.0
2025-11-17T16:59:00Z,354.32000732421875,354.3599853515625,354.30499267578125,354.3299865722656,354.3299865722656,2887.0
2025-11-17T17:00:00Z,354.364990234375,354.42999267578125,354.260009765625,354.3450012207031,354.3450012207031,1910.0
2025-11-17T17:01:00Z,354.260009765625,354.29998779296875,354.19000244140625,354.29998779296875,354.29998779296875,4859.0
2025-11-17T17:02:00Z,354.260009765625,354.5299987792969,354.0899963378906,354.2349853515625,354.2349853515625,16764.0
2025-11-17T17:03:00Z,354.05999755859375,354.2699890136719,354.05999755859375,354.18499755859375,354.18499755859375,6256.0
2025-11-17T17:04:00Z,354.1600036621094,354.2300109863281,353.9100036621094,353.9700012207031,353.9700012207031,4738.0
2025-11-17T17:05:00Z,353.9949951171875,354.19500732421875,353.8999938964844,353.99200439453125,353.99200439453125,5944.0
2025-11-17T17:06:00Z,353.8399963378906,353.875,353.7699890136719,353.875,353.875,5403.0
2025-11-17T17:07:00Z,354.010009765625,354.239990234375,353.9949951171875,354.1700134277344,354.1700134277344,3558.0
2025-11-17T17:08:00Z,354.2799072265625,354.2799987792969,354.04998779296875,354.04998779296875,354.04998779296875,1798.0
2025-11-17T17:09:00Z,354.12750244140625,354.12750244140625,354.0299987792969,354.0299987792969,354.0299987792969,748.0
2025-11-17T17:10:00Z,354.0299987792969,354.0299987792969,353.8299865722656,353.8299865722656,353.8299865722656,1793.0
2025-11-17T17:11:00Z,353.7900085449219,354.07000732421875,353.7699890136719,353.8399963378906,353.8399963378906,6538.0
2025-11-17T17:12:00Z,353.7200012207031,353.7876892089844,353.3699951171875,353.3699951171875,353.3699951171875,3094.0
2025-11-17T17:13:00Z,353.4914855957031,353.7900085449219,353.4914855957031,353.7250061035156,353.7250061035156,3599.0
2025-11-17T17:14:00Z,353.69500732421875,353.7799987792969,353.57000732421875,353.57000732421875,353.57000732421875,2125.0
2025-11-17T17:15:00Z,353.7149963378906,353.9100036621094,353.4800109863281,353.8999938964844,353.8999938964844,3924.0
2025-11-17T17:16:00Z,353.875,354.0570068359375,353.7762145996094,353.92999267578125,353.92999267578125,4047.0
2025-11-17T17:17:00Z,353.8900146484375,353.93499755859375,353.7300109863281,353.7300109863281,353.7300109863281,1795.0
2025-11-17T17:18:00Z,353.81280517578125,353.81280517578125,353.7225036621094,353.7749938964844,353.7749938964844,965.0
2025-11-17T17:19:00Z,353.6099853515625,353.9700012207031,353.5199890136719,353.9700012207031,353.9700012207031,7085.0
2025-11-17T17:20:00Z,353.93499755859375,354.07000732421875,353.7950134277344,353.989990234375,353.989990234375,2688.0
2025-11-17T17:21:00Z,353.989990234375,353.989990234375,353.82000732421875,353.9599914550781,353.9599914550781,1434.0
2025-11-17T17:22:00Z,353.989990234375,354.1549987792969,353.989990234375,354.125,354.125,1995.0
2025-11-17T17:23:00Z,354.0199890136719,354.0799865722656,353.8599853515625,354.0050048828125,354.0050048828125,3923.0
2025-11-17T17:24:00Z,353.9549865722656,353.9549865722656,353.9549865722656,353.9549865722656,353.9549865722656,688.0
2025-11-17T17:25:00Z,353.9599914550781,353.9599914550781,353.7799987792969,353.91400146484375,353.91400146484375,2731.0
2025-11-17T17:26:00Z,353.94000244140625,354.0299987792969,353.8550109863281,353.9200134277344,353.9200134277344,1295.0
2025-11-17T17:27:00Z,353.8999938964844,353.9049987792969,353.80999755859375,353.8550109863281,353.8550109863281,7049.0
2025-11-17T17:28:00Z,353.79998779296875,353.8399963378906,353.69000244140625,353.7174987792969,353.7174987792969,3659.0
2025-11-17T17:29:00Z,353.79998779296875,354.0299987792969,353.79998779296875,354.0299987792969,354.0299987792969,1457.0
2025-11-17T17:30:00Z,354.1000061035156,354.2882080078125,354.0299987792969,354.1050109863281,354.1050109863281,3474.0
2025-11-17T17:31:00Z,354.05999755859375,354.1300048828125,353.9107971191406,353.9107971191406,353.9107971191406,1437.0
2025-11-17T17:32:00Z,354.0299987792969,354.0299987792969,353.7900085449219,353.7900085449219,353.7900085449219,1912.0
2025-11-17T17:33:00Z,353.8500061035156,353.8550109863281,353.8500061035156,353.8550109863281,353.8550109863281,694.0
2025-11-17T17:34:00Z,353.8599853515625,353.989990234375,353.8599853515625,353.9549865722656,353.9549865722656,3128.0
2025-11-17T17:35:00Z,353.9549865722656,354.1199951171875,353.9549865722656,354.114990234375,354.114990234375,3599.0
2025-11-17T17:36:00Z,354.0400085449219,354.1099853515625,353.9150085449219,353.9150085449219,353.9150085449219,7014.0
2025-11-17T17:37:00Z,353.8002014160156,353.9150085449219,353.760009765625,353.7799987792969,353.7799987792969,1142.0
2025-11-17T17:38:00Z,353.7099914550781,353.7200012207031,353.5,353.57000732421875,353.57000732421875,2117.0
2025-11-17T17:39:00Z,353.6499938964844,353.7799072265625,353.510009765625,353.5249938964844,353.5249938964844,2173.0
2025-11-17T17:40:00Z,353.5249938964844,353.5249938964844,353.3299865722656,353.3299865722656,353.3299865722656,2071.0
2025-11-17T17:41:00Z,353.3299865722656,353.3599853515625,352.625,352.9049987792969,352.9049987792969,11178.0
2025-11-17T17:42:00Z,352.92999267578125,353.3399963378906,352.9049987792969,353.32501220703125,353.32501220703125,11783.0
2025-11-17T17:43:00Z,353.3275146484375,353.4200134277344,353.2950134277344,353.4200134277344,353.4200134277344,1752.0
2025-11-17T17:44:00Z,353.29998779296875,353.4100036621094,353.0899963378906,353.135009765625,353.135009765625,3058.0
2025-11-17T17:45:00Z,353.04998779296875,353.05999755859375,352.7200012207031,352.7699890136719,352.7699890136719,3756.0
2025-11-17T17:46:00Z,352.7699890136719,352.9599914550781,352.7699890136719,352.9150085449219,352.9150085449219,4367.0
2025-11-17T17:47:00Z,352.8800048828125,352.9100036621094,352.67999267578125,352.8550109863281,352.8550109863281,2088.0
2025-11-17T17:48:00Z,352.87750244140625,353.0199890136719,352.739990234375,352.8699951171875,352.8699951171875,1776.0
2025-11-17T17:49:00Z,352.8599853515625,353.0400085449219,352.8599853515625,352.989990234375,352.989990234375,5203.0
2025-11-17T17:50:00Z,352.9549865722656,352.9549865722656,352.7200012207031,352.8349914550781,352.8349914550781,3629.0
2025-11-17T17:51:00Z,352.80999755859375,352.81500244140625,352.5899963378906,352.6300048828125,352.6300048828125,2935.0
2025-11-17T17:52:00Z,352.6499938964844,352.6499938964844,352.3800048828125,352.45001220703125,352.45001220703125,8121.0
2025-11-17T17:53:00Z,352.42999267578125,352.64111328125,352.42999267578125,352.510009765625,352.510009765625,3139.0
2025-11-17T17:54:00Z,352.5,352.55999755859375,352.3999938964844,352.44439697265625,352.44439697265625,2147.0
2025-11-17T17:55:00Z,352.3399963378906,352.3500061035156,352.19000244140625,352.2749938964844,352.2749938964844,1996.0
2025-11-17T17:56:00Z,352.2749938964844,352.5050048828125,352.239990234375,352.4700012207031,352.4700012207031,8750.0
2025-11-17T17:57:00Z,352.42498779296875,352.42498779296875,352.2799987792969,352.375,352.375,2711.0
2025-11-17T17:58:00Z,352.375,352.4599914550781,352.3559875488281,352.3559875488281,352.3559875488281,1555.0
2025-11-17T17:59:00Z,352.30999755859375,352.3800048828125,352.1400146484375,352.17999267578125,352.17999267578125,5015.0
2025-11-17T18:00:00Z,352.18499755859375,352.2298889160156,351.75,351.8500061035156,351.8500061035156,11609.0
2025-11-17T18:01:00Z,351.7900085449219,351.7900085449219,351.5799865722656,351.67999267578125,351.67999267578125,3708.0
2025-11-17T18:02:00Z,351.5899963378906,351.7749938964844,351.42999267578125,351.7749938964844,351.7749938964844,8548.0
2025-11-17T18:03:00Z,351.7749938964844,351.95001220703125,351.7699890136719,351.7900085449219,351.7900085449219,5532.0
2025-11-17T18:04:00Z,351.7699890136719,351.7699890136719,351.4700012207031,351.5799865722656,351.5799865722656,4277.0
2025-11-17T18:05:00Z,351.6400146484375,351.9599914550781,351.6199951171875,351.9200134277344,351.9200134277344,5907.0
2025-11-17T18:06:00Z,351.92498779296875,352.010009765625,351.4200134277344,351.5,351.5,3605.0
2025-11-17T18:07:00Z,351.5,351.5,351.2650146484375,351.4049987792969,351.4049987792969,3049.0
2025-11-17T18:08:00Z,351.3999938964844,351.4049987792969,351.1400146484375,351.1400146484375,351.1400146484375,2187.0
2025-11-17T18:09:00Z,351.135009765625,351.2900085449219,351.135009765625,351.2900085449219,351.2900085449219,2549.0
2025-11-17T18:10:00Z,351.2449951171875,351.6199951171875,351.1400146484375,351.4649963378906,351.4649963378906,6595.0
2025-11-17T18:11:00Z,351.29998779296875,351.29998779296875,351.0,351.0899963378906,351.0899963378906,3434.0
2025-11-17T18:12:00Z,351.010009765625,351.3399963378906,350.989990234375,351.3399963378906,351.3399963378906,4929.0
2025-11-17T18:13:00Z,351.29998779296875,351.510009765625,351.2749938964844,351.3949890136719,351.3949890136719,5293.0
2025-11-17T18:14:00Z,351.385009765625,351.5299987792969,351.2200927734375,351.5299987792969,351.5299987792969,3788.0
2025-11-17T18:15:00Z,351.5101013183594,351.5101013183594,351.0830078125,351.2699890136719,351.2699890136719,2849.0
2025-11-17T18:16:00Z,351.2701110839844,351.45001220703125,351.2699890136719,351.2850036621094,351.2850036621094,2767.0
2025-11-17T18:17:00Z,351.3699951171875,351.489990234375,351.3550109863281,351.489990234375,351.489990234375,1943.0
2025-11-17T18:18:00Z,351.4949951171875,351.5014953613281,351.20001220703125,351.2650146484375,351.2650146484375,2940.0
2025-11-17T18:19:00Z,351.2650146484375,351.2650146484375,351.260009765625,351.260009765625,351.260009765625,1377.0
2025-11-17T18:20:00Z,351.260009765625,351.30999755859375,351.0299987792969,351.0299987792969,351.0299987792969,7846.0
2025-11-17T18:21:00Z,351.04998779296875,351.3399963378906,351.04998779296875,351.2799987792969,351.2799987792969,6993.0
2025-11-17T18:22:00Z,351.2904052734375,351.2950134277344,350.78009033203125,351.04998779296875,351.04998779296875,5909.0
2025-11-17T18:23:00Z,350.7799987792969,350.9580993652344,350.6499938964844,350.79998779296875,350.79998779296875,4513.0
2025-11-17T18:24:00Z,350.79998779296875,350.82501220703125,350.57000732421875,350.57000732421875,350.57000732421875,3403.0
2025-11-17T18:25:00Z,350.6199951171875,350.7099914550781,350.3299865722656,350.3299865722656,350.3299865722656,5615.0
2025-11-17T18:26:00Z,350.3299865722656,350.489990234375,350.2799987792969,350.3800048828125,350.3800048828125,3428.0
2025-11-17T18:27:00Z,350.375,350.54998779296875,350.375,350.3800048828125,350.3800048828125,5465.0
2025-11-17T18:28:00Z,350.43499755859375,350.43499755859375,350.2699890136719,350.32000732421875,350.32000732421875,2523.0
2025-11-17T18:29:00Z,350.3299865722656,350.489990234375,350.32501220703125,350.3699951171875,350.3699951171875,2787.0
2025-11-17T18:30:00Z,350.25,350.2799987792969,349.3299865722656,349.5,349.5,20692.0
2025-11-17T18:31:00Z,349.3800048828125,349.3999938964844,348.8900146484375,349.3599853515625,349.3599853515625,11462.0
2025-11-17T18:32:00Z,349.2900085449219,349.45001220703125,349.239990234375,349.4175109863281,349.4175109863281,14460.0
2025-11-17T18:33:00Z,349.3399963378906,349.5199890136719,349.1300048828125,349.1499938964844,349.1499938964844,17700.0
2025-11-17T18:34:00Z,349.1499938964844,349.2900085449219,348.6300048828125,348.7250061035156,348.7250061035156,12630.0
2025-11-17T18:35:00Z,348.7250061035156,348.7900085449219,348.3900146484375,348.5350036621094,348.5350036621094,14408.0
2025-11-17T18:36:00Z,348.55499267578125,348.80999755859375,348.3299865722656,348.7099914550781,348.7099914550781,6706.0
2025-11-17T18:37:00Z,348.6300048828125,348.7749938964844,348.510009765625,348.70001220703125,348.70001220703125,7120.0
2025-11-17T18:38:00Z,348.67999267578125,348.8888854980469,348.4700012207031,348.8450012207031,348.8450012207031,9772.0
2025-11-17T18:39:00Z,348.7799987792969,349.0450134277344,348.7699890136719,349.0450134277344,349.0450134277344,5015.0
2025-11-17T18:40:00Z,349.1050109863281,349.1050109863281,348.7799987792969,348.82000732421875,348.82000732421875,5525.0
2025-11-17T18:41:00Z,348.7200012207031,348.7900085449219,348.6000061035156,348.6499938964844,348.6499938964844,2718.0
2025-11-17T18:42:00Z,348.760009765625,348.8699951171875,348.6600036621094,348.7850036621094,348.7850036621094,8347.0
2025-11-17T18:43:00Z,348.7850036621094,348.7850036621094,348.3900146484375,348.44500732421875,348.44500732421875,6867.0
2025-11-17T18:44:00Z,348.45001220703125,348.739990234375,348.3999938964844,348.7149963378906,348.7149963378906,4775.0
2025-11-17T18:45:00Z,348.7149963378906,349.0299987792969,348.4800109863281,348.8699951171875,348.8699951171875,17143.0
2025-11-17T18:46:00Z,348.94000244140625,349.239990234375,348.8450012207031,349.1300048828125,349.1300048828125,4281.0
2025-11-17T18:47:00Z,349.07000732421875,349.3500061035156,349.05999755859375,349.24359130859375,349.24359130859375,9345.0
2025-11-17T18:48:00Z,349.3420104980469,349.5299987792969,349.3420104980469,349.489990234375,349.489990234375,3865.0
2025-11-17T18:49:00Z,349.3599853515625,349.4599914550781,349.04998779296875,349.1549987792969,349.1549987792969,4004.0
2025-11-17T18:50:00Z,349.1000061035156,349.4049987792969,349.1000061035156,349.3299865722656,349.3299865722656,4576.0
2025-11-17T18:51:00Z,349.20001220703125,349.25,348.6499938964844,348.6499938964844,348.6499938964844,6311.0
2025-11-17T18:52:00Z,348.7850036621094,348.7850036621094,348.5,348.56500244140625,348.56500244140625,5844.0
2025-11-17T18:53:00Z,348.510009765625,348.70001220703125,348.510009765625,348.67999267578125,348.67999267578125,5046.0
2025-11-17T18:54:00Z,348.6700134277344,348.7344970703125,348.2650146484375,348.2850036621094,348.2850036621094,6096.0
2025-11-17T18:55:00Z,348.2850036621094,348.2850036621094,347.9700012207031,348.090087890625,348.090087890625,5268.0
2025-11-17T18:56:00Z,348.0899963378906,348.0899963378906,347.760009765625,347.9599914550781,347.9599914550781,7488.0
2025-11-17T18:57:00Z,347.8450012207031,347.8450012207031,347.010009765625,347.17999267578125,347.17999267578125,54087.0
2025-11-17T18:58:00Z,347.1199951171875,347.1400146484375,346.2200012207031,346.29998779296875,346.29998779296875,17737.0
2025-11-17T18:59:00Z,346.2699890136719,346.40240478515625,346.05999755859375,346.1000061035156,346.1000061035156,37216.0
2025-11-17T19:00:00Z,346.20001220703125,346.20001220703125,345.04998779296875,345.6700134277344,345.6700134277344,72006.0
2025-11-17T19:01:00Z,345.6700134277344,346.3399963378906,345.6000061035156,346.3399963378906,346.3399963378906,12046.0
2025-11-17T19:02:00Z,346.2099914550781,346.2950134277344,345.79998779296875,345.79998779296875,345.79998779296875,7665.0
2025-11-17T19:03:00Z,345.760009765625,345.9700012207031,345.6199951171875,345.9100036621094,345.9100036621094,9778.0
2025-11-17T19:04:00Z,345.92999267578125,346.1400146484375,345.0799865722656,345.94000244140625,345.94000244140625,28224.0
2025-11-17T19:05:00Z,346.1000061035156,346.159912109375,345.75,345.9599914550781,345.9599914550781,6178.0
2025-11-17T19:06:00Z,346.0400085449219,346.2449951171875,345.7200012207031,345.7200012207031,345.7200012207031,7369.0
2025-11-17T19:07:00Z,345.7200012207031,345.7699890136719,345.3299865722656,345.56500244140625,345.56500244140625,8853.0
2025-11-17T19:08:00Z,345.510009765625,345.864990234375,345.3500061035156,345.864990234375,345.864990234375,11036.0
2025-11-17T19:09:00Z,345.864990234375,345.864990234375,345.3550109863281,345.4649963378906,345.4649963378906,8814.0
2025-11-17T19:10:00Z,345.47869873046875,345.47869873046875,344.75,344.80999755859375,344.80999755859375,21051.0
2025-11-17T19:11:00Z,344.9649963378906,345.0400085449219,344.3399963378906,344.70001220703125,344.70001220703125,24418.0
2025-11-17T19:12:00Z,344.7850036621094,345.26971435546875,344.6300048828125,344.94000244140625,344.94000244140625,18348.0
2025-11-17T19:13:00Z,344.8753967285156,345.07000732421875,344.0400085449219,344.6700134277344,344.6700134277344,26095.0
2025-11-17T19:14:00Z,344.5400085449219,344.5799865722656,344.1600036621094,344.17999267578125,344.17999267578125,4523.0
2025-11-17T19:15:00Z,344.2799987792969,344.7799987792969,344.1933898925781,344.3599853515625,344.3599853515625,12079.0
2025-11-17T19:16:00Z,344.3599853515625,344.42498779296875,344.1700134277344,344.3299865722656,344.3299865722656,12135.0
2025-11-17T19:17:00Z,344.364990234375,344.75,344.1099853515625,344.1199951171875,344.1199951171875,12966.0
2025-11-17T19:18:00Z,344.1210021972656,344.2074890136719,343.739990234375,343.7900085449219,343.7900085449219,22122.0
2025-11-17T19:19:00Z,343.8800048828125,343.95001220703125,343.55999755859375,343.7412109375,343.7412109375,11695.0
2025-11-17T19:20:00Z,343.8550109863281,344.07000732421875,343.489990234375,343.8500061035156,343.8500061035156,12980.0
2025-11-17T19:21:00Z,343.8500061035156,344.0299072265625,343.66009521484375,343.8699951171875,343.8699951171875,15851.0
2025-11-17T19:22:00Z,343.9599914550781,344.1499938964844,343.8900146484375,344.1300048828125,344.1300048828125,9935.0
2025-11-17T19:23:00Z,344.1300048828125,344.6400146484375,344.1300048828125,344.6400146484375,344.6400146484375,11698.0
2025-11-17T19:24:00Z,344.6499938964844,344.8349914550781,344.6099853515625,344.7850036621094,344.7850036621094,3720.0
2025-11-17T19:25:00Z,344.7850036621094,344.82000732421875,344.239990234375,344.260009765625,344.260009765625,4692.0
2025-11-17T19:26:00Z,344.2799987792969,344.2962951660156,344.1600036621094,344.2149963378906,344.2149963378906,5333.0
2025-11-17T19:27:00Z,344.2699890136719,344.4800109863281,344.19000244140625,344.4100036621094,344.4100036621094,3228.0
2025-11-17T19:28:00Z,344.3772888183594,344.4591064453125,344.239990234375,344.3599853515625,344.3599853515625,4801.0
2025-11-17T19:29:00Z,344.3599853515625,344.7200012207031,344.3599853515625,344.676513671875,344.676513671875,7483.0
2025-11-17T19:30:00Z,344.510009765625,344.739990234375,344.4949951171875,344.57000732421875,344.57000732421875,4201.0
2025-11-17T19:31:00Z,344.5199890136719,344.6199951171875,344.4200134277344,344.4490051269531,344.4490051269531,3306.0
2025-11-17T19:32:00Z,344.4150085449219,344.6199951171875,344.4150085449219,344.55999755859375,344.55999755859375,2294.0
2025-11-17T19:33:00Z,344.69000244140625,344.70001220703125,344.54998779296875,344.54998779296875,344.54998779296875,5378.0
2025-11-17T19:34:00Z,344.4599914550781,344.4599914550781,344.17498779296875,344.31500244140625,344.31500244140625,16654.0
2025-11-17T19:35:00Z,344.31500244140625,344.4200134277344,344.1650085449219,344.2825012207031,344.2825012207031,6039.0
2025-11-17T19:36:00Z,344.29998779296875,344.44000244140625,344.1700134277344,344.1700134277344,344.1700134277344,6019.0
2025-11-17T19:37:00Z,344.13238525390625,344.19000244140625,344.0050048828125,344.1700134277344,344.1700134277344,4673.0
2025-11-17T19:38:00Z,344.114990234375,344.1199951171875,343.6700134277344,343.7799987792969,343.7799987792969,3591.0
2025-11-17T19:39:00Z,343.82000732421875,343.8900146484375,343.6300048828125,343.6549987792969,343.6549987792969,4078.0
2025-11-17T19:40:00Z,343.54998779296875,343.6000061035156,343.04998779296875,343.0799865722656,343.0799865722656,5650.0
2025-11-17T19:41:00Z,343.17999267578125,343.3500061035156,343.1000061035156,343.1400146484375,343.1400146484375,5637.0
2025-11-17T19:42:00Z,343.1000061035156,343.3800048828125,343.010009765625,343.32000732421875,343.32000732421875,5314.0
2025-11-17T19:43:00Z,343.2200012207031,343.2300109863281,342.8999938964844,342.94000244140625,342.94000244140625,9029.0
2025-11-17T19:44:00Z,343.04998779296875,343.114990234375,342.9200134277344,342.9200134277344,342.9200134277344,7149.0
2025-11-17T19:45:00Z,342.9200134277344,343.0350036621094,342.5,342.5050048828125,342.5050048828125,6619.0
2025-11-17T19:46:00Z,342.5899963378906,342.6000061035156,342.2799987792969,342.2900085449219,342.2900085449219,10278.0
2025-11-17T19:47:00Z,342.3901062011719,342.6600036621094,342.0199890136719,342.6300048828125,342.6300048828125,15898.0
2025-11-17T19:48:00Z,342.6400146484375,342.6700134277344,342.3399963378906,342.4800109863281,342.4800109863281,11943.0
2025-11-17T19:49:00Z,342.4800109863281,342.69000244140625,342.25,342.5400085449219,342.5400085449219,16781.0
2025-11-17T19:50:00Z,342.5299987792969,342.6000061035156,342.1400146484375,342.2850036621094,342.2850036621094,10646.0
2025-11-17T19:51:00Z,342.2900085449219,342.44000244140625,342.19500732421875,342.3800048828125,342.3800048828125,8509.0
2025-11-17T19:52:00Z,342.3800048828125,342.489990234375,341.7715148925781,341.80999755859375,341.80999755859375,13737.0
2025-11-17T19:53:00Z,341.79998779296875,341.9599914550781,341.68011474609375,341.94500732421875,341.94500732421875,6570.0
2025-11-17T19:54:00Z,341.947509765625,342.1199951171875,341.8399963378906,341.9800109863281,341.9800109863281,9924.0
2025-11-17T19:55:00Z,341.9800109863281,342.1000061035156,341.8399963378906,342.1000061035156,342.1000061035156,13083.0
2025-11-17T19:56:00Z,342.0199890136719,342.0199890136719,341.4599914550781,341.6199951171875,341.6199951171875,7395.0
2025-11-17T19:57:00Z,341.6000061035156,341.6429138183594,341.5,341.57000732421875,341.57000732421875,3762.0
2025-11-17T19:58:00Z,341.6700134277344,342.04998779296875,341.6199951171875,341.7550048828125,341.7550048828125,10536.0
2025-11-17T19:59:00Z,341.7099914550781,341.7099914550781,341.1449890136719,341.2449951171875,341.2449951171875,5703.0
2025-11-17T20:00:00Z,341.1700134277344,341.3299865722656,340.9049987792969,340.9049987792969,340.9049987792969,11455.0
2025-11-17T20:01:00Z,341.0249938964844,341.1300048828125,340.6643981933594,340.8299865722656,340.8299865722656,7758.0
2025-11-17T20:02:00Z,340.7699890136719,340.8599853515625,340.0799865722656,340.0799865722656,340.0799865722656,8106.0
2025-11-17T20:03:00Z,340.1300048828125,340.4800109863281,340.07000732421875,340.17498779296875,340.17498779296875,14240.0
2025-11-17T20:04:00Z,340.17498779296875,340.2699890136719,339.55999755859375,339.9599914550781,339.9599914550781,29304.0
2025-11-17T20:05:00Z,339.9200134277344,340.3599853515625,339.7300109863281,340.3599853515625,340.3599853515625,31736.0
2025-11-17T20:06:00Z,340.3815002441406,340.5199890136719,340.1099853515625,340.2550048828125,340.2550048828125,22624.0
2025-11-17T20:07:00Z,340.2974853515625,340.5299987792969,340.1700134277344,340.4049987792969,340.4049987792969,14874.0
2025-11-17T20:08:00Z,340.4100036621094,340.57000732421875,340.3210144042969,340.54998779296875,340.54998779296875,14393.0
2025-11-17T20:09:00Z,340.54998779296875,340.54998779296875,340.1050109863281,340.20001220703125,340.20001220703125,16964.0
2025-11-17T20:10:00Z,340.20001220703125,340.6791076660156,340.20001220703125,340.489990234375,340.489990234375,9980.0
2025-11-17T20:11:00Z,340.5378112792969,340.55999755859375,340.1300048828125,340.1300048828125,340.1300048828125,10568.0
2025-11-17T20:12:00Z,340.1600036621094,340.239990234375,339.7699890136719,340.0199890136719,340.0199890136719,23006.0
2025-11-17T20:13:00Z,340.04998779296875,340.25,339.79998779296875,339.8399963378906,339.8399963378906,11159.0
2025-11-17T20:14:00Z,339.875,339.875,339.3999938964844,339.5245056152344,339.5245056152344,13441.0
2025-11-17T20:15:00Z,339.6099853515625,340.239990234375,339.42999267578125,340.1400146484375,340.1400146484375,8723.0
2025-11-17T20:16:00Z,340.0799865722656,340.6199951171875,340.0799865722656,340.4110107421875,340.4110107421875,13420.0
2025-11-17T20:17:00Z,340.5150146484375,340.6499938964844,340.3100891113281,340.64898681640625,340.64898681640625,6096.0
2025-11-17T20:18:00Z,340.6400146484375,341.07000732421875,340.56500244140625,341.07000732421875,341.07000732421875,6872.0
2025-11-17T20:19:00Z,340.989990234375,341.07000732421875,340.70001220703125,340.75,340.75,6873.0
2025-11-17T20:20:00Z,340.6199951171875,340.625,339.91009521484375,339.95001220703125,339.95001220703125,12120.0
2025-11-17T20:21:00Z,339.9700012207031,340.3500061035156,339.82000732421875,339.9800109863281,339.9800109863281,21362.0
2025-11-17T20:22:00Z,339.875,340.1400146484375,339.79998779296875,339.9849853515625,339.9849853515625,17996.0
2025-11-17T20:23:00Z,339.94500732421875,340.25,339.94500732421875,340.1650085449219,340.1650085449219,4532.0
2025-11-17T20:24:00Z,340.17999267578125,340.30999755859375,339.93499755859375,340.125,340.125,8905.0
2025-11-17T20:25:00Z,340.010009765625,340.3349914550781,340.010009765625,340.2860107421875,340.2860107421875,5167.0
2025-11-17T20:26:00Z,340.2650146484375,340.57000732421875,340.24749755859375,340.4200134277344,340.4200134277344,4889.0
2025-11-17T20:27:00Z,340.4750061035156,340.4750061035156,340.1300048828125,340.3349914550781,340.3349914550781,7947.0
2025-11-17T20:28:00Z,340.3399963378906,340.8399963378906,340.3399963378906,340.5050048828125,340.5050048828125,7966.0
2025-11-17T20:29:00Z,340.5050048828125,340.7019958496094,340.3699951171875,340.6217041015625,340.6217041015625,7797.0
2025-11-17T20:30:00Z,340.4100036621094,340.70001220703125,340.3599853515625,340.6105041503906,340.6105041503906,8768.0
2025-11-17T20:31:00Z,340.69000244140625,340.69000244140625,340.2200012207031,340.2940979003906,340.2940979003906,11404.0
2025-11-17T20:32:00Z,340.3299865722656,340.44000244140625,340.2200012207031,340.2200012207031,340.2200012207031,4916.0
2025-11-17T20:33:00Z,340.2099914550781,340.4150085449219,339.9599914550781,340.4150085449219,340.4150085449219,8596.0
2025-11-17T20:34:00Z,340.3599853515625,340.3900146484375,340.12200927734375,340.2799987792969,340.2799987792969,7205.0
2025-11-17T20:35:00Z,340.25,340.6299133300781,340.1700134277344,340.6299133300781,340.6299133300781,11905.0
2025-11-17T20:36:00Z,340.5400085449219,340.57989501953125,340.17999267578125,340.57989501953125,340.57989501953125,6650.0
2025-11-17T20:37:00Z,340.4700012207031,340.4700012207031,340.2244873046875,340.30999755859375,340.30999755859375,5775.0
2025-11-17T20:38:00Z,340.2200012207031,340.30999755859375,340.0,340.0199890136719,340.0199890136719,8801.0
2025-11-17T20:39:00Z,340.0199890136719,340.1700134277344,339.92999267578125,340.07000732421875,340.07000732421875,6864.0
2025-11-17T20:40:00Z,339.9800109863281,339.989990234375,339.6199951171875,339.7099914550781,339.7099914550781,10716.0
2025-11-17T20:41:00Z,339.6099853515625,339.7300109863281,339.45001220703125,339.5150146484375,339.5150146484375,18003.0
2025-11-17T20:42:00Z,339.5285949707031,339.9100036621094,339.5199890136719,339.8299865722656,339.8299865722656,11860.0
2025-11-17T20:43:00Z,339.760009765625,340.1199951171875,339.55499267578125,340.04901123046875,340.04901123046875,29815.0
2025-11-17T20:44:00Z,340.06500244140625,341.1099853515625,339.989990234375,341.1099853515625,341.1099853515625,57919.0
2025-11-17T20:45:00Z,341.0299987792969,341.8500061035156,341.0299987792969,341.7650146484375,341.7650146484375,11730.0
2025-11-17T20:46:00Z,341.8500061035156,342.5589904785156,341.8399963378906,342.5,342.5,17587.0
2025-11-17T20:47:00Z,342.510009765625,342.8299865722656,342.42999267578125,342.760009765625,342.760009765625,10007.0
2025-11-17T20:48:00Z,342.79998779296875,342.9200134277344,342.4800109863281,342.5249938964844,342.5249938964844,15179.0
2025-11-17T20:49:00Z,342.45001220703125,342.45001220703125,342.010009765625,342.1300048828125,342.1300048828125,13107.0
2025-11-17T20:50:00Z,342.1300048828125,342.2300109863281,341.55999755859375,341.6199951171875,341.6199951171875,29665.0
2025-11-17T20:51:00Z,341.6400146484375,341.9049987792969,341.3599853515625,341.42999267578125,341.42999267578125,14716.0
2025-11-17T20:52:00Z,341.45001220703125,341.67498779296875,341.1400146484375,341.67498779296875,341.67498779296875,15062.0
2025-11-17T20:53:00Z,341.67498779296875,341.70001220703125,341.2300109863281,341.37249755859375,341.37249755859375,30583.0
2025-11-17T20:54:00Z,341.4100036621094,341.510009765625,341.1099853515625,341.3699951171875,341.3699951171875,14933.0
2025-11-17T20:55:00Z,341.4100036621094,341.6700134277344,341.19000244140625,341.5,341.5,31900.0
2025-11-17T20:56:00Z,341.54998779296875,341.6099853515625,341.29998779296875,341.5199890136719,341.5199890136719,44438.0
2025-11-17T20:57:00Z,341.5199890136719,341.6700134277344,341.20001220703125,341.4700012207031,341.4700012207031,50105.0
2025-11-17T20:58:00Z,341.489990234375,341.6700134277344,341.3699951171875,341.6000061035156,341.6000061035156,50881.0
2025-11-17T20:59:00Z,341.6199951171875,341.6400146484375,341.05999755859375,341.260009765625,341.260009765625,112852.0
2025-11-18T14:31:00Z,337.8599853515625,338.3800048828125,337.7250061035156,337.989990234375,337.989990234375,6812.0
2025-11-18T14:32:00Z,337.989990234375,339.0350036621094,337.989990234375,338.4800109863281,338.4800109863281,14993.0
2025-11-18T14:33:00Z,338.4750061035156,339.2799987792969,338.1700134277344,338.8500061035156,338.8500061035156,15338.0
2025-11-18T14:34:00Z,338.8500061035156,339.08990478515625,338.2300109863281,338.2699890136719,338.2699890136719,16863.0
2025-11-18T14:35:00Z,338.45001220703125,338.90460205078125,338.45001220703125,338.4700927734375,338.4700927734375,12486.0
2025-11-18T14:36:00Z,338.7349853515625,339.0,338.54998779296875,338.92999267578125,338.92999267578125,4795.0
2025-11-18T14:37:00Z,338.7099914550781,338.93499755859375,338.3999938964844,338.42999267578125,338.42999267578125,9360.0
2025-11-18T14:38:00Z,338.4100036621094,338.6199951171875,338.010009765625,338.05999755859375,338.05999755859375,27798.0
2025-11-18T14:39:00Z,338.0400085449219,338.8500061035156,338.0400085449219,338.3500061035156,338.3500061035156,8584.0
2025-11-18T14:40:00Z,338.2099914550781,338.4100036621094,338.07000732421875,338.2900085449219,338.2900085449219,16957.0
2025-11-18T14:41:00Z,338.6000061035156,338.6059875488281,338.3299865722656,338.4549865722656,338.4549865722656,3626.0
2025-11-18T14:42:00Z,338.45001220703125,338.4800109863281,337.5849914550781,338.19000244140625,338.19000244140625,24930.0
2025-11-18T14:43:00Z,338.19000244140625,338.82000732421875,337.760009765625,338.68499755859375,338.68499755859375,14760.0
2025-11-18T14:44:00Z,338.45001220703125,338.45001220703125,337.8399963378906,338.01251220703125,338.01251220703125,13799.0
2025-11-18T14:45:00Z,338.2250061035156,339.30999755859375,338.2250061035156,338.3800048828125,338.3800048828125,22461.0
2025-11-18T14:46:00Z,338.57000732421875,338.69189453125,337.7799987792969,338.2349853515625,338.2349853515625,13959.0
2025-11-18T14:47:00Z,338.239990234375,338.30999755859375,337.8500061035156,338.0899963378906,338.0899963378906,23053.0
2025-11-18T14:48:00Z,337.964111328125,337.964111328125,337.1400146484375,337.1400146484375,337.1400146484375,6617.0
2025-11-18T14:49:00Z,337.29998779296875,337.82000732421875,337.2950134277344,337.7550048828125,337.7550048828125,10143.0
2025-11-18T14:50:00Z,337.80999755859375,338.2200012207031,337.57000732421875,338.2200012207031,338.2200012207031,3928.0
2025-11-18T14:51:00Z,338.1600036621094,338.2174987792969,337.67999267578125,337.8800048828125,337.8800048828125,19161.0
2025-11-18T14:52:00Z,337.7099914550781,337.760009765625,336.6300048828125,337.1064147949219,337.1064147949219,14164.0
2025-11-18T14:53:00Z,336.7699890136719,337.42999267578125,336.7699890136719,337.2250061035156,337.2250061035156,8139.0
2025-11-18T14:54:00Z,337.135009765625,337.6400146484375,337.135009765625,337.2799072265625,337.2799072265625,3348.0
2025-11-18T14:55:00Z,337.32501220703125,337.32501220703125,336.5400085449219,336.7799987792969,336.7799987792969,10117.0
2025-11-18T14:56:00Z,336.7550048828125,336.989990234375,336.44000244140625,336.8800048828125,336.8800048828125,10448.0
2025-11-18T14:57:00Z,336.8399963378906,337.67999267578125,336.79998779296875,337.67999267578125,337.67999267578125,5035.0
2025-11-18T14:58:00Z,337.56500244140625,338.1000061035156,337.2799987792969,337.8699951171875,337.8699951171875,6337.0
2025-11-18T14:59:00Z,337.92498779296875,337.92498779296875,337.19000244140625,337.5,337.5,3373.0
2025-11-18T15:00:00Z,337.260009765625,338.1600036621094,337.25,337.8399963378906,337.8399963378906,33690.0
2025-11-18T15:01:00Z,337.9100036621094,338.0400085449219,337.489990234375,338.0199890136719,338.0199890136719,12406.0
2025-11-18T15:02:00Z,338.0199890136719,338.0199890136719,336.8949890136719,336.9700012207031,336.9700012207031,9563.0
2025-11-18T15:03:00Z,337.3500061035156,337.3500061035156,336.0199890136719,336.4750061035156,336.4750061035156,15439.0
2025-11-18T15:04:00Z,336.4750061035156,336.5299987792969,335.4078063964844,335.4901123046875,335.4901123046875,15274.0
2025-11-18T15:05:00Z,335.760009765625,335.9100036621094,335.20001220703125,335.510009765625,335.510009765625,10090.0
2025-11-18T15:06:00Z,335.5150146484375,335.7300109863281,335.1600036621094,335.1600036621094,335.1600036621094,18620.0
2025-11-18T15:07:00Z,335.19500732421875,335.8500061035156,335.0299987792969,335.2349853515625,335.2349853515625,40881.0
2025-11-18T15:08:00Z,335.4100036621094,335.45001220703125,334.9200134277344,335.1000061035156,335.1000061035156,24537.0
2025-11-18T15:09:00Z,334.9700012207031,335.3599853515625,334.92999267578125,335.2799987792969,335.2799987792969,17519.0
2025-11-18T15:10:00Z,335.2850036621094,335.8399963378906,335.2200012207031,335.385009765625,335.385009765625,19804.0
2025-11-18T15:11:00Z,335.2900085449219,335.5950012207031,335.1300048828125,335.44500732421875,335.44500732421875,14181.0
2025-11-18T15:12:00Z,335.4599914550781,335.7749938964844,335.32000732421875,335.4800109863281,335.4800109863281,9613.0
2025-11-18T15:13:00Z,335.4800109863281,336.0190124511719,335.2799987792969,336.0190124511719,336.0190124511719,12850.0
2025-11-18T15:14:00Z,335.7200012207031,335.8800048828125,335.30499267578125,335.30499267578125,335.30499267578125,26877.0
2025-11-18T15:15:00Z,335.3299865722656,335.3550109863281,334.9200134277344,334.9800109863281,334.9800109863281,14509.0
2025-11-18T15:16:00Z,334.9800109863281,334.9800109863281,334.1000061035156,334.4491882324219,334.4491882324219,18363.0
2025-11-18T15:17:00Z,334.45001220703125,334.95001220703125,334.110107421875,334.9150085449219,334.9150085449219,10460.0
2025-11-18T15:18:00Z,334.810791015625,335.0799865722656,334.6000061035156,335.0799865722656,335.0799865722656,14170.0
2025-11-18T15:19:00Z,335.010009765625,335.0675048828125,334.6000061035156,334.9599914550781,334.9599914550781,31836.0
2025-11-18T15:20:00Z,334.8450012207031,335.3599853515625,334.6600036621094,335.25750732421875,335.25750732421875,45416.0
2025-11-18T15:21:00Z,335.2699890136719,336.25,335.20001220703125,335.80999755859375,335.80999755859375,46137.0
2025-11-18T15:22:00Z,335.80999755859375,336.2799987792969,335.44000244140625,336.1824951171875,336.1824951171875,32929.0
2025-11-18T15:23:00Z,336.2799987792969,336.4599914550781,335.55999755859375,335.7250061035156,335.7250061035156,84366.0
2025-11-18T15:24:00Z,335.7250061035156,335.7300109863281,335.0,335.07000732421875,335.07000732421875,27167.0
2025-11-18T15:25:00Z,335.07000732421875,335.3550109863281,334.5299987792969,335.3550109863281,335.3550109863281,18360.0
2025-11-18T15:26:00Z,335.30999755859375,335.659912109375,334.9599914550781,335.32000732421875,335.32000732421875,5982.0
2025-11-18T15:27:00Z,335.1000061035156,335.3699951171875,334.5799865722656,335.2850036621094,335.2850036621094,14953.0
2025-11-18T15:28:00Z,335.2850036621094,335.42999267578125,335.1400146484375,335.3800048828125,335.3800048828125,5016.0
2025-11-18T15:29:00Z,335.364990234375,335.4200134277344,334.5199890136719,334.9100036621094,334.9100036621094,9348.0
2025-11-18T15:30:00Z,334.8800048828125,335.385009765625,334.7799987792969,335.3800048828125,335.3800048828125,10854.0
2025-11-18T15:31:00Z,335.1400146484375,335.1400146484375,334.7300109863281,334.864990234375,334.864990234375,5650.0
2025-11-18T15:33:00Z,336.2900085449219,336.2900085449219,335.5,335.93499755859375,335.93499755859375,11537.0
2025-11-18T15:34:00Z,335.93499755859375,336.17999267578125,335.0400085449219,335.0400085449219,335.0400085449219,6140.0
2025-11-18T15:35:00Z,335.20001220703125,335.2799987792969,334.67999267578125,334.67999267578125,334.67999267578125,8202.0
2025-11-18T15:36:00Z,334.82501220703125,334.9150085449219,334.4901123046875,334.4901123046875,334.4901123046875,2560.0
2025-11-18T15:37:00Z,334.69000244140625,334.8399963378906,334.25,334.260009765625,334.260009765625,3791.0
2025-11-18T15:38:00Z,334.3599853515625,335.0924987792969,334.3599853515625,334.9800109863281,334.9800109863281,8325.0
2025-11-18T15:39:00Z,335.07000732421875,335.07000732421875,334.3900146484375,334.7900085449219,334.7900085449219,6306.0
2025-11-18T15:40:00Z,334.75,334.9599914550781,334.489990234375,334.54998779296875,334.54998779296875,1649.0
2025-11-18T15:41:00Z,334.4849853515625,335.05999755859375,334.260009765625,334.82000732421875,334.82000732421875,14526.0
2025-11-18T15:42:00Z,334.79998779296875,335.31988525390625,334.5,334.510009765625,334.510009765625,5706.0
2025-11-18T15:43:00Z,334.5,335.06500244140625,334.3299865722656,334.8349914550781,334.8349914550781,5546.0
2025-11-18T15:44:00Z,335.0400085449219,335.3800048828125,334.92498779296875,335.17999267578125,335.17999267578125,11445.0
2025-11-18T15:45:00Z,334.9100036621094,334.9100036621094,334.25,334.364990234375,334.364990234375,6448.0
2025-11-18T15:46:00Z,334.364990234375,334.6300048828125,334.2099914550781,334.385009765625,334.385009765625,5636.0
2025-11-18T15:47:00Z,334.57000732421875,334.8949890136719,334.2401123046875,334.80499267578125,334.80499267578125,6989.0
2025-11-18T15:48:00Z,334.80499267578125,334.80499267578125,334.4100036621094,334.5350036621094,334.5350036621094,3752.0
2025-11-18T15:49:00Z,334.510009765625,334.6600036621094,334.32000732421875,334.6600036621094,334.6600036621094,4194.0
2025-11-18T15:50:00Z,334.6600036621094,334.6600036621094,334.1199951171875,334.2900085449219,334.2900085449219,5473.0
2025-11-18T15:51:00Z,334.2900085449219,334.9700012207031,334.2900085449219,334.84259033203125,334.84259033203125,14537.0
2025-11-18T15:52:00Z,335.1300048828125,335.54998779296875,334.8800048828125,335.3550109863281,335.3550109863281,8005.0
2025-11-18T15:53:00Z,335.3599853515625,335.3599853515625,334.7300109863281,334.7850036621094,334.7850036621094,5089.0
2025-11-18T15:54:00Z,334.739990234375,334.9700012207031,334.6700134277344,334.9700012207031,334.9700012207031,4381.0
2025-11-18T15:55:00Z,335.1099853515625,335.7200012207031,335.1099853515625,335.55499267578125,335.55499267578125,3888.0
2025-11-18T15:56:00Z,335.55999755859375,335.8999938964844,335.3223876953125,335.40020751953125,335.40020751953125,7759.0
2025-11-18T15:57:00Z,335.5849914550781,335.7900085449219,335.5,335.5675048828125,335.5675048828125,4298.0
2025-11-18T15:58:00Z,335.56500244140625,335.8299865722656,335.4100036621094,335.6499938964844,335.6499938964844,3591.0
2025-11-18T15:59:00Z,335.6499938964844,335.8299865722656,335.2799987792969,335.4552001953125,335.4552001953125,5657.0
2025-11-18T16:00:00Z,335.4100036621094,335.8550109863281,335.1499938964844,335.80999755859375,335.80999755859375,9367.0
2025-11-18T16:01:00Z,335.94000244140625,336.04998779296875,335.239990234375,335.25,335.25,8077.0
2025-11-18T16:02:00Z,335.1499938964844,335.6000061035156,335.0,335.4100036621094,335.4100036621094,7787.0
2025-11-18T16:03:00Z,335.4100036621094,335.80999755859375,335.2200012207031,335.7300109863281,335.7300109863281,5626.0
2025-11-18T16:04:00Z,335.80999755859375,336.010009765625,335.6199951171875,335.79998779296875,335.79998779296875,5442.0
2025-11-18T16:05:00Z,336.0199890136719,336.17999267578125,335.45001220703125,335.5849914550781,335.5849914550781,7747.0
2025-11-18T16:06:00Z,335.5849914550781,335.7900085449219,335.3901062011719,335.760009765625,335.760009765625,3557.0
2025-11-18T16:07:00Z,335.739990234375,336.239990234375,335.625,336.1499938964844,336.1499938964844,16789.0
2025-11-18T16:08:00Z,336.04998779296875,336.2200012207031,335.79998779296875,336.1300048828125,336.1300048828125,18373.0
2025-11-18T16:09:00Z,336.20001220703125,336.260009765625,335.70001220703125,336.0299987792969,336.0299987792969,17696.0
2025-11-18T16:10:00Z,336.0849914550781,336.3900146484375,336.0,336.30499267578125,336.30499267578125,9301.0
2025-11-18T16:11:00Z,336.32000732421875,336.7149963378906,336.32000732421875,336.5325012207031,336.5325012207031,10628.0
2025-11-18T16:12:00Z,336.55999755859375,336.61700439453125,336.1549987792969,336.2200012207031,336.2200012207031,6419.0
2025-11-18T16:13:00Z,336.2200012207031,336.3450012207031,336.02099609375,336.2749938964844,336.2749938964844,6514.0
2025-11-18T16:14:00Z,336.1300048828125,336.4100036621094,336.0799865722656,336.1650085449219,336.1650085449219,9285.0
2025-11-18T16:15:00Z,336.1400146484375,336.2799987792969,335.8399963378906,335.9700012207031,335.9700012207031,17048.0
2025-11-18T16:16:00Z,335.9700012207031,336.2099914550781,335.9549865722656,336.1549987792969,336.1549987792969,8364.0
2025-11-18T16:17:00Z,336.12249755859375,336.2250061035156,335.9800109863281,336.0450134277344,336.0450134277344,2688.0
2025-11-18T16:18:00Z,336.0450134277344,336.3399963378906,336.0450134277344,336.1449890136719,336.1449890136719,3827.0
2025-11-18T16:19:00Z,336.1499938964844,336.69000244140625,336.1499938964844,336.510009765625,336.510009765625,14322.0
2025-11-18T16:20:00Z,336.510009765625,337.1099853515625,336.5,337.1000061035156,337.1000061035156,6337.0
2025-11-18T16:21:00Z,337.1000061035156,337.1000061035156,336.760009765625,336.9200134277344,336.9200134277344,4528.0
2025-11-18T16:22:00Z,336.9049987792969,337.67999267578125,336.9049987792969,337.0,337.0,10148.0
2025-11-18T16:23:00Z,336.95001220703125,337.0249938964844,336.6499938964844,336.79998779296875,336.79998779296875,9086.0
2025-11-18T16:24:00Z,336.79998779296875,337.0950012207031,336.65008544921875,336.9100036621094,336.9100036621094,8382.0
2025-11-18T16:25:00Z,336.98760986328125,337.1050109863281,336.8699951171875,337.05999755859375,337.05999755859375,3475.0
2025-11-18T16:26:00Z,337.06500244140625,337.57501220703125,337.010009765625,337.57501220703125,337.57501220703125,16893.0
2025-11-18T16:27:00Z,337.614990234375,337.614990234375,337.3399963378906,337.3800048828125,337.3800048828125,3857.0
2025-11-18T16:28:00Z,337.55999755859375,337.57000732421875,337.1499938964844,337.3299865722656,337.3299865722656,21171.0
2025-11-18T16:29:00Z,337.3299865722656,337.4649963378906,337.17999267578125,337.3550109863281,337.3550109863281,4550.0
2025-11-18T16:30:00Z,337.3550109863281,337.44000244140625,337.3299865722656,337.3999938964844,337.3999938964844,4765.0
2025-11-18T16:31:00Z,337.3999938964844,337.5199890136719,337.260009765625,337.489990234375,337.489990234375,11375.0
2025-11-18T16:32:00Z,337.489990234375,337.54998779296875,337.010009765625,337.2200012207031,337.2200012207031,14295.0
2025-11-18T16:33:00Z,337.2699890136719,337.4700012207031,337.04998779296875,337.4700012207031,337.4700012207031,16552.0
2025-11-18T16:34:00Z,337.4700012207031,337.4750061035156,337.19000244140625,337.19000244140625,337.19000244140625,5189.0
2025-11-18T16:35:00Z,337.1600036621094,337.42498779296875,337.1499938964844,337.3949890136719,337.3949890136719,7232.0
2025-11-18T16:36:00Z,337.3949890136719,337.57000732421875,337.17999267578125,337.4649963378906,337.4649963378906,11405.0
2025-11-18T16:37:00Z,337.4750061035156,337.86468505859375,337.4750061035156,337.6400146484375,337.6400146484375,6055.0
2025-11-18T16:38:00Z,337.6000061035156,337.8236083984375,337.57000732421875,337.7200012207031,337.7200012207031,2660.0
2025-11-18T16:39:00Z,337.55999755859375,337.5899963378906,336.94000244140625,336.94000244140625,336.94000244140625,6233.0
2025-11-18T16:40:00Z,336.9949951171875,337.1300048828125,336.55999755859375,337.1300048828125,337.1300048828125,12662.0
2025-11-18T16:41:00Z,337.0,337.3424987792969,336.9700012207031,337.30499267578125,337.30499267578125,4210.0
2025-11-18T16:42:00Z,337.30499267578125,337.5899963378906,337.1000061035156,337.1400146484375,337.1400146484375,3505.0
2025-11-18T16:43:00Z,337.2699890136719,337.2699890136719,336.95001220703125,337.2149963378906,337.2149963378906,4784.0
2025-11-18T16:44:00Z,337.2149963378906,337.2300109863281,336.8500061035156,337.05499267578125,337.05499267578125,5043.0
2025-11-18T16:45:00Z,337.05499267578125,337.30499267578125,336.8500061035156,336.9949951171875,336.9949951171875,3080.0
2025-11-18T16:46:00Z,336.8699951171875,337.0,336.55999755859375,336.6400146484375,336.6400146484375,6320.0
2025-11-18T16:47:00Z,336.5400085449219,336.5400085449219,336.3299865722656,336.3399963378906,336.3399963378906,2930.0
2025-11-18T16:48:00Z,336.30999755859375,337.0,336.30999755859375,336.885009765625,336.885009765625,12048.0
2025-11-18T16:49:00Z,336.885009765625,337.05999755859375,336.7300109863281,336.8900146484375,336.8900146484375,11133.0
2025-11-18T16:50:00Z,336.989990234375,336.989990234375,336.70001220703125,336.9200134277344,336.9200134277344,3265.0
2025-11-18T16:51:00Z,336.9200134277344,336.9259948730469,336.447509765625,336.45001220703125,336.45001220703125,6091.0
2025-11-18T16:52:00Z,336.4574890136719,336.6300048828125,336.3500061035156,336.3699951171875,336.3699951171875,6221.0
2025-11-18T16:53:00Z,336.57000732421875,336.69000244140625,336.42999267578125,336.5050048828125,336.5050048828125,7436.0
2025-11-18T16:54:00Z,336.4949951171875,336.75,336.4949951171875,336.5950012207031,336.5950012207031,5777.0
2025-11-18T16:55:00Z,336.5950012207031,336.8800048828125,336.54998779296875,336.54998779296875,336.54998779296875,17505.0
2025-11-18T16:56:00Z,336.57000732421875,336.57000732421875,336.2699890136719,336.3900146484375,336.3900146484375,7967.0
2025-11-18T16:57:00Z,336.3599853515625,336.4859924316406,336.29998779296875,336.4859924316406,336.4859924316406,2003.0
2025-11-18T16:58:00Z,336.30999755859375,336.3399963378906,336.1499938964844,336.1600036621094,336.1600036621094,5802.0
2025-11-18T16:59:00Z,336.260009765625,336.3999938964844,336.24249267578125,336.3800048828125,336.3800048828125,3178.0
2025-11-18T17:00:00Z,336.1600036621094,336.2449951171875,336.010009765625,336.2449951171875,336.2449951171875,9995.0
2025-11-18T17:01:00Z,336.1300048828125,336.2200012207031,335.989990234375,336.07000732421875,336.07000732421875,9811.0
2025-11-18T17:02:00Z,336.135009765625,336.44000244140625,336.0799865722656,336.44000244140625,336.44000244140625,8769.0
2025-11-18T17:03:00Z,336.2025146484375,336.2025146484375,335.8999938964844,335.989990234375,335.989990234375,3312.0
2025-11-18T17:04:00Z,335.989990234375,336.1424865722656,335.739990234375,335.8800048828125,335.8800048828125,17094.0
2025-11-18T17:05:00Z,335.8800048828125,335.92999267578125,335.6400146484375,335.80499267578125,335.80499267578125,3242.0
2025-11-18T17:06:00Z,335.67999267578125,335.67999267578125,335.44000244140625,335.489990234375,335.489990234375,3659.0
2025-11-18T17:07:00Z,335.57000732421875,336.2799987792969,335.50750732421875,336.2799987792969,336.2799987792969,10053.0
2025-11-18T17:08:00Z,336.2868957519531,336.2868957519531,336.05999755859375,336.07501220703125,336.07501220703125,2210.0
2025-11-18T17:09:00Z,336.07501220703125,336.07501220703125,335.70001220703125,335.7650146484375,335.7650146484375,3013.0
2025-11-18T17:10:00Z,335.7650146484375,336.010009765625,335.69000244140625,335.69000244140625,335.69000244140625,3206.0
2025-11-18T17:11:00Z,335.6300048828125,335.7699890136719,335.54998779296875,335.6340026855469,335.6340026855469,1749.0
2025-11-18T17:12:00Z,335.69000244140625,335.8999938964844,335.45001220703125,335.8599853515625,335.8599853515625,3751.0
2025-11-18T17:13:00Z,335.80999755859375,336.04998779296875,335.80999755859375,336.010009765625,336.010009765625,2758.0
2025-11-18T17:14:00Z,336.010009765625,336.010009765625,335.5899963378906,335.7099914550781,335.7099914550781,4790.0
2025-11-18T17:15:00Z,335.6199951171875,336.0199890136719,335.6199951171875,335.93499755859375,335.93499755859375,3581.0
2025-11-18T17:16:00Z,335.8699951171875,336.0,335.8399963378906,336.0,336.0,2992.0
2025-11-18T17:17:00Z,335.8999938964844,335.8999938964844,335.57000732421875,335.6000061035156,335.6000061035156,2873.0
2025-11-18T17:18:00Z,335.6300048828125,335.9200134277344,335.6300048828125,335.9150085449219,335.9150085449219,2469.0
2025-11-18T17:19:00Z,335.93499755859375,335.93499755859375,335.7449951171875,335.875,335.875,2572.0
2025-11-18T17:20:00Z,335.9599914550781,336.19000244140625,335.82000732421875,336.1700134277344,336.1700134277344,6951.0
2025-11-18T17:21:00Z,335.9100036621094,336.0321044921875,335.7699890136719,335.8900146484375,335.8900146484375,4538.0
2025-11-18T17:22:00Z,335.91119384765625,335.91119384765625,335.5,335.614990234375,335.614990234375,4392.0
2025-11-18T17:23:00Z,335.489990234375,335.7200012207031,335.44000244140625,335.6000061035156,335.6000061035156,4998.0
2025-11-18T17:24:00Z,335.5899963378906,335.6700134277344,335.489990234375,335.531005859375,335.531005859375,5392.0
2025-11-18T17:25:00Z,335.5199890136719,335.8500061035156,335.510009765625,335.7200012207031,335.7200012207031,4817.0
2025-11-18T17:26:00Z,335.7250061035156,335.7250061035156,335.3800048828125,335.544189453125,335.544189453125,4021.0
2025-11-18T17:27:00Z,335.489990234375,335.489990234375,334.9100036621094,334.9100036621094,334.9100036621094,5192.0
2025-11-18T17:28:00Z,334.9750061035156,335.3900146484375,334.79998779296875,335.3900146484375,335.3900146484375,10352.0
2025-11-18T17:29:00Z,335.3999938964844,335.71881103515625,335.3275146484375,335.5400085449219,335.5400085449219,4898.0
2025-11-18T17:30:00Z,335.4800109863281,335.7699890136719,335.2900085449219,335.69500732421875,335.69500732421875,5291.0
2025-11-18T17:31:00Z,335.6789855957031,335.989990234375,335.55999755859375,335.989990234375,335.989990234375,7429.0
2025-11-18T17:32:00Z,335.8500061035156,336.0846862792969,335.82000732421875,335.9800109863281,335.9800109863281,4038.0
2025-11-18T17:33:00Z,335.9800109863281,336.1199951171875,335.80010986328125,335.9949951171875,335.9949951171875,4060.0
2025-11-18T17:34:00Z,335.9949951171875,337.0,335.80999755859375,336.87750244140625,336.87750244140625,30968.0
2025-11-18T17:35:00Z,336.864990234375,337.25,336.864990234375,337.1499938964844,337.1499938964844,12807.0
2025-11-18T17:36:00Z,337.2550048828125,337.7099914550781,337.2550048828125,337.5,337.5,9177.0
2025-11-18T17:37:00Z,337.5,338.0199890136719,337.5,337.6400146484375,337.6400146484375,17720.0
2025-11-18T17:38:00Z,337.7900085449219,338.29998779296875,337.7699890136719,338.29998779296875,338.29998779296875,4302.0
2025-11-18T17:39:00Z,338.3500061035156,338.7799987792969,338.3500061035156,338.6000061035156,338.6000061035156,4796.0
2025-11-18T17:40:00Z,338.7449951171875,339.0,338.67999267578125,338.9049987792969,338.9049987792969,6469.0
2025-11-18T17:41:00Z,338.9049987792969,338.92999267578125,338.6499938964844,338.8900146484375,338.8900146484375,4390.0
2025-11-18T17:42:00Z,338.9800109863281,339.489990234375,338.80999755859375,339.1000061035156,339.1000061035156,11706.0
2025-11-18T17:43:00Z,339.1600036621094,339.67999267578125,339.1600036621094,339.30999755859375,339.30999755859375,6188.0
2025-11-18T17:44:00Z,339.29998779296875,339.7099914550781,339.0400085449219,339.7099914550781,339.7099914550781,6180.0
2025-11-18T17:45:00Z,339.80999755859375,339.80999755859375,339.2799987792969,339.2799987792969,339.2799987792969,2485.0
2025-11-18T17:46:00Z,339.46649169921875,339.61309814453125,339.2699890136719,339.3500061035156,339.3500061035156,2515.0
2025-11-18T17:47:00Z,339.3450012207031,339.7449951171875,339.3450012207031,339.7449951171875,339.7449951171875,1528.0
2025-11-18T17:48:00Z,339.8999938964844,340.510009765625,339.8999938964844,340.4700012207031,340.4700012207031,3773.0
2025-11-18T17:49:00Z,340.489990234375,340.5775146484375,340.3900146484375,340.50799560546875,340.50799560546875,3036.0
2025-11-18T17:50:00Z,340.3999938964844,340.55999755859375,340.05999755859375,340.30999755859375,340.30999755859375,5240.0
2025-11-18T17:51:00Z,340.2099914550781,340.3218994140625,339.7099914550781,339.7200012207031,339.7200012207031,3731.0
2025-11-18T17:52:00Z,339.92279052734375,340.5,339.9200134277344,340.3500061035156,340.3500061035156,1196.0
2025-11-18T17:53:00Z,340.54998779296875,340.95001220703125,340.4100036621094,340.54998779296875,340.54998779296875,8704.0
2025-11-18T17:54:00Z,340.4800109863281,340.8399963378906,340.4786071777344,340.7449951171875,340.7449951171875,2588.0
2025-11-18T17:55:00Z,340.8399963378906,341.2300109863281,340.8399963378906,341.010009765625,341.010009765625,16983.0
2025-11-18T17:56:00Z,340.9849853515625,340.9849853515625,340.4400939941406,340.7200012207031,340.7200012207031,6438.0
2025-11-18T17:57:00Z,340.92999267578125,341.8699951171875,340.92999267578125,341.4750061035156,341.4750061035156,11048.0
2025-11-18T17:58:00Z,341.67999267578125,341.67999267578125,341.2200012207031,341.2699890136719,341.2699890136719,5425.0
2025-11-18T17:59:00Z,341.3800048828125,341.3800048828125,341.1600036621094,341.30999755859375,341.30999755859375,2803.0
2025-11-18T18:00:00Z,341.30999755859375,341.5458068847656,341.20001220703125,341.2799987792969,341.2799987792969,3719.0
2025-11-18T18:01:00Z,341.4800109863281,341.75,341.4800109863281,341.6600036621094,341.6600036621094,2033.0
2025-11-18T18:02:00Z,341.8399963378906,341.8399963378906,341.5299987792969,341.6400146484375,341.6400146484375,3339.0
2025-11-18T18:03:00Z,341.5849914550781,341.6221923828125,341.3800048828125,341.5050048828125,341.5050048828125,3179.0
2025-11-18T18:04:00Z,341.6000061035156,341.6400146484375,341.3599853515625,341.3599853515625,341.3599853515625,3445.0
2025-11-18T18:05:00Z,341.6199951171875,341.7049865722656,341.5094909667969,341.7049865722656,341.7049865722656,1060.0
2025-11-18T18:06:00Z,341.6600036621094,341.8399963378906,341.6600036621094,341.7850036621094,341.7850036621094,4621.0
2025-11-18T18:07:00Z,341.95001220703125,342.0150146484375,341.8912048339844,341.8912048339844,341.8912048339844,2454.0
2025-11-18T18:08:00Z,341.8699951171875,342.0199890136719,341.67999267578125,341.989990234375,341.989990234375,4241.0
2025-11-18T18:09:00Z,341.822509765625,341.9700012207031,341.6300048828125,341.6300048828125,341.6300048828125,4788.0
2025-11-18T18:10:00Z,341.8299865722656,342.1700134277344,341.8299865722656,342.1700134277344,342.1700134277344,3310.0
2025-11-18T18:11:00Z,342.05999755859375,342.3999938964844,341.9800109863281,342.3999938964844,342.3999938964844,2207.0
2025-11-18T18:12:00Z,341.9200134277344,342.0768127441406,341.8500061035156,342.04998779296875,342.04998779296875,1826.0
2025-11-18T18:13:00Z,341.9200134277344,342.04998779296875,341.6400146484375,341.6400146484375,341.6400146484375,3093.0
2025-11-18T18:14:00Z,341.760009765625,341.8900146484375,341.6499938964844,341.79998779296875,341.79998779296875,1464.0
2025-11-18T18:15:00Z,341.80999755859375,341.8299865722656,341.54998779296875,341.760009765625,341.760009765625,4046.0
2025-11-18T18:16:00Z,341.9700012207031,341.9800109863281,341.8500061035156,341.8599853515625,341.8599853515625,1342.0
2025-11-18T18:17:00Z,341.8599853515625,341.8599853515625,341.6499938964844,341.7900085449219,341.7900085449219,3440.0
2025-11-18T18:18:00Z,341.82000732421875,342.0,341.70001220703125,342.0,342.0,7150.0
2025-11-18T18:19:00Z,342.0050048828125,342.32000732421875,342.0050048828125,342.2149963378906,342.2149963378906,9982.0
2025-11-18T18:20:00Z,342.2149963378906,342.3699951171875,342.1000061035156,342.17999267578125,342.17999267578125,19633.0
2025-11-18T18:21:00Z,342.18499755859375,342.7900085449219,342.18499755859375,342.7900085449219,342.7900085449219,8888.0
2025-11-18T18:22:00Z,342.7349853515625,343.0,342.6700134277344,343.0,343.0,5162.0
2025-11-18T18:23:00Z,343.0400085449219,343.4609069824219,343.0400085449219,343.3999938964844,343.3999938964844,5703.0
2025-11-18T18:24:00Z,343.0899963378906,343.2674865722656,342.7200012207031,342.9049987792969,342.9049987792969,3978.0
2025-11-18T18:25:00Z,342.9049987792969,343.0,342.80999755859375,342.8490905761719,342.8490905761719,5566.0
2025-11-18T18:26:00Z,342.8699951171875,342.8699951171875,342.5799865722656,342.7149963378906,342.7149963378906,6473.0
2025-11-18T18:27:00Z,342.7149963378906,343.1449890136719,342.7149963378906,343.1050109863281,343.1050109863281,4851.0
2025-11-18T18:28:00Z,343.1050109863281,343.1690979003906,342.5400085449219,342.55999755859375,342.55999755859375,5501.0
2025-11-18T18:29:00Z,342.67999267578125,342.84130859375,342.43499755859375,342.6216125488281,342.6216125488281,5543.0
2025-11-18T18:30:00Z,342.54998779296875,342.8800048828125,342.54998779296875,342.8800048828125,342.8800048828125,3446.0
2025-11-18T18:31:00Z,342.6400146484375,342.70001220703125,342.57000732421875,342.6807861328125,342.6807861328125,2254.0
2025-11-18T18:32:00Z,342.7250061035156,342.7650146484375,342.67999267578125,342.7650146484375,342.7650146484375,1144.0
2025-11-18T18:33:00Z,342.75,342.9200134277344,342.5400085449219,342.56500244140625,342.56500244140625,6063.0
2025-11-18T18:34:00Z,342.56500244140625,342.7200012207031,342.4049987792969,342.7200012207031,342.7200012207031,5025.0
2025-11-18T18:35:00Z,342.7799987792969,342.82000732421875,342.57000732421875,342.5950012207031,342.5950012207031,3577.0
2025-11-18T18:36:00Z,342.5950012207031,342.5950012207031,342.05999755859375,342.1449890136719,342.1449890136719,4343.0
2025-11-18T18:37:00Z,342.1449890136719,342.2200012207031,341.82000732421875,342.2200012207031,342.2200012207031,7780.0
2025-11-18T18:38:00Z,342.135009765625,342.4150085449219,342.0350036621094,342.4150085449219,342.4150085449219,4094.0
2025-11-18T18:39:00Z,342.4150085449219,342.6199951171875,342.2701110839844,342.6199951171875,342.6199951171875,2818.0
2025-11-18T18:40:00Z,342.6199951171875,343.20001220703125,342.6199951171875,343.1499938964844,343.1499938964844,2515.0
2025-11-18T18:41:00Z,343.130615234375,343.1549987792969,342.8599853515625,342.989990234375,342.989990234375,4230.0
2025-11-18T18:42:00Z,342.80999755859375,342.82000732421875,342.4700012207031,342.4700012207031,342.4700012207031,4937.0
2025-11-18T18:43:00Z,342.42999267578125,342.5400085449219,341.8900146484375,342.385009765625,342.385009765625,6266.0
2025-11-18T18:44:00Z,342.5,342.6521911621094,342.1600036621094,342.20001220703125,342.20001220703125,4549.0
2025-11-18T18:45:00Z,342.125,342.1700134277344,341.8901062011719,342.1700134277344,342.1700134277344,2004.0
2025-11-18T18:46:00Z,342.1510009765625,342.4750061035156,342.0,342.4100036621094,342.4100036621094,3202.0
2025-11-18T18:47:00Z,342.4200134277344,342.67999267578125,342.2099914550781,342.3900146484375,342.3900146484375,4716.0
2025-11-18T18:48:00Z,342.1300048828125,342.239990234375,342.0199890136719,342.2149963378906,342.2149963378906,2010.0
2025-11-18T18:49:00Z,342.2149963378906,342.7449951171875,342.2099914550781,342.7300109863281,342.7300109863281,2219.0
2025-11-18T18:50:00Z,342.7300109863281,342.739990234375,342.7300109863281,342.739990234375,342.739990234375,1006.0
2025-11-18T18:51:00Z,342.5849914550781,342.8999938964844,342.5625,342.7200012207031,342.7200012207031,2532.0
2025-11-18T18:52:00Z,342.81500244140625,342.81500244140625,342.6199951171875,342.7550048828125,342.7550048828125,3143.0
2025-11-18T18:53:00Z,342.7550048828125,342.7620849609375,342.42999267578125,342.489990234375,342.489990234375,7143.0
2025-11-18T18:54:00Z,342.3900146484375,342.5400085449219,342.3900146484375,342.4750061035156,342.4750061035156,2820.0
2025-11-18T18:55:00Z,342.3399963378906,342.3800048828125,342.0,342.1099853515625,342.1099853515625,8544.0
2025-11-18T18:56:00Z,342.0675048828125,342.1499938964844,341.8800048828125,342.0199890136719,342.0199890136719,4192.0
2025-11-18T18:57:00Z,342.0199890136719,342.2799987792969,342.0199890136719,342.0849914550781,342.0849914550781,94059.0
2025-11-18T18:58:00Z,341.9200134277344,341.9549865722656,341.3999938964844,341.44000244140625,341.44000244140625,11850.0
2025-11-18T18:59:00Z,341.6600036621094,341.6600036621094,341.25,341.45001220703125,341.45001220703125,9649.0
2025-11-18T19:00:00Z,341.5199890136719,341.70001220703125,341.5199890136719,341.6400146484375,341.6400146484375,2765.0
2025-11-18T19:01:00Z,341.6300048828125,342.29998779296875,341.6300048828125,341.8599853515625,341.8599853515625,6673.0
2025-11-18T19:02:00Z,341.7300109863281,341.7900085449219,341.5299987792969,341.5299987792969,341.5299987792969,2964.0
2025-11-18T19:03:00Z,341.70001220703125,341.75,341.3900146484375,341.75,341.75,2807.0
2025-11-18T19:04:00Z,341.8399963378906,341.8599853515625,341.6700134277344,341.70001220703125,341.70001220703125,3043.0
2025-11-18T19:05:00Z,341.94000244140625,342.1449890136719,341.8999938964844,342.1449890136719,342.1449890136719,1909.0
2025-11-18T19:06:00Z,342.06500244140625,342.239990234375,341.8999938964844,342.07000732421875,342.07000732421875,2917.0
2025-11-18T19:07:00Z,342.239990234375,342.239990234375,342.0450134277344,342.1300048828125,342.1300048828125,1162.0
2025-11-18T19:08:00Z,341.9200134277344,342.1700134277344,341.8900146484375,342.0799865722656,342.0799865722656,3055.0
2025-11-18T19:09:00Z,342.07000732421875,342.4399108886719,342.0350036621094,342.3500061035156,342.3500061035156,3529.0
2025-11-18T19:10:00Z,342.3500061035156,342.42999267578125,342.1099853515625,342.1549987792969,342.1549987792969,5358.0
2025-11-18T19:11:00Z,342.2149963378906,342.3399963378906,342.07000732421875,342.17999267578125,342.17999267578125,3309.0
2025-11-18T19:12:00Z,342.2749938964844,342.30999755859375,342.2749938964844,342.30999755859375,342.30999755859375,1057.0
2025-11-18T19:13:00Z,342.30999755859375,342.510009765625,342.17999267578125,342.4750061035156,342.4750061035156,2646.0
2025-11-18T19:14:00Z,342.4800109863281,342.69000244140625,342.4750061035156,342.69000244140625,342.69000244140625,2048.0
2025-11-18T19:15:00Z,342.57000732421875,342.57000732421875,342.20001220703125,342.2900085449219,342.2900085449219,3234.0
2025-11-18T19:16:00Z,342.2900085449219,342.5299987792969,342.1400146484375,342.5299987792969,342.5299987792969,4105.0
2025-11-18T19:17:00Z,342.4100036621094,342.5299987792969,342.37750244140625,342.3949890136719,342.3949890136719,3194.0
2025-11-18T19:18:00Z,342.4049987792969,342.6199951171875,342.4049987792969,342.55999755859375,342.55999755859375,1984.0
2025-11-18T19:19:00Z,342.7200012207031,342.8800048828125,342.6400146484375,342.81500244140625,342.81500244140625,5281.0
2025-11-18T19:20:00Z,342.9200134277344,343.1300048828125,342.69000244140625,342.739990234375,342.739990234375,8368.0
2025-11-18T19:21:00Z,342.739990234375,342.8399963378906,342.5199890136719,342.5899963378906,342.5899963378906,9688.0
2025-11-18T19:22:00Z,342.57000732421875,342.80999755859375,342.4100036621094,342.7099914550781,342.7099914550781,3599.0
2025-11-18T19:23:00Z,342.6400146484375,342.68499755859375,342.3900146484375,342.4800109863281,342.4800109863281,3077.0
2025-11-18T19:24:00Z,342.4849853515625,342.5299987792969,342.2900085449219,342.4549865722656,342.4549865722656,2966.0
2025-11-18T19:25:00Z,342.4800109863281,342.989990234375,342.4800109863281,342.989990234375,342.989990234375,2838.0
2025-11-18T19:26:00Z,342.9849853515625,343.19989013671875,342.7101135253906,342.9599914550781,342.9599914550781,2949.0
2025-11-18T19:27:00Z,342.9599914550781,343.0000915527344,342.79998779296875,342.989990234375,342.989990234375,5421.0
2025-11-18T19:28:00Z,342.9100036621094,342.9100036621094,342.44000244140625,342.4949951171875,342.4949951171875,8268.0
2025-11-18T19:29:00Z,342.4800109863281,342.70001220703125,342.3699951171875,342.6499938964844,342.6499938964844,3054.0
2025-11-18T19:30:00Z,342.7300109863281,342.9599914550781,342.6650085449219,342.9599914550781,342.9599914550781,2010.0
2025-11-18T19:31:00Z,342.92999267578125,342.92999267578125,342.6600036621094,342.7099914550781,342.7099914550781,4151.0
2025-11-18T19:32:00Z,342.6199951171875,342.6650085449219,342.4200134277344,342.4200134277344,342.4200134277344,2709.0
2025-11-18T19:33:00Z,342.44000244140625,342.5299987792969,342.25750732421875,342.4100036621094,342.4100036621094,10580.0
2025-11-18T19:34:00Z,342.3699951171875,342.4100036621094,342.17999267578125,342.30999755859375,342.30999755859375,3990.0
2025-11-18T19:35:00Z,342.31500244140625,342.80499267578125,342.20001220703125,342.739990234375,342.739990234375,5521.0
2025-11-18T19:36:00Z,342.79998779296875,343.0450134277344,342.7449951171875,343.0450134277344,343.0450134277344,2262.0
2025-11-18T19:37:00Z,342.94000244140625,343.385009765625,342.9200134277344,343.0350036621094,343.0350036621094,7314.0
2025-11-18T19:38:00Z,342.9100036621094,343.3799133300781,342.82000732421875,343.3699951171875,343.3699951171875,3668.0
2025-11-18T19:39:00Z,343.2300109863281,343.7250061035156,343.20001220703125,343.5150146484375,343.5150146484375,5102.0
2025-11-18T19:40:00Z,343.4700012207031,343.5199890136719,343.17999267578125,343.3399963378906,343.3399963378906,2642.0
2025-11-18T19:41:00Z,343.3450012207031,343.3699951171875,343.20001220703125,343.2650146484375,343.2650146484375,1792.0
2025-11-18T19:42:00Z,343.1099853515625,343.2449951171875,343.07000732421875,343.07000732421875,343.07000732421875,2277.0
2025-11-18T19:43:00Z,343.19000244140625,343.19500732421875,342.9200134277344,343.114990234375,343.114990234375,4050.0
2025-11-18T19:44:00Z,343.114990234375,343.114990234375,342.3599853515625,342.3949890136719,342.3949890136719,6027.0
2025-11-18T19:45:00Z,342.54998779296875,342.95001220703125,342.5150146484375,342.95001220703125,342.95001220703125,2629.0
2025-11-18T19:46:00Z,342.95001220703125,343.00250244140625,342.75,342.864990234375,342.864990234375,3461.0
2025-11-18T19:47:00Z,343.010009765625,343.3800048828125,342.92498779296875,343.375,343.375,3946.0
2025-11-18T19:48:00Z,343.375,343.375,342.9100036621094,343.07000732421875,343.07000732421875,4264.0
2025-11-18T19:49:00Z,343.0299987792969,343.1600036621094,342.9100036621094,343.07000732421875,343.07000732421875,5489.0
2025-11-18T19:50:00Z,342.9849853515625,343.20001220703125,342.8901062011719,343.20001220703125,343.20001220703125,3619.0
2025-11-18T19:51:00Z,343.1400146484375,343.1400146484375,342.79998779296875,342.93499755859375,342.93499755859375,6405.0
2025-11-18T19:52:00Z,342.93499755859375,343.1199035644531,342.8599853515625,342.8599853515625,342.8599853515625,3413.0
2025-11-18T19:53:00Z,342.95001220703125,342.9599914550781,342.7699890136719,342.8699951171875,342.8699951171875,9239.0
2025-11-18T19:54:00Z,342.8699951171875,342.8699951171875,342.67999267578125,342.70001220703125,342.70001220703125,6948.0
2025-11-18T19:55:00Z,342.70001220703125,342.8399963378906,342.57000732421875,342.7250061035156,342.7250061035156,3856.0
2025-11-18T19:56:00Z,342.8349914550781,342.8999938964844,342.7300109863281,342.8999938964844,342.8999938964844,3292.0
2025-11-18T19:57:00Z,342.8999938964844,342.9800109863281,342.80999755859375,342.80999755859375,342.80999755859375,2550.0
2025-11-18T19:58:00Z,342.75,342.9800109863281,342.75,342.8949890136719,342.8949890136719,3175.0
2025-11-18T19:59:00Z,342.80999755859375,343.1449890136719,342.80999755859375,343.1449890136719,343.1449890136719,4893.0
2025-11-18T20:00:00Z,343.0849914550781,343.3900146484375,342.8500061035156,343.3900146484375,343.3900146484375,4589.0
2025-11-18T20:01:00Z,343.44000244140625,343.45001220703125,342.9949951171875,343.0249938964844,343.0249938964844,5133.0
2025-11-18T20:02:00Z,343.1400146484375,343.15008544921875,342.80999755859375,343.1400146484375,343.1400146484375,3395.0
2025-11-18T20:03:00Z,343.1300048828125,343.1300048828125,342.9100036621094,342.9100036621094,342.9100036621094,2430.0
2025-11-18T20:04:00Z,342.92498779296875,343.07989501953125,342.77099609375,342.9649963378906,342.9649963378906,2107.0
2025-11-18T20:05:00Z,343.07000732421875,343.0799865722656,342.9100036621094,342.9800109863281,342.9800109863281,3787.0
2025-11-18T20:06:00Z,342.8800048828125,343.04998779296875,342.7900085449219,342.9096984863281,342.9096984863281,5750.0
2025-11-18T20:07:00Z,342.739990234375,342.8349914550781,342.6499938964844,342.80999755859375,342.80999755859375,2969.0
2025-11-18T20:08:00Z,342.8599853515625,342.9100036621094,342.7900085449219,342.80499267578125,342.80499267578125,3604.0
2025-11-18T20:09:00Z,342.79998779296875,342.9100036621094,342.7200012207031,342.8926086425781,342.8926086425781,2476.0
2025-11-18T20:10:00Z,342.7950134277344,342.9798889160156,342.75,342.75,342.75,2336.0
2025-11-18T20:11:00Z,342.7550048828125,342.7875061035156,342.6499938964844,342.70001220703125,342.70001220703125,6403.0
2025-11-18T20:12:00Z,342.7699890136719,342.8599853515625,342.70001220703125,342.7284851074219,342.7284851074219,4251.0
2025-11-18T20:13:00Z,342.6199951171875,342.6199951171875,342.4100036621094,342.510009765625,342.510009765625,4260.0
2025-11-18T20:14:00Z,342.5299987792969,342.67999267578125,342.4700012207031,342.54998779296875,342.54998779296875,4954.0
2025-11-18T20:15:00Z,342.489990234375,342.5249938964844,342.27679443359375,342.27679443359375,342.27679443359375,3580.0
2025-11-18T20:16:00Z,342.3695068359375,342.4599914550781,342.20001220703125,342.20001220703125,342.20001220703125,4214.0
2025-11-18T20:17:00Z,342.260009765625,342.3900146484375,342.0799865722656,342.1400146484375,342.1400146484375,4616.0
2025-11-18T20:18:00Z,342.04998779296875,342.1470947265625,341.8699951171875,342.0299987792969,342.0299987792969,3427.0
2025-11-18T20:19:00Z,342.1099853515625,342.1622009277344,341.9200134277344,341.9200134277344,341.9200134277344,6707.0
2025-11-18T20:20:00Z,341.92999267578125,342.30499267578125,341.92999267578125,342.30499267578125,342.30499267578125,3075.0
2025-11-18T20:21:00Z,342.364990234375,342.44000244140625,342.364990234375,342.4150085449219,342.4150085449219,2170.0
2025-11-18T20:22:00Z,342.4150085449219,342.4150085449219,342.2799987792969,342.3575134277344,342.3575134277344,8973.0
2025-11-18T20:23:00Z,342.20001220703125,342.2099914550781,341.8800048828125,341.8800048828125,341.8800048828125,3626.0
2025-11-18T20:24:00Z,341.92999267578125,341.92999267578125,341.7640075683594,341.7699890136719,341.7699890136719,4705.0
2025-11-18T20:25:00Z,341.8544006347656,341.8544006347656,341.4649963378906,341.4649963378906,341.4649963378906,5404.0
2025-11-18T20:26:00Z,341.4649963378906,341.5199890136719,341.2900085449219,341.42999267578125,341.42999267578125,4141.0
2025-11-18T20:27:00Z,341.3699951171875,341.3800048828125,341.2200012207031,341.239990234375,341.239990234375,3927.0
2025-11-18T20:28:00Z,341.25,341.25,341.0201110839844,341.1629943847656,341.1629943847656,4000.0
2025-11-18T20:29:00Z,341.2300109863281,341.5360107421875,341.2300109863281,341.5360107421875,341.5360107421875,3025.0
2025-11-18T20:30:00Z,341.4649963378906,341.760009765625,341.3699951171875,341.6700134277344,341.6700134277344,6367.0
2025-11-18T20:31:00Z,341.760009765625,341.760009765625,341.3599853515625,341.54998779296875,341.54998779296875,8330.0
2025-11-18T20:32:00Z,341.5199890136719,341.6600036621094,341.3800048828125,341.5849914550781,341.5849914550781,5576.0
2025-11-18T20:33:00Z,341.5899963378906,342.0199890136719,341.45001220703125,342.0199890136719,342.0199890136719,13222.0
2025-11-18T20:34:00Z,341.989990234375,342.1600036621094,341.7699890136719,341.7900085449219,341.7900085449219,18569.0
2025-11-18T20:35:00Z,341.8299865722656,341.9599914550781,341.54998779296875,341.625,341.625,8981.0
2025-11-18T20:36:00Z,341.62249755859375,342.1000061035156,341.62249755859375,341.7120056152344,341.7120056152344,7842.0
2025-11-18T20:37:00Z,341.79998779296875,342.1300048828125,341.79998779296875,342.0299987792969,342.0299987792969,2951.0
2025-11-18T20:38:00Z,342.0400085449219,342.260009765625,342.0350036621094,342.260009765625,342.260009765625,3026.0
2025-11-18T20:39:00Z,342.260009765625,342.3699951171875,342.114013671875,342.260009765625,342.260009765625,8900.0
2025-11-18T20:40:00Z,342.1700134277344,342.2650146484375,342.0,342.04998779296875,342.04998779296875,9863.0
2025-11-18T20:41:00Z,342.05999755859375,342.1499938964844,341.8800048828125,342.1499938964844,342.1499938964844,6515.0
2025-11-18T20:42:00Z,342.17999267578125,342.260009765625,341.7799987792969,341.7799987792969,341.7799987792969,4742.0
2025-11-18T20:43:00Z,341.8999938964844,341.9100036621094,341.5899963378906,341.7950134277344,341.7950134277344,8348.0
2025-11-18T20:44:00Z,341.7099914550781,341.7799987792969,341.3900146484375,341.3900146484375,341.3900146484375,5675.0
2025-11-18T20:45:00Z,341.4599914550781,341.5799865722656,341.2699890136719,341.3599853515625,341.3599853515625,5601.0
2025-11-18T20:46:00Z,341.2799987792969,341.32000732421875,340.7749938964844,340.8349914550781,340.8349914550781,6724.0
2025-11-18T20:47:00Z,340.92999267578125,341.1600036621094,340.8699951171875,341.0400085449219,341.0400085449219,10006.0
2025-11-18T20:48:00Z,341.0400085449219,341.17999267578125,340.8599853515625,341.0,341.0,11605.0
2025-11-18T20:49:00Z,341.06500244140625,341.1899108886719,340.8299865722656,341.0400085449219,341.0400085449219,9932.0
2025-11-18T20:50:00Z,341.010009765625,341.55999755859375,340.9700012207031,341.3999938964844,341.3999938964844,21208.0
2025-11-18T20:51:00Z,341.3949890136719,341.5899963378906,341.2250061035156,341.3500061035156,341.3500061035156,20942.0
2025-11-18T20:52:00Z,341.3500061035156,341.7200012207031,341.30999755859375,341.45001220703125,341.45001220703125,11684.0
2025-11-18T20:53:00Z,341.45001220703125,341.5400085449219,341.2300109863281,341.5,341.5,9450.0
2025-11-18T20:54:00Z,341.55999755859375,341.6099853515625,341.1549987792969,341.19500732421875,341.19500732421875,19265.0
2025-11-18T20:55:00Z,341.2699890136719,341.69000244140625,341.1199951171875,341.32000732421875,341.32000732421875,20688.0
2025-11-18T20:56:00Z,341.30499267578125,341.3349914550781,341.0400085449219,341.1700134277344,341.1700134277344,23385.0
2025-11-18T20:57:00Z,341.1700134277344,341.20001220703125,340.79998779296875,340.9700012207031,340.9700012207031,28311.0
2025-11-18T20:58:00Z,341.010009765625,341.1099853515625,340.42999267578125,340.6300048828125,340.6300048828125,59378.0
2025-11-18T20:59:00Z,340.6400146484375,340.8299865722656,340.54998779296875,340.6499938964844,340.6499938964844,88051.0
2025-11-19T14:31:00Z,342.4700012207031,342.4700012207031,342.0,342.1549987792969,342.1549987792969,1526.0
2025-11-19T14:32:00Z,342.1499938964844,342.1499938964844,341.2449951171875,341.55499267578125,341.55499267578125,1944.0
2025-11-19T14:33:00Z,341.5350036621094,341.9750061035156,341.4800109863281,341.9750061035156,341.9750061035156,3707.0
2025-11-19T14:34:00Z,341.9750061035156,342.57000732421875,341.7099914550781,341.7799987792969,341.7799987792969,5406.0
2025-11-19T14:35:00Z,341.8900146484375,341.9649963378906,341.0799865722656,341.3500061035156,341.3500061035156,4910.0
2025-11-19T14:36:00Z,341.25030517578125,341.864990234375,341.25030517578125,341.8299865722656,341.8299865722656,5176.0
2025-11-19T14:37:00Z,341.92498779296875,342.489990234375,341.8800048828125,341.94000244140625,341.94000244140625,8352.0
2025-11-19T14:38:00Z,341.8450012207031,342.19500732421875,341.75,341.94000244140625,341.94000244140625,4566.0
2025-11-19T14:39:00Z,341.95001220703125,342.2699890136719,341.864990234375,342.1600036621094,342.1600036621094,1610.0
2025-11-19T14:40:00Z,342.15869140625,342.2300109863281,341.5799865722656,341.94000244140625,341.94000244140625,3459.0
2025-11-19T14:41:00Z,341.947509765625,342.989990234375,341.80999755859375,342.989990234375,342.989990234375,2693.0
2025-11-19T14:42:00Z,342.92999267578125,343.0050048828125,342.70001220703125,342.9700012207031,342.9700012207031,7273.0
2025-11-19T14:43:00Z,343.0003967285156,343.1000061035156,342.49969482421875,342.75,342.75,7721.0
2025-11-19T14:44:00Z,342.75,342.80499267578125,342.5299987792969,342.69500732421875,342.69500732421875,2205.0
2025-11-19T14:45:00Z,342.5199890136719,342.6400146484375,341.7850036621094,342.3699951171875,342.3699951171875,23535.0
2025-11-19T14:46:00Z,342.17999267578125,342.37359619140625,342.04998779296875,342.2699890136719,342.2699890136719,7271.0
2025-11-19T14:47:00Z,342.3699951171875,342.7699890136719,342.3699951171875,342.635009765625,342.635009765625,8525.0
2025-11-19T14:48:00Z,342.56500244140625,342.94000244140625,342.2900085449219,342.94000244140625,342.94000244140625,11837.0
2025-11-19T14:49:00Z,342.94000244140625,343.1050109863281,342.6099853515625,342.6445007324219,342.6445007324219,9911.0
2025-11-19T14:50:00Z,342.5950012207031,342.5950012207031,341.6512145996094,341.989990234375,341.989990234375,6425.0
2025-11-19T14:51:00Z,341.9800109863281,341.989990234375,341.6600036621094,341.9175109863281,341.9175109863281,4381.0
2025-11-19T14:52:00Z,341.9849853515625,342.4599914550781,341.9849853515625,342.4599914550781,342.4599914550781,5292.0
2025-11-19T14:53:00Z,342.4150085449219,342.43170166015625,341.95001220703125,342.2850036621094,342.2850036621094,3244.0
2025-11-19T14:54:00Z,342.31500244140625,342.4700012207031,341.8500061035156,341.8800048828125,341.8800048828125,3791.0
2025-11-19T14:55:00Z,341.8500061035156,341.8500061035156,341.2554931640625,341.4750061035156,341.4750061035156,5213.0
2025-11-19T14:56:00Z,341.5400085449219,341.6600036621094,341.1199951171875,341.1199951171875,341.1199951171875,6263.0
2025-11-19T14:57:00Z,341.6700134277344,341.9200134277344,341.4549865722656,341.82000732421875,341.82000732421875,3548.0
2025-11-19T14:58:00Z,341.82000732421875,342.3349914550781,341.7799987792969,342.3349914550781,342.3349914550781,3997.0
2025-11-19T14:59:00Z,342.3349914550781,342.9953918457031,342.3349914550781,342.54998779296875,342.54998779296875,5359.0
2025-11-19T15:00:00Z,342.57000732421875,342.7099914550781,342.4100036621094,342.6600036621094,342.6600036621094,5102.0
2025-11-19T15:01:00Z,342.5400085449219,342.7749938964844,342.44000244140625,342.7049865722656,342.7049865722656,3564.0
2025-11-19T15:02:00Z,342.7950134277344,343.0899963378906,342.6600036621094,342.81500244140625,342.81500244140625,8403.0
2025-11-19T15:03:00Z,342.89569091796875,342.9700012207031,342.6499938964844,342.739990234375,342.739990234375,5772.0
2025-11-19T15:04:00Z,342.9599914550781,342.9599914550781,342.6401062011719,342.6401062011719,342.6401062011719,4108.0
2025-11-19T15:05:00Z,342.9599914550781,343.1000061035156,342.5199890136719,342.82501220703125,342.82501220703125,5716.0
2025-11-19T15:06:00Z,342.8299865722656,342.8299865722656,342.44000244140625,342.54998779296875,342.54998779296875,5212.0
2025-11-19T15:07:00Z,342.75,343.010009765625,342.5,342.6123962402344,342.6123962402344,4644.0
2025-11-19T15:08:00Z,342.68499755859375,342.97650146484375,342.44000244140625,342.7449951171875,342.7449951171875,3999.0
2025-11-19T15:09:00Z,342.7550048828125,342.8800048828125,342.6600036621094,342.864990234375,342.864990234375,5142.0
2025-11-19T15:10:00Z,342.75,342.8500061035156,342.30999755859375,342.8500061035156,342.8500061035156,7684.0
2025-11-19T15:11:00Z,342.875,343.0799865722656,342.7099914550781,342.8949890136719,342.8949890136719,7595.0
2025-11-19T15:12:00Z,342.8949890136719,343.07000732421875,342.5299987792969,342.6199951171875,342.6199951171875,3543.0
2025-11-19T15:13:00Z,342.635009765625,342.7099914550781,342.5050048828125,342.6099853515625,342.6099853515625,3764.0
2025-11-19T15:14:00Z,342.6099853515625,342.79998779296875,342.54998779296875,342.67999267578125,342.67999267578125,2888.0
2025-11-19T15:15:00Z,342.80999755859375,343.30999755859375,342.80999755859375,343.1700134277344,343.1700134277344,4891.0
2025-11-19T15:16:00Z,343.2550048828125,343.4375915527344,343.1700134277344,343.3399963378906,343.3399963378906,6211.0
2025-11-19T15:17:00Z,343.3500061035156,343.3599853515625,343.1099853515625,343.1449890136719,343.1449890136719,2107.0
2025-11-19T15:18:00Z,343.2200012207031,343.29998779296875,342.989990234375,343.20001220703125,343.20001220703125,4786.0
2025-11-19T15:19:00Z,343.2300109863281,343.3999938964844,343.05499267578125,343.2799987792969,343.2799987792969,11907.0
2025-11-19T15:20:00Z,343.2799987792969,343.2799987792969,342.6000061035156,343.0199890136719,343.0199890136719,10174.0
2025-11-19T15:21:00Z,343.0199890136719,343.1700134277344,343.0,343.04998779296875,343.04998779296875,2378.0
2025-11-19T15:22:00Z,343.00750732421875,343.2200012207031,342.8030090332031,343.010009765625,343.010009765625,9115.0
2025-11-19T15:23:00Z,343.010009765625,343.0950012207031,342.67010498046875,342.7799987792969,342.7799987792969,6182.0
2025-11-19T15:24:00Z,342.7300109863281,342.8900146484375,342.7300109863281,342.80999755859375,342.80999755859375,4360.0
2025-11-19T15:25:00Z,342.7900085449219,342.7900085449219,342.30499267578125,342.69000244140625,342.69000244140625,5802.0
2025-11-19T15:26:00Z,342.6625061035156,342.67999267578125,342.3399963378906,342.54998779296875,342.54998779296875,2484.0
2025-11-19T15:27:00Z,342.6000061035156,342.7200012207031,342.4375915527344,342.5350036621094,342.5350036621094,1725.0
2025-11-19T15:28:00Z,342.4200134277344,342.4549865722656,342.30999755859375,342.4049987792969,342.4049987792969,2481.0
2025-11-19T15:29:00Z,342.4049987792969,342.8900146484375,342.4049987792969,342.80999755859375,342.80999755859375,4355.0
2025-11-19T15:30:00Z,342.81500244140625,343.2300109863281,342.81500244140625,343.0799865722656,343.0799865722656,6402.0
2025-11-19T15:31:00Z,343.2398986816406,343.2398986816406,342.8999938964844,343.21710205078125,343.21710205078125,3796.0
2025-11-19T15:32:00Z,343.1700134277344,343.2099914550781,342.92010498046875,343.0799865722656,343.0799865722656,7358.0
2025-11-19T15:33:00Z,343.0799865722656,343.0899963378906,342.7799987792969,343.0199890136719,343.0199890136719,3908.0
2025-11-19T15:34:00Z,343.0299987792969,343.3399963378906,343.010009765625,343.010009765625,343.010009765625,4096.0
2025-11-19T15:35:00Z,343.1000061035156,343.1600036621094,342.5799865722656,342.7099914550781,342.7099914550781,6866.0
2025-11-19T15:36:00Z,342.6400146484375,342.8699951171875,342.54998779296875,342.739990234375,342.739990234375,3133.0
2025-11-19T15:37:00Z,342.6600036621094,342.94000244140625,342.5509948730469,342.5799865722656,342.5799865722656,5234.0
2025-11-19T15:38:00Z,342.54998779296875,342.760009765625,342.45001220703125,342.760009765625,342.760009765625,3874.0
2025-11-19T15:39:00Z,342.6600036621094,342.7464904785156,342.3699951171875,342.5299987792969,342.5299987792969,3394.0
2025-11-19T15:40:00Z,342.5400085449219,342.6000061035156,342.30999755859375,342.56500244140625,342.56500244140625,8774.0
2025-11-19T15:41:00Z,342.56500244140625,342.6600036621094,342.55999755859375,342.5849914550781,342.5849914550781,2092.0
2025-11-19T15:42:00Z,342.5849914550781,342.6700134277344,342.114990234375,342.114990234375,342.114990234375,30759.0
2025-11-19T15:43:00Z,342.114990234375,342.5199890136719,342.114990234375,342.5199890136719,342.5199890136719,2747.0
2025-11-19T15:44:00Z,342.6199951171875,342.7650146484375,342.6199951171875,342.7650146484375,342.7650146484375,2315.0
2025-11-19T15:45:00Z,342.76251220703125,342.8500061035156,342.6199951171875,342.7799987792969,342.7799987792969,4798.0
2025-11-19T15:46:00Z,342.7799987792969,342.8699951171875,342.6099853515625,342.6199951171875,342.6199951171875,4123.0
2025-11-19T15:47:00Z,342.6199951171875,342.8699951171875,342.3699951171875,342.8699951171875,342.8699951171875,5264.0
2025-11-19T15:48:00Z,342.760009765625,342.9200134277344,342.6600036621094,342.8500061035156,342.8500061035156,2602.0
2025-11-19T15:49:00Z,342.9200134277344,342.9200134277344,342.4599914550781,342.6000061035156,342.6000061035156,23117.0
2025-11-19T15:50:00Z,342.6600036621094,342.70001220703125,342.4599914550781,342.68499755859375,342.68499755859375,17939.0
2025-11-19T15:51:00Z,342.8900146484375,343.0450134277344,342.6000061035156,342.69000244140625,342.69000244140625,7807.0
2025-11-19T15:52:00Z,342.6199951171875,342.9700012207031,342.6199951171875,342.9700012207031,342.9700012207031,796.0
2025-11-19T15:53:00Z,343.0,343.0050048828125,342.75,342.8450012207031,342.8450012207031,4809.0
2025-11-19T15:54:00Z,342.802001953125,342.8800048828125,342.7200012207031,342.79998779296875,342.79998779296875,2856.0
2025-11-19T15:55:00Z,342.9599914550781,342.9599914550781,342.5799865722656,342.6000061035156,342.6000061035156,2815.0
2025-11-19T15:56:00Z,342.70001220703125,342.82000732421875,342.2099914550781,342.2300109863281,342.2300109863281,11937.0
2025-11-19T15:57:00Z,342.2300109863281,342.2550048828125,342.17340087890625,342.19500732421875,342.19500732421875,3695.0
2025-11-19T15:58:00Z,342.25,342.25,341.8699951171875,341.8699951171875,341.8699951171875,3908.0
2025-11-19T15:59:00Z,341.864990234375,342.0,341.6400146484375,342.0,342.0,3109.0
2025-11-19T16:00:00Z,341.9949951171875,342.375,341.9949951171875,342.19000244140625,342.19000244140625,4037.0
2025-11-19T16:01:00Z,342.2900085449219,342.4800109863281,342.05999755859375,342.4800109863281,342.4800109863281,2119.0
2025-11-19T16:02:00Z,342.3500061035156,342.69000244140625,342.3500061035156,342.69000244140625,342.69000244140625,4290.0
2025-11-19T16:03:00Z,342.75,342.75,342.4849853515625,342.6199951171875,342.6199951171875,2346.0
2025-11-19T16:04:00Z,342.5899963378906,342.68499755859375,342.42999267578125,342.5199890136719,342.5199890136719,10387.0
2025-11-19T16:05:00Z,342.5,342.6000061035156,342.31500244140625,342.3800048828125,342.3800048828125,29979.0
2025-11-19T16:06:00Z,342.2749938964844,342.3699951171875,342.17999267578125,342.30499267578125,342.30499267578125,7907.0
2025-11-19T16:07:00Z,342.3800048828125,342.5899963378906,342.29998779296875,342.5199890136719,342.5199890136719,3578.0
2025-11-19T16:08:00Z,342.5199890136719,342.8349914550781,342.5,342.5400085449219,342.5400085449219,4350.0
2025-11-19T16:09:00Z,342.6549987792969,342.8500061035156,342.6549987792969,342.7200012207031,342.7200012207031,3794.0
2025-11-19T16:10:00Z,342.80499267578125,343.0899963378906,342.80499267578125,343.0899963378906,343.0899963378906,1687.0
2025-11-19T16:11:00Z,342.94000244140625,343.05499267578125,342.9049987792969,342.9184875488281,342.9184875488281,1755.0
2025-11-19T16:12:00Z,342.94000244140625,342.94000244140625,342.7099914550781,342.8399963378906,342.8399963378906,3101.0
2025-11-19T16:13:00Z,342.92498779296875,343.0,342.7001037597656,343.0,343.0,2188.0
2025-11-19T16:14:00Z,343.0050048828125,343.0274963378906,342.9200134277344,343.02099609375,343.02099609375,4480.0
2025-11-19T16:15:00Z,343.0199890136719,343.125,342.9800109863281,342.9800109863281,342.9800109863281,2263.0
2025-11-19T16:16:00Z,342.8699951171875,343.1708984375,342.8599853515625,343.05999755859375,343.05999755859375,4502.0
2025-11-19T16:17:00Z,343.05499267578125,343.1449890136719,342.95001220703125,343.0249938964844,343.0249938964844,5468.0
2025-11-19T16:18:00Z,343.05999755859375,343.1300048828125,342.989990234375,342.989990234375,342.989990234375,4963.0
2025-11-19T16:19:00Z,342.9100036621094,343.0,342.7200012207031,343.0,343.0,2976.0
2025-11-19T16:20:00Z,342.9599914550781,343.1000061035156,342.8800048828125,342.9700012207031,342.9700012207031,6189.0
2025-11-19T16:21:00Z,343.0050048828125,343.04998779296875,342.8599853515625,342.8599853515625,342.8599853515625,1364.0
2025-11-19T16:22:00Z,342.9100036621094,342.9100036621094,342.4700012207031,342.57000732421875,342.57000732421875,3541.0
2025-11-19T16:23:00Z,342.4700012207031,342.4700012207031,342.010009765625,342.0199890136719,342.0199890136719,3407.0
2025-11-19T16:24:00Z,342.010009765625,342.010009765625,341.7200012207031,341.7250061035156,341.7250061035156,3265.0
2025-11-19T16:25:00Z,341.6300048828125,341.7300109863281,341.5,341.70001220703125,341.70001220703125,2436.0
2025-11-19T16:26:00Z,341.6600036621094,341.70001220703125,341.5199890136719,341.5299987792969,341.5299987792969,1198.0
2025-11-19T16:27:00Z,341.69500732421875,342.1700134277344,341.69500732421875,342.1499938964844,342.1499938964844,2497.0
2025-11-19T16:28:00Z,342.20001220703125,342.2900085449219,342.010009765625,342.2099914550781,342.2099914550781,2106.0
2025-11-19T16:29:00Z,342.0299987792969,342.0799865722656,341.7250061035156,341.8800048828125,341.8800048828125,3120.0
2025-11-19T16:30:00Z,341.7749938964844,342.07000732421875,341.5400085449219,342.07000732421875,342.07000732421875,6159.0
2025-11-19T16:31:00Z,342.0,342.05999755859375,341.67999267578125,341.739990234375,341.739990234375,3249.0
2025-11-19T16:32:00Z,341.81500244140625,341.9800109863281,341.7388000488281,341.80999755859375,341.80999755859375,2526.0
2025-11-19T16:33:00Z,341.80999755859375,341.80999755859375,341.489990234375,341.5350036621094,341.5350036621094,6894.0
2025-11-19T16:34:00Z,341.55999755859375,341.81500244140625,341.510009765625,341.783203125,341.783203125,3459.0
2025-11-19T16:35:00Z,341.70001220703125,341.7850036621094,341.5,341.5,341.5,6542.0
2025-11-19T16:36:00Z,341.5,341.56500244140625,341.3699951171875,341.5199890136719,341.5199890136719,2321.0
2025-11-19T16:37:00Z,341.5249938964844,341.5249938964844,341.2300109863281,341.25,341.25,1539.0
2025-11-19T16:38:00Z,341.2300109863281,341.5899963378906,341.1700134277344,341.5299987792969,341.5299987792969,2605.0
2025-11-19T16:39:00Z,341.5150146484375,341.5299987792969,341.3599853515625,341.375,341.375,2450.0
2025-11-19T16:40:00Z,341.25,341.3599853515625,341.0950012207031,341.19000244140625,341.19000244140625,1799.0
2025-11-19T16:41:00Z,341.2070007324219,341.3016052246094,341.05999755859375,341.1199951171875,341.1199951171875,1753.0
2025-11-19T16:42:00Z,341.1050109863281,341.1549987792969,340.8800048828125,341.1050109863281,341.1050109863281,10942.0
2025-11-19T16:43:00Z,341.1050109863281,341.1099853515625,340.8399963378906,341.010009765625,341.010009765625,8746.0
2025-11-19T16:44:00Z,341.2200012207031,341.2900085449219,340.9800109863281,341.0450134277344,341.0450134277344,2503.0
2025-11-19T16:45:00Z,340.8900146484375,340.9100036621094,340.7427062988281,340.7427062988281,340.7427062988281,1210.0
2025-11-19T16:46:00Z,340.9800109863281,341.30999755859375,340.9800109863281,341.30499267578125,341.30499267578125,2423.0
2025-11-19T16:47:00Z,341.25,341.75,341.25,341.75,341.75,1125.0
2025-11-19T16:48:00Z,341.5199890136719,341.5199890136719,341.29998779296875,341.3349914550781,341.3349914550781,2456.0
2025-11-19T16:49:00Z,341.29998779296875,341.3760070800781,341.1300048828125,341.2850036621094,341.2850036621094,2502.0
2025-11-19T16:50:00Z,341.4200134277344,341.489990234375,341.260009765625,341.3999938964844,341.3999938964844,4093.0
2025-11-19T16:51:00Z,341.5364990234375,341.5400085449219,341.3999938964844,341.3999938964844,341.3999938964844,1592.0
2025-11-19T16:52:00Z,341.2799987792969,341.4599914550781,341.1300964355469,341.3550109863281,341.3550109863281,3702.0
2025-11-19T16:53:00Z,341.489990234375,341.6549987792969,341.3599853515625,341.5950012207031,341.5950012207031,4082.0
2025-11-19T16:54:00Z,341.5950012207031,341.7699890136719,341.3999938964844,341.7699890136719,341.7699890136719,2647.0
2025-11-19T16:55:00Z,341.7699890136719,341.7699890136719,341.5299987792969,341.75,341.75,1461.0
2025-11-19T16:56:00Z,341.7799987792969,342.1700134277344,341.7799987792969,341.9949951171875,341.9949951171875,1196.0
2025-11-19T16:57:00Z,341.8699951171875,342.0799865722656,341.6199951171875,342.07000732421875,342.07000732421875,2480.0
2025-11-19T16:58:00Z,342.0,342.0,341.840087890625,341.840087890625,341.840087890625,499.0
2025-11-19T16:59:00Z,342.0799865722656,342.2799987792969,342.0799865722656,342.2799987792969,342.2799987792969,1277.0
2025-11-19T17:00:00Z,342.3299865722656,342.57000732421875,342.3299865722656,342.57000732421875,342.57000732421875,1567.0
2025-11-19T17:01:00Z,342.614990234375,342.8550109863281,342.614990234375,342.8550109863281,342.8550109863281,638.0
2025-11-19T17:02:00Z,342.8399963378906,342.9200134277344,342.8399963378906,342.8699951171875,342.8699951171875,1772.0
2025-11-19T17:03:00Z,342.8299865722656,342.8299865722656,342.5050048828125,342.5799865722656,342.5799865722656,6777.0
2025-11-19T17:04:00Z,342.42999267578125,342.760009765625,342.3324890136719,342.6099853515625,342.6099853515625,8732.0
2025-11-19T17:05:00Z,342.5050048828125,342.6000061035156,342.32000732421875,342.6000061035156,342.6000061035156,6862.0
2025-11-19T17:06:00Z,342.69000244140625,343.1300048828125,342.69000244140625,343.1300048828125,343.1300048828125,1831.0
2025-11-19T17:07:00Z,343.07000732421875,343.07000732421875,342.54949951171875,342.54949951171875,342.54949951171875,3593.0
2025-11-19T17:08:00Z,342.70001220703125,342.7294006347656,342.69500732421875,342.69500732421875,342.69500732421875,691.0
2025-11-19T17:09:00Z,342.5799865722656,342.76800537109375,342.5799865722656,342.67498779296875,342.67498779296875,576.0
2025-11-19T17:10:00Z,342.5799865722656,342.5799865722656,342.4700012207031,342.5150146484375,342.5150146484375,1739.0
2025-11-19T17:11:00Z,342.6300048828125,342.7850036621094,342.6300048828125,342.68499755859375,342.68499755859375,1240.0
2025-11-19T17:12:00Z,342.6400146484375,342.6400146484375,342.32501220703125,342.32501220703125,342.32501220703125,3057.0
2025-11-19T17:13:00Z,342.32000732421875,342.4700012207031,342.22698974609375,342.3949890136719,342.3949890136719,1720.0
2025-11-19T17:14:00Z,342.5299987792969,342.55999755859375,342.42498779296875,342.42498779296875,342.42498779296875,1280.0
2025-11-19T17:15:00Z,342.42999267578125,342.70001220703125,342.30999755859375,342.70001220703125,342.70001220703125,1271.0
2025-11-19T17:16:00Z,342.6400146484375,342.79998779296875,342.41009521484375,342.79998779296875,342.79998779296875,1689.0
2025-11-19T17:17:00Z,342.8800048828125,342.92999267578125,342.79998779296875,342.92999267578125,342.92999267578125,2269.0
2025-11-19T17:18:00Z,342.92999267578125,343.2200012207031,342.92169189453125,343.2200012207031,343.2200012207031,1332.0
2025-11-19T17:19:00Z,342.9700012207031,343.0950012207031,342.7699890136719,342.7699890136719,342.7699890136719,2511.0
2025-11-19T17:20:00Z,342.80999755859375,342.80999755859375,342.5350036621094,342.5350036621094,342.5350036621094,1997.0
2025-11-19T17:21:00Z,342.6700134277344,342.7550048828125,342.510009765625,342.510009765625,342.510009765625,3735.0
2025-11-19T17:22:00Z,342.4649963378906,342.5299987792969,342.30999755859375,342.5150146484375,342.5150146484375,8605.0
2025-11-19T17:23:00Z,342.6300048828125,342.8699951171875,342.6199951171875,342.8699951171875,342.8699951171875,1706.0
2025-11-19T17:24:00Z,342.6300048828125,342.6600036621094,342.6000061035156,342.6600036621094,342.6600036621094,1126.0
2025-11-19T17:25:00Z,342.5574951171875,342.7300109863281,342.5574951171875,342.6780090332031,342.6780090332031,1046.0
2025-11-19T17:26:00Z,342.6000061035156,342.6000061035156,342.51251220703125,342.52239990234375,342.52239990234375,1417.0
2025-11-19T17:27:00Z,342.6499938964844,342.75,342.5899963378906,342.5899963378906,342.5899963378906,1915.0
2025-11-19T17:28:00Z,342.8299865722656,342.94000244140625,342.8299865722656,342.9100036621094,342.9100036621094,1827.0
2025-11-19T17:29:00Z,342.8999938964844,342.96990966796875,342.8599853515625,342.8900146484375,342.8900146484375,1361.0
2025-11-19T17:30:00Z,342.739990234375,342.8699951171875,342.6600036621094,342.8699951171875,342.8699951171875,1003.0
2025-11-19T17:31:00Z,342.87249755859375,342.87249755859375,342.864990234375,342.864990234375,342.864990234375,617.0
2025-11-19T17:32:00Z,342.9800109863281,343.0,342.6400146484375,342.6700134277344,342.6700134277344,3822.0
2025-11-19T17:33:00Z,342.4200134277344,342.7200012207031,342.3800048828125,342.6400146484375,342.6400146484375,1745.0
2025-11-19T17:34:00Z,342.68499755859375,342.743408203125,342.54998779296875,342.55999755859375,342.55999755859375,1443.0
2025-11-19T17:35:00Z,342.55499267578125,342.55499267578125,342.375,342.4200134277344,342.4200134277344,1990.0
2025-11-19T17:36:00Z,342.3699951171875,342.4800109863281,341.9599914550781,341.9849853515625,341.9849853515625,7679.0
2025-11-19T17:37:00Z,342.010009765625,342.010009765625,341.45001220703125,341.7099914550781,341.7099914550781,7664.0
2025-11-19T17:38:00Z,341.7099914550781,341.989990234375,341.610107421875,341.9100036621094,341.9100036621094,2455.0
2025-11-19T17:39:00Z,341.885009765625,341.885009765625,341.6099853515625,341.6600036621094,341.6600036621094,1645.0
2025-11-19T17:40:00Z,341.6600036621094,341.70001220703125,341.44500732421875,341.6600036621094,341.6600036621094,4468.0
2025-11-19T17:41:00Z,341.69000244140625,342.3900146484375,341.6600036621094,342.3900146484375,342.3900146484375,4025.0
2025-11-19T17:42:00Z,342.45001220703125,343.1000061035156,342.45001220703125,342.9949951171875,342.9949951171875,2136.0
2025-11-19T17:43:00Z,342.9949951171875,343.3349914550781,342.9949951171875,343.1600036621094,343.1600036621094,3386.0
2025-11-19T17:44:00Z,342.8999938964844,343.06500244140625,342.80999755859375,342.80999755859375,342.80999755859375,1885.0
2025-11-19T17:45:00Z,342.9200134277344,343.06988525390625,342.4800109863281,342.6017150878906,342.6017150878906,4944.0
2025-11-19T17:46:00Z,342.82501220703125,342.82501220703125,342.6099853515625,342.6099853515625,342.6099853515625,1092.0
2025-11-19T17:47:00Z,342.7699890136719,342.989990234375,342.7699890136719,342.8800048828125,342.8800048828125,1691.0
2025-11-19T17:48:00Z,342.82000732421875,342.82000732421875,342.5199890136719,342.5199890136719,342.5199890136719,1411.0
2025-11-19T17:49:00Z,342.739990234375,342.739990234375,342.4100036621094,342.42498779296875,342.42498779296875,1155.0
2025-11-19T17:50:00Z,342.42498779296875,342.7099914550781,342.42498779296875,342.6487121582031,342.6487121582031,3569.0
2025-11-19T17:51:00Z,342.7799987792969,342.9200134277344,342.6700134277344,342.80499267578125,342.80499267578125,2669.0
2025-11-19T17:52:00Z,342.80499267578125,342.9200134277344,342.80499267578125,342.8900146484375,342.8900146484375,614.0
2025-11-19T17:53:00Z,343.1050109863281,343.17498779296875,343.1050109863281,343.1050109863281,343.1050109863281,1432.0
2025-11-19T17:54:00Z,343.1050109863281,343.2300109863281,343.03729248046875,343.03729248046875,343.03729248046875,4061.0
2025-11-19T17:55:00Z,343.1700134277344,343.2250061035156,343.0,343.2250061035156,343.2250061035156,867.0
2025-11-19T17:56:00Z,343.2799987792969,343.5400085449219,343.1000061035156,343.1000061035156,343.1000061035156,5511.0
2025-11-19T17:57:00Z,343.18499755859375,343.3699951171875,343.04998779296875,343.07000732421875,343.07000732421875,2243.0
2025-11-19T17:58:00Z,343.04998779296875,343.0899963378906,342.8299865722656,342.91668701171875,342.91668701171875,3216.0
2025-11-19T17:59:00Z,342.9649963378906,343.216796875,342.9649963378906,343.1449890136719,343.1449890136719,2552.0
2025-11-19T18:00:00Z,343.1449890136719,343.3999938964844,342.9599914550781,343.3900146484375,343.3900146484375,3170.0
2025-11-19T18:01:00Z,343.3669128417969,343.42669677734375,343.20001220703125,343.3349914550781,343.3349914550781,1933.0
2025-11-19T18:02:00Z,343.30499267578125,343.54998779296875,343.29998779296875,343.5050048828125,343.5050048828125,1600.0
2025-11-19T18:03:00Z,343.5199890136719,343.6099853515625,343.510009765625,343.510009765625,343.510009765625,1300.0
2025-11-19T18:04:00Z,343.4849853515625,343.57000732421875,343.2799987792969,343.4750061035156,343.4750061035156,3637.0
2025-11-19T18:05:00Z,343.4750061035156,343.4750061035156,343.3349914550781,343.3450012207031,343.3450012207031,3292.0
2025-11-19T18:06:00Z,343.45001220703125,343.4599914550781,343.1700134277344,343.25,343.25,2036.0
2025-11-19T18:07:00Z,343.2900085449219,343.3699035644531,343.1400146484375,343.25,343.25,6298.0
2025-11-19T18:08:00Z,343.1549987792969,343.3699951171875,343.1549987792969,343.3599853515625,343.3599853515625,1454.0
2025-11-19T18:09:00Z,343.3399963378906,343.4599914550781,343.2900085449219,343.42498779296875,343.42498779296875,2741.0
2025-11-19T18:10:00Z,343.42498779296875,343.5,343.2349853515625,343.5,343.5,2421.0
2025-11-19T18:11:00Z,343.4808044433594,343.6650085449219,343.3900146484375,343.6650085449219,343.6650085449219,1382.0
2025-11-19T18:12:00Z,343.489990234375,343.7300109863281,343.489990234375,343.7049865722656,343.7049865722656,1374.0
2025-11-19T18:13:00Z,343.78948974609375,343.8800048828125,343.6099853515625,343.6099853515625,343.6099853515625,4061.0
2025-11-19T18:14:00Z,343.635009765625,343.80999755859375,343.45001220703125,343.760009765625,343.760009765625,2947.0
2025-11-19T18:15:00Z,343.8900146484375,343.9798889160156,343.6075134277344,343.6075134277344,343.6075134277344,2665.0
2025-11-19T18:16:00Z,343.69000244140625,343.70001220703125,343.57000732421875,343.57000732421875,343.57000732421875,1832.0
2025-11-19T18:17:00Z,343.5450134277344,343.69000244140625,343.45001220703125,343.45001220703125,343.45001220703125,3285.0
2025-11-19T18:18:00Z,343.489990234375,343.6099853515625,343.489990234375,343.5299987792969,343.5299987792969,1768.0
2025-11-19T18:19:00Z,343.6300048828125,343.6400146484375,343.3900146484375,343.57501220703125,343.57501220703125,4839.0
2025-11-19T18:20:00Z,343.625,343.8500061035156,343.625,343.6499938964844,343.6499938964844,4112.0
2025-11-19T18:21:00Z,343.7550048828125,344.26251220703125,343.7550048828125,344.26251220703125,344.26251220703125,2043.0
2025-11-19T18:22:00Z,344.2850036621094,344.2850036621094,344.2850036621094,344.2850036621094,344.2850036621094,219.0
2025-11-19T18:23:00Z,344.28851318359375,344.28851318359375,343.9200134277344,343.989990234375,343.989990234375,3113.0
2025-11-19T18:24:00Z,344.0400085449219,344.07501220703125,344.0400085449219,344.07501220703125,344.07501220703125,780.0
2025-11-19T18:25:00Z,344.2099914550781,344.3399963378906,344.0899963378906,344.2900085449219,344.2900085449219,1573.0
2025-11-19T18:26:00Z,344.17999267578125,344.2650146484375,343.7799987792969,343.8299865722656,343.8299865722656,6288.0
2025-11-19T18:27:00Z,343.7300109863281,343.7799987792969,343.5799865722656,343.5799865722656,343.5799865722656,1063.0
2025-11-19T18:28:00Z,343.70001220703125,343.8551025390625,343.70001220703125,343.78509521484375,343.78509521484375,1107.0
2025-11-19T18:29:00Z,343.739990234375,343.739990234375,343.739990234375,343.739990234375,343.739990234375,639.0
2025-11-19T18:30:00Z,343.6600036621094,343.95001220703125,343.54998779296875,343.9150085449219,343.9150085449219,3187.0
2025-11-19T18:31:00Z,343.94500732421875,343.9562072753906,343.94500732421875,343.95001220703125,343.95001220703125,1524.0
2025-11-19T18:32:00Z,344.0899963378906,344.1400146484375,343.8900146484375,343.9825134277344,343.9825134277344,4254.0
2025-11-19T18:33:00Z,343.989990234375,343.989990234375,343.8399963378906,343.8949890136719,343.8949890136719,2536.0
2025-11-19T18:34:00Z,343.8500061035156,344.1199951171875,343.8399963378906,344.1199951171875,344.1199951171875,2286.0
2025-11-19T18:35:00Z,344.17999267578125,344.3500061035156,343.95379638671875,344.3500061035156,344.3500061035156,3011.0
2025-11-19T18:36:00Z,344.4599914550781,344.5799865722656,344.3299865722656,344.5799865722656,344.5799865722656,2125.0
2025-11-19T18:37:00Z,344.5799865722656,344.7900085449219,344.4599914550781,344.5199890136719,344.5199890136719,5946.0
2025-11-19T18:38:00Z,344.55999755859375,345.0,344.4100036621094,344.635009765625,344.635009765625,5098.0
2025-11-19T18:39:00Z,344.55999755859375,344.57000732421875,344.4049987792969,344.4049987792969,344.4049987792969,2120.0
2025-11-19T18:40:00Z,344.3299865722656,344.5849914550781,344.3299865722656,344.3999938964844,344.3999938964844,2380.0
2025-11-19T18:41:00Z,344.5,344.5,344.04998779296875,344.114990234375,344.114990234375,3994.0
2025-11-19T18:42:00Z,344.1600036621094,344.1600036621094,343.9049987792969,343.9049987792969,343.9049987792969,1933.0
2025-11-19T18:43:00Z,343.8800048828125,343.8900146484375,343.6400146484375,343.6400146484375,343.6400146484375,3205.0
2025-11-19T18:44:00Z,343.5209045410156,343.79998779296875,343.5209045410156,343.7250061035156,343.7250061035156,5186.0
2025-11-19T18:45:00Z,343.7250061035156,343.7300109863281,343.5700988769531,343.7300109863281,343.7300109863281,1264.0
2025-11-19T18:46:00Z,343.7099914550781,343.7099914550781,343.4903869628906,343.6319885253906,343.6319885253906,2230.0
2025-11-19T18:47:00Z,343.6099853515625,343.7699890136719,343.45001220703125,343.6000061035156,343.6000061035156,2292.0
2025-11-19T18:48:00Z,343.5851135253906,343.5874938964844,343.4049987792969,343.40509033203125,343.40509033203125,2130.0
2025-11-19T18:49:00Z,343.2699890136719,343.3900146484375,343.239990234375,343.3900146484375,343.3900146484375,1539.0
2025-11-19T18:50:00Z,343.5050048828125,343.8500061035156,343.5050048828125,343.79998779296875,343.79998779296875,2113.0
2025-11-19T18:51:00Z,343.80499267578125,343.9800109863281,343.7900085449219,343.9800109863281,343.9800109863281,1874.0
2025-11-19T18:52:00Z,344.0150146484375,344.04998779296875,343.9100036621094,344.04998779296875,344.04998779296875,736.0
2025-11-19T18:53:00Z,344.0799865722656,344.17999267578125,343.93499755859375,344.06500244140625,344.06500244140625,3453.0
2025-11-19T18:54:00Z,344.06500244140625,344.2099914550781,344.06500244140625,344.2099914550781,344.2099914550781,739.0
2025-11-19T18:55:00Z,344.07000732421875,344.260009765625,344.05999755859375,344.1499938964844,344.1499938964844,3521.0
2025-11-19T18:56:00Z,344.1499938964844,344.3599853515625,344.1499938964844,344.30999755859375,344.30999755859375,2262.0
2025-11-19T18:57:00Z,344.3900146484375,344.5,344.30999755859375,344.30999755859375,344.30999755859375,2678.0
2025-11-19T18:58:00Z,344.2200012207031,344.2950134277344,344.2200012207031,344.2950134277344,344.2950134277344,676.0
2025-11-19T18:59:00Z,344.2300109863281,344.2449951171875,344.0899963378906,344.0899963378906,344.0899963378906,2683.0
2025-11-19T19:00:00Z,344.2099914550781,344.2099914550781,343.7699890136719,343.8900146484375,343.8900146484375,3137.0
2025-11-19T19:01:00Z,343.8999938964844,344.0400085449219,343.7900085449219,344.010009765625,344.010009765625,2085.0
2025-11-19T19:02:00Z,344.05999755859375,344.114990234375,344.010009765625,344.114990234375,344.114990234375,2515.0
2025-11-19T19:03:00Z,344.114990234375,344.1300048828125,344.114990234375,344.1300048828125,344.1300048828125,678.0
2025-11-19T19:04:00Z,344.1099853515625,344.1099853515625,344.010009765625,344.07000732421875,344.07000732421875,1524.0
2025-11-19T19:05:00Z,344.07000732421875,344.17999267578125,344.010009765625,344.1675109863281,344.1675109863281,2212.0
2025-11-19T19:06:00Z,344.1925048828125,344.1925048828125,343.95001220703125,344.0299987792969,344.0299987792969,2043.0
2025-11-19T19:07:00Z,343.9549865722656,343.9549865722656,343.55999755859375,343.55999755859375,343.55999755859375,2744.0
2025-11-19T19:08:00Z,343.67498779296875,343.67498779296875,343.5400085449219,343.6499938964844,343.6499938964844,525.0
2025-11-19T19:09:00Z,343.5899963378906,343.7699890136719,343.510009765625,343.510009765625,343.510009765625,2508.0
2025-11-19T19:10:00Z,343.6199951171875,343.6199951171875,343.3599853515625,343.4200134277344,343.4200134277344,2934.0
2025-11-19T19:11:00Z,343.4700012207031,343.57989501953125,343.3399963378906,343.57989501953125,343.57989501953125,607.0
2025-11-19T19:12:00Z,343.3399963378906,343.4903869628906,343.110107421875,343.215087890625,343.215087890625,2165.0
2025-11-19T19:13:00Z,343.3800048828125,343.4490966796875,343.20001220703125,343.2699890136719,343.2699890136719,3217.0
2025-11-19T19:14:00Z,343.3500061035156,343.5299987792969,343.30999755859375,343.4200134277344,343.4200134277344,1354.0
2025-11-19T19:15:00Z,343.5400085449219,343.5400085449219,343.0539855957031,343.0539855957031,343.0539855957031,3834.0
2025-11-19T19:16:00Z,343.2349853515625,343.2349853515625,343.2349853515625,343.2349853515625,343.2349853515625,204.0
2025-11-19T19:17:00Z,343.05999755859375,343.05999755859375,342.864990234375,342.9800109863281,342.9800109863281,2186.0
2025-11-19T19:18:00Z,343.0899963378906,343.1000061035156,342.8949890136719,343.0350036621094,343.0350036621094,2343.0
2025-11-19T19:19:00Z,342.9200134277344,343.0,342.7850036621094,342.9150085449219,342.9150085449219,2909.0
2025-11-19T19:20:00Z,342.78009033203125,342.95001220703125,342.7799987792969,342.95001220703125,342.95001220703125,2023.0
2025-11-19T19:21:00Z,342.989990234375,343.1050109863281,342.989990234375,343.0270080566406,343.0270080566406,1856.0
2025-11-19T19:22:00Z,343.0199890136719,343.0199890136719,342.80499267578125,342.80499267578125,342.80499267578125,2820.0
2025-11-19T19:23:00Z,342.79998779296875,342.8699951171875,342.6719970703125,342.8699951171875,342.8699951171875,1184.0
2025-11-19T19:24:00Z,342.7950134277344,342.8900146484375,342.7900085449219,342.7900085449219,342.7900085449219,1280.0
2025-11-19T19:25:00Z,342.79998779296875,342.79998779296875,342.44000244140625,342.44000244140625,342.44000244140625,4924.0
2025-11-19T19:26:00Z,342.3299865722656,342.3699951171875,341.8580017089844,341.9119873046875,341.9119873046875,4419.0
2025-11-19T19:27:00Z,342.0199890136719,342.07000732421875,341.8500061035156,341.8599853515625,341.8599853515625,1630.0
2025-11-19T19:28:00Z,341.9849853515625,342.2099914550781,341.9849853515625,342.168212890625,342.168212890625,950.0
2025-11-19T19:29:00Z,342.19500732421875,342.19500732421875,341.9800109863281,342.05999755859375,342.05999755859375,1954.0
2025-11-19T19:30:00Z,342.1300048828125,342.57000732421875,342.1300048828125,342.423095703125,342.423095703125,1838.0
2025-11-19T19:31:00Z,342.4200134277344,342.4200134277344,342.0299987792969,342.0450134277344,342.0450134277344,4276.0
2025-11-19T19:32:00Z,342.0779113769531,342.18499755859375,341.9599914550781,342.0799865722656,342.0799865722656,4703.0
2025-11-19T19:33:00Z,342.0299987792969,342.1300048828125,341.9700012207031,342.1300048828125,342.1300048828125,2135.0
2025-11-19T19:34:00Z,342.1400146484375,342.3399963378906,342.1400146484375,342.2200012207031,342.2200012207031,2126.0
2025-11-19T19:35:00Z,342.29998779296875,342.489990234375,342.29998779296875,342.44500732421875,342.44500732421875,1360.0
2025-11-19T19:36:00Z,342.44500732421875,342.44500732421875,342.25,342.25,342.25,2600.0
2025-11-19T19:37:00Z,342.2900085449219,342.5498962402344,342.1347961425781,342.19000244140625,342.19000244140625,2289.0
2025-11-19T19:38:00Z,342.2300109863281,342.2699890136719,342.1300048828125,342.1499938964844,342.1499938964844,1696.0
2025-11-19T19:39:00Z,342.29998779296875,342.3550109863281,342.1499938964844,342.2149963378906,342.2149963378906,1632.0
2025-11-19T19:40:00Z,342.2149963378906,342.4100036621094,342.1099853515625,342.3399963378906,342.3399963378906,2575.0
2025-11-19T19:41:00Z,342.3399963378906,342.3399963378906,342.1400146484375,342.19000244140625,342.19000244140625,2271.0
2025-11-19T19:42:00Z,342.260009765625,342.4100036621094,342.0899963378906,342.0899963378906,342.0899963378906,3076.0
2025-11-19T19:43:00Z,342.1499938964844,342.2900085449219,342.1199951171875,342.2200012207031,342.2200012207031,3323.0
2025-11-19T19:44:00Z,342.2349853515625,342.3699951171875,342.1600036621094,342.17999267578125,342.17999267578125,2959.0
2025-11-19T19:45:00Z,342.3399963378906,342.5299987792969,342.2699890136719,342.4949951171875,342.4949951171875,1952.0
2025-11-19T19:46:00Z,342.489990234375,342.489990234375,342.2349853515625,342.2349853515625,342.2349853515625,2217.0
2025-11-19T19:47:00Z,342.2349853515625,342.4599914550781,342.1099853515625,342.1099853515625,342.1099853515625,2071.0
2025-11-19T19:48:00Z,342.29998779296875,342.3500061035156,342.2225036621094,342.3500061035156,342.3500061035156,656.0
2025-11-19T19:49:00Z,342.3399963378906,342.4700012207031,342.17999267578125,342.4700012207031,342.4700012207031,2816.0
2025-11-19T19:50:00Z,342.57000732421875,342.80999755859375,342.55999755859375,342.80999755859375,342.80999755859375,2140.0
2025-11-19T19:51:00Z,342.82501220703125,342.9599914550781,342.75,342.8699951171875,342.8699951171875,2854.0
2025-11-19T19:52:00Z,342.7799987792969,342.9100036621094,342.614990234375,342.82501220703125,342.82501220703125,3427.0
2025-11-19T19:53:00Z,342.82501220703125,342.989990234375,342.82501220703125,342.989990234375,342.989990234375,1186.0
2025-11-19T19:54:00Z,342.9549865722656,343.3399963378906,342.9549865722656,343.19000244140625,343.19000244140625,1445.0
2025-11-19T19:55:00Z,343.489990234375,343.92999267578125,343.4849853515625,343.6300048828125,343.6300048828125,2419.0
2025-11-19T19:56:00Z,343.5450134277344,343.6499938964844,343.3800048828125,343.6400146484375,343.6400146484375,2817.0
2025-11-19T19:57:00Z,343.57000732421875,343.57000732421875,343.2349853515625,343.2799987792969,343.2799987792969,1370.0
2025-11-19T19:58:00Z,343.4100036621094,343.45001220703125,343.1700134277344,343.1700134277344,343.1700134277344,2077.0
2025-11-19T19:59:00Z,343.1700134277344,343.3699951171875,343.1300048828125,343.3699951171875,343.3699951171875,1603.0
2025-11-19T20:00:00Z,343.3699951171875,343.6300048828125,343.3699951171875,343.5,343.5,1785.0
2025-11-19T20:01:00Z,343.44000244140625,343.8299865722656,343.44000244140625,343.8299865722656,343.8299865722656,1808.0
2025-11-19T20:02:00Z,343.7300109863281,343.7300109863281,343.239990234375,343.375,343.375,6078.0
2025-11-19T20:03:00Z,343.375,343.4750061035156,343.3328857421875,343.4200134277344,343.4200134277344,7944.0
2025-11-19T20:04:00Z,343.3699951171875,343.5199890136719,343.3699951171875,343.5199890136719,343.5199890136719,1838.0
2025-11-19T20:05:00Z,343.44000244140625,343.4599914550781,343.2799987792969,343.4200134277344,343.4200134277344,3493.0
2025-11-19T20:06:00Z,343.4200134277344,343.6499938964844,343.4200134277344,343.56500244140625,343.56500244140625,2153.0
2025-11-19T20:07:00Z,343.6300048828125,343.6300048828125,343.42498779296875,343.4599914550781,343.4599914550781,2644.0
2025-11-19T20:08:00Z,343.4100036621094,343.4800109863281,343.4100036621094,343.44000244140625,343.44000244140625,3868.0
2025-11-19T20:09:00Z,343.44000244140625,343.44000244140625,343.3599853515625,343.3599853515625,343.3599853515625,1858.0
2025-11-19T20:10:00Z,343.3999938964844,343.5,343.30999755859375,343.5,343.5,1551.0
2025-11-19T20:11:00Z,343.510009765625,343.57000732421875,343.4100036621094,343.4750061035156,343.4750061035156,1631.0
2025-11-19T20:12:00Z,343.510009765625,343.5350036621094,343.4599914550781,343.5199890136719,343.5199890136719,1657.0
2025-11-19T20:13:00Z,343.5325012207031,343.5400085449219,343.3699951171875,343.5150146484375,343.5150146484375,3304.0
2025-11-19T20:14:00Z,343.5899963378906,343.74371337890625,343.5350036621094,343.5899963378906,343.5899963378906,2983.0
2025-11-19T20:15:00Z,343.6499938964844,343.70001220703125,343.5899963378906,343.6400146484375,343.6400146484375,1748.0
2025-11-19T20:16:00Z,343.6499938964844,343.92999267578125,343.6499938964844,343.8999938964844,343.8999938964844,4301.0
2025-11-19T20:17:00Z,343.8800048828125,343.92999267578125,343.8070068359375,343.9005126953125,343.9005126953125,2652.0
2025-11-19T20:18:00Z,343.94000244140625,344.29998779296875,343.94000244140625,344.2699890136719,344.2699890136719,6449.0
2025-11-19T20:19:00Z,344.3399963378906,344.45001220703125,344.2900085449219,344.3800048828125,344.3800048828125,5790.0
2025-11-19T20:20:00Z,344.45001220703125,344.6199951171875,344.45001220703125,344.5249938964844,344.5249938964844,4629.0
2025-11-19T20:21:00Z,344.55499267578125,344.6199951171875,344.3500061035156,344.3999938964844,344.3999938964844,3139.0
2025-11-19T20:22:00Z,344.3999938964844,344.4200134277344,344.1099853515625,344.1099853515625,344.1099853515625,4860.0
2025-11-19T20:23:00Z,344.1700134277344,344.17498779296875,343.8399963378906,343.8500061035156,343.8500061035156,6659.0
2025-11-19T20:24:00Z,343.8550109863281,344.114990234375,343.82000732421875,343.9750061035156,343.9750061035156,3740.0
2025-11-19T20:25:00Z,343.9700012207031,343.9700012207031,343.7900085449219,343.82000732421875,343.82000732421875,5059.0
2025-11-19T20:26:00Z,343.94000244140625,343.95001220703125,343.80999755859375,343.80999755859375,343.80999755859375,1651.0
2025-11-19T20:27:00Z,343.8800048828125,344.0400085449219,343.8800048828125,343.97930908203125,343.97930908203125,3356.0
2025-11-19T20:28:00Z,344.0199890136719,344.135009765625,344.0199890136719,344.125,344.125,2255.0
2025-11-19T20:29:00Z,344.0813903808594,344.19000244140625,343.989990234375,344.0050048828125,344.0050048828125,4620.0
2025-11-19T20:30:00Z,343.989990234375,344.1400146484375,343.69000244140625,343.7850036621094,343.7850036621094,10060.0
2025-11-19T20:31:00Z,343.75750732421875,344.0199890136719,343.7066955566406,343.8949890136719,343.8949890136719,4211.0
2025-11-19T20:32:00Z,343.8399963378906,344.0299987792969,343.76800537109375,344.0199890136719,344.0199890136719,3639.0
2025-11-19T20:33:00Z,344.0199890136719,344.2300109863281,343.9656066894531,344.1252136230469,344.1252136230469,7938.0
2025-11-19T20:34:00Z,344.1499938964844,344.17498779296875,344.010009765625,344.1099853515625,344.1099853515625,5184.0
2025-11-19T20:35:00Z,344.20001220703125,344.32000732421875,344.20001220703125,344.2821960449219,344.2821960449219,7523.0
2025-11-19T20:36:00Z,344.2749938964844,344.42999267578125,344.2200012207031,344.42999267578125,344.42999267578125,3530.0
2025-11-19T20:37:00Z,344.32000732421875,344.739990234375,344.260009765625,344.739990234375,344.739990234375,8989.0
2025-11-19T20:38:00Z,344.7900085449219,344.95001220703125,344.70098876953125,344.7449951171875,344.7449951171875,3940.0
2025-11-19T20:39:00Z,344.7300109863281,344.8866882324219,344.4599914550781,344.6099853515625,344.6099853515625,7036.0
2025-11-19T20:40:00Z,344.54998779296875,344.55999755859375,344.1499938964844,344.1499938964844,344.1499938964844,6381.0
2025-11-19T20:41:00Z,344.260009765625,344.2925109863281,344.1499938964844,344.2925109863281,344.2925109863281,2112.0
2025-11-19T20:42:00Z,344.2950134277344,344.4100036621094,344.19000244140625,344.2099914550781,344.2099914550781,4772.0
2025-11-19T20:43:00Z,344.2200012207031,344.3599853515625,344.1600036621094,344.32000732421875,344.32000732421875,3509.0
2025-11-19T20:44:00Z,344.3299865722656,344.55999755859375,344.3299865722656,344.5350036621094,344.5350036621094,6004.0
2025-11-19T20:45:00Z,344.5199890136719,344.5199890136719,344.32000732421875,344.3800048828125,344.3800048828125,5893.0
2025-11-19T20:46:00Z,344.30999755859375,344.30999755859375,344.05999755859375,344.1449890136719,344.1449890136719,4389.0
2025-11-19T20:47:00Z,344.17498779296875,344.2749938964844,344.0799865722656,344.17999267578125,344.17999267578125,5225.0
2025-11-19T20:48:00Z,344.1650085449219,344.3999938964844,344.1600036621094,344.32000732421875,344.32000732421875,4905.0
2025-11-19T20:49:00Z,344.260009765625,344.32989501953125,344.0610046386719,344.1400146484375,344.1400146484375,8189.0
2025-11-19T20:50:00Z,344.07000732421875,344.8349914550781,344.07000732421875,344.69500732421875,344.69500732421875,9251.0
2025-11-19T20:51:00Z,344.7200012207031,345.1700134277344,344.7200012207031,345.1700134277344,345.1700134277344,6540.0
2025-11-19T20:52:00Z,345.18499755859375,345.2099914550781,345.0,345.0350036621094,345.0350036621094,8421.0
2025-11-19T20:53:00Z,345.05999755859375,345.1400146484375,344.9200134277344,345.05999755859375,345.05999755859375,10562.0
2025-11-19T20:54:00Z,345.0350036621094,345.19000244140625,344.9100036621094,345.1050109863281,345.1050109863281,9807.0
2025-11-19T20:55:00Z,345.0400085449219,345.32000732421875,345.03009033203125,345.05999755859375,345.05999755859375,14318.0
2025-11-19T20:56:00Z,345.0799865722656,345.0799865722656,344.80999755859375,344.80999755859375,344.80999755859375,17344.0
2025-11-19T20:57:00Z,344.8900146484375,344.9700012207031,344.6400146484375,344.7749938964844,344.7749938964844,19576.0
2025-11-19T20:58:00Z,344.82000732421875,344.9200134277344,344.6199951171875,344.75,344.75,26613.0
2025-11-19T20:59:00Z,344.7699890136719,344.8699951171875,344.5400085449219,344.79998779296875,344.79998779296875,52731.0
2025-11-20T14:32:00Z,350.75,350.79998779296875,350.75,350.79998779296875,350.79998779296875,340.0
2025-11-20T14:33:00Z,351.0,351.0,350.5899963378906,350.5899963378906,350.5899963378906,877.0
2025-11-20T14:34:00Z,351.3299865722656,351.45001220703125,350.67498779296875,350.67498779296875,350.67498779296875,617.0
2025-11-20T14:35:00Z,350.67498779296875,352.3900146484375,350.239990234375,351.6499938964844,351.6499938964844,57676.0
2025-11-20T14:36:00Z,351.7200012207031,352.5899963378906,351.20001220703125,352.55999755859375,352.55999755859375,8255.0
2025-11-20T14:37:00Z,352.3399963378906,352.7099914550781,352.1499938964844,352.6600036621094,352.6600036621094,9246.0
2025-11-20T14:38:00Z,352.6199951171875,352.79998779296875,351.45001220703125,351.7699890136719,351.7699890136719,9269.0
2025-11-20T14:39:00Z,351.80999755859375,352.0799865722656,351.5226135253906,351.7200012207031,351.7200012207031,8848.0
2025-11-20T14:40:00Z,351.9649963378906,352.32000732421875,351.8399963378906,352.239990234375,352.239990234375,6121.0
2025-11-20T14:41:00Z,352.239990234375,352.30999755859375,352.010009765625,352.30999755859375,352.30999755859375,4502.0
2025-11-20T14:42:00Z,352.30999755859375,352.8900146484375,352.30999755859375,352.5899963378906,352.5899963378906,8740.0
2025-11-20T14:43:00Z,352.68499755859375,352.94000244140625,352.3999938964844,352.5899963378906,352.5899963378906,7452.0
2025-11-20T14:44:00Z,352.5849914550781,352.6000061035156,351.739990234375,351.7799987792969,351.7799987792969,8392.0
2025-11-20T14:45:00Z,351.67999267578125,351.67999267578125,351.3800048828125,351.5,351.5,9927.0
2025-11-20T14:46:00Z,351.4100036621094,351.67999267578125,351.2099914550781,351.67999267578125,351.67999267578125,10124.0
2025-11-20T14:47:00Z,351.69000244140625,352.1000061035156,351.5899963378906,351.7650146484375,351.7650146484375,19946.0
2025-11-20T14:48:00Z,351.7300109863281,352.42999267578125,351.57000732421875,352.20001220703125,352.20001220703125,11959.0
2025-11-20T14:49:00Z,352.25,352.55999755859375,351.3500061035156,351.42999267578125,351.42999267578125,7469.0
2025-11-20T14:50:00Z,351.2799987792969,351.3550109863281,351.0,351.1400146484375,351.1400146484375,9580.0
2025-11-20T14:51:00Z,351.2149963378906,351.3999938964844,350.3800048828125,350.4024963378906,350.4024963378906,5410.0
2025-11-20T14:52:00Z,350.6499938964844,350.8299865722656,350.38250732421875,350.8299865722656,350.8299865722656,2272.0
2025-11-20T14:53:00Z,350.75,351.0,350.4209899902344,350.69000244140625,350.69000244140625,11696.0
2025-11-20T14:54:00Z,350.760009765625,350.7810974121094,350.3550109863281,350.3550109863281,350.3550109863281,4835.0
2025-11-20T14:55:00Z,350.4800109863281,350.489990234375,350.0,350.4200134277344,350.4200134277344,6305.0
2025-11-20T14:56:00Z,350.4800109863281,350.4800109863281,349.831787109375,350.0350036621094,350.0350036621094,4557.0
2025-11-20T14:57:00Z,350.0799865722656,350.45001220703125,349.989990234375,350.2699890136719,350.2699890136719,5057.0
2025-11-20T14:58:00Z,350.3900146484375,351.2998962402344,350.2799987792969,351.2998962402344,351.2998962402344,3209.0
2025-11-20T14:59:00Z,351.2799987792969,351.6650085449219,351.2099914550781,351.3599853515625,351.3599853515625,5598.0
2025-11-20T15:00:00Z,351.4949951171875,352.0199890136719,351.3800048828125,351.614013671875,351.614013671875,9906.0
2025-11-20T15:01:00Z,351.55999755859375,351.79998779296875,351.4949951171875,351.6400146484375,351.6400146484375,1601.0
2025-11-20T15:02:00Z,351.6400146484375,351.8999938964844,351.55999755859375,351.79998779296875,351.79998779296875,4947.0
2025-11-20T15:03:00Z,352.0,352.1400146484375,351.7445983886719,352.1400146484375,352.1400146484375,4456.0
2025-11-20T15:04:00Z,352.1499938964844,352.4649963378906,352.0325012207031,352.239990234375,352.239990234375,5955.0
2025-11-20T15:05:00Z,352.1400146484375,352.1400146484375,351.54998779296875,351.66009521484375,351.66009521484375,6794.0
2025-11-20T15:06:00Z,351.8099060058594,351.8099060058594,351.29998779296875,351.42999267578125,351.42999267578125,2584.0
2025-11-20T15:07:00Z,351.2900085449219,351.3399963378906,350.8500061035156,350.8500061035156,350.8500061035156,4344.0
2025-11-20T15:08:00Z,350.8450012207031,350.87451171875,350.29998779296875,350.30999755859375,350.30999755859375,2300.0
2025-11-20T15:09:00Z,350.5,350.57879638671875,350.19500732421875,350.19500732421875,350.19500732421875,2704.0
2025-11-20T15:10:00Z,350.1449890136719,350.614990234375,350.1449890136719,350.4800109863281,350.4800109863281,4243.0
2025-11-20T15:11:00Z,350.55999755859375,351.2019958496094,350.55999755859375,351.2019958496094,351.2019958496094,3604.0
2025-11-20T15:12:00Z,351.07000732421875,351.3699951171875,350.9549865722656,351.18499755859375,351.18499755859375,4184.0
2025-11-20T15:13:00Z,351.17498779296875,351.3800048828125,351.0,351.3299865722656,351.3299865722656,15668.0
2025-11-20T15:14:00Z,351.2099914550781,351.3299865722656,350.5299987792969,350.7200012207031,350.7200012207031,4727.0
2025-11-20T15:15:00Z,350.82000732421875,350.8500061035156,350.57000732421875,350.63641357421875,350.63641357421875,4026.0
2025-11-20T15:16:00Z,350.9200134277344,351.1499938964844,350.6499938964844,350.82000732421875,350.82000732421875,4843.0
2025-11-20T15:17:00Z,350.6600036621094,351.17999267578125,350.6499938964844,351.1199951171875,351.1199951171875,5713.0
2025-11-20T15:18:00Z,351.1600036621094,351.5899963378906,351.07000732421875,351.5849914550781,351.5849914550781,3597.0
2025-11-20T15:19:00Z,351.5849914550781,351.69000244140625,351.3900146484375,351.69000244140625,351.69000244140625,4828.0
2025-11-20T15:20:00Z,351.69000244140625,351.9100036621094,351.6700134277344,351.70001220703125,351.70001220703125,4851.0
2025-11-20T15:21:00Z,351.7900085449219,352.0,351.70001220703125,351.8999938964844,351.8999938964844,6441.0
2025-11-20T15:22:00Z,351.9599914550781,352.3500061035156,351.9100036621094,352.3500061035156,352.3500061035156,6664.0
2025-11-20T15:23:00Z,352.42999267578125,352.82000732421875,352.3800048828125,352.7099914550781,352.7099914550781,3036.0
2025-11-20T15:24:00Z,352.6099853515625,352.95989990234375,352.5,352.8999938964844,352.8999938964844,2917.0
2025-11-20T15:25:00Z,352.8924865722656,352.8924865722656,352.5899963378906,352.7900085449219,352.7900085449219,2958.0
2025-11-20T15:26:00Z,352.75,353.07000732421875,352.75,352.94500732421875,352.94500732421875,5467.0
2025-11-20T15:27:00Z,352.80999755859375,352.8599853515625,352.4200134277344,352.6400146484375,352.6400146484375,6425.0
2025-11-20T15:28:00Z,352.70001220703125,352.760009765625,352.5824890136719,352.7049865722656,352.7049865722656,2829.0
2025-11-20T15:29:00Z,352.6400146484375,352.94000244140625,352.6400146484375,352.868896484375,352.868896484375,2378.0
2025-11-20T15:30:00Z,352.9700012207031,353.13330078125,352.67999267578125,352.8599853515625,352.8599853515625,3946.0
2025-11-20T15:31:00Z,352.6700134277344,352.94000244140625,352.6400146484375,352.94000244140625,352.94000244140625,2355.0
2025-11-20T15:32:00Z,353.0899963378906,353.0899963378906,352.80999755859375,352.92999267578125,352.92999267578125,2468.0
2025-11-20T15:33:00Z,352.8299865722656,352.8299865722656,352.3699951171875,352.7799987792969,352.7799987792969,6539.0
2025-11-20T15:34:00Z,352.54998779296875,352.8699951171875,352.3900146484375,352.45001220703125,352.45001220703125,2434.0
2025-11-20T15:35:00Z,352.45001220703125,352.70001220703125,352.45001220703125,352.5899963378906,352.5899963378906,3992.0
2025-11-20T15:36:00Z,352.69000244140625,352.9100036621094,352.510009765625,352.7850036621094,352.7850036621094,4167.0
2025-11-20T15:37:00Z,352.875,353.0,352.7650146484375,352.8999938964844,352.8999938964844,3217.0
2025-11-20T15:38:00Z,352.8599853515625,352.8599853515625,352.5799865722656,352.67999267578125,352.67999267578125,4096.0
2025-11-20T15:39:00Z,352.67999267578125,352.739990234375,352.5,352.739990234375,352.739990234375,3298.0
2025-11-20T15:40:00Z,352.8479919433594,352.8479919433594,352.6199951171875,352.7174987792969,352.7174987792969,1677.0
2025-11-20T15:41:00Z,352.69000244140625,352.69000244140625,352.30999755859375,352.30999755859375,352.30999755859375,2884.0
2025-11-20T15:42:00Z,352.32501220703125,352.32501220703125,352.2200012207031,352.239990234375,352.239990234375,3602.0
2025-11-20T15:43:00Z,352.19000244140625,352.5,352.1400146484375,352.1400146484375,352.1400146484375,6923.0
2025-11-20T15:44:00Z,352.2359924316406,352.2359924316406,352.0899963378906,352.0899963378906,352.0899963378906,1003.0
2025-11-20T15:45:00Z,352.1449890136719,352.3800048828125,352.05999755859375,352.2799987792969,352.2799987792969,1228.0
2025-11-20T15:46:00Z,352.2900085449219,352.42999267578125,352.0899963378906,352.2149963378906,352.2149963378906,3903.0
2025-11-20T15:47:00Z,352.1600036621094,352.17999267578125,352.05999755859375,352.0849914550781,352.0849914550781,1738.0
2025-11-20T15:48:00Z,352.0899963378906,352.0899963378906,351.510009765625,351.7900085449219,351.7900085449219,4603.0
2025-11-20T15:49:00Z,351.8699951171875,351.93499755859375,351.7467956542969,351.8699951171875,351.8699951171875,2293.0
2025-11-20T15:50:00Z,351.8699951171875,352.0799865722656,351.75,352.0799865722656,352.0799865722656,2911.0
2025-11-20T15:51:00Z,352.04998779296875,352.1099853515625,351.80999755859375,352.1000061035156,352.1000061035156,5825.0
2025-11-20T15:52:00Z,352.1000061035156,352.1000061035156,351.7300109863281,351.8822937011719,351.8822937011719,15173.0
2025-11-20T15:53:00Z,351.7740478515625,351.7740478515625,351.2300109863281,351.2749938964844,351.2749938964844,2448.0
2025-11-20T15:54:00Z,351.29998779296875,351.38519287109375,351.0299987792969,351.0299987792969,351.0299987792969,1946.0
2025-11-20T15:55:00Z,351.1050109863281,351.20001220703125,350.82501220703125,350.9100036621094,350.9100036621094,8157.0
2025-11-20T15:56:00Z,351.0400085449219,351.30999755859375,350.7550048828125,350.9700012207031,350.9700012207031,9741.0
2025-11-20T15:57:00Z,350.875,351.21990966796875,350.7699890136719,350.9700012207031,350.9700012207031,4599.0
2025-11-20T15:58:00Z,350.8500061035156,350.9198913574219,350.6600036621094,350.739990234375,350.739990234375,3553.0
2025-11-20T15:59:00Z,350.739990234375,350.739990234375,350.239990234375,350.3450012207031,350.3450012207031,3379.0
2025-11-20T16:00:00Z,350.239990234375,350.6600036621094,350.239990234375,350.6400146484375,350.6400146484375,4671.0
2025-11-20T16:01:00Z,350.7900085449219,350.7900085449219,350.07000732421875,350.07000732421875,350.07000732421875,5159.0
2025-11-20T16:02:00Z,350.04998779296875,350.19000244140625,349.9599914550781,350.19000244140625,350.19000244140625,3024.0
2025-11-20T16:03:00Z,350.19000244140625,350.3500061035156,350.17999267578125,350.2900085449219,350.2900085449219,2427.0
2025-11-20T16:04:00Z,350.19000244140625,350.32000732421875,350.07000732421875,350.32000732421875,350.32000732421875,3588.0
2025-11-20T16:05:00Z,350.20001220703125,350.3500061035156,350.1099853515625,350.2300109863281,350.2300109863281,3052.0
2025-11-20T16:06:00Z,350.3550109863281,350.6171875,350.2900085449219,350.3399963378906,350.3399963378906,5101.0
2025-11-20T16:07:00Z,350.4100036621094,350.4209899902344,350.2099914550781,350.2099914550781,350.2099914550781,5472.0
2025-11-20T16:08:00Z,350.2699890136719,350.2699890136719,350.0400085449219,350.19500732421875,350.19500732421875,9387.0
2025-11-20T16:09:00Z,350.20550537109375,350.20550537109375,349.6499938964844,349.7349853515625,349.7349853515625,4064.0
2025-11-20T16:10:00Z,349.7349853515625,349.82000732421875,349.6499938964844,349.82000732421875,349.82000732421875,2991.0
2025-11-20T16:11:00Z,349.7699890136719,349.80999755859375,349.6415100097656,349.70001220703125,349.70001220703125,3457.0
2025-11-20T16:12:00Z,349.9299011230469,349.9299011230469,349.42999267578125,349.44000244140625,349.44000244140625,3224.0
2025-11-20T16:13:00Z,349.44000244140625,349.7650146484375,349.43499755859375,349.489990234375,349.489990234375,5464.0
2025-11-20T16:14:00Z,349.43499755859375,349.48809814453125,349.0400085449219,349.1650085449219,349.1650085449219,2559.0
2025-11-20T16:15:00Z,349.1549987792969,349.3399963378906,349.0,349.3399963378906,349.3399963378906,3120.0
2025-11-20T16:16:00Z,349.2200012207031,349.2200012207031,348.7799987792969,349.1499938964844,349.1499938964844,4681.0
2025-11-20T16:17:00Z,349.125,349.125,348.7799987792969,348.8900146484375,348.8900146484375,3762.0
2025-11-20T16:18:00Z,348.8900146484375,348.9049987792969,348.5400085449219,348.5400085449219,348.5400085449219,2526.0
2025-11-20T16:19:00Z,348.5400085449219,348.5400085449219,348.3399963378906,348.4700012207031,348.4700012207031,4108.0
2025-11-20T16:20:00Z,348.4700012207031,348.7349853515625,348.3200988769531,348.6099853515625,348.6099853515625,3763.0
2025-11-20T16:21:00Z,348.4200134277344,348.7699890136719,348.30999755859375,348.3200988769531,348.3200988769531,3636.0
2025-11-20T16:22:00Z,348.5450134277344,348.7200012207031,348.1199951171875,348.2349853515625,348.2349853515625,17447.0
2025-11-20T16:23:00Z,348.2650146484375,348.5867919921875,348.25,348.3299865722656,348.3299865722656,2964.0
2025-11-20T16:24:00Z,348.3900146484375,348.4100036621094,347.9200134277344,348.1400146484375,348.1400146484375,5682.0
2025-11-20T16:25:00Z,348.05999755859375,348.05999755859375,347.54998779296875,348.0,348.0,3988.0
2025-11-20T16:26:00Z,348.06500244140625,348.3299865722656,347.760009765625,347.9599914550781,347.9599914550781,4511.0
2025-11-20T16:27:00Z,347.8900146484375,348.6499938964844,347.8900146484375,348.4960021972656,348.4960021972656,5645.0
2025-11-20T16:28:00Z,348.5,348.92999267578125,348.3900146484375,348.6400146484375,348.6400146484375,5571.0
2025-11-20T16:29:00Z,348.5899963378906,348.6000061035156,348.04998779296875,348.04998779296875,348.04998779296875,3145.0
2025-11-20T16:30:00Z,348.04998779296875,348.2300109863281,348.0050048828125,348.2300109863281,348.2300109863281,3293.0
2025-11-20T16:31:00Z,348.04998779296875,348.04998779296875,347.3599853515625,347.9200134277344,347.9200134277344,9502.0
2025-11-20T16:32:00Z,347.94000244140625,347.9800109863281,347.3800048828125,347.510009765625,347.510009765625,5888.0
2025-11-20T16:33:00Z,347.44000244140625,347.70001220703125,347.44000244140625,347.6400146484375,347.6400146484375,2290.0
2025-11-20T16:34:00Z,347.70001220703125,347.70001220703125,347.2900085449219,347.489990234375,347.489990234375,2807.0
2025-11-20T16:35:00Z,347.48748779296875,347.4977111816406,347.1499938964844,347.3999938964844,347.3999938964844,2508.0
2025-11-20T16:36:00Z,347.3900146484375,347.4750061035156,347.25,347.3800048828125,347.3800048828125,1598.0
2025-11-20T16:37:00Z,347.3299865722656,347.489990234375,347.1700134277344,347.17999267578125,347.17999267578125,5414.0
2025-11-20T16:38:00Z,347.17999267578125,347.2699890136719,346.0899963378906,346.0899963378906,346.0899963378906,6978.0
2025-11-20T16:39:00Z,346.510009765625,347.114990234375,346.510009765625,346.8699951171875,346.8699951171875,3348.0
2025-11-20T16:40:00Z,346.7799987792969,346.95001220703125,346.5350036621094,346.7149963378906,346.7149963378906,2376.0
2025-11-20T16:41:00Z,346.7900085449219,347.0,346.6300048828125,346.7200012207031,346.7200012207031,1998.0
2025-11-20T16:42:00Z,346.7200012207031,346.92999267578125,346.45001220703125,346.45001220703125,346.45001220703125,9344.0
2025-11-20T16:43:00Z,346.5799865722656,347.0849914550781,346.5799865722656,346.94000244140625,346.94000244140625,4182.0
2025-11-20T16:44:00Z,346.92999267578125,347.0,346.29998779296875,346.43499755859375,346.43499755859375,2482.0
2025-11-20T16:45:00Z,346.6499938964844,346.6700134277344,346.2699890136719,346.54998779296875,346.54998779296875,2801.0
2025-11-20T16:46:00Z,346.6700134277344,346.6700134277344,346.25,346.25,346.25,2492.0
2025-11-20T16:47:00Z,346.1499938964844,346.64208984375,346.0,346.31500244140625,346.31500244140625,9680.0
2025-11-20T16:48:00Z,346.1199951171875,346.4504089355469,346.04998779296875,346.3949890136719,346.3949890136719,1589.0
2025-11-20T16:49:00Z,346.57000732421875,346.7200012207031,346.1099853515625,346.5226135253906,346.5226135253906,2089.0
2025-11-20T16:50:00Z,346.5599060058594,346.5599060058594,346.260009765625,346.4700012207031,346.4700012207031,1893.0
2025-11-20T16:51:00Z,346.32000732421875,346.7099914550781,346.1099853515625,346.67498779296875,346.67498779296875,5696.0
2025-11-20T16:52:00Z,346.739990234375,346.7449951171875,346.010009765625,346.1700134277344,346.1700134277344,4708.0
2025-11-20T16:53:00Z,346.2300109863281,346.5849914550781,346.2300109863281,346.4200134277344,346.4200134277344,1709.0
2025-11-20T16:54:00Z,346.05999755859375,346.05999755859375,345.32000732421875,345.32000732421875,345.32000732421875,2829.0
2025-11-20T16:55:00Z,345.44000244140625,345.44000244140625,344.69000244140625,344.69000244140625,344.69000244140625,3890.0
2025-11-20T16:56:00Z,344.6400146484375,344.760009765625,344.4100036621094,344.4100036621094,344.4100036621094,3858.0
2025-11-20T16:57:00Z,344.0899963378906,344.42999267578125,343.826904296875,343.9551086425781,343.9551086425781,3748.0
2025-11-20T16:58:00Z,344.0,344.2049865722656,343.5422058105469,343.7650146484375,343.7650146484375,4016.0
2025-11-20T16:59:00Z,343.7650146484375,343.7650146484375,343.0000915527344,343.0000915527344,343.0000915527344,4198.0
2025-11-20T17:00:00Z,343.45001220703125,344.2900085449219,343.45001220703125,343.6499938964844,343.6499938964844,10298.0
2025-11-20T17:01:00Z,343.56500244140625,344.5450134277344,343.56500244140625,344.20001220703125,344.20001220703125,4188.0
2025-11-20T17:02:00Z,344.6549987792969,344.889892578125,344.0299987792969,344.0299987792969,344.0299987792969,2496.0
2025-11-20T17:03:00Z,343.9200134277344,343.97540283203125,343.6300048828125,343.6449890136719,343.6449890136719,4277.0
2025-11-20T17:04:00Z,343.6575012207031,344.0899963378906,343.6575012207031,344.0899963378906,344.0899963378906,1722.0
2025-11-20T17:05:00Z,344.1700134277344,344.3399963378906,343.5450134277344,343.7095031738281,343.7095031738281,4223.0
2025-11-20T17:06:00Z,343.67999267578125,343.739990234375,343.2900085449219,343.4649963378906,343.4649963378906,3543.0
2025-11-20T17:07:00Z,343.3299865722656,343.6199951171875,343.1499938964844,343.5849914550781,343.5849914550781,2302.0
2025-11-20T17:08:00Z,343.67999267578125,344.1099853515625,343.6199951171875,343.9949951171875,343.9949951171875,2786.0
2025-11-20T17:09:00Z,343.9949951171875,343.9949951171875,343.57000732421875,343.6000061035156,343.6000061035156,3892.0
2025-11-20T17:10:00Z,343.54998779296875,343.822509765625,343.3599853515625,343.3599853515625,343.3599853515625,8089.0
2025-11-20T17:11:00Z,343.43499755859375,343.43499755859375,342.6050109863281,342.6099853515625,342.6099853515625,3894.0
2025-11-20T17:12:00Z,342.6499938964844,342.9599914550781,342.3900146484375,342.8900146484375,342.8900146484375,3843.0
2025-11-20T17:13:00Z,342.885009765625,343.0198974609375,342.3999938964844,342.6549987792969,342.6549987792969,5741.0
2025-11-20T17:14:00Z,342.6600036621094,343.6706848144531,342.6400146484375,343.19500732421875,343.19500732421875,8249.0
2025-11-20T17:15:00Z,343.04998779296875,343.1099853515625,342.6400146484375,343.0,343.0,5414.0
2025-11-20T17:16:00Z,343.010009765625,343.1199951171875,342.260009765625,342.260009765625,342.260009765625,3215.0
2025-11-20T17:17:00Z,342.3450012207031,342.4599914550781,341.9200134277344,342.0299987792969,342.0299987792969,3608.0
2025-11-20T17:18:00Z,342.0799865722656,342.2900085449219,341.92999267578125,342.1499938964844,342.1499938964844,4283.0
2025-11-20T17:19:00Z,342.1549987792969,342.3500061035156,341.9150085449219,342.1575012207031,342.1575012207031,5236.0
2025-11-20T17:20:00Z,342.375,342.5199890136719,341.54998779296875,342.1300048828125,342.1300048828125,5800.0
2025-11-20T17:21:00Z,342.1300048828125,342.5400085449219,342.0849914550781,342.1050109863281,342.1050109863281,6817.0
2025-11-20T17:22:00Z,342.3800048828125,342.92999267578125,342.20001220703125,342.625,342.625,22487.0
2025-11-20T17:23:00Z,342.7799987792969,342.8900146484375,342.42999267578125,342.4599914550781,342.4599914550781,10165.0
2025-11-20T17:24:00Z,342.7200012207031,342.79998779296875,342.42999267578125,342.54998779296875,342.54998779296875,2350.0
2025-11-20T17:25:00Z,342.3800048828125,342.4200134277344,341.80999755859375,341.80999755859375,341.80999755859375,2366.0
2025-11-20T17:26:00Z,341.8949890136719,342.6600036621094,341.8949890136719,342.2799987792969,342.2799987792969,3191.0
2025-11-20T17:27:00Z,342.3999938964844,342.8999938964844,342.3999938964844,342.489990234375,342.489990234375,3054.0
2025-11-20T17:28:00Z,342.6600036621094,342.739990234375,342.3999938964844,342.55999755859375,342.55999755859375,1536.0
2025-11-20T17:29:00Z,342.4800109863281,342.489990234375,342.1099853515625,342.4849853515625,342.4849853515625,5803.0
2025-11-20T17:30:00Z,342.4800109863281,342.8349914550781,342.4100036621094,342.6600036621094,342.6600036621094,3118.0
2025-11-20T17:31:00Z,342.510009765625,342.8399963378906,342.0119934082031,342.0199890136719,342.0199890136719,7189.0
2025-11-20T17:32:00Z,342.19000244140625,342.6083068847656,342.19000244140625,342.2200012207031,342.2200012207031,2705.0
2025-11-20T17:33:00Z,342.04998779296875,342.1499938964844,341.6000061035156,341.6000061035156,341.6000061035156,3628.0
2025-11-20T17:34:00Z,341.6449890136719,341.6449890136719,341.42999267578125,341.6400146484375,341.6400146484375,1678.0
2025-11-20T17:35:00Z,341.4200134277344,341.42999267578125,340.9599914550781,341.1199951171875,341.1199951171875,5079.0
2025-11-20T17:36:00Z,341.07000732421875,341.07000732421875,340.5299987792969,340.760009765625,340.760009765625,5516.0
2025-11-20T17:37:00Z,340.760009765625,340.92999267578125,340.54998779296875,340.7950134277344,340.7950134277344,3220.0
2025-11-20T17:38:00Z,340.9049987792969,341.5,340.7699890136719,341.5,341.5,2978.0
2025-11-20T17:39:00Z,341.510009765625,342.1000061035156,341.510009765625,341.9200134277344,341.9200134277344,4934.0
2025-11-20T17:40:00Z,341.7900085449219,342.05999755859375,341.6600036621094,341.8299865722656,341.8299865722656,3681.0
2025-11-20T17:41:00Z,342.05999755859375,342.2699890136719,341.8399963378906,341.8949890136719,341.8949890136719,8578.0
2025-11-20T17:42:00Z,341.9100036621094,341.9100036621094,341.2300109863281,341.2300109863281,341.2300109863281,4965.0
2025-11-20T17:43:00Z,341.0799865722656,341.25,340.6099853515625,340.67498779296875,340.67498779296875,4186.0
2025-11-20T17:44:00Z,340.689208984375,340.8999938964844,340.6099853515625,340.67999267578125,340.67999267578125,2657.0
2025-11-20T17:45:00Z,340.760009765625,340.760009765625,340.44000244140625,340.7449951171875,340.7449951171875,3048.0
2025-11-20T17:46:00Z,340.7449951171875,340.8598937988281,340.55999755859375,340.8598937988281,340.8598937988281,3729.0
2025-11-20T17:47:00Z,340.7200012207031,341.05999755859375,340.5400085449219,340.6294860839844,340.6294860839844,3397.0
2025-11-20T17:48:00Z,340.7200012207031,340.864990234375,340.3200988769531,340.55999755859375,340.55999755859375,3631.0
2025-11-20T17:49:00Z,340.7099914550781,340.8999938964844,340.4100036621094,340.7799987792969,340.7799987792969,3170.0
2025-11-20T17:50:00Z,340.7799987792969,341.2950134277344,340.739990234375,341.1300048828125,341.1300048828125,3581.0
2025-11-20T17:51:00Z,341.135009765625,341.4200134277344,341.1300048828125,341.2799987792969,341.2799987792969,2689.0
2025-11-20T17:52:00Z,341.4599914550781,341.9200134277344,341.45001220703125,341.60699462890625,341.60699462890625,2655.0
2025-11-20T17:53:00Z,341.6050109863281,341.639892578125,341.1700134277344,341.639892578125,341.639892578125,2352.0
2025-11-20T17:54:00Z,341.3290100097656,341.4599914550781,341.2950134277344,341.2950134277344,341.2950134277344,1404.0
2025-11-20T17:55:00Z,341.2950134277344,341.9549865722656,341.2900085449219,341.8550109863281,341.8550109863281,5827.0
2025-11-20T17:56:00Z,341.875,342.1000061035156,341.7049865722656,341.9700012207031,341.9700012207031,5480.0
2025-11-20T17:57:00Z,342.05999755859375,342.1499938964844,341.8550109863281,341.9200134277344,341.9200134277344,2967.0
2025-11-20T17:58:00Z,341.9150085449219,342.29998779296875,341.9150085449219,342.19000244140625,342.19000244140625,3240.0
2025-11-20T17:59:00Z,342.1600036621094,342.3550109863281,342.0199890136719,342.17498779296875,342.17498779296875,2078.0
2025-11-20T18:00:00Z,342.0199890136719,342.4100036621094,341.7200012207031,342.3699951171875,342.3699951171875,3085.0
2025-11-20T18:01:00Z,342.2799987792969,342.42999267578125,341.8599853515625,342.04998779296875,342.04998779296875,2475.0
2025-11-20T18:02:00Z,341.95001220703125,342.57000732421875,341.95001220703125,342.2349853515625,342.2349853515625,4322.0
2025-11-20T18:03:00Z,342.2349853515625,342.6199951171875,342.2349853515625,342.4100036621094,342.4100036621094,2714.0
2025-11-20T18:04:00Z,342.42999267578125,342.7598876953125,342.2799987792969,342.635009765625,342.635009765625,2101.0
2025-11-20T18:05:00Z,342.6300048828125,342.92498779296875,342.55999755859375,342.7900085449219,342.7900085449219,4421.0
2025-11-20T18:06:00Z,342.8349914550781,343.3699951171875,342.8349914550781,343.2149963378906,343.2149963378906,2542.0
2025-11-20T18:07:00Z,343.3999938964844,343.3999938964844,342.78570556640625,342.78570556640625,342.78570556640625,2752.0
2025-11-20T18:08:00Z,342.8500061035156,343.2650146484375,342.79998779296875,343.17999267578125,343.17999267578125,3418.0
2025-11-20T18:09:00Z,343.1650085449219,343.2149963378906,343.006103515625,343.17340087890625,343.17340087890625,2419.0
2025-11-20T18:10:00Z,343.20001220703125,343.20001220703125,342.82000732421875,343.1199951171875,343.1199951171875,1686.0
2025-11-20T18:11:00Z,343.1549987792969,343.6050109863281,343.1549987792969,343.6050109863281,343.6050109863281,1675.0
2025-11-20T18:12:00Z,343.510009765625,343.80999755859375,343.4200134277344,343.7799987792969,343.7799987792969,3627.0
2025-11-20T18:13:00Z,343.80999755859375,344.2650146484375,343.80999755859375,344.135009765625,344.135009765625,3370.0
2025-11-20T18:14:00Z,344.3399963378906,344.7900085449219,344.1499938964844,344.7749938964844,344.7749938964844,3852.0
2025-11-20T18:15:00Z,344.8699951171875,345.0799865722656,344.5799865722656,344.625,344.625,8564.0
2025-11-20T18:16:00Z,344.6000061035156,344.82000732421875,344.04998779296875,344.4100036621094,344.4100036621094,3330.0
2025-11-20T18:17:00Z,344.25,344.5450134277344,344.25,344.4200134277344,344.4200134277344,1727.0
2025-11-20T18:18:00Z,344.1300048828125,344.2449951171875,343.82000732421875,344.0050048828125,344.0050048828125,1637.0
2025-11-20T18:19:00Z,344.0,344.4200134277344,344.0,344.3399963378906,344.3399963378906,2913.0
2025-11-20T18:20:00Z,344.4075927734375,344.57000732421875,344.3399963378906,344.4200134277344,344.4200134277344,1927.0
2025-11-20T18:21:00Z,344.4200134277344,344.4200134277344,343.9100036621094,344.0918884277344,344.0918884277344,4530.0
2025-11-20T18:22:00Z,344.1300048828125,344.29998779296875,343.82598876953125,344.1300048828125,344.1300048828125,2985.0
2025-11-20T18:23:00Z,344.04998779296875,344.04998779296875,343.8299865722656,343.9700012207031,343.9700012207031,1452.0
2025-11-20T18:24:00Z,344.1600036621094,344.2137451171875,343.5625,343.5625,343.5625,3923.0
2025-11-20T18:25:00Z,343.6099853515625,344.1499938964844,343.6099853515625,344.1499938964844,344.1499938964844,3798.0
2025-11-20T18:26:00Z,344.1099853515625,344.2200012207031,343.8800048828125,344.0,344.0,3757.0
2025-11-20T18:27:00Z,343.92999267578125,344.010009765625,343.57000732421875,343.6600036621094,343.6600036621094,2081.0
2025-11-20T18:28:00Z,343.5299987792969,343.8699951171875,343.4649963378906,343.7200012207031,343.7200012207031,1555.0
2025-11-20T18:29:00Z,343.67498779296875,344.19000244140625,343.6724853515625,343.9649963378906,343.9649963378906,2087.0
2025-11-20T18:30:00Z,344.05499267578125,344.05499267578125,343.8399963378906,344.04998779296875,344.04998779296875,1360.0
2025-11-20T18:31:00Z,343.9200134277344,344.0199890136719,343.7699890136719,343.84619140625,343.84619140625,2465.0
2025-11-20T18:32:00Z,343.9049987792969,343.9601135253906,343.54998779296875,343.54998779296875,343.54998779296875,2146.0
2025-11-20T18:33:00Z,343.5400085449219,343.6600036621094,343.2650146484375,343.2650146484375,343.2650146484375,1254.0
2025-11-20T18:34:00Z,343.3030090332031,343.6700134277344,343.239990234375,343.6099853515625,343.6099853515625,1907.0
2025-11-20T18:35:00Z,343.614990234375,343.6368103027344,343.614990234375,343.6199951171875,343.6199951171875,1152.0
2025-11-20T18:36:00Z,343.6199951171875,343.625,343.2200012207031,343.2200012207031,343.2200012207031,1904.0
2025-11-20T18:37:00Z,343.2200012207031,343.3299865722656,343.1099853515625,343.2699890136719,343.2699890136719,1827.0
2025-11-20T18:38:00Z,343.2699890136719,343.4200134277344,342.8299865722656,342.9700012207031,342.9700012207031,1691.0
2025-11-20T18:39:00Z,343.20001220703125,343.20001220703125,342.9800109863281,343.1050109863281,343.1050109863281,1124.0
2025-11-20T18:40:00Z,343.0,343.0799865722656,342.6300048828125,342.7850036621094,342.7850036621094,2080.0
2025-11-20T18:41:00Z,342.802490234375,342.92999267578125,342.6199951171875,342.7900085449219,342.7900085449219,2475.0
2025-11-20T18:42:00Z,342.7449951171875,342.8999938964844,342.61700439453125,342.7598876953125,342.7598876953125,3168.0
2025-11-20T18:43:00Z,342.70001220703125,342.80999755859375,342.70001220703125,342.7250061035156,342.7250061035156,843.0
2025-11-20T18:44:00Z,342.7250061035156,342.7250061035156,342.54998779296875,342.57501220703125,342.57501220703125,4097.0
2025-11-20T18:45:00Z,342.5824890136719,342.5824890136719,342.17999267578125,342.5,342.5,1261.0
2025-11-20T18:46:00Z,342.3349914550781,342.6700134277344,342.2099914550781,342.2850036621094,342.2850036621094,1766.0
2025-11-20T18:47:00Z,342.2950134277344,342.5498962402344,342.2300109863281,342.32000732421875,342.32000732421875,3345.0
2025-11-20T18:48:00Z,342.2099914550781,342.2099914550781,342.06500244140625,342.0899963378906,342.0899963378906,2545.0
2025-11-20T18:49:00Z,342.0899963378906,342.1400146484375,342.0899963378906,342.1000061035156,342.1000061035156,988.0
2025-11-20T18:50:00Z,341.9700012207031,342.05999755859375,341.4849853515625,342.0400085449219,342.0400085449219,4651.0
2025-11-20T18:51:00Z,341.9849853515625,342.2850036621094,341.9849853515625,342.1000061035156,342.1000061035156,2222.0
2025-11-20T18:52:00Z,342.1000061035156,342.1000061035156,341.70001220703125,341.8445129394531,341.8445129394531,1034.0
2025-11-20T18:53:00Z,341.80499267578125,341.9100036621094,341.5,341.5,341.5,3135.0
2025-11-20T18:54:00Z,341.4700012207031,341.5400085449219,341.2900085449219,341.4599914550781,341.4599914550781,1922.0
2025-11-20T18:55:00Z,341.4599914550781,341.4700012207031,341.3450012207031,341.4700012207031,341.4700012207031,2430.0
2025-11-20T18:56:00Z,341.4599914550781,341.5,341.25,341.5,341.5,2532.0
2025-11-20T18:57:00Z,341.5,341.70001220703125,341.30999755859375,341.3800048828125,341.3800048828125,2152.0
2025-11-20T18:58:00Z,341.45001220703125,341.7799987792969,341.45001220703125,341.7799987792969,341.7799987792969,1603.0
2025-11-20T18:59:00Z,341.9100036621094,342.1600036621094,341.8924865722656,341.8924865722656,341.8924865722656,1969.0
2025-11-20T19:00:00Z,341.885009765625,342.2049865722656,341.8399963378906,342.2025146484375,342.2025146484375,2838.0
2025-11-20T19:01:00Z,342.4519958496094,342.5523681640625,342.2699890136719,342.30999755859375,342.30999755859375,2672.0
2025-11-20T19:02:00Z,342.2218017578125,342.54998779296875,342.2200012207031,342.239990234375,342.239990234375,3630.0
2025-11-20T19:03:00Z,342.2349853515625,342.3299865722656,342.1506042480469,342.29998779296875,342.29998779296875,1764.0
2025-11-20T19:04:00Z,342.29998779296875,342.42999267578125,341.8999938964844,342.0,342.0,4423.0
2025-11-20T19:05:00Z,342.05999755859375,342.5899963378906,341.8999938964844,342.42498779296875,342.42498779296875,3291.0
2025-11-20T19:06:00Z,342.4580078125,342.50390625,342.3800048828125,342.44000244140625,342.44000244140625,3951.0
2025-11-20T19:07:00Z,342.4825134277344,342.5849914550781,342.3999938964844,342.4100036621094,342.4100036621094,4019.0
2025-11-20T19:08:00Z,342.3699951171875,342.7099914550781,342.239990234375,342.69000244140625,342.69000244140625,10980.0
2025-11-20T19:09:00Z,342.7099914550781,343.0,342.5199890136719,343.0,343.0,6696.0
2025-11-20T19:10:00Z,343.0299987792969,343.2099914550781,342.7900085449219,342.79998779296875,342.79998779296875,2566.0
2025-11-20T19:11:00Z,343.010009765625,343.27349853515625,343.010009765625,343.2250061035156,343.2250061035156,5543.0
2025-11-20T19:12:00Z,343.1099853515625,343.17999267578125,342.8500061035156,342.8500061035156,342.8500061035156,2240.0
2025-11-20T19:13:00Z,342.8699951171875,343.05499267578125,342.82000732421875,342.82000732421875,342.82000732421875,6525.0
2025-11-20T19:14:00Z,342.7300109863281,343.0799865722656,342.7250061035156,342.94000244140625,342.94000244140625,4109.0
2025-11-20T19:15:00Z,342.94000244140625,342.94000244140625,342.5899963378906,342.6000061035156,342.6000061035156,4149.0
2025-11-20T19:16:00Z,342.67999267578125,342.67999267578125,342.3999938964844,342.54998779296875,342.54998779296875,2826.0
2025-11-20T19:17:00Z,342.55499267578125,343.0,342.3500061035156,342.9599914550781,342.9599914550781,3799.0
2025-11-20T19:18:00Z,343.1400146484375,343.2835998535156,343.04998779296875,343.04998779296875,343.04998779296875,2089.0
2025-11-20T19:19:00Z,343.1199951171875,343.2049865722656,342.6000061035156,342.7699890136719,342.7699890136719,6088.0
2025-11-20T19:20:00Z,342.8500061035156,343.6000061035156,342.8500061035156,343.6000061035156,343.6000061035156,16646.0
2025-11-20T19:21:00Z,343.56500244140625,343.92999267578125,343.3999938964844,343.8999938964844,343.8999938964844,15058.0
2025-11-20T19:22:00Z,343.92999267578125,343.94000244140625,343.5249938964844,343.5249938964844,343.5249938964844,6746.0
2025-11-20T19:23:00Z,343.4949951171875,343.9700012207031,343.4949951171875,343.8900146484375,343.8900146484375,6356.0
2025-11-20T19:24:00Z,343.8299865722656,343.92498779296875,343.5,343.5,343.5,13993.0
2025-11-20T19:25:00Z,343.5400085449219,344.20001220703125,343.5299987792969,344.20001220703125,344.20001220703125,4866.0
2025-11-20T19:26:00Z,344.2699890136719,344.30999755859375,343.8800048828125,344.19500732421875,344.19500732421875,9717.0
2025-11-20T19:27:00Z,344.19500732421875,344.70001220703125,344.1199951171875,344.70001220703125,344.70001220703125,6428.0
2025-11-20T19:28:00Z,344.7200012207031,344.96490478515625,344.6000061035156,344.7799987792969,344.7799987792969,14728.0
2025-11-20T19:29:00Z,344.8299865722656,345.0400085449219,344.55499267578125,344.7099914550781,344.7099914550781,19210.0
2025-11-20T19:30:00Z,344.6099853515625,344.6600036621094,344.2099914550781,344.29998779296875,344.29998779296875,10131.0
2025-11-20T19:31:00Z,344.29998779296875,344.3500061035156,344.05999755859375,344.17999267578125,344.17999267578125,9675.0
2025-11-20T19:32:00Z,344.1700134277344,344.17999267578125,343.8599853515625,343.95001220703125,343.95001220703125,5032.0
2025-11-20T19:33:00Z,343.95001220703125,344.2799987792969,343.95001220703125,344.2200012207031,344.2200012207031,2923.0
2025-11-20T19:34:00Z,344.197509765625,344.197509765625,343.92999267578125,344.0,344.0,11977.0
2025-11-20T19:35:00Z,344.1000061035156,344.4800109863281,344.05999755859375,344.30499267578125,344.30499267578125,12959.0
2025-11-20T19:36:00Z,344.42999267578125,344.61749267578125,344.364990234375,344.364990234375,344.364990234375,4516.0
2025-11-20T19:37:00Z,344.5,344.79998779296875,344.45001220703125,344.45001220703125,344.45001220703125,9406.0
2025-11-20T19:38:00Z,344.5400085449219,344.57000732421875,344.0799865722656,344.1600036621094,344.1600036621094,8629.0
2025-11-20T19:39:00Z,344.260009765625,344.30999755859375,344.1400146484375,344.25,344.25,4323.0
2025-11-20T19:40:00Z,344.1199951171875,344.30999755859375,343.7699890136719,343.7699890136719,343.7699890136719,7318.0
2025-11-20T19:41:00Z,344.05999755859375,344.05999755859375,343.6600036621094,343.92999267578125,343.92999267578125,10745.0
2025-11-20T19:42:00Z,344.07000732421875,344.45001220703125,343.92999267578125,344.3900146484375,344.3900146484375,4134.0
2025-11-20T19:43:00Z,344.45001220703125,344.45001220703125,343.9200134277344,343.9200134277344,343.9200134277344,3500.0
2025-11-20T19:44:00Z,344.0,344.3995056152344,344.0,344.2300109863281,344.2300109863281,1278.0
2025-11-20T19:45:00Z,344.2749938964844,344.4800109863281,343.92999267578125,343.92999267578125,343.92999267578125,2486.0
2025-11-20T19:46:00Z,344.05999755859375,344.05999755859375,343.6700134277344,343.70001220703125,343.70001220703125,3076.0
2025-11-20T19:47:00Z,343.67999267578125,343.760009765625,343.510009765625,343.5299987792969,343.5299987792969,5189.0
2025-11-20T19:48:00Z,343.5799865722656,343.64111328125,343.3500061035156,343.3699951171875,343.3699951171875,9044.0
2025-11-20T19:49:00Z,343.3599853515625,343.4999084472656,343.2699890136719,343.2699890136719,343.2699890136719,2649.0
2025-11-20T19:50:00Z,343.3500061035156,343.79998779296875,343.3500061035156,343.79998779296875,343.79998779296875,4064.0
2025-11-20T19:51:00Z,343.7300109863281,343.7300109863281,343.3500061035156,343.7099914550781,343.7099914550781,5628.0
2025-11-20T19:52:00Z,343.5899963378906,343.7699890136719,343.4700012207031,343.7699890136719,343.7699890136719,2777.0
2025-11-20T19:53:00Z,343.7699890136719,344.0400085449219,343.67999267578125,344.0400085449219,344.0400085449219,6052.0
2025-11-20T19:54:00Z,344.1549987792969,344.45001220703125,344.1549987792969,344.19000244140625,344.19000244140625,4438.0
2025-11-20T19:55:00Z,344.2300109863281,344.6600036621094,344.2300109863281,344.6600036621094,344.6600036621094,2797.0
2025-11-20T19:56:00Z,344.5849914550781,344.7200012207031,344.17999267578125,344.17999267578125,344.17999267578125,2857.0
2025-11-20T19:57:00Z,344.42999267578125,344.92999267578125,344.3599853515625,344.8500061035156,344.8500061035156,2849.0
2025-11-20T19:58:00Z,344.9159851074219,344.9159851074219,344.75,344.8999938964844,344.8999938964844,1448.0
2025-11-20T19:59:00Z,344.739990234375,345.0899963378906,344.739990234375,345.0299987792969,345.0299987792969,5930.0
2025-11-20T20:00:00Z,344.8999938964844,345.0,344.489990234375,344.75,344.75,7350.0
2025-11-20T20:01:00Z,344.7449951171875,344.8800048828125,344.3900146484375,344.5299987792969,344.5299987792969,5770.0
2025-11-20T20:02:00Z,344.4800109863281,344.62750244140625,344.1199951171875,344.29998779296875,344.29998779296875,2865.0
2025-11-20T20:03:00Z,344.17498779296875,344.45001220703125,344.04998779296875,344.3399963378906,344.3399963378906,2498.0
2025-11-20T20:04:00Z,344.3399963378906,344.4200134277344,344.1199951171875,344.135009765625,344.135009765625,2476.0
2025-11-20T20:05:00Z,344.135009765625,344.6600036621094,344.1099853515625,344.6600036621094,344.6600036621094,5775.0
2025-11-20T20:06:00Z,344.57000732421875,344.7099914550781,344.375,344.6000061035156,344.6000061035156,6652.0
2025-11-20T20:07:00Z,344.32000732421875,344.4183044433594,344.29998779296875,344.29998779296875,344.29998779296875,1184.0
2025-11-20T20:08:00Z,344.3500061035156,344.4800109863281,344.2149963378906,344.2149963378906,344.2149963378906,2644.0
2025-11-20T20:09:00Z,344.0899963378906,344.1549987792969,343.9800109863281,343.989990234375,343.989990234375,3625.0
2025-11-20T20:10:00Z,343.9800109863281,344.2200012207031,343.9599914550781,344.1700134277344,344.1700134277344,4248.0
2025-11-20T20:11:00Z,344.1199951171875,344.1199951171875,343.7699890136719,343.7699890136719,343.7699890136719,1609.0
2025-11-20T20:12:00Z,343.8399963378906,343.8500061035156,343.7099914550781,343.7825012207031,343.7825012207031,1259.0
2025-11-20T20:13:00Z,343.7900085449219,343.8699951171875,343.7099914550781,343.8299865722656,343.8299865722656,2898.0
2025-11-20T20:14:00Z,343.94000244140625,343.94000244140625,343.73919677734375,343.91033935546875,343.91033935546875,2664.0
2025-11-20T20:15:00Z,343.9599914550781,344.6099853515625,343.9599914550781,344.6099853515625,344.6099853515625,12845.0
2025-11-20T20:16:00Z,344.7099914550781,344.7099914550781,344.5299987792969,344.5899963378906,344.5899963378906,4948.0
2025-11-20T20:17:00Z,344.5899963378906,344.7349853515625,344.4800109863281,344.5350036621094,344.5350036621094,15694.0
2025-11-20T20:18:00Z,344.5849914550781,344.8299865722656,344.5849914550781,344.7298889160156,344.7298889160156,7602.0
2025-11-20T20:19:00Z,344.6600036621094,344.8299865722656,344.6600036621094,344.7300109863281,344.7300109863281,3288.0
2025-11-20T20:20:00Z,344.75,345.010009765625,344.69000244140625,344.9100036621094,344.9100036621094,14111.0
2025-11-20T20:21:00Z,344.9599914550781,345.17999267578125,344.95001220703125,345.0899963378906,345.0899963378906,23094.0
2025-11-20T20:22:00Z,345.0400085449219,345.1199951171875,344.8399963378906,344.94500732421875,344.94500732421875,13720.0
2025-11-20T20:23:00Z,345.0,345.0050048828125,344.55999755859375,344.55999755859375,344.55999755859375,6832.0
2025-11-20T20:24:00Z,344.5,344.5,344.3399963378906,344.3399963378906,344.3399963378906,4050.0
2025-11-20T20:25:00Z,344.3399963378906,344.4700012207031,344.25,344.31500244140625,344.31500244140625,7022.0
2025-11-20T20:26:00Z,344.31500244140625,344.385009765625,344.0950012207031,344.0950012207031,344.0950012207031,5540.0
2025-11-20T20:27:00Z,344.0950012207031,344.2149963378906,344.0950012207031,344.1650085449219,344.1650085449219,2643.0
2025-11-20T20:28:00Z,344.25,344.25,344.1199951171875,344.1650085449219,344.1650085449219,11220.0
2025-11-20T20:29:00Z,344.1000061035156,344.45001220703125,344.05999755859375,344.3900146484375,344.3900146484375,10691.0
2025-11-20T20:30:00Z,344.3500061035156,344.5400085449219,344.30999755859375,344.3349914550781,344.3349914550781,13050.0
2025-11-20T20:31:00Z,344.4200134277344,344.5899963378906,344.2799987792969,344.2799987792969,344.2799987792969,6706.0
2025-11-20T20:32:00Z,344.2650146484375,344.3399963378906,344.19000244140625,344.30499267578125,344.30499267578125,6436.0
2025-11-20T20:33:00Z,344.20001220703125,344.3399963378906,343.8399963378906,344.0929870605469,344.0929870605469,8975.0
2025-11-20T20:34:00Z,344.0249938964844,344.1099853515625,343.8699951171875,343.8699951171875,343.8699951171875,7857.0
2025-11-20T20:35:00Z,343.8599853515625,343.9599914550781,343.6700134277344,343.7174987792969,343.7174987792969,6776.0
2025-11-20T20:36:00Z,343.69000244140625,343.92999267578125,343.625,343.92999267578125,343.92999267578125,9771.0
2025-11-20T20:37:00Z,344.0,344.010009765625,343.6099853515625,343.70001220703125,343.70001220703125,9756.0
2025-11-20T20:38:00Z,343.62799072265625,343.760009765625,343.5450134277344,343.6300048828125,343.6300048828125,16172.0
2025-11-20T20:39:00Z,343.5400085449219,343.7200012207031,343.385009765625,343.5899963378906,343.5899963378906,20334.0
2025-11-20T20:40:00Z,343.5299987792969,343.8399963378906,343.4700012207031,343.4700012207031,343.4700012207031,12972.0
2025-11-20T20:41:00Z,343.4549865722656,343.6499938964844,343.212890625,343.6499938964844,343.6499938964844,14773.0
2025-11-20T20:42:00Z,343.7799987792969,343.9800109863281,343.4700012207031,343.8500061035156,343.8500061035156,7395.0
2025-11-20T20:43:00Z,343.6700134277344,343.6700134277344,343.1600036621094,343.1600036621094,343.1600036621094,15849.0
2025-11-20T20:44:00Z,343.1600036621094,343.239990234375,342.8800048828125,343.0299987792969,343.0299987792969,20322.0
2025-11-20T20:45:00Z,343.0400085449219,343.17999267578125,342.7300109863281,343.0899963378906,343.0899963378906,11363.0
2025-11-20T20:46:00Z,343.0400085449219,343.0400085449219,342.7200012207031,342.8900146484375,342.8900146484375,6039.0
2025-11-20T20:47:00Z,342.8800048828125,342.92999267578125,342.55999755859375,342.6000061035156,342.6000061035156,8174.0
2025-11-20T20:48:00Z,342.625,343.0899963378906,342.625,342.9200134277344,342.9200134277344,9123.0
2025-11-20T20:49:00Z,342.8999938964844,342.92999267578125,342.489990234375,342.5,342.5,9651.0
2025-11-20T20:50:00Z,342.5299987792969,343.4599914550781,342.5299987792969,342.9599914550781,342.9599914550781,16523.0
2025-11-20T20:51:00Z,342.82000732421875,342.9798889160156,342.739990234375,342.82000732421875,342.82000732421875,8624.0
2025-11-20T20:52:00Z,342.79998779296875,342.8800048828125,342.5799865722656,342.739990234375,342.739990234375,12347.0
2025-11-20T20:53:00Z,342.70001220703125,343.0859069824219,342.4750061035156,343.010009765625,343.010009765625,13619.0
2025-11-20T20:54:00Z,343.0,343.375,342.8599853515625,343.2699890136719,343.2699890136719,29479.0
2025-11-20T20:55:00Z,343.2200012207031,343.8399963378906,343.1400146484375,343.3299865722656,343.3299865722656,33335.0
2025-11-20T20:56:00Z,343.3999938964844,343.510009765625,343.0899963378906,343.1300048828125,343.1300048828125,48281.0
2025-11-20T20:57:00Z,343.17999267578125,343.5400085449219,343.07000732421875,343.1099853515625,343.1099853515625,42029.0
2025-11-20T20:58:00Z,343.1499938964844,343.80999755859375,342.9800109863281,343.6400146484375,343.6400146484375,136821.0
2025-11-20T20:59:00Z,343.69000244140625,344.6199951171875,343.6600036621094,343.9100036621094,343.9100036621094,319459.0
2025-11-21T14:31:00Z,346.9649963378906,346.9649963378906,345.6099853515625,345.8949890136719,345.8949890136719,4498.0
2025-11-21T14:33:00Z,347.7799987792969,348.83990478515625,347.3699951171875,347.9501037597656,347.9501037597656,40891.0
2025-11-21T14:34:00Z,347.95001220703125,347.95001220703125,346.0799865722656,346.885009765625,346.885009765625,7514.0
2025-11-21T14:35:00Z,346.885009765625,347.1700134277344,346.30999755859375,346.69000244140625,346.69000244140625,10679.0
2025-11-21T14:36:00Z,346.4200134277344,346.4800109863281,345.7799987792969,345.94000244140625,345.94000244140625,9842.0
2025-11-21T14:37:00Z,345.94000244140625,346.4800109863281,345.2699890136719,346.3900146484375,346.3900146484375,13218.0
2025-11-21T14:38:00Z,346.614990234375,347.0,345.7200012207031,345.95001220703125,345.95001220703125,13334.0
2025-11-21T14:39:00Z,345.95001220703125,346.43499755859375,345.6199951171875,345.6449890136719,345.6449890136719,26773.0
2025-11-21T14:40:00Z,345.8500061035156,346.1499938964844,345.2250061035156,346.1499938964844,346.1499938964844,21115.0
2025-11-21T14:41:00Z,346.30999755859375,346.5400085449219,345.8999938964844,346.5400085449219,346.5400085449219,12643.0
2025-11-21T14:42:00Z,346.8299865722656,346.95001220703125,345.82000732421875,346.2099914550781,346.2099914550781,16539.0
2025-11-21T14:43:00Z,346.32000732421875,346.3349914550781,345.4100036621094,345.42999267578125,345.42999267578125,10589.0
2025-11-21T14:44:00Z,345.42999267578125,345.42999267578125,345.19000244140625,345.2200012207031,345.2200012207031,2019.0
2025-11-21T14:45:00Z,345.57080078125,345.6000061035156,344.8299865722656,345.42999267578125,345.42999267578125,7453.0
2025-11-21T14:46:00Z,345.375,345.4200134277344,344.80999755859375,345.239990234375,345.239990234375,5457.0
2025-11-21T14:47:00Z,345.3699951171875,345.3699951171875,344.29998779296875,344.29998779296875,344.29998779296875,8096.0
2025-11-21T14:48:00Z,344.5199890136719,345.63751220703125,344.3500061035156,345.42999267578125,345.42999267578125,13252.0
2025-11-21T14:49:00Z,345.5199890136719,345.80999755859375,344.32000732421875,344.8399963378906,344.8399963378906,4687.0
2025-11-21T14:50:00Z,344.7799987792969,345.04998779296875,344.7099914550781,345.0199890136719,345.0199890136719,3979.0
2025-11-21T14:51:00Z,344.79998779296875,345.3399963378906,344.79998779296875,345.2349853515625,345.2349853515625,5524.0
2025-11-21T14:52:00Z,344.9800109863281,345.4649963378906,344.94000244140625,345.32000732421875,345.32000732421875,3601.0
2025-11-21T14:53:00Z,345.3500061035156,345.9100036621094,345.3500061035156,345.7799987792969,345.7799987792969,3086.0
2025-11-21T14:54:00Z,345.8800048828125,346.31988525390625,345.7200012207031,345.92999267578125,345.92999267578125,9574.0
2025-11-21T14:55:00Z,345.75,346.8999938964844,345.5400085449219,346.8999938964844,346.8999938964844,5480.0
2025-11-21T14:56:00Z,346.7799987792969,346.7799987792969,345.70001220703125,346.1300048828125,346.1300048828125,6805.0
2025-11-21T14:57:00Z,346.0,346.20001220703125,345.9599914550781,346.19000244140625,346.19000244140625,2235.0
2025-11-21T14:58:00Z,346.0299987792969,346.42999267578125,346.0199890136719,346.30999755859375,346.30999755859375,1404.0
2025-11-21T14:59:00Z,346.30999755859375,346.4176025390625,346.1099853515625,346.2049865722656,346.2049865722656,2393.0
2025-11-21T15:00:00Z,346.20001220703125,347.70001220703125,346.20001220703125,347.6028137207031,347.6028137207031,4756.0
2025-11-21T15:01:00Z,347.1499938964844,347.3299865722656,346.9800109863281,347.010009765625,347.010009765625,2294.0
2025-11-21T15:02:00Z,346.9200134277344,346.96990966796875,346.5799865722656,346.8349914550781,346.8349914550781,2943.0
2025-11-21T15:03:00Z,346.739990234375,346.9800109863281,346.510009765625,346.7200012207031,346.7200012207031,2021.0
2025-11-21T15:04:00Z,346.92999267578125,346.92999267578125,346.1300048828125,346.2900085449219,346.2900085449219,6514.0
2025-11-21T15:05:00Z,346.45001220703125,347.3500061035156,346.2799987792969,347.1400146484375,347.1400146484375,7450.0
2025-11-21T15:06:00Z,347.0299987792969,347.5400085449219,346.8900146484375,347.5199890136719,347.5199890136719,3764.0
2025-11-21T15:07:00Z,347.260009765625,347.57989501953125,347.18499755859375,347.3028869628906,347.3028869628906,2362.0
2025-11-21T15:08:00Z,347.3500061035156,347.5570983886719,346.7345886230469,347.0299987792969,347.0299987792969,3853.0
2025-11-21T15:09:00Z,347.239990234375,347.7200012207031,347.239990234375,347.6600036621094,347.6600036621094,6260.0
2025-11-21T15:10:00Z,347.3399963378906,347.3599853515625,347.17999267578125,347.3599853515625,347.3599853515625,2825.0
2025-11-21T15:11:00Z,347.5799865722656,347.69000244140625,347.4100036621094,347.5299987792969,347.5299987792969,2992.0
2025-11-21T15:12:00Z,347.6300048828125,347.6300048828125,347.010009765625,347.239990234375,347.239990234375,3410.0
2025-11-21T15:13:00Z,347.2449951171875,347.2449951171875,347.0,347.0249938964844,347.0249938964844,2281.0
2025-11-21T15:14:00Z,347.1499938964844,347.510009765625,347.1499938964844,347.3800048828125,347.3800048828125,3081.0
2025-11-21T15:15:00Z,347.3800048828125,347.6099853515625,347.3699951171875,347.6099853515625,347.6099853515625,4428.0
2025-11-21T15:16:00Z,347.3800048828125,347.5,347.32000732421875,347.385009765625,347.385009765625,2362.0
2025-11-21T15:17:00Z,347.44000244140625,347.44000244140625,346.29998779296875,346.7149963378906,346.7149963378906,5505.0
2025-11-21T15:18:00Z,346.8599853515625,347.0799865722656,346.7799987792969,347.0799865722656,347.0799865722656,4602.0
2025-11-21T15:19:00Z,347.17999267578125,347.2149963378906,346.6600036621094,347.2099914550781,347.2099914550781,4020.0
2025-11-21T15:20:00Z,347.32000732421875,347.510009765625,346.1300048828125,346.44000244140625,346.44000244140625,6897.0
2025-11-21T15:21:00Z,346.1000061035156,346.1000061035156,345.5065002441406,345.7099914550781,345.7099914550781,1858.0
2025-11-21T15:22:00Z,346.1300048828125,346.82000732421875,346.0799865722656,346.42999267578125,346.42999267578125,5462.0
2025-11-21T15:23:00Z,346.45001220703125,346.80999755859375,346.15240478515625,346.7803039550781,346.7803039550781,3263.0
2025-11-21T15:24:00Z,346.69000244140625,347.510009765625,346.6099853515625,347.489990234375,347.489990234375,5086.0
2025-11-21T15:25:00Z,347.87530517578125,348.2438049316406,347.3399963378906,347.4800109863281,347.4800109863281,5553.0
2025-11-21T15:26:00Z,347.5400085449219,347.70001220703125,346.45001220703125,346.9800109863281,346.9800109863281,3858.0
2025-11-21T15:27:00Z,347.1700134277344,347.44000244140625,346.57000732421875,347.1700134277344,347.1700134277344,3541.0
2025-11-21T15:28:00Z,346.93499755859375,347.04998779296875,346.57000732421875,347.010009765625,347.010009765625,5432.0
2025-11-21T15:29:00Z,347.06500244140625,347.2900085449219,346.8900146484375,347.17498779296875,347.17498779296875,18980.0
2025-11-21T15:30:00Z,347.17999267578125,347.7850036621094,346.9700012207031,347.7850036621094,347.7850036621094,6371.0
2025-11-21T15:31:00Z,347.5400085449219,347.8699951171875,347.452392578125,347.8699951171875,347.8699951171875,4750.0
2025-11-21T15:32:00Z,347.8699951171875,347.94000244140625,347.5799865722656,347.7099914550781,347.7099914550781,6027.0
2025-11-21T15:33:00Z,347.7550048828125,347.80999755859375,347.57000732421875,347.57000732421875,347.57000732421875,3395.0
2025-11-21T15:34:00Z,347.5,347.510009765625,346.9800109863281,346.9800109863281,346.9800109863281,5094.0
2025-11-21T15:35:00Z,346.8800048828125,346.92041015625,346.0,346.0,346.0,4833.0
2025-11-21T15:36:00Z,345.9700012207031,345.9800109863281,345.3599853515625,345.3599853515625,345.3599853515625,5876.0
2025-11-21T15:37:00Z,345.4700012207031,345.5799865722656,345.1600036621094,345.42999267578125,345.42999267578125,3622.0
2025-11-21T15:38:00Z,345.4599914550781,345.8599853515625,345.260009765625,345.54998779296875,345.54998779296875,4318.0
2025-11-21T15:39:00Z,345.4100036621094,345.6449890136719,345.32000732421875,345.45001220703125,345.45001220703125,3520.0
2025-11-21T15:40:00Z,345.8500061035156,345.8500061035156,344.760009765625,344.85198974609375,344.85198974609375,11214.0
2025-11-21T15:41:00Z,345.0249938964844,345.875,345.0249938964844,345.6099853515625,345.6099853515625,9386.0
2025-11-21T15:42:00Z,345.69500732421875,346.20001220703125,345.6499938964844,346.0799865722656,346.0799865722656,5744.0
2025-11-21T15:43:00Z,346.4599914550781,347.06280517578125,346.1400146484375,346.6300048828125,346.6300048828125,10456.0
2025-11-21T15:44:00Z,347.0199890136719,347.4649963378906,347.0199890136719,347.2349853515625,347.2349853515625,4307.0
2025-11-21T15:45:00Z,347.3500061035156,347.8800048828125,347.17999267578125,347.8599853515625,347.8599853515625,4664.0
2025-11-21T15:46:00Z,347.989990234375,348.0849914550781,347.6499938964844,347.8550109863281,347.8550109863281,3013.0
2025-11-21T15:47:00Z,347.989990234375,348.0799865722656,347.68499755859375,347.8599853515625,347.8599853515625,3100.0
2025-11-21T15:48:00Z,347.7550048828125,347.7650146484375,347.364990234375,347.4549865722656,347.4549865722656,6273.0
2025-11-21T15:49:00Z,347.6199951171875,347.80999755859375,347.5899963378906,347.69000244140625,347.69000244140625,1595.0
2025-11-21T15:51:00Z,347.125,347.125,347.125,347.125,347.125,7828.0
2025-11-21T15:52:00Z,347.1499938964844,347.6600036621094,347.1499938964844,347.35009765625,347.35009765625,3135.0
2025-11-21T15:53:00Z,347.3500061035156,347.739990234375,347.3080139160156,347.6600036621094,347.6600036621094,2347.0
2025-11-21T15:54:00Z,347.67498779296875,348.2799987792969,347.67498779296875,348.260009765625,348.260009765625,6441.0
2025-11-21T15:55:00Z,348.07000732421875,348.5721130371094,347.760009765625,348.5721130371094,348.5721130371094,2956.0
2025-11-21T15:56:00Z,348.30999755859375,348.30999755859375,347.9100036621094,348.2049865722656,348.2049865722656,2871.0
2025-11-21T15:57:00Z,347.9800109863281,348.34991455078125,347.7900085449219,347.92498779296875,347.92498779296875,5299.0
2025-11-21T15:58:00Z,348.180908203125,348.180908203125,347.6400146484375,347.94500732421875,347.94500732421875,4294.0
2025-11-21T15:59:00Z,347.94500732421875,348.0,347.489990234375,347.489990234375,347.489990234375,2980.0
2025-11-21T16:00:00Z,347.69000244140625,347.9599914550781,347.69000244140625,347.80999755859375,347.80999755859375,2130.0
2025-11-21T16:01:00Z,347.6099853515625,347.6099853515625,347.3149108886719,347.43499755859375,347.43499755859375,1998.0
2025-11-21T16:02:00Z,347.29998779296875,347.32000732421875,346.760009765625,346.8800048828125,346.8800048828125,10467.0
2025-11-21T16:03:00Z,346.80999755859375,346.94000244140625,346.6499938964844,346.8900146484375,346.8900146484375,8350.0
2025-11-21T16:04:00Z,346.8900146484375,346.8900146484375,346.5199890136719,346.7200012207031,346.7200012207031,7306.0
2025-11-21T16:05:00Z,346.7200012207031,346.7200012207031,346.20001220703125,346.5400085449219,346.5400085449219,12067.0
2025-11-21T16:06:00Z,346.739990234375,346.9200134277344,346.739990234375,346.9200134277344,346.9200134277344,4711.0
2025-11-21T16:07:00Z,347.07000732421875,347.2900085449219,347.07000732421875,347.2099914550781,347.2099914550781,6515.0
2025-11-21T16:08:00Z,346.9700012207031,347.4100036621094,346.9700012207031,347.4100036621094,347.4100036621094,1920.0
2025-11-21T16:09:00Z,347.2900085449219,347.5400085449219,347.2300109863281,347.4200134277344,347.4200134277344,2324.0
2025-11-21T16:10:00Z,347.5199890136719,347.7900085449219,347.4200134277344,347.54998779296875,347.54998779296875,2606.0
2025-11-21T16:11:00Z,347.5950012207031,347.8500061035156,347.5050048828125,347.6499938964844,347.6499938964844,2255.0
2025-11-21T16:12:00Z,347.71990966796875,348.2900085449219,347.55499267578125,348.1099853515625,348.1099853515625,4321.0
2025-11-21T16:13:00Z,348.29998779296875,348.7900085449219,348.29998779296875,348.6000061035156,348.6000061035156,4265.0
2025-11-21T16:14:00Z,348.57501220703125,348.6300048828125,348.29998779296875,348.4100036621094,348.4100036621094,5200.0
2025-11-21T16:15:00Z,348.4750061035156,348.6000061035156,348.29998779296875,348.4750061035156,348.4750061035156,5933.0
2025-11-21T16:16:00Z,348.4800109863281,348.639892578125,348.29998779296875,348.639892578125,348.639892578125,3364.0
2025-11-21T16:17:00Z,348.6400146484375,348.8949890136719,348.5,348.67999267578125,348.67999267578125,7030.0
2025-11-21T16:18:00Z,348.6700134277344,348.67999267578125,347.7699890136719,348.260009765625,348.260009765625,4380.0
2025-11-21T16:19:00Z,348.20001220703125,348.44500732421875,348.0350036621094,348.44500732421875,348.44500732421875,8605.0
2025-11-21T16:20:00Z,348.42999267578125,349.6199951171875,348.3599853515625,349.55999755859375,349.55999755859375,11426.0
2025-11-21T16:21:00Z,349.56500244140625,350.1499938964844,349.385009765625,350.0199890136719,350.0199890136719,8765.0
2025-11-21T16:22:00Z,350.0199890136719,350.3500061035156,349.989990234375,350.1300048828125,350.1300048828125,5942.0
2025-11-21T16:23:00Z,350.2699890136719,350.44500732421875,350.17999267578125,350.2250061035156,350.2250061035156,6119.0
2025-11-21T16:24:00Z,350.19000244140625,350.6000061035156,350.19000244140625,350.3399963378906,350.3399963378906,4376.0
2025-11-21T16:25:00Z,350.2550048828125,350.3699951171875,350.0924987792969,350.3475036621094,350.3475036621094,3305.0
2025-11-21T16:26:00Z,350.4700012207031,350.54998779296875,350.2300109863281,350.3200988769531,350.3200988769531,7167.0
2025-11-21T16:27:00Z,350.32000732421875,350.8399963378906,350.32000732421875,350.6300048828125,350.6300048828125,8551.0
2025-11-21T16:28:00Z,350.4599914550781,350.7300109863281,350.4100036621094,350.6000061035156,350.6000061035156,3367.0
2025-11-21T16:29:00Z,350.55499267578125,350.95001220703125,350.55499267578125,350.95001220703125,350.95001220703125,4081.0
2025-11-21T16:30:00Z,351.0299987792969,351.19989013671875,350.9800109863281,351.17999267578125,351.17999267578125,4148.0
2025-11-21T16:31:00Z,351.10888671875,351.10888671875,350.6000061035156,350.7799987792969,350.7799987792969,11955.0
2025-11-21T16:32:00Z,350.75,350.9800109863281,350.44000244140625,350.8599853515625,350.8599853515625,6828.0
2025-11-21T16:33:00Z,351.04998779296875,351.1300048828125,350.8301086425781,351.04998779296875,351.04998779296875,4906.0
2025-11-21T16:34:00Z,351.04998779296875,351.1600036621094,350.7300109863281,350.80999755859375,350.80999755859375,13553.0
2025-11-21T16:35:00Z,350.8399963378906,350.92999267578125,350.739990234375,350.92999267578125,350.92999267578125,3531.0
2025-11-21T16:36:00Z,351.010009765625,351.9200134277344,351.010009765625,351.7799987792969,351.7799987792969,3552.0
2025-11-21T16:37:00Z,351.7799987792969,352.05999755859375,351.32000732421875,351.5736999511719,351.5736999511719,5282.0
2025-11-21T16:38:00Z,351.739990234375,352.1600036621094,351.6724853515625,351.75030517578125,351.75030517578125,4535.0
2025-11-21T16:39:00Z,351.7900085449219,351.8265075683594,351.4800109863281,351.7699890136719,351.7699890136719,2598.0
2025-11-21T16:40:00Z,351.8500061035156,352.1300048828125,351.489990234375,351.625,351.625,9866.0
2025-11-21T16:41:00Z,351.6664123535156,351.8999938964844,351.6664123535156,351.75,351.75,2197.0
2025-11-21T16:42:00Z,351.75,352.04998779296875,351.5799865722656,351.68499755859375,351.68499755859375,7227.0
2025-11-21T16:43:00Z,351.6650085449219,352.04998779296875,351.6650085449219,351.9049987792969,351.9049987792969,1649.0
2025-11-21T16:44:00Z,351.9049987792969,351.9100036621094,351.6499938964844,351.7799987792969,351.7799987792969,2360.0
2025-11-21T16:45:00Z,351.8345947265625,351.8345947265625,351.4419860839844,351.50250244140625,351.50250244140625,4792.0
2025-11-21T16:46:00Z,351.6400146484375,352.0,351.53009033203125,351.53009033203125,351.53009033203125,2468.0
2025-11-21T16:47:00Z,351.7099914550781,351.95001220703125,351.6499938964844,351.7950134277344,351.7950134277344,5931.0
2025-11-21T16:48:00Z,351.9200134277344,352.29998779296875,351.9200134277344,352.1650085449219,352.1650085449219,4032.0
2025-11-21T16:49:00Z,352.1700134277344,352.3699951171875,352.1700134277344,352.17999267578125,352.17999267578125,2980.0
2025-11-21T16:50:00Z,352.3349914550781,352.5899963378906,352.19000244140625,352.4649963378906,352.4649963378906,3707.0
2025-11-21T16:51:00Z,352.5899963378906,353.3399963378906,352.51470947265625,353.3399963378906,353.3399963378906,10190.0
2025-11-21T16:52:00Z,353.2749938964844,353.7449951171875,353.2749938964844,353.7449951171875,353.7449951171875,3277.0
2025-11-21T16:53:00Z,353.80499267578125,354.25,353.7099914550781,353.9024963378906,353.9024963378906,8535.0
2025-11-21T16:54:00Z,353.93499755859375,354.0199890136719,353.6199951171875,353.7340087890625,353.7340087890625,5040.0
2025-11-21T16:55:00Z,353.7200012207031,354.0423889160156,353.55999755859375,353.55999755859375,353.55999755859375,7696.0
2025-11-21T16:56:00Z,353.5899963378906,353.7799987792969,353.33099365234375,353.7799987792969,353.7799987792969,6122.0
2025-11-21T16:57:00Z,353.69000244140625,354.0799865722656,353.69000244140625,353.95001220703125,353.95001220703125,4642.0
2025-11-21T16:58:00Z,353.9599914550781,354.3699951171875,353.92498779296875,354.30999755859375,354.30999755859375,7308.0
2025-11-21T16:59:00Z,354.30499267578125,354.5199890136719,354.30499267578125,354.4200134277344,354.4200134277344,5293.0
2025-11-21T17:00:00Z,354.5050048828125,354.5400085449219,354.0899963378906,354.2049865722656,354.2049865722656,7313.0
2025-11-21T17:01:00Z,354.32000732421875,354.3900146484375,354.0,354.0,354.0,5963.0
2025-11-21T17:02:00Z,353.95001220703125,354.1499938964844,353.8800048828125,353.8999938964844,353.8999938964844,4206.0
2025-11-21T17:03:00Z,353.94000244140625,354.3800048828125,353.7300109863281,354.3800048828125,354.3800048828125,4181.0
2025-11-21T17:04:00Z,354.30999755859375,354.42999267578125,354.1600036621094,354.42999267578125,354.42999267578125,13381.0
2025-11-21T17:05:00Z,354.3500061035156,354.5299987792969,354.2099914550781,354.4700012207031,354.4700012207031,4311.0
2025-11-21T17:06:00Z,354.55999755859375,354.7699890136719,354.4549865722656,354.6950988769531,354.6950988769531,3676.0
2025-11-21T17:07:00Z,354.69500732421875,355.0150146484375,354.5350036621094,355.0,355.0,6014.0
2025-11-21T17:08:00Z,355.0899963378906,355.2200012207031,354.95001220703125,355.0899963378906,355.0899963378906,6301.0
2025-11-21T17:09:00Z,355.1199951171875,355.3599853515625,354.94000244140625,355.3125,355.3125,4280.0
2025-11-21T17:10:00Z,355.2900085449219,355.3699951171875,355.1700134277344,355.2300109863281,355.2300109863281,9218.0
2025-11-21T17:11:00Z,355.31500244140625,355.3500061035156,355.1400146484375,355.260009765625,355.260009765625,4680.0
2025-11-21T17:12:00Z,355.2799987792969,355.3900146484375,355.0799865722656,355.3299865722656,355.3299865722656,5830.0
2025-11-21T17:13:00Z,355.3900146484375,355.3900146484375,354.8900146484375,355.05499267578125,355.05499267578125,5527.0
2025-11-21T17:14:00Z,355.05999755859375,355.2099914550781,355.0299987792969,355.0899963378906,355.0899963378906,3702.0
2025-11-21T17:15:00Z,355.0849914550781,355.55999755859375,355.0849914550781,355.5249938964844,355.5249938964844,12081.0
2025-11-21T17:16:00Z,355.5249938964844,355.7099914550781,355.2900085449219,355.7099914550781,355.7099914550781,12336.0
2025-11-21T17:17:00Z,355.760009765625,356.0,355.760009765625,355.82000732421875,355.82000732421875,13730.0
2025-11-21T17:18:00Z,355.82000732421875,356.2300109863281,355.81500244140625,356.0,356.0,8326.0
2025-11-21T17:19:00Z,356.07000732421875,356.1099853515625,355.2349853515625,355.3901062011719,355.3901062011719,6351.0
2025-11-21T17:20:00Z,355.4649963378906,355.489990234375,355.30999755859375,355.43499755859375,355.43499755859375,5613.0
2025-11-21T17:21:00Z,355.5400085449219,355.5899963378906,355.1700134277344,355.30499267578125,355.30499267578125,9188.0
2025-11-21T17:22:00Z,355.3900146484375,355.7099914550781,355.3599853515625,355.7099914550781,355.7099914550781,4200.0
2025-11-21T17:23:00Z,355.5199890136719,356.0350036621094,355.45001220703125,356.0350036621094,356.0350036621094,14726.0
2025-11-21T17:24:00Z,356.0400085449219,356.30999755859375,355.989990234375,356.2650146484375,356.2650146484375,5267.0
2025-11-21T17:25:00Z,356.1400146484375,356.2650146484375,355.8699951171875,355.8699951171875,355.8699951171875,11417.0
2025-11-21T17:26:00Z,355.8699951171875,356.0,355.6600036621094,355.67498779296875,355.67498779296875,8416.0
2025-11-21T17:27:00Z,355.67498779296875,355.67498779296875,355.2950134277344,355.364990234375,355.364990234375,6270.0
2025-11-21T17:28:00Z,355.364990234375,355.364990234375,355.0,355.17498779296875,355.17498779296875,15777.0
2025-11-21T17:29:00Z,355.19000244140625,355.92498779296875,355.19000244140625,355.92498779296875,355.92498779296875,12985.0
2025-11-21T17:30:00Z,356.0,356.1600036621094,355.8999938964844,355.90509033203125,355.90509033203125,5803.0
2025-11-21T17:31:00Z,356.0,356.0199890136719,355.6037902832031,355.6199951171875,355.6199951171875,4752.0
2025-11-21T17:32:00Z,355.54998779296875,355.56500244140625,355.0,355.42010498046875,355.42010498046875,7528.0
2025-11-21T17:33:00Z,355.56500244140625,355.56500244140625,354.9599914550781,355.04998779296875,355.04998779296875,10498.0
2025-11-21T17:34:00Z,355.1600036621094,355.260009765625,354.80999755859375,354.9375,354.9375,8404.0
2025-11-21T17:35:00Z,354.9425048828125,355.07000732421875,354.5799865722656,354.6099853515625,354.6099853515625,6365.0
2025-11-21T17:36:00Z,354.6099853515625,355.04998779296875,354.6099853515625,354.9549865722656,354.9549865722656,3757.0
2025-11-21T17:37:00Z,355.04998779296875,355.3900146484375,355.0400085449219,355.1300048828125,355.1300048828125,5034.0
2025-11-21T17:38:00Z,355.1300048828125,355.1300048828125,354.6000061035156,354.67999267578125,354.67999267578125,3890.0
2025-11-21T17:39:00Z,354.67498779296875,354.9800109863281,354.67498779296875,354.9100036621094,354.9100036621094,2585.0
2025-11-21T17:40:00Z,354.9549865722656,355.17999267578125,354.8800048828125,355.0050048828125,355.0050048828125,7421.0
2025-11-21T17:41:00Z,355.0050048828125,355.07000732421875,354.70001220703125,355.0400085449219,355.0400085449219,3402.0
2025-11-21T17:42:00Z,355.0199890136719,355.30999755859375,355.0199890136719,355.2550048828125,355.2550048828125,2162.0
2025-11-21T17:43:00Z,355.3949890136719,355.50079345703125,355.2099914550781,355.3800048828125,355.3800048828125,3215.0
2025-11-21T17:44:00Z,355.4100036621094,355.44000244140625,355.17999267578125,355.2275085449219,355.2275085449219,4064.0
2025-11-21T17:45:00Z,355.2349853515625,355.3699951171875,355.1000061035156,355.2200012207031,355.2200012207031,5264.0
2025-11-21T17:46:00Z,355.2349853515625,355.2349853515625,354.739990234375,354.8299865722656,354.8299865722656,2786.0
2025-11-21T17:47:00Z,354.9800109863281,355.0,354.5799865722656,354.6400146484375,354.6400146484375,4482.0
2025-11-21T17:48:00Z,354.7349853515625,354.9700012207031,354.6199951171875,354.9700012207031,354.9700012207031,1143.0
2025-11-21T17:49:00Z,355.0299987792969,355.2099914550781,354.94000244140625,355.0150146484375,355.0150146484375,2439.0
2025-11-21T17:50:00Z,355.0150146484375,355.0150146484375,354.3500061035156,354.510009765625,354.510009765625,3917.0
2025-11-21T17:51:00Z,354.4200134277344,354.6700134277344,354.2900085449219,354.5400085449219,354.5400085449219,6907.0
2025-11-21T17:52:00Z,354.5199890136719,354.5199890136719,354.1014404296875,354.19500732421875,354.19500732421875,2258.0
2025-11-21T17:53:00Z,354.2724914550781,354.2749938964844,354.1700134277344,354.1700134277344,354.1700134277344,1192.0
2025-11-21T17:54:00Z,354.19000244140625,354.67999267578125,354.0299987792969,354.6400146484375,354.6400146484375,9041.0
2025-11-21T17:55:00Z,354.6499938964844,354.8699951171875,354.6499938964844,354.70001220703125,354.70001220703125,8427.0
2025-11-21T17:56:00Z,354.864990234375,354.989990234375,354.5400085449219,354.5400085449219,354.5400085449219,7062.0
2025-11-21T17:57:00Z,354.54998779296875,354.54998779296875,354.1575012207031,354.5299987792969,354.5299987792969,2252.0
2025-11-21T17:58:00Z,354.4598083496094,354.6499938964844,354.2900085449219,354.54998779296875,354.54998779296875,2372.0
2025-11-21T17:59:00Z,354.32000732421875,354.42999267578125,354.2300109863281,354.3800048828125,354.3800048828125,6447.0
2025-11-21T18:00:00Z,354.5299987792969,354.6300048828125,354.44000244140625,354.5899963378906,354.5899963378906,2511.0
2025-11-21T18:01:00Z,354.30999755859375,354.4200134277344,354.1499938964844,354.2799987792969,354.2799987792969,2574.0
2025-11-21T18:02:00Z,354.3500061035156,354.4100036621094,353.989990234375,354.0249938964844,354.0249938964844,2306.0
2025-11-21T18:03:00Z,354.0249938964844,354.1499938964844,353.9100036621094,354.1499938964844,354.1499938964844,1457.0
2025-11-21T18:04:00Z,354.0199890136719,354.0199890136719,353.29998779296875,353.29998779296875,353.29998779296875,4510.0
2025-11-21T18:05:00Z,353.3500061035156,353.3500061035156,353.1199951171875,353.1199951171875,353.1199951171875,1667.0
2025-11-21T18:06:00Z,353.2699890136719,353.2699890136719,352.7699890136719,352.92999267578125,352.92999267578125,18514.0
2025-11-21T18:07:00Z,352.9100036621094,352.9700012207031,352.68499755859375,352.68499755859375,352.68499755859375,2604.0
2025-11-21T18:08:00Z,352.5849914550781,352.5849914550781,352.20001220703125,352.20001220703125,352.20001220703125,3085.0
2025-11-21T18:09:00Z,352.1199951171875,352.5498962402344,352.0,352.0,352.0,8939.0
2025-11-21T18:10:00Z,351.989990234375,352.0400085449219,351.8399963378906,351.9649963378906,351.9649963378906,4109.0
2025-11-21T18:11:00Z,352.07000732421875,352.0799865722656,351.3399963378906,351.8900146484375,351.8900146484375,10660.0
2025-11-21T18:12:00Z,351.79998779296875,352.0199890136719,351.7349853515625,351.9150085449219,351.9150085449219,2897.0
2025-11-21T18:13:00Z,351.9150085449219,352.2379150390625,351.9150085449219,352.06500244140625,352.06500244140625,2436.0
2025-11-21T18:14:00Z,351.8999938964844,352.06500244140625,351.8299865722656,351.989990234375,351.989990234375,2831.0
2025-11-21T18:15:00Z,351.9100036621094,351.9700012207031,351.7300109863281,351.9700012207031,351.9700012207031,2135.0
2025-11-21T18:16:00Z,351.7749938964844,352.07000732421875,351.6000061035156,352.0050048828125,352.0050048828125,2530.0
2025-11-21T18:17:00Z,351.9649963378906,351.9649963378906,351.69000244140625,351.7449951171875,351.7449951171875,1479.0
2025-11-21T18:18:00Z,351.75,351.80999755859375,351.6700134277344,351.697509765625,351.697509765625,3304.0
2025-11-21T18:19:00Z,351.581298828125,351.95001220703125,351.581298828125,351.8949890136719,351.8949890136719,2506.0
2025-11-21T18:20:00Z,351.80999755859375,351.9700012207031,351.590087890625,351.9700012207031,351.9700012207031,3570.0
2025-11-21T18:21:00Z,351.9700012207031,352.3599853515625,351.875,352.3599853515625,352.3599853515625,3564.0
2025-11-21T18:22:00Z,352.3599853515625,352.3599853515625,351.79010009765625,352.0,352.0,4212.0
2025-11-21T18:23:00Z,352.010009765625,352.2900085449219,351.989990234375,352.0,352.0,2188.0
2025-11-21T18:24:00Z,351.9599914550781,352.1099853515625,351.95001220703125,352.1099853515625,352.1099853515625,1773.0
2025-11-21T18:25:00Z,351.989990234375,352.2900085449219,351.8399963378906,352.2900085449219,352.2900085449219,2419.0
2025-11-21T18:26:00Z,352.2200012207031,352.3599853515625,352.0824890136719,352.1499938964844,352.1499938964844,3175.0
2025-11-21T18:27:00Z,352.125,352.125,351.8599853515625,352.0799865722656,352.0799865722656,1793.0
2025-11-21T18:28:00Z,352.239990234375,352.3999938964844,352.1408996582031,352.20001220703125,352.20001220703125,2208.0
2025-11-21T18:29:00Z,352.3800048828125,352.5799865722656,352.3450012207031,352.5799865722656,352.5799865722656,1209.0
2025-11-21T18:30:00Z,352.45001220703125,353.0199890136719,352.3699951171875,352.8550109863281,352.8550109863281,4276.0
2025-11-21T18:31:00Z,352.6600036621094,353.1400146484375,352.6600036621094,353.1400146484375,353.1400146484375,2034.0
2025-11-21T18:32:00Z,353.260009765625,353.6000061035156,353.19000244140625,353.4599914550781,353.4599914550781,5688.0
2025-11-21T18:33:00Z,353.4599914550781,353.6000061035156,353.1243896484375,353.19500732421875,353.19500732421875,3558.0
2025-11-21T18:34:00Z,353.20001220703125,353.4200134277344,353.1499938964844,353.1499938964844,353.1499938964844,961.0
2025-11-21T18:35:00Z,353.2200012207031,353.4800109863281,353.1700134277344,353.4800109863281,353.4800109863281,4539.0
2025-11-21T18:36:00Z,353.5,353.7799987792969,353.5,353.7699890136719,353.7699890136719,4398.0
2025-11-21T18:37:00Z,353.8599853515625,354.05999755859375,353.760009765625,354.05999755859375,354.05999755859375,2657.0
2025-11-21T18:38:00Z,354.0799865722656,354.0799865722656,353.8017883300781,353.8017883300781,353.8017883300781,2713.0
2025-11-21T18:39:00Z,354.010009765625,354.1400146484375,354.010009765625,354.1000061035156,354.1000061035156,2135.0
2025-11-21T18:40:00Z,353.989990234375,354.1492919921875,353.80999755859375,354.010009765625,354.010009765625,3868.0
2025-11-21T18:41:00Z,353.927490234375,354.0899963378906,353.8999938964844,354.0400085449219,354.0400085449219,1461.0
2025-11-21T18:42:00Z,354.0899963378906,354.2900085449219,354.05999755859375,354.2799987792969,354.2799987792969,3047.0
2025-11-21T18:43:00Z,354.1817932128906,354.2799987792969,353.840087890625,354.06500244140625,354.06500244140625,3191.0
2025-11-21T18:44:00Z,354.1449890136719,354.1449890136719,353.95001220703125,353.95001220703125,353.95001220703125,1404.0
2025-11-21T18:45:00Z,353.989990234375,354.1099853515625,353.9390869140625,353.9800109863281,353.9800109863281,2103.0
2025-11-21T18:46:00Z,353.9800109863281,353.9800109863281,353.7200012207031,353.7200012207031,353.7200012207031,2992.0
2025-11-21T18:47:00Z,353.7950134277344,353.94000244140625,353.6700134277344,353.94000244140625,353.94000244140625,2592.0
2025-11-21T18:48:00Z,354.0400085449219,355.489990234375,354.0400085449219,355.239990234375,355.239990234375,14688.0
2025-11-21T18:49:00Z,355.239990234375,355.45001220703125,355.0,355.05999755859375,355.05999755859375,1927.0
2025-11-21T18:50:00Z,355.2799987792969,355.7699890136719,355.1700134277344,355.6199951171875,355.6199951171875,9398.0
2025-11-21T18:51:00Z,355.6448059082031,355.7699890136719,355.3900146484375,355.54998779296875,355.54998779296875,11791.0
2025-11-21T18:52:00Z,355.6300048828125,355.6400146484375,355.1199951171875,355.1600036621094,355.1600036621094,8506.0
2025-11-21T18:53:00Z,355.260009765625,355.6199951171875,355.25,355.5199890136719,355.5199890136719,4909.0
2025-11-21T18:54:00Z,355.4100036621094,355.5,355.0,355.0,355.0,10247.0
2025-11-21T18:55:00Z,354.864990234375,355.3500061035156,354.75,355.260009765625,355.260009765625,5599.0
2025-11-21T18:56:00Z,355.1300048828125,355.1300048828125,354.7799987792969,354.7799987792969,354.7799987792969,3373.0
2025-11-21T18:57:00Z,354.8399963378906,354.8450012207031,354.3254089355469,354.3254089355469,354.3254089355469,7961.0
2025-11-21T18:58:00Z,354.5,355.0199890136719,354.5,355.0199890136719,355.0199890136719,3120.0
2025-11-21T18:59:00Z,354.78863525390625,355.0400085449219,354.7200012207031,354.923095703125,354.923095703125,6758.0
2025-11-21T19:00:00Z,354.885009765625,355.1300048828125,354.760009765625,354.9800109863281,354.9800109863281,5047.0
2025-11-21T19:01:00Z,355.0400085449219,355.2749938964844,354.8905029296875,354.8999938964844,354.8999938964844,7870.0
2025-11-21T19:02:00Z,354.8999938964844,354.8999938964844,354.5899963378906,354.7799987792969,354.7799987792969,7330.0
2025-11-21T19:03:00Z,354.7799987792969,355.0400085449219,354.69000244140625,354.7799987792969,354.7799987792969,3398.0
2025-11-21T19:04:00Z,354.9200134277344,354.9700012207031,354.739990234375,354.9200134277344,354.9200134277344,2879.0
2025-11-21T19:05:00Z,354.9800109863281,355.19000244140625,354.8999938964844,355.17999267578125,355.17999267578125,2653.0
2025-11-21T19:06:00Z,355.0400085449219,355.3399963378906,355.0400085449219,355.3399963378906,355.3399963378906,2042.0
2025-11-21T19:07:00Z,355.3500061035156,355.5950012207031,355.260009765625,355.5150146484375,355.5150146484375,7222.0
2025-11-21T19:08:00Z,355.5150146484375,355.5299987792969,355.3500061035156,355.5299987792969,355.5299987792969,10570.0
2025-11-21T19:09:00Z,355.6199951171875,355.760009765625,355.3299865722656,355.3299865722656,355.3299865722656,7910.0
2025-11-21T19:10:00Z,355.4200134277344,355.5,355.1000061035156,355.1650085449219,355.1650085449219,3912.0
2025-11-21T19:11:00Z,355.1600036621094,355.1600036621094,355.0799865722656,355.1156005859375,355.1156005859375,2027.0
2025-11-21T19:12:00Z,355.0899963378906,355.4346008300781,354.9872131347656,355.2349853515625,355.2349853515625,1529.0
2025-11-21T19:13:00Z,355.2349853515625,355.44000244140625,354.8450012207031,354.8450012207031,354.8450012207031,7849.0
2025-11-21T19:14:00Z,354.80499267578125,355.1799011230469,354.80499267578125,355.0350036621094,355.0350036621094,1808.0
2025-11-21T19:15:00Z,355.0450134277344,355.1499938964844,354.7699890136719,354.95001220703125,354.95001220703125,2816.0
2025-11-21T19:16:00Z,354.9599914550781,355.2900085449219,354.95001220703125,355.1650085449219,355.1650085449219,7037.0
2025-11-21T19:17:00Z,355.1099853515625,355.1700134277344,354.94000244140625,354.9599914550781,354.9599914550781,3453.0
2025-11-21T19:18:00Z,354.8800048828125,355.04998779296875,354.7300109863281,355.0050048828125,355.0050048828125,3492.0
2025-11-21T19:19:00Z,355.1300048828125,355.57000732421875,355.1300048828125,355.44500732421875,355.44500732421875,1277.0
2025-11-21T19:20:00Z,355.3299865722656,355.7699890136719,355.3299865722656,355.75,355.75,3083.0
2025-11-21T19:21:00Z,355.70001220703125,355.7333984375,355.3699951171875,355.7333984375,355.7333984375,3163.0
2025-11-21T19:22:00Z,355.6000061035156,355.6499938964844,355.4750061035156,355.510009765625,355.510009765625,2547.0
2025-11-21T19:23:00Z,355.510009765625,355.510009765625,355.1400146484375,355.2699890136719,355.2699890136719,4390.0
2025-11-21T19:24:00Z,355.20001220703125,355.2580871582031,355.07000732421875,355.1499938964844,355.1499938964844,1802.0
2025-11-21T19:25:00Z,355.0199890136719,355.3399963378906,355.0199890136719,355.3399963378906,355.3399963378906,2725.0
2025-11-21T19:26:00Z,355.3236999511719,355.45001220703125,355.0299987792969,355.3349914550781,355.3349914550781,5634.0
2025-11-21T19:27:00Z,355.3185119628906,355.3599853515625,355.2200012207031,355.29998779296875,355.29998779296875,981.0
2025-11-21T19:28:00Z,355.239990234375,355.3800048828125,355.17999267578125,355.2300109863281,355.2300109863281,3299.0
2025-11-21T19:29:00Z,355.2300109863281,355.3599853515625,355.0201110839844,355.0201110839844,355.0201110839844,3220.0
2025-11-21T19:30:00Z,355.0199890136719,355.3699951171875,354.9700012207031,354.9700012207031,354.9700012207031,3265.0
2025-11-21T19:31:00Z,354.9100036621094,355.0299987792969,354.8070068359375,354.8699951171875,354.8699951171875,3543.0
2025-11-21T19:32:00Z,354.95001220703125,355.0299987792969,354.6300048828125,354.6300048828125,354.6300048828125,3949.0
2025-11-21T19:33:00Z,354.7149963378906,354.7349853515625,354.57000732421875,354.6199951171875,354.6199951171875,2938.0
2025-11-21T19:34:00Z,354.6099853515625,354.7200012207031,354.5799865722656,354.6650085449219,354.6650085449219,2470.0
2025-11-21T19:35:00Z,354.7300109863281,355.1050109863281,354.7250061035156,355.1050109863281,355.1050109863281,2753.0
2025-11-21T19:36:00Z,355.260009765625,355.30999755859375,355.25,355.30999755859375,355.30999755859375,778.0
2025-11-21T19:37:00Z,355.20001220703125,355.6499938964844,355.19000244140625,355.6099853515625,355.6099853515625,2556.0
2025-11-21T19:38:00Z,355.6099853515625,355.739990234375,355.5400085449219,355.7149963378906,355.7149963378906,2888.0
2025-11-21T19:39:00Z,355.70001220703125,355.8299865722656,355.67999267578125,355.67999267578125,355.67999267578125,3250.0
2025-11-21T19:40:00Z,355.6700134277344,355.7300109863281,355.4200134277344,355.5299987792969,355.5299987792969,2573.0
2025-11-21T19:41:00Z,355.42999267578125,355.6099853515625,355.3900146484375,355.465087890625,355.465087890625,2609.0
2025-11-21T19:42:00Z,355.489990234375,355.510009765625,354.9713134765625,355.26251220703125,355.26251220703125,3685.0
2025-11-21T19:43:00Z,355.20001220703125,355.2699890136719,355.0899963378906,355.0899963378906,355.0899963378906,2161.0
2025-11-21T19:44:00Z,355.04998779296875,355.114990234375,354.8999938964844,355.04998779296875,355.04998779296875,2718.0
2025-11-21T19:45:00Z,355.0199890136719,355.1099853515625,354.94000244140625,355.1099853515625,355.1099853515625,1932.0
2025-11-21T19:46:00Z,355.1600036621094,355.20001220703125,355.010009765625,355.1199951171875,355.1199951171875,3022.0
2025-11-21T19:47:00Z,355.0199890136719,355.0199890136719,354.82000732421875,355.010009765625,355.010009765625,3682.0
2025-11-21T19:48:00Z,355.010009765625,355.32000732421875,355.010009765625,355.0950012207031,355.0950012207031,4122.0
2025-11-21T19:49:00Z,355.04998779296875,355.07000732421875,354.8800048828125,354.8800048828125,354.8800048828125,2620.0
2025-11-21T19:50:00Z,355.1199951171875,355.1600036621094,354.8399963378906,354.9200134277344,354.9200134277344,2321.0
2025-11-21T19:51:00Z,354.8599853515625,354.8599853515625,354.69000244140625,354.7799987792969,354.7799987792969,2177.0
2025-11-21T19:52:00Z,354.9100036621094,355.0199890136719,354.6700134277344,354.67498779296875,354.67498779296875,3526.0
2025-11-21T19:53:00Z,354.5799865722656,354.5799865722656,354.2099914550781,354.260009765625,354.260009765625,2939.0
2025-11-21T19:54:00Z,354.20001220703125,354.25,353.92999267578125,354.2099914550781,354.2099914550781,4506.0
2025-11-21T19:55:00Z,354.2200012207031,354.6224060058594,354.2200012207031,354.5249938964844,354.5249938964844,3481.0
2025-11-21T19:56:00Z,354.3800048828125,354.5589904785156,354.17999267578125,354.260009765625,354.260009765625,1717.0
2025-11-21T19:57:00Z,354.2300109863281,354.2300109863281,353.90008544921875,353.9100036621094,353.9100036621094,1667.0
2025-11-21T19:58:00Z,353.95001220703125,354.0799865722656,353.95001220703125,354.04998779296875,354.04998779296875,2933.0
2025-11-21T19:59:00Z,354.010009765625,354.3699951171875,353.9700012207031,354.2550048828125,354.2550048828125,3691.0
2025-11-21T20:00:00Z,354.32000732421875,354.6050109863281,354.07000732421875,354.3699951171875,354.3699951171875,16374.0
2025-11-21T20:01:00Z,354.375,354.6000061035156,354.375,354.5899963378906,354.5899963378906,2868.0
2025-11-21T20:02:00Z,354.677001953125,354.68499755859375,354.489990234375,354.68499755859375,354.68499755859375,2159.0
2025-11-21T20:03:00Z,354.75,354.8500061035156,354.4800109863281,354.6499938964844,354.6499938964844,3512.0
2025-11-21T20:04:00Z,354.55499267578125,354.55499267578125,354.32000732421875,354.4549865722656,354.4549865722656,1411.0
2025-11-21T20:05:00Z,354.4700012207031,354.5899963378906,354.44000244140625,354.489990234375,354.489990234375,1299.0
2025-11-21T20:06:00Z,354.4100036621094,354.67999267578125,354.4100036621094,354.4949951171875,354.4949951171875,3148.0
2025-11-21T20:07:00Z,354.42999267578125,354.5849914550781,354.42999267578125,354.489990234375,354.489990234375,2681.0
2025-11-21T20:08:00Z,354.4100036621094,354.4100036621094,354.0,354.1700134277344,354.1700134277344,5094.0
2025-11-21T20:09:00Z,354.17498779296875,354.30999755859375,354.1000061035156,354.239990234375,354.239990234375,1896.0
2025-11-21T20:10:00Z,354.2650146484375,354.2966003417969,353.9800109863281,354.2300109863281,354.2300109863281,3276.0
2025-11-21T20:11:00Z,354.3599853515625,354.44000244140625,354.2449951171875,354.44000244140625,354.44000244140625,1361.0
2025-11-21T20:12:00Z,354.3299865722656,354.69000244140625,354.3299865722656,354.597412109375,354.597412109375,4657.0
2025-11-21T20:13:00Z,354.45001220703125,354.45001220703125,354.2300109863281,354.25,354.25,2469.0
2025-11-21T20:14:00Z,354.3800048828125,354.3900146484375,353.9200134277344,353.989990234375,353.989990234375,2866.0
2025-11-21T20:15:00Z,353.989990234375,353.989990234375,353.80499267578125,353.90008544921875,353.90008544921875,3646.0
2025-11-21T20:16:00Z,353.7799987792969,353.8999938964844,353.54998779296875,353.8999938964844,353.8999938964844,5027.0
2025-11-21T20:17:00Z,354.0299987792969,354.0400085449219,353.6600036621094,353.7200012207031,353.7200012207031,3884.0
2025-11-21T20:18:00Z,353.7900085449219,353.83990478515625,353.6600036621094,353.83990478515625,353.83990478515625,4516.0
2025-11-21T20:19:00Z,353.8399963378906,353.8399963378906,353.375,353.5400085449219,353.5400085449219,14547.0
2025-11-21T20:20:00Z,353.56500244140625,353.6300048828125,353.2449951171875,353.3900146484375,353.3900146484375,4002.0
2025-11-21T20:21:00Z,353.32000732421875,353.5199890136719,353.32000732421875,353.5199890136719,353.5199890136719,1895.0
2025-11-21T20:22:00Z,353.5899963378906,353.5899963378906,353.11749267578125,353.19500732421875,353.19500732421875,5292.0
2025-11-21T20:23:00Z,353.1400146484375,353.1400146484375,352.8500061035156,352.9599914550781,352.9599914550781,3554.0
2025-11-21T20:24:00Z,352.8599853515625,352.8599853515625,352.6099853515625,352.7909851074219,352.7909851074219,3501.0
2025-11-21T20:25:00Z,352.8349914550781,353.0899963378906,352.8349914550781,352.93499755859375,352.93499755859375,4580.0
2025-11-21T20:26:00Z,353.0299987792969,353.0299987792969,352.7799987792969,352.7799987792969,352.7799987792969,3629.0
2025-11-21T20:27:00Z,352.81500244140625,352.82501220703125,352.4649963378906,352.510009765625,352.510009765625,3544.0
2025-11-21T20:28:00Z,352.5899963378906,352.6199951171875,352.2300109863281,352.44000244140625,352.44000244140625,3538.0
2025-11-21T20:29:00Z,352.32000732421875,352.32000732421875,352.0899963378906,352.1499938964844,352.1499938964844,3511.0
2025-11-21T20:30:00Z,352.0539855957031,352.1400146484375,351.9209899902344,352.04998779296875,352.04998779296875,5554.0
2025-11-21T20:31:00Z,351.9549865722656,352.1300048828125,351.8699951171875,351.9599914550781,351.9599914550781,4710.0
2025-11-21T20:32:00Z,352.010009765625,352.3500061035156,352.010009765625,352.3500061035156,352.3500061035156,6878.0
2025-11-21T20:33:00Z,352.3550109863281,352.8450012207031,352.2950134277344,352.7950134277344,352.7950134277344,5630.0
2025-11-21T20:34:00Z,352.7900085449219,352.7900085449219,352.5899963378906,352.5899963378906,352.5899963378906,5829.0
2025-11-21T20:35:00Z,352.5799865722656,353.239990234375,352.54998779296875,353.239990234375,353.239990234375,3997.0
2025-11-21T20:36:00Z,353.1300048828125,353.4100036621094,353.0199890136719,353.1300048828125,353.1300048828125,3558.0
2025-11-21T20:37:00Z,352.9700012207031,353.0799865722656,352.8089904785156,352.8583984375,352.8583984375,2369.0
2025-11-21T20:38:00Z,352.92498779296875,353.1099853515625,352.82501220703125,353.1099853515625,353.1099853515625,5848.0
2025-11-21T20:39:00Z,353.1099853515625,353.1300048828125,352.9100036621094,353.05999755859375,353.05999755859375,5763.0
2025-11-21T20:40:00Z,353.0350036621094,353.1600036621094,352.6700134277344,353.1000061035156,353.1000061035156,9748.0
2025-11-21T20:41:00Z,353.135009765625,353.1700134277344,352.94000244140625,352.9800109863281,352.9800109863281,7994.0
2025-11-21T20:42:00Z,352.95001220703125,353.1000061035156,352.7900085449219,352.8652038574219,352.8652038574219,6296.0
2025-11-21T20:43:00Z,352.9100036621094,353.07501220703125,352.7909851074219,352.9800109863281,352.9800109863281,12018.0
2025-11-21T20:44:00Z,352.8800048828125,353.1300048828125,352.8009948730469,353.1099853515625,353.1099853515625,8740.0
2025-11-21T20:45:00Z,353.20001220703125,353.69000244140625,353.1600036621094,353.6300048828125,353.6300048828125,8829.0
2025-11-21T20:46:00Z,353.67999267578125,353.7300109863281,353.52899169921875,353.5299987792969,353.5299987792969,9673.0
2025-11-21T20:47:00Z,353.6000061035156,353.79998779296875,353.5450134277344,353.6400146484375,353.6400146484375,8279.0
2025-11-21T20:48:00Z,353.6099853515625,353.6400146484375,353.2900085449219,353.614990234375,353.614990234375,9589.0
2025-11-21T20:49:00Z,353.6099853515625,353.6300048828125,353.3599853515625,353.4700012207031,353.4700012207031,12656.0
2025-11-21T20:50:00Z,353.3599853515625,354.0299987792969,353.0,353.5400085449219,353.5400085449219,18734.0
2025-11-21T20:51:00Z,353.6199951171875,353.6199951171875,353.18499755859375,353.19000244140625,353.19000244140625,10289.0
2025-11-21T20:52:00Z,353.19000244140625,353.45001220703125,353.1600036621094,353.4100036621094,353.4100036621094,17139.0
2025-11-21T20:53:00Z,353.45001220703125,353.4599914550781,353.17999267578125,353.239990234375,353.239990234375,16535.0
2025-11-21T20:54:00Z,353.25,353.3800048828125,353.0899963378906,353.1700134277344,353.1700134277344,20225.0
2025-11-21T20:55:00Z,353.0400085449219,353.6700134277344,353.0400085449219,353.32000732421875,353.32000732421875,29870.0
2025-11-21T20:56:00Z,353.2099914550781,353.6099853515625,353.2099914550781,353.55999755859375,353.55999755859375,32043.0
2025-11-21T20:57:00Z,353.510009765625,353.5799865722656,353.29998779296875,353.3999938964844,353.3999938964844,41920.0
2025-11-21T20:58:00Z,353.3599853515625,353.5899963378906,352.9800109863281,353.0299987792969,353.0299987792969,53771.0
2025-11-21T20:59:00Z,353.04998779296875,353.20001220703125,352.75,352.9800109863281,352.9800109863281,137893.0
2025-11-24T14:30:00Z,353.6199951171875,353.6600036621094,351.0,351.7099914550781,351.7099914550781,34666.0
2025-11-24T14:31:00Z,351.7099914550781,353.15130615234375,351.7099914550781,352.6700134277344,352.6700134277344,5404.0
2025-11-24T14:32:00Z,352.8900146484375,352.8900146484375,351.8999938964844,352.2550048828125,352.2550048828125,2049.0
2025-11-24T14:33:00Z,352.2749938964844,352.3800048828125,351.3399963378906,351.7049865722656,351.7049865722656,8748.0
2025-11-24T14:34:00Z,351.7049865722656,351.94000244140625,351.3599853515625,351.75,351.75,2634.0
2025-11-24T14:35:00Z,351.8699951171875,352.1300048828125,351.20001220703125,351.70001220703125,351.70001220703125,5316.0
2025-11-24T14:36:00Z,351.6300048828125,352.05999755859375,351.3900146484375,351.614990234375,351.614990234375,1925.0
2025-11-24T14:37:00Z,351.6099853515625,351.6099853515625,350.5899963378906,350.8299865722656,350.8299865722656,8365.0
2025-11-24T14:38:00Z,351.1600036621094,351.17999267578125,350.5700988769531,350.7850036621094,350.7850036621094,3477.0
2025-11-24T14:39:00Z,350.7850036621094,350.7850036621094,350.18011474609375,350.67999267578125,350.67999267578125,10133.0
2025-11-24T14:40:00Z,350.4075927734375,351.1300048828125,350.2799987792969,350.5450134277344,350.5450134277344,7764.0
2025-11-24T14:41:00Z,350.79998779296875,351.4100036621094,350.5895080566406,351.17498779296875,351.17498779296875,2960.0
2025-11-24T14:42:00Z,351.1700134277344,352.2799987792969,351.0712890625,352.260009765625,352.260009765625,7699.0
2025-11-24T14:43:00Z,351.8699951171875,352.1000061035156,351.5299987792969,351.67999267578125,351.67999267578125,9535.0
2025-11-24T14:44:00Z,351.67999267578125,351.7300109863281,351.4700012207031,351.69000244140625,351.69000244140625,5429.0
2025-11-24T14:45:00Z,351.67999267578125,352.2699890136719,351.3100891113281,351.5199890136719,351.5199890136719,11414.0
2025-11-24T14:46:00Z,351.54998779296875,351.8599853515625,351.44000244140625,351.75,351.75,5155.0
2025-11-24T14:47:00Z,351.92999267578125,352.0799865722656,351.75,352.07000732421875,352.07000732421875,3851.0
2025-11-24T14:48:00Z,352.3799133300781,352.3799133300781,351.5115051269531,351.55999755859375,351.55999755859375,4892.0
2025-11-24T14:49:00Z,351.4599914550781,351.5199890136719,350.375,350.5989990234375,350.5989990234375,16354.0
2025-11-24T14:50:00Z,350.79998779296875,351.2799987792969,350.42999267578125,351.0899963378906,351.0899963378906,15201.0
2025-11-24T14:51:00Z,351.0799865722656,351.6000061035156,350.864990234375,351.4649963378906,351.4649963378906,12499.0
2025-11-24T14:52:00Z,351.57000732421875,352.2799987792969,351.4849853515625,352.2799987792969,352.2799987792969,3410.0
2025-11-24T14:53:00Z,352.05999755859375,352.7900085449219,352.05499267578125,352.7900085449219,352.7900085449219,2757.0
2025-11-24T14:54:00Z,352.7200012207031,352.8299865722656,352.1099853515625,352.1099853515625,352.1099853515625,3593.0
2025-11-24T14:55:00Z,351.67999267578125,351.9700012207031,351.55010986328125,351.6203918457031,351.6203918457031,2880.0
2025-11-24T14:56:00Z,351.8550109863281,352.70001220703125,351.82000732421875,352.31500244140625,352.31500244140625,10320.0
2025-11-24T14:57:00Z,352.6199951171875,352.8999938964844,352.5150146484375,352.8399963378906,352.8399963378906,2475.0
2025-11-24T14:58:00Z,352.8399963378906,353.63531494140625,352.6000061035156,353.3900146484375,353.3900146484375,3686.0
2025-11-24T14:59:00Z,353.3900146484375,354.1000061035156,353.22088623046875,354.0199890136719,354.0199890136719,11087.0
2025-11-24T15:00:00Z,354.4849853515625,355.2799987792969,354.32000732421875,355.0799865722656,355.0799865722656,15826.0
2025-11-24T15:01:00Z,355.1199951171875,355.1199951171875,354.489990234375,354.9100036621094,354.9100036621094,2004.0
2025-11-24T15:02:00Z,354.9100036621094,354.9100036621094,354.0899963378906,354.17559814453125,354.17559814453125,6385.0
2025-11-24T15:03:00Z,354.1199951171875,354.239990234375,353.8699951171875,353.8699951171875,353.8699951171875,12335.0
2025-11-24T15:04:00Z,353.760009765625,353.7799987792969,353.30999755859375,353.7799987792969,353.7799987792969,4567.0
2025-11-24T15:05:00Z,353.70001220703125,353.70001220703125,352.6499938964844,352.6499938964844,352.6499938964844,6717.0
2025-11-24T15:06:00Z,352.9700012207031,352.9700012207031,352.3399963378906,352.3999938964844,352.3999938964844,3876.0
2025-11-24T15:07:00Z,352.3999938964844,352.5299987792969,352.2300109863281,352.260009765625,352.260009765625,4342.0
2025-11-24T15:08:00Z,352.2300109863281,352.4100036621094,351.94500732421875,352.1700134277344,352.1700134277344,7634.0
2025-11-24T15:09:00Z,352.1300048828125,352.3399963378906,351.9949951171875,352.3299865722656,352.3299865722656,6942.0
2025-11-24T15:10:00Z,352.2463073730469,352.6549987792969,352.2463073730469,352.4599914550781,352.4599914550781,2162.0
2025-11-24T15:11:00Z,352.6700134277344,352.67999267578125,351.9599914550781,352.2200012207031,352.2200012207031,5537.0
2025-11-24T15:12:00Z,352.1000061035156,352.19000244140625,351.80999755859375,352.05499267578125,352.05499267578125,4879.0
2025-11-24T15:13:00Z,352.0849914550781,352.3627014160156,352.0,352.0,352.0,2206.0
2025-11-24T15:14:00Z,352.2300109863281,352.45001220703125,352.17999267578125,352.3999938964844,352.3999938964844,4959.0
2025-11-24T15:15:00Z,352.32501220703125,352.8949890136719,352.25,352.8949890136719,352.8949890136719,5759.0
2025-11-24T15:16:00Z,352.8299865722656,353.010009765625,352.80999755859375,352.8450012207031,352.8450012207031,2212.0
2025-11-24T15:17:00Z,353.010009765625,353.25,352.8699951171875,353.2250061035156,353.2250061035156,30134.0
2025-11-24T15:18:00Z,353.2250061035156,353.45001220703125,353.04998779296875,353.125,353.125,3955.0
2025-11-24T15:19:00Z,353.1600036621094,353.2799987792969,352.9200134277344,353.0899963378906,353.0899963378906,2953.0
2025-11-24T15:20:00Z,353.1700134277344,353.5199890136719,352.739990234375,353.29998779296875,353.29998779296875,4516.0
2025-11-24T15:21:00Z,353.2699890136719,353.7099914550781,353.2699890136719,353.4849853515625,353.4849853515625,2088.0
2025-11-24T15:22:00Z,353.4469909667969,353.510009765625,353.0199890136719,353.03009033203125,353.03009033203125,6773.0
2025-11-24T15:23:00Z,353.4700012207031,353.5,353.0849914550781,353.0849914550781,353.0849914550781,3676.0
2025-11-24T15:24:00Z,353.0411071777344,353.1400146484375,352.6000061035156,352.7323913574219,352.7323913574219,2538.0
2025-11-24T15:25:00Z,352.5799865722656,352.67999267578125,352.44500732421875,352.67999267578125,352.67999267578125,5893.0
2025-11-24T15:26:00Z,352.618408203125,352.7898864746094,352.4200134277344,352.44000244140625,352.44000244140625,1340.0
2025-11-24T15:27:00Z,352.6697998046875,352.989990234375,352.6000061035156,352.82000732421875,352.82000732421875,3988.0
2025-11-24T15:28:00Z,352.8999938964844,353.3949890136719,352.8550109863281,353.3949890136719,353.3949890136719,5192.0
2025-11-24T15:29:00Z,353.29998779296875,353.55999755859375,353.1000061035156,353.1000061035156,353.1000061035156,2798.0
2025-11-24T15:30:00Z,353.1000061035156,353.1000061035156,352.56500244140625,352.92498779296875,352.92498779296875,2739.0
2025-11-24T15:31:00Z,353.1099853515625,353.5199890136719,353.1099853515625,353.29998779296875,353.29998779296875,2453.0
2025-11-24T15:32:00Z,353.3200988769531,353.3200988769531,353.0199890136719,353.0400085449219,353.0400085449219,3023.0
2025-11-24T15:33:00Z,353.2250061035156,353.4200134277344,353.0400085449219,353.19000244140625,353.19000244140625,2078.0
2025-11-24T15:34:00Z,353.1000061035156,353.19000244140625,352.9700012207031,353.1700134277344,353.1700134277344,2593.0
2025-11-24T15:35:00Z,353.1700134277344,353.1700134277344,352.9700012207031,353.1700134277344,353.1700134277344,4486.0
2025-11-24T15:36:00Z,352.95001220703125,353.135009765625,352.8399963378906,353.04998779296875,353.04998779296875,1519.0
2025-11-24T15:37:00Z,353.0150146484375,353.17999267578125,352.8399963378906,352.8500061035156,352.8500061035156,2176.0
2025-11-24T15:38:00Z,352.8399963378906,353.0351867675781,352.68499755859375,353.0,353.0,2375.0
2025-11-24T15:39:00Z,352.8399963378906,353.25,352.8399963378906,353.0899963378906,353.0899963378906,2985.0
2025-11-24T15:40:00Z,353.2033996582031,353.2033996582031,352.7799987792969,352.9599914550781,352.9599914550781,10909.0
2025-11-24T15:41:00Z,353.0799865722656,353.239990234375,353.0799865722656,353.19000244140625,353.19000244140625,2780.0
2025-11-24T15:42:00Z,353.25,353.30999755859375,353.1099853515625,353.1549987792969,353.1549987792969,2451.0
2025-11-24T15:43:00Z,353.1449890136719,353.4200134277344,353.1400146484375,353.3038024902344,353.3038024902344,3644.0
2025-11-24T15:44:00Z,353.3218078613281,353.45001220703125,353.30999755859375,353.3399963378906,353.3399963378906,2861.0
2025-11-24T15:45:00Z,353.4599914550781,353.55999755859375,353.4599914550781,353.4700012207031,353.4700012207031,1243.0
2025-11-24T15:46:00Z,353.4700012207031,353.8399963378906,353.1300048828125,353.8399963378906,353.8399963378906,4673.0
2025-11-24T15:47:00Z,353.6650085449219,353.7466125488281,353.4700012207031,353.69500732421875,353.69500732421875,1545.0
2025-11-24T15:48:00Z,353.7300109863281,353.9200134277344,353.5299987792969,353.7044982910156,353.7044982910156,9756.0
2025-11-24T15:49:00Z,353.875,354.1600036621094,353.875,354.0050048828125,354.0050048828125,6239.0
2025-11-24T15:50:00Z,354.1400146484375,354.17999267578125,354.0837097167969,354.0837097167969,354.0837097167969,2007.0
2025-11-24T15:51:00Z,354.114990234375,354.3699951171875,354.114990234375,354.3699951171875,354.3699951171875,2199.0
2025-11-24T15:52:00Z,354.2799987792969,354.4150085449219,354.0400085449219,354.0400085449219,354.0400085449219,3302.0
2025-11-24T15:53:00Z,354.3699951171875,354.3999938964844,354.1300048828125,354.29998779296875,354.29998779296875,2265.0
2025-11-24T15:54:00Z,354.30999755859375,354.3550109863281,354.1600036621094,354.260009765625,354.260009765625,2291.0
2025-11-24T15:55:00Z,354.0899963378906,354.1400146484375,353.92999267578125,354.04998779296875,354.04998779296875,1892.0
2025-11-24T15:56:00Z,354.0907897949219,354.57000732421875,354.0907897949219,354.5400085449219,354.5400085449219,4516.0
2025-11-24T15:57:00Z,354.4649963378906,354.510009765625,354.4649963378906,354.510009765625,354.510009765625,424.0
2025-11-24T15:58:00Z,354.4649963378906,354.4700012207031,354.2101135253906,354.4700012207031,354.4700012207031,2747.0
2025-11-24T15:59:00Z,354.43499755859375,354.5299987792969,354.1400146484375,354.25,354.25,3855.0
2025-11-24T16:00:00Z,354.2850036621094,354.30999755859375,354.0350036621094,354.0350036621094,354.0350036621094,2524.0
2025-11-24T16:01:00Z,354.0899963378906,354.260009765625,354.0199890136719,354.1549987792969,354.1549987792969,2656.0
2025-11-24T16:02:00Z,354.1549987792969,354.6300048828125,354.10101318359375,354.6300048828125,354.6300048828125,3031.0
2025-11-24T16:03:00Z,354.69000244140625,354.92999267578125,354.6700134277344,354.92999267578125,354.92999267578125,6135.0
2025-11-24T16:04:00Z,354.7200012207031,354.7650146484375,354.7099914550781,354.7099914550781,354.7099914550781,2069.0
2025-11-24T16:05:00Z,354.7099914550781,354.82000732421875,354.7099914550781,354.81500244140625,354.81500244140625,6459.0
2025-11-24T16:06:00Z,354.8699951171875,355.1400146484375,354.8299865722656,355.1050109863281,355.1050109863281,8528.0
2025-11-24T16:07:00Z,355.1050109863281,355.19000244140625,354.94000244140625,355.1000061035156,355.1000061035156,2739.0
2025-11-24T16:08:00Z,355.1000061035156,355.239990234375,355.0,355.2250061035156,355.2250061035156,5712.0
2025-11-24T16:09:00Z,355.3599853515625,355.5799865722656,355.30999755859375,355.5400085449219,355.5400085449219,10041.0
2025-11-24T16:10:00Z,355.45001220703125,355.5299987792969,355.30999755859375,355.4200134277344,355.4200134277344,5595.0
2025-11-24T16:11:00Z,355.5199890136719,355.6520080566406,355.510009765625,355.6520080566406,355.6520080566406,2982.0
2025-11-24T16:12:00Z,355.5950012207031,355.8599853515625,355.57000732421875,355.7749938964844,355.7749938964844,7818.0
2025-11-24T16:13:00Z,355.7749938964844,355.92999267578125,355.6700134277344,355.92999267578125,355.92999267578125,8238.0
2025-11-24T16:14:00Z,355.95001220703125,355.95001220703125,355.56500244140625,355.5763854980469,355.5763854980469,4922.0
2025-11-24T16:15:00Z,355.6600036621094,355.7200012207031,355.3800048828125,355.4649963378906,355.4649963378906,2831.0
2025-11-24T16:16:00Z,355.4649963378906,355.54998779296875,355.3900146484375,355.5400085449219,355.5400085449219,3905.0
2025-11-24T16:17:00Z,355.55999755859375,355.6400146484375,355.5213928222656,355.6400146484375,355.6400146484375,2098.0
2025-11-24T16:18:00Z,355.5199890136719,355.57000732421875,355.239990234375,355.239990234375,355.239990234375,2117.0
2025-11-24T16:19:00Z,355.25,355.45001220703125,355.239990234375,355.45001220703125,355.45001220703125,1581.0
2025-11-24T16:20:00Z,355.44000244140625,355.67999267578125,355.3599853515625,355.3699951171875,355.3699951171875,4828.0
2025-11-24T16:21:00Z,355.30999755859375,355.69000244140625,355.260009765625,355.6300048828125,355.6300048828125,2857.0
2025-11-24T16:22:00Z,355.69000244140625,355.92999267578125,355.6499938964844,355.82000732421875,355.82000732421875,2093.0
2025-11-24T16:23:00Z,355.82000732421875,355.82000732421875,355.4700012207031,355.4700012207031,355.4700012207031,2143.0
2025-11-24T16:24:00Z,355.4649963378906,355.6050109863281,355.44000244140625,355.6050109863281,355.6050109863281,2215.0
2025-11-24T16:25:00Z,355.6000061035156,355.6979064941406,355.3399963378906,355.3399963378906,355.3399963378906,4343.0
2025-11-24T16:26:00Z,355.3900146484375,355.3900146484375,355.1600036621094,355.32501220703125,355.32501220703125,2879.0
2025-11-24T16:27:00Z,355.4200134277344,355.7200012207031,355.2799987792969,355.5799865722656,355.5799865722656,2995.0
2025-11-24T16:28:00Z,355.69000244140625,355.7799987792969,355.3699951171875,355.489990234375,355.489990234375,3836.0
2025-11-24T16:29:00Z,355.4700012207031,355.5299987792969,355.2699890136719,355.2699890136719,355.2699890136719,2300.0
2025-11-24T16:30:00Z,355.2699890136719,355.30999755859375,355.1199951171875,355.2200012207031,355.2200012207031,2023.0
2025-11-24T16:31:00Z,355.2250061035156,355.44000244140625,355.1549987792969,355.1700134277344,355.1700134277344,4328.0
2025-11-24T16:32:00Z,355.32000732421875,355.32000732421875,354.80999755859375,354.80999755859375,354.80999755859375,3148.0
2025-11-24T16:33:00Z,354.92999267578125,354.92999267578125,354.57000732421875,354.57000732421875,354.57000732421875,4131.0
2025-11-24T16:34:00Z,354.7699890136719,355.0249938964844,354.69500732421875,354.69500732421875,354.69500732421875,5044.0
2025-11-24T16:35:00Z,354.80169677734375,354.80169677734375,354.6099853515625,354.6600036621094,354.6600036621094,2674.0
2025-11-24T16:36:00Z,354.75,354.8699951171875,354.510009765625,354.70001220703125,354.70001220703125,2183.0
2025-11-24T16:37:00Z,354.82000732421875,354.9700012207031,354.80999755859375,354.95001220703125,354.95001220703125,1933.0
2025-11-24T16:38:00Z,355.0498962402344,355.0498962402344,354.95001220703125,354.95001220703125,354.95001220703125,373.0
2025-11-24T16:39:00Z,354.95001220703125,355.0299072265625,354.8699951171875,354.9100036621094,354.9100036621094,2231.0
2025-11-24T16:40:00Z,354.93499755859375,355.0199890136719,354.6700134277344,354.69000244140625,354.69000244140625,3749.0
2025-11-24T16:41:00Z,354.82000732421875,355.0,354.7699890136719,354.9700012207031,354.9700012207031,2569.0
2025-11-24T16:42:00Z,354.9200134277344,355.0400085449219,354.6300048828125,354.7799987792969,354.7799987792969,1797.0
2025-11-24T16:43:00Z,354.7850036621094,354.7850036621094,354.510009765625,354.6099853515625,354.6099853515625,3637.0
2025-11-24T16:44:00Z,354.70001220703125,354.81500244140625,354.70001220703125,354.7950134277344,354.7950134277344,2594.0
2025-11-24T16:45:00Z,354.80999755859375,354.8699951171875,354.6600036621094,354.760009765625,354.760009765625,3461.0
2025-11-24T16:46:00Z,354.82000732421875,354.8299865722656,354.614990234375,354.65008544921875,354.65008544921875,1688.0
2025-11-24T16:47:00Z,354.6499938964844,354.6549987792969,354.489990234375,354.54998779296875,354.54998779296875,1295.0
2025-11-24T16:48:00Z,354.54998779296875,354.6600036621094,354.44000244140625,354.5,354.5,3184.0
2025-11-24T16:49:00Z,354.5150146484375,354.5299987792969,354.385009765625,354.5249938964844,354.5249938964844,3118.0
2025-11-24T16:50:00Z,354.4599914550781,354.9949951171875,354.4599914550781,354.9949951171875,354.9949951171875,9262.0
2025-11-24T16:51:00Z,354.8699951171875,354.8699951171875,354.6700134277344,354.7300109863281,354.7300109863281,2261.0
2025-11-24T16:52:00Z,354.7250061035156,354.7250061035156,354.5899963378906,354.70001220703125,354.70001220703125,1058.0
2025-11-24T16:53:00Z,354.70001220703125,355.0,354.70001220703125,355.0,355.0,2897.0
2025-11-24T16:54:00Z,355.0150146484375,355.0150146484375,354.7300109863281,354.8999938964844,354.8999938964844,3404.0
2025-11-24T16:55:00Z,354.7300109863281,354.7300109863281,354.0400085449219,354.2200012207031,354.2200012207031,5076.0
2025-11-24T16:56:00Z,354.1000061035156,354.17999267578125,354.1000061035156,354.1549987792969,354.1549987792969,3743.0
2025-11-24T16:57:00Z,354.1474914550781,354.1549987792969,353.7900085449219,353.80999755859375,353.80999755859375,2750.0
2025-11-24T16:58:00Z,353.80999755859375,353.94000244140625,353.80499267578125,353.94000244140625,353.94000244140625,3041.0
2025-11-24T16:59:00Z,353.8500061035156,353.9949951171875,353.6700134277344,353.7569885253906,353.7569885253906,2615.0
2025-11-24T17:00:00Z,353.82000732421875,354.1099853515625,353.82000732421875,354.1099853515625,354.1099853515625,2874.0
2025-11-24T17:01:00Z,354.0249938964844,354.1199951171875,353.7799987792969,353.92999267578125,353.92999267578125,4652.0
2025-11-24T17:02:00Z,353.7699890136719,353.8113098144531,353.5101013183594,353.7049865722656,353.7049865722656,2828.0
2025-11-24T17:03:00Z,353.57000732421875,353.69500732421875,353.1600036621094,353.3500061035156,353.3500061035156,2791.0
2025-11-24T17:04:00Z,353.3500061035156,353.57000732421875,353.3500061035156,353.4649963378906,353.4649963378906,2159.0
2025-11-24T17:05:00Z,353.4649963378906,353.489990234375,353.30999755859375,353.489990234375,353.489990234375,902.0
2025-11-24T17:06:00Z,353.3500061035156,353.42999267578125,353.30499267578125,353.3800048828125,353.3800048828125,5751.0
2025-11-24T17:07:00Z,353.4800109863281,353.7699890136719,353.4800109863281,353.6300048828125,353.6300048828125,3514.0
2025-11-24T17:08:00Z,353.5799865722656,353.8699951171875,353.5799865722656,353.8699951171875,353.8699951171875,1996.0
2025-11-24T17:09:00Z,353.864990234375,353.864990234375,353.6700134277344,353.6700134277344,353.6700134277344,1313.0
2025-11-24T17:10:00Z,353.6300048828125,353.80999755859375,353.6099853515625,353.80999755859375,353.80999755859375,2066.0
2025-11-24T17:11:00Z,353.7200012207031,353.864990234375,353.7200012207031,353.82501220703125,353.82501220703125,3598.0
2025-11-24T17:12:00Z,353.82501220703125,354.239990234375,353.82501220703125,354.1820983886719,354.1820983886719,16198.0
2025-11-24T17:13:00Z,354.2099914550781,354.5,354.2099914550781,354.3699951171875,354.3699951171875,1849.0
2025-11-24T17:14:00Z,354.3800048828125,354.3800048828125,354.3800048828125,354.3800048828125,354.3800048828125,557.0
2025-11-24T17:15:00Z,354.3800048828125,354.4700012207031,354.1050109863281,354.2650146484375,354.2650146484375,3062.0
2025-11-24T17:16:00Z,354.3800048828125,354.4700012207031,354.375,354.42498779296875,354.42498779296875,1216.0
2025-11-24T17:17:00Z,354.4200134277344,354.55999755859375,354.2900085449219,354.55999755859375,354.55999755859375,862.0
2025-11-24T17:18:00Z,354.5,354.67999267578125,354.489990234375,354.5799865722656,354.5799865722656,4080.0
2025-11-24T17:19:00Z,354.5899963378906,354.6400146484375,354.5899963378906,354.6400146484375,354.6400146484375,609.0
2025-11-24T17:20:00Z,354.6400146484375,354.760009765625,354.6400146484375,354.6499938964844,354.6499938964844,1158.0
2025-11-24T17:21:00Z,354.760009765625,354.8399963378906,354.7300109863281,354.7799987792969,354.7799987792969,1666.0
2025-11-24T17:22:00Z,354.7799987792969,354.81500244140625,354.739990234375,354.739990234375,354.739990234375,1507.0
2025-11-24T17:23:00Z,354.7099914550781,354.80999755859375,354.4100036621094,354.4700012207031,354.4700012207031,2721.0
2025-11-24T17:24:00Z,354.4700012207031,354.54998779296875,354.30999755859375,354.30999755859375,354.30999755859375,3659.0
2025-11-24T17:25:00Z,354.2799987792969,354.4100036621094,354.1700134277344,354.40093994140625,354.40093994140625,2559.0
2025-11-24T17:26:00Z,354.29998779296875,354.29998779296875,354.1700134277344,354.239990234375,354.239990234375,1446.0
2025-11-24T17:27:00Z,354.32000732421875,354.3599853515625,354.20001220703125,354.20001220703125,354.20001220703125,3447.0
2025-11-24T17:28:00Z,354.32000732421875,354.4700012207031,354.2900085449219,354.4700012207031,354.4700012207031,1598.0
2025-11-24T17:29:00Z,354.4599914550781,354.5799865722656,354.4599914550781,354.54998779296875,354.54998779296875,1750.0
2025-11-24T17:30:00Z,354.5799865722656,354.6700134277344,354.44000244140625,354.44000244140625,354.44000244140625,2016.0
2025-11-24T17:31:00Z,354.44000244140625,354.44000244140625,353.92498779296875,353.989990234375,353.989990234375,11019.0
2025-11-24T17:32:00Z,353.989990234375,354.1300048828125,353.82000732421875,353.82000732421875,353.82000732421875,14089.0
2025-11-24T17:33:00Z,353.82000732421875,353.82000732421875,353.2950134277344,353.45001220703125,353.45001220703125,16487.0
2025-11-24T17:34:00Z,353.3599853515625,353.5199890136719,353.30499267578125,353.5150146484375,353.5150146484375,3773.0
2025-11-24T17:35:00Z,353.4787902832031,353.8699951171875,353.3900146484375,353.864990234375,353.864990234375,5186.0
2025-11-24T17:36:00Z,353.864990234375,354.1700134277344,353.864990234375,354.07501220703125,354.07501220703125,6353.0
2025-11-24T17:37:00Z,354.19000244140625,354.32501220703125,354.1400146484375,354.2349853515625,354.2349853515625,1213.0
2025-11-24T17:38:00Z,354.2349853515625,354.489990234375,354.2349853515625,354.32501220703125,354.32501220703125,3317.0
2025-11-24T17:39:00Z,354.32000732421875,354.385009765625,354.2099914550781,354.239990234375,354.239990234375,1801.0
2025-11-24T17:40:00Z,354.42999267578125,354.5,354.3475036621094,354.375,354.375,3596.0
2025-11-24T17:41:00Z,354.375,354.5,354.3299865722656,354.5,354.5,3342.0
2025-11-24T17:42:00Z,354.54998779296875,354.70001220703125,354.4599914550781,354.5199890136719,354.5199890136719,6089.0
2025-11-24T17:43:00Z,354.5299987792969,354.69000244140625,354.3900146484375,354.69000244140625,354.69000244140625,1244.0
2025-11-24T17:44:00Z,354.6827087402344,354.7699890136719,354.6050109863281,354.67498779296875,354.67498779296875,690.0
2025-11-24T17:45:00Z,354.7900085449219,355.0,354.739990234375,355.0,355.0,1907.0
2025-11-24T17:46:00Z,354.92999267578125,354.92999267578125,354.7099914550781,354.8075866699219,354.8075866699219,3847.0
2025-11-24T17:47:00Z,354.8699951171875,354.8699951171875,354.75,354.80999755859375,354.80999755859375,1650.0
2025-11-24T17:48:00Z,354.8800048828125,355.0,354.8800048828125,354.95001220703125,354.95001220703125,3877.0
2025-11-24T17:49:00Z,354.8900146484375,355.05999755859375,354.8900146484375,354.989990234375,354.989990234375,3231.0
2025-11-24T17:50:00Z,355.0899963378906,355.1000061035156,354.610107421875,354.7699890136719,354.7699890136719,4962.0
2025-11-24T17:51:00Z,354.760009765625,354.760009765625,354.6099853515625,354.6099853515625,354.6099853515625,612.0
2025-11-24T17:52:00Z,354.69000244140625,354.82000732421875,354.5400085449219,354.82000732421875,354.82000732421875,5937.0
2025-11-24T17:53:00Z,354.82000732421875,354.9200134277344,354.82000732421875,354.9200134277344,354.9200134277344,1379.0
2025-11-24T17:54:00Z,355.0,355.20001220703125,355.0,355.16448974609375,355.16448974609375,2048.0
2025-11-24T17:55:00Z,355.010009765625,355.05999755859375,354.82000732421875,354.875,354.875,3518.0
2025-11-24T17:56:00Z,354.92498779296875,354.92498779296875,354.6300048828125,354.6300048828125,354.6300048828125,2483.0
2025-11-24T17:57:00Z,354.6697998046875,354.8399963378906,354.6697998046875,354.8399963378906,354.8399963378906,686.0
2025-11-24T17:58:00Z,354.864990234375,354.8699951171875,354.7699890136719,354.7699890136719,354.7699890136719,1938.0
2025-11-24T17:59:00Z,354.8599853515625,354.9700012207031,354.8500061035156,354.9700012207031,354.9700012207031,1947.0
2025-11-24T18:00:00Z,354.92999267578125,355.010009765625,354.8880920410156,354.8999938964844,354.8999938964844,1361.0
2025-11-24T18:01:00Z,354.80999755859375,354.80999755859375,354.67999267578125,354.67999267578125,354.67999267578125,2274.0
2025-11-24T18:02:00Z,354.75,354.8699951171875,354.7200012207031,354.760009765625,354.760009765625,6346.0
2025-11-24T18:03:00Z,354.79998779296875,355.05999755859375,354.79998779296875,355.0249938964844,355.0249938964844,5139.0
2025-11-24T18:04:00Z,355.0249938964844,355.0299987792969,355.010009765625,355.0224914550781,355.0224914550781,678.0
2025-11-24T18:05:00Z,354.9200134277344,354.9599914550781,354.69000244140625,354.7099914550781,354.7099914550781,6080.0
2025-11-24T18:06:00Z,354.7099914550781,354.82000732421875,354.6600036621094,354.7174987792969,354.7174987792969,2535.0
2025-11-24T18:07:00Z,354.7900085449219,354.989990234375,354.7900085449219,354.80999755859375,354.80999755859375,5950.0
2025-11-24T18:08:00Z,354.8467102050781,355.0799865722656,354.80999755859375,354.9849853515625,354.9849853515625,2705.0
2025-11-24T18:09:00Z,354.9599914550781,355.0450134277344,354.8900146484375,354.9700012207031,354.9700012207031,1207.0
2025-11-24T18:10:00Z,354.989990234375,355.0989990234375,354.9100036621094,354.9150085449219,354.9150085449219,3652.0
2025-11-24T18:11:00Z,354.80999755859375,354.9024963378906,354.80999755859375,354.9024963378906,354.9024963378906,795.0
2025-11-24T18:12:00Z,354.760009765625,354.9150085449219,354.760009765625,354.8599853515625,354.8599853515625,818.0
2025-11-24T18:13:00Z,354.9599914550781,355.04998779296875,354.9400939941406,355.0150146484375,355.0150146484375,2420.0
2025-11-24T18:14:00Z,355.0150146484375,355.0150146484375,354.94000244140625,354.94000244140625,354.94000244140625,844.0
2025-11-24T18:15:00Z,355.0050048828125,355.0050048828125,354.92999267578125,354.9599914550781,354.9599914550781,1397.0
2025-11-24T18:16:00Z,354.94000244140625,355.0050048828125,354.79998779296875,354.864990234375,354.864990234375,1365.0
2025-11-24T18:17:00Z,354.8399963378906,354.8399963378906,354.7250061035156,354.75,354.75,930.0
2025-11-24T18:18:00Z,354.760009765625,354.8599853515625,354.6499938964844,354.6499938964844,354.6499938964844,3333.0
2025-11-24T18:19:00Z,354.6499938964844,354.6950988769531,354.5899963378906,354.67999267578125,354.67999267578125,1351.0
2025-11-24T18:20:00Z,354.768310546875,354.79998779296875,354.67999267578125,354.69500732421875,354.69500732421875,2746.0
2025-11-24T18:21:00Z,354.69500732421875,354.8399963378906,354.69000244140625,354.69000244140625,354.69000244140625,2147.0
2025-11-24T18:22:00Z,354.8399963378906,354.8399963378906,354.70001220703125,354.7200012207031,354.7200012207031,4553.0
2025-11-24T18:23:00Z,354.7550048828125,354.9800109863281,354.7550048828125,354.9800109863281,354.9800109863281,4058.0
2025-11-24T18:24:00Z,355.0199890136719,355.0260009765625,354.8800048828125,354.8800048828125,354.8800048828125,4013.0
2025-11-24T18:25:00Z,354.8800048828125,354.8800048828125,354.8299865722656,354.8699951171875,354.8699951171875,1240.0
2025-11-24T18:26:00Z,354.9100036621094,355.0398864746094,354.9100036621094,354.9800109863281,354.9800109863281,1402.0
2025-11-24T18:27:00Z,355.0238952636719,355.0238952636719,354.8800048828125,355.0198974609375,355.0198974609375,1563.0
2025-11-24T18:28:00Z,354.92999267578125,354.92999267578125,354.80999755859375,354.90008544921875,354.90008544921875,1373.0
2025-11-24T18:29:00Z,354.8299865722656,354.8905944824219,354.7200012207031,354.739990234375,354.739990234375,1802.0
2025-11-24T18:30:00Z,354.7099914550781,354.7825012207031,354.5150146484375,354.5150146484375,354.5150146484375,2253.0
2025-11-24T18:31:00Z,354.5150146484375,354.768798828125,354.5150146484375,354.5899963378906,354.5899963378906,3497.0
2025-11-24T18:32:00Z,354.5899963378906,354.7850036621094,354.5899963378906,354.7850036621094,354.7850036621094,2295.0
2025-11-24T18:33:00Z,354.8399963378906,354.9700012207031,354.8399963378906,354.9700012207031,354.9700012207031,1680.0
2025-11-24T18:34:00Z,354.8900146484375,354.9200134277344,354.70001220703125,354.70001220703125,354.70001220703125,2570.0
2025-11-24T18:35:00Z,354.6700134277344,354.75,354.6600036621094,354.70001220703125,354.70001220703125,1147.0
2025-11-24T18:36:00Z,354.70001220703125,354.8900146484375,354.70001220703125,354.8699951171875,354.8699951171875,2339.0
2025-11-24T18:37:00Z,354.82000732421875,354.8500061035156,354.7799987792969,354.7850036621094,354.7850036621094,832.0
2025-11-24T18:38:00Z,354.69000244140625,354.7300109863281,354.69000244140625,354.7300109863281,354.7300109863281,784.0
2025-11-24T18:39:00Z,354.7923889160156,354.7923889160156,354.67999267578125,354.7887878417969,354.7887878417969,1003.0
2025-11-24T18:40:00Z,354.82000732421875,354.8500061035156,354.69000244140625,354.82000732421875,354.82000732421875,5087.0
2025-11-24T18:41:00Z,354.7900085449219,354.8299865722656,354.7449951171875,354.75,354.75,2128.0
2025-11-24T18:42:00Z,354.82000732421875,354.9200134277344,354.80499267578125,354.8851013183594,354.8851013183594,6267.0
2025-11-24T18:43:00Z,354.9599914550781,355.1073913574219,354.9599914550781,355.0199890136719,355.0199890136719,2605.0
2025-11-24T18:44:00Z,355.0400085449219,355.0400085449219,354.94000244140625,354.9750061035156,354.9750061035156,1106.0
2025-11-24T18:45:00Z,355.0199890136719,355.0799865722656,354.9750061035156,355.0299987792969,355.0299987792969,2295.0
2025-11-24T18:46:00Z,355.0675048828125,355.1199951171875,354.92999267578125,354.95001220703125,354.95001220703125,5328.0
2025-11-24T18:47:00Z,354.94000244140625,355.0199890136719,354.7250061035156,354.8949890136719,354.8949890136719,4550.0
2025-11-24T18:48:00Z,354.9599914550781,355.1199951171875,354.95001220703125,354.9700012207031,354.9700012207031,1205.0
2025-11-24T18:49:00Z,355.1199951171875,355.1199951171875,354.9700012207031,355.0450134277344,355.0450134277344,1059.0
2025-11-24T18:50:00Z,355.0400085449219,355.0400085449219,354.9700927734375,355.0350036621094,355.0350036621094,1536.0
2025-11-24T18:51:00Z,355.0350036621094,355.0350036621094,354.8999938964844,354.8999938964844,354.8999938964844,871.0
2025-11-24T18:52:00Z,354.9700012207031,354.9700012207031,354.80999755859375,354.80999755859375,354.80999755859375,1190.0
2025-11-24T18:53:00Z,354.864990234375,354.94000244140625,354.8599853515625,354.94000244140625,354.94000244140625,1223.0
2025-11-24T18:54:00Z,355.0,355.0450134277344,355.0,355.0400085449219,355.0400085449219,972.0
2025-11-24T18:55:00Z,355.06500244140625,355.1000061035156,355.0,355.0299987792969,355.0299987792969,6945.0
2025-11-24T18:56:00Z,355.0400085449219,355.04998779296875,354.9200134277344,354.9599914550781,354.9599914550781,2463.0
2025-11-24T18:57:00Z,354.94000244140625,355.0199890136719,354.92999267578125,354.92999267578125,354.92999267578125,2283.0
2025-11-24T18:58:00Z,354.8800048828125,354.989990234375,354.8800048828125,354.989990234375,354.989990234375,1116.0
2025-11-24T18:59:00Z,355.0,355.0,354.8900146484375,354.8900146484375,354.8900146484375,1933.0
2025-11-24T19:00:00Z,354.94000244140625,355.0199890136719,354.94000244140625,354.9649963378906,354.9649963378906,966.0
2025-11-24T19:01:00Z,354.9599914550781,354.9599914550781,354.80999755859375,354.8616943359375,354.8616943359375,1274.0
2025-11-24T19:02:00Z,354.9599914550781,355.364990234375,354.9599914550781,355.364990234375,355.364990234375,4046.0
2025-11-24T19:03:00Z,355.4049987792969,355.4150085449219,355.4049987792969,355.4150085449219,355.4150085449219,544.0
2025-11-24T19:04:00Z,355.4150085449219,355.4150085449219,355.1300048828125,355.19500732421875,355.19500732421875,7120.0
2025-11-24T19:05:00Z,355.19500732421875,355.3550109863281,355.19500732421875,355.3418884277344,355.3418884277344,4887.0
2025-11-24T19:06:00Z,355.3349914550781,355.4700012207031,355.2900085449219,355.4100036621094,355.4100036621094,3984.0
2025-11-24T19:07:00Z,355.3710021972656,355.4150085449219,355.25,355.25,355.25,2269.0
2025-11-24T19:08:00Z,355.2550048828125,355.29998779296875,355.1600036621094,355.19000244140625,355.19000244140625,3524.0
2025-11-24T19:09:00Z,355.19500732421875,355.19500732421875,354.989990234375,355.0199890136719,355.0199890136719,2141.0
2025-11-24T19:10:00Z,355.010009765625,355.1000061035156,354.92999267578125,355.0950012207031,355.0950012207031,2066.0
2025-11-24T19:11:00Z,355.1300048828125,355.1300048828125,355.0199890136719,355.0939025878906,355.0939025878906,1110.0
2025-11-24T19:12:00Z,355.0704040527344,355.0899963378906,354.9599914550781,354.9599914550781,354.9599914550781,1934.0
2025-11-24T19:13:00Z,355.0249938964844,355.0249938964844,354.9150085449219,354.9150085449219,354.9150085449219,984.0
2025-11-24T19:14:00Z,354.9689025878906,355.0199890136719,354.92999267578125,354.9649963378906,354.9649963378906,2860.0
2025-11-24T19:15:00Z,354.9649963378906,354.9649963378906,354.9527893066406,354.9649963378906,354.9649963378906,732.0
2025-11-24T19:16:00Z,354.9100036621094,355.1050109863281,354.8500061035156,355.1050109863281,355.1050109863281,4934.0
2025-11-24T19:17:00Z,355.0899963378906,355.0899963378906,355.010009765625,355.0350036621094,355.0350036621094,921.0
2025-11-24T19:18:00Z,355.0350036621094,355.0400085449219,354.8699951171875,355.0400085449219,355.0400085449219,2816.0
2025-11-24T19:19:00Z,355.0400085449219,355.07501220703125,354.989990234375,355.04998779296875,355.04998779296875,2940.0
2025-11-24T19:20:00Z,355.0400085449219,355.0450134277344,354.92999267578125,354.9700012207031,354.9700012207031,2469.0
2025-11-24T19:21:00Z,354.9200134277344,355.05499267578125,354.9200134277344,355.010009765625,355.010009765625,2139.0
2025-11-24T19:22:00Z,354.9700012207031,355.0299987792969,354.9100036621094,355.0299987792969,355.0299987792969,3244.0
2025-11-24T19:23:00Z,355.0299987792969,355.1400146484375,355.0299987792969,355.0799865722656,355.0799865722656,1898.0
2025-11-24T19:24:00Z,355.1600036621094,355.20001220703125,355.05999755859375,355.06500244140625,355.06500244140625,2955.0
2025-11-24T19:25:00Z,355.0799865722656,355.17999267578125,355.0199890136719,355.1300048828125,355.1300048828125,3623.0
2025-11-24T19:26:00Z,355.0849914550781,355.1600036621094,355.0472106933594,355.1600036621094,355.1600036621094,2294.0
2025-11-24T19:27:00Z,355.1600036621094,355.1600036621094,355.010009765625,355.0751037597656,355.0751037597656,1962.0
2025-11-24T19:28:00Z,355.07501220703125,355.1400146484375,355.07501220703125,355.1000061035156,355.1000061035156,1771.0
2025-11-24T19:29:00Z,355.1549987792969,355.1549987792969,355.05999755859375,355.1050109863281,355.1050109863281,1660.0
2025-11-24T19:30:00Z,355.0899963378906,355.1600036621094,354.9100036621094,354.9100036621094,354.9100036621094,2019.0
2025-11-24T19:31:00Z,354.9599914550781,355.0299987792969,354.79010009765625,354.9649963378906,354.9649963378906,3335.0
2025-11-24T19:32:00Z,354.9649963378906,355.04998779296875,354.9599914550781,355.04998779296875,355.04998779296875,1233.0
2025-11-24T19:33:00Z,354.9750061035156,354.9750061035156,354.8299865722656,354.9700012207031,354.9700012207031,2591.0
2025-11-24T19:34:00Z,354.95269775390625,354.95269775390625,354.8546142578125,354.8800048828125,354.8800048828125,1472.0
2025-11-24T19:35:00Z,354.864990234375,354.864990234375,354.7099914550781,354.7699890136719,354.7699890136719,3388.0
2025-11-24T19:36:00Z,354.7099914550781,354.7510986328125,354.6400146484375,354.7510986328125,354.7510986328125,1739.0
2025-11-24T19:37:00Z,354.70001220703125,354.80999755859375,354.67498779296875,354.80999755859375,354.80999755859375,2454.0
2025-11-24T19:38:00Z,354.8500061035156,354.9649963378906,354.8299865722656,354.9649963378906,354.9649963378906,3356.0
2025-11-24T19:39:00Z,355.0,355.05999755859375,355.0,355.05999755859375,355.05999755859375,2429.0
2025-11-24T19:40:00Z,355.07000732421875,355.2099914550781,354.9700012207031,355.2099914550781,355.2099914550781,3167.0
2025-11-24T19:41:00Z,355.260009765625,355.3450012207031,355.1700134277344,355.30999755859375,355.30999755859375,1691.0
2025-11-24T19:42:00Z,355.3599853515625,355.3793029785156,355.0801086425781,355.20001220703125,355.20001220703125,4580.0
2025-11-24T19:43:00Z,355.2049865722656,355.2699890136719,355.2049865722656,355.2550048828125,355.2550048828125,1315.0
2025-11-24T19:44:00Z,355.2550048828125,355.2759094238281,355.19000244140625,355.260009765625,355.260009765625,1491.0
2025-11-24T19:45:00Z,355.30999755859375,355.30999755859375,355.2300109863281,355.30999755859375,355.30999755859375,1038.0
2025-11-24T19:48:00Z,355.20001220703125,355.260009765625,355.1199951171875,355.2200012207031,355.2200012207031,10837.0
2025-11-24T19:49:00Z,355.1400146484375,355.1600036621094,355.07000732421875,355.1050109863281,355.1050109863281,2432.0
2025-11-24T19:50:00Z,355.1600036621094,355.3699951171875,355.0899963378906,355.3500061035156,355.3500061035156,3761.0
2025-11-24T19:51:00Z,355.32000732421875,355.32000732421875,355.20001220703125,355.239990234375,355.239990234375,2547.0
2025-11-24T19:52:00Z,355.2300109863281,355.29998779296875,355.0299987792969,355.1300048828125,355.1300048828125,7559.0
2025-11-24T19:53:00Z,355.05999755859375,355.19000244140625,355.04998779296875,355.0899963378906,355.0899963378906,4336.0
2025-11-24T19:54:00Z,355.0400085449219,355.3800048828125,355.0299987792969,355.2799987792969,355.2799987792969,5014.0
2025-11-24T19:55:00Z,355.3500061035156,355.3949890136719,355.25,355.30999755859375,355.30999755859375,3143.0
2025-11-24T19:56:00Z,355.2950134277344,355.56500244140625,355.2950134277344,355.4800109863281,355.4800109863281,5674.0
2025-11-24T19:57:00Z,355.4100036621094,355.5199890136719,355.2699890136719,355.510009765625,355.510009765625,4352.0
2025-11-24T19:58:00Z,355.4049987792969,355.510009765625,355.3999938964844,355.5,355.5,4612.0
2025-11-24T19:59:00Z,355.4649963378906,355.4800109863281,355.2699890136719,355.3699951171875,355.3699951171875,6289.0
2025-11-24T20:00:00Z,355.3900146484375,355.6449890136719,355.29998779296875,355.635009765625,355.635009765625,4067.0
2025-11-24T20:01:00Z,355.635009765625,355.8727111816406,355.55999755859375,355.80999755859375,355.80999755859375,7055.0
2025-11-24T20:02:00Z,355.9599914550781,356.0199890136719,355.8999938964844,356.0199890136719,356.0199890136719,4875.0
2025-11-24T20:03:00Z,356.0849914550781,356.17999267578125,356.0849914550781,356.0899963378906,356.0899963378906,1560.0
2025-11-24T20:04:00Z,356.05999755859375,356.0799865722656,355.95001220703125,356.0799865722656,356.0799865722656,3098.0
2025-11-24T20:05:00Z,356.0199890136719,356.0450134277344,355.95001220703125,355.9549865722656,355.9549865722656,2849.0
2025-11-24T20:06:00Z,355.9549865722656,355.9549865722656,355.79998779296875,355.8399963378906,355.8399963378906,4242.0
2025-11-24T20:07:00Z,355.8699951171875,356.0400085449219,355.7900085449219,355.9800109863281,355.9800109863281,7592.0
2025-11-24T20:08:00Z,356.0050048828125,356.07000732421875,355.8900146484375,355.9800109863281,355.9800109863281,8419.0
2025-11-24T20:09:00Z,356.010009765625,356.0299987792969,355.87249755859375,355.9700012207031,355.9700012207031,8095.0
2025-11-24T20:10:00Z,355.9700012207031,356.07000732421875,355.9649963378906,356.07000732421875,356.07000732421875,2302.0
2025-11-24T20:11:00Z,356.0450134277344,356.239990234375,356.0201110839844,356.239990234375,356.239990234375,4557.0
2025-11-24T20:12:00Z,356.239990234375,356.3153076171875,356.2012023925781,356.2650146484375,356.2650146484375,1411.0
2025-11-24T20:13:00Z,356.260009765625,356.3599853515625,356.20001220703125,356.239990234375,356.239990234375,4473.0
2025-11-24T20:14:00Z,356.239990234375,356.3900146484375,356.2117004394531,356.30999755859375,356.30999755859375,3240.0
2025-11-24T20:15:00Z,356.30999755859375,356.30999755859375,356.0199890136719,356.0799865722656,356.0799865722656,3810.0
2025-11-24T20:16:00Z,356.0342102050781,356.2300109863281,356.0,356.2300109863281,356.2300109863281,2869.0
2025-11-24T20:17:00Z,356.1700134277344,356.3299865722656,356.1700134277344,356.2850036621094,356.2850036621094,2013.0
2025-11-24T20:18:00Z,356.2850036621094,356.3399963378906,356.1600036621094,356.2550048828125,356.2550048828125,4340.0
2025-11-24T20:19:00Z,356.19000244140625,356.2200012207031,356.10919189453125,356.10919189453125,356.10919189453125,3943.0
2025-11-24T20:20:00Z,356.114990234375,356.114990234375,355.80499267578125,355.8699951171875,355.8699951171875,5075.0
2025-11-24T20:21:00Z,355.8699951171875,355.9800109863281,355.8699951171875,355.94000244140625,355.94000244140625,5941.0
2025-11-24T20:22:00Z,355.92999267578125,356.0360107421875,355.92498779296875,355.9700012207031,355.9700012207031,3559.0
2025-11-24T20:23:00Z,356.0589904785156,356.0849914550781,355.8800048828125,355.8800048828125,355.8800048828125,4397.0
2025-11-24T20:24:00Z,355.875,355.9100036621094,355.80999755859375,355.8699951171875,355.8699951171875,3464.0
2025-11-24T20:25:00Z,355.8699951171875,356.0,355.7349853515625,355.7349853515625,355.7349853515625,5379.0
2025-11-24T20:26:00Z,355.7243957519531,355.7243957519531,355.5400085449219,355.5799865722656,355.5799865722656,2384.0
2025-11-24T20:27:00Z,355.5799865722656,355.7699890136719,355.55999755859375,355.67999267578125,355.67999267578125,3300.0
2025-11-24T20:28:00Z,355.7300109863281,355.79400634765625,355.7149963378906,355.7850036621094,355.7850036621094,1611.0
2025-11-24T20:29:00Z,355.7799987792969,355.8699951171875,355.7300109863281,355.7749938964844,355.7749938964844,4467.0
2025-11-24T20:30:00Z,355.82000732421875,355.8900146484375,355.7300109863281,355.8800048828125,355.8800048828125,3314.0
2025-11-24T20:31:00Z,355.8800048828125,356.1300048828125,355.82000732421875,356.0899963378906,356.0899963378906,6765.0
2025-11-24T20:32:00Z,356.1000061035156,356.1000061035156,355.9750061035156,355.9800109863281,355.9800109863281,2150.0
2025-11-24T20:33:00Z,356.0199890136719,356.1300048828125,356.0199890136719,356.1199951171875,356.1199951171875,4387.0
2025-11-24T20:34:00Z,356.1099853515625,356.17999267578125,355.95001220703125,356.1400146484375,356.1400146484375,5716.0
2025-11-24T20:35:00Z,356.1328125,356.1400146484375,355.80999755859375,355.8900146484375,355.8900146484375,14280.0
2025-11-24T20:36:00Z,355.8450012207031,355.94000244140625,355.70001220703125,355.7449951171875,355.7449951171875,7687.0
2025-11-24T20:37:00Z,355.7699890136719,356.0398864746094,355.7699890136719,355.8999938964844,355.8999938964844,13485.0
2025-11-24T20:38:00Z,355.92999267578125,356.04998779296875,355.8699951171875,355.8699951171875,355.8699951171875,5041.0
2025-11-24T20:39:00Z,355.8905944824219,355.92999267578125,355.68499755859375,355.7099914550781,355.7099914550781,7290.0
2025-11-24T20:40:00Z,355.67999267578125,355.760009765625,355.6099853515625,355.6099853515625,355.6099853515625,20384.0
2025-11-24T20:41:00Z,355.57501220703125,355.6700134277344,355.4649963378906,355.6449890136719,355.6449890136719,14609.0
2025-11-24T20:42:00Z,355.6300048828125,355.6449890136719,355.4150085449219,355.4150085449219,355.4150085449219,8020.0
2025-11-24T20:43:00Z,355.4200134277344,355.54998779296875,355.3550109863281,355.4574890136719,355.4574890136719,10165.0
2025-11-24T20:44:00Z,355.5400085449219,355.82000732421875,355.4649963378906,355.70001220703125,355.70001220703125,11721.0
2025-11-24T20:45:00Z,355.69500732421875,355.9100036621094,355.69500732421875,355.7200012207031,355.7200012207031,5362.0
2025-11-24T20:46:00Z,355.7550048828125,355.8113098144531,355.6000061035156,355.6000061035156,355.6000061035156,6243.0
2025-11-24T20:47:00Z,355.55499267578125,355.6000061035156,355.3699951171875,355.3699951171875,355.3699951171875,6227.0
2025-11-24T20:48:00Z,355.2850036621094,355.3900146484375,354.79998779296875,354.79998779296875,354.79998779296875,6735.0
2025-11-24T20:49:00Z,354.739990234375,354.8800048828125,354.54010009765625,354.75,354.75,15122.0
2025-11-24T20:50:00Z,354.80999755859375,355.0799865722656,354.3599853515625,354.625,354.625,34785.0
2025-11-24T20:51:00Z,354.625,354.80999755859375,354.2799987792969,354.6499938964844,354.6499938964844,8220.0
2025-11-24T20:52:00Z,354.5400085449219,354.6199951171875,354.42999267578125,354.4750061035156,354.4750061035156,5378.0
2025-11-24T20:53:00Z,354.42999267578125,354.5799865722656,354.3399963378906,354.57501220703125,354.57501220703125,9553.0
2025-11-24T20:54:00Z,354.57000732421875,355.29998779296875,354.5400085449219,355.1600036621094,355.1600036621094,14619.0
2025-11-24T20:55:00Z,355.19000244140625,355.510009765625,355.07000732421875,355.0849914550781,355.0849914550781,26072.0
2025-11-24T20:56:00Z,355.1300048828125,355.2799987792969,355.05999755859375,355.1000061035156,355.1000061035156,37476.0
2025-11-24T20:57:00Z,355.06500244140625,355.0899963378906,354.6600036621094,355.0299987792969,355.0299987792969,35735.0
2025-11-24T20:58:00Z,354.989990234375,355.5199890136719,354.989990234375,355.4100036621094,355.4100036621094,96951.0
2025-11-24T20:59:00Z,355.42999267578125,356.0,355.2900085449219,355.9800109863281,355.9800109863281,287092.0
2025-11-25T14:30:00Z,357.04998779296875,357.69000244140625,356.1700134277344,357.0350036621094,357.0350036621094,30841.0
2025-11-25T14:31:00Z,357.2900085449219,358.0,356.45001220703125,357.2200012207031,357.2200012207031,8785.0
2025-11-25T14:32:00Z,357.2200012207031,358.0199890136719,357.1700134277344,357.739990234375,357.739990234375,10429.0
2025-11-25T14:33:00Z,358.1400146484375,358.5400085449219,357.69000244140625,358.2699890136719,358.2699890136719,7714.0
2025-11-25T14:34:00Z,358.04998779296875,358.4458923339844,358.04998779296875,358.135009765625,358.135009765625,2508.0
2025-11-25T14:35:00Z,358.1300048828125,358.6700134277344,358.04998779296875,358.5899963378906,358.5899963378906,15791.0
2025-11-25T14:36:00Z,358.5899963378906,358.79998779296875,358.45001220703125,358.6300048828125,358.6300048828125,15381.0
2025-11-25T14:37:00Z,358.75,359.4700012207031,358.6300048828125,359.2349853515625,359.2349853515625,12589.0
2025-11-25T14:38:00Z,359.2349853515625,359.4599914550781,359.1700134277344,359.2149963378906,359.2149963378906,7541.0
2025-11-25T14:39:00Z,359.2099914550781,359.70001220703125,359.2099914550781,359.2650146484375,359.2650146484375,5054.0
2025-11-25T14:40:00Z,359.2300109863281,359.3500061035156,358.7001037597656,358.8475036621094,358.8475036621094,20289.0
2025-11-25T14:41:00Z,358.75,359.0799865722656,358.7099914550781,358.8599853515625,358.8599853515625,5876.0
2025-11-25T14:42:00Z,358.7099914550781,358.7099914550781,357.80999755859375,358.0150146484375,358.0150146484375,9618.0
2025-11-25T14:43:00Z,357.8500061035156,358.239990234375,357.6499938964844,357.6499938964844,357.6499938964844,9900.0
2025-11-25T14:44:00Z,357.6499938964844,357.80999755859375,357.1400146484375,357.2099914550781,357.2099914550781,14762.0
2025-11-25T14:45:00Z,357.17999267578125,357.510009765625,357.07000732421875,357.25,357.25,14140.0
2025-11-25T14:46:00Z,357.239990234375,357.7200012207031,357.0,357.0,357.0,4352.0
2025-11-25T14:47:00Z,356.9949951171875,357.0899963378906,356.0799865722656,356.2300109863281,356.2300109863281,6792.0
2025-11-25T14:48:00Z,356.0899963378906,356.0899963378906,355.6199951171875,355.6199951171875,355.6199951171875,4863.0
2025-11-25T14:49:00Z,355.614990234375,355.82000732421875,355.4100036621094,355.5581970214844,355.5581970214844,4364.0
2025-11-25T14:50:00Z,355.6235046386719,356.0799865722656,355.30999755859375,355.9800109863281,355.9800109863281,2864.0
2025-11-25T14:51:00Z,356.1300048828125,356.5350036621094,356.0899963378906,356.5350036621094,356.5350036621094,2573.0
2025-11-25T14:52:00Z,356.3599853515625,356.80059814453125,356.2799987792969,356.30999755859375,356.30999755859375,3325.0
2025-11-25T14:53:00Z,356.3299865722656,356.5450134277344,356.07000732421875,356.30499267578125,356.30499267578125,2973.0
2025-11-25T14:54:00Z,356.3800048828125,356.67498779296875,356.3699951171875,356.6650085449219,356.6650085449219,5470.0
2025-11-25T14:55:00Z,356.6650085449219,356.9798889160156,356.1600036621094,356.1600036621094,356.1600036621094,3232.0
2025-11-25T14:56:00Z,356.510009765625,356.8599853515625,356.1600036621094,356.68499755859375,356.68499755859375,4037.0
2025-11-25T14:57:00Z,356.7200012207031,357.05999755859375,356.510009765625,356.7598876953125,356.7598876953125,3894.0
2025-11-25T14:58:00Z,356.92999267578125,356.92999267578125,356.61279296875,356.7099914550781,356.7099914550781,1710.0
2025-11-25T14:59:00Z,356.7200012207031,357.0899963378906,356.67999267578125,356.8399963378906,356.8399963378906,3471.0
2025-11-25T15:00:00Z,356.8800048828125,357.5400085449219,356.69000244140625,357.3949890136719,357.3949890136719,6228.0
2025-11-25T15:01:00Z,357.42999267578125,357.7900085449219,357.3009948730469,357.7900085449219,357.7900085449219,4944.0
2025-11-25T15:02:00Z,357.5,357.5,357.2200012207031,357.3500061035156,357.3500061035156,1664.0
2025-11-25T15:03:00Z,357.3599853515625,357.45001220703125,357.0899963378906,357.4200134277344,357.4200134277344,4229.0
2025-11-25T15:04:00Z,357.4599914550781,357.65179443359375,357.2300109863281,357.2300109863281,357.2300109863281,3908.0
2025-11-25T15:05:00Z,357.42999267578125,357.760009765625,356.92999267578125,357.739990234375,357.739990234375,5425.0
2025-11-25T15:06:00Z,357.6000061035156,358.4700012207031,357.32000732421875,358.4700012207031,358.4700012207031,12081.0
2025-11-25T15:07:00Z,358.17498779296875,358.5299987792969,358.1400146484375,358.2950134277344,358.2950134277344,3452.0
2025-11-25T15:08:00Z,358.2749938964844,358.6700134277344,358.2699890136719,358.32000732421875,358.32000732421875,2703.0
2025-11-25T15:09:00Z,358.8500061035156,358.8900146484375,358.6300048828125,358.7449951171875,358.7449951171875,4305.0
2025-11-25T15:10:00Z,358.79998779296875,358.9100036621094,358.5899963378906,358.6000061035156,358.6000061035156,7257.0
2025-11-25T15:11:00Z,358.6199951171875,358.6199951171875,358.1000061035156,358.2250061035156,358.2250061035156,3017.0
2025-11-25T15:12:00Z,358.0899963378906,358.1000061035156,357.9656066894531,358.0400085449219,358.0400085449219,2770.0
2025-11-25T15:13:00Z,358.1700134277344,358.2300109863281,357.9100036621094,357.9100036621094,357.9100036621094,3036.0
2025-11-25T15:14:00Z,357.93499755859375,357.93499755859375,356.840087890625,356.9649963378906,356.9649963378906,2492.0
2025-11-25T15:15:00Z,357.0199890136719,357.2300109863281,356.760009765625,356.760009765625,356.760009765625,3369.0
2025-11-25T15:16:00Z,356.9049987792969,357.1499938964844,356.80499267578125,356.9700012207031,356.9700012207031,4260.0
2025-11-25T15:17:00Z,356.9649963378906,357.2699890136719,356.7699890136719,356.9949951171875,356.9949951171875,2057.0
2025-11-25T15:18:00Z,357.0799865722656,357.3599853515625,357.0799865722656,357.2900085449219,357.2900085449219,2638.0
2025-11-25T15:19:00Z,357.343994140625,357.4100036621094,357.1099853515625,357.19000244140625,357.19000244140625,1399.0
2025-11-25T15:20:00Z,357.0199890136719,357.0899963378906,356.79998779296875,356.8399963378906,356.8399963378906,1717.0
2025-11-25T15:21:00Z,356.8500061035156,356.8500061035156,356.8399963378906,356.8500061035156,356.8500061035156,865.0
2025-11-25T15:22:00Z,357.05999755859375,357.1050109863281,356.5,356.510009765625,356.510009765625,2730.0
2025-11-25T15:23:00Z,356.3999938964844,356.9100036621094,356.3299865722656,356.7799987792969,356.7799987792969,1860.0
2025-11-25T15:24:00Z,356.7799987792969,357.1099853515625,356.760009765625,357.07000732421875,357.07000732421875,2170.0
2025-11-25T15:25:00Z,357.2300109863281,357.489990234375,357.1400146484375,357.364990234375,357.364990234375,2179.0
2025-11-25T15:26:00Z,357.364990234375,357.6600036621094,357.3609924316406,357.6600036621094,357.6600036621094,1076.0
2025-11-25T15:27:00Z,357.5199890136719,357.6980895996094,357.16009521484375,357.16009521484375,357.16009521484375,1938.0
2025-11-25T15:28:00Z,357.3949890136719,357.82000732421875,357.3949890136719,357.82000732421875,357.82000732421875,3741.0
2025-11-25T15:29:00Z,357.885009765625,358.20001220703125,357.875,358.20001220703125,358.20001220703125,3023.0
2025-11-25T15:30:00Z,358.0899963378906,358.55999755859375,357.92498779296875,358.3999938964844,358.3999938964844,3575.0
2025-11-25T15:31:00Z,358.2349853515625,358.80999755859375,358.0199890136719,358.80999755859375,358.80999755859375,6154.0
2025-11-25T15:32:00Z,358.760009765625,358.9700012207031,358.6050109863281,358.7550048828125,358.7550048828125,6730.0
2025-11-25T15:33:00Z,358.6099853515625,358.8900146484375,358.5799865722656,358.7200012207031,358.7200012207031,3071.0
2025-11-25T15:34:00Z,358.7300109863281,358.7900085449219,358.55999755859375,358.69000244140625,358.69000244140625,3736.0
2025-11-25T15:35:00Z,358.69000244140625,358.69000244140625,358.19000244140625,358.2550048828125,358.2550048828125,8114.0
2025-11-25T15:36:00Z,358.260009765625,358.5299987792969,358.25,358.3900146484375,358.3900146484375,6119.0
2025-11-25T15:37:00Z,358.3900146484375,358.5799865722656,358.3550109863281,358.3550109863281,358.3550109863281,3660.0
2025-11-25T15:38:00Z,358.44000244140625,358.580810546875,358.3550109863281,358.3800048828125,358.3800048828125,2166.0
2025-11-25T15:39:00Z,358.4700012207031,358.5199890136719,358.375,358.4700012207031,358.4700012207031,2513.0
2025-11-25T15:40:00Z,358.4800109863281,358.6199951171875,358.260009765625,358.572509765625,358.572509765625,2753.0
2025-11-25T15:41:00Z,358.70001220703125,358.92999267578125,358.5,358.875,358.875,6486.0
2025-11-25T15:42:00Z,358.875,358.9800109863281,358.7699890136719,358.9200134277344,358.9200134277344,1659.0
2025-11-25T15:43:00Z,358.7799987792969,359.1000061035156,358.6600036621094,358.9200134277344,358.9200134277344,2852.0
2025-11-25T15:44:00Z,359.0899963378906,359.677001953125,359.0899963378906,359.5299987792969,359.5299987792969,3778.0
2025-11-25T15:45:00Z,359.7099914550781,360.0199890136719,359.7099914550781,359.9410095214844,359.9410095214844,6960.0
2025-11-25T15:46:00Z,359.9599914550781,359.9700012207031,359.67999267578125,359.82501220703125,359.82501220703125,15696.0
2025-11-25T15:47:00Z,359.7099914550781,359.7950134277344,359.44500732421875,359.52850341796875,359.52850341796875,2519.0
2025-11-25T15:48:00Z,359.54998779296875,359.760009765625,359.3699951171875,359.6942138671875,359.6942138671875,1813.0
2025-11-25T15:49:00Z,359.514404296875,359.55999755859375,359.0799865722656,359.30999755859375,359.30999755859375,1779.0
2025-11-25T15:50:00Z,359.1600036621094,359.20001220703125,359.1099853515625,359.1723937988281,359.1723937988281,1273.0
2025-11-25T15:51:00Z,359.1499938964844,359.1499938964844,358.8999938964844,358.94000244140625,358.94000244140625,1845.0
2025-11-25T15:52:00Z,358.94000244140625,359.29998779296875,358.92498779296875,359.2900085449219,359.2900085449219,1939.0
2025-11-25T15:53:00Z,359.2900085449219,359.4700012207031,359.2099914550781,359.3900146484375,359.3900146484375,3086.0
2025-11-25T15:54:00Z,359.3900146484375,359.3900146484375,358.9800109863281,358.9800109863281,358.9800109863281,2807.0
2025-11-25T15:55:00Z,358.8800048828125,358.8800048828125,358.3999938964844,358.3999938964844,358.3999938964844,2065.0
2025-11-25T15:56:00Z,358.30999755859375,358.3900146484375,358.0249938964844,358.3900146484375,358.3900146484375,2283.0
2025-11-25T15:57:00Z,358.4700012207031,358.9700012207031,358.3699951171875,358.9700012207031,358.9700012207031,2710.0
2025-11-25T15:58:00Z,359.0,359.07000732421875,359.0,359.0,359.0,1389.0
2025-11-25T15:59:00Z,359.05999755859375,359.05999755859375,358.8301086425781,358.9961853027344,358.9961853027344,1002.0
2025-11-25T16:00:00Z,359.1600036621094,359.2300109863281,359.05999755859375,359.2250061035156,359.2250061035156,911.0
2025-11-25T16:01:00Z,359.2250061035156,359.3299865722656,359.1000061035156,359.3299865722656,359.3299865722656,1093.0
2025-11-25T16:02:00Z,359.05999755859375,359.18499755859375,359.0400085449219,359.1579895019531,359.1579895019531,816.0
2025-11-25T16:03:00Z,358.989990234375,359.2200012207031,358.989990234375,359.2200012207031,359.2200012207031,1461.0
2025-11-25T16:04:00Z,359.2149963378906,359.2799987792969,359.2149963378906,359.2799987792969,359.2799987792969,749.0
2025-11-25T16:05:00Z,359.0799865722656,359.2300109863281,358.95001220703125,359.010009765625,359.010009765625,2402.0
2025-11-25T16:06:00Z,358.9200134277344,359.0466003417969,358.8800048828125,359.0466003417969,359.0466003417969,2359.0
2025-11-25T16:07:00Z,359.1499938964844,359.2900085449219,359.0150146484375,359.2200012207031,359.2200012207031,5334.0
2025-11-25T16:08:00Z,359.1400146484375,359.5,359.1400146484375,359.4700012207031,359.4700012207031,5228.0
2025-11-25T16:09:00Z,359.4574890136719,359.4700012207031,359.2799987792969,359.2799987792969,359.2799987792969,1883.0
2025-11-25T16:10:00Z,359.1499938964844,359.4200134277344,359.1400146484375,359.3450012207031,359.3450012207031,1848.0
2025-11-25T16:11:00Z,359.3981018066406,359.3981018066406,359.3399963378906,359.3399963378906,359.3399963378906,523.0
2025-11-25T16:12:00Z,359.44000244140625,359.5199890136719,359.3599853515625,359.44000244140625,359.44000244140625,1343.0
2025-11-25T16:13:00Z,359.510009765625,359.6000061035156,359.510009765625,359.5400085449219,359.5400085449219,1376.0
2025-11-25T16:14:00Z,359.6650085449219,359.6650085449219,359.1650085449219,359.2898864746094,359.2898864746094,1707.0
2025-11-25T16:15:00Z,359.1600036621094,359.1600036621094,358.7650146484375,358.9100036621094,358.9100036621094,1912.0
2025-11-25T16:16:00Z,358.989990234375,359.0050048828125,358.9700012207031,358.9700012207031,358.9700012207031,586.0
2025-11-25T16:17:00Z,359.0199890136719,359.0201110839844,359.0199890136719,359.0201110839844,359.0201110839844,179.0
2025-11-25T16:18:00Z,359.2286071777344,359.2699890136719,359.1600036621094,359.1600036621094,359.1600036621094,1037.0
2025-11-25T16:19:00Z,359.3599853515625,359.45001220703125,359.2650146484375,359.44000244140625,359.44000244140625,1404.0
2025-11-25T16:20:00Z,359.42999267578125,359.6300048828125,359.29998779296875,359.6300048828125,359.6300048828125,1369.0
2025-11-25T16:21:00Z,359.7099914550781,359.8299865722656,359.6300048828125,359.6300048828125,359.6300048828125,1790.0
2025-11-25T16:22:00Z,359.6499938964844,359.6499938964844,359.6499938964844,359.6499938964844,359.6499938964844,955.0
2025-11-25T16:23:00Z,359.5299987792969,359.5400085449219,359.4162902832031,359.4162902832031,359.4162902832031,590.0
2025-11-25T16:24:00Z,359.4200134277344,359.4200134277344,359.1099853515625,359.1099853515625,359.1099853515625,1762.0
2025-11-25T16:25:00Z,359.2349853515625,359.5400085449219,359.114990234375,359.114990234375,359.114990234375,3551.0
2025-11-25T16:26:00Z,359.1776123046875,359.1776123046875,359.0,359.0,359.0,1012.0
2025-11-25T16:27:00Z,359.1400146484375,359.260009765625,359.1400146484375,359.20001220703125,359.20001220703125,1374.0
2025-11-25T16:28:00Z,359.1199951171875,359.1199951171875,358.8599853515625,358.8599853515625,358.8599853515625,1613.0
2025-11-25T16:29:00Z,359.0168151855469,359.07501220703125,359.0168151855469,359.05999755859375,359.05999755859375,465.0
2025-11-25T16:30:00Z,359.1300048828125,359.3900146484375,359.1300048828125,359.32000732421875,359.32000732421875,2187.0
2025-11-25T16:31:00Z,359.32000732421875,359.5799865722656,359.31500244140625,359.55999755859375,359.55999755859375,2486.0
2025-11-25T16:32:00Z,359.45001220703125,359.5899963378906,359.44500732421875,359.5400085449219,359.5400085449219,1477.0
2025-11-25T16:33:00Z,359.7300109863281,359.7799987792969,359.6449890136719,359.69000244140625,359.69000244140625,1404.0
2025-11-25T16:34:00Z,359.69000244140625,359.69000244140625,359.69000244140625,359.69000244140625,359.69000244140625,484.0
2025-11-25T16:35:00Z,359.5400085449219,359.6400146484375,359.42999267578125,359.6400146484375,359.6400146484375,3314.0
2025-11-25T16:36:00Z,359.5799865722656,359.5799865722656,359.45001220703125,359.489990234375,359.489990234375,1558.0
2025-11-25T16:37:00Z,359.44000244140625,359.54998779296875,359.2900085449219,359.54998779296875,359.54998779296875,1878.0
2025-11-25T16:38:00Z,359.5899963378906,359.6400146484375,359.4100036621094,359.41009521484375,359.41009521484375,1686.0
2025-11-25T16:39:00Z,359.5199890136719,359.6400146484375,359.41009521484375,359.41009521484375,359.41009521484375,1449.0
2025-11-25T16:40:00Z,359.7099914550781,359.79998779296875,359.69000244140625,359.79998779296875,359.79998779296875,879.0
2025-11-25T16:41:00Z,359.614990234375,359.7200012207031,359.614990234375,359.7200012207031,359.7200012207031,796.0
2025-11-25T16:42:00Z,359.69500732421875,359.9200134277344,359.57000732421875,359.6449890136719,359.6449890136719,3803.0
2025-11-25T16:43:00Z,359.6449890136719,359.9200134277344,359.6449890136719,359.760009765625,359.760009765625,692.0
2025-11-25T16:44:00Z,359.7200012207031,359.7200012207031,359.489990234375,359.57000732421875,359.57000732421875,1361.0
2025-11-25T16:45:00Z,359.56500244140625,359.56500244140625,359.29998779296875,359.3299865722656,359.3299865722656,1441.0
2025-11-25T16:46:00Z,359.3500061035156,359.66900634765625,359.3500061035156,359.66900634765625,359.66900634765625,757.0
2025-11-25T16:47:00Z,359.69000244140625,359.7200012207031,359.6400146484375,359.6650085449219,359.6650085449219,2000.0
2025-11-25T16:48:00Z,359.75,359.75,359.75,359.75,359.75,139.0
2025-11-25T16:49:00Z,359.6449890136719,359.80999755859375,359.6400146484375,359.7250061035156,359.7250061035156,3807.0
2025-11-25T16:50:00Z,359.80999755859375,359.8900146484375,359.6600036621094,359.7674865722656,359.7674865722656,4463.0
2025-11-25T16:51:00Z,359.7850036621094,359.7850036621094,359.6700134277344,359.77508544921875,359.77508544921875,1234.0
2025-11-25T16:52:00Z,359.7774963378906,359.9057922363281,359.7300109863281,359.84130859375,359.84130859375,664.0
2025-11-25T16:53:00Z,359.79998779296875,359.80499267578125,359.6400146484375,359.6499938964844,359.6499938964844,2131.0
2025-11-25T16:54:00Z,359.7799987792969,359.9700012207031,359.7799987792969,359.8951110839844,359.8951110839844,4301.0
2025-11-25T16:55:00Z,359.82000732421875,359.8338928222656,359.75,359.7900085449219,359.7900085449219,1411.0
2025-11-25T16:56:00Z,359.80999755859375,359.9700012207031,359.7301025390625,359.7301025390625,359.7301025390625,5496.0
2025-11-25T16:57:00Z,359.81048583984375,359.81048583984375,359.7049865722656,359.7049865722656,359.7049865722656,631.0
2025-11-25T16:58:00Z,359.57000732421875,359.6390075683594,359.57000732421875,359.5849914550781,359.5849914550781,1365.0
2025-11-25T16:59:00Z,359.6400146484375,359.6600036621094,359.4800109863281,359.5,359.5,5876.0
2025-11-25T17:00:00Z,359.5,360.0,359.5,359.7799987792969,359.7799987792969,4929.0
2025-11-25T17:01:00Z,359.8724060058594,359.8724060058594,359.7799987792969,359.7799987792969,359.7799987792969,483.0
2025-11-25T17:02:00Z,359.7699890136719,359.8147888183594,359.7300109863281,359.8147888183594,359.8147888183594,1250.0
2025-11-25T17:03:00Z,359.82000732421875,359.9700012207031,359.82000732421875,359.92498779296875,359.92498779296875,1728.0
2025-11-25T17:04:00Z,359.92498779296875,360.07501220703125,359.92498779296875,359.9949951171875,359.9949951171875,1600.0
2025-11-25T17:05:00Z,360.04998779296875,360.3299865722656,360.04998779296875,360.223388671875,360.223388671875,3479.0
2025-11-25T17:06:00Z,360.2745056152344,360.30999755859375,360.1300048828125,360.1300048828125,360.1300048828125,748.0
2025-11-25T17:07:00Z,360.25,360.3699951171875,360.2049865722656,360.2049865722656,360.2049865722656,1045.0
2025-11-25T17:08:00Z,360.3658142089844,360.3658142089844,360.1000061035156,360.1000061035156,360.1000061035156,1560.0
2025-11-25T17:09:00Z,360.2076110839844,360.3599853515625,360.2076110839844,360.2466125488281,360.2466125488281,930.0
2025-11-25T17:10:00Z,360.1000061035156,360.25,360.05499267578125,360.19000244140625,360.19000244140625,1666.0
2025-11-25T17:11:00Z,360.0104064941406,360.0824890136719,359.9800109863281,360.0824890136719,360.0824890136719,721.0
2025-11-25T17:12:00Z,360.1600036621094,360.2699890136719,360.1099853515625,360.2699890136719,360.2699890136719,1845.0
2025-11-25T17:13:00Z,360.2200012207031,360.2200927734375,359.9800109863281,360.0400085449219,360.0400085449219,1763.0
2025-11-25T17:14:00Z,360.0400085449219,360.0480041503906,360.0,360.0299987792969,360.0299987792969,812.0
2025-11-25T17:15:00Z,360.0400085449219,360.1000061035156,359.8299865722656,359.8299865722656,359.8299865722656,1118.0
2025-11-25T17:16:00Z,359.9100036621094,360.0,359.7900085449219,360.0,360.0,2336.0
2025-11-25T17:17:00Z,359.8500061035156,360.20001220703125,359.8500061035156,360.17999267578125,360.17999267578125,1453.0
2025-11-25T17:18:00Z,360.1199951171875,360.1400146484375,360.05999755859375,360.1400146484375,360.1400146484375,826.0
2025-11-25T17:19:00Z,360.1400146484375,360.1400146484375,360.1050109863281,360.114990234375,360.114990234375,391.0
2025-11-25T17:20:00Z,360.114990234375,360.28729248046875,360.1112976074219,360.1549987792969,360.1549987792969,1396.0
2025-11-25T17:21:00Z,360.1499938964844,360.30999755859375,360.1499938964844,360.30999755859375,360.30999755859375,1506.0
2025-11-25T17:22:00Z,360.2349853515625,360.2875061035156,360.1700134277344,360.239990234375,360.239990234375,1148.0
2025-11-25T17:23:00Z,360.32000732421875,360.3599853515625,360.2049865722656,360.260009765625,360.260009765625,1551.0
2025-11-25T17:24:00Z,360.2650146484375,360.45001220703125,360.2650146484375,360.38751220703125,360.38751220703125,1005.0
2025-11-25T17:25:00Z,360.4599914550781,360.5799865722656,360.43798828125,360.45001220703125,360.45001220703125,1234.0
2025-11-25T17:26:00Z,360.45001220703125,360.5799865722656,360.45001220703125,360.4700012207031,360.4700012207031,1760.0
2025-11-25T17:27:00Z,360.42498779296875,360.42498779296875,360.42498779296875,360.42498779296875,360.42498779296875,503.0
2025-11-25T17:28:00Z,360.510009765625,360.57000732421875,360.4440002441406,360.5,360.5,2188.0
2025-11-25T17:29:00Z,360.42010498046875,360.6400146484375,360.3599853515625,360.6000061035156,360.6000061035156,3903.0
2025-11-25T17:30:00Z,360.6600036621094,361.0,360.6499938964844,361.0,361.0,2478.0
2025-11-25T17:31:00Z,361.0400085449219,361.05499267578125,360.92999267578125,360.9765930175781,360.9765930175781,1200.0
2025-11-25T17:32:00Z,360.9100036621094,360.9800109863281,360.8399963378906,360.95001220703125,360.95001220703125,1901.0
2025-11-25T17:33:00Z,360.9700012207031,361.1099853515625,360.9599914550781,361.05999755859375,361.05999755859375,3496.0
2025-11-25T17:34:00Z,361.0752868652344,361.19500732421875,361.0752868652344,361.19500732421875,361.19500732421875,924.0
2025-11-25T17:35:00Z,361.19500732421875,361.19500732421875,360.9700012207031,361.0799865722656,361.0799865722656,3708.0
2025-11-25T17:36:00Z,361.0943908691406,361.1400146484375,360.9599914550781,361.010009765625,361.010009765625,7789.0
2025-11-25T17:37:00Z,361.04998779296875,361.2300109863281,360.8800048828125,361.2149963378906,361.2149963378906,2010.0
2025-11-25T17:38:00Z,361.2349853515625,361.2502136230469,361.1499938964844,361.1499938964844,361.1499938964844,1462.0
2025-11-25T17:39:00Z,361.1565856933594,361.2900085449219,361.1565856933594,361.2349853515625,361.2349853515625,1448.0
2025-11-25T17:40:00Z,361.19500732421875,361.19500732421875,361.05999755859375,361.1050109863281,361.1050109863281,1661.0
2025-11-25T17:41:00Z,360.9800109863281,361.1499938964844,360.9100036621094,361.1499938964844,361.1499938964844,2824.0
2025-11-25T17:42:00Z,361.1700134277344,361.260009765625,361.0899963378906,361.2300109863281,361.2300109863281,998.0
2025-11-25T17:43:00Z,361.2674865722656,361.2674865722656,361.1700134277344,361.2200012207031,361.2200012207031,1716.0
2025-11-25T17:44:00Z,361.2200012207031,361.32000732421875,360.9700012207031,361.1099853515625,361.1099853515625,3138.0
2025-11-25T17:45:00Z,361.135009765625,361.32000732421875,361.135009765625,361.32000732421875,361.32000732421875,793.0
2025-11-25T17:46:00Z,361.31500244140625,361.31500244140625,361.05010986328125,361.1549987792969,361.1549987792969,974.0
2025-11-25T17:47:00Z,361.04998779296875,361.1549987792969,360.8900146484375,360.8900146484375,360.8900146484375,1966.0
2025-11-25T17:48:00Z,360.9800109863281,361.0899963378906,360.7843933105469,361.0899963378906,361.0899963378906,1723.0
2025-11-25T17:49:00Z,361.090087890625,361.17999267578125,361.0899963378906,361.0899963378906,361.0899963378906,872.0
2025-11-25T17:50:00Z,361.0899963378906,361.0899963378906,360.989990234375,361.0799865722656,361.0799865722656,1351.0
2025-11-25T17:51:00Z,361.1600036621094,361.17999267578125,361.010009765625,361.0899963378906,361.0899963378906,1999.0
2025-11-25T17:52:00Z,361.0812072753906,361.0899963378906,361.0812072753906,361.0899963378906,361.0899963378906,972.0
2025-11-25T17:53:00Z,361.0799865722656,361.2200012207031,360.9849853515625,361.17999267578125,361.17999267578125,5388.0
2025-11-25T17:54:00Z,361.1700134277344,361.239990234375,361.1400146484375,361.1400146484375,361.1400146484375,3864.0
2025-11-25T17:55:00Z,361.1650085449219,361.1650085449219,361.05999755859375,361.05999755859375,361.05999755859375,1792.0
2025-11-25T17:56:00Z,361.0950012207031,361.1300048828125,361.0199890136719,361.1300048828125,361.1300048828125,637.0
2025-11-25T17:57:00Z,361.14691162109375,361.30499267578125,361.14691162109375,361.2900085449219,361.2900085449219,3828.0
2025-11-25T17:58:00Z,361.2900085449219,361.3599853515625,361.2699890136719,361.29998779296875,361.29998779296875,732.0
2025-11-25T17:59:00Z,361.1700134277344,361.19000244140625,361.04998779296875,361.0849914550781,361.0849914550781,3571.0
2025-11-25T18:00:00Z,361.1499938964844,361.2200012207031,361.04998779296875,361.1300048828125,361.1300048828125,2618.0
2025-11-25T18:01:00Z,361.25,361.4200134277344,361.25,361.3900146484375,361.3900146484375,1607.0
2025-11-25T18:02:00Z,361.5400085449219,361.5400085449219,361.32000732421875,361.4100036621094,361.4100036621094,3129.0
2025-11-25T18:03:00Z,361.489990234375,361.54998779296875,361.45001220703125,361.4599914550781,361.4599914550781,1046.0
2025-11-25T18:04:00Z,361.44000244140625,361.4800109863281,361.2699890136719,361.29998779296875,361.29998779296875,8053.0
2025-11-25T18:05:00Z,361.2699890136719,361.3699951171875,361.239990234375,361.3699951171875,361.3699951171875,1883.0
2025-11-25T18:06:00Z,361.3800048828125,361.44000244140625,360.95001220703125,361.0299987792969,361.0299987792969,8188.0
2025-11-25T18:07:00Z,361.0299987792969,361.0299987792969,360.95220947265625,360.95220947265625,360.95220947265625,784.0
2025-11-25T18:08:00Z,361.0299987792969,361.1199951171875,361.0299987792969,361.1099853515625,361.1099853515625,944.0
2025-11-25T18:09:00Z,361.0299987792969,361.260009765625,361.0299987792969,361.2300109863281,361.2300109863281,1783.0
2025-11-25T18:10:00Z,361.239990234375,361.3699951171875,361.2300109863281,361.2300109863281,361.2300109863281,3189.0
2025-11-25T18:11:00Z,361.17999267578125,361.17999267578125,360.989990234375,361.1099853515625,361.1099853515625,1720.0
2025-11-25T18:12:00Z,361.1300048828125,361.2950134277344,361.1300048828125,361.1600036621094,361.1600036621094,1737.0
2025-11-25T18:13:00Z,361.1700134277344,361.3399963378906,361.1400146484375,361.3399963378906,361.3399963378906,1271.0
2025-11-25T18:14:00Z,361.2200012207031,361.2300109863281,361.1600036621094,361.1700134277344,361.1700134277344,1633.0
2025-11-25T18:15:00Z,361.1600036621094,361.29998779296875,361.0400085449219,361.29998779296875,361.29998779296875,3879.0
2025-11-25T18:16:00Z,361.2799987792969,361.2799987792969,361.17999267578125,361.2749938964844,361.2749938964844,598.0
2025-11-25T18:17:00Z,361.2650146484375,361.34991455078125,361.2650146484375,361.2650146484375,361.2650146484375,463.0
2025-11-25T18:18:00Z,361.3109130859375,361.3500061035156,361.17999267578125,361.260009765625,361.260009765625,2006.0
2025-11-25T18:19:00Z,361.2956237792969,361.4999084472656,361.260009765625,361.3450012207031,361.3450012207031,2551.0
2025-11-25T18:20:00Z,361.42999267578125,361.42999267578125,361.3984069824219,361.3984069824219,361.3984069824219,601.0
2025-11-25T18:21:00Z,361.42999267578125,361.80999755859375,361.42999267578125,361.6499938964844,361.6499938964844,7295.0
2025-11-25T18:22:00Z,361.6700134277344,361.8500061035156,361.6700134277344,361.7250061035156,361.7250061035156,1648.0
2025-11-25T18:23:00Z,361.7250061035156,361.7250061035156,361.6300048828125,361.6300048828125,361.6300048828125,1123.0
2025-11-25T18:24:00Z,361.6000061035156,361.7300109863281,361.3901062011719,361.7099914550781,361.7099914550781,1808.0
2025-11-25T18:25:00Z,361.69500732421875,361.69500732421875,361.67999267578125,361.69000244140625,361.69000244140625,1203.0
2025-11-25T18:26:00Z,361.7699890136719,361.7699890136719,361.69000244140625,361.69000244140625,361.69000244140625,438.0
2025-11-25T18:27:00Z,361.69000244140625,361.69000244140625,361.45001220703125,361.510009765625,361.510009765625,1859.0
2025-11-25T18:28:00Z,361.4501037597656,361.6199951171875,361.45001220703125,361.6199951171875,361.6199951171875,861.0
2025-11-25T18:29:00Z,361.6449890136719,361.6449890136719,361.5896911621094,361.625,361.625,1086.0
2025-11-25T18:30:00Z,361.6300048828125,361.80999755859375,361.6300048828125,361.80999755859375,361.80999755859375,1047.0
2025-11-25T18:31:00Z,361.54998779296875,361.618408203125,361.44000244140625,361.618408203125,361.618408203125,1764.0
2025-11-25T18:32:00Z,361.6700134277344,361.6700134277344,361.6099853515625,361.6534118652344,361.6534118652344,489.0
2025-11-25T18:33:00Z,361.6199951171875,361.67498779296875,361.6000061035156,361.6400146484375,361.6400146484375,2012.0
2025-11-25T18:34:00Z,361.6099853515625,361.6899108886719,361.54998779296875,361.6899108886719,361.6899108886719,2071.0
2025-11-25T18:35:00Z,361.55999755859375,361.6099853515625,361.5,361.5,361.5,4071.0
2025-11-25T18:36:00Z,361.5,361.5,361.19500732421875,361.2250061035156,361.2250061035156,2363.0
2025-11-25T18:37:00Z,361.2300109863281,361.29998779296875,361.0,361.0450134277344,361.0450134277344,8231.0
2025-11-25T18:38:00Z,361.0400085449219,361.0400085449219,360.9599914550781,361.0249938964844,361.0249938964844,1695.0
2025-11-25T18:39:00Z,361.1000061035156,361.2699890136719,361.05999755859375,361.2699890136719,361.2699890136719,1024.0
2025-11-25T18:40:00Z,361.17498779296875,361.17498779296875,360.989990234375,361.0350036621094,361.0350036621094,1666.0
2025-11-25T18:41:00Z,361.06298828125,361.1499938964844,361.06298828125,361.1499938964844,361.1499938964844,594.0
2025-11-25T18:42:00Z,361.260009765625,361.3999938964844,361.260009765625,361.260009765625,361.260009765625,1276.0
2025-11-25T18:43:00Z,361.3004150390625,361.3004150390625,361.17999267578125,361.17999267578125,361.17999267578125,1286.0
2025-11-25T18:44:00Z,361.1700134277344,361.1700134277344,361.1600036621094,361.1600036621094,361.1600036621094,780.0
2025-11-25T18:45:00Z,361.239990234375,361.29998779296875,361.2250061035156,361.2950134277344,361.2950134277344,829.0
2025-11-25T18:46:00Z,361.2300109863281,361.32000732421875,361.2300109863281,361.32000732421875,361.32000732421875,865.0
2025-11-25T18:47:00Z,361.3800048828125,361.4967956542969,361.3800048828125,361.42999267578125,361.42999267578125,1023.0
2025-11-25T18:48:00Z,361.4100036621094,361.42999267578125,361.30999755859375,361.30999755859375,361.30999755859375,1866.0
2025-11-25T18:49:00Z,361.2900085449219,361.4100036621094,361.2287902832031,361.4049987792969,361.4049987792969,1259.0
2025-11-25T18:50:00Z,361.3299865722656,361.3500061035156,361.2401123046875,361.3500061035156,361.3500061035156,927.0
2025-11-25T18:51:00Z,361.3500061035156,361.3500061035156,361.1600036621094,361.1600036621094,361.1600036621094,1359.0
2025-11-25T18:52:00Z,361.110107421875,361.3800048828125,361.110107421875,361.3299865722656,361.3299865722656,1776.0
2025-11-25T18:53:00Z,361.3450012207031,361.6700134277344,361.3299865722656,361.6700134277344,361.6700134277344,3802.0
2025-11-25T18:54:00Z,361.489990234375,361.5899963378906,361.4800109863281,361.5899963378906,361.5899963378906,1546.0
2025-11-25T18:55:00Z,361.55999755859375,361.57501220703125,361.4599914550781,361.4599914550781,361.4599914550781,1608.0
2025-11-25T18:56:00Z,361.4599914550781,361.5299987792969,361.3800048828125,361.5199890136719,361.5199890136719,2924.0
2025-11-25T18:57:00Z,361.45001220703125,361.5899963378906,361.45001220703125,361.5350036621094,361.5350036621094,2424.0
2025-11-25T18:58:00Z,361.5350036621094,361.6199951171875,361.3214111328125,361.3214111328125,361.3214111328125,3314.0
2025-11-25T18:59:00Z,361.3299865722656,361.45001220703125,361.3299865722656,361.4200134277344,361.4200134277344,1462.0
2025-11-25T19:00:00Z,361.3999938964844,361.4200134277344,361.3999938964844,361.4200134277344,361.4200134277344,626.0
2025-11-25T19:01:00Z,361.3299865722656,361.3349914550781,361.26458740234375,361.26458740234375,361.26458740234375,718.0
2025-11-25T19:02:00Z,361.2749938964844,361.4100036621094,361.2724914550781,361.4100036621094,361.4100036621094,1310.0
2025-11-25T19:03:00Z,361.44000244140625,361.4700012207031,361.4100036621094,361.4100036621094,361.4100036621094,781.0
2025-11-25T19:04:00Z,361.44000244140625,361.45001220703125,361.30999755859375,361.3450012207031,361.3450012207031,1457.0
2025-11-25T19:05:00Z,361.42999267578125,361.5899963378906,361.42999267578125,361.5899963378906,361.5899963378906,1100.0
2025-11-25T19:06:00Z,361.5425109863281,361.6899108886719,361.5425109863281,361.6899108886719,361.6899108886719,909.0
2025-11-25T19:07:00Z,361.57501220703125,361.57501220703125,361.4800109863281,361.5,361.5,1756.0
2025-11-25T19:08:00Z,361.5299987792969,361.5899963378906,361.42999267578125,361.56640625,361.56640625,1186.0
2025-11-25T19:09:00Z,361.6099853515625,361.6099853515625,361.4100036621094,361.4100036621094,361.4100036621094,1883.0
2025-11-25T19:10:00Z,361.4100036621094,361.55999755859375,361.4100036621094,361.55999755859375,361.55999755859375,950.0
2025-11-25T19:11:00Z,361.5799865722656,361.6889953613281,361.5,361.50469970703125,361.50469970703125,1565.0
2025-11-25T19:12:00Z,361.5199890136719,361.5199890136719,361.3999938964844,361.4200134277344,361.4200134277344,940.0
2025-11-25T19:13:00Z,361.4849853515625,361.6199951171875,361.4849853515625,361.6199951171875,361.6199951171875,990.0
2025-11-25T19:14:00Z,361.6700134277344,361.67999267578125,361.6700134277344,361.67999267578125,361.67999267578125,793.0
2025-11-25T19:15:00Z,361.75,361.75,361.6625061035156,361.6650085449219,361.6650085449219,1350.0
2025-11-25T19:16:00Z,361.6650085449219,361.6650085449219,361.6000061035156,361.6650085449219,361.6650085449219,1016.0
2025-11-25T19:17:00Z,361.7200012207031,361.79998779296875,361.6700134277344,361.7803039550781,361.7803039550781,1284.0
2025-11-25T19:18:00Z,361.80999755859375,361.80999755859375,361.55999755859375,361.55999755859375,361.55999755859375,1869.0
2025-11-25T19:19:00Z,361.5199890136719,361.6400146484375,361.418212890625,361.6400146484375,361.6400146484375,13555.0
2025-11-25T19:20:00Z,361.510009765625,361.5249938964844,361.4599914550781,361.4599914550781,361.4599914550781,673.0
2025-11-25T19:21:00Z,361.42999267578125,361.5325927734375,361.2101135253906,361.45001220703125,361.45001220703125,2647.0
2025-11-25T19:22:00Z,361.4700012207031,361.54998779296875,361.3399963378906,361.42999267578125,361.42999267578125,1697.0
2025-11-25T19:23:00Z,361.3299865722656,361.3800048828125,361.3299865722656,361.3699951171875,361.3699951171875,1085.0
2025-11-25T19:24:00Z,361.5450134277344,361.5450134277344,361.42999267578125,361.42999267578125,361.42999267578125,912.0
2025-11-25T19:25:00Z,361.5249938964844,361.6400146484375,361.501708984375,361.5860900878906,361.5860900878906,1508.0
2025-11-25T19:26:00Z,361.5,361.510009765625,361.3599853515625,361.4200134277344,361.4200134277344,1666.0
2025-11-25T19:27:00Z,361.42498779296875,361.5199890136719,361.3399963378906,361.489990234375,361.489990234375,1285.0
2025-11-25T19:28:00Z,361.4599914550781,361.4949951171875,361.4599914550781,361.4949951171875,361.4949951171875,1420.0
2025-11-25T19:29:00Z,361.5050048828125,361.5050048828125,361.4200134277344,361.4200134277344,361.4200134277344,825.0
2025-11-25T19:30:00Z,361.5199890136719,361.6700134277344,361.5199890136719,361.6099853515625,361.6099853515625,2095.0
2025-11-25T19:31:00Z,361.6099853515625,361.7099914550781,361.60040283203125,361.6474914550781,361.6474914550781,1836.0
2025-11-25T19:32:00Z,361.6400146484375,361.989990234375,361.6400146484375,361.92498779296875,361.92498779296875,2734.0
2025-11-25T19:33:00Z,362.0,362.0,361.8500061035156,361.9200134277344,361.9200134277344,1409.0
2025-11-25T19:34:00Z,361.92498779296875,361.92498779296875,361.79998779296875,361.8500061035156,361.8500061035156,3460.0
2025-11-25T19:35:00Z,361.877197265625,361.877197265625,361.70001220703125,361.7099914550781,361.7099914550781,1085.0
2025-11-25T19:36:00Z,361.6499938964844,361.7250061035156,361.6300048828125,361.7250061035156,361.7250061035156,1227.0
2025-11-25T19:37:00Z,361.6300048828125,361.82000732421875,361.54998779296875,361.64898681640625,361.64898681640625,1389.0
2025-11-25T19:38:00Z,361.6099853515625,361.6099853515625,361.4100036621094,361.55499267578125,361.55499267578125,3351.0
2025-11-25T19:39:00Z,361.5517883300781,361.5517883300781,361.45001220703125,361.5050048828125,361.5050048828125,3519.0
2025-11-25T19:40:00Z,361.4599914550781,361.4599914550781,361.45001220703125,361.45001220703125,361.45001220703125,857.0
2025-11-25T19:41:00Z,361.43499755859375,361.5249938964844,361.4100036621094,361.5249938964844,361.5249938964844,1261.0
2025-11-25T19:42:00Z,361.489990234375,361.50439453125,361.4100036621094,361.489990234375,361.489990234375,1870.0
2025-11-25T19:43:00Z,361.5400085449219,361.6300048828125,361.4800109863281,361.6199951171875,361.6199951171875,2405.0
2025-11-25T19:44:00Z,361.6099853515625,361.739990234375,361.6099853515625,361.67999267578125,361.67999267578125,14015.0
2025-11-25T19:45:00Z,361.6499938964844,361.9700012207031,361.6300048828125,361.9700012207031,361.9700012207031,7081.0
2025-11-25T19:46:00Z,361.989990234375,362.1499938964844,361.8800048828125,361.9849853515625,361.9849853515625,38345.0
2025-11-25T19:47:00Z,361.9849853515625,362.0249938964844,361.9100036621094,361.9750061035156,361.9750061035156,1885.0
2025-11-25T19:48:00Z,361.9750061035156,362.239990234375,361.9200134277344,362.1300048828125,362.1300048828125,12068.0
2025-11-25T19:49:00Z,362.1700134277344,362.25,362.1400146484375,362.20001220703125,362.20001220703125,20557.0
2025-11-25T19:50:00Z,362.1600036621094,362.25,362.1300048828125,362.19000244140625,362.19000244140625,14618.0
2025-11-25T19:51:00Z,362.19000244140625,362.2300109863281,362.1499938964844,362.20001220703125,362.20001220703125,11067.0
2025-11-25T19:52:00Z,362.20001220703125,362.5150146484375,362.1600036621094,362.5150146484375,362.5150146484375,5489.0
2025-11-25T19:53:00Z,362.5,362.635009765625,362.5,362.55999755859375,362.55999755859375,3275.0
2025-11-25T19:54:00Z,362.55999755859375,362.6463928222656,362.5050048828125,362.5199890136719,362.5199890136719,3078.0
2025-11-25T19:55:00Z,362.510009765625,362.7300109863281,362.4599914550781,362.7300109863281,362.7300109863281,3891.0
2025-11-25T19:56:00Z,362.7099914550781,362.8999938964844,362.6499938964844,362.851806640625,362.851806640625,4969.0
2025-11-25T19:57:00Z,362.8399963378906,362.864990234375,362.57000732421875,362.5799865722656,362.5799865722656,4330.0
2025-11-25T19:58:00Z,362.5799865722656,362.7738037109375,362.5799865722656,362.75,362.75,4962.0
2025-11-25T19:59:00Z,362.82000732421875,362.82000732421875,362.7560119628906,362.7560119628906,362.7560119628906,1124.0
2025-11-25T20:00:00Z,362.8599853515625,363.0299987792969,362.8399963378906,363.010009765625,363.010009765625,5511.0
2025-11-25T20:01:00Z,363.0150146484375,363.3699951171875,363.0150146484375,363.2699890136719,363.2699890136719,11516.0
2025-11-25T20:02:00Z,363.2699890136719,363.3900146484375,363.260009765625,363.3500061035156,363.3500061035156,4428.0
2025-11-25T20:03:00Z,363.3999938964844,363.5,363.2799987792969,363.2900085449219,363.2900085449219,5651.0
2025-11-25T20:04:00Z,363.3800048828125,363.510009765625,363.3800048828125,363.3900146484375,363.3900146484375,103666.0
2025-11-25T20:05:00Z,363.45001220703125,363.6400146484375,363.30999755859375,363.6050109863281,363.6050109863281,2271.0
2025-11-25T20:06:00Z,363.54998779296875,363.6050109863281,363.4800109863281,363.4800109863281,363.4800109863281,2481.0
2025-11-25T20:07:00Z,363.5899963378906,363.6400146484375,363.54998779296875,363.6300048828125,363.6300048828125,1122.0
2025-11-25T20:08:00Z,363.67498779296875,363.7699890136719,363.5799865722656,363.5799865722656,363.5799865722656,4037.0
2025-11-25T20:09:00Z,363.6300048828125,363.6300048828125,363.5299987792969,363.5425109863281,363.5425109863281,2278.0
2025-11-25T20:10:00Z,363.5450134277344,363.5450134277344,363.3699951171875,363.4549865722656,363.4549865722656,2437.0
2025-11-25T20:11:00Z,363.44000244140625,363.44000244140625,363.20001220703125,363.3500061035156,363.3500061035156,4656.0
2025-11-25T20:12:00Z,363.489990234375,363.510009765625,363.3699951171875,363.3699951171875,363.3699951171875,1292.0
2025-11-25T20:13:00Z,363.4150085449219,363.5299987792969,363.4150085449219,363.44500732421875,363.44500732421875,875.0
2025-11-25T20:14:00Z,363.5299987792969,363.5299987792969,363.45001220703125,363.5,363.5,1354.0
2025-11-25T20:15:00Z,363.44000244140625,363.5,363.3800048828125,363.3999938964844,363.3999938964844,2706.0
2025-11-25T20:16:00Z,363.4100036621094,363.4649963378906,363.4100036621094,363.4649963378906,363.4649963378906,157.0
2025-11-25T20:18:00Z,363.6099853515625,363.6099853515625,363.6099853515625,363.6099853515625,363.6099853515625,9121.0
2025-11-25T20:19:00Z,363.6499938964844,363.67498779296875,363.6000061035156,363.67498779296875,363.67498779296875,1584.0
2025-11-25T20:20:00Z,363.67498779296875,363.67498779296875,363.510009765625,363.510009765625,363.510009765625,2209.0
2025-11-25T20:21:00Z,363.4800109863281,363.4800109863281,363.3500061035156,363.3500061035156,363.3500061035156,1971.0
2025-11-25T20:22:00Z,363.3500061035156,363.5050048828125,363.31768798828125,363.3599853515625,363.3599853515625,2601.0
2025-11-25T20:23:00Z,363.3599853515625,363.3900146484375,363.3599853515625,363.3900146484375,363.3900146484375,1191.0
2025-11-25T20:24:00Z,363.3900146484375,363.4800109863281,363.3800048828125,363.4049987792969,363.4049987792969,1940.0
2025-11-25T20:25:00Z,363.3800048828125,363.385009765625,363.2300109863281,363.2799987792969,363.2799987792969,4126.0
2025-11-25T20:26:00Z,363.260009765625,363.260009765625,363.19000244140625,363.2099914550781,363.2099914550781,1372.0
2025-11-25T20:27:00Z,363.17999267578125,363.2300109863281,363.07000732421875,363.1600036621094,363.1600036621094,2980.0
2025-11-25T20:28:00Z,363.1099853515625,363.1300048828125,363.04998779296875,363.1300048828125,363.1300048828125,3461.0
2025-11-25T20:29:00Z,363.1000061035156,363.1400146484375,362.8900146484375,362.9750061035156,362.9750061035156,5707.0
2025-11-25T20:30:00Z,362.9750061035156,363.0400085449219,362.739990234375,363.0,363.0,4085.0
2025-11-25T20:31:00Z,363.0,363.1806945800781,363.0,363.1499938964844,363.1499938964844,3473.0
2025-11-25T20:32:00Z,363.1000061035156,363.20001220703125,363.07000732421875,363.19500732421875,363.19500732421875,2394.0
2025-11-25T20:33:00Z,363.19500732421875,363.30999755859375,363.17999267578125,363.2900085449219,363.2900085449219,3949.0
2025-11-25T20:34:00Z,363.3900146484375,363.4100036621094,363.2799987792969,363.29998779296875,363.29998779296875,1861.0
2025-11-25T20:35:00Z,363.2699890136719,363.4200134277344,363.2699890136719,363.3599853515625,363.3599853515625,2747.0
2025-11-25T20:36:00Z,363.3699951171875,363.3699951171875,363.239990234375,363.31500244140625,363.31500244140625,2903.0
2025-11-25T20:37:00Z,363.3900146484375,363.3900146484375,363.239990234375,363.239990234375,363.239990234375,2216.0
2025-11-25T20:38:00Z,363.30999755859375,363.5400085449219,363.30999755859375,363.5400085449219,363.5400085449219,3904.0
2025-11-25T20:39:00Z,363.518310546875,363.5350036621094,363.44000244140625,363.489990234375,363.489990234375,2967.0
2025-11-25T20:40:00Z,363.5386047363281,363.5625,363.4800109863281,363.5050048828125,363.5050048828125,3154.0
2025-11-25T20:41:00Z,363.5050048828125,363.5199890136719,363.2900085449219,363.3200988769531,363.3200988769531,4639.0
2025-11-25T20:42:00Z,363.2799987792969,363.30499267578125,363.1700134277344,363.20001220703125,363.20001220703125,4278.0
2025-11-25T20:43:00Z,363.19000244140625,363.20001220703125,363.07000732421875,363.0975036621094,363.0975036621094,2939.0
2025-11-25T20:44:00Z,363.07000732421875,363.1700134277344,362.9100036621094,363.010009765625,363.010009765625,5021.0
2025-11-25T20:45:00Z,363.0199890136719,363.0799865722656,362.8900146484375,362.9200134277344,362.9200134277344,5100.0
2025-11-25T20:46:00Z,362.9700012207031,363.1199951171875,362.9700012207031,363.1000061035156,363.1000061035156,3345.0
2025-11-25T20:47:00Z,363.1000061035156,363.2349853515625,363.1000061035156,363.2349853515625,363.2349853515625,3248.0
2025-11-25T20:48:00Z,363.20001220703125,363.20001220703125,362.9100036621094,362.9100036621094,362.9100036621094,5832.0
2025-11-25T20:49:00Z,363.0299072265625,363.0299072265625,362.7300109863281,362.8450012207031,362.8450012207031,6382.0
2025-11-25T20:50:00Z,362.8900146484375,363.0,362.7699890136719,362.94000244140625,362.94000244140625,9800.0
2025-11-25T20:51:00Z,362.8800048828125,363.2099914550781,362.8800048828125,363.2001037597656,363.2001037597656,14040.0
2025-11-25T20:52:00Z,363.20001220703125,363.3299865722656,363.17999267578125,363.29998779296875,363.29998779296875,6341.0
2025-11-25T20:53:00Z,363.3299865722656,363.3900146484375,363.30999755859375,363.3699951171875,363.3699951171875,8103.0
2025-11-25T20:54:00Z,363.3699951171875,363.3699951171875,363.0,363.05999755859375,363.05999755859375,9215.0
2025-11-25T20:55:00Z,363.0,363.17999267578125,363.0,363.04998779296875,363.04998779296875,16804.0
2025-11-25T20:56:00Z,363.0799865722656,363.2099914550781,362.8900146484375,363.1600036621094,363.1600036621094,18457.0
2025-11-25T20:57:00Z,363.1600036621094,363.1600036621094,362.6499938964844,362.6600036621094,362.6600036621094,22659.0
2025-11-25T20:58:00Z,362.69000244140625,362.69000244140625,362.3599853515625,362.489990234375,362.489990234375,36537.0
2025-11-25T20:59:00Z,362.489990234375,362.739990234375,362.2900085449219,362.739990234375,362.739990234375,54294.0
2025-11-26T14:30:00Z,362.7099914550781,363.7900085449219,362.7099914550781,363.2550048828125,363.2550048828125,23143.0
2025-11-26T14:31:00Z,363.3399963378906,363.55999755859375,362.989990234375,363.3302001953125,363.3302001953125,4069.0
2025-11-26T14:32:00Z,363.5899963378906,364.0,363.5,363.68499755859375,363.68499755859375,5794.0
2025-11-26T14:33:00Z,363.4200134277344,363.95001220703125,363.375,363.95001220703125,363.95001220703125,5890.0
2025-11-26T14:34:00Z,363.7550048828125,363.95001220703125,363.29998779296875,363.7650146484375,363.7650146484375,2997.0
2025-11-26T14:35:00Z,363.7699890136719,363.9700012207031,363.3999938964844,363.6600036621094,363.6600036621094,3124.0
2025-11-26T14:36:00Z,363.4620056152344,363.8999938964844,363.4620056152344,363.7099914550781,363.7099914550781,1937.0
2025-11-26T14:37:00Z,363.8949890136719,364.3900146484375,363.8949890136719,364.3800048828125,364.3800048828125,2969.0
2025-11-26T14:38:00Z,364.20001220703125,364.3599853515625,363.8500061035156,364.17999267578125,364.17999267578125,7400.0
2025-11-26T14:39:00Z,364.1099853515625,364.3512878417969,363.9100036621094,364.3500061035156,364.3500061035156,1666.0
2025-11-26T14:40:00Z,364.3699951171875,364.69000244140625,364.2278137207031,364.69000244140625,364.69000244140625,2201.0
2025-11-26T14:41:00Z,364.69000244140625,364.95001220703125,364.44000244140625,364.760009765625,364.760009765625,5941.0
2025-11-26T14:42:00Z,364.75,365.1499938964844,364.70001220703125,364.8399963378906,364.8399963378906,13276.0
2025-11-26T14:43:00Z,364.8299865722656,365.1400146484375,364.7099914550781,365.125,365.125,6597.0
2025-11-26T14:44:00Z,365.1600036621094,365.2749938964844,364.9100036621094,365.1050109863281,365.1050109863281,2710.0
2025-11-26T14:45:00Z,364.760009765625,364.9949951171875,364.6499938964844,364.739990234375,364.739990234375,6654.0
2025-11-26T14:46:00Z,364.7200012207031,364.82000732421875,364.4100036621094,364.78338623046875,364.78338623046875,4771.0
2025-11-26T14:47:00Z,364.7699890136719,364.8800048828125,364.6499938964844,364.7200012207031,364.7200012207031,4829.0
2025-11-26T14:48:00Z,364.78741455078125,365.0799865722656,364.78741455078125,365.07000732421875,365.07000732421875,2470.0
2025-11-26T14:49:00Z,365.19000244140625,365.30999755859375,364.9787902832031,365.2900085449219,365.2900085449219,3227.0
2025-11-26T14:50:00Z,365.2049865722656,365.489990234375,365.1300048828125,365.1600036621094,365.1600036621094,5195.0
2025-11-26T14:51:00Z,365.1199951171875,365.1199951171875,364.4049987792969,364.4049987792969,364.4049987792969,4064.0
2025-11-26T14:52:00Z,364.3500061035156,364.3999938964844,363.8699951171875,364.1700134277344,364.1700134277344,4775.0
2025-11-26T14:53:00Z,364.3599853515625,364.3599853515625,363.79998779296875,363.8450012207031,363.8450012207031,2758.0
2025-11-26T14:54:00Z,363.8450012207031,364.0,363.8135986328125,363.9849853515625,363.9849853515625,619.0
2025-11-26T14:55:00Z,364.010009765625,364.32000732421875,363.95001220703125,364.32000732421875,364.32000732421875,2880.0
2025-11-26T14:56:00Z,364.3299865722656,364.44000244140625,363.5299987792969,363.7099914550781,363.7099914550781,3821.0
2025-11-26T14:57:00Z,363.7099914550781,363.8999938964844,363.6748046875,363.80999755859375,363.80999755859375,1985.0
2025-11-26T14:58:00Z,363.80999755859375,364.30999755859375,363.80499267578125,364.30999755859375,364.30999755859375,1514.0
2025-11-26T14:59:00Z,364.25,364.92999267578125,364.0199890136719,364.5849914550781,364.5849914550781,13880.0
2025-11-26T15:00:00Z,364.7049865722656,364.8949890136719,364.260009765625,364.82000732421875,364.82000732421875,17476.0
2025-11-26T15:01:00Z,365.05999755859375,365.239990234375,364.8638916015625,365.04998779296875,365.04998779296875,1988.0
2025-11-26T15:02:00Z,365.0299987792969,365.30999755859375,364.9735107421875,364.9735107421875,364.9735107421875,1637.0
2025-11-26T15:03:00Z,365.2900085449219,365.3900146484375,365.2200012207031,365.2300109863281,365.2300109863281,5714.0
2025-11-26T15:04:00Z,365.2550048828125,365.3999938964844,364.9599914550781,365.1400146484375,365.1400146484375,2982.0
2025-11-26T15:05:00Z,365.18499755859375,365.4200134277344,364.95001220703125,365.20001220703125,365.20001220703125,2369.0
2025-11-26T15:06:00Z,365.3800048828125,365.5,365.260009765625,365.42999267578125,365.42999267578125,2553.0
2025-11-26T15:07:00Z,365.45001220703125,365.5899963378906,365.1200866699219,365.5,365.5,4416.0
2025-11-26T15:08:00Z,365.5400085449219,365.7250061035156,365.4849853515625,365.7250061035156,365.7250061035156,7055.0
2025-11-26T15:09:00Z,365.8399963378906,366.2300109863281,365.8399963378906,365.8800048828125,365.8800048828125,3788.0
2025-11-26T15:10:00Z,365.7900085449219,365.81500244140625,365.6499938964844,365.7200012207031,365.7200012207031,3890.0
2025-11-26T15:11:00Z,365.7049865722656,365.79998779296875,365.25,365.25,365.25,5033.0
2025-11-26T15:12:00Z,365.3349914550781,365.6300048828125,365.32000732421875,365.614990234375,365.614990234375,1842.0
2025-11-26T15:13:00Z,365.614990234375,365.614990234375,365.2099914550781,365.2200012207031,365.2200012207031,2403.0
2025-11-26T15:14:00Z,365.1650085449219,365.3699951171875,364.8240051269531,364.8240051269531,364.8240051269531,2403.0
2025-11-26T15:15:00Z,364.8500061035156,364.9200134277344,364.44000244140625,364.5400085449219,364.5400085449219,5499.0
2025-11-26T15:16:00Z,364.55999755859375,364.73638916015625,364.42498779296875,364.7001037597656,364.7001037597656,2088.0
2025-11-26T15:17:00Z,364.5,364.989990234375,364.30499267578125,364.989990234375,364.989990234375,3401.0
2025-11-26T15:18:00Z,365.0400085449219,365.2699890136719,365.0400085449219,365.2200012207031,365.2200012207031,1542.0
2025-11-26T15:19:00Z,365.3362121582031,365.3800048828125,365.1499938964844,365.3800048828125,365.3800048828125,2081.0
2025-11-26T15:20:00Z,365.44000244140625,365.57000732421875,365.32000732421875,365.4750061035156,365.4750061035156,1329.0
2025-11-26T15:21:00Z,365.32000732421875,365.5198974609375,364.9607849121094,365.2950134277344,365.2950134277344,3570.0
2025-11-26T15:22:00Z,365.2950134277344,365.5799865722656,365.2900085449219,365.5799865722656,365.5799865722656,1406.0
2025-11-26T15:23:00Z,365.69000244140625,365.9100036621094,365.5299987792969,365.5299987792969,365.5299987792969,2175.0
2025-11-26T15:24:00Z,365.5350036621094,365.5350036621094,365.5350036621094,365.5350036621094,365.5350036621094,252.0
2025-11-26T15:25:00Z,365.4200134277344,365.4200134277344,365.2799987792969,365.3450012207031,365.3450012207031,3127.0
2025-11-26T15:26:00Z,365.2200012207031,365.5199890136719,365.19000244140625,365.3800048828125,365.3800048828125,4492.0
2025-11-26T15:27:00Z,365.3800048828125,365.5400085449219,365.32501220703125,365.32501220703125,365.32501220703125,2354.0
2025-11-26T15:28:00Z,365.4599914550781,365.4599914550781,365.2200012207031,365.2900085449219,365.2900085449219,3668.0
2025-11-26T15:29:00Z,365.2799987792969,365.4100036621094,365.2099914550781,365.4100036621094,365.4100036621094,4117.0
2025-11-26T15:30:00Z,365.32000732421875,365.44000244140625,365.1413879394531,365.44000244140625,365.44000244140625,2320.0
2025-11-26T15:31:00Z,365.32501220703125,365.4599914550781,365.2099914550781,365.2099914550781,365.2099914550781,4449.0
2025-11-26T15:32:00Z,365.260009765625,365.2799987792969,365.010009765625,365.0799865722656,365.0799865722656,2299.0
2025-11-26T15:33:00Z,365.010009765625,365.0799865722656,364.8500061035156,365.0199890136719,365.0199890136719,3610.0
2025-11-26T15:34:00Z,365.0799865722656,365.1600036621094,365.04998779296875,365.1600036621094,365.1600036621094,1370.0
2025-11-26T15:35:00Z,365.19000244140625,365.2449951171875,365.0745849609375,365.22100830078125,365.22100830078125,3267.0
2025-11-26T15:36:00Z,365.19500732421875,365.19500732421875,365.1099853515625,365.1099853515625,365.1099853515625,888.0
2025-11-26T15:37:00Z,365.1700134277344,365.31988525390625,365.010009765625,365.1982116699219,365.1982116699219,4632.0
2025-11-26T15:38:00Z,365.32000732421875,365.364990234375,365.1700134277344,365.364990234375,365.364990234375,1265.0
2025-11-26T15:39:00Z,365.4241027832031,365.4241027832031,365.2690124511719,365.3500061035156,365.3500061035156,1609.0
2025-11-26T15:40:00Z,365.385009765625,365.5498962402344,365.239990234375,365.2699890136719,365.2699890136719,3708.0
2025-11-26T15:41:00Z,365.2699890136719,365.31549072265625,365.1099853515625,365.1099853515625,365.1099853515625,1154.0
2025-11-26T15:42:00Z,365.07000732421875,365.1549987792969,365.0274963378906,365.1549987792969,365.1549987792969,1065.0
2025-11-26T15:43:00Z,365.1400146484375,365.21649169921875,365.0899963378906,365.1199951171875,365.1199951171875,1896.0
2025-11-26T15:44:00Z,365.1199951171875,365.1199951171875,364.8826904296875,364.8826904296875,364.8826904296875,2883.0
2025-11-26T15:45:00Z,364.8800048828125,364.8800048828125,364.760009765625,364.7699890136719,364.7699890136719,3105.0
2025-11-26T15:46:00Z,364.7699890136719,364.989990234375,364.760009765625,364.8500061035156,364.8500061035156,2826.0
2025-11-26T15:47:00Z,364.760009765625,364.8500061035156,364.6700134277344,364.8500061035156,364.8500061035156,2004.0
2025-11-26T15:48:00Z,364.8699951171875,364.8699951171875,364.7200012207031,364.7300109863281,364.7300109863281,727.0
2025-11-26T15:49:00Z,365.0098876953125,365.0098876953125,364.7300109863281,364.875,364.875,365.0
2025-11-26T15:50:00Z,364.760009765625,365.0299987792969,364.7200012207031,364.94000244140625,364.94000244140625,3732.0
2025-11-26T15:51:00Z,365.0050048828125,365.1418151855469,364.9200134277344,364.9200134277344,364.9200134277344,2631.0
2025-11-26T15:52:00Z,365.0450134277344,365.17999267578125,365.0274963378906,365.0950012207031,365.0950012207031,1883.0
2025-11-26T15:53:00Z,365.1000061035156,365.125,365.0299987792969,365.125,365.125,719.0
2025-11-26T15:54:00Z,365.1199951171875,365.32501220703125,365.0299987792969,365.2550048828125,365.2550048828125,1910.0
2025-11-26T15:55:00Z,365.30999755859375,365.5400085449219,365.30999755859375,365.5400085449219,365.5400085449219,2604.0
2025-11-26T15:56:00Z,365.54998779296875,365.54998779296875,365.2799987792969,365.32000732421875,365.32000732421875,2517.0
2025-11-26T15:57:00Z,365.489990234375,365.81561279296875,365.489990234375,365.75,365.75,1383.0
2025-11-26T15:58:00Z,365.6499938964844,365.7449951171875,365.6499938964844,365.7449951171875,365.7449951171875,1661.0
2025-11-26T15:59:00Z,365.79998779296875,366.0,365.79998779296875,365.8999938964844,365.8999938964844,2845.0
2025-11-26T16:00:00Z,365.9800109863281,366.0150146484375,365.8999938964844,366.0150146484375,366.0150146484375,3670.0
2025-11-26T16:01:00Z,366.0150146484375,366.0174865722656,365.7699890136719,365.7699890136719,365.7699890136719,1963.0
2025-11-26T16:02:00Z,365.82000732421875,366.2200012207031,365.82000732421875,366.114990234375,366.114990234375,10900.0
2025-11-26T16:03:00Z,366.114990234375,366.114990234375,365.9800109863281,366.1000061035156,366.1000061035156,1191.0
2025-11-26T16:04:00Z,366.114990234375,366.1300048828125,366.010009765625,366.010009765625,366.010009765625,600.0
2025-11-26T16:05:00Z,366.1199951171875,366.2300109863281,366.05450439453125,366.1600036621094,366.1600036621094,2784.0
2025-11-26T16:06:00Z,366.1400146484375,366.1400146484375,366.1400146484375,366.1400146484375,366.1400146484375,349.0
2025-11-26T16:07:00Z,366.0299987792969,366.0299987792969,365.7900085449219,365.8299865722656,365.8299865722656,2399.0
2025-11-26T16:08:00Z,365.8299865722656,366.1000061035156,365.8299865722656,365.9049987792969,365.9049987792969,507.0
2025-11-26T16:09:00Z,365.8999938964844,366.07989501953125,365.8999938964844,365.9049987792969,365.9049987792969,1366.0
2025-11-26T16:10:00Z,365.9100036621094,365.92999267578125,365.70001220703125,365.760009765625,365.760009765625,5483.0
2025-11-26T16:11:00Z,365.8949890136719,365.94000244140625,365.8900146484375,365.94000244140625,365.94000244140625,690.0
2025-11-26T16:12:00Z,365.93499755859375,366.04998779296875,365.8525085449219,366.0249938964844,366.0249938964844,2637.0
2025-11-26T16:13:00Z,366.0199890136719,366.25,366.0199890136719,366.25,366.25,2989.0
2025-11-26T16:14:00Z,366.25,366.32989501953125,365.6499938964844,365.67999267578125,365.67999267578125,8058.0
2025-11-26T16:15:00Z,365.8599853515625,365.8599853515625,365.6400146484375,365.68499755859375,365.68499755859375,801.0
2025-11-26T16:16:00Z,365.8999938964844,365.9736022949219,365.8999938964844,365.94500732421875,365.94500732421875,390.0
2025-11-26T16:17:00Z,365.739990234375,365.8335876464844,365.42999267578125,365.42999267578125,365.42999267578125,4132.0
2025-11-26T16:18:00Z,365.57000732421875,365.739990234375,365.340087890625,365.340087890625,365.340087890625,3895.0
2025-11-26T16:19:00Z,365.5450134277344,365.57501220703125,365.5450134277344,365.57501220703125,365.57501220703125,889.0
2025-11-26T16:20:00Z,365.6400146484375,365.6549987792969,365.5205993652344,365.6199951171875,365.6199951171875,2682.0
2025-11-26T16:21:00Z,365.5425109863281,365.6600036621094,365.5425109863281,365.6600036621094,365.6600036621094,4531.0
2025-11-26T16:22:00Z,365.6600036621094,365.6650085449219,365.5799865722656,365.6400146484375,365.6400146484375,5353.0
2025-11-26T16:23:00Z,365.5799865722656,365.5950012207031,365.40008544921875,365.5950012207031,365.5950012207031,1219.0
2025-11-26T16:24:00Z,365.5950012207031,365.5950012207031,365.42999267578125,365.44000244140625,365.44000244140625,2247.0
2025-11-26T16:25:00Z,365.42999267578125,365.5249938964844,365.32000732421875,365.32000732421875,365.32000732421875,1407.0
2025-11-26T16:26:00Z,365.42498779296875,365.42498779296875,364.8999938964844,365.07000732421875,365.07000732421875,2025.0
2025-11-26T16:27:00Z,365.239990234375,365.3399963378906,365.06500244140625,365.06500244140625,365.06500244140625,2594.0
2025-11-26T16:28:00Z,365.114990234375,365.3800048828125,365.114990234375,365.3800048828125,365.3800048828125,2017.0
2025-11-26T16:29:00Z,365.2900085449219,365.4100036621094,365.239990234375,365.2449951171875,365.2449951171875,1173.0
2025-11-26T16:30:00Z,365.31500244140625,365.3599853515625,365.1300048828125,365.1499938964844,365.1499938964844,2384.0
2025-11-26T16:31:00Z,365.1499938964844,365.2099914550781,365.0509948730469,365.20001220703125,365.20001220703125,4622.0
2025-11-26T16:32:00Z,365.2099914550781,365.2099914550781,365.0799865722656,365.1300048828125,365.1300048828125,1370.0
2025-11-26T16:33:00Z,365.1300048828125,365.1300048828125,364.989990234375,365.0,365.0,2050.0
2025-11-26T16:34:00Z,365.0249938964844,365.2099914550781,364.9599914550781,365.2099914550781,365.2099914550781,2596.0
2025-11-26T16:35:00Z,365.2099914550781,365.30499267578125,365.17999267578125,365.29998779296875,365.29998779296875,4614.0
2025-11-26T16:36:00Z,365.260009765625,365.2799987792969,365.1000061035156,365.1000061035156,365.1000061035156,1181.0
2025-11-26T16:37:00Z,365.0899963378906,365.125,365.05499267578125,365.05499267578125,365.05499267578125,1266.0
2025-11-26T16:38:00Z,365.06500244140625,365.1600036621094,364.95001220703125,365.1400146484375,365.1400146484375,4456.0
2025-11-26T16:39:00Z,365.2099914550781,365.30999755859375,365.20001220703125,365.30999755859375,365.30999755859375,774.0
2025-11-26T16:40:00Z,365.30499267578125,365.4599914550781,365.2900085449219,365.4200134277344,365.4200134277344,1834.0
2025-11-26T16:41:00Z,365.3999938964844,365.4656982421875,365.2900085449219,365.29998779296875,365.29998779296875,2110.0
2025-11-26T16:42:00Z,365.29998779296875,365.29998779296875,365.29998779296875,365.29998779296875,365.29998779296875,1021.0
2025-11-26T16:43:00Z,365.29998779296875,365.4399108886719,365.2900085449219,365.364990234375,365.364990234375,6726.0
2025-11-26T16:44:00Z,365.364990234375,365.364990234375,365.2650146484375,365.3299865722656,365.3299865722656,2150.0
2025-11-26T16:45:00Z,365.3299865722656,365.3299865722656,365.3299865722656,365.3299865722656,365.3299865722656,690.0
2025-11-26T16:46:00Z,365.3900146484375,365.3900146484375,365.3299865722656,365.3299865722656,365.3299865722656,896.0
2025-11-26T16:47:00Z,365.3299865722656,365.3999938964844,365.260009765625,365.3999938964844,365.3999938964844,1585.0
2025-11-26T16:48:00Z,365.364990234375,365.5,365.364990234375,365.42999267578125,365.42999267578125,4332.0
2025-11-26T16:49:00Z,365.5,365.5350036621094,365.4700012207031,365.4700012207031,365.4700012207031,2250.0
2025-11-26T16:50:00Z,365.3999938964844,365.3999938964844,365.3641052246094,365.3999938964844,365.3999938964844,573.0
2025-11-26T16:51:00Z,365.3999938964844,365.4599914550781,365.25311279296875,365.25311279296875,365.25311279296875,1482.0
2025-11-26T16:52:00Z,365.3599853515625,365.4599914550781,365.3599853515625,365.4577941894531,365.4577941894531,946.0
2025-11-26T16:53:00Z,365.3900146484375,365.5,365.340087890625,365.4700012207031,365.4700012207031,2834.0
2025-11-26T16:54:00Z,365.5799865722656,365.6700134277344,365.55999755859375,365.6700134277344,365.6700134277344,2728.0
2025-11-26T16:55:00Z,365.635009765625,365.8299865722656,365.635009765625,365.739990234375,365.739990234375,8610.0
2025-11-26T16:56:00Z,365.75,365.8299865722656,365.75,365.80999755859375,365.80999755859375,775.0
2025-11-26T16:57:00Z,365.7950134277344,365.7950134277344,365.6325988769531,365.72900390625,365.72900390625,1898.0
2025-11-26T16:58:00Z,365.6724853515625,365.6724853515625,365.4949951171875,365.6300048828125,365.6300048828125,1942.0
2025-11-26T16:59:00Z,365.5299987792969,365.6199951171875,365.45001220703125,365.6199951171875,365.6199951171875,1163.0
2025-11-26T17:00:00Z,365.6300048828125,365.72900390625,365.5299987792969,365.5350036621094,365.5350036621094,1834.0
2025-11-26T17:01:00Z,365.56500244140625,365.7300109863281,365.56500244140625,365.67999267578125,365.67999267578125,2034.0
2025-11-26T17:02:00Z,365.6499938964844,365.80499267578125,365.6499938964844,365.760009765625,365.760009765625,4156.0
2025-11-26T17:03:00Z,365.75,365.92999267578125,365.71051025390625,365.9200134277344,365.9200134277344,4620.0
2025-11-26T17:04:00Z,365.8900146484375,365.9700012207031,365.8500061035156,365.927490234375,365.927490234375,3896.0
2025-11-26T17:05:00Z,365.9800109863281,366.010009765625,365.92498779296875,365.9800109863281,365.9800109863281,2680.0
2025-11-26T17:06:00Z,366.05999755859375,366.05999755859375,365.8500061035156,365.8500061035156,365.8500061035156,4149.0
2025-11-26T17:07:00Z,365.8500061035156,365.8900146484375,365.8399963378906,365.8399963378906,365.8399963378906,1934.0
2025-11-26T17:08:00Z,365.8299865722656,365.8500061035156,365.5849914550781,365.70001220703125,365.70001220703125,2732.0
2025-11-26T17:09:00Z,365.67999267578125,365.7298889160156,365.5119934082031,365.5119934082031,365.5119934082031,2365.0
2025-11-26T17:10:00Z,365.6700134277344,365.7149963378906,365.6650085449219,365.6650085449219,365.6650085449219,1894.0
2025-11-26T17:11:00Z,365.6650085449219,365.8699951171875,365.6650085449219,365.8699951171875,365.8699951171875,2093.0
2025-11-26T17:12:00Z,366.0085144042969,366.0400085449219,365.9049987792969,365.94000244140625,365.94000244140625,2778.0
2025-11-26T17:13:00Z,365.8699951171875,365.8699951171875,365.7099914550781,365.7099914550781,365.7099914550781,1034.0
2025-11-26T17:14:00Z,365.7900085449219,365.7900085449219,365.5400085449219,365.5400085449219,365.5400085449219,1676.0
2025-11-26T17:15:00Z,365.4200134277344,365.4700012207031,365.3599853515625,365.42999267578125,365.42999267578125,919.0
2025-11-26T17:16:00Z,365.42999267578125,365.54998779296875,365.42999267578125,365.4700012207031,365.4700012207031,759.0
2025-11-26T17:17:00Z,365.3900146484375,365.42999267578125,365.3900146484375,365.40679931640625,365.40679931640625,1573.0
2025-11-26T17:18:00Z,365.3949890136719,365.3949890136719,365.20001220703125,365.20001220703125,365.20001220703125,1375.0
2025-11-26T17:19:00Z,365.239990234375,365.239990234375,365.239990234375,365.239990234375,365.239990234375,291.0
2025-11-26T17:20:00Z,365.19000244140625,365.3699951171875,365.1700134277344,365.3699951171875,365.3699951171875,1997.0
2025-11-26T17:21:00Z,365.2900085449219,365.6300048828125,365.2900085449219,365.5799865722656,365.5799865722656,2464.0
2025-11-26T17:22:00Z,365.6449890136719,365.6449890136719,365.4100036621094,365.510009765625,365.510009765625,4958.0
2025-11-26T17:23:00Z,365.4849853515625,365.5010986328125,365.4849853515625,365.4949951171875,365.4949951171875,793.0
2025-11-26T17:24:00Z,365.4949951171875,365.6099853515625,365.4949951171875,365.5199890136719,365.5199890136719,711.0
2025-11-26T17:25:00Z,365.6398010253906,365.6398010253906,365.510009765625,365.510009765625,365.510009765625,1393.0
2025-11-26T17:26:00Z,365.510009765625,365.510009765625,365.4599914550781,365.5,365.5,500.0
2025-11-26T17:27:00Z,365.6000061035156,365.73150634765625,365.3999938964844,365.4599914550781,365.4599914550781,3191.0
2025-11-26T17:28:00Z,365.4599914550781,365.5350036621094,365.45001220703125,365.510009765625,365.510009765625,1410.0
2025-11-26T17:29:00Z,365.55499267578125,365.6600036621094,365.5,365.6400146484375,365.6400146484375,1836.0
2025-11-26T17:30:00Z,365.6700134277344,365.97198486328125,365.6700134277344,365.97198486328125,365.97198486328125,2084.0
2025-11-26T17:31:00Z,365.8999938964844,365.9700012207031,365.88751220703125,365.9700012207031,365.9700012207031,2112.0
2025-11-26T17:32:00Z,365.8800048828125,366.010009765625,365.82000732421875,365.9383850097656,365.9383850097656,1879.0
2025-11-26T17:33:00Z,365.9700012207031,366.125,365.9700012207031,366.125,366.125,5734.0
2025-11-26T17:34:00Z,366.1499938964844,366.1600036621094,365.92999267578125,366.07501220703125,366.07501220703125,5327.0
2025-11-26T17:35:00Z,366.1499938964844,366.489990234375,366.1499938964844,366.3525085449219,366.3525085449219,2926.0
2025-11-26T17:36:00Z,366.2799987792969,366.2799987792969,366.0799865722656,366.125,366.125,2453.0
2025-11-26T17:37:00Z,366.0799865722656,366.0899963378906,365.875,365.94500732421875,365.94500732421875,2031.0
2025-11-26T17:38:00Z,365.8999938964844,366.0400085449219,365.8299865722656,366.0400085449219,366.0400085449219,4960.0
2025-11-26T17:39:00Z,366.07000732421875,366.239990234375,366.07000732421875,366.2099914550781,366.2099914550781,997.0
2025-11-26T17:40:00Z,366.2099914550781,366.2998962402344,366.0899963378906,366.0899963378906,366.0899963378906,11113.0
2025-11-26T17:41:00Z,365.9649963378906,365.9700012207031,365.9200134277344,365.965087890625,365.965087890625,784.0
2025-11-26T17:42:00Z,366.0400085449219,366.0400085449219,365.9200134277344,365.9200134277344,365.9200134277344,1484.0
2025-11-26T17:43:00Z,365.989990234375,365.989990234375,365.7300109863281,365.8399963378906,365.8399963378906,4512.0
2025-11-26T17:44:00Z,365.95001220703125,366.19000244140625,365.95001220703125,366.1400146484375,366.1400146484375,2904.0
2025-11-26T17:45:00Z,366.1099853515625,366.17999267578125,366.090087890625,366.090087890625,366.090087890625,1283.0
2025-11-26T17:46:00Z,366.1000061035156,366.20819091796875,366.07000732421875,366.1549987792969,366.1549987792969,1531.0
2025-11-26T17:47:00Z,366.1549987792969,366.2200012207031,366.0249938964844,366.1600036621094,366.1600036621094,3158.0
2025-11-26T17:48:00Z,366.1600036621094,366.3699951171875,366.1600036621094,366.1600036621094,366.1600036621094,1772.0
2025-11-26T17:49:00Z,366.17999267578125,366.17999267578125,365.9549865722656,366.07000732421875,366.07000732421875,1615.0
2025-11-26T17:50:00Z,366.07000732421875,366.1499938964844,365.8399963378906,366.05999755859375,366.05999755859375,2115.0
2025-11-26T17:51:00Z,366.010009765625,366.07000732421875,365.92999267578125,366.0150146484375,366.0150146484375,10109.0
2025-11-26T17:52:00Z,366.0799865722656,366.20001220703125,366.0799865722656,366.0899963378906,366.0899963378906,3622.0
2025-11-26T17:53:00Z,366.0400085449219,366.118408203125,365.93499755859375,365.93499755859375,365.93499755859375,2005.0
2025-11-26T17:54:00Z,365.9544982910156,365.9544982910156,365.9544982910156,365.9544982910156,365.9544982910156,266.0
2025-11-26T17:55:00Z,365.94500732421875,366.0450134277344,365.8599853515625,366.0450134277344,366.0450134277344,1691.0
2025-11-26T17:56:00Z,366.04998779296875,366.1108093261719,365.9100036621094,365.9100036621094,365.9100036621094,2652.0
2025-11-26T17:57:00Z,366.05999755859375,366.05999755859375,365.9800109863281,365.9800109863281,365.9800109863281,779.0
2025-11-26T17:58:00Z,365.9800109863281,365.9800109863281,365.95001220703125,365.9549865722656,365.9549865722656,1442.0
2025-11-26T17:59:00Z,365.92999267578125,366.2699890136719,365.8599853515625,366.2699890136719,366.2699890136719,5739.0
2025-11-26T18:00:00Z,366.2699890136719,366.3500061035156,366.2699890136719,366.3450012207031,366.3450012207031,1224.0
2025-11-26T18:01:00Z,366.4800109863281,366.489990234375,366.45001220703125,366.45001220703125,366.45001220703125,1802.0
2025-11-26T18:02:00Z,366.5400085449219,366.70001220703125,366.510009765625,366.6437072753906,366.6437072753906,1222.0
2025-11-26T18:03:00Z,366.625,366.625,366.5299987792969,366.5400085449219,366.5400085449219,1392.0
2025-11-26T18:04:00Z,366.5,366.5,366.45001220703125,366.4800109863281,366.4800109863281,1561.0
2025-11-26T18:05:00Z,366.3900146484375,366.4599914550781,366.3900146484375,366.4515075683594,366.4515075683594,762.0
2025-11-26T18:06:00Z,366.4100036621094,366.4800109863281,366.3299865722656,366.3999938964844,366.3999938964844,2209.0
2025-11-26T18:07:00Z,366.3299865722656,366.3299865722656,366.2200012207031,366.2749938964844,366.2749938964844,2465.0
2025-11-26T18:08:00Z,366.2699890136719,366.2951965332031,366.2300109863281,366.2749938964844,366.2749938964844,1808.0
2025-11-26T18:09:00Z,366.3280029296875,366.3280029296875,365.5899963378906,365.94000244140625,365.94000244140625,26380.0
2025-11-26T18:10:00Z,365.8500061035156,366.2550048828125,365.8500061035156,366.1600036621094,366.1600036621094,6412.0
2025-11-26T18:11:00Z,365.989990234375,366.25,365.989990234375,366.05499267578125,366.05499267578125,1481.0
2025-11-26T18:12:00Z,366.2099914550781,366.56500244140625,366.2099914550781,366.56500244140625,366.56500244140625,3139.0
2025-11-26T18:13:00Z,366.4800109863281,366.4949951171875,366.125,366.4143981933594,366.4143981933594,2296.0
2025-11-26T18:14:00Z,366.3800048828125,366.6199951171875,366.3299865722656,366.3550109863281,366.3550109863281,5533.0
2025-11-26T18:15:00Z,366.3550109863281,366.42999267578125,366.2300109863281,366.2300109863281,366.2300109863281,4399.0
2025-11-26T18:16:00Z,366.31500244140625,366.31500244140625,366.17999267578125,366.2193908691406,366.2193908691406,1112.0
2025-11-26T18:17:00Z,366.1300964355469,366.1700134277344,366.1099853515625,366.1199951171875,366.1199951171875,1412.0
2025-11-26T18:18:00Z,366.1000061035156,366.1000061035156,365.94000244140625,365.9599914550781,365.9599914550781,1375.0
2025-11-26T18:19:00Z,365.94000244140625,366.04998779296875,365.82501220703125,365.8900146484375,365.8900146484375,4215.0
2025-11-26T18:20:00Z,365.8900146484375,365.8900146484375,365.6824951171875,365.72509765625,365.72509765625,1116.0
2025-11-26T18:21:00Z,365.6499938964844,365.8399963378906,365.6499938964844,365.8399963378906,365.8399963378906,1046.0
2025-11-26T18:22:00Z,365.8800048828125,366.0237121582031,365.8399963378906,366.0237121582031,366.0237121582031,1369.0
2025-11-26T18:23:00Z,365.9800109863281,366.0899963378906,365.9549865722656,365.9649963378906,365.9649963378906,1142.0
2025-11-26T18:24:00Z,365.989990234375,365.989990234375,365.8450012207031,365.8450012207031,365.8450012207031,1689.0
2025-11-26T18:25:00Z,365.8450012207031,365.9800109863281,365.8450012207031,365.9800109863281,365.9800109863281,797.0
2025-11-26T18:26:00Z,365.9800109863281,366.1000061035156,365.93939208984375,366.0299987792969,366.0299987792969,1644.0
2025-11-26T18:27:00Z,365.9800109863281,366.010009765625,365.9100036621094,366.0,366.0,477.0
2025-11-26T18:28:00Z,366.0199890136719,366.07000732421875,365.8699951171875,365.92498779296875,365.92498779296875,3313.0
2025-11-26T18:29:00Z,365.92498779296875,365.92498779296875,365.875,365.875,365.875,497.0
2025-11-26T18:30:00Z,365.760009765625,365.94000244140625,365.6300048828125,365.94000244140625,365.94000244140625,1531.0
2025-11-26T18:31:00Z,365.82000732421875,365.82000732421875,365.6600036621094,365.6600036621094,365.6600036621094,1096.0
2025-11-26T18:32:00Z,365.6600036621094,365.89990234375,365.6400146484375,365.89990234375,365.89990234375,1033.0
2025-11-26T18:33:00Z,365.6300048828125,365.6300048828125,365.54998779296875,365.54998779296875,365.54998779296875,951.0
2025-11-26T18:34:00Z,365.6499938964844,365.7398986816406,365.5299987792969,365.635009765625,365.635009765625,2556.0
2025-11-26T18:35:00Z,365.6300048828125,365.6300048828125,365.4800109863281,365.4800109863281,365.4800109863281,848.0
2025-11-26T18:36:00Z,365.5199890136719,365.5950012207031,365.5199890136719,365.5950012207031,365.5950012207031,766.0
2025-11-26T18:37:00Z,365.5799865722656,365.5799865722656,365.45001220703125,365.45001220703125,365.45001220703125,993.0
2025-11-26T18:38:00Z,365.4599914550781,365.6400146484375,365.3500061035156,365.6000061035156,365.6000061035156,2054.0
2025-11-26T18:39:00Z,365.5,365.54998779296875,365.5,365.54998779296875,365.54998779296875,796.0
2025-11-26T18:40:00Z,365.5697937011719,365.5697937011719,365.54998779296875,365.54998779296875,365.54998779296875,897.0
2025-11-26T18:41:00Z,365.5450134277344,365.6700134277344,365.5299987792969,365.6549987792969,365.6549987792969,1660.0
2025-11-26T18:42:00Z,365.739990234375,365.739990234375,365.7074890136719,365.7099914550781,365.7099914550781,857.0
2025-11-26T18:43:00Z,365.6700134277344,365.7398986816406,365.489990234375,365.489990234375,365.489990234375,3090.0
2025-11-26T18:44:00Z,365.4700012207031,365.4700012207031,365.4150085449219,365.4150085449219,365.4150085449219,1193.0
2025-11-26T18:45:00Z,365.2699890136719,365.2950134277344,365.2699890136719,365.2950134277344,365.2950134277344,141.0
2025-11-26T18:46:00Z,365.3500061035156,365.4800109863281,365.29998779296875,365.4800109863281,365.4800109863281,1278.0
2025-11-26T18:47:00Z,365.4263916015625,365.5799865722656,365.4263916015625,365.5,365.5,1031.0
2025-11-26T18:48:00Z,365.69000244140625,365.80999755859375,365.6600036621094,365.7449951171875,365.7449951171875,2605.0
2025-11-26T18:49:00Z,365.79998779296875,365.95001220703125,365.7900085449219,365.95001220703125,365.95001220703125,2011.0
2025-11-26T18:50:00Z,365.9549865722656,365.9574890136719,365.6499938964844,365.79998779296875,365.79998779296875,2751.0
2025-11-26T18:51:00Z,365.7900085449219,365.7900085449219,365.77960205078125,365.7900085449219,365.7900085449219,616.0
2025-11-26T18:52:00Z,365.8900146484375,365.8900146484375,365.6499938964844,365.6499938964844,365.6499938964844,1215.0
2025-11-26T18:53:00Z,365.6499938964844,365.79150390625,365.6499938964844,365.7550048828125,365.7550048828125,1743.0
2025-11-26T18:54:00Z,365.739990234375,365.7950134277344,365.6300048828125,365.7919921875,365.7919921875,2529.0
2025-11-26T18:55:00Z,365.6300048828125,365.6600036621094,365.3450012207031,365.5,365.5,2244.0
2025-11-26T18:56:00Z,365.5198974609375,365.5199890136719,365.4100036621094,365.42999267578125,365.42999267578125,3122.0
2025-11-26T18:57:00Z,365.5,365.67999267578125,365.489990234375,365.6549987792969,365.6549987792969,3267.0
2025-11-26T18:58:00Z,365.6099853515625,365.7879943847656,365.6099853515625,365.7879943847656,365.7879943847656,2103.0
2025-11-26T18:59:00Z,365.7699890136719,365.7799987792969,365.6000061035156,365.6099853515625,365.6099853515625,1853.0
2025-11-26T19:00:00Z,365.5899963378906,365.6099853515625,365.44000244140625,365.6099853515625,365.6099853515625,5105.0
2025-11-26T19:01:00Z,365.67999267578125,365.9100036621094,365.67999267578125,365.8599853515625,365.8599853515625,5389.0
2025-11-26T19:02:00Z,365.8500061035156,365.8500061035156,365.7300109863281,365.81500244140625,365.81500244140625,1275.0
2025-11-26T19:03:00Z,365.8349914550781,366.07000732421875,365.8349914550781,365.94000244140625,365.94000244140625,3384.0
2025-11-26T19:04:00Z,365.8699951171875,365.8999938964844,365.7200927734375,365.7749938964844,365.7749938964844,1257.0
2025-11-26T19:05:00Z,365.760009765625,366.0,365.760009765625,365.95001220703125,365.95001220703125,1912.0
2025-11-26T19:06:00Z,366.0400085449219,366.0400085449219,365.79998779296875,365.79998779296875,365.79998779296875,1998.0
2025-11-26T19:07:00Z,365.79998779296875,365.94000244140625,365.760009765625,365.8399963378906,365.8399963378906,8573.0
2025-11-26T19:08:00Z,365.8900146484375,365.9800109863281,365.760009765625,365.760009765625,365.760009765625,1326.0
2025-11-26T19:09:00Z,365.6575012207031,365.6575012207031,365.6300048828125,365.6300048828125,365.6300048828125,382.0
2025-11-26T19:14:00Z,365.9700012207031,365.9750061035156,365.8399963378906,365.8399963378906,365.8399963378906,11345.0
2025-11-26T19:15:00Z,365.8399963378906,365.9599914550781,365.8399963378906,365.95001220703125,365.95001220703125,956.0
2025-11-26T19:16:00Z,366.0,366.1300048828125,365.8599853515625,366.0400085449219,366.0400085449219,4238.0
2025-11-26T19:17:00Z,366.19000244140625,366.2900085449219,366.19000244140625,366.2900085449219,366.2900085449219,582.0
2025-11-26T19:18:00Z,366.2900085449219,366.3399963378906,366.260009765625,366.260009765625,366.260009765625,2058.0
2025-11-26T19:19:00Z,366.239990234375,366.32501220703125,366.2300109863281,366.2300109863281,366.2300109863281,1020.0
2025-11-26T19:20:00Z,366.32000732421875,366.32000732421875,366.1700134277344,366.2850036621094,366.2850036621094,3556.0
2025-11-26T19:21:00Z,366.3699951171875,366.3949890136719,366.3500061035156,366.3500061035156,366.3500061035156,605.0
2025-11-26T19:22:00Z,366.3800048828125,366.3800048828125,366.2799987792969,366.32501220703125,366.32501220703125,1315.0
2025-11-26T19:23:00Z,366.3349914550781,366.5199890136719,366.3349914550781,366.5199890136719,366.5199890136719,1341.0
2025-11-26T19:24:00Z,366.45001220703125,366.45001220703125,366.3500061035156,366.3999938964844,366.3999938964844,1874.0
2025-11-26T19:25:00Z,366.45001220703125,366.4664001464844,366.4100036621094,366.4100036621094,366.4100036621094,1381.0
2025-11-26T19:26:00Z,366.489990234375,366.4949951171875,366.42999267578125,366.4949951171875,366.4949951171875,670.0
2025-11-26T19:27:00Z,366.4200134277344,366.510009765625,366.4100036621094,366.47760009765625,366.47760009765625,3909.0
2025-11-26T19:28:00Z,366.489990234375,366.54998779296875,366.489990234375,366.489990234375,366.489990234375,532.0
2025-11-26T19:29:00Z,366.4750061035156,366.5299987792969,366.45001220703125,366.45001220703125,366.45001220703125,1454.0
2025-11-26T19:30:00Z,366.4599914550781,366.6650085449219,366.4599914550781,366.5849914550781,366.5849914550781,2829.0
2025-11-26T19:31:00Z,366.57000732421875,366.5799865722656,366.52508544921875,366.52508544921875,366.52508544921875,1438.0
2025-11-26T19:32:00Z,366.489990234375,366.6600036621094,366.489990234375,366.6300048828125,366.6300048828125,2724.0
2025-11-26T19:33:00Z,366.70001220703125,366.70001220703125,366.55010986328125,366.6400146484375,366.6400146484375,989.0
2025-11-26T19:34:00Z,366.6400146484375,366.7300109863281,366.55999755859375,366.57000732421875,366.57000732421875,2650.0
2025-11-26T19:35:00Z,366.55999755859375,366.55999755859375,366.25,366.44500732421875,366.44500732421875,5670.0
2025-11-26T19:36:00Z,366.4599914550781,366.6499938964844,366.44000244140625,366.6099853515625,366.6099853515625,1674.0
2025-11-26T19:37:00Z,366.57000732421875,366.57000732421875,366.3800048828125,366.3800048828125,366.3800048828125,1944.0
2025-11-26T19:38:00Z,366.4200134277344,366.4200134277344,366.2547912597656,366.2547912597656,366.2547912597656,1108.0
2025-11-26T19:39:00Z,366.2200012207031,366.29998779296875,366.19000244140625,366.231689453125,366.231689453125,1357.0
2025-11-26T19:40:00Z,366.20001220703125,366.3699951171875,366.19000244140625,366.3699951171875,366.3699951171875,2802.0
2025-11-26T19:41:00Z,366.3599853515625,366.42999267578125,366.2300109863281,366.3299865722656,366.3299865722656,4280.0
2025-11-26T19:42:00Z,366.30999755859375,366.5,366.260009765625,366.43499755859375,366.43499755859375,3374.0
2025-11-26T19:43:00Z,366.3399963378906,366.3399963378906,366.2099914550781,366.2099914550781,366.2099914550781,1334.0
2025-11-26T19:44:00Z,366.1700134277344,366.1700134277344,366.0199890136719,366.0199890136719,366.0199890136719,908.0
2025-11-26T19:45:00Z,366.0199890136719,366.25,366.0199890136719,366.25,366.25,2209.0
2025-11-26T19:46:00Z,366.197509765625,366.25,366.1000061035156,366.19000244140625,366.19000244140625,1006.0
2025-11-26T19:47:00Z,366.1000061035156,366.125,366.010009765625,366.05999755859375,366.05999755859375,2119.0
2025-11-26T19:48:00Z,366.05999755859375,366.05999755859375,365.9200134277344,365.9840087890625,365.9840087890625,1832.0
2025-11-26T19:49:00Z,365.9200134277344,365.9200134277344,365.80999755859375,365.8999938964844,365.8999938964844,1584.0
2025-11-26T19:50:00Z,365.9100036621094,366.010009765625,365.8949890136719,365.94000244140625,365.94000244140625,2993.0
2025-11-26T19:51:00Z,365.8699951171875,365.8699951171875,365.8599853515625,365.8599853515625,365.8599853515625,923.0
2025-11-26T19:52:00Z,365.8299865722656,365.9200134277344,365.8299865722656,365.9200134277344,365.9200134277344,1055.0
2025-11-26T19:53:00Z,365.94000244140625,366.0199890136719,365.8999938964844,365.8999938964844,365.8999938964844,1241.0
2025-11-26T19:54:00Z,365.95001220703125,366.0849914550781,365.95001220703125,366.0849914550781,366.0849914550781,2833.0
2025-11-26T19:55:00Z,366.0450134277344,366.0450134277344,365.8999938964844,365.9800109863281,365.9800109863281,2300.0
2025-11-26T19:56:00Z,365.8399963378906,365.8399963378906,365.760009765625,365.760009765625,365.760009765625,1044.0
2025-11-26T19:57:00Z,365.760009765625,365.8324890136719,365.7401123046875,365.7900085449219,365.7900085449219,1855.0
2025-11-26T19:58:00Z,365.82000732421875,365.8900146484375,365.7900085449219,365.81500244140625,365.81500244140625,2336.0
2025-11-26T19:59:00Z,365.760009765625,365.760009765625,365.67999267578125,365.69500732421875,365.69500732421875,1970.0
2025-11-26T20:00:00Z,365.6600036621094,365.6650085449219,365.5899963378906,365.6650085449219,365.6650085449219,1328.0
2025-11-26T20:01:00Z,365.6650085449219,365.69000244140625,365.6499938964844,365.69000244140625,365.69000244140625,714.0
2025-11-26T20:02:00Z,365.6499938964844,365.6600036621094,365.55999755859375,365.63580322265625,365.63580322265625,2875.0
2025-11-26T20:03:00Z,365.55999755859375,365.7455139160156,365.55999755859375,365.7200012207031,365.7200012207031,2543.0
2025-11-26T20:04:00Z,365.6700134277344,365.67999267578125,365.57000732421875,365.57000732421875,365.57000732421875,1388.0
2025-11-26T20:05:00Z,365.57000732421875,365.6400146484375,365.57000732421875,365.6400146484375,365.6400146484375,9476.0
2025-11-26T20:06:00Z,365.5799865722656,365.6700134277344,365.45001220703125,365.55999755859375,365.55999755859375,2962.0
2025-11-26T20:07:00Z,365.5,365.5050048828125,365.4200134277344,365.4200134277344,365.4200134277344,1458.0
2025-11-26T20:08:00Z,365.5,365.6199951171875,365.4200134277344,365.56500244140625,365.56500244140625,1636.0
2025-11-26T20:09:00Z,365.56500244140625,365.56500244140625,365.510009765625,365.5199890136719,365.5199890136719,868.0
2025-11-26T20:10:00Z,365.56500244140625,365.739990234375,365.56500244140625,365.6600036621094,365.6600036621094,3598.0
2025-11-26T20:11:00Z,365.67999267578125,365.67999267578125,365.6300048828125,365.6549987792969,365.6549987792969,2081.0
2025-11-26T20:12:00Z,365.6650085449219,365.8500061035156,365.6650085449219,365.7900085449219,365.7900085449219,3203.0
2025-11-26T20:13:00Z,365.8550109863281,365.9200134277344,365.8550109863281,365.9200134277344,365.9200134277344,768.0
2025-11-26T20:14:00Z,365.8800048828125,365.8900146484375,365.8299865722656,365.8688049316406,365.8688049316406,2722.0
2025-11-26T20:15:00Z,365.94000244140625,365.95001220703125,365.8800048828125,365.94000244140625,365.94000244140625,1343.0
2025-11-26T20:16:00Z,365.8500061035156,366.010009765625,365.8399963378906,365.9649963378906,365.9649963378906,2578.0
2025-11-26T20:17:00Z,365.8900146484375,366.17999267578125,365.8900146484375,366.1499938964844,366.1499938964844,3879.0
2025-11-26T20:18:00Z,366.1499938964844,366.29998779296875,366.0559997558594,366.2799987792969,366.2799987792969,6180.0
2025-11-26T20:19:00Z,366.2200012207031,366.2237854003906,366.0899963378906,366.125,366.125,3188.0
2025-11-26T20:20:00Z,366.125,366.2300109863281,366.125,366.18499755859375,366.18499755859375,1705.0
2025-11-26T20:21:00Z,366.2099914550781,366.3290100097656,366.17999267578125,366.2650146484375,366.2650146484375,1573.0
2025-11-26T20:22:00Z,366.3299865722656,366.3699951171875,366.260009765625,366.3699951171875,366.3699951171875,2056.0
2025-11-26T20:23:00Z,366.3399963378906,366.3699951171875,366.239990234375,366.239990234375,366.239990234375,2409.0
2025-11-26T20:24:00Z,366.2300109863281,366.2300109863281,365.9849853515625,365.9849853515625,365.9849853515625,2012.0
2025-11-26T20:25:00Z,366.0400085449219,366.1099853515625,365.8900146484375,366.0874938964844,366.0874938964844,2310.0
2025-11-26T20:26:00Z,366.0849914550781,366.1390075683594,366.0849914550781,366.0849914550781,366.0849914550781,877.0
2025-11-26T20:27:00Z,366.1199951171875,366.20001220703125,366.1199951171875,366.1700134277344,366.1700134277344,4120.0
2025-11-26T20:28:00Z,366.19000244140625,366.2699890136719,366.19000244140625,366.2049865722656,366.2049865722656,2504.0
2025-11-26T20:29:00Z,366.260009765625,366.30999755859375,366.1300048828125,366.1300048828125,366.1300048828125,3856.0
2025-11-26T20:30:00Z,366.1300048828125,366.3699951171875,366.0299987792969,366.2799987792969,366.2799987792969,8934.0
2025-11-26T20:31:00Z,366.2349853515625,366.30999755859375,366.2349853515625,366.30999755859375,366.30999755859375,784.0
2025-11-26T20:32:00Z,366.1922302246094,366.2734069824219,366.17999267578125,366.17999267578125,366.17999267578125,1170.0
2025-11-26T20:33:00Z,366.1400146484375,366.17999267578125,366.1199951171875,366.17999267578125,366.17999267578125,3355.0
2025-11-26T20:34:00Z,366.2200012207031,366.3280029296875,366.2200012207031,366.3280029296875,366.3280029296875,2759.0
2025-11-26T20:35:00Z,366.30999755859375,366.3689880371094,366.2300109863281,366.2300109863281,366.2300109863281,3015.0
2025-11-26T20:36:00Z,366.2300109863281,366.2300109863281,366.0350036621094,366.07000732421875,366.07000732421875,3863.0
2025-11-26T20:37:00Z,366.1059875488281,366.1889953613281,366.1059875488281,366.135009765625,366.135009765625,2128.0
2025-11-26T20:38:00Z,366.135009765625,366.1889953613281,366.0799865722656,366.1499938964844,366.1499938964844,2310.0
2025-11-26T20:39:00Z,366.1116027832031,366.19000244140625,366.0199890136719,366.06500244140625,366.06500244140625,4726.0
2025-11-26T20:40:00Z,366.0400085449219,366.0400085449219,365.95001220703125,365.9700012207031,365.9700012207031,1444.0
2025-11-26T20:41:00Z,365.9679870605469,366.1679992675781,365.9679870605469,366.09051513671875,366.09051513671875,2396.0
2025-11-26T20:42:00Z,366.06500244140625,366.14898681640625,366.06500244140625,366.0799865722656,366.0799865722656,1796.0
2025-11-26T20:43:00Z,366.1300048828125,366.260009765625,366.1050109863281,366.2215881347656,366.2215881347656,7787.0
2025-11-26T20:44:00Z,366.25,366.260009765625,366.1000061035156,366.1600036621094,366.1600036621094,3363.0
2025-11-26T20:45:00Z,366.1050109863281,366.1199951171875,366.07000732421875,366.0799865722656,366.0799865722656,2809.0
2025-11-26T20:46:00Z,366.1289978027344,366.1600036621094,366.0199890136719,366.0899963378906,366.0899963378906,4346.0
2025-11-26T20:47:00Z,366.0799865722656,366.0799865722656,365.80999755859375,365.80999755859375,365.80999755859375,2189.0
2025-11-26T20:48:00Z,365.9200134277344,365.9200134277344,365.4800109863281,365.4800109863281,365.4800109863281,5777.0
2025-11-26T20:49:00Z,365.4800109863281,365.5299987792969,365.19000244140625,365.3299865722656,365.3299865722656,6438.0
2025-11-26T20:50:00Z,365.3299865722656,365.5899963378906,365.25,365.29998779296875,365.29998779296875,9691.0
2025-11-26T20:51:00Z,365.2900085449219,365.3699951171875,365.0,365.0,365.0,4617.0
2025-11-26T20:52:00Z,365.05999755859375,365.25,365.010009765625,365.0199890136719,365.0199890136719,7845.0
2025-11-26T20:53:00Z,365.04998779296875,365.1400146484375,364.8800048828125,364.9200134277344,364.9200134277344,6853.0
2025-11-26T20:54:00Z,364.9100036621094,365.1400146484375,364.8009948730469,365.07000732421875,365.07000732421875,10697.0
2025-11-26T20:55:00Z,365.010009765625,365.0299987792969,364.7200012207031,364.8349914550781,364.8349914550781,9861.0
2025-11-26T20:56:00Z,364.8500061035156,364.8900146484375,364.739990234375,364.82000732421875,364.82000732421875,10253.0
2025-11-26T20:57:00Z,364.80999755859375,364.80999755859375,364.510009765625,364.5299987792969,364.5299987792969,15623.0
2025-11-26T20:58:00Z,364.5299987792969,364.5299987792969,364.1600036621094,364.2300109863281,364.2300109863281,33644.0
2025-11-26T20:59:00Z,364.25,364.32000732421875,363.92999267578125,363.95001220703125,363.95001220703125,56465.0
2025-11-28T14:30:00Z,365.69000244140625,365.69000244140625,364.010009765625,364.5799865722656,364.5799865722656,31818.0
2025-11-28T14:31:00Z,365.1000061035156,365.760009765625,364.94500732421875,365.30999755859375,365.30999755859375,3835.0
2025-11-28T14:32:00Z,365.17999267578125,365.385009765625,364.53009033203125,365.3048095703125,365.3048095703125,5575.0
2025-11-28T14:33:00Z,364.9200134277344,364.9200134277344,364.4800109863281,364.4800109863281,364.4800109863281,1868.0
2025-11-28T14:34:00Z,364.6199951171875,365.0126953125,364.0299987792969,364.44500732421875,364.44500732421875,1919.0
2025-11-28T14:35:00Z,364.45001220703125,364.6625061035156,364.19000244140625,364.6625061035156,364.6625061035156,4948.0
2025-11-28T14:36:00Z,364.6099853515625,364.6199951171875,364.1600036621094,364.3299865722656,364.3299865722656,4739.0
2025-11-28T14:37:00Z,364.44500732421875,364.7900085449219,364.335205078125,364.7900085449219,364.7900085449219,2933.0
2025-11-28T14:38:00Z,364.7650146484375,365.0802917480469,364.75,364.7850036621094,364.7850036621094,2323.0
2025-11-28T14:39:00Z,364.7149963378906,364.8999938964844,364.70001220703125,364.7349853515625,364.7349853515625,1384.0
2025-11-28T14:40:00Z,364.71270751953125,364.739990234375,364.3699951171875,364.489990234375,364.489990234375,4370.0
2025-11-28T14:41:00Z,364.7200012207031,364.8999938964844,364.5199890136719,364.67999267578125,364.67999267578125,2007.0
2025-11-28T14:42:00Z,364.885009765625,365.0899963378906,364.885009765625,365.0899963378906,365.0899963378906,960.0
2025-11-28T14:43:00Z,365.3699951171875,365.6000061035156,365.2799987792969,365.4504089355469,365.4504089355469,1263.0
2025-11-28T14:44:00Z,365.6000061035156,365.7161865234375,365.510009765625,365.635009765625,365.635009765625,2050.0
2025-11-28T14:45:00Z,365.5799865722656,365.80999755859375,365.2799987792969,365.57501220703125,365.57501220703125,4244.0
2025-11-28T14:46:00Z,365.72918701171875,365.72918701171875,365.1300048828125,365.1700134277344,365.1700134277344,2151.0
2025-11-28T14:47:00Z,365.1549987792969,365.1549987792969,364.8699951171875,364.8699951171875,364.8699951171875,1149.0
2025-11-28T14:48:00Z,364.8500061035156,365.260009765625,364.7279968261719,365.2349853515625,365.2349853515625,3783.0
2025-11-28T14:49:00Z,365.2449951171875,365.2449951171875,364.94000244140625,365.1549987792969,365.1549987792969,1277.0
2025-11-28T14:50:00Z,365.1925048828125,365.25,364.9700012207031,365.0199890136719,365.0199890136719,2188.0
2025-11-28T14:51:00Z,365.18499755859375,365.3900146484375,365.18499755859375,365.1955871582031,365.1955871582031,2804.0
2025-11-28T14:52:00Z,365.2550048828125,365.2550048828125,365.0299987792969,365.1382141113281,365.1382141113281,2006.0
2025-11-28T14:53:00Z,365.05999755859375,365.17498779296875,364.9599914550781,364.9599914550781,364.9599914550781,898.0
2025-11-28T14:54:00Z,365.1199951171875,365.17498779296875,364.94000244140625,365.07000732421875,365.07000732421875,959.0
2025-11-28T14:55:00Z,365.07000732421875,365.07000732421875,364.9800109863281,365.06500244140625,365.06500244140625,911.0
2025-11-28T14:56:00Z,365.06500244140625,365.06500244140625,364.70001220703125,364.82501220703125,364.82501220703125,2358.0
2025-11-28T14:57:00Z,364.82501220703125,365.0,364.6499938964844,364.8699951171875,364.8699951171875,1402.0
2025-11-28T14:58:00Z,364.93499755859375,365.0400085449219,364.8399963378906,365.0400085449219,365.0400085449219,1108.0
2025-11-28T14:59:00Z,365.0400085449219,365.2099914550781,364.94500732421875,365.2099914550781,365.2099914550781,2146.0
2025-11-28T15:00:00Z,365.1650085449219,365.489013671875,365.1650085449219,365.489013671875,365.489013671875,2294.0
2025-11-28T15:01:00Z,365.28851318359375,365.3900146484375,365.28851318359375,365.364990234375,365.364990234375,638.0
2025-11-28T15:02:00Z,365.42498779296875,365.5350036621094,365.3599853515625,365.5299987792969,365.5299987792969,1573.0
2025-11-28T15:03:00Z,365.5249938964844,365.5249938964844,365.04998779296875,365.1099853515625,365.1099853515625,2013.0
2025-11-28T15:04:00Z,365.17999267578125,365.29998779296875,365.0799865722656,365.239990234375,365.239990234375,4355.0
2025-11-28T15:05:00Z,365.30999755859375,365.45001220703125,365.17999267578125,365.45001220703125,365.45001220703125,2859.0
2025-11-28T15:06:00Z,365.45001220703125,365.6600036621094,365.45001220703125,365.5299987792969,365.5299987792969,4008.0
2025-11-28T15:07:00Z,365.6000061035156,365.6300048828125,365.4700012207031,365.57000732421875,365.57000732421875,1732.0
2025-11-28T15:08:00Z,365.5,365.5,365.260009765625,365.30999755859375,365.30999755859375,2337.0
2025-11-28T15:09:00Z,365.5744934082031,365.6600036621094,365.4494934082031,365.5799865722656,365.5799865722656,3030.0
2025-11-28T15:10:00Z,365.5799865722656,365.8399963378906,365.5799865722656,365.69000244140625,365.69000244140625,2819.0
2025-11-28T15:11:00Z,365.6900939941406,365.6900939941406,365.4100036621094,365.42999267578125,365.42999267578125,1768.0
2025-11-28T15:12:00Z,365.5914001464844,365.5914001464844,365.4100036621094,365.5,365.5,1311.0
2025-11-28T15:13:00Z,365.614990234375,365.7049865722656,365.614990234375,365.7049865722656,365.7049865722656,278.0
2025-11-28T15:14:00Z,365.7225036621094,365.7799987792969,365.7049865722656,365.7799987792969,365.7799987792969,994.0
2025-11-28T15:15:00Z,365.7799987792969,365.9447937011719,365.7099914550781,365.739990234375,365.739990234375,1806.0
2025-11-28T15:16:00Z,365.8299865722656,366.19000244140625,365.8299865722656,366.19000244140625,366.19000244140625,7505.0
2025-11-28T15:17:00Z,366.25,366.510009765625,366.25,366.510009765625,366.510009765625,2178.0
2025-11-28T15:18:00Z,366.4599914550781,366.7699890136719,366.4599914550781,366.7699890136719,366.7699890136719,3379.0
2025-11-28T15:19:00Z,366.67999267578125,366.8500061035156,366.67999267578125,366.8276062011719,366.8276062011719,1763.0
2025-11-28T15:20:00Z,366.92999267578125,367.1499938964844,366.92999267578125,367.1000061035156,367.1000061035156,5517.0
2025-11-28T15:21:00Z,367.1000061035156,367.1050109863281,367.0899963378906,367.1000061035156,367.1000061035156,2477.0
2025-11-28T15:22:00Z,367.1050109863281,367.1499938964844,367.0450134277344,367.0450134277344,367.0450134277344,814.0
2025-11-28T15:23:00Z,366.9913024902344,367.0,366.9800109863281,367.0,367.0,1207.0
2025-11-28T15:24:00Z,367.1099853515625,367.1099853515625,366.7200012207031,366.7200012207031,366.7200012207031,3576.0
2025-11-28T15:25:00Z,366.5899963378906,366.5899963378906,366.45001220703125,366.45001220703125,366.45001220703125,820.0
2025-11-28T15:26:00Z,366.7200012207031,366.9176940917969,366.6700134277344,366.8299865722656,366.8299865722656,3147.0
2025-11-28T15:27:00Z,366.7799987792969,366.7799987792969,366.4100036621094,366.4100036621094,366.4100036621094,1770.0
2025-11-28T15:28:00Z,366.4049987792969,366.5799865722656,366.30999755859375,366.4150085449219,366.4150085449219,3347.0
2025-11-28T15:29:00Z,366.4100036621094,366.4100036621094,366.17999267578125,366.3999938964844,366.3999938964844,2271.0
2025-11-28T15:30:00Z,366.2900085449219,366.5799865722656,366.2900085449219,366.45001220703125,366.45001220703125,3320.0
2025-11-28T15:31:00Z,366.6099853515625,366.80120849609375,366.5050048828125,366.7049865722656,366.7049865722656,3497.0
2025-11-28T15:32:00Z,366.739990234375,366.82000732421875,366.5799865722656,366.7049865722656,366.7049865722656,3531.0
2025-11-28T15:33:00Z,366.782470703125,366.8399963378906,366.6400146484375,366.739990234375,366.739990234375,1713.0
2025-11-28T15:34:00Z,366.8299865722656,366.8299865722656,366.7200012207031,366.7250061035156,366.7250061035156,2285.0
2025-11-28T15:35:00Z,366.8500061035156,367.010009765625,366.8399963378906,366.9407043457031,366.9407043457031,2115.0
2025-11-28T15:36:00Z,366.9949951171875,367.0199890136719,366.82000732421875,366.8900146484375,366.8900146484375,3769.0
2025-11-28T15:37:00Z,366.8800048828125,366.9649963378906,366.8299865722656,366.8931884765625,366.8931884765625,1343.0
2025-11-28T15:38:00Z,366.8999938964844,366.9599914550781,366.8200988769531,366.9100036621094,366.9100036621094,1033.0
2025-11-28T15:39:00Z,366.95001220703125,366.95001220703125,366.6600036621094,366.7900085449219,366.7900085449219,6208.0
2025-11-28T15:40:00Z,366.7200012207031,366.92730712890625,366.4800109863281,366.6700134277344,366.6700134277344,1593.0
2025-11-28T15:41:00Z,366.5450134277344,366.5450134277344,366.2200012207031,366.2200012207031,366.2200012207031,3258.0
2025-11-28T15:42:00Z,366.2200012207031,366.2997131347656,366.17999267578125,366.17999267578125,366.17999267578125,3346.0
2025-11-28T15:43:00Z,366.2049865722656,366.2388000488281,366.1400146484375,366.2388000488281,366.2388000488281,1579.0
2025-11-28T15:44:00Z,366.1300048828125,366.4200134277344,366.0950012207031,366.4200134277344,366.4200134277344,4894.0
2025-11-28T15:45:00Z,366.3348083496094,366.5400085449219,366.3348083496094,366.5400085449219,366.5400085449219,1024.0
2025-11-28T15:46:00Z,366.6000061035156,366.68499755859375,366.6000061035156,366.6099853515625,366.6099853515625,924.0
2025-11-28T15:47:00Z,366.69500732421875,366.69500732421875,366.6000061035156,366.69000244140625,366.69000244140625,2322.0
2025-11-28T15:48:00Z,366.7349853515625,366.82501220703125,366.7349853515625,366.75,366.75,430.0
2025-11-28T15:49:00Z,366.8794860839844,366.95001220703125,366.8450012207031,366.8800048828125,366.8800048828125,1844.0
2025-11-28T15:50:00Z,366.8999938964844,366.9599914550781,366.8800048828125,366.9599914550781,366.9599914550781,1799.0
2025-11-28T15:51:00Z,366.989990234375,367.0,366.8599853515625,366.934814453125,366.934814453125,934.0
2025-11-28T15:52:00Z,366.8149108886719,366.8599853515625,366.8149108886719,366.8599853515625,366.8599853515625,404.0
2025-11-28T15:53:00Z,366.95001220703125,367.0199890136719,366.8399963378906,366.8599853515625,366.8599853515625,2863.0
2025-11-28T15:54:00Z,366.760009765625,366.8464050292969,366.6300048828125,366.7049865722656,366.7049865722656,1793.0
2025-11-28T15:55:00Z,366.7049865722656,366.8399963378906,366.6300048828125,366.8399963378906,366.8399963378906,3777.0
2025-11-28T15:56:00Z,366.8800048828125,366.95001220703125,366.8699951171875,366.875,366.875,1864.0
2025-11-28T15:57:00Z,366.875,366.875,366.7300109863281,366.7300109863281,366.7300109863281,1158.0
2025-11-28T15:58:00Z,366.7250061035156,367.1199951171875,366.6600036621094,366.8700866699219,366.8700866699219,3972.0
2025-11-28T15:59:00Z,366.8900146484375,366.9599914550781,366.69000244140625,366.75,366.75,2229.0
2025-11-28T16:00:00Z,366.7200012207031,366.989990234375,366.7200012207031,366.9549865722656,366.9549865722656,5260.0
2025-11-28T16:01:00Z,366.9549865722656,367.0799865722656,366.9549865722656,367.06500244140625,367.06500244140625,1080.0
2025-11-28T16:02:00Z,367.1499938964844,367.3299865722656,366.989990234375,367.1000061035156,367.1000061035156,4624.0
2025-11-28T16:03:00Z,367.0,367.13751220703125,367.0,367.13751220703125,367.13751220703125,713.0
2025-11-28T16:04:00Z,366.989990234375,367.0174865722656,366.8500061035156,367.0,367.0,3788.0
2025-11-28T16:05:00Z,366.989990234375,367.0400085449219,366.8599853515625,366.9751892089844,366.9751892089844,1926.0
2025-11-28T16:06:00Z,366.95001220703125,367.07000732421875,366.95001220703125,367.010009765625,367.010009765625,3625.0
2025-11-28T16:07:00Z,366.9800109863281,366.9800109863281,366.75,366.75,366.75,3295.0
2025-11-28T16:08:00Z,366.7300109863281,366.7300109863281,366.7074890136719,366.7074890136719,366.7074890136719,1525.0
2025-11-28T16:09:00Z,366.7200012207031,366.8500061035156,366.7200012207031,366.8399963378906,366.8399963378906,1794.0
2025-11-28T16:10:00Z,366.7799987792969,366.8550109863281,366.7799987792969,366.7987060546875,366.7987060546875,486.0
2025-11-28T16:11:00Z,366.81500244140625,367.010009765625,366.7799987792969,367.010009765625,367.010009765625,1741.0
2025-11-28T16:12:00Z,367.05999755859375,367.1400146484375,367.0400085449219,367.0950012207031,367.0950012207031,852.0
2025-11-28T16:13:00Z,367.1300048828125,367.1300048828125,367.0400085449219,367.0450134277344,367.0450134277344,1490.0
2025-11-28T16:14:00Z,367.1000061035156,367.2699890136719,367.1000061035156,367.2699890136719,367.2699890136719,1563.0
2025-11-28T16:15:00Z,367.2554016113281,367.30999755859375,367.2200012207031,367.30999755859375,367.30999755859375,1747.0
2025-11-28T16:16:00Z,367.3858947753906,367.431396484375,367.2200012207031,367.2200012207031,367.2200012207031,4740.0
2025-11-28T16:17:00Z,367.2300109863281,367.3290100097656,367.2300109863281,367.2850036621094,367.2850036621094,916.0
2025-11-28T16:18:00Z,367.29998779296875,367.30999755859375,367.2300109863281,367.2900085449219,367.2900085449219,1857.0
2025-11-28T16:19:00Z,367.2950134277344,367.3500061035156,367.2950134277344,367.3500061035156,367.3500061035156,962.0
2025-11-28T16:20:00Z,367.30999755859375,367.30999755859375,367.2099914550781,367.2099914550781,367.2099914550781,1319.0
2025-11-28T16:21:00Z,367.260009765625,367.3599853515625,367.2200012207031,367.2300109863281,367.2300109863281,2136.0
2025-11-28T16:22:00Z,367.1874084472656,367.1874084472656,367.0,367.1099853515625,367.1099853515625,5836.0
2025-11-28T16:23:00Z,367.05999755859375,367.1600036621094,366.92999267578125,367.1400146484375,367.1400146484375,1512.0
2025-11-28T16:24:00Z,367.17999267578125,367.20001220703125,367.1199951171875,367.17999267578125,367.17999267578125,1316.0
2025-11-28T16:25:00Z,367.25,367.260009765625,367.180908203125,367.260009765625,367.260009765625,660.0
2025-11-28T16:26:00Z,367.2200012207031,367.2300109863281,367.1000061035156,367.1000061035156,367.1000061035156,1600.0
2025-11-28T16:27:00Z,367.0199890136719,367.0400085449219,366.92999267578125,366.92999267578125,366.92999267578125,1250.0
2025-11-28T16:28:00Z,366.9849853515625,367.1600036621094,366.9849853515625,367.0899963378906,367.0899963378906,1974.0
2025-11-28T16:29:00Z,367.01800537109375,367.19000244140625,367.01800537109375,367.1099853515625,367.1099853515625,2311.0
2025-11-28T16:30:00Z,366.9949951171875,367.0459899902344,366.9700012207031,367.0459899902344,367.0459899902344,1166.0
2025-11-28T16:31:00Z,366.9519958496094,367.1099853515625,366.9519958496094,367.1099853515625,367.1099853515625,1158.0
2025-11-28T16:32:00Z,367.135009765625,367.2300109863281,367.0585021972656,367.17999267578125,367.17999267578125,2889.0
2025-11-28T16:33:00Z,367.2149963378906,367.29998779296875,367.2099914550781,367.2149963378906,367.2149963378906,2543.0
2025-11-28T16:34:00Z,367.2099914550781,367.260009765625,367.2099914550781,367.2349853515625,367.2349853515625,1653.0
2025-11-28T16:35:00Z,367.276611328125,367.276611328125,367.010009765625,367.20001220703125,367.20001220703125,5947.0
2025-11-28T16:36:00Z,367.1000061035156,367.2300109863281,367.1000061035156,367.2300109863281,367.2300109863281,479.0
2025-11-28T16:37:00Z,367.1600036621094,367.2300109863281,367.1099853515625,367.19000244140625,367.19000244140625,2589.0
2025-11-28T16:38:00Z,367.1600036621094,367.1600036621094,367.1000061035156,367.1000061035156,367.1000061035156,810.0
2025-11-28T16:39:00Z,367.1099853515625,367.17999267578125,367.010009765625,367.010009765625,367.010009765625,1858.0
2025-11-28T16:40:00Z,367.06500244140625,367.2099914550781,367.06500244140625,367.07000732421875,367.07000732421875,1924.0
2025-11-28T16:41:00Z,367.03369140625,367.1400146484375,367.0,367.1199951171875,367.1199951171875,2930.0
2025-11-28T16:42:00Z,367.135009765625,367.135009765625,366.9200134277344,367.0,367.0,3639.0
2025-11-28T16:43:00Z,366.9700012207031,367.1300048828125,366.9700012207031,367.0950012207031,367.0950012207031,1740.0
2025-11-28T16:44:00Z,367.07000732421875,367.1000061035156,367.07000732421875,367.1000061035156,367.1000061035156,768.0
2025-11-28T16:45:00Z,367.1300048828125,367.1300048828125,367.010009765625,367.07000732421875,367.07000732421875,1467.0
2025-11-28T16:47:00Z,367.0299987792969,367.1600036621094,367.0299987792969,367.1600036621094,367.1600036621094,2204.0
2025-11-28T16:48:00Z,367.19000244140625,367.5249938964844,367.19000244140625,367.5249938964844,367.5249938964844,1871.0
2025-11-28T16:49:00Z,367.4649963378906,367.4649963378906,367.260009765625,367.3380126953125,367.3380126953125,1504.0
2025-11-28T16:50:00Z,367.32501220703125,367.42999267578125,367.2950134277344,367.3349914550781,367.3349914550781,3691.0
2025-11-28T16:51:00Z,367.3349914550781,367.45001220703125,367.2760009765625,367.45001220703125,367.45001220703125,1688.0
2025-11-28T16:52:00Z,367.3450012207031,367.3736267089844,367.3349914550781,367.3736267089844,367.3736267089844,581.0
2025-11-28T16:53:00Z,367.45001220703125,367.45001220703125,367.2300109863281,367.2300109863281,367.2300109863281,1566.0
2025-11-28T16:54:00Z,367.2200012207031,367.2200012207031,367.2200012207031,367.2200012207031,367.2200012207031,875.0
2025-11-28T16:55:00Z,367.17999267578125,367.19000244140625,367.17999267578125,367.18499755859375,367.18499755859375,1005.0
2025-11-28T16:56:00Z,367.1400146484375,367.20001220703125,367.1400146484375,367.20001220703125,367.20001220703125,752.0
2025-11-28T16:57:00Z,367.25,367.2799987792969,367.2200012207031,367.2200012207031,367.2200012207031,3008.0
2025-11-28T16:58:00Z,367.239990234375,367.239990234375,367.135009765625,367.135009765625,367.135009765625,1164.0
2025-11-28T16:59:00Z,367.0199890136719,367.0199890136719,366.92999267578125,366.92999267578125,366.92999267578125,1099.0
2025-11-28T17:00:00Z,367.0,367.0199890136719,366.79998779296875,366.79998779296875,366.79998779296875,2199.0
2025-11-28T17:01:00Z,366.79998779296875,366.9700012207031,366.79998779296875,366.9599914550781,366.9599914550781,2016.0
2025-11-28T17:02:00Z,367.0199890136719,367.1300048828125,366.9320068359375,366.989990234375,366.989990234375,1558.0
2025-11-28T17:03:00Z,367.05499267578125,367.05499267578125,366.9800109863281,366.9800109863281,366.9800109863281,465.0
2025-11-28T17:04:00Z,367.0150146484375,367.17498779296875,367.0150146484375,367.1300048828125,367.1300048828125,3043.0
2025-11-28T17:05:00Z,367.1449890136719,367.1449890136719,367.1449890136719,367.1449890136719,367.1449890136719,231.0
2025-11-28T17:06:00Z,367.1099853515625,367.1099853515625,367.1099853515625,367.1099853515625,367.1099853515625,631.0
2025-11-28T17:07:00Z,367.05999755859375,367.1300048828125,367.0199890136719,367.0899963378906,367.0899963378906,645.0
2025-11-28T17:08:00Z,367.114990234375,367.2099914550781,367.114990234375,367.1600036621094,367.1600036621094,1605.0
2025-11-28T17:09:00Z,367.05999755859375,367.05999755859375,367.05999755859375,367.05999755859375,367.05999755859375,232.0
2025-11-28T17:10:00Z,367.239990234375,367.239990234375,367.1199951171875,367.1199951171875,367.1199951171875,862.0
2025-11-28T17:11:00Z,367.239990234375,367.2900085449219,367.1000061035156,367.1000061035156,367.1000061035156,1576.0
2025-11-28T17:12:00Z,367.1400146484375,367.1400146484375,367.0150146484375,367.0150146484375,367.0150146484375,1315.0
2025-11-28T17:13:00Z,366.966796875,366.966796875,366.966796875,366.966796875,366.966796875,186.0
2025-11-28T17:14:00Z,367.0249938964844,367.0249938964844,366.92999267578125,366.92999267578125,366.92999267578125,1170.0
2025-11-28T17:15:00Z,367.0400085449219,367.04998779296875,367.0350036621094,367.0400085449219,367.0400085449219,1129.0
2025-11-28T17:16:00Z,366.92999267578125,366.92999267578125,366.8900146484375,366.8900146484375,366.8900146484375,554.0
2025-11-28T17:17:00Z,366.95001220703125,367.0,366.95001220703125,367.0,367.0,1178.0
2025-11-28T17:18:00Z,367.0150146484375,367.0150146484375,366.92999267578125,366.95001220703125,366.95001220703125,1708.0
2025-11-28T17:19:00Z,366.92999267578125,366.94000244140625,366.7900085449219,366.7950134277344,366.7950134277344,2448.0
2025-11-28T17:20:00Z,366.69000244140625,366.69000244140625,366.614990234375,366.614990234375,366.614990234375,865.0
2025-11-28T17:21:00Z,366.6499938964844,366.79998779296875,366.6499938964844,366.67999267578125,366.67999267578125,2015.0
2025-11-28T17:22:00Z,366.6099853515625,366.6499938964844,366.42999267578125,366.54998779296875,366.54998779296875,6830.0
2025-11-28T17:23:00Z,366.55499267578125,366.55499267578125,366.3399963378906,366.3399963378906,366.3399963378906,4016.0
2025-11-28T17:24:00Z,366.2900085449219,366.3999938964844,366.2900085449219,366.3900146484375,366.3900146484375,1085.0
2025-11-28T17:25:00Z,366.3900146484375,366.3999938964844,366.3500061035156,366.3800048828125,366.3800048828125,1083.0
2025-11-28T17:26:00Z,366.3599853515625,366.4700012207031,366.20001220703125,366.3900146484375,366.3900146484375,2482.0
2025-11-28T17:27:00Z,366.3999938964844,366.4200134277344,366.3550109863281,366.3999938964844,366.3999938964844,1990.0
2025-11-28T17:28:00Z,366.29998779296875,366.29998779296875,366.17999267578125,366.17999267578125,366.17999267578125,884.0
2025-11-28T17:29:00Z,366.2300109863281,366.3399963378906,366.20001220703125,366.32000732421875,366.32000732421875,4793.0
2025-11-28T17:30:00Z,366.2799987792969,366.4100036621094,366.25,366.30999755859375,366.30999755859375,3239.0
2025-11-28T17:31:00Z,366.3349914550781,366.3349914550781,366.26190185546875,366.26190185546875,366.26190185546875,836.0
2025-11-28T17:32:00Z,366.32000732421875,366.3900146484375,366.32000732421875,366.32000732421875,366.32000732421875,1042.0
2025-11-28T17:33:00Z,366.389892578125,366.489990234375,366.30999755859375,366.489990234375,366.489990234375,2494.0
2025-11-28T17:34:00Z,366.44000244140625,366.54998779296875,366.44000244140625,366.489990234375,366.489990234375,4335.0
2025-11-28T17:35:00Z,366.4849853515625,366.5,366.3999938964844,366.42999267578125,366.42999267578125,4371.0
2025-11-28T17:36:00Z,366.4200134277344,366.4652099609375,366.3399963378906,366.44000244140625,366.44000244140625,2526.0
2025-11-28T17:37:00Z,366.3500061035156,366.5199890136719,366.260009765625,366.5168151855469,366.5168151855469,2505.0
2025-11-28T17:38:00Z,366.4649963378906,366.57000732421875,366.45001220703125,366.45001220703125,366.45001220703125,2110.0
2025-11-28T17:39:00Z,366.3999938964844,366.45001220703125,366.18499755859375,366.18499755859375,366.18499755859375,1838.0
2025-11-28T17:40:00Z,366.17498779296875,366.260009765625,366.1199951171875,366.20001220703125,366.20001220703125,5164.0
2025-11-28T17:41:00Z,366.1300048828125,366.2049865722656,366.0,366.07501220703125,366.07501220703125,3702.0
2025-11-28T17:42:00Z,366.1600036621094,366.2300109863281,366.1300048828125,366.19000244140625,366.19000244140625,3377.0
2025-11-28T17:43:00Z,366.2099914550781,366.2099914550781,366.05999755859375,366.1700134277344,366.1700134277344,1987.0
2025-11-28T17:44:00Z,366.1199951171875,366.2099914550781,366.0899963378906,366.1600036621094,366.1600036621094,2930.0
2025-11-28T17:45:00Z,366.1099853515625,366.3699035644531,366.1099853515625,366.197998046875,366.197998046875,4418.0
2025-12-01T14:31:00Z,364.42999267578125,364.8599853515625,363.8599853515625,364.3550109863281,364.3550109863281,5754.0
2025-12-01T14:32:00Z,364.2449951171875,364.4100036621094,363.2449951171875,363.51361083984375,363.51361083984375,7351.0
2025-12-01T14:33:00Z,363.8599853515625,363.9823913574219,363.4100036621094,363.9823913574219,363.9823913574219,2702.0
2025-12-01T14:34:00Z,363.7900085449219,364.2206115722656,363.5350036621094,363.5350036621094,363.5350036621094,4109.0
2025-12-01T14:35:00Z,363.5299987792969,363.82501220703125,363.2099914550781,363.7099914550781,363.7099914550781,2966.0
2025-12-01T14:36:00Z,363.8399963378906,364.010009765625,363.7900085449219,363.9200134277344,363.9200134277344,2818.0
2025-12-01T14:37:00Z,363.7099914550781,363.95001220703125,363.69000244140625,363.95001220703125,363.95001220703125,1701.0
2025-12-01T14:38:00Z,363.95001220703125,364.5150146484375,363.95001220703125,364.43499755859375,364.43499755859375,6750.0
2025-12-01T14:39:00Z,364.45001220703125,364.625,364.07000732421875,364.07000732421875,364.07000732421875,6278.0
2025-12-01T14:40:00Z,364.2099914550781,364.56988525390625,364.2099914550781,364.4949951171875,364.4949951171875,13747.0
2025-12-01T14:41:00Z,364.3634033203125,364.3900146484375,364.3634033203125,364.3800048828125,364.3800048828125,873.0
2025-12-01T14:42:00Z,364.3599853515625,364.760009765625,364.3599853515625,364.5899963378906,364.5899963378906,3844.0
2025-12-01T14:43:00Z,364.57000732421875,364.69500732421875,364.510009765625,364.6499938964844,364.6499938964844,3447.0
2025-12-01T14:44:00Z,364.6499938964844,364.6499938964844,364.5,364.5299987792969,364.5299987792969,4034.0
2025-12-01T14:45:00Z,364.3800048828125,364.3999938964844,363.864013671875,363.95001220703125,363.95001220703125,7992.0
2025-12-01T14:46:00Z,364.06500244140625,364.35089111328125,363.67999267578125,363.80999755859375,363.80999755859375,5158.0
2025-12-01T14:47:00Z,363.75,364.260009765625,363.70001220703125,364.260009765625,364.260009765625,5863.0
2025-12-01T14:48:00Z,364.2300109863281,364.57000732421875,364.2300109863281,364.4700012207031,364.4700012207031,2917.0
2025-12-01T14:49:00Z,364.4750061035156,364.67999267578125,364.4750061035156,364.55999755859375,364.55999755859375,1837.0
2025-12-01T14:50:00Z,364.67999267578125,365.2699890136719,364.54998779296875,365.25,365.25,4263.0
2025-12-01T14:51:00Z,365.4898986816406,365.4898986816406,365.090087890625,365.30999755859375,365.30999755859375,6862.0
2025-12-01T14:52:00Z,365.3399963378906,365.56500244140625,365.0899963378906,365.56500244140625,365.56500244140625,22151.0
2025-12-01T14:53:00Z,365.5849914550781,365.8500061035156,365.5849914550781,365.7699890136719,365.7699890136719,6538.0
2025-12-01T14:54:00Z,365.7049865722656,365.8500061035156,365.67999267578125,365.67999267578125,365.67999267578125,3174.0
2025-12-01T14:55:00Z,365.82501220703125,365.875,365.760009765625,365.8699951171875,365.8699951171875,4605.0
2025-12-01T14:56:00Z,365.8699951171875,366.1099853515625,365.8699951171875,366.0050048828125,366.0050048828125,10215.0
2025-12-01T14:57:00Z,365.92999267578125,366.4800109863281,365.9200134277344,366.3299865722656,366.3299865722656,7649.0
2025-12-01T14:58:00Z,366.4849853515625,366.489990234375,366.0899963378906,366.3074951171875,366.3074951171875,6402.0
2025-12-01T14:59:00Z,366.30499267578125,366.4750061035156,366.20001220703125,366.4750061035156,366.4750061035156,1575.0
2025-12-01T15:00:00Z,366.4750061035156,366.5299987792969,366.29998779296875,366.4049987792969,366.4049987792969,3089.0
2025-12-01T15:01:00Z,366.4049987792969,366.4049987792969,366.1300048828125,366.25,366.25,1896.0
2025-12-01T15:02:00Z,366.2200012207031,366.3699951171875,366.1499938964844,366.2250061035156,366.2250061035156,2102.0
2025-12-01T15:03:00Z,366.0799865722656,366.17999267578125,365.8399963378906,365.8399963378906,365.8399963378906,9373.0
2025-12-01T15:04:00Z,365.8299865722656,366.0,365.67999267578125,366.0,366.0,6017.0
2025-12-01T15:05:00Z,365.75,365.75,365.42999267578125,365.42999267578125,365.42999267578125,4362.0
2025-12-01T15:06:00Z,365.42999267578125,365.5201110839844,365.4200134277344,365.5199890136719,365.5199890136719,1248.0
2025-12-01T15:07:00Z,365.5199890136719,365.67498779296875,365.41009521484375,365.55999755859375,365.55999755859375,4444.0
2025-12-01T15:08:00Z,365.4100036621094,365.510009765625,365.0199890136719,365.0199890136719,365.0199890136719,7441.0
2025-12-01T15:09:00Z,365.25,365.2749938964844,364.8800048828125,365.04998779296875,365.04998779296875,3048.0
2025-12-01T15:10:00Z,364.92999267578125,365.0249938964844,364.70001220703125,364.885009765625,364.885009765625,3350.0
2025-12-01T15:11:00Z,364.760009765625,364.8900146484375,364.5299987792969,364.8900146484375,364.8900146484375,4040.0
2025-12-01T15:12:00Z,364.8800048828125,364.9599914550781,364.6300048828125,364.739990234375,364.739990234375,2721.0
2025-12-01T15:13:00Z,364.739990234375,364.739990234375,364.3900146484375,364.635009765625,364.635009765625,6917.0
2025-12-01T15:14:00Z,364.5299987792969,364.6000061035156,364.2699890136719,364.29998779296875,364.29998779296875,4829.0
2025-12-01T15:15:00Z,364.364990234375,364.4729919433594,364.1700134277344,364.45001220703125,364.45001220703125,4733.0
2025-12-01T15:16:00Z,364.2699890136719,364.30499267578125,364.0799865722656,364.2550048828125,364.2550048828125,3500.0
2025-12-01T15:17:00Z,364.1499938964844,364.2550048828125,363.6199951171875,363.6300048828125,363.6300048828125,4631.0
2025-12-01T15:18:00Z,363.6600036621094,363.864990234375,363.6300048828125,363.6400146484375,363.6400146484375,5111.0
2025-12-01T15:19:00Z,363.75,363.94000244140625,363.75,363.8900146484375,363.8900146484375,3043.0
2025-12-01T15:20:00Z,363.8900146484375,363.8900146484375,363.30499267578125,363.30999755859375,363.30999755859375,4739.0
2025-12-01T15:21:00Z,363.29998779296875,363.5351867675781,363.2449951171875,363.5299987792969,363.5299987792969,3315.0
2025-12-01T15:22:00Z,363.5350036621094,363.6499938964844,363.30999755859375,363.54998779296875,363.54998779296875,2487.0
2025-12-01T15:23:00Z,363.3900146484375,363.489990234375,363.3299865722656,363.3599853515625,363.3599853515625,1885.0
2025-12-01T15:24:00Z,363.3599853515625,363.57501220703125,363.04998779296875,363.04998779296875,363.04998779296875,5916.0
2025-12-01T15:25:00Z,363.04998779296875,363.04998779296875,362.7200012207031,362.864990234375,362.864990234375,6675.0
2025-12-01T15:26:00Z,362.7200012207031,362.7799987792969,362.5,362.6650085449219,362.6650085449219,4402.0
2025-12-01T15:27:00Z,362.5899963378906,362.8399963378906,362.510009765625,362.6449890136719,362.6449890136719,2997.0
2025-12-01T15:28:00Z,362.635009765625,362.9150085449219,362.635009765625,362.69000244140625,362.69000244140625,5477.0
2025-12-01T15:29:00Z,362.8544006347656,362.8544006347656,362.25,362.44000244140625,362.44000244140625,3630.0
2025-12-01T15:30:00Z,362.43499755859375,362.6000061035156,362.1199951171875,362.17999267578125,362.17999267578125,3991.0
2025-12-01T15:31:00Z,362.2200012207031,362.55999755859375,362.2200012207031,362.55999755859375,362.55999755859375,1761.0
2025-12-01T15:32:00Z,362.5199890136719,362.64990234375,362.5199890136719,362.6400146484375,362.6400146484375,1448.0
2025-12-01T15:33:00Z,362.3900146484375,362.45001220703125,362.17999267578125,362.17999267578125,362.17999267578125,2478.0
2025-12-01T15:34:00Z,362.05999755859375,362.05999755859375,361.69000244140625,361.75,361.75,8699.0
2025-12-01T15:35:00Z,361.75,361.9100036621094,361.7099914550781,361.79998779296875,361.79998779296875,3708.0
2025-12-01T15:36:00Z,361.9200134277344,362.2200012207031,361.7950134277344,362.2200012207031,362.2200012207031,3906.0
2025-12-01T15:37:00Z,362.2200012207031,362.5354919433594,362.1700134277344,362.2200012207031,362.2200012207031,5524.0
2025-12-01T15:38:00Z,362.364990234375,362.364990234375,362.260009765625,362.364990234375,362.364990234375,1796.0
2025-12-01T15:39:00Z,362.20001220703125,362.5299072265625,362.20001220703125,362.3399963378906,362.3399963378906,9388.0
2025-12-01T15:40:00Z,362.45001220703125,362.7200012207031,362.44000244140625,362.6050109863281,362.6050109863281,3388.0
2025-12-01T15:41:00Z,362.55999755859375,362.79998779296875,362.5,362.7699890136719,362.7699890136719,1924.0
2025-12-01T15:42:00Z,362.760009765625,363.30999755859375,362.7449951171875,363.239990234375,363.239990234375,6083.0
2025-12-01T15:43:00Z,363.1099853515625,363.1300048828125,362.8900146484375,362.94000244140625,362.94000244140625,2996.0
2025-12-01T15:44:00Z,362.92999267578125,362.94000244140625,362.6199951171875,362.7650146484375,362.7650146484375,5473.0
2025-12-01T15:45:00Z,362.7650146484375,363.2099914550781,362.7650146484375,363.0400085449219,363.0400085449219,1845.0
2025-12-01T15:46:00Z,363.0400085449219,363.1400146484375,363.0400085449219,363.1199951171875,363.1199951171875,1151.0
2025-12-01T15:47:00Z,363.0249938964844,363.1300048828125,362.8800048828125,363.05999755859375,363.05999755859375,3800.0
2025-12-01T15:48:00Z,362.9549865722656,363.1099853515625,362.94000244140625,362.94000244140625,362.94000244140625,2537.0
2025-12-01T15:49:00Z,363.0299987792969,363.0450134277344,362.93499755859375,363.0450134277344,363.0450134277344,1855.0
2025-12-01T15:50:00Z,363.1799011230469,363.1799011230469,362.8349914550781,362.94500732421875,362.94500732421875,4051.0
2025-12-01T15:51:00Z,362.94000244140625,363.4100036621094,362.9200134277344,363.3349914550781,363.3349914550781,2524.0
2025-12-01T15:52:00Z,363.3599853515625,363.885009765625,363.3599853515625,363.8699951171875,363.8699951171875,4943.0
2025-12-01T15:53:00Z,363.8900146484375,364.34991455078125,363.8900146484375,364.20001220703125,364.20001220703125,2274.0
2025-12-01T15:54:00Z,364.260009765625,364.3599853515625,364.20001220703125,364.31500244140625,364.31500244140625,3749.0
2025-12-01T15:55:00Z,364.20001220703125,364.3399963378906,364.17999267578125,364.2305908203125,364.2305908203125,1139.0
2025-12-01T15:56:00Z,364.2850036621094,364.2900085449219,364.22198486328125,364.2349853515625,364.2349853515625,1749.0
2025-12-01T15:57:00Z,364.239990234375,364.3500061035156,364.1300048828125,364.32000732421875,364.32000732421875,1844.0
2025-12-01T15:58:00Z,364.3500061035156,364.3500061035156,364.30999755859375,364.30999755859375,364.30999755859375,1613.0
2025-12-01T15:59:00Z,364.17999267578125,364.37750244140625,364.17999267578125,364.2799987792969,364.2799987792969,3056.0
2025-12-01T16:00:00Z,364.44000244140625,364.44000244140625,364.3900146484375,364.3900146484375,364.3900146484375,852.0
2025-12-01T16:01:00Z,364.30999755859375,364.4674987792969,364.2835998535156,364.44000244140625,364.44000244140625,1636.0
2025-12-01T16:02:00Z,364.44000244140625,364.5050048828125,364.44000244140625,364.5050048828125,364.5050048828125,1183.0
2025-12-01T16:03:00Z,364.5050048828125,364.9320068359375,364.5050048828125,364.9320068359375,364.9320068359375,4475.0
2025-12-01T16:04:00Z,364.8450012207031,364.9075012207031,364.75,364.9075012207031,364.9075012207031,738.0
2025-12-01T16:05:00Z,364.8550109863281,364.92498779296875,364.6600036621094,364.6600036621094,364.6600036621094,3830.0
2025-12-01T16:06:00Z,364.6877136230469,364.6877136230469,364.2699890136719,364.2699890136719,364.2699890136719,2334.0
2025-12-01T16:07:00Z,364.3800048828125,364.3800048828125,364.1300048828125,364.18499755859375,364.18499755859375,2471.0
2025-12-01T16:08:00Z,364.18499755859375,364.44000244140625,364.1099853515625,364.2200012207031,364.2200012207031,5450.0
2025-12-01T16:09:00Z,364.2449951171875,364.3851013183594,364.19500732421875,364.3851013183594,364.3851013183594,1767.0
2025-12-01T16:10:00Z,364.375,364.6400146484375,364.375,364.510009765625,364.510009765625,3033.0
2025-12-01T16:11:00Z,364.4100036621094,364.5,364.385009765625,364.42498779296875,364.42498779296875,2093.0
2025-12-01T16:12:00Z,364.3500061035156,364.70001220703125,364.3500061035156,364.54998779296875,364.54998779296875,2594.0
2025-12-01T16:13:00Z,364.70001220703125,364.7900085449219,364.55999755859375,364.7900085449219,364.7900085449219,1127.0
2025-12-01T16:14:00Z,364.6000061035156,364.7799072265625,364.42999267578125,364.510009765625,364.510009765625,3359.0
2025-12-01T16:15:00Z,364.4200134277344,364.510009765625,364.2699890136719,364.3900146484375,364.3900146484375,3247.0
2025-12-01T16:16:00Z,364.42999267578125,364.489990234375,364.30999755859375,364.30999755859375,364.30999755859375,1335.0
2025-12-01T16:17:00Z,364.43499755859375,364.5899963378906,364.3702087402344,364.3702087402344,364.3702087402344,1767.0
2025-12-01T16:18:00Z,364.3999938964844,364.54998779296875,364.3999938964844,364.54998779296875,364.54998779296875,1394.0
2025-12-01T16:19:00Z,364.4200134277344,364.5400085449219,364.4200134277344,364.42010498046875,364.42010498046875,1527.0
2025-12-01T16:20:00Z,364.5799865722656,364.7250061035156,364.5050048828125,364.7200012207031,364.7200012207031,2135.0
2025-12-01T16:21:00Z,364.7250061035156,364.7250061035156,364.7250061035156,364.7250061035156,364.7250061035156,165.0
2025-12-01T16:22:00Z,364.7250061035156,364.8500061035156,364.3999938964844,364.44000244140625,364.44000244140625,4296.0
2025-12-01T16:23:00Z,364.510009765625,364.5249938964844,364.489990234375,364.5249938964844,364.5249938964844,977.0
2025-12-01T16:24:00Z,364.489990234375,364.489990234375,364.30999755859375,364.3399963378906,364.3399963378906,2689.0
2025-12-01T16:25:00Z,364.54998779296875,364.6400146484375,364.5,364.6199951171875,364.6199951171875,2228.0
2025-12-01T16:26:00Z,364.489990234375,364.510009765625,364.30999755859375,364.4599914550781,364.4599914550781,2115.0
2025-12-01T16:27:00Z,364.5799865722656,364.6099853515625,364.5150146484375,364.6099853515625,364.6099853515625,6264.0
2025-12-01T16:28:00Z,364.489990234375,364.55999755859375,364.3800048828125,364.42498779296875,364.42498779296875,2588.0
2025-12-01T16:29:00Z,364.36639404296875,364.6099853515625,364.34259033203125,364.6099853515625,364.6099853515625,1868.0
2025-12-01T16:30:00Z,364.6600036621094,364.7149963378906,364.5799865722656,364.6300048828125,364.6300048828125,5713.0
2025-12-01T16:31:00Z,364.6449890136719,364.79998779296875,364.6449890136719,364.7799987792969,364.7799987792969,1617.0
2025-12-01T16:32:00Z,364.7300109863281,364.79998779296875,364.510009765625,364.79998779296875,364.79998779296875,2606.0
2025-12-01T16:33:00Z,364.6600036621094,364.7099914550781,364.6199951171875,364.68499755859375,364.68499755859375,445.0
2025-12-01T16:34:00Z,364.68499755859375,364.94000244140625,364.42999267578125,364.70001220703125,364.70001220703125,4450.0
2025-12-01T16:35:00Z,364.6600036621094,364.70001220703125,364.489990234375,364.6700134277344,364.6700134277344,4411.0
2025-12-01T16:36:00Z,364.6199951171875,364.6199951171875,364.42999267578125,364.5150146484375,364.5150146484375,2699.0
2025-12-01T16:37:00Z,364.5249938964844,364.6700134277344,364.5249938964844,364.6600036621094,364.6600036621094,2229.0
2025-12-01T16:38:00Z,364.5899963378906,364.7799987792969,364.56500244140625,364.7799987792969,364.7799987792969,1908.0
2025-12-01T16:39:00Z,364.8091125488281,364.9198913574219,364.6400146484375,364.7349853515625,364.7349853515625,3560.0
2025-12-01T16:40:00Z,364.7300109863281,364.7650146484375,364.4800109863281,364.6000061035156,364.6000061035156,4337.0
2025-12-01T16:41:00Z,364.6000061035156,364.7300109863281,364.6000061035156,364.6099853515625,364.6099853515625,2519.0
2025-12-01T16:42:00Z,364.6099853515625,365.0686950683594,364.6099853515625,364.9700012207031,364.9700012207031,4501.0
2025-12-01T16:43:00Z,364.9700012207031,365.1400146484375,364.92999267578125,365.07000732421875,365.07000732421875,2726.0
2025-12-01T16:44:00Z,365.0950012207031,365.1600036621094,364.9700012207031,365.1000061035156,365.1000061035156,1959.0
2025-12-01T16:45:00Z,365.1000061035156,365.1000061035156,364.94000244140625,365.0199890136719,365.0199890136719,1761.0
2025-12-01T16:46:00Z,365.07501220703125,365.2300109863281,365.07501220703125,365.17999267578125,365.17999267578125,1320.0
2025-12-01T16:47:00Z,365.18499755859375,365.18499755859375,365.14019775390625,365.14019775390625,365.14019775390625,901.0
2025-12-01T16:48:00Z,365.19500732421875,365.2250061035156,365.0899963378906,365.1000061035156,365.1000061035156,3437.0
2025-12-01T16:49:00Z,365.0849914550781,365.1300048828125,364.9700012207031,364.9849853515625,364.9849853515625,1944.0
2025-12-01T16:50:00Z,364.9200134277344,364.9200134277344,364.7300109863281,364.739990234375,364.739990234375,2120.0
2025-12-01T16:51:00Z,364.8500061035156,364.8500061035156,364.739990234375,364.739990234375,364.739990234375,1453.0
2025-12-01T16:52:00Z,364.8500061035156,364.94000244140625,364.80810546875,364.80810546875,364.80810546875,1075.0
2025-12-01T16:53:00Z,364.864990234375,364.864990234375,364.69000244140625,364.8599853515625,364.8599853515625,2939.0
2025-12-01T16:54:00Z,364.885009765625,364.885009765625,364.7349853515625,364.7349853515625,364.7349853515625,1759.0
2025-12-01T16:55:00Z,364.6199951171875,364.70001220703125,364.6199951171875,364.6199951171875,364.6199951171875,1622.0
2025-12-01T16:56:00Z,364.6199951171875,364.7650146484375,364.6199951171875,364.7650146484375,364.7650146484375,4089.0
2025-12-01T16:57:00Z,364.67999267578125,364.875,364.67999267578125,364.875,364.875,5756.0
2025-12-01T16:58:00Z,364.8800048828125,364.92138671875,364.7699890136719,364.79998779296875,364.79998779296875,4188.0
2025-12-01T16:59:00Z,364.7749938964844,364.81500244140625,364.739990234375,364.81500244140625,364.81500244140625,1780.0
2025-12-01T17:00:00Z,364.81500244140625,364.9700012207031,364.81500244140625,364.9200134277344,364.9200134277344,2860.0
2025-12-01T17:01:00Z,364.92010498046875,364.95001220703125,364.8900146484375,364.8900146484375,364.8900146484375,893.0
2025-12-01T17:02:00Z,364.8399963378906,364.8399963378906,364.7250061035156,364.7250061035156,364.7250061035156,586.0
2025-12-01T17:03:00Z,364.6099853515625,364.7698059082031,364.5899963378906,364.635009765625,364.635009765625,1401.0
2025-12-01T17:04:00Z,364.69000244140625,364.8500061035156,364.69000244140625,364.8500061035156,364.8500061035156,2159.0
2025-12-01T17:05:00Z,364.8500061035156,365.1600036621094,364.8500061035156,365.1600036621094,365.1600036621094,2136.0
2025-12-01T17:06:00Z,365.1199951171875,365.19000244140625,365.0775146484375,365.1400146484375,365.1400146484375,1204.0
2025-12-01T17:07:00Z,365.1499938964844,365.1499938964844,365.1000061035156,365.1499938964844,365.1499938964844,1380.0
2025-12-01T17:08:00Z,365.0799865722656,365.0799865722656,365.0350036621094,365.0350036621094,365.0350036621094,1977.0
2025-12-01T17:09:00Z,365.0799865722656,365.0899963378906,365.0799865722656,365.0899963378906,365.0899963378906,1156.0
2025-12-01T17:10:00Z,365.0899963378906,365.2300109863281,365.0,365.0050048828125,365.0050048828125,5726.0
2025-12-01T17:11:00Z,364.98748779296875,365.0799865722656,364.9200134277344,364.9200134277344,364.9200134277344,1849.0
2025-12-01T17:12:00Z,365.0799865722656,365.21661376953125,365.0799865722656,365.0799865722656,365.0799865722656,1185.0
2025-12-01T17:13:00Z,365.1400146484375,365.1400146484375,364.80499267578125,364.80499267578125,364.80499267578125,2218.0
2025-12-01T17:14:00Z,364.80499267578125,364.82000732421875,364.7099914550781,364.7850036621094,364.7850036621094,1023.0
2025-12-01T17:15:00Z,364.7099914550781,364.7099914550781,364.3299865722656,364.3299865722656,364.3299865722656,4327.0
2025-12-01T17:16:00Z,364.5299987792969,364.7200012207031,364.3977966308594,364.71990966796875,364.71990966796875,3467.0
2025-12-01T17:17:00Z,364.6099853515625,364.69500732421875,364.6099853515625,364.69500732421875,364.69500732421875,1864.0
2025-12-01T17:18:00Z,364.614990234375,364.614990234375,364.614990234375,364.614990234375,364.614990234375,1634.0
2025-12-01T17:19:00Z,364.614990234375,364.6675109863281,364.510009765625,364.510009765625,364.510009765625,847.0
2025-12-01T17:20:00Z,364.55999755859375,364.55999755859375,364.3699951171875,364.3699951171875,364.3699951171875,2632.0
2025-12-01T17:21:00Z,364.489990234375,364.6499938964844,364.489990234375,364.6199951171875,364.6199951171875,3187.0
2025-12-01T17:22:00Z,364.6600036621094,364.79998779296875,364.57000732421875,364.7250061035156,364.7250061035156,1587.0
2025-12-01T17:23:00Z,364.7250061035156,364.7449951171875,364.5899963378906,364.5899963378906,364.5899963378906,3134.0
2025-12-01T17:24:00Z,364.5899963378906,364.5950012207031,364.3699951171875,364.54998779296875,364.54998779296875,6654.0
2025-12-01T17:25:00Z,364.510009765625,364.54998779296875,364.4906005859375,364.4906005859375,364.4906005859375,2263.0
2025-12-01T17:26:00Z,364.5899963378906,364.7300109863281,364.5899963378906,364.7200012207031,364.7200012207031,2374.0
2025-12-01T17:27:00Z,364.7550048828125,364.9200134277344,364.7550048828125,364.8999938964844,364.8999938964844,5557.0
2025-12-01T17:28:00Z,364.8999938964844,364.94000244140625,364.489990234375,364.510009765625,364.510009765625,5622.0
2025-12-01T17:29:00Z,364.6199951171875,364.6199951171875,364.5791931152344,364.5791931152344,364.5791931152344,526.0
2025-12-01T17:30:00Z,364.5050048828125,364.5375061035156,364.45001220703125,364.45001220703125,364.45001220703125,2329.0
2025-12-01T17:31:00Z,364.4750061035156,364.493408203125,364.3699951171875,364.3699951171875,364.3699951171875,1120.0
2025-12-01T17:32:00Z,364.4414978027344,364.468505859375,364.32000732421875,364.3999938964844,364.3999938964844,501.0
2025-12-01T17:33:00Z,364.3299865722656,364.3575134277344,364.25,364.3550109863281,364.3550109863281,3086.0
2025-12-01T17:34:00Z,364.3575134277344,364.4800109863281,364.3550109863281,364.4150085449219,364.4150085449219,5260.0
2025-12-01T17:35:00Z,364.375,364.42999267578125,364.2900085449219,364.3599853515625,364.3599853515625,2742.0
2025-12-01T17:36:00Z,364.42999267578125,364.42999267578125,364.2900085449219,364.3900146484375,364.3900146484375,3130.0
2025-12-01T17:37:00Z,364.43499755859375,364.43499755859375,364.3299865722656,364.375,364.375,1356.0
2025-12-01T17:38:00Z,364.25,364.25,364.125,364.125,364.125,1176.0
2025-12-01T17:39:00Z,364.2049865722656,364.2049865722656,364.05999755859375,364.05999755859375,364.05999755859375,1204.0
2025-12-01T17:40:00Z,364.1000061035156,364.14739990234375,364.05999755859375,364.1099853515625,364.1099853515625,1492.0
2025-12-01T17:41:00Z,364.1099853515625,364.2300109863281,364.1099853515625,364.19000244140625,364.19000244140625,5588.0
2025-12-01T17:42:00Z,364.2149963378906,364.3399963378906,364.19000244140625,364.260009765625,364.260009765625,3748.0
2025-12-01T17:43:00Z,364.260009765625,364.4549865722656,364.260009765625,364.3399963378906,364.3399963378906,5609.0
2025-12-01T17:44:00Z,364.3900146484375,364.57000732421875,364.3900146484375,364.5450134277344,364.5450134277344,1834.0
2025-12-01T17:45:00Z,364.5450134277344,364.6300048828125,364.49859619140625,364.55999755859375,364.55999755859375,1389.0
2025-12-01T17:46:00Z,364.56500244140625,364.56500244140625,364.24481201171875,364.24481201171875,364.24481201171875,2215.0
2025-12-01T17:47:00Z,364.2200012207031,364.28509521484375,364.16009521484375,364.2099914550781,364.2099914550781,2137.0
2025-12-01T17:48:00Z,364.30999755859375,364.44000244140625,364.2900085449219,364.44000244140625,364.44000244140625,2392.0
2025-12-01T17:49:00Z,364.4549865722656,364.4549865722656,364.3399963378906,364.3399963378906,364.3399963378906,1323.0
2025-12-01T17:50:00Z,364.3299865722656,364.3399963378906,364.1400146484375,364.1499938964844,364.1499938964844,2072.0
2025-12-01T17:51:00Z,364.1600036621094,364.17999267578125,364.1600036621094,364.17999267578125,364.17999267578125,1011.0
2025-12-01T17:52:00Z,364.30999755859375,364.31500244140625,364.239990234375,364.25079345703125,364.25079345703125,1839.0
2025-12-01T17:53:00Z,364.1700134277344,364.1700134277344,364.1600036621094,364.1600036621094,364.1600036621094,1457.0
2025-12-01T17:54:00Z,364.0400085449219,364.1199951171875,364.0,364.0400085449219,364.0400085449219,1187.0
2025-12-01T17:55:00Z,363.92498779296875,364.010009765625,363.92498779296875,364.010009765625,364.010009765625,710.0
2025-12-01T17:56:00Z,363.8699951171875,363.8900146484375,363.7749938964844,363.7749938964844,363.7749938964844,650.0
2025-12-01T17:57:00Z,363.73699951171875,363.8182067871094,363.73699951171875,363.7950134277344,363.7950134277344,1070.0
2025-12-01T17:58:00Z,363.92999267578125,364.0799865722656,363.9100036621094,363.93499755859375,363.93499755859375,2326.0
2025-12-01T17:59:00Z,363.9872131347656,364.0799865722656,363.9200134277344,364.0799865722656,364.0799865722656,2079.0
2025-12-01T18:00:00Z,364.1700134277344,364.2699890136719,364.0849914550781,364.1600036621094,364.1600036621094,2961.0
2025-12-01T18:01:00Z,364.2749938964844,364.2843017578125,364.0010070800781,364.2843017578125,364.2843017578125,2057.0
2025-12-01T18:02:00Z,364.2149963378906,364.3800048828125,364.2149963378906,364.3599853515625,364.3599853515625,1431.0
2025-12-01T18:03:00Z,364.3153991699219,364.3153991699219,364.2799987792969,364.2950134277344,364.2950134277344,1462.0
2025-12-01T18:04:00Z,364.2900085449219,364.389892578125,364.2900085449219,364.2900085449219,364.2900085449219,1336.0
2025-12-01T18:05:00Z,364.2900085449219,364.352294921875,364.2200012207031,364.2300109863281,364.2300109863281,1181.0
2025-12-01T18:06:00Z,364.2200012207031,364.2898864746094,364.07000732421875,364.07000732421875,364.07000732421875,3301.0
2025-12-01T18:07:00Z,364.17999267578125,364.2900085449219,364.17498779296875,364.2900085449219,364.2900085449219,1494.0
2025-12-01T18:08:00Z,364.30999755859375,364.4027099609375,364.2799987792969,364.2900085449219,364.2900085449219,886.0
2025-12-01T18:09:00Z,364.2279968261719,364.30499267578125,364.2279968261719,364.30499267578125,364.30499267578125,553.0
2025-12-01T18:10:00Z,364.30499267578125,364.39990234375,364.2099914550781,364.2799987792969,364.2799987792969,1562.0
2025-12-01T18:11:00Z,364.2799987792969,364.2897033691406,364.2099914550781,364.2099914550781,364.2099914550781,3220.0
2025-12-01T18:12:00Z,364.135009765625,364.2900085449219,364.135009765625,364.2900085449219,364.2900085449219,2842.0
2025-12-01T18:13:00Z,364.3088073730469,364.3525085449219,364.2818908691406,364.3525085449219,364.3525085449219,522.0
2025-12-01T18:14:00Z,364.2680969238281,364.30999755859375,364.2680969238281,364.30999755859375,364.30999755859375,487.0
2025-12-01T18:15:00Z,364.30499267578125,364.3999938964844,364.2195129394531,364.3999938964844,364.3999938964844,2764.0
2025-12-01T18:16:00Z,364.4100036621094,364.4100036621094,364.32000732421875,364.3525085449219,364.3525085449219,1896.0
2025-12-01T18:17:00Z,364.3900146484375,364.3900146484375,364.1400146484375,364.19000244140625,364.19000244140625,1800.0
2025-12-01T18:18:00Z,364.20001220703125,364.20001220703125,364.19500732421875,364.19500732421875,364.19500732421875,144.0
2025-12-01T18:19:00Z,364.19500732421875,364.25,364.19500732421875,364.19500732421875,364.19500732421875,1197.0
2025-12-01T18:20:00Z,364.260009765625,364.3299865722656,364.1499938964844,364.2900085449219,364.2900085449219,1532.0
2025-12-01T18:21:00Z,364.1600036621094,364.1875,364.11358642578125,364.11358642578125,364.11358642578125,1383.0
2025-12-01T18:22:00Z,364.15380859375,364.15380859375,364.1300048828125,364.1300048828125,364.1300048828125,971.0
2025-12-01T18:23:00Z,364.05999755859375,364.05999755859375,364.010009765625,364.010009765625,364.010009765625,1586.0
2025-12-01T18:24:00Z,364.0899963378906,364.1099853515625,364.0799865722656,364.0799865722656,364.0799865722656,635.0
2025-12-01T18:25:00Z,364.1099853515625,364.2200012207031,364.1099853515625,364.18499755859375,364.18499755859375,1520.0
2025-12-01T18:26:00Z,364.2550048828125,364.2650146484375,364.135009765625,364.20001220703125,364.20001220703125,1982.0
2025-12-01T18:27:00Z,364.19000244140625,364.2200012207031,364.1499938964844,364.2200012207031,364.2200012207031,1314.0
2025-12-01T18:28:00Z,364.2099914550781,364.2099914550781,364.20001220703125,364.2099914550781,364.2099914550781,798.0
2025-12-01T18:29:00Z,364.2099914550781,364.2099914550781,364.2099914550781,364.2099914550781,364.2099914550781,500.0
2025-12-01T18:30:00Z,364.2149963378906,364.29998779296875,364.2149963378906,364.2650146484375,364.2650146484375,2601.0
2025-12-01T18:31:00Z,364.2799987792969,364.2950134277344,364.2300109863281,364.2300109863281,364.2300109863281,478.0
2025-12-01T18:32:00Z,364.2950134277344,364.4100036621094,364.2950134277344,364.385009765625,364.385009765625,2648.0
2025-12-01T18:33:00Z,364.42999267578125,364.4599914550781,364.3999938964844,364.44000244140625,364.44000244140625,1778.0
2025-12-01T18:34:00Z,364.4800109863281,364.4800109863281,364.29998779296875,364.3800048828125,364.3800048828125,3275.0
2025-12-01T18:35:00Z,364.3900146484375,364.3999938964844,364.3599853515625,364.3999938964844,364.3999938964844,619.0
2025-12-01T18:36:00Z,364.3599853515625,364.4100036621094,364.239990234375,364.239990234375,364.239990234375,2567.0
2025-12-01T18:37:00Z,364.3450012207031,364.4100036621094,364.260009765625,364.260009765625,364.260009765625,1088.0
2025-12-01T18:38:00Z,364.2200012207031,364.2900085449219,364.1700134277344,364.2250061035156,364.2250061035156,1757.0
2025-12-01T18:39:00Z,364.2124938964844,364.3699951171875,364.2124938964844,364.3399963378906,364.3399963378906,3570.0
2025-12-01T18:40:00Z,364.2850036621094,364.4049987792969,364.2850036621094,364.32000732421875,364.32000732421875,2763.0
2025-12-01T18:41:00Z,364.2300109863281,364.2300109863281,364.2200012207031,364.2200012207031,364.2200012207031,401.0
2025-12-01T18:42:00Z,364.2099914550781,364.2262878417969,364.20001220703125,364.20001220703125,364.20001220703125,909.0
2025-12-01T18:43:00Z,364.25,364.30999755859375,364.25,364.2950134277344,364.2950134277344,1370.0
2025-12-01T18:44:00Z,364.2950134277344,364.4049987792969,364.2950134277344,364.3900146484375,364.3900146484375,1789.0
2025-12-01T18:45:00Z,364.4549865722656,364.55999755859375,364.44500732421875,364.510009765625,364.510009765625,2293.0
2025-12-01T18:46:00Z,364.510009765625,364.510009765625,364.510009765625,364.510009765625,364.510009765625,1347.0
2025-12-01T18:47:00Z,364.5299987792969,364.6199951171875,364.5150146484375,364.6199951171875,364.6199951171875,2840.0
2025-12-01T18:48:00Z,364.6095886230469,364.6095886230469,364.5299987792969,364.5299987792969,364.5299987792969,2709.0
2025-12-01T18:49:00Z,364.5150146484375,364.54949951171875,364.4700012207031,364.5199890136719,364.5199890136719,1455.0
2025-12-01T18:50:00Z,364.5199890136719,364.52801513671875,364.44000244140625,364.4750061035156,364.4750061035156,3045.0
2025-12-01T18:51:00Z,364.57000732421875,364.57000732421875,364.29998779296875,364.29998779296875,364.29998779296875,2200.0
2025-12-01T18:52:00Z,364.260009765625,364.45001220703125,364.2449951171875,364.2699890136719,364.2699890136719,1950.0
2025-12-01T18:53:00Z,364.25,364.2550048828125,364.2340087890625,364.25,364.25,1865.0
2025-12-01T18:54:00Z,364.25,364.25,364.1499938964844,364.1700134277344,364.1700134277344,2156.0
2025-12-01T18:55:00Z,364.32000732421875,364.32000732421875,364.04998779296875,364.05999755859375,364.05999755859375,2977.0
2025-12-01T18:56:00Z,364.07000732421875,364.15869140625,364.0,364.0350036621094,364.0350036621094,5225.0
2025-12-01T18:57:00Z,364.0299987792969,364.1300048828125,363.9419860839844,364.0199890136719,364.0199890136719,5383.0
2025-12-01T18:58:00Z,364.0199890136719,364.125,364.0199890136719,364.0899963378906,364.0899963378906,1503.0
2025-12-01T18:59:00Z,364.0899963378906,364.1499938964844,364.0799865722656,364.0799865722656,364.0799865722656,2606.0
2025-12-01T19:00:00Z,364.0199890136719,364.0199890136719,363.7300109863281,363.7300109863281,363.7300109863281,2155.0
2025-12-01T19:01:00Z,363.6199951171875,363.68499755859375,363.5400085449219,363.6300048828125,363.6300048828125,2064.0
2025-12-01T19:02:00Z,363.4599914550781,363.67999267578125,363.45001220703125,363.67999267578125,363.67999267578125,4789.0
2025-12-01T19:03:00Z,363.5849914550781,363.6700134277344,363.5799865722656,363.6700134277344,363.6700134277344,1802.0
2025-12-01T19:04:00Z,363.6449890136719,363.6449890136719,363.45001220703125,363.45001220703125,363.45001220703125,2261.0
2025-12-01T19:05:00Z,363.45001220703125,363.4700012207031,363.3900146484375,363.3949890136719,363.3949890136719,1219.0
2025-12-01T19:06:00Z,363.3500061035156,363.3900146484375,363.20001220703125,363.3550109863281,363.3550109863281,6541.0
2025-12-01T19:07:00Z,363.44970703125,363.44970703125,363.360107421875,363.43499755859375,363.43499755859375,825.0
2025-12-01T19:08:00Z,363.3699951171875,363.4100036621094,363.3699951171875,363.3699951171875,363.3699951171875,1329.0
2025-12-01T19:09:00Z,363.30999755859375,363.30999755859375,363.1000061035156,363.1205139160156,363.1205139160156,4190.0
2025-12-01T19:10:00Z,363.1000061035156,363.1499938964844,362.9700012207031,363.05999755859375,363.05999755859375,7632.0
2025-12-01T19:11:00Z,363.0199890136719,363.0799865722656,362.94000244140625,362.94000244140625,362.94000244140625,10043.0
2025-12-01T19:12:00Z,362.8999938964844,362.8999938964844,362.6600036621094,362.82000732421875,362.82000732421875,4045.0
2025-12-01T19:13:00Z,362.79998779296875,362.8299865722656,362.7099914550781,362.8299865722656,362.8299865722656,2336.0
2025-12-01T19:14:00Z,362.92999267578125,363.0299987792969,362.8399963378906,362.8399963378906,362.8399963378906,9369.0
2025-12-01T19:15:00Z,362.760009765625,362.8550109863281,362.7200012207031,362.8550109863281,362.8550109863281,2070.0
2025-12-01T19:16:00Z,362.75,362.75,362.5799865722656,362.6499938964844,362.6499938964844,5976.0
2025-12-01T19:17:00Z,362.6499938964844,362.6499938964844,362.489990234375,362.614990234375,362.614990234375,1871.0
2025-12-01T19:18:00Z,362.6199951171875,362.6199951171875,362.45001220703125,362.4700012207031,362.4700012207031,1345.0
2025-12-01T19:19:00Z,362.45001220703125,362.54998779296875,362.44000244140625,362.54998779296875,362.54998779296875,1386.0
2025-12-01T19:20:00Z,362.55999755859375,362.57501220703125,362.5,362.510009765625,362.510009765625,3785.0
2025-12-01T19:21:00Z,362.489990234375,362.489990234375,362.010009765625,362.30999755859375,362.30999755859375,12904.0
2025-12-01T19:22:00Z,362.03009033203125,362.17498779296875,361.8599853515625,362.0,362.0,3986.0
2025-12-01T19:23:00Z,361.7900085449219,362.0899963378906,361.739990234375,362.010009765625,362.010009765625,6062.0
2025-12-01T19:24:00Z,361.9800109863281,362.05999755859375,361.95001220703125,362.010009765625,362.010009765625,1091.0
2025-12-01T19:25:00Z,362.04998779296875,362.04998779296875,361.7950134277344,361.918212890625,361.918212890625,1900.0
2025-12-01T19:26:00Z,361.80499267578125,361.8299865722656,361.6820068359375,361.7799987792969,361.7799987792969,2334.0
2025-12-01T19:27:00Z,361.69000244140625,362.0299987792969,361.69000244140625,362.0299987792969,362.0299987792969,3201.0
2025-12-01T19:28:00Z,362.0249938964844,362.1099853515625,362.010009765625,362.07000732421875,362.07000732421875,3049.0
2025-12-01T19:29:00Z,362.07000732421875,362.1600036621094,362.0,362.010009765625,362.010009765625,2037.0
2025-12-01T19:30:00Z,362.1160888671875,362.1160888671875,361.8999938964844,361.8999938964844,361.8999938964844,1898.0
2025-12-01T19:31:00Z,361.95001220703125,362.135009765625,361.9100036621094,361.9150085449219,361.9150085449219,4500.0
2025-12-01T19:32:00Z,361.8299865722656,362.010009765625,361.8299865722656,361.840087890625,361.840087890625,2665.0
2025-12-01T19:33:00Z,361.8599853515625,361.875,361.739990234375,361.739990234375,361.739990234375,5030.0
2025-12-01T19:34:00Z,361.7300109863281,361.89599609375,361.70001220703125,361.7900085449219,361.7900085449219,2204.0
2025-12-01T19:35:00Z,361.9100036621094,362.1318054199219,361.8299865722656,362.1199951171875,362.1199951171875,2134.0
2025-12-01T19:36:00Z,362.1400146484375,362.2300109863281,362.05999755859375,362.20001220703125,362.20001220703125,3805.0
2025-12-01T19:37:00Z,362.2250061035156,362.4150085449219,362.2250061035156,362.2300109863281,362.2300109863281,2207.0
2025-12-01T19:38:00Z,362.17999267578125,362.260009765625,362.1499938964844,362.1499938964844,362.1499938964844,2403.0
2025-12-01T19:39:00Z,362.1549987792969,362.42999267578125,362.1499938964844,362.42999267578125,362.42999267578125,2125.0
2025-12-01T19:40:00Z,362.4949951171875,362.4949951171875,362.3399963378906,362.3999938964844,362.3999938964844,2283.0
2025-12-01T19:41:00Z,362.3800048828125,362.3999938964844,362.1600036621094,362.2349853515625,362.2349853515625,2948.0
2025-12-01T19:42:00Z,362.19500732421875,362.2799987792969,362.1499938964844,362.260009765625,362.260009765625,2690.0
2025-12-01T19:43:00Z,362.2449951171875,362.3299865722656,362.2449951171875,362.31500244140625,362.31500244140625,682.0
2025-12-01T19:44:00Z,362.32000732421875,362.32000732421875,362.2300109863281,362.2749938964844,362.2749938964844,1507.0
2025-12-01T19:45:00Z,362.24749755859375,362.25250244140625,362.1099853515625,362.1099853515625,362.1099853515625,1477.0
2025-12-01T19:46:00Z,362.2099914550781,362.2149963378906,362.1199951171875,362.1199951171875,362.1199951171875,844.0
2025-12-01T19:47:00Z,362.18499755859375,362.3299865722656,362.05999755859375,362.25799560546875,362.25799560546875,3063.0
2025-12-01T19:48:00Z,362.2550048828125,362.2550048828125,362.1199951171875,362.14349365234375,362.14349365234375,1752.0
2025-12-01T19:49:00Z,362.0299987792969,362.0587158203125,361.95001220703125,362.0587158203125,362.0587158203125,1177.0
2025-12-01T19:50:00Z,362.04998779296875,362.1000061035156,361.739990234375,361.7950134277344,361.7950134277344,13839.0
2025-12-01T19:51:00Z,361.8299865722656,361.8500061035156,361.739990234375,361.7699890136719,361.7699890136719,2462.0
2025-12-01T19:52:00Z,361.739990234375,362.0199890136719,361.68499755859375,361.9949951171875,361.9949951171875,3129.0
2025-12-01T19:53:00Z,362.0199890136719,362.05499267578125,361.98699951171875,362.05499267578125,362.05499267578125,1113.0
2025-12-01T19:54:00Z,362.1199951171875,362.2015075683594,362.05999755859375,362.13751220703125,362.13751220703125,835.0
2025-12-01T19:55:00Z,362.0400085449219,362.0899963378906,361.93499755859375,361.9800109863281,361.9800109863281,2452.0
2025-12-01T19:56:00Z,361.9800109863281,362.08349609375,361.9750061035156,362.08349609375,362.08349609375,1147.0
2025-12-01T19:57:00Z,361.989990234375,362.06500244140625,361.989990234375,362.05999755859375,362.05999755859375,730.0
2025-12-01T19:58:00Z,361.9945068359375,362.1400146484375,361.989990234375,362.1400146484375,362.1400146484375,1695.0
2025-12-01T19:59:00Z,362.1300048828125,362.1449890136719,362.04998779296875,362.11248779296875,362.11248779296875,1768.0
2025-12-01T20:00:00Z,362.0799865722656,362.0899963378906,362.0199890136719,362.0899963378906,362.0899963378906,911.0
2025-12-01T20:01:00Z,362.1000061035156,362.1000061035156,362.1000061035156,362.1000061035156,362.1000061035156,306.0
2025-12-01T20:02:00Z,362.1789855957031,362.239990234375,362.0199890136719,362.1000061035156,362.1000061035156,3057.0
2025-12-01T20:03:00Z,362.07000732421875,362.1099853515625,362.010009765625,362.1000061035156,362.1000061035156,606.0
2025-12-01T20:04:00Z,362.20001220703125,362.2799987792969,362.14630126953125,362.2200012207031,362.2200012207031,2708.0
2025-12-01T20:05:00Z,362.2099914550781,362.30999755859375,362.1199951171875,362.1199951171875,362.1199951171875,3111.0
2025-12-01T20:06:00Z,362.1000061035156,362.1449890136719,362.1000061035156,362.1402893066406,362.1402893066406,1431.0
2025-12-01T20:07:00Z,362.125,362.20001220703125,362.125,362.125,362.125,1462.0
2025-12-01T20:08:00Z,362.19000244140625,362.3299865722656,362.1600036621094,362.2698974609375,362.2698974609375,2388.0
2025-12-01T20:09:00Z,362.2049865722656,362.3550109863281,362.1400146484375,362.3550109863281,362.3550109863281,4694.0
2025-12-01T20:10:00Z,362.2900085449219,362.2900085449219,362.239990234375,362.260009765625,362.260009765625,1618.0
2025-12-01T20:11:00Z,362.2749938964844,362.510009765625,362.2749938964844,362.5010986328125,362.5010986328125,2998.0
2025-12-01T20:12:00Z,362.45001220703125,362.5799865722656,362.42498779296875,362.5799865722656,362.5799865722656,2107.0
2025-12-01T20:13:00Z,362.5299987792969,362.5799865722656,362.42999267578125,362.4549865722656,362.4549865722656,2784.0
2025-12-01T20:14:00Z,362.42999267578125,362.4700012207031,362.3900146484375,362.45001220703125,362.45001220703125,2845.0
2025-12-01T20:15:00Z,362.3999938964844,362.57000732421875,362.32000732421875,362.489990234375,362.489990234375,5497.0
2025-12-01T20:16:00Z,362.57000732421875,362.8500061035156,362.4825134277344,362.8500061035156,362.8500061035156,3411.0
2025-12-01T20:17:00Z,362.7200012207031,362.7200012207031,362.5899963378906,362.5899963378906,362.5899963378906,2225.0
2025-12-01T20:18:00Z,362.55999755859375,362.57000732421875,362.38189697265625,362.38189697265625,362.38189697265625,13290.0
2025-12-01T20:19:00Z,362.3800048828125,362.42498779296875,362.260009765625,362.2650146484375,362.2650146484375,3577.0
2025-12-01T20:20:00Z,362.239990234375,362.2900085449219,362.2253112792969,362.2362060546875,362.2362060546875,2031.0
2025-12-01T20:21:00Z,362.2900085449219,362.2900085449219,362.1300048828125,362.2449951171875,362.2449951171875,2548.0
2025-12-01T20:22:00Z,362.25,362.25,362.1000061035156,362.1449890136719,362.1449890136719,2031.0
2025-12-01T20:23:00Z,362.1000061035156,362.2850036621094,362.05010986328125,362.2799987792969,362.2799987792969,3695.0
2025-12-01T20:24:00Z,362.2099914550781,362.2900085449219,362.2099914550781,362.260009765625,362.260009765625,737.0
2025-12-01T20:25:00Z,362.17999267578125,362.2900085449219,362.1400146484375,362.24798583984375,362.24798583984375,2991.0
2025-12-01T20:26:00Z,362.2449951171875,362.3800048828125,362.2449951171875,362.31500244140625,362.31500244140625,2529.0
2025-12-01T20:27:00Z,362.2900085449219,362.3699951171875,362.2900085449219,362.3349914550781,362.3349914550781,1557.0
2025-12-01T20:28:00Z,362.3349914550781,362.5150146484375,362.2799987792969,362.5150146484375,362.5150146484375,6346.0
2025-12-01T20:29:00Z,362.5400085449219,362.5400085449219,362.510009765625,362.510009765625,362.510009765625,1497.0
2025-12-01T20:30:00Z,362.510009765625,362.510009765625,362.2799987792969,362.2799987792969,362.2799987792969,6501.0
2025-12-01T20:31:00Z,362.2300109863281,362.3861999511719,362.19000244140625,362.19000244140625,362.19000244140625,9153.0
2025-12-01T20:32:00Z,362.19000244140625,362.2799987792969,362.1600036621094,362.1600036621094,362.1600036621094,5043.0
2025-12-01T20:33:00Z,362.1300048828125,362.2398986816406,361.989990234375,361.989990234375,361.989990234375,3519.0
2025-12-01T20:34:00Z,362.0,362.1199951171875,361.9599914550781,362.1077880859375,362.1077880859375,4118.0
2025-12-01T20:35:00Z,362.1499938964844,362.19000244140625,361.989990234375,362.0350036621094,362.0350036621094,3884.0
2025-12-01T20:36:00Z,362.04998779296875,362.19000244140625,361.95001220703125,362.19000244140625,362.19000244140625,5834.0
2025-12-01T20:37:00Z,362.19000244140625,362.2699890136719,362.1499938964844,362.19500732421875,362.19500732421875,4207.0
2025-12-01T20:38:00Z,362.2004089355469,362.2149963378906,362.0,362.0,362.0,4233.0
2025-12-01T20:39:00Z,362.0199890136719,362.0199890136719,361.70001220703125,361.7699890136719,361.7699890136719,5499.0
2025-12-01T20:40:00Z,361.82000732421875,361.8399963378906,361.6700134277344,361.7200012207031,361.7200012207031,7714.0
2025-12-01T20:41:00Z,361.70001220703125,361.7699890136719,361.6700134277344,361.70001220703125,361.70001220703125,7649.0
2025-12-01T20:42:00Z,361.70001220703125,361.80999755859375,361.70001220703125,361.7799987792969,361.7799987792969,8195.0
2025-12-01T20:43:00Z,361.7850036621094,361.79998779296875,361.67999267578125,361.739990234375,361.739990234375,6993.0
2025-12-01T20:44:00Z,361.7200012207031,361.7650146484375,361.69000244140625,361.70001220703125,361.70001220703125,5524.0
2025-12-01T20:45:00Z,361.7349853515625,361.82000732421875,361.69000244140625,361.70001220703125,361.70001220703125,11419.0
2025-12-01T20:46:00Z,361.69000244140625,361.7347106933594,361.67999267578125,361.7200012207031,361.7200012207031,23639.0
2025-12-01T20:47:00Z,361.70001220703125,361.7699890136719,361.69000244140625,361.739990234375,361.739990234375,28645.0
2025-12-01T20:48:00Z,361.739990234375,361.739990234375,361.010009765625,361.20001220703125,361.20001220703125,33314.0
2025-12-01T20:49:00Z,361.2099914550781,361.6300048828125,361.2099914550781,361.5350036621094,361.5350036621094,8279.0
2025-12-01T20:50:00Z,361.6300048828125,361.9200134277344,361.4800109863281,361.67498779296875,361.67498779296875,8627.0
2025-12-01T20:51:00Z,361.6700134277344,361.7699890136719,361.32501220703125,361.3599853515625,361.3599853515625,12542.0
2025-12-01T20:52:00Z,361.4100036621094,361.44000244140625,361.1000061035156,361.2300109863281,361.2300109863281,11885.0
2025-12-01T20:53:00Z,361.15008544921875,361.2799987792969,361.0899963378906,361.17999267578125,361.17999267578125,9444.0
2025-12-01T20:54:00Z,361.1499938964844,361.25,360.8699951171875,361.0,361.0,22877.0
2025-12-01T20:55:00Z,361.0199890136719,361.05999755859375,360.3999938964844,360.6300048828125,360.6300048828125,31781.0
2025-12-01T20:56:00Z,360.6300048828125,360.6300048828125,360.2799987792969,360.4324951171875,360.4324951171875,29717.0
2025-12-01T20:57:00Z,360.44000244140625,360.510009765625,360.29998779296875,360.29998779296875,360.29998779296875,36199.0
2025-12-01T20:58:00Z,360.29998779296875,360.44000244140625,360.1400146484375,360.3299865722656,360.3299865722656,48199.0
2025-12-01T20:59:00Z,360.3500061035156,360.44000244140625,360.1499938964844,360.44000244140625,360.44000244140625,124275.0
2025-12-02T14:31:00Z,362.25,362.260009765625,360.94000244140625,361.2200012207031,361.2200012207031,7542.0
2025-12-02T14:32:00Z,361.2200012207031,361.2200012207031,360.0,360.260009765625,360.260009765625,13395.0
2025-12-02T14:34:00Z,358.7300109863281,359.3299865722656,358.6199951171875,358.82000732421875,358.82000732421875,8647.0
2025-12-02T14:35:00Z,358.9700012207031,359.5199890136719,358.75,359.1300048828125,359.1300048828125,10314.0
2025-12-02T14:36:00Z,359.04998779296875,359.625,358.6499938964844,359.0199890136719,359.0199890136719,8253.0
2025-12-02T14:37:00Z,358.94000244140625,359.1199951171875,358.54998779296875,358.75,358.75,3435.0
2025-12-02T14:38:00Z,358.75,358.8500061035156,358.2900085449219,358.427490234375,358.427490234375,5839.0
2025-12-02T14:39:00Z,358.989990234375,359.6199951171875,358.239990234375,358.239990234375,358.239990234375,4788.0
2025-12-02T14:40:00Z,358.4713134765625,358.7499084472656,358.0,358.3399963378906,358.3399963378906,4348.0
2025-12-02T14:41:00Z,358.0799865722656,358.67498779296875,357.9750061035156,358.6549987792969,358.6549987792969,6722.0
2025-12-02T14:42:00Z,358.6549987792969,359.0,357.8800048828125,357.8999938964844,357.8999938964844,6830.0
2025-12-02T14:43:00Z,357.8999938964844,358.04998779296875,357.5400085449219,357.739990234375,357.739990234375,8288.0
2025-12-02T14:44:00Z,357.6700134277344,358.489990234375,357.4800109863281,358.2200012207031,358.2200012207031,6846.0
2025-12-02T14:45:00Z,357.9800109863281,358.1300048828125,357.6400146484375,357.8949890136719,357.8949890136719,7888.0
2025-12-02T14:46:00Z,357.8399963378906,357.9617004394531,357.6499938964844,357.6700134277344,357.6700134277344,2063.0
2025-12-02T14:47:00Z,357.7449951171875,357.9100036621094,357.4599914550781,357.885009765625,357.885009765625,9080.0
2025-12-02T14:48:00Z,357.885009765625,357.9700012207031,357.6600036621094,357.8800048828125,357.8800048828125,2250.0
2025-12-02T14:49:00Z,357.760009765625,357.9700012207031,357.6099853515625,357.8761901855469,357.8761901855469,6228.0
2025-12-02T14:50:00Z,357.55999755859375,358.2900085449219,357.3500061035156,358.1001892089844,358.1001892089844,4314.0
2025-12-02T14:51:00Z,358.0950012207031,358.0950012207031,357.95001220703125,358.010009765625,358.010009765625,2029.0
2025-12-02T14:52:00Z,358.10870361328125,358.1455993652344,357.79998779296875,357.8999938964844,357.8999938964844,3613.0
2025-12-02T14:53:00Z,357.8999938964844,358.17999267578125,357.67999267578125,358.17999267578125,358.17999267578125,1378.0
2025-12-02T14:54:00Z,358.1340026855469,358.8099060058594,357.997314453125,358.5799865722656,358.5799865722656,2736.0
2025-12-02T14:55:00Z,358.5849914550781,358.79998779296875,358.25,358.5400085449219,358.5400085449219,2621.0
2025-12-02T14:56:00Z,358.5899963378906,359.0199890136719,358.5899963378906,359.0199890136719,359.0199890136719,3204.0
2025-12-02T14:57:00Z,359.1600036621094,359.2500915527344,358.9700012207031,359.1400146484375,359.1400146484375,3432.0
2025-12-02T14:58:00Z,359.1700134277344,359.59320068359375,359.1700134277344,359.5199890136719,359.5199890136719,1742.0
2025-12-02T14:59:00Z,359.57000732421875,359.91729736328125,359.489990234375,359.80499267578125,359.80499267578125,4872.0
2025-12-02T15:00:00Z,359.7900085449219,359.80999755859375,358.67999267578125,358.8550109863281,358.8550109863281,8288.0
2025-12-02T15:01:00Z,358.75,359.07000732421875,358.5199890136719,358.95001220703125,358.95001220703125,6508.0
2025-12-02T15:02:00Z,358.94500732421875,359.32000732421875,358.94500732421875,359.06500244140625,359.06500244140625,3248.0
2025-12-02T15:03:00Z,358.8699951171875,359.0889892578125,358.8699951171875,359.0849914550781,359.0849914550781,1289.0
2025-12-02T15:04:00Z,358.95001220703125,359.2699890136719,358.9100036621094,359.239990234375,359.239990234375,2822.0
2025-12-02T15:05:00Z,359.3299865722656,359.3299865722656,359.0899963378906,359.0899963378906,359.0899963378906,2452.0
2025-12-02T15:06:00Z,359.2099914550781,359.5,358.7749938964844,358.7749938964844,358.7749938964844,9309.0
2025-12-02T15:07:00Z,358.7900085449219,358.9599914550781,358.55999755859375,358.75,358.75,5208.0
2025-12-02T15:08:00Z,358.7900085449219,359.3999938964844,358.6400146484375,359.3999938964844,359.3999938964844,4520.0
2025-12-02T15:09:00Z,359.2049865722656,359.4200134277344,359.1499938964844,359.1700134277344,359.1700134277344,3144.0
2025-12-02T15:10:00Z,359.1700134277344,359.30999755859375,358.8900146484375,358.9800109863281,358.9800109863281,5155.0
2025-12-02T15:11:00Z,358.8699951171875,359.0751037597656,358.7699890136719,358.7699890136719,358.7699890136719,2551.0
2025-12-02T15:12:00Z,358.7799987792969,359.3299865722656,358.7699890136719,359.2799987792969,359.2799987792969,3557.0
2025-12-02T15:13:00Z,359.260009765625,359.5299987792969,359.260009765625,359.4599914550781,359.4599914550781,1493.0
2025-12-02T15:14:00Z,359.2799987792969,359.8299865722656,359.2300109863281,359.7799987792969,359.7799987792969,8034.0
2025-12-02T15:15:00Z,359.7099914550781,360.19500732421875,359.7099914550781,360.19500732421875,360.19500732421875,2998.0
2025-12-02T15:16:00Z,360.4100036621094,360.5450134277344,360.364990234375,360.4100036621094,360.4100036621094,2768.0
2025-12-02T15:17:00Z,360.3800048828125,360.5799865722656,360.29998779296875,360.5400085449219,360.5400085449219,2306.0
2025-12-02T15:18:00Z,360.5400085449219,360.6343994140625,360.3800048828125,360.510009765625,360.510009765625,2133.0
2025-12-02T15:19:00Z,360.5474853515625,360.7760009765625,360.5474853515625,360.6724853515625,360.6724853515625,1875.0
2025-12-02T15:20:00Z,360.54998779296875,360.8699951171875,360.4800109863281,360.7340087890625,360.7340087890625,5615.0
2025-12-02T15:21:00Z,360.5799865722656,360.7749938964844,360.54998779296875,360.7749938964844,360.7749938964844,1621.0
2025-12-02T15:22:00Z,360.7699890136719,360.7799987792969,360.7699890136719,360.7799987792969,360.7799987792969,545.0
2025-12-02T15:23:00Z,360.6700134277344,361.0150146484375,360.6700134277344,360.94000244140625,360.94000244140625,4521.0
2025-12-02T15:24:00Z,360.94000244140625,361.0799865722656,360.6499938964844,360.80999755859375,360.80999755859375,12379.0
2025-12-02T15:25:00Z,360.7749938964844,360.80999755859375,360.6700134277344,360.760009765625,360.760009765625,5684.0
2025-12-02T15:26:00Z,360.6400146484375,360.6600036621094,360.5690002441406,360.5690002441406,360.5690002441406,1701.0
2025-12-02T15:28:00Z,359.7799987792969,359.7799987792969,359.6499938964844,359.7099914550781,359.7099914550781,17744.0
2025-12-02T15:29:00Z,359.5899963378906,359.7869873046875,359.510009765625,359.6600036621094,359.6600036621094,4857.0
2025-12-02T15:30:00Z,359.67999267578125,359.9200134277344,359.40008544921875,359.79400634765625,359.79400634765625,4813.0
2025-12-02T15:31:00Z,359.82000732421875,359.9649963378906,359.5799865722656,359.80999755859375,359.80999755859375,2600.0
2025-12-02T15:32:00Z,359.8299865722656,359.8299865722656,359.6300048828125,359.6499938964844,359.6499938964844,1544.0
2025-12-02T15:33:00Z,359.7799987792969,359.7799987792969,359.5199890136719,359.6199951171875,359.6199951171875,2520.0
2025-12-02T15:34:00Z,359.5199890136719,359.7099914550781,359.4599914550781,359.6499938964844,359.6499938964844,3174.0
2025-12-02T15:35:00Z,359.6449890136719,359.8500061035156,359.3900146484375,359.7250061035156,359.7250061035156,2593.0
2025-12-02T15:36:00Z,359.7250061035156,360.1199951171875,359.7250061035156,360.010009765625,360.010009765625,1369.0
2025-12-02T15:37:00Z,360.010009765625,360.2699890136719,360.010009765625,360.2699890136719,360.2699890136719,1553.0
2025-12-02T15:38:00Z,360.2799987792969,360.2799987792969,360.05999755859375,360.1000061035156,360.1000061035156,2570.0
2025-12-02T15:39:00Z,360.0,360.0450134277344,359.70001220703125,359.70001220703125,359.70001220703125,3447.0
2025-12-02T15:40:00Z,359.7300109863281,360.1000061035156,359.70001220703125,360.0899963378906,360.0899963378906,3631.0
2025-12-02T15:41:00Z,360.20001220703125,360.3800048828125,360.20001220703125,360.2699890136719,360.2699890136719,1113.0
2025-12-02T15:42:00Z,360.3800048828125,360.5215148925781,360.3800048828125,360.3999938964844,360.3999938964844,1131.0
2025-12-02T15:43:00Z,360.4599914550781,360.5899963378906,360.3299865722656,360.3399963378906,360.3399963378906,10873.0
2025-12-02T15:44:00Z,360.4750061035156,360.57501220703125,359.8800048828125,359.9364013671875,359.9364013671875,4233.0
2025-12-02T15:45:00Z,359.9851989746094,360.489990234375,359.760009765625,360.3349914550781,360.3349914550781,4628.0
2025-12-02T15:46:00Z,360.47930908203125,360.5799865722656,360.3399963378906,360.5799865722656,360.5799865722656,1414.0
2025-12-02T15:47:00Z,360.5799865722656,360.7799987792969,360.5799865722656,360.7799987792969,360.7799987792969,1172.0
2025-12-02T15:48:00Z,360.7799987792969,360.8949890136719,360.43499755859375,360.43499755859375,360.43499755859375,5145.0
2025-12-02T15:49:00Z,360.4800109863281,360.6000061035156,360.3599853515625,360.57000732421875,360.57000732421875,4725.0
2025-12-02T15:50:00Z,360.4800109863281,360.6099853515625,360.3500061035156,360.56500244140625,360.56500244140625,6165.0
2025-12-02T15:51:00Z,360.3599853515625,360.82000732421875,360.3599853515625,360.7049865722656,360.7049865722656,3757.0
2025-12-02T15:52:00Z,360.7850036621094,360.93499755859375,360.7799987792969,360.7799987792969,360.7799987792969,2380.0
2025-12-02T15:53:00Z,360.6300048828125,360.6600036621094,360.5400085449219,360.6000061035156,360.6000061035156,3556.0
2025-12-02T15:54:00Z,360.6000061035156,360.6000061035156,360.5,360.5,360.5,2470.0
2025-12-02T15:55:00Z,360.70001220703125,361.04998779296875,360.5950012207031,361.04998779296875,361.04998779296875,5762.0
2025-12-02T15:56:00Z,361.06500244140625,361.2149963378906,361.06500244140625,361.2099914550781,361.2099914550781,1126.0
2025-12-02T15:57:00Z,361.1199951171875,361.1549987792969,361.04998779296875,361.1549987792969,361.1549987792969,2406.0
2025-12-02T15:58:00Z,361.1549987792969,361.29998779296875,361.1549987792969,361.2049865722656,361.2049865722656,2536.0
2025-12-02T15:59:00Z,361.20001220703125,361.29998779296875,361.1099853515625,361.21551513671875,361.21551513671875,2113.0
2025-12-02T16:00:00Z,361.1199951171875,361.5032043457031,361.07000732421875,361.2601013183594,361.2601013183594,9098.0
2025-12-02T16:01:00Z,361.3900146484375,361.69000244140625,361.3800048828125,361.5050048828125,361.5050048828125,1644.0
2025-12-02T16:02:00Z,361.54998779296875,361.6499938964844,361.54998779296875,361.54998779296875,361.54998779296875,922.0
2025-12-02T16:03:00Z,361.54998779296875,361.54998779296875,361.5400085449219,361.54998779296875,361.54998779296875,758.0
2025-12-02T16:04:00Z,361.6700134277344,361.79290771484375,361.5299987792969,361.5299987792969,361.5299987792969,1815.0
2025-12-02T16:05:00Z,361.5199890136719,361.7799987792969,361.4599914550781,361.7699890136719,361.7699890136719,2235.0
2025-12-02T16:06:00Z,361.67999267578125,362.07000732421875,361.6400146484375,362.0,362.0,3500.0
2025-12-02T16:07:00Z,361.9200134277344,361.9599914550781,361.9200134277344,361.9599914550781,361.9599914550781,1964.0
2025-12-02T16:08:00Z,361.99249267578125,362.1499938964844,361.8699951171875,362.05999755859375,362.05999755859375,2766.0
2025-12-02T16:09:00Z,361.9599914550781,362.04998779296875,361.8999938964844,362.00048828125,362.00048828125,2217.0
2025-12-02T16:10:00Z,361.8699951171875,361.989990234375,361.70001220703125,361.8550109863281,361.8550109863281,7709.0
2025-12-02T16:11:00Z,361.8550109863281,361.95001220703125,361.7300109863281,361.8999938964844,361.8999938964844,3800.0
2025-12-02T16:12:00Z,361.989990234375,362.1600036621094,361.79998779296875,361.9599914550781,361.9599914550781,3169.0
2025-12-02T16:13:00Z,361.6000061035156,361.6000061035156,361.3900146484375,361.3900146484375,361.3900146484375,2163.0
2025-12-02T16:14:00Z,361.3900146484375,361.5899963378906,361.25,361.5150146484375,361.5150146484375,2225.0
2025-12-02T16:15:00Z,361.45001220703125,361.67999267578125,361.42999267578125,361.42999267578125,361.42999267578125,2630.0
2025-12-02T16:16:00Z,361.4200134277344,361.5299987792969,361.1199951171875,361.1836853027344,361.1836853027344,4201.0
2025-12-02T16:17:00Z,361.17498779296875,361.3349914550781,361.17498779296875,361.17498779296875,361.17498779296875,847.0
2025-12-02T16:18:00Z,361.17498779296875,361.29998779296875,361.07000732421875,361.2099914550781,361.2099914550781,2044.0
2025-12-02T16:19:00Z,361.32000732421875,361.4700012207031,361.0799865722656,361.4700012207031,361.4700012207031,3580.0
2025-12-02T16:20:00Z,361.3450012207031,361.5199890136719,361.3450012207031,361.42498779296875,361.42498779296875,2240.0
2025-12-02T16:21:00Z,361.42498779296875,361.5400085449219,361.3399963378906,361.4494934082031,361.4494934082031,3945.0
2025-12-02T16:22:00Z,361.30999755859375,361.32000732421875,360.9599914550781,361.06500244140625,361.06500244140625,4165.0
2025-12-02T16:23:00Z,360.8999938964844,360.94000244140625,360.6400146484375,360.6400146484375,360.6400146484375,3794.0
2025-12-02T16:24:00Z,360.6400146484375,360.7099914550781,360.43499755859375,360.54998779296875,360.54998779296875,4595.0
2025-12-02T16:25:00Z,360.4200134277344,360.6000061035156,360.2900085449219,360.32000732421875,360.32000732421875,4629.0
2025-12-02T16:26:00Z,360.1600036621094,360.3299865722656,359.7699890136719,360.3299865722656,360.3299865722656,3386.0
2025-12-02T16:27:00Z,360.2950134277344,360.29998779296875,360.1000061035156,360.29998779296875,360.29998779296875,2266.0
2025-12-02T16:28:00Z,360.19268798828125,360.2200012207031,360.19268798828125,360.2200012207031,360.2200012207031,463.0
2025-12-02T16:29:00Z,360.2200927734375,360.2200927734375,360.2200012207031,360.2200012207031,360.2200012207031,425.0
2025-12-02T16:30:00Z,360.3900146484375,360.6700134277344,360.3900146484375,360.6000061035156,360.6000061035156,3106.0
2025-12-02T16:31:00Z,360.57501220703125,360.6199951171875,360.3500061035156,360.3999938964844,360.3999938964844,3271.0
2025-12-02T16:32:00Z,360.3550109863281,360.42999267578125,360.25,360.25,360.25,1190.0
2025-12-02T16:33:00Z,360.3299865722656,360.6300048828125,360.3299865722656,360.6099853515625,360.6099853515625,2534.0
2025-12-02T16:34:00Z,360.5299987792969,360.8299865722656,360.42999267578125,360.8299865722656,360.8299865722656,2044.0
2025-12-02T16:35:00Z,360.760009765625,361.0199890136719,360.760009765625,361.0199890136719,361.0199890136719,993.0
2025-12-02T16:36:00Z,361.0950012207031,361.2200012207031,360.92999267578125,360.92999267578125,360.92999267578125,1752.0
2025-12-02T16:37:00Z,361.0899963378906,361.1000061035156,360.9200134277344,361.010009765625,361.010009765625,1786.0
2025-12-02T16:38:00Z,360.9100036621094,361.0199890136719,360.7699890136719,361.0150146484375,361.0150146484375,1874.0
2025-12-02T16:39:00Z,361.20001220703125,361.30999755859375,361.17999267578125,361.260009765625,361.260009765625,2257.0
2025-12-02T16:40:00Z,361.30499267578125,361.30499267578125,361.30499267578125,361.30499267578125,361.30499267578125,201.0
2025-12-02T16:41:00Z,361.4200134277344,361.510009765625,361.20001220703125,361.20001220703125,361.20001220703125,1825.0
2025-12-02T16:42:00Z,361.1600036621094,361.19000244140625,360.95001220703125,360.95001220703125,360.95001220703125,3100.0
2025-12-02T16:43:00Z,360.8399963378906,360.87750244140625,360.7601013183594,360.87750244140625,360.87750244140625,634.0
2025-12-02T16:44:00Z,360.864990234375,360.864990234375,360.6400146484375,360.6470031738281,360.6470031738281,2097.0
2025-12-02T16:45:00Z,360.57000732421875,360.7099914550781,360.57000732421875,360.5799865722656,360.5799865722656,1218.0
2025-12-02T16:46:00Z,360.5799865722656,360.9599914550781,360.5799865722656,360.9599914550781,360.9599914550781,5350.0
2025-12-02T16:47:00Z,360.9700012207031,361.0799865722656,360.9649963378906,361.04998779296875,361.04998779296875,782.0
2025-12-02T16:48:00Z,360.9599914550781,360.9599914550781,360.7099914550781,360.79998779296875,360.79998779296875,2658.0
2025-12-02T16:49:00Z,360.7099914550781,360.864990234375,360.69000244140625,360.69000244140625,360.69000244140625,2278.0
2025-12-02T16:50:00Z,360.6099853515625,360.8900146484375,360.6099853515625,360.8900146484375,360.8900146484375,518.0
2025-12-02T16:51:00Z,360.875,361.07000732421875,360.875,361.0,361.0,1186.0
2025-12-02T16:52:00Z,360.9949951171875,360.9949951171875,360.8500061035156,360.8500061035156,360.8500061035156,1514.0
2025-12-02T16:53:00Z,360.8900146484375,360.94989013671875,360.80999755859375,360.80999755859375,360.80999755859375,1635.0
2025-12-02T16:54:00Z,360.79998779296875,360.8599853515625,360.7099914550781,360.8599853515625,360.8599853515625,1747.0
2025-12-02T16:55:00Z,361.010009765625,361.2200012207031,361.010009765625,361.17999267578125,361.17999267578125,1013.0
2025-12-02T16:56:00Z,361.1449890136719,361.1449890136719,360.9964904785156,360.9964904785156,360.9964904785156,944.0
2025-12-02T16:57:00Z,361.1499938964844,361.1499938964844,360.95001220703125,360.95001220703125,360.95001220703125,930.0
2025-12-02T16:58:00Z,360.9700012207031,360.9700012207031,360.80999755859375,360.80999755859375,360.80999755859375,2235.0
2025-12-02T16:59:00Z,360.9110107421875,360.95001220703125,360.739990234375,360.95001220703125,360.95001220703125,1610.0
2025-12-02T17:00:00Z,360.9549865722656,361.2069091796875,360.9549865722656,361.07000732421875,361.07000732421875,1576.0
2025-12-02T17:01:00Z,361.1099853515625,361.30999755859375,361.1099853515625,361.30999755859375,361.30999755859375,696.0
2025-12-02T17:02:00Z,361.2900085449219,361.3599853515625,361.2900085449219,361.30999755859375,361.30999755859375,854.0
2025-12-02T17:03:00Z,361.3500061035156,361.3699951171875,361.17999267578125,361.19000244140625,361.19000244140625,3269.0
2025-12-02T17:04:00Z,361.239990234375,361.2749938964844,361.239990234375,361.2749938964844,361.2749938964844,627.0
2025-12-02T17:05:00Z,361.1400146484375,361.1400146484375,361.0899963378906,361.0899963378906,361.0899963378906,423.0
2025-12-02T17:06:00Z,361.19000244140625,361.20001220703125,361.0799865722656,361.0799865722656,361.0799865722656,1784.0
2025-12-02T17:07:00Z,361.1400146484375,361.2550048828125,361.05999755859375,361.1549987792969,361.1549987792969,2644.0
2025-12-02T17:08:00Z,361.19488525390625,361.19488525390625,360.989990234375,360.989990234375,360.989990234375,1711.0
2025-12-02T17:09:00Z,360.9800109863281,361.06988525390625,360.885009765625,360.885009765625,360.885009765625,848.0
2025-12-02T17:10:00Z,360.9599914550781,361.0474853515625,360.8699951171875,360.9800109863281,360.9800109863281,2035.0
2025-12-02T17:11:00Z,361.0299987792969,361.07000732421875,360.92999267578125,360.94000244140625,360.94000244140625,1628.0
2025-12-02T17:12:00Z,360.989990234375,361.1199951171875,360.989990234375,361.07000732421875,361.07000732421875,917.0
2025-12-02T17:13:00Z,361.2799987792969,361.418212890625,361.2799987792969,361.29998779296875,361.29998779296875,557.0
2025-12-02T17:14:00Z,361.2200012207031,361.3517150878906,361.2099914550781,361.3517150878906,361.3517150878906,1161.0
2025-12-02T17:15:00Z,361.32501220703125,361.4200134277344,361.2958984375,361.29998779296875,361.29998779296875,1045.0
2025-12-02T17:16:00Z,361.385009765625,361.5,361.3800048828125,361.3800048828125,361.3800048828125,899.0
2025-12-02T17:17:00Z,361.4667053222656,361.635009765625,361.4667053222656,361.635009765625,361.635009765625,1026.0
2025-12-02T17:18:00Z,361.6000061035156,361.6700134277344,361.6000061035156,361.6700134277344,361.6700134277344,525.0
2025-12-02T17:19:00Z,361.7799987792969,361.9800109863281,361.7799987792969,361.94000244140625,361.94000244140625,3511.0
2025-12-02T17:20:00Z,362.0,362.2950134277344,361.94000244140625,362.260009765625,362.260009765625,5305.0
2025-12-02T17:21:00Z,362.2650146484375,362.32989501953125,362.19000244140625,362.19000244140625,362.19000244140625,3332.0
2025-12-02T17:22:00Z,362.19000244140625,362.239990234375,362.0899963378906,362.215087890625,362.215087890625,2530.0
2025-12-02T17:23:00Z,362.2200012207031,362.2200012207031,362.2200012207031,362.2200012207031,362.2200012207031,292.0
2025-12-02T17:24:00Z,362.1210021972656,362.2309875488281,362.1210021972656,362.2300109863281,362.2300109863281,497.0
2025-12-02T17:25:00Z,362.1199951171875,362.18499755859375,362.05999755859375,362.1099853515625,362.1099853515625,1515.0
2025-12-02T17:26:00Z,362.135009765625,362.18499755859375,362.135009765625,362.18499755859375,362.18499755859375,343.0
2025-12-02T17:27:00Z,362.1400146484375,362.3599853515625,362.1400146484375,362.3599853515625,362.3599853515625,2495.0
2025-12-02T17:28:00Z,362.3550109863281,362.3699951171875,362.3299865722656,362.3299865722656,362.3299865722656,1275.0
2025-12-02T17:29:00Z,362.3299865722656,362.3299865722656,362.239990234375,362.260009765625,362.260009765625,703.0
2025-12-02T17:30:00Z,362.2799987792969,362.2900085449219,362.17999267578125,362.20001220703125,362.20001220703125,1814.0
2025-12-02T17:31:00Z,362.2149963378906,362.2663879394531,362.1499938964844,362.2449951171875,362.2449951171875,1681.0
2025-12-02T17:32:00Z,362.2449951171875,362.2449951171875,362.1600036621094,362.1600036621094,362.1600036621094,820.0
2025-12-02T17:33:00Z,362.1600036621094,362.1600036621094,362.1499938964844,362.1499938964844,362.1499938964844,628.0
2025-12-02T17:34:00Z,362.2107849121094,362.2300109863281,362.05999755859375,362.2300109863281,362.2300109863281,1107.0
2025-12-02T17:35:00Z,362.17498779296875,362.239990234375,362.1099853515625,362.1099853515625,362.1099853515625,1769.0
2025-12-02T17:36:00Z,362.1099853515625,362.17999267578125,362.05999755859375,362.1600036621094,362.1600036621094,2710.0
2025-12-02T17:37:00Z,362.25,362.25,362.1600036621094,362.1600036621094,362.1600036621094,4801.0
2025-12-02T17:38:00Z,362.18780517578125,362.32000732421875,362.0199890136719,362.0199890136719,362.0199890136719,7193.0
2025-12-02T17:39:00Z,362.0199890136719,362.125,361.8599853515625,362.125,362.125,3158.0
2025-12-02T17:40:00Z,362.0899963378906,362.1549987792969,362.0450134277344,362.0450134277344,362.0450134277344,1046.0
2025-12-02T17:41:00Z,362.0799865722656,362.0849914550781,361.9599914550781,361.9599914550781,361.9599914550781,537.0
2025-12-02T17:42:00Z,361.95001220703125,362.0299987792969,361.95001220703125,362.0299987792969,362.0299987792969,791.0
2025-12-02T17:43:00Z,362.1499938964844,362.1600036621094,362.114990234375,362.1400146484375,362.1400146484375,828.0
2025-12-02T17:44:00Z,362.1400146484375,362.1400146484375,361.9700012207031,361.9700012207031,361.9700012207031,2070.0
2025-12-02T17:45:00Z,361.9599914550781,362.1099853515625,361.95001220703125,362.04998779296875,362.04998779296875,1999.0
2025-12-02T17:46:00Z,362.0299987792969,362.1000061035156,362.010009765625,362.010009765625,362.010009765625,1668.0
2025-12-02T17:47:00Z,362.0849914550781,362.0849914550781,361.989990234375,362.05499267578125,362.05499267578125,587.0
2025-12-02T17:48:00Z,361.989990234375,362.0199890136719,361.9100036621094,362.0199890136719,362.0199890136719,1684.0
2025-12-02T17:49:00Z,361.8900146484375,361.8900146484375,361.58489990234375,361.7225036621094,361.7225036621094,2650.0
2025-12-02T17:50:00Z,361.69415283203125,361.7149963378906,361.6400146484375,361.6400146484375,361.6400146484375,1171.0
2025-12-02T17:51:00Z,361.6700134277344,361.7200012207031,361.5,361.6400146484375,361.6400146484375,5638.0
2025-12-02T17:52:00Z,361.55999755859375,361.55999755859375,361.239990234375,361.239990234375,361.239990234375,1719.0
2025-12-02T17:53:00Z,361.2300109863281,361.30999755859375,361.07000732421875,361.17999267578125,361.17999267578125,1677.0
2025-12-02T17:54:00Z,361.20001220703125,361.20001220703125,361.04998779296875,361.18499755859375,361.18499755859375,2164.0
2025-12-02T17:55:00Z,361.1000061035156,361.17999267578125,360.9800109863281,360.9800109863281,360.9800109863281,2531.0
2025-12-02T17:56:00Z,360.7799987792969,360.7799987792969,360.57000732421875,360.57000732421875,360.57000732421875,3217.0
2025-12-02T17:57:00Z,360.489990234375,360.5199890136719,360.3800048828125,360.5199890136719,360.5199890136719,2010.0
2025-12-02T17:58:00Z,360.5274963378906,360.5274963378906,360.1600036621094,360.260009765625,360.260009765625,2382.0
2025-12-02T17:59:00Z,360.3699951171875,360.4200134277344,360.1700134277344,360.1700134277344,360.1700134277344,3450.0
2025-12-02T18:00:00Z,360.1300048828125,360.44000244140625,360.0199890136719,360.41510009765625,360.41510009765625,3500.0
2025-12-02T18:01:00Z,360.4200134277344,360.4700012207031,360.2799987792969,360.4200134277344,360.4200134277344,2082.0
2025-12-02T18:02:00Z,360.3999938964844,360.5199890136719,360.239990234375,360.4200134277344,360.4200134277344,3435.0
2025-12-02T18:03:00Z,360.44000244140625,360.44000244140625,360.2900085449219,360.4200134277344,360.4200134277344,2776.0
2025-12-02T18:04:00Z,360.3800048828125,360.3800048828125,360.05999755859375,360.07000732421875,360.07000732421875,2190.0
2025-12-02T18:05:00Z,360.05999755859375,360.2300109863281,360.0,360.1400146484375,360.1400146484375,3841.0
2025-12-02T18:06:00Z,360.1549987792969,360.4200134277344,360.1549987792969,360.19000244140625,360.19000244140625,3549.0
2025-12-02T18:07:00Z,360.1200866699219,360.2099914550781,360.1200866699219,360.2019958496094,360.2019958496094,1590.0
2025-12-02T18:08:00Z,360.19000244140625,360.3999938964844,360.19000244140625,360.20001220703125,360.20001220703125,1791.0
2025-12-02T18:09:00Z,360.20001220703125,360.3299865722656,360.1700134277344,360.30499267578125,360.30499267578125,4284.0
2025-12-02T18:10:00Z,360.30999755859375,360.30999755859375,360.1600036621094,360.1600036621094,360.1600036621094,1997.0
2025-12-02T18:11:00Z,360.2049865722656,360.4200134277344,360.1400146484375,360.4200134277344,360.4200134277344,3565.0
2025-12-02T18:12:00Z,360.3399963378906,360.3399963378906,360.2200012207031,360.2699890136719,360.2699890136719,2159.0
2025-12-02T18:13:00Z,360.2200012207031,360.22711181640625,359.8599853515625,359.8599853515625,359.8599853515625,10336.0
2025-12-02T18:14:00Z,359.8900146484375,359.8900146484375,359.739990234375,359.7799987792969,359.7799987792969,1487.0
2025-12-02T18:15:00Z,359.82000732421875,359.8800048828125,359.5199890136719,359.6199951171875,359.6199951171875,4685.0
2025-12-02T18:16:00Z,359.5799865722656,360.1700134277344,359.5799865722656,360.1600036621094,360.1600036621094,11093.0
2025-12-02T18:17:00Z,360.0899963378906,360.1300048828125,360.0050048828125,360.1300048828125,360.1300048828125,2237.0
2025-12-02T18:18:00Z,360.05999755859375,360.2099914550781,359.9599914550781,360.1199951171875,360.1199951171875,2621.0
2025-12-02T18:19:00Z,360.2349853515625,360.2349853515625,360.1099853515625,360.1199951171875,360.1199951171875,1286.0
2025-12-02T18:20:00Z,360.1099853515625,360.2900085449219,360.05999755859375,360.25,360.25,2868.0
2025-12-02T18:21:00Z,360.2900085449219,360.2900085449219,360.0899963378906,360.18499755859375,360.18499755859375,1713.0
2025-12-02T18:22:00Z,360.1199951171875,360.3800048828125,360.1000061035156,360.364990234375,360.364990234375,2979.0
2025-12-02T18:23:00Z,360.4200134277344,360.4200134277344,360.1600036621094,360.1600036621094,360.1600036621094,3825.0
2025-12-02T18:24:00Z,360.2025146484375,360.3403015136719,360.05999755859375,360.05999755859375,360.05999755859375,1913.0
2025-12-02T18:25:00Z,360.1700134277344,360.1700134277344,359.7799987792969,359.7799987792969,359.7799987792969,2653.0
2025-12-02T18:26:00Z,359.6199951171875,359.6400146484375,359.3699951171875,359.510009765625,359.510009765625,3676.0
2025-12-02T18:27:00Z,359.510009765625,359.6499938964844,359.32000732421875,359.3699951171875,359.3699951171875,2087.0
2025-12-02T18:28:00Z,359.260009765625,359.510009765625,359.1600036621094,359.510009765625,359.510009765625,3671.0
2025-12-02T18:29:00Z,359.375,359.42999267578125,359.30999755859375,359.4100036621094,359.4100036621094,1401.0
2025-12-02T18:30:00Z,359.30999755859375,359.6700134277344,359.30999755859375,359.6199951171875,359.6199951171875,3681.0
2025-12-02T18:31:00Z,359.75,359.75,359.6000061035156,359.6700134277344,359.6700134277344,1420.0
2025-12-02T18:32:00Z,359.6000061035156,359.7001037597656,359.4800109863281,359.489990234375,359.489990234375,3241.0
2025-12-02T18:33:00Z,359.489990234375,359.6499938964844,359.4800109863281,359.57000732421875,359.57000732421875,2445.0
2025-12-02T18:34:00Z,359.54998779296875,359.6400146484375,359.45001220703125,359.6199951171875,359.6199951171875,3449.0
2025-12-02T18:35:00Z,359.57000732421875,359.6199951171875,359.42999267578125,359.5199890136719,359.5199890136719,3784.0
2025-12-02T18:36:00Z,359.510009765625,359.6199951171875,359.4309997558594,359.6199951171875,359.6199951171875,2289.0
2025-12-02T18:37:00Z,359.70001220703125,359.739990234375,359.4744873046875,359.739990234375,359.739990234375,4191.0
2025-12-02T18:38:00Z,359.6549987792969,359.82000732421875,359.55999755859375,359.6499938964844,359.6499938964844,2194.0
2025-12-02T18:39:00Z,359.6499938964844,359.6499938964844,359.5899963378906,359.5899963378906,359.5899963378906,2246.0
2025-12-02T18:40:00Z,359.510009765625,359.54998779296875,359.4100036621094,359.4599914550781,359.4599914550781,2704.0
2025-12-02T18:41:00Z,359.4100036621094,359.510009765625,359.3399963378906,359.4849853515625,359.4849853515625,8971.0
2025-12-02T18:42:00Z,359.5,359.71990966796875,359.5,359.5274963378906,359.5274963378906,7944.0
2025-12-02T18:43:00Z,359.7200012207031,360.0199890136719,359.6700134277344,360.010009765625,360.010009765625,2937.0
2025-12-02T18:44:00Z,360.0799865722656,360.2200012207031,360.0,360.05999755859375,360.05999755859375,1843.0
2025-12-02T18:45:00Z,360.05999755859375,360.1000061035156,359.9100036621094,359.9700012207031,359.9700012207031,2319.0
2025-12-02T18:46:00Z,360.0870056152344,360.2799987792969,359.9700012207031,360.2799987792969,360.2799987792969,2117.0
2025-12-02T18:47:00Z,360.2099914550781,360.2799987792969,360.1199951171875,360.1199951171875,360.1199951171875,1973.0
2025-12-02T18:48:00Z,360.20001220703125,360.4049987792969,360.1199951171875,360.4049987792969,360.4049987792969,2008.0
2025-12-02T18:49:00Z,360.3299865722656,360.54998779296875,360.25,360.45001220703125,360.45001220703125,2655.0
2025-12-02T18:50:00Z,360.5199890136719,360.6099853515625,360.3800048828125,360.3999938964844,360.3999938964844,1738.0
2025-12-02T18:51:00Z,360.5199890136719,360.6000061035156,360.44000244140625,360.5799865722656,360.5799865722656,3792.0
2025-12-02T18:52:00Z,360.625,360.7300109863281,360.6199951171875,360.67999267578125,360.67999267578125,2299.0
2025-12-02T18:53:00Z,360.67999267578125,360.989990234375,360.67999267578125,360.989990234375,360.989990234375,3216.0
2025-12-02T18:54:00Z,361.0899963378906,361.0899963378906,360.9800109863281,361.0249938964844,361.0249938964844,2528.0
2025-12-02T18:55:00Z,360.9599914550781,361.0799865722656,360.8800048828125,360.989990234375,360.989990234375,4239.0
2025-12-02T18:56:00Z,360.8900146484375,360.9949951171875,360.79998779296875,360.9949951171875,360.9949951171875,3374.0
2025-12-02T18:57:00Z,361.0,361.0985412597656,360.8500061035156,360.8500061035156,360.8500061035156,2278.0
2025-12-02T18:58:00Z,360.9150085449219,360.9150085449219,360.79998779296875,360.9100036621094,360.9100036621094,2187.0
2025-12-02T18:59:00Z,361.0299987792969,361.2300109863281,361.0299987792969,361.2300109863281,361.2300109863281,765.0
2025-12-02T19:00:00Z,361.32000732421875,361.4800109863281,361.1199951171875,361.4800109863281,361.4800109863281,685.0
2025-12-02T19:01:00Z,361.3721008300781,361.66119384765625,361.3599853515625,361.66119384765625,361.66119384765625,3345.0
2025-12-02T19:02:00Z,361.57501220703125,361.8800048828125,361.5,361.7349853515625,361.7349853515625,2881.0
2025-12-02T19:03:00Z,361.8800048828125,362.0,361.7850036621094,362.0,362.0,1565.0
2025-12-02T19:04:00Z,362.07000732421875,362.37109375,362.0299987792969,362.0299987792969,362.0299987792969,4041.0
2025-12-02T19:06:00Z,362.0,362.0799865722656,362.0,362.010009765625,362.010009765625,400.0
2025-12-02T19:07:00Z,362.0799865722656,362.0899963378906,361.9700012207031,362.0899963378906,362.0899963378906,1945.0
2025-12-02T19:08:00Z,362.1499938964844,362.1600036621094,361.989990234375,362.1099853515625,362.1099853515625,1451.0
2025-12-02T19:09:00Z,362.010009765625,362.0920104980469,361.989990234375,361.989990234375,361.989990234375,767.0
2025-12-02T19:10:00Z,361.989990234375,361.989990234375,361.8299865722656,361.8299865722656,361.8299865722656,1648.0
2025-12-02T19:11:00Z,362.0,362.0,361.82000732421875,361.8699951171875,361.8699951171875,1338.0
2025-12-02T19:12:00Z,361.8599853515625,362.010009765625,361.8299865722656,362.010009765625,362.010009765625,1158.0
2025-12-02T19:13:00Z,361.94500732421875,362.25,361.94500732421875,362.2300109863281,362.2300109863281,1217.0
2025-12-02T19:14:00Z,362.1400146484375,362.25,362.010009765625,362.1549987792969,362.1549987792969,941.0
2025-12-02T19:15:00Z,362.1549987792969,362.1549987792969,362.0400085449219,362.0400085449219,362.0400085449219,1172.0
2025-12-02T19:16:00Z,362.260009765625,362.260009765625,362.1199951171875,362.1199951171875,362.1199951171875,482.0
2025-12-02T19:17:00Z,362.1499938964844,362.1499938964844,361.9100036621094,361.9849853515625,361.9849853515625,2704.0
2025-12-02T19:18:00Z,361.9549865722656,362.1199951171875,361.8999938964844,362.1199951171875,362.1199951171875,1172.0
2025-12-02T19:19:00Z,362.010009765625,362.1650085449219,362.010009765625,362.1650085449219,362.1650085449219,1251.0
2025-12-02T19:20:00Z,362.1600036621094,362.1600036621094,362.0190124511719,362.0190124511719,362.0190124511719,2775.0
2025-12-02T19:21:00Z,362.05499267578125,362.1000061035156,361.95001220703125,361.9590148925781,361.9590148925781,2017.0
2025-12-02T19:22:00Z,361.95001220703125,362.1000061035156,361.8299865722656,362.1000061035156,362.1000061035156,5653.0
2025-12-02T19:23:00Z,362.0400085449219,362.0400085449219,362.0400085449219,362.0400085449219,362.0400085449219,183.0
2025-12-02T19:24:00Z,361.94000244140625,361.94000244140625,361.8009948730469,361.8999938964844,361.8999938964844,2047.0
2025-12-02T19:25:00Z,362.010009765625,362.010009765625,361.9949951171875,361.9949951171875,361.9949951171875,1015.0
2025-12-02T19:26:00Z,362.07000732421875,362.07000732421875,361.9921875,362.0101013183594,362.0101013183594,373.0
2025-12-02T19:27:00Z,362.010009765625,362.0150146484375,361.93011474609375,361.9530029296875,361.9530029296875,732.0
2025-12-02T19:28:00Z,362.0150146484375,362.19000244140625,361.9429931640625,362.19000244140625,362.19000244140625,2014.0
2025-12-02T19:29:00Z,362.19000244140625,362.4383850097656,362.17999267578125,362.37109375,362.37109375,1707.0
2025-12-02T19:30:00Z,362.3299865722656,362.44000244140625,362.25,362.44000244140625,362.44000244140625,3723.0
2025-12-02T19:31:00Z,362.5299987792969,362.7085876464844,362.47088623046875,362.5690002441406,362.5690002441406,1413.0
2025-12-02T19:32:00Z,362.55999755859375,362.55999755859375,362.4599914550781,362.4599914550781,362.4599914550781,1294.0
2025-12-02T19:33:00Z,362.3900146484375,362.489990234375,362.36199951171875,362.36199951171875,362.36199951171875,1679.0
2025-12-02T19:34:00Z,362.4599914550781,362.54998779296875,362.4100036621094,362.54998779296875,362.54998779296875,988.0
2025-12-02T19:35:00Z,362.4800109863281,362.5799865722656,362.3800964355469,362.3800964355469,362.3800964355469,2885.0
2025-12-02T19:36:00Z,362.45001220703125,362.45001220703125,362.45001220703125,362.45001220703125,362.45001220703125,347.0
2025-12-02T19:37:00Z,362.4360046386719,362.489990234375,362.42999267578125,362.45001220703125,362.45001220703125,663.0
2025-12-02T19:38:00Z,362.3800048828125,362.5249938964844,362.31048583984375,362.5249938964844,362.5249938964844,3393.0
2025-12-02T19:39:00Z,362.6099853515625,362.6400146484375,362.489990234375,362.5350036621094,362.5350036621094,2071.0
2025-12-02T19:40:00Z,362.5350036621094,362.61749267578125,362.5350036621094,362.54998779296875,362.54998779296875,1559.0
2025-12-02T19:41:00Z,362.55999755859375,362.57000732421875,362.489990234375,362.489990234375,362.489990234375,2246.0
2025-12-02T19:42:00Z,362.5199890136719,362.5400085449219,362.5199890136719,362.5299987792969,362.5299987792969,766.0
2025-12-02T19:43:00Z,362.5799865722656,362.6000061035156,362.45001220703125,362.5,362.5,2443.0
2025-12-02T19:44:00Z,362.4849853515625,362.739990234375,362.4849853515625,362.6600036621094,362.6600036621094,4658.0
2025-12-02T19:45:00Z,362.7699890136719,362.8900146484375,362.7300109863281,362.8575134277344,362.8575134277344,3902.0
2025-12-02T19:46:00Z,362.8599853515625,362.9945983886719,362.6499938964844,362.67498779296875,362.67498779296875,4365.0
2025-12-02T19:47:00Z,362.67498779296875,362.79998779296875,362.5899963378906,362.79998779296875,362.79998779296875,4872.0
2025-12-02T19:48:00Z,362.79998779296875,362.8699951171875,362.79998779296875,362.8349914550781,362.8349914550781,1864.0
2025-12-02T19:49:00Z,362.8550109863281,362.9399108886719,362.760009765625,362.80499267578125,362.80499267578125,2848.0
2025-12-02T19:50:00Z,362.80499267578125,362.8138122558594,362.760009765625,362.80499267578125,362.80499267578125,1131.0
2025-12-02T19:51:00Z,362.8599853515625,363.1400146484375,362.8599853515625,363.0299987792969,363.0299987792969,2794.0
2025-12-02T19:52:00Z,363.010009765625,363.07501220703125,363.010009765625,363.07501220703125,363.07501220703125,1184.0
2025-12-02T19:53:00Z,363.07501220703125,363.1376037597656,362.9599914550781,363.0205993652344,363.0205993652344,3366.0
2025-12-02T19:54:00Z,362.94000244140625,362.94000244140625,362.79998779296875,362.82000732421875,362.82000732421875,3098.0
2025-12-02T19:55:00Z,362.75,362.889892578125,362.7200012207031,362.7200012207031,362.7200012207031,1373.0
2025-12-02T19:56:00Z,362.69000244140625,362.69000244140625,362.5899963378906,362.6600036621094,362.6600036621094,3126.0
2025-12-02T19:57:00Z,362.5799865722656,362.6899108886719,362.5799865722656,362.6300048828125,362.6300048828125,2388.0
2025-12-02T19:58:00Z,362.6300048828125,362.79998779296875,362.6199951171875,362.7749938964844,362.7749938964844,2335.0
2025-12-02T19:59:00Z,362.7749938964844,362.7825012207031,362.6300048828125,362.67999267578125,362.67999267578125,2838.0
2025-12-02T20:00:00Z,362.67999267578125,362.7174987792969,362.6000061035156,362.6700134277344,362.6700134277344,3694.0
2025-12-02T20:01:00Z,362.6600036621094,362.6600036621094,362.5799865722656,362.5799865722656,362.5799865722656,947.0
2025-12-02T20:02:00Z,362.5400085449219,362.6400146484375,362.5199890136719,362.6400146484375,362.6400146484375,2334.0
2025-12-02T20:03:00Z,362.7300109863281,362.7900085449219,362.69000244140625,362.69000244140625,362.69000244140625,1702.0
2025-12-02T20:04:00Z,362.6700134277344,362.7099914550781,362.6700134277344,362.68499755859375,362.68499755859375,1294.0
2025-12-02T20:05:00Z,362.71820068359375,363.0,362.71820068359375,362.8500061035156,362.8500061035156,6387.0
2025-12-02T20:06:00Z,362.8949890136719,362.94000244140625,362.79998779296875,362.94000244140625,362.94000244140625,2225.0
2025-12-02T20:07:00Z,362.9549865722656,363.1499938964844,362.9549865722656,363.1499938964844,363.1499938964844,2049.0
2025-12-02T20:08:00Z,363.1199951171875,363.1199951171875,363.0400085449219,363.114990234375,363.114990234375,1338.0
2025-12-02T20:09:00Z,363.114990234375,363.19000244140625,363.08221435546875,363.1700134277344,363.1700134277344,1236.0
2025-12-02T20:10:00Z,363.1099853515625,363.1700134277344,363.0799865722656,363.1099853515625,363.1099853515625,1034.0
2025-12-02T20:11:00Z,363.1099853515625,363.1700134277344,363.07000732421875,363.1700134277344,363.1700134277344,1534.0
2025-12-02T20:12:00Z,363.17999267578125,363.32000732421875,363.17999267578125,363.2799987792969,363.2799987792969,1296.0
2025-12-02T20:13:00Z,363.3299865722656,363.4700012207031,363.2969970703125,363.45001220703125,363.45001220703125,2194.0
2025-12-02T20:14:00Z,363.3699951171875,363.375,363.2699890136719,363.3299865722656,363.3299865722656,4800.0
2025-12-02T20:15:00Z,363.3699951171875,363.45989990234375,363.3500061035156,363.3500061035156,363.3500061035156,2187.0
2025-12-02T20:16:00Z,363.42498779296875,363.54998779296875,363.42498779296875,363.54998779296875,363.54998779296875,4137.0
2025-12-02T20:17:00Z,363.489990234375,363.59991455078125,363.489990234375,363.489990234375,363.489990234375,1045.0
2025-12-02T20:18:00Z,363.4754943847656,363.6600036621094,363.443603515625,363.5950012207031,363.5950012207031,1882.0
2025-12-02T20:19:00Z,363.5950012207031,363.6099853515625,363.5299987792969,363.6099853515625,363.6099853515625,6615.0
2025-12-02T20:20:00Z,363.6000061035156,363.63800048828125,363.57000732421875,363.5899963378906,363.5899963378906,2606.0
2025-12-02T20:21:00Z,363.5899963378906,363.5950012207031,363.5,363.54998779296875,363.54998779296875,8720.0
2025-12-02T20:22:00Z,363.54998779296875,363.6600036621094,363.5,363.6182861328125,363.6182861328125,3880.0
2025-12-02T20:23:00Z,363.6000061035156,363.6099853515625,363.4599914550781,363.510009765625,363.510009765625,5007.0
2025-12-02T20:24:00Z,363.4800109863281,363.502197265625,363.43499755859375,363.43499755859375,363.43499755859375,1520.0
2025-12-02T20:25:00Z,363.43499755859375,363.43499755859375,363.2799987792969,363.30999755859375,363.30999755859375,4019.0
2025-12-02T20:26:00Z,363.2799987792969,363.3599853515625,363.25,363.30499267578125,363.30499267578125,1973.0
2025-12-02T20:27:00Z,363.3500061035156,363.3500061035156,363.19000244140625,363.29998779296875,363.29998779296875,4372.0
2025-12-02T20:28:00Z,363.25,363.30999755859375,363.19000244140625,363.19500732421875,363.19500732421875,7063.0
2025-12-02T20:29:00Z,363.2099914550781,363.4200134277344,363.19000244140625,363.3949890136719,363.3949890136719,4985.0
2025-12-02T20:30:00Z,363.3500061035156,363.5799865722656,363.3299865722656,363.55999755859375,363.55999755859375,5157.0
2025-12-02T20:31:00Z,363.5799865722656,363.6600036621094,363.4150085449219,363.55999755859375,363.55999755859375,6088.0
2025-12-02T20:32:00Z,363.4649963378906,363.5199890136719,363.3399963378906,363.42999267578125,363.42999267578125,1668.0
2025-12-02T20:33:00Z,363.3599853515625,363.5199890136719,363.3599853515625,363.489990234375,363.489990234375,4493.0
2025-12-02T20:34:00Z,363.5400085449219,363.6499938964844,363.45001220703125,363.5199890136719,363.5199890136719,5053.0
2025-12-02T20:35:00Z,363.4800109863281,363.6600036621094,363.4800109863281,363.5400085449219,363.5400085449219,2613.0
2025-12-02T20:36:00Z,363.510009765625,363.5450134277344,363.3977966308594,363.4750061035156,363.4750061035156,3480.0
2025-12-02T20:37:00Z,363.4750061035156,363.5400085449219,363.4700012207031,363.4849853515625,363.4849853515625,2463.0
2025-12-02T20:38:00Z,363.4849853515625,363.4849853515625,363.3500061035156,363.364990234375,363.364990234375,3752.0
2025-12-02T20:39:00Z,363.364990234375,363.5299987792969,363.364990234375,363.4549865722656,363.4549865722656,2633.0
2025-12-02T20:40:00Z,363.45001220703125,363.45001220703125,363.25,363.3599853515625,363.3599853515625,4340.0
2025-12-02T20:41:00Z,363.4200134277344,363.44000244140625,363.3800048828125,363.44000244140625,363.44000244140625,1904.0
2025-12-02T20:42:00Z,363.4200134277344,363.4200134277344,363.25,363.25,363.25,3861.0
2025-12-02T20:43:00Z,363.239990234375,363.3399963378906,363.1099853515625,363.3399963378906,363.3399963378906,2152.0
2025-12-02T20:44:00Z,363.31500244140625,363.42950439453125,363.28338623046875,363.2950134277344,363.2950134277344,2959.0
2025-12-02T20:45:00Z,363.2699890136719,363.3999938964844,363.20001220703125,363.2099914550781,363.2099914550781,5455.0
2025-12-02T20:46:00Z,363.3299865722656,363.4200134277344,363.0799865722656,363.0899963378906,363.0899963378906,6544.0
2025-12-02T20:47:00Z,363.0924072265625,363.20001220703125,362.91009521484375,362.91009521484375,362.91009521484375,5690.0
2025-12-02T20:48:00Z,362.9800109863281,363.0249938964844,362.6700134277344,362.68499755859375,362.68499755859375,4957.0
2025-12-02T20:49:00Z,362.6600036621094,362.760009765625,362.57391357421875,362.69500732421875,362.69500732421875,5322.0
2025-12-02T20:50:00Z,362.70001220703125,362.94000244140625,362.53009033203125,362.6983947753906,362.6983947753906,12645.0
2025-12-02T20:51:00Z,362.57000732421875,362.6199951171875,362.0299987792969,362.1300048828125,362.1300048828125,10865.0
2025-12-02T20:52:00Z,362.0849914550781,362.17999267578125,362.010009765625,362.05499267578125,362.05499267578125,8962.0
2025-12-02T20:53:00Z,362.0400085449219,362.1000061035156,361.94000244140625,361.9549865722656,361.9549865722656,9160.0
2025-12-02T20:54:00Z,361.9200134277344,361.9219970703125,361.67999267578125,361.75,361.75,17140.0
2025-12-02T20:55:00Z,361.70001220703125,361.739990234375,361.5299987792969,361.5899963378906,361.5899963378906,15899.0
2025-12-02T20:56:00Z,361.5899963378906,361.70001220703125,361.54998779296875,361.6400146484375,361.6400146484375,13574.0
2025-12-02T20:57:00Z,361.6700134277344,361.70001220703125,361.260009765625,361.30999755859375,361.30999755859375,18658.0
2025-12-02T20:58:00Z,361.32000732421875,361.32000732421875,360.92498779296875,360.9800109863281,360.9800109863281,35494.0
2025-12-02T20:59:00Z,360.9700012207031,361.05999755859375,360.6300048828125,360.6600036621094,360.6600036621094,101303.0
2025-12-03T14:31:00Z,360.87091064453125,362.1499938964844,360.87091064453125,362.1499938964844,362.1499938964844,1882.0
2025-12-03T14:32:00Z,361.17999267578125,361.87200927734375,360.80010986328125,361.87200927734375,361.87200927734375,1013.0
2025-12-03T14:33:00Z,361.7799987792969,362.1499938964844,361.43499755859375,362.0,362.0,2367.0
2025-12-03T14:34:00Z,361.8800048828125,362.46661376953125,361.7345886230469,362.46661376953125,362.46661376953125,4255.0
2025-12-03T14:35:00Z,362.1199951171875,363.07000732421875,361.7500915527344,362.93499755859375,362.93499755859375,3034.0
2025-12-03T14:36:00Z,362.92999267578125,363.1499938964844,362.7699890136719,363.0199890136719,363.0199890136719,3946.0
2025-12-03T14:37:00Z,363.2724914550781,363.2724914550781,363.2724914550781,363.2724914550781,363.2724914550781,147.0
2025-12-03T14:38:00Z,363.6000061035156,363.6000061035156,363.17999267578125,363.4849853515625,363.4849853515625,3600.0
2025-12-03T14:39:00Z,363.3699951171875,363.44140625,363.1700134277344,363.3949890136719,363.3949890136719,2640.0
2025-12-03T14:40:00Z,363.6000061035156,364.2099914550781,363.55218505859375,364.0950012207031,364.0950012207031,7950.0
2025-12-03T14:41:00Z,364.32000732421875,364.4200134277344,364.05999755859375,364.05999755859375,364.05999755859375,1160.0
2025-12-03T14:44:00Z,364.6400146484375,364.6400146484375,364.3900146484375,364.489990234375,364.489990234375,19657.0
2025-12-03T14:45:00Z,364.489990234375,364.6499938964844,363.69000244140625,363.69500732421875,363.69500732421875,7823.0
2025-12-03T14:46:00Z,363.510009765625,363.82000732421875,363.510009765625,363.75,363.75,4180.0
2025-12-03T14:47:00Z,363.510009765625,363.67999267578125,363.3999938964844,363.56500244140625,363.56500244140625,3522.0
2025-12-03T14:48:00Z,363.55499267578125,364.1499938964844,363.55499267578125,364.1199951171875,364.1199951171875,8488.0
2025-12-03T14:49:00Z,364.1300048828125,364.54998779296875,364.1000061035156,364.1000061035156,364.1000061035156,4161.0
2025-12-03T14:50:00Z,364.1000061035156,364.7900085449219,364.1000061035156,364.7799987792969,364.7799987792969,4393.0
2025-12-03T14:51:00Z,364.7900085449219,365.1289978027344,364.6000061035156,364.7099914550781,364.7099914550781,10918.0
2025-12-03T14:52:00Z,364.7099914550781,364.822509765625,364.42279052734375,364.70001220703125,364.70001220703125,6493.0
2025-12-03T14:53:00Z,364.79998779296875,364.9700012207031,364.5199890136719,364.9700012207031,364.9700012207031,4843.0
2025-12-03T14:54:00Z,365.1288146972656,365.1288146972656,364.67999267578125,364.80499267578125,364.80499267578125,3382.0
2025-12-03T14:55:00Z,364.9700012207031,365.2550048828125,364.79998779296875,365.2550048828125,365.2550048828125,2850.0
2025-12-03T14:56:00Z,365.2950134277344,365.625,365.05999755859375,365.614990234375,365.614990234375,4175.0
2025-12-03T14:57:00Z,365.5618896484375,365.80999755859375,365.2799987792969,365.2799987792969,365.2799987792969,3991.0
2025-12-03T14:58:00Z,365.3900146484375,365.6400146484375,365.2300109863281,365.4849853515625,365.4849853515625,3747.0
2025-12-03T14:59:00Z,365.3800048828125,365.3800048828125,365.1000061035156,365.25,365.25,8102.0
2025-12-03T15:00:00Z,365.2950134277344,365.8599853515625,365.2950134277344,365.8599853515625,365.8599853515625,6220.0
2025-12-03T15:01:00Z,365.7200012207031,365.95001220703125,365.6300048828125,365.8887939453125,365.8887939453125,2898.0
2025-12-03T15:02:00Z,365.9200134277344,366.3349914550781,365.8399963378906,365.9800109863281,365.9800109863281,5099.0
2025-12-03T15:03:00Z,365.9800109863281,365.9800109863281,365.6199951171875,365.7650146484375,365.7650146484375,2861.0
2025-12-03T15:04:00Z,365.9200134277344,366.18499755859375,365.9200134277344,366.0799865722656,366.0799865722656,2093.0
2025-12-03T15:05:00Z,366.1099853515625,366.19000244140625,365.7699890136719,365.92999267578125,365.92999267578125,5126.0
2025-12-03T15:06:00Z,365.93499755859375,366.2099914550781,365.6449890136719,366.06500244140625,366.06500244140625,15087.0
2025-12-03T15:07:00Z,366.06500244140625,366.29998779296875,365.82000732421875,365.9100036621094,365.9100036621094,3079.0
2025-12-03T15:08:00Z,366.0,366.1600036621094,365.8399963378906,365.8399963378906,365.8399963378906,2713.0
2025-12-03T15:09:00Z,366.0400085449219,366.1700134277344,365.94000244140625,365.94000244140625,365.94000244140625,3048.0
2025-12-03T15:10:00Z,365.8699951171875,366.0,365.6449890136719,366.0,366.0,3774.0
2025-12-03T15:11:00Z,365.8450012207031,366.0199890136719,365.6700134277344,365.8399963378906,365.8399963378906,3883.0
2025-12-03T15:12:00Z,365.82000732421875,365.82000732421875,365.6400146484375,365.6549987792969,365.6549987792969,1826.0
2025-12-03T15:13:00Z,365.5199890136719,365.6000061035156,365.3900146484375,365.510009765625,365.510009765625,3480.0
2025-12-03T15:14:00Z,365.56500244140625,365.7900085449219,365.56500244140625,365.6700134277344,365.6700134277344,5509.0
2025-12-03T15:15:00Z,365.75,365.7900085449219,365.3299865722656,365.45001220703125,365.45001220703125,6618.0
2025-12-03T15:16:00Z,365.41650390625,365.75,365.41650390625,365.6499938964844,365.6499938964844,2837.0
2025-12-03T15:17:00Z,365.75,365.75,365.6400146484375,365.6400146484375,365.6400146484375,1258.0
2025-12-03T15:18:00Z,365.6300048828125,365.8800048828125,365.54998779296875,365.70001220703125,365.70001220703125,8220.0
2025-12-03T15:19:00Z,365.6549987792969,365.7749938964844,365.5400085449219,365.75,365.75,3876.0
2025-12-03T15:20:00Z,365.69500732421875,365.8299865722656,365.55999755859375,365.6300048828125,365.6300048828125,6335.0
2025-12-03T15:21:00Z,365.54998779296875,365.6050109863281,365.45001220703125,365.510009765625,365.510009765625,1747.0
2025-12-03T15:22:00Z,365.4200134277344,365.43499755859375,365.30999755859375,365.4200134277344,365.4200134277344,971.0
2025-12-03T15:23:00Z,365.4700012207031,365.59930419921875,365.3299865722656,365.3299865722656,365.3299865722656,898.0
2025-12-03T15:24:00Z,365.2900085449219,365.70001220703125,365.2900085449219,365.6199951171875,365.6199951171875,4667.0
2025-12-03T15:25:00Z,365.489990234375,365.7398986816406,365.44000244140625,365.5249938964844,365.5249938964844,3785.0
2025-12-03T15:26:00Z,365.54998779296875,365.739990234375,365.489990234375,365.7300109863281,365.7300109863281,4931.0
2025-12-03T15:27:00Z,365.67999267578125,365.739990234375,365.489990234375,365.7099914550781,365.7099914550781,3611.0
2025-12-03T15:28:00Z,365.7200012207031,365.82501220703125,365.6099853515625,365.6700134277344,365.6700134277344,9566.0
2025-12-03T15:29:00Z,365.75,365.75,365.4800109863281,365.6600036621094,365.6600036621094,3419.0
2025-12-03T15:30:00Z,365.6499938964844,365.82000732421875,365.5799865722656,365.82000732421875,365.82000732421875,3967.0
2025-12-03T15:31:00Z,365.83349609375,366.0,365.82501220703125,365.94000244140625,365.94000244140625,2837.0
2025-12-03T15:32:00Z,365.92999267578125,366.010009765625,365.8500061035156,366.010009765625,366.010009765625,2403.0
2025-12-03T15:33:00Z,366.1600036621094,366.2699890136719,365.69000244140625,365.69000244140625,365.69000244140625,7357.0
2025-12-03T15:34:00Z,365.79998779296875,365.79998779296875,365.625,365.70001220703125,365.70001220703125,2059.0
2025-12-03T15:35:00Z,365.82000732421875,365.9800109863281,365.75750732421875,365.8900146484375,365.8900146484375,1594.0
2025-12-03T15:36:00Z,365.8789978027344,366.0,365.7250061035156,365.9136047363281,365.9136047363281,2593.0
2025-12-03T15:37:00Z,365.9549865722656,365.9549865722656,365.6400146484375,365.7200012207031,365.7200012207031,2635.0
2025-12-03T15:38:00Z,365.82000732421875,365.82000732421875,365.5799865722656,365.5799865722656,365.5799865722656,1436.0
2025-12-03T15:39:00Z,365.5799865722656,365.6700134277344,365.42999267578125,365.42999267578125,365.42999267578125,1663.0
2025-12-03T15:40:00Z,365.57708740234375,365.614990234375,365.42999267578125,365.6000061035156,365.6000061035156,836.0
2025-12-03T15:41:00Z,365.42999267578125,365.42999267578125,365.3299865722656,365.427001953125,365.427001953125,1464.0
2025-12-03T15:42:00Z,365.4100036621094,365.5039978027344,365.2099914550781,365.3450012207031,365.3450012207031,2871.0
2025-12-03T15:43:00Z,365.5400085449219,365.5400085449219,365.5400085449219,365.5400085449219,365.5400085449219,510.0
2025-12-03T15:44:00Z,365.4800109863281,365.4800109863281,365.1000061035156,365.25250244140625,365.25250244140625,2658.0
2025-12-03T15:45:00Z,365.4100036621094,365.45001220703125,365.30499267578125,365.45001220703125,365.45001220703125,1237.0
2025-12-03T15:46:00Z,365.7200012207031,365.7200012207031,365.43939208984375,365.4700012207031,365.4700012207031,518.0
2025-12-03T15:47:00Z,365.5899963378906,365.7699890136719,365.5260925292969,365.6199951171875,365.6199951171875,2830.0
2025-12-03T15:48:00Z,365.6199951171875,365.68499755859375,365.6199951171875,365.68499755859375,365.68499755859375,722.0
2025-12-03T15:49:00Z,365.6000061035156,365.760009765625,365.6000061035156,365.7289123535156,365.7289123535156,1807.0
2025-12-03T15:50:00Z,365.5899963378906,365.760009765625,365.5899963378906,365.7149963378906,365.7149963378906,4661.0
2025-12-03T15:51:00Z,365.7900085449219,365.9100036621094,365.6400146484375,365.9100036621094,365.9100036621094,2477.0
2025-12-03T15:53:00Z,366.0,366.0400085449219,365.9100036621094,365.9100036621094,365.9100036621094,2095.0
2025-12-03T15:54:00Z,365.9549865722656,366.0,365.8900146484375,365.94000244140625,365.94000244140625,4212.0
2025-12-03T15:55:00Z,365.8900146484375,366.04998779296875,365.8699951171875,365.8800048828125,365.8800048828125,5220.0
2025-12-03T15:56:00Z,365.82000732421875,365.8900146484375,365.760009765625,365.8900146484375,365.8900146484375,2204.0
2025-12-03T15:57:00Z,365.8555908203125,365.96990966796875,365.75,365.7799987792969,365.7799987792969,742.0
2025-12-03T15:58:00Z,365.7300109863281,365.822509765625,365.7300109863281,365.822509765625,365.822509765625,1028.0
2025-12-03T15:59:00Z,365.8900146484375,366.010009765625,365.6600036621094,366.010009765625,366.010009765625,3381.0
2025-12-03T16:00:00Z,366.010009765625,366.1300048828125,365.8699951171875,366.1300048828125,366.1300048828125,2625.0
2025-12-03T16:01:00Z,366.07501220703125,366.3399963378906,366.07501220703125,366.19000244140625,366.19000244140625,6412.0
2025-12-03T16:02:00Z,366.1600036621094,366.2200012207031,366.06500244140625,366.0799865722656,366.0799865722656,3252.0
2025-12-03T16:03:00Z,366.135009765625,366.2300109863281,366.135009765625,366.2250061035156,366.2250061035156,3028.0
2025-12-03T16:04:00Z,366.1499938964844,366.2200012207031,366.0799865722656,366.0799865722656,366.0799865722656,1027.0
2025-12-03T16:05:00Z,366.2149963378906,366.31500244140625,366.2099914550781,366.31500244140625,366.31500244140625,1815.0
2025-12-03T16:06:00Z,366.31500244140625,366.31500244140625,366.17999267578125,366.30499267578125,366.30499267578125,3999.0
2025-12-03T16:07:00Z,366.30499267578125,366.54998779296875,366.2699890136719,366.5199890136719,366.5199890136719,17581.0
2025-12-03T16:08:00Z,366.4599914550781,366.6968078613281,366.3699951171875,366.6968078613281,366.6968078613281,3199.0
2025-12-03T16:09:00Z,366.5400085449219,366.5400085449219,366.17999267578125,366.20001220703125,366.20001220703125,2324.0
2025-12-03T16:10:00Z,366.1000061035156,366.1000061035156,365.9100036621094,366.0,366.0,2662.0
2025-12-03T16:11:00Z,365.9700012207031,366.0199890136719,365.9700012207031,366.0199890136719,366.0199890136719,2096.0
2025-12-03T16:12:00Z,365.92999267578125,366.0899963378906,365.8900146484375,365.8900146484375,365.8900146484375,2300.0
2025-12-03T16:13:00Z,365.8299865722656,365.98870849609375,365.8299865722656,365.94000244140625,365.94000244140625,2212.0
2025-12-03T16:14:00Z,365.8999938964844,366.19000244140625,365.8900146484375,366.17498779296875,366.17498779296875,3238.0
2025-12-03T16:15:00Z,366.20001220703125,366.239990234375,365.92999267578125,365.92999267578125,365.92999267578125,3953.0
2025-12-03T16:16:00Z,365.9360046386719,365.989990234375,365.8599853515625,365.9700012207031,365.9700012207031,4525.0
2025-12-03T16:17:00Z,366.0299987792969,366.1700134277344,366.0299987792969,366.0400085449219,366.0400085449219,2249.0
2025-12-03T16:18:00Z,366.0400085449219,366.1650085449219,366.0400085449219,366.1650085449219,366.1650085449219,1292.0
2025-12-03T16:19:00Z,366.25,366.3699951171875,366.2049865722656,366.3389892578125,366.3389892578125,4328.0
2025-12-03T16:20:00Z,366.239990234375,366.3500061035156,366.1700134277344,366.2300109863281,366.2300109863281,2085.0
2025-12-03T16:21:00Z,366.2300109863281,366.32000732421875,366.1499938964844,366.1600036621094,366.1600036621094,2720.0
2025-12-03T16:22:00Z,366.239990234375,366.2650146484375,366.05999755859375,366.05999755859375,366.05999755859375,1736.0
2025-12-03T16:23:00Z,366.0799865722656,366.2049865722656,366.07000732421875,366.1000061035156,366.1000061035156,1160.0
2025-12-03T16:24:00Z,366.19000244140625,366.2799987792969,366.0,366.1000061035156,366.1000061035156,4833.0
2025-12-03T16:25:00Z,366.07000732421875,366.17999267578125,366.0199890136719,366.1294860839844,366.1294860839844,8299.0
2025-12-03T16:26:00Z,366.1000061035156,366.1000061035156,365.8500061035156,365.9200134277344,365.9200134277344,2752.0
2025-12-03T16:27:00Z,365.8974914550781,365.9700012207031,365.82000732421875,365.82000732421875,365.82000732421875,2782.0
2025-12-03T16:28:00Z,365.7200012207031,365.7200012207031,365.6195983886719,365.6195983886719,365.6195983886719,1406.0
2025-12-03T16:29:00Z,365.6099853515625,365.6099853515625,365.4100036621094,365.55999755859375,365.55999755859375,4838.0
2025-12-03T16:30:00Z,365.3699951171875,365.4649963378906,365.3599853515625,365.3599853515625,365.3599853515625,2403.0
2025-12-03T16:31:00Z,365.3900146484375,365.7699890136719,365.3468017578125,365.70001220703125,365.70001220703125,4767.0
2025-12-03T16:32:00Z,365.8399963378906,365.9100036621094,365.7550048828125,365.7550048828125,365.7550048828125,5519.0
2025-12-03T16:33:00Z,365.75,365.8900146484375,365.6499938964844,365.8800048828125,365.8800048828125,3786.0
2025-12-03T16:34:00Z,365.92999267578125,365.92999267578125,365.6650085449219,365.7950134277344,365.7950134277344,6823.0
2025-12-03T16:35:00Z,365.7950134277344,365.92999267578125,365.739990234375,365.8900146484375,365.8900146484375,2608.0
2025-12-03T16:36:00Z,365.8599853515625,365.94000244140625,365.6600036621094,365.8599853515625,365.8599853515625,7148.0
2025-12-03T16:37:00Z,365.875,365.989990234375,365.7699890136719,365.7699890136719,365.7699890136719,2254.0
2025-12-03T16:38:00Z,365.760009765625,366.0,365.760009765625,365.885009765625,365.885009765625,2603.0
2025-12-03T16:39:00Z,365.9200134277344,365.9800109863281,365.6499938964844,365.6636962890625,365.6636962890625,2132.0
2025-12-03T16:40:00Z,365.5799865722656,365.6600036621094,365.4200134277344,365.6600036621094,365.6600036621094,2917.0
2025-12-03T16:41:00Z,365.7049865722656,365.7049865722656,365.7049865722656,365.7049865722656,365.7049865722656,411.0
2025-12-03T16:42:00Z,365.6300048828125,365.69000244140625,365.6300048828125,365.69000244140625,365.69000244140625,616.0
2025-12-03T16:43:00Z,365.55999755859375,365.6300048828125,365.5199890136719,365.6300048828125,365.6300048828125,815.0
2025-12-03T16:44:00Z,365.55999755859375,365.635009765625,365.55999755859375,365.635009765625,365.635009765625,1054.0
2025-12-03T16:45:00Z,365.739990234375,365.79998779296875,365.55999755859375,365.55999755859375,365.55999755859375,3476.0
2025-12-03T16:46:00Z,365.5199890136719,365.885009765625,365.5199890136719,365.885009765625,365.885009765625,1960.0
2025-12-03T16:47:00Z,365.92999267578125,366.2699890136719,365.9100036621094,366.1690979003906,366.1690979003906,4667.0
2025-12-03T16:48:00Z,366.2149963378906,366.3599853515625,366.1600036621094,366.2550048828125,366.2550048828125,1567.0
2025-12-03T16:49:00Z,366.2550048828125,366.3699951171875,366.2550048828125,366.2550048828125,366.2550048828125,728.0
2025-12-03T16:50:00Z,366.2550048828125,366.3099060058594,366.1400146484375,366.260009765625,366.260009765625,1078.0
2025-12-03T16:51:00Z,366.2349853515625,366.2349853515625,366.2349853515625,366.2349853515625,366.2349853515625,266.0
2025-12-03T16:52:00Z,366.3599853515625,366.57000732421875,366.3599853515625,366.3599853515625,366.3599853515625,4093.0
2025-12-03T16:53:00Z,366.29998779296875,366.4100036621094,366.2099914550781,366.345458984375,366.345458984375,3019.0
2025-12-03T16:54:00Z,366.30999755859375,366.3900146484375,366.2550048828125,366.3900146484375,366.3900146484375,1124.0
2025-12-03T16:55:00Z,366.239990234375,366.3900146484375,366.1199951171875,366.3900146484375,366.3900146484375,3165.0
2025-12-03T16:56:00Z,366.1300048828125,366.239990234375,366.1199951171875,366.239990234375,366.239990234375,1002.0
2025-12-03T16:57:00Z,366.4100036621094,366.4100036621094,366.2200012207031,366.30999755859375,366.30999755859375,1545.0
2025-12-03T16:58:00Z,366.30999755859375,366.30999755859375,366.28240966796875,366.30499267578125,366.30499267578125,701.0
2025-12-03T16:59:00Z,366.3999938964844,366.57000732421875,366.3999938964844,366.57000732421875,366.57000732421875,1304.0
2025-12-03T17:00:00Z,366.4549865722656,366.75,366.4549865722656,366.6825866699219,366.6825866699219,2360.0
2025-12-03T17:01:00Z,366.7349853515625,366.7349853515625,366.5,366.5249938964844,366.5249938964844,2492.0
2025-12-03T17:02:00Z,366.51458740234375,366.7099914550781,366.489990234375,366.54998779296875,366.54998779296875,1313.0
2025-12-03T17:03:00Z,366.5,366.57000732421875,366.5,366.57000732421875,366.57000732421875,803.0
2025-12-03T17:04:00Z,366.67999267578125,366.67999267578125,366.53228759765625,366.57000732421875,366.57000732421875,1479.0
2025-12-03T17:05:00Z,366.6883850097656,366.6883850097656,366.5,366.5,366.5,2659.0
2025-12-03T17:06:00Z,366.4800109863281,366.4800109863281,366.3599853515625,366.3599853515625,366.3599853515625,2189.0
2025-12-03T17:07:00Z,366.2900085449219,366.4700012207031,366.260009765625,366.4700012207031,366.4700012207031,3470.0
2025-12-03T17:08:00Z,366.4800109863281,366.6600036621094,366.4800109863281,366.5849914550781,366.5849914550781,956.0
2025-12-03T17:09:00Z,366.5,366.6199951171875,366.5,366.55999755859375,366.55999755859375,869.0
2025-12-03T17:10:00Z,366.55499267578125,366.6499938964844,366.4599914550781,366.4599914550781,366.4599914550781,1327.0
2025-12-03T17:11:00Z,366.4599914550781,366.7099914550781,366.4599914550781,366.57000732421875,366.57000732421875,5803.0
2025-12-03T17:12:00Z,366.5,366.989990234375,366.5,366.9800109863281,366.9800109863281,4528.0
2025-12-03T17:13:00Z,366.9150085449219,367.1899108886719,366.8999938964844,367.1000061035156,367.1000061035156,6756.0
2025-12-03T17:14:00Z,367.0950012207031,367.1300048828125,366.95001220703125,367.0830993652344,367.0830993652344,1745.0
2025-12-03T17:15:00Z,367.1400146484375,367.30999755859375,367.1400146484375,367.30999755859375,367.30999755859375,2112.0
2025-12-03T17:16:00Z,367.3299865722656,367.55499267578125,367.30999755859375,367.4700012207031,367.4700012207031,3478.0
2025-12-03T17:17:00Z,367.6000061035156,367.6700134277344,367.6000061035156,367.6000061035156,367.6000061035156,273.0
2025-12-03T17:18:00Z,367.510009765625,367.614990234375,367.489990234375,367.489990234375,367.489990234375,2532.0
2025-12-03T17:19:00Z,367.489990234375,367.69000244140625,367.4800109863281,367.6199951171875,367.6199951171875,3953.0
2025-12-03T17:20:00Z,367.614990234375,367.885009765625,367.614990234375,367.80999755859375,367.80999755859375,3046.0
2025-12-03T17:21:00Z,367.885009765625,368.1199951171875,367.885009765625,367.989990234375,367.989990234375,5523.0
2025-12-03T17:22:00Z,368.20001220703125,368.239990234375,367.989990234375,368.0199890136719,368.0199890136719,2036.0
2025-12-03T17:23:00Z,368.2799072265625,368.2799072265625,368.0199890136719,368.1400146484375,368.1400146484375,3065.0
2025-12-03T17:24:00Z,368.135009765625,368.135009765625,368.0,368.0,368.0,775.0
2025-12-03T17:25:00Z,368.0,368.1499938964844,367.989990234375,368.1499938964844,368.1499938964844,1601.0
2025-12-03T17:26:00Z,368.1700134277344,368.239990234375,368.10321044921875,368.239990234375,368.239990234375,1854.0
2025-12-03T17:27:00Z,368.05999755859375,368.2200012207031,368.0249938964844,368.0799865722656,368.0799865722656,2522.0
2025-12-03T17:28:00Z,368.1000061035156,368.1000061035156,367.95001220703125,368.010009765625,368.010009765625,2017.0
2025-12-03T17:29:00Z,367.9599914550781,368.1549987792969,367.8599853515625,368.1549987792969,368.1549987792969,2808.0
2025-12-03T17:30:00Z,368.04998779296875,368.30999755859375,368.0400085449219,368.1600036621094,368.1600036621094,1661.0
2025-12-03T17:31:00Z,368.1300048828125,368.2099914550781,368.07000732421875,368.1955871582031,368.1955871582031,1854.0
2025-12-03T17:32:00Z,368.19000244140625,368.29998779296875,368.1200866699219,368.2200012207031,368.2200012207031,3091.0
2025-12-03T17:33:00Z,368.2250061035156,368.29998779296875,368.1600036621094,368.29998779296875,368.29998779296875,2126.0
2025-12-03T17:34:00Z,368.239990234375,368.29998779296875,368.17999267578125,368.29998779296875,368.29998779296875,1855.0
2025-12-03T17:35:00Z,368.2650146484375,368.3399963378906,368.2300109863281,368.3399963378906,368.3399963378906,826.0
2025-12-03T17:36:00Z,368.3599853515625,368.45001220703125,368.31500244140625,368.44000244140625,368.44000244140625,2590.0
2025-12-03T17:37:00Z,368.45001220703125,368.5899963378906,368.42999267578125,368.5899963378906,368.5899963378906,1496.0
2025-12-03T17:38:00Z,368.55999755859375,368.7925109863281,368.55999755859375,368.7099914550781,368.7099914550781,2006.0
2025-12-03T17:39:00Z,368.70098876953125,368.7049865722656,368.6499938964844,368.67999267578125,368.67999267578125,469.0
2025-12-03T17:40:00Z,368.7043151855469,368.7043151855469,368.5899963378906,368.6300048828125,368.6300048828125,2410.0
2025-12-03T17:41:00Z,368.6600036621094,368.7300109863281,368.6600036621094,368.7300109863281,368.7300109863281,2337.0
2025-12-03T17:42:00Z,368.7250061035156,368.7250061035156,368.7200012207031,368.7200012207031,368.7200012207031,997.0
2025-12-03T17:43:00Z,368.7745056152344,368.7745056152344,368.677490234375,368.677490234375,368.677490234375,910.0
2025-12-03T17:44:00Z,368.70001220703125,368.760009765625,368.6300048828125,368.75,368.75,3363.0
2025-12-03T17:45:00Z,368.79998779296875,368.989990234375,368.79998779296875,368.8349914550781,368.8349914550781,2138.0
2025-12-03T17:46:00Z,368.75,368.7900085449219,368.54998779296875,368.54998779296875,368.54998779296875,2211.0
2025-12-03T17:47:00Z,368.67999267578125,368.70599365234375,368.67999267578125,368.70599365234375,368.70599365234375,1276.0
2025-12-03T17:48:00Z,368.7300109863281,368.8489990234375,368.7300109863281,368.8489990234375,368.8489990234375,511.0
2025-12-03T17:49:00Z,368.7699890136719,368.7699890136719,368.69000244140625,368.7699890136719,368.7699890136719,1088.0
2025-12-03T17:50:00Z,368.7699890136719,368.7699890136719,367.9100036621094,367.9100036621094,367.9100036621094,115331.0
2025-12-03T17:51:00Z,367.989990234375,368.29998779296875,367.9599914550781,368.0950012207031,368.0950012207031,51207.0
2025-12-03T17:52:00Z,368.1650085449219,368.5400085449219,368.1650085449219,368.5400085449219,368.5400085449219,2281.0
2025-12-03T17:53:00Z,368.4100036621094,368.5450134277344,368.4100036621094,368.4700012207031,368.4700012207031,1632.0
2025-12-03T17:54:00Z,368.4700012207031,368.69000244140625,368.4700012207031,368.6650085449219,368.6650085449219,2340.0
2025-12-03T17:55:00Z,368.68499755859375,368.68499755859375,368.5199890136719,368.6300048828125,368.6300048828125,1135.0
2025-12-03T17:56:00Z,368.5199890136719,368.9049987792969,368.5199890136719,368.9049987792969,368.9049987792969,3800.0
2025-12-03T17:57:00Z,368.92498779296875,368.92498779296875,368.7900085449219,368.8901062011719,368.8901062011719,2994.0
2025-12-03T17:58:00Z,368.8800048828125,369.010009765625,368.7900085449219,369.010009765625,369.010009765625,4873.0
2025-12-03T17:59:00Z,369.0,369.0,368.8699951171875,369.0,369.0,1938.0
2025-12-03T18:00:00Z,369.0899963378906,369.1700134277344,369.010009765625,369.0954895019531,369.0954895019531,1340.0
2025-12-03T18:01:00Z,369.114990234375,369.25,369.0299987792969,369.25,369.25,2924.0
2025-12-03T18:02:00Z,369.25,369.25,369.0400085449219,369.25,369.25,1086.0
2025-12-03T18:03:00Z,369.30999755859375,369.30999755859375,369.17999267578125,369.29998779296875,369.29998779296875,1840.0
2025-12-03T18:04:00Z,369.1344909667969,369.29998779296875,369.1199951171875,369.19500732421875,369.19500732421875,2296.0
2025-12-03T18:05:00Z,369.19500732421875,369.2950134277344,369.0799865722656,369.125,369.125,4868.0
2025-12-03T18:06:00Z,369.0799865722656,369.19000244140625,368.95001220703125,369.07501220703125,369.07501220703125,4738.0
2025-12-03T18:07:00Z,369.1099853515625,369.2300109863281,369.07501220703125,369.17498779296875,369.17498779296875,2628.0
2025-12-03T18:08:00Z,369.17999267578125,369.2349853515625,369.17999267578125,369.18499755859375,369.18499755859375,1571.0
2025-12-03T18:09:00Z,369.1798095703125,369.18499755859375,369.0801086425781,369.18499755859375,369.18499755859375,1869.0
2025-12-03T18:10:00Z,369.19000244140625,369.3399963378906,369.0899963378906,369.2650146484375,369.2650146484375,4208.0
2025-12-03T18:11:00Z,369.2650146484375,369.489990234375,369.2650146484375,369.43499755859375,369.43499755859375,4929.0
2025-12-03T18:12:00Z,369.42999267578125,369.6199951171875,369.3699951171875,369.42498779296875,369.42498779296875,5291.0
2025-12-03T18:13:00Z,369.3800048828125,369.4630126953125,369.3699951171875,369.43499755859375,369.43499755859375,5583.0
2025-12-03T18:14:00Z,369.4100036621094,369.43499755859375,369.3699951171875,369.43499755859375,369.43499755859375,679.0
2025-12-03T18:15:00Z,369.4800109863281,369.625,369.3699951171875,369.3699951171875,369.3699951171875,3533.0
2025-12-03T18:16:00Z,369.4341125488281,369.4599914550781,369.3500061035156,369.3500061035156,369.3500061035156,1930.0
2025-12-03T18:17:00Z,369.3999938964844,369.4150085449219,369.3468017578125,369.4150085449219,369.4150085449219,1620.0
2025-12-03T18:18:00Z,369.4150085449219,369.4150085449219,369.2900085449219,369.3299865722656,369.3299865722656,2477.0
2025-12-03T18:19:00Z,369.29998779296875,369.29998779296875,369.1700134277344,369.17498779296875,369.17498779296875,2550.0
2025-12-03T18:20:00Z,369.17498779296875,369.2900085449219,369.17498779296875,369.2550048828125,369.2550048828125,3022.0
2025-12-03T18:21:00Z,369.2550048828125,369.260009765625,369.07000732421875,369.07000732421875,369.07000732421875,3500.0
2025-12-03T18:26:00Z,368.6650085449219,368.70001220703125,368.6000061035156,368.65850830078125,368.65850830078125,30767.0
2025-12-03T18:27:00Z,368.70001220703125,368.8555908203125,368.70001220703125,368.7550048828125,368.7550048828125,2777.0
2025-12-03T18:28:00Z,368.80999755859375,368.80999755859375,368.67999267578125,368.7799987792969,368.7799987792969,2901.0
2025-12-03T18:29:00Z,368.7340087890625,368.82000732421875,368.7340087890625,368.82000732421875,368.82000732421875,3450.0
2025-12-03T18:30:00Z,368.82000732421875,368.9599914550781,368.82000732421875,368.9549865722656,368.9549865722656,4718.0
2025-12-03T18:31:00Z,368.9200134277344,368.9800109863281,368.9200134277344,368.9599914550781,368.9599914550781,2320.0
2025-12-03T18:32:00Z,368.9599914550781,368.9599914550781,368.8800048828125,368.94500732421875,368.94500732421875,1596.0
2025-12-03T18:33:00Z,368.94500732421875,368.9997863769531,368.8699951171875,368.8900146484375,368.8900146484375,2542.0
2025-12-03T18:34:00Z,368.8800048828125,368.8800048828125,368.79998779296875,368.81500244140625,368.81500244140625,1899.0
2025-12-03T18:35:00Z,368.81500244140625,368.8299865722656,368.739990234375,368.82501220703125,368.82501220703125,3489.0
2025-12-03T18:36:00Z,368.9100036621094,368.95001220703125,368.864990234375,368.95001220703125,368.95001220703125,1851.0
2025-12-03T18:37:00Z,368.92999267578125,368.9599914550781,368.7500915527344,368.80499267578125,368.80499267578125,3349.0
2025-12-03T18:38:00Z,368.80499267578125,368.8599853515625,368.7900085449219,368.81500244140625,368.81500244140625,1943.0
2025-12-03T18:39:00Z,368.8500061035156,368.9150085449219,368.8175964355469,368.9150085449219,368.9150085449219,2075.0
2025-12-03T18:40:00Z,368.9700012207031,369.0199890136719,368.8800964355469,368.95001220703125,368.95001220703125,3458.0
2025-12-03T18:41:00Z,368.94500732421875,368.9800109863281,368.8399963378906,368.94500732421875,368.94500732421875,3027.0
2025-12-03T18:42:00Z,368.92498779296875,369.0,368.8699951171875,368.94000244140625,368.94000244140625,5244.0
2025-12-03T18:43:00Z,368.9303894042969,369.1700134277344,368.9303894042969,369.1549987792969,369.1549987792969,3957.0
2025-12-03T18:44:00Z,369.2300109863281,369.2699890136719,369.17999267578125,369.25,369.25,2389.0
2025-12-03T18:45:00Z,369.2550048828125,369.4949951171875,369.2550048828125,369.44000244140625,369.44000244140625,4155.0
2025-12-03T18:46:00Z,369.43499755859375,369.5799865722656,369.3999938964844,369.5299987792969,369.5299987792969,3359.0
2025-12-03T18:47:00Z,369.5799865722656,369.6199951171875,369.54998779296875,369.6199951171875,369.6199951171875,3140.0
2025-12-03T18:48:00Z,369.54998779296875,369.6400146484375,369.54998779296875,369.6099853515625,369.6099853515625,1633.0
2025-12-03T18:49:00Z,369.6600036621094,369.6600036621094,369.57000732421875,369.6000061035156,369.6000061035156,2218.0
2025-12-03T18:50:00Z,369.5950012207031,369.614990234375,369.4700012207031,369.5249938964844,369.5249938964844,5365.0
2025-12-03T18:51:00Z,369.5338134765625,369.5338134765625,369.42999267578125,369.44500732421875,369.44500732421875,2790.0
2025-12-03T18:52:00Z,369.3800048828125,369.4800109863281,369.3800048828125,369.3900146484375,369.3900146484375,3289.0
2025-12-03T18:53:00Z,369.510009765625,369.57281494140625,369.4171142578125,369.5,369.5,1874.0
2025-12-03T18:54:00Z,369.5,369.5,369.4100036621094,369.42999267578125,369.42999267578125,2158.0
2025-12-03T18:55:00Z,369.5,369.5849914550781,369.5,369.5400085449219,369.5400085449219,1885.0
2025-12-03T18:56:00Z,369.5400085449219,369.5400085449219,369.3500061035156,369.3500061035156,369.3500061035156,3582.0
2025-12-03T18:57:00Z,369.3599853515625,369.40899658203125,369.2799987792969,369.2799987792969,369.2799987792969,2552.0
2025-12-03T18:58:00Z,369.260009765625,369.3349914550781,369.1700134277344,369.2200012207031,369.2200012207031,2005.0
2025-12-03T18:59:00Z,369.21148681640625,369.29998779296875,369.21148681640625,369.29998779296875,369.29998779296875,2897.0
2025-12-03T19:00:00Z,369.25,369.2699890136719,369.1499938964844,369.2699890136719,369.2699890136719,4066.0
2025-12-03T19:01:00Z,369.3399963378906,369.4700012207031,369.2025146484375,369.4599914550781,369.4599914550781,3254.0
2025-12-03T19:02:00Z,369.42999267578125,369.55999755859375,369.42999267578125,369.55999755859375,369.55999755859375,1601.0
2025-12-03T19:03:00Z,369.614990234375,369.67999267578125,369.489990234375,369.6199951171875,369.6199951171875,4576.0
2025-12-03T19:04:00Z,369.6199951171875,369.625,369.510009765625,369.5150146484375,369.5150146484375,6945.0
2025-12-03T19:05:00Z,369.510009765625,369.5150146484375,369.0299987792969,369.07000732421875,369.07000732421875,2808.0
2025-12-03T19:06:00Z,369.07000732421875,369.1600036621094,369.0050048828125,369.1600036621094,369.1600036621094,4742.0
2025-12-03T19:07:00Z,369.0899963378906,369.239990234375,369.0400085449219,369.0539855957031,369.0539855957031,5315.0
2025-12-03T19:08:00Z,369.1099853515625,369.1099853515625,369.0010070800781,369.0199890136719,369.0199890136719,3139.0
2025-12-03T19:09:00Z,369.0,369.07000732421875,368.95001220703125,369.07000732421875,369.07000732421875,2496.0
2025-12-03T19:10:00Z,369.17999267578125,369.45001220703125,369.1600036621094,369.385009765625,369.385009765625,9690.0
2025-12-03T19:11:00Z,369.34100341796875,369.510009765625,369.3399963378906,369.510009765625,369.510009765625,2928.0
2025-12-03T19:12:00Z,369.47979736328125,369.67999267578125,369.3399963378906,369.3399963378906,369.3399963378906,7724.0
2025-12-03T19:13:00Z,369.45989990234375,369.4800109863281,369.347412109375,369.4800109863281,369.4800109863281,1686.0
2025-12-03T19:14:00Z,369.5331115722656,369.56500244140625,369.43499755859375,369.4700012207031,369.4700012207031,3062.0
2025-12-03T19:15:00Z,369.5,369.54998779296875,369.42999267578125,369.54998779296875,369.54998779296875,3517.0
2025-12-03T19:16:00Z,369.5,369.5450134277344,369.5,369.5450134277344,369.5450134277344,1647.0
2025-12-03T19:17:00Z,369.5450134277344,369.5450134277344,369.3399963378906,369.4700012207031,369.4700012207031,2238.0
2025-12-03T19:18:00Z,369.5199890136719,369.5199890136719,369.3800048828125,369.427490234375,369.427490234375,4740.0
2025-12-03T19:19:00Z,369.57000732421875,369.7250061035156,369.5669860839844,369.5669860839844,369.5669860839844,4631.0
2025-12-03T19:20:00Z,369.6199951171875,369.6400146484375,369.6199951171875,369.6400146484375,369.6400146484375,954.0
2025-12-03T19:21:00Z,369.6400146484375,369.6650085449219,369.55999755859375,369.6300048828125,369.6300048828125,2963.0
2025-12-03T19:22:00Z,369.6300048828125,369.6300048828125,369.3999938964844,369.4649963378906,369.4649963378906,4243.0
2025-12-03T19:23:00Z,369.43011474609375,369.5299987792969,369.43011474609375,369.5199890136719,369.5199890136719,4404.0
2025-12-03T19:24:00Z,369.5199890136719,369.5199890136719,369.3900146484375,369.45001220703125,369.45001220703125,1999.0
2025-12-03T19:25:00Z,369.35101318359375,369.57000732421875,369.35101318359375,369.5299987792969,369.5299987792969,2261.0
2025-12-03T19:26:00Z,369.4700012207031,369.5098876953125,369.42999267578125,369.42999267578125,369.42999267578125,1735.0
2025-12-03T19:27:00Z,369.4949951171875,369.5299987792969,369.42999267578125,369.42999267578125,369.42999267578125,2746.0
2025-12-03T19:28:00Z,369.55999755859375,369.55999755859375,369.4197998046875,369.4197998046875,369.4197998046875,975.0
2025-12-03T19:29:00Z,369.45001220703125,369.510009765625,369.42999267578125,369.42999267578125,369.42999267578125,1593.0
2025-12-03T19:30:00Z,369.510009765625,369.5400085449219,369.42999267578125,369.42999267578125,369.42999267578125,3713.0
2025-12-03T19:31:00Z,369.42999267578125,369.4599914550781,369.3500061035156,369.3500061035156,369.3500061035156,2286.0
2025-12-03T19:32:00Z,369.3500061035156,369.4599914550781,369.3500061035156,369.45001220703125,369.45001220703125,2445.0
2025-12-03T19:33:00Z,369.3949890136719,369.3949890136719,369.385009765625,369.3949890136719,369.3949890136719,1237.0
2025-12-03T19:34:00Z,369.4200134277344,369.4800109863281,369.32000732421875,369.4049987792969,369.4049987792969,3958.0
2025-12-03T19:35:00Z,369.44000244140625,369.510009765625,369.4200134277344,369.4200134277344,369.4200134277344,5880.0
2025-12-03T19:36:00Z,369.4200134277344,369.4200134277344,369.2900085449219,369.34588623046875,369.34588623046875,4986.0
2025-12-03T19:37:00Z,369.3525085449219,369.4100036621094,369.3399963378906,369.3399963378906,369.3399963378906,2843.0
2025-12-03T19:38:00Z,369.3450012207031,369.3450012207031,369.25,369.29998779296875,369.29998779296875,8179.0
2025-12-03T19:39:00Z,369.260009765625,369.2850036621094,369.16009521484375,369.24090576171875,369.24090576171875,5045.0
2025-12-03T19:40:00Z,369.2550048828125,369.32000732421875,369.24591064453125,369.2699890136719,369.2699890136719,1767.0
2025-12-03T19:41:00Z,369.2900085449219,369.4100036621094,369.19000244140625,369.3900146484375,369.3900146484375,3327.0
2025-12-03T19:42:00Z,369.2900085449219,369.4200134277344,369.2900085449219,369.3500061035156,369.3500061035156,2011.0
2025-12-03T19:43:00Z,369.4100036621094,369.4537048339844,369.2799987792969,369.364990234375,369.364990234375,3750.0
2025-12-03T19:44:00Z,369.3900146484375,369.4100036621094,369.29998779296875,369.3599853515625,369.3599853515625,3618.0
2025-12-03T19:45:00Z,369.3399963378906,369.3550109863281,369.260009765625,369.2900085449219,369.2900085449219,6488.0
2025-12-03T19:46:00Z,369.32000732421875,369.3999938964844,369.2300109863281,369.3800048828125,369.3800048828125,3797.0
2025-12-03T19:47:00Z,369.44000244140625,369.45001220703125,369.4100036621094,369.4100036621094,369.4100036621094,2118.0
2025-12-03T19:48:00Z,369.42498779296875,369.489990234375,369.42498779296875,369.44000244140625,369.44000244140625,4357.0
2025-12-03T19:49:00Z,369.489990234375,369.510009765625,369.43499755859375,369.43499755859375,369.43499755859375,2949.0
2025-12-03T19:50:00Z,369.43499755859375,369.5899963378906,369.3999938964844,369.55499267578125,369.55499267578125,4236.0
2025-12-03T19:51:00Z,369.42999267578125,369.4800109863281,369.3699951171875,369.4800109863281,369.4800109863281,1280.0
2025-12-03T19:52:00Z,369.4800109863281,369.510009765625,369.3949890136719,369.3949890136719,369.3949890136719,2495.0
2025-12-03T19:53:00Z,369.3949890136719,369.42999267578125,369.30999755859375,369.3299865722656,369.3299865722656,2168.0
2025-12-03T19:54:00Z,369.3299865722656,369.55999755859375,369.3299865722656,369.4800109863281,369.4800109863281,4011.0
2025-12-03T19:55:00Z,369.489990234375,369.5799865722656,369.4599914550781,369.5799865722656,369.5799865722656,2752.0
2025-12-03T19:56:00Z,369.5350036621094,369.6000061035156,369.5350036621094,369.5950012207031,369.5950012207031,4356.0
2025-12-03T19:57:00Z,369.5950012207031,369.6099853515625,369.5400085449219,369.5799865722656,369.5799865722656,5309.0
2025-12-03T19:58:00Z,369.54998779296875,369.6798095703125,369.5299987792969,369.6400146484375,369.6400146484375,19326.0
2025-12-03T19:59:00Z,369.5899963378906,369.6499938964844,369.5899963378906,369.6400146484375,369.6400146484375,1515.0
2025-12-03T20:00:00Z,369.67999267578125,369.739990234375,369.6200866699219,369.69000244140625,369.69000244140625,4902.0
2025-12-03T20:01:00Z,369.7300109863281,369.82000732421875,369.7300109863281,369.7900085449219,369.7900085449219,2229.0
2025-12-03T20:02:00Z,369.8299865722656,369.8955383300781,369.80999755859375,369.8919982910156,369.8919982910156,3618.0
2025-12-03T20:03:00Z,369.8699951171875,369.9599914550781,369.7799987792969,369.8500061035156,369.8500061035156,6877.0
2025-12-03T20:04:00Z,369.81500244140625,369.875,369.81500244140625,369.875,369.875,2574.0
2025-12-03T20:05:00Z,369.875,369.9530029296875,369.82000732421875,369.9530029296875,369.9530029296875,3891.0
2025-12-03T20:06:00Z,369.96990966796875,370.1199951171875,369.8699951171875,370.1199951171875,370.1199951171875,11663.0
2025-12-03T20:07:00Z,370.07940673828125,370.0849914550781,369.9700012207031,370.04998779296875,370.04998779296875,8551.0
2025-12-03T20:08:00Z,370.05450439453125,370.17999267578125,370.05450439453125,370.17999267578125,370.17999267578125,3024.0
2025-12-03T20:09:00Z,370.19500732421875,370.19500732421875,370.0799865722656,370.0899963378906,370.0899963378906,4142.0
2025-12-03T20:10:00Z,370.1400146484375,370.20001220703125,370.02459716796875,370.0299987792969,370.0299987792969,4394.0
2025-12-03T20:11:00Z,370.0,370.05999755859375,369.95001220703125,370.04998779296875,370.04998779296875,2465.0
2025-12-03T20:12:00Z,370.0799865722656,370.0899963378906,369.8599853515625,369.92999267578125,369.92999267578125,4411.0
2025-12-03T20:13:00Z,369.9100036621094,370.0,369.8500061035156,369.8800048828125,369.8800048828125,4365.0
2025-12-03T20:14:00Z,369.8800048828125,369.9100036621094,369.8299865722656,369.8301086425781,369.8301086425781,3679.0
2025-12-03T20:15:00Z,369.8599853515625,369.8999938964844,369.80999755859375,369.8599853515625,369.8599853515625,5194.0
2025-12-03T20:16:00Z,369.8800048828125,369.9599914550781,369.82000732421875,369.82000732421875,369.82000732421875,3630.0
2025-12-03T20:17:00Z,369.8699951171875,369.8800048828125,369.75,369.7799987792969,369.7799987792969,5113.0
2025-12-03T20:18:00Z,369.82000732421875,369.82000732421875,369.6400146484375,369.6400146484375,369.6400146484375,3411.0
2025-12-03T20:19:00Z,369.6199951171875,369.6700134277344,369.6099853515625,369.6600036621094,369.6600036621094,4941.0
2025-12-03T20:20:00Z,369.69000244140625,369.7200012207031,369.67498779296875,369.70001220703125,369.70001220703125,3164.0
2025-12-03T20:21:00Z,369.70001220703125,369.7650146484375,369.6600036621094,369.7650146484375,369.7650146484375,10987.0
2025-12-03T20:22:00Z,369.7900085449219,369.82000732421875,369.7900085449219,369.80499267578125,369.80499267578125,3349.0
2025-12-03T20:23:00Z,369.82000732421875,369.82501220703125,369.6499938964844,369.6700134277344,369.6700134277344,18062.0
2025-12-03T20:24:00Z,369.7049865722656,369.7049865722656,368.8399963378906,368.8699951171875,368.8699951171875,31491.0
2025-12-03T20:25:00Z,368.8399963378906,369.25,368.7200012207031,369.25,369.25,21631.0
2025-12-03T20:26:00Z,369.20001220703125,369.2799987792969,369.1885986328125,369.20001220703125,369.20001220703125,6754.0
2025-12-03T20:27:00Z,369.20001220703125,369.3099060058594,369.20001220703125,369.25,369.25,11108.0
2025-12-03T20:28:00Z,369.2099914550781,369.30999755859375,369.2099914550781,369.2550048828125,369.2550048828125,5042.0
2025-12-03T20:29:00Z,369.2550048828125,369.30999755859375,369.2300109863281,369.2699890136719,369.2699890136719,4355.0
2025-12-03T20:30:00Z,369.2699890136719,369.4200134277344,369.07000732421875,369.07000732421875,369.07000732421875,7403.0
2025-12-03T20:31:00Z,369.07000732421875,369.125,368.9200134277344,368.9649963378906,368.9649963378906,4930.0
2025-12-03T20:32:00Z,369.0199890136719,369.4100036621094,369.010009765625,369.3599853515625,369.3599853515625,10389.0
2025-12-03T20:33:00Z,369.3599853515625,369.385009765625,369.2900085449219,369.29998779296875,369.29998779296875,4774.0
2025-12-03T20:34:00Z,369.3550109863281,369.45001220703125,369.2900085449219,369.2900085449219,369.2900085449219,7628.0
2025-12-03T20:35:00Z,369.2900085449219,369.3599853515625,369.20001220703125,369.29998779296875,369.29998779296875,3827.0
2025-12-03T20:36:00Z,369.2200012207031,369.29998779296875,369.2099914550781,369.2749938964844,369.2749938964844,5996.0
2025-12-03T20:37:00Z,369.2699890136719,369.32000732421875,369.2300109863281,369.32000732421875,369.32000732421875,7286.0
2025-12-03T20:38:00Z,369.32000732421875,369.3692932128906,369.2900085449219,369.29998779296875,369.29998779296875,5451.0
2025-12-03T20:39:00Z,369.29998779296875,369.31500244140625,369.090087890625,369.1650085449219,369.1650085449219,22367.0
2025-12-03T20:40:00Z,369.1600036621094,369.1600036621094,369.07000732421875,369.1300048828125,369.1300048828125,5184.0
2025-12-03T20:41:00Z,369.1300048828125,369.2099914550781,369.0400085449219,369.2099914550781,369.2099914550781,7344.0
2025-12-03T20:42:00Z,369.18499755859375,369.239990234375,369.0199890136719,369.07000732421875,369.07000732421875,6072.0
2025-12-03T20:43:00Z,369.0199890136719,369.1199951171875,368.989990234375,369.07501220703125,369.07501220703125,5730.0
2025-12-03T20:44:00Z,369.07000732421875,369.07000732421875,368.7900085449219,368.79998779296875,368.79998779296875,6603.0
2025-12-03T20:45:00Z,368.80999755859375,368.8900146484375,368.7799987792969,368.8210144042969,368.8210144042969,5735.0
2025-12-03T20:46:00Z,368.7950134277344,368.83349609375,368.6499938964844,368.6700134277344,368.6700134277344,7299.0
2025-12-03T20:47:00Z,368.6499938964844,368.7049865722656,368.5299987792969,368.5299987792969,368.5299987792969,7187.0
2025-12-03T20:48:00Z,368.54998779296875,368.5849914550781,368.31500244140625,368.3800048828125,368.3800048828125,7525.0
2025-12-03T20:49:00Z,368.3450012207031,368.5299987792969,368.3299865722656,368.5299987792969,368.5299987792969,8652.0
2025-12-03T20:50:00Z,368.5299987792969,368.84991455078125,368.4599914550781,368.5047912597656,368.5047912597656,12462.0
2025-12-03T20:51:00Z,368.5799865722656,368.7300109863281,368.5101013183594,368.6700134277344,368.6700134277344,8685.0
2025-12-03T20:52:00Z,368.6499938964844,368.6499938964844,368.4100036621094,368.4700012207031,368.4700012207031,13496.0
2025-12-03T20:53:00Z,368.4649963378906,368.5899963378906,368.3399963378906,368.3699951171875,368.3699951171875,14202.0
2025-12-03T20:54:00Z,368.3299865722656,368.57000732421875,368.1700134277344,368.5,368.5,23113.0
2025-12-03T20:55:00Z,368.57000732421875,368.82000732421875,368.5249938964844,368.7950134277344,368.7950134277344,21230.0
2025-12-03T20:56:00Z,368.739990234375,368.7900085449219,368.54998779296875,368.6700134277344,368.6700134277344,17434.0
2025-12-03T20:57:00Z,368.6499938964844,368.6499938964844,368.3599853515625,368.3599853515625,368.3599853515625,22508.0
2025-12-03T20:58:00Z,368.3900146484375,368.489990234375,368.1499938964844,368.3800048828125,368.3800048828125,52463.0
2025-12-03T20:59:00Z,368.3999938964844,368.54998779296875,368.0899963378906,368.17999267578125,368.17999267578125,84476.0
2025-12-04T14:31:00Z,370.0,370.4800109863281,370.0,370.25,370.25,3870.0
2025-12-04T14:32:00Z,370.5,371.1199951171875,370.4800109863281,371.1000061035156,371.1000061035156,5660.0
2025-12-04T14:33:00Z,371.5639953613281,371.5639953613281,370.9281921386719,370.9281921386719,370.9281921386719,3110.0
2025-12-04T14:34:00Z,371.0249938964844,371.6300048828125,370.9649963378906,371.5799865722656,371.5799865722656,3973.0
2025-12-04T14:35:00Z,371.3900146484375,371.9100036621094,371.3900146484375,371.8299865722656,371.8299865722656,8750.0
2025-12-04T14:36:00Z,371.79998779296875,371.79998779296875,371.19000244140625,371.2099914550781,371.2099914550781,5811.0
2025-12-04T14:37:00Z,371.1700134277344,371.6300048828125,371.1700134277344,371.6300048828125,371.6300048828125,3335.0
2025-12-04T14:38:00Z,371.70001220703125,371.9100036621094,371.5,371.7200012207031,371.7200012207031,6406.0
2025-12-04T14:39:00Z,371.5799865722656,372.0,371.4200134277344,371.7850036621094,371.7850036621094,5640.0
2025-12-04T14:40:00Z,371.80499267578125,372.0,371.5899963378906,371.989990234375,371.989990234375,5517.0
2025-12-04T14:41:00Z,371.989990234375,372.1000061035156,371.70001220703125,371.8900146484375,371.8900146484375,3778.0
2025-12-04T14:42:00Z,371.9100036621094,372.010009765625,371.5799865722656,371.70001220703125,371.70001220703125,5600.0
2025-12-04T14:43:00Z,371.8399963378906,371.8599853515625,371.3999938964844,371.67498779296875,371.67498779296875,9135.0
2025-12-04T14:44:00Z,371.82000732421875,372.0400085449219,371.82000732421875,371.94000244140625,371.94000244140625,5277.0
2025-12-04T14:45:00Z,371.92999267578125,372.0950012207031,371.739990234375,372.0899963378906,372.0899963378906,11809.0
2025-12-04T14:46:00Z,372.1300048828125,372.1404113769531,371.5,371.6499938964844,371.6499938964844,7621.0
2025-12-04T14:47:00Z,371.6400146484375,371.8399963378906,371.3599853515625,371.6199951171875,371.6199951171875,9612.0
2025-12-04T14:48:00Z,371.6199951171875,371.75,371.4700012207031,371.5849914550781,371.5849914550781,4609.0
2025-12-04T14:49:00Z,371.7099914550781,371.9800109863281,371.2699890136719,371.42999267578125,371.42999267578125,10149.0
2025-12-04T14:50:00Z,371.42999267578125,371.42999267578125,371.0400085449219,371.2099914550781,371.2099914550781,6947.0
2025-12-04T14:51:00Z,371.0400085449219,371.1000061035156,370.7358093261719,370.7358093261719,370.7358093261719,6709.0
2025-12-04T14:52:00Z,370.80999755859375,371.239990234375,370.7200012207031,371.1300048828125,371.1300048828125,4768.0
2025-12-04T14:53:00Z,371.32000732421875,371.4609069824219,370.81658935546875,371.0899963378906,371.0899963378906,5260.0
2025-12-04T14:54:00Z,370.9809875488281,371.0950012207031,370.9809875488281,371.07000732421875,371.07000732421875,2521.0
2025-12-04T14:55:00Z,371.07000732421875,371.1549987792969,370.885009765625,370.885009765625,370.885009765625,10821.0
2025-12-04T14:56:00Z,370.7699890136719,370.8800048828125,370.5400085449219,370.81500244140625,370.81500244140625,4671.0
2025-12-04T14:57:00Z,370.81500244140625,370.8699951171875,370.6300048828125,370.739990234375,370.739990234375,3625.0
2025-12-04T14:58:00Z,370.5899963378906,371.07000732421875,370.5799865722656,371.07000732421875,371.07000732421875,3170.0
2025-12-04T14:59:00Z,371.1600036621094,371.2300109863281,370.93499755859375,370.93499755859375,370.93499755859375,19221.0
2025-12-04T15:00:00Z,370.989990234375,371.25,370.9100036621094,371.0,371.0,10772.0
2025-12-04T15:01:00Z,371.0,371.2200012207031,370.760009765625,370.8299865722656,370.8299865722656,20605.0
2025-12-04T15:02:00Z,370.81500244140625,371.0400085449219,370.6199951171875,371.0400085449219,371.0400085449219,2553.0
2025-12-04T15:03:00Z,370.8599853515625,371.2200012207031,370.8525085449219,371.093994140625,371.093994140625,5410.0
2025-12-04T15:04:00Z,371.0299987792969,371.0299987792969,370.6700134277344,370.8599853515625,370.8599853515625,2948.0
2025-12-04T15:05:00Z,370.8695068359375,371.3900146484375,370.8695068359375,371.25,371.25,6562.0
2025-12-04T15:06:00Z,371.3399963378906,371.6099853515625,371.2300109863281,371.6050109863281,371.6050109863281,3808.0
2025-12-04T15:07:00Z,371.56500244140625,371.6099853515625,371.4200134277344,371.44000244140625,371.44000244140625,2977.0
2025-12-04T15:08:00Z,371.3900146484375,371.489990234375,371.0950012207031,371.25,371.25,3645.0
2025-12-04T15:09:00Z,371.29998779296875,371.4599914550781,371.0899963378906,371.2449951171875,371.2449951171875,1743.0
2025-12-04T15:10:00Z,371.10791015625,371.29998779296875,371.090087890625,371.2799987792969,371.2799987792969,1500.0
2025-12-04T15:11:00Z,371.2699890136719,371.44989013671875,371.2655029296875,371.3699951171875,371.3699951171875,2011.0
2025-12-04T15:12:00Z,371.3811950683594,371.489990234375,371.2300109863281,371.3949890136719,371.3949890136719,4508.0
2025-12-04T15:13:00Z,371.42999267578125,371.42999267578125,371.2200012207031,371.364990234375,371.364990234375,3857.0
2025-12-04T15:14:00Z,371.3699951171875,371.68499755859375,371.3699951171875,371.65008544921875,371.65008544921875,4845.0
2025-12-04T15:15:00Z,371.6549987792969,371.67498779296875,371.3500061035156,371.3599853515625,371.3599853515625,5882.0
2025-12-04T15:16:00Z,371.2799987792969,371.625,371.2799987792969,371.6199951171875,371.6199951171875,6629.0
2025-12-04T15:17:00Z,371.7799987792969,372.1600036621094,371.7799987792969,372.0050048828125,372.0050048828125,6623.0
2025-12-04T15:18:00Z,372.0050048828125,372.5899963378906,371.8999938964844,372.4049987792969,372.4049987792969,16617.0
2025-12-04T15:19:00Z,372.3299865722656,372.4649963378906,372.2300109863281,372.3399963378906,372.3399963378906,8167.0
2025-12-04T15:20:00Z,372.3399963378906,372.5799865722656,372.2099914550781,372.53570556640625,372.53570556640625,19113.0
2025-12-04T15:21:00Z,372.42999267578125,372.52490234375,372.4125061035156,372.4849853515625,372.4849853515625,1581.0
2025-12-04T15:22:00Z,372.4324951171875,372.79998779296875,372.3299865722656,372.7799987792969,372.7799987792969,16335.0
2025-12-04T15:23:00Z,372.54998779296875,372.57000732421875,372.32000732421875,372.489990234375,372.489990234375,3381.0
2025-12-04T15:24:00Z,372.489990234375,372.5224914550781,372.2887878417969,372.32000732421875,372.32000732421875,4169.0
2025-12-04T15:25:00Z,372.32000732421875,372.3500061035156,371.69000244140625,371.7300109863281,371.7300109863281,13812.0
2025-12-04T15:26:00Z,371.75,371.9599914550781,371.45001220703125,371.9599914550781,371.9599914550781,18363.0
2025-12-04T15:27:00Z,372.1600036621094,372.75,372.1400146484375,372.6700134277344,372.6700134277344,3302.0
2025-12-04T15:28:00Z,372.8999938964844,372.9700012207031,372.7200012207031,372.96978759765625,372.96978759765625,2971.0
2025-12-04T15:29:00Z,372.8599853515625,373.05999755859375,372.8500061035156,373.0210876464844,373.0210876464844,11539.0
2025-12-04T15:30:00Z,372.82000732421875,372.82000732421875,372.6199951171875,372.6199951171875,372.6199951171875,3210.0
2025-12-04T15:31:00Z,372.7049865722656,372.8399963378906,372.1400146484375,372.2250061035156,372.2250061035156,12736.0
2025-12-04T15:32:00Z,372.2699890136719,372.5350036621094,372.1600036621094,372.2550048828125,372.2550048828125,3888.0
2025-12-04T15:33:00Z,372.2300109863281,372.2300109863281,371.8500061035156,371.92999267578125,371.92999267578125,3126.0
2025-12-04T15:34:00Z,371.94000244140625,372.1099853515625,371.760009765625,372.1099853515625,372.1099853515625,4562.0
2025-12-04T15:35:00Z,371.885009765625,372.2200012207031,371.86920166015625,372.0799865722656,372.0799865722656,4631.0
2025-12-04T15:36:00Z,372.0799865722656,372.0799865722656,371.8900146484375,371.8900146484375,371.8900146484375,1692.0
2025-12-04T15:37:00Z,371.885009765625,372.26800537109375,371.885009765625,372.26800537109375,372.26800537109375,3148.0
2025-12-04T15:38:00Z,372.1700134277344,372.30999755859375,372.1600036621094,372.2799987792969,372.2799987792969,2288.0
2025-12-04T15:39:00Z,372.2799987792969,372.2850036621094,371.9750061035156,372.1600036621094,372.1600036621094,4404.0
2025-12-04T15:40:00Z,372.05999755859375,372.05999755859375,371.75,371.7650146484375,371.7650146484375,5042.0
2025-12-04T15:41:00Z,371.7650146484375,371.7650146484375,371.6449890136719,371.6449890136719,371.6449890136719,1916.0
2025-12-04T15:42:00Z,371.7900085449219,372.05999755859375,371.7900085449219,371.82501220703125,371.82501220703125,3165.0
2025-12-04T15:43:00Z,371.82501220703125,371.82501220703125,371.7099914550781,371.82501220703125,371.82501220703125,1276.0
2025-12-04T15:44:00Z,371.70001220703125,371.7200012207031,371.010009765625,371.19000244140625,371.19000244140625,7007.0
2025-12-04T15:45:00Z,371.125,371.4100036621094,371.0400085449219,371.2850036621094,371.2850036621094,3272.0
2025-12-04T15:48:00Z,371.07000732421875,371.3399963378906,371.0639953613281,371.32000732421875,371.32000732421875,23924.0
2025-12-04T15:49:00Z,371.1199951171875,371.4800109863281,371.1199951171875,371.4800109863281,371.4800109863281,5453.0
2025-12-04T15:50:00Z,371.3599853515625,371.5799865722656,371.3599853515625,371.44000244140625,371.44000244140625,2213.0
2025-12-04T15:51:00Z,371.44000244140625,371.5899963378906,371.3999938964844,371.5899963378906,371.5899963378906,1473.0
2025-12-04T15:52:00Z,371.489990234375,371.6499938964844,371.44000244140625,371.6499938964844,371.6499938964844,2183.0
2025-12-04T15:53:00Z,371.6400146484375,371.6449890136719,371.6300048828125,371.6400146484375,371.6400146484375,1374.0
2025-12-04T15:54:00Z,371.69000244140625,371.69000244140625,371.5299987792969,371.5299987792969,371.5299987792969,1971.0
2025-12-04T15:55:00Z,371.5299987792969,371.67999267578125,371.5199890136719,371.5849914550781,371.5849914550781,1580.0
2025-12-04T15:56:00Z,371.5849914550781,371.7156066894531,371.55499267578125,371.55499267578125,371.55499267578125,1237.0
2025-12-04T15:57:00Z,371.55499267578125,372.0035095214844,371.55499267578125,371.9100036621094,371.9100036621094,4559.0
2025-12-04T15:58:00Z,371.9100036621094,371.9100036621094,371.7300109863281,371.79998779296875,371.79998779296875,3755.0
2025-12-04T15:59:00Z,371.82501220703125,372.1099853515625,371.82501220703125,372.1099853515625,372.1099853515625,2306.0
2025-12-04T16:00:00Z,372.0450134277344,372.19000244140625,371.8800048828125,371.9549865722656,371.9549865722656,7266.0
2025-12-04T16:01:00Z,371.9549865722656,372.04998779296875,371.7799987792969,371.8175048828125,371.8175048828125,5032.0
2025-12-04T16:02:00Z,371.8599853515625,371.9700012207031,371.8599853515625,371.864013671875,371.864013671875,1053.0
2025-12-04T16:03:00Z,371.8800048828125,372.05999755859375,371.7799987792969,372.0400085449219,372.0400085449219,5885.0
2025-12-04T16:04:00Z,371.9150085449219,371.92999267578125,371.6700134277344,371.8800048828125,371.8800048828125,2839.0
2025-12-04T16:05:00Z,371.760009765625,371.8900146484375,371.6499938964844,371.79998779296875,371.79998779296875,2497.0
2025-12-04T16:06:00Z,371.8450012207031,371.864990234375,371.7200012207031,371.864990234375,371.864990234375,1044.0
2025-12-04T16:07:00Z,371.8699951171875,372.24249267578125,371.8299865722656,372.1099853515625,372.1099853515625,3996.0
2025-12-04T16:08:00Z,372.1700134277344,372.20001220703125,372.010009765625,372.0150146484375,372.0150146484375,4754.0
2025-12-04T16:09:00Z,372.0350036621094,372.19000244140625,371.9700012207031,372.114990234375,372.114990234375,4936.0
2025-12-04T16:10:00Z,372.114990234375,372.114990234375,371.989990234375,371.989990234375,371.989990234375,6382.0
2025-12-04T16:11:00Z,371.9200134277344,371.95001220703125,371.7250061035156,371.8500061035156,371.8500061035156,4550.0
2025-12-04T16:12:00Z,371.8900146484375,372.260009765625,371.8699951171875,372.13250732421875,372.13250732421875,4263.0
2025-12-04T16:13:00Z,372.0899963378906,372.19000244140625,371.8900146484375,371.9549865722656,371.9549865722656,3693.0
2025-12-04T16:14:00Z,371.9549865722656,372.1351013183594,371.9549865722656,372.0450134277344,372.0450134277344,1627.0
2025-12-04T16:15:00Z,372.0450134277344,372.1700134277344,372.0249938964844,372.05499267578125,372.05499267578125,1687.0
2025-12-04T16:16:00Z,372.05499267578125,372.1700134277344,372.05499267578125,372.1700134277344,372.1700134277344,911.0
2025-12-04T16:17:00Z,372.2200012207031,372.25,372.1000061035156,372.156005859375,372.156005859375,2558.0
2025-12-04T16:18:00Z,372.1600036621094,372.2699890136719,372.0899963378906,372.2699890136719,372.2699890136719,2252.0
2025-12-04T16:19:00Z,372.0799865722656,372.4200134277344,372.0799865722656,372.25,372.25,2848.0
2025-12-04T16:20:00Z,372.25,372.3185119628906,372.135009765625,372.239990234375,372.239990234375,2825.0
2025-12-04T16:21:00Z,372.2550048828125,372.3175048828125,372.1600036621094,372.3045959472656,372.3045959472656,1387.0
2025-12-04T16:22:00Z,372.31500244140625,372.3900146484375,372.239990234375,372.2749938964844,372.2749938964844,1224.0
2025-12-04T16:23:00Z,372.1700134277344,372.2149963378906,372.0050048828125,372.0050048828125,372.0050048828125,3757.0
2025-12-04T16:24:00Z,372.1099853515625,372.2850036621094,372.1099853515625,372.2850036621094,372.2850036621094,1621.0
2025-12-04T16:25:00Z,372.25,372.3655090332031,371.9599914550781,371.9599914550781,371.9599914550781,1789.0
2025-12-04T16:26:00Z,371.9750061035156,371.9750061035156,371.5799865722656,371.5799865722656,371.5799865722656,4100.0
2025-12-04T16:27:00Z,371.5350036621094,371.6099853515625,371.3299865722656,371.3299865722656,371.3299865722656,6089.0
2025-12-04T16:28:00Z,371.3299865722656,371.375,371.17999267578125,371.375,371.375,2279.0
2025-12-04T16:29:00Z,371.3299865722656,371.5299987792969,371.2099914550781,371.5299987792969,371.5299987792969,2229.0
2025-12-04T16:30:00Z,371.6099853515625,371.6099853515625,371.1300048828125,371.1300048828125,371.1300048828125,1356.0
2025-12-04T16:31:00Z,371.0,371.3299865722656,371.0,371.3299865722656,371.3299865722656,2491.0
2025-12-04T16:32:00Z,371.3349914550781,371.4700012207031,371.3349914550781,371.3999938964844,371.3999938964844,739.0
2025-12-04T16:33:00Z,371.375,371.375,371.1700134277344,371.17498779296875,371.17498779296875,2808.0
2025-12-04T16:34:00Z,371.1600036621094,371.19500732421875,371.05999755859375,371.1600036621094,371.1600036621094,2397.0
2025-12-04T16:35:00Z,371.239990234375,371.3299865722656,371.1700134277344,371.1700134277344,371.1700134277344,2290.0
2025-12-04T16:36:00Z,371.1700134277344,371.1700134277344,371.1449890136719,371.1449890136719,371.1449890136719,624.0
2025-12-04T16:37:00Z,371.239990234375,371.489990234375,371.11279296875,371.3900146484375,371.3900146484375,3007.0
2025-12-04T16:38:00Z,371.2900085449219,371.385009765625,371.0299987792969,371.114990234375,371.114990234375,6248.0
2025-12-04T16:39:00Z,371.114990234375,371.32000732421875,371.0199890136719,371.32000732421875,371.32000732421875,4263.0
2025-12-04T16:40:00Z,371.30999755859375,371.3299865722656,371.1600036621094,371.1875,371.1875,3379.0
2025-12-04T16:41:00Z,371.18499755859375,371.2699890136719,371.0674133300781,371.17498779296875,371.17498779296875,1216.0
2025-12-04T16:42:00Z,371.17498779296875,371.17498779296875,371.0299987792969,371.0450134277344,371.0450134277344,2289.0
2025-12-04T16:43:00Z,371.04998779296875,371.1683044433594,371.04998779296875,371.0950012207031,371.0950012207031,1917.0
2025-12-04T16:44:00Z,371.1600036621094,371.25,371.1499938964844,371.17999267578125,371.17999267578125,1519.0
2025-12-04T16:45:00Z,371.2799987792969,371.4599914550781,371.09368896484375,371.4599914550781,371.4599914550781,2111.0
2025-12-04T16:46:00Z,371.5,371.6199951171875,371.45001220703125,371.6199951171875,371.6199951171875,1678.0
2025-12-04T16:47:00Z,371.70001220703125,371.70001220703125,371.55999755859375,371.69500732421875,371.69500732421875,2297.0
2025-12-04T16:48:00Z,371.69500732421875,371.7900085449219,371.69000244140625,371.7799987792969,371.7799987792969,889.0
2025-12-04T16:49:00Z,371.7749938964844,371.7749938964844,371.70001220703125,371.70001220703125,371.70001220703125,1367.0
2025-12-04T16:50:00Z,371.70001220703125,371.9100036621094,371.70001220703125,371.875,371.875,1375.0
2025-12-04T16:51:00Z,371.9100036621094,371.989990234375,371.8019104003906,371.92999267578125,371.92999267578125,2215.0
2025-12-04T16:52:00Z,371.92498779296875,371.92498779296875,371.8900146484375,371.9200134277344,371.9200134277344,883.0
2025-12-04T16:53:00Z,371.989990234375,371.989990234375,371.9599914550781,371.9599914550781,371.9599914550781,1063.0
2025-12-04T16:54:00Z,371.9599914550781,371.9599914550781,371.7099914550781,371.82000732421875,371.82000732421875,4497.0
2025-12-04T16:55:00Z,371.8699951171875,372.0588073730469,371.75,371.9750061035156,371.9750061035156,1395.0
2025-12-04T16:56:00Z,371.9750061035156,372.20001220703125,371.9750061035156,372.1700134277344,372.1700134277344,2497.0
2025-12-04T16:57:00Z,372.05999755859375,372.1650085449219,372.05999755859375,372.1600036621094,372.1600036621094,457.0
2025-12-04T16:58:00Z,372.1549987792969,372.19000244140625,372.0199890136719,372.0199890136719,372.0199890136719,2906.0
2025-12-04T16:59:00Z,372.0199890136719,372.1400146484375,372.010009765625,372.010009765625,372.010009765625,938.0
2025-12-04T17:00:00Z,371.9800109863281,372.0799865722656,371.9800109863281,372.07000732421875,372.07000732421875,2413.0
2025-12-04T17:01:00Z,372.07000732421875,372.07000732421875,371.8900146484375,371.93499755859375,371.93499755859375,3072.0
2025-12-04T17:02:00Z,371.93499755859375,371.93499755859375,371.7699890136719,371.92449951171875,371.92449951171875,3996.0
2025-12-04T17:03:00Z,372.0047912597656,372.0047912597656,371.82000732421875,371.8800048828125,371.8800048828125,1033.0
2025-12-04T17:04:00Z,371.760009765625,371.8399963378906,371.739990234375,371.7449951171875,371.7449951171875,1679.0
2025-12-04T17:05:00Z,371.6300048828125,371.64691162109375,371.4100036621094,371.55999755859375,371.55999755859375,3283.0
2025-12-04T17:06:00Z,371.6499938964844,371.7099914550781,371.4200134277344,371.43499755859375,371.43499755859375,2337.0
2025-12-04T17:07:00Z,371.29998779296875,371.3500061035156,371.2200012207031,371.2200012207031,371.2200012207031,3627.0
2025-12-04T17:08:00Z,371.2200012207031,371.2300109863281,371.2200012207031,371.2200012207031,371.2200012207031,651.0
2025-12-04T17:09:00Z,371.2200012207031,371.3299865722656,371.05999755859375,371.1700134277344,371.1700134277344,8609.0
2025-12-04T17:10:00Z,371.1700134277344,371.1700134277344,370.9200134277344,371.0249938964844,371.0249938964844,4232.0
2025-12-04T17:11:00Z,371.0150146484375,371.1400146484375,370.9100036621094,370.92498779296875,370.92498779296875,4146.0
2025-12-04T17:12:00Z,370.9200134277344,371.3471984863281,370.8949890136719,371.25,371.25,1990.0
2025-12-04T17:13:00Z,371.2099914550781,371.2099914550781,371.18499755859375,371.18499755859375,371.18499755859375,1133.0
2025-12-04T17:14:00Z,371.18499755859375,371.29998779296875,371.1400146484375,371.2300109863281,371.2300109863281,7896.0
2025-12-04T17:15:00Z,371.30999755859375,371.3450012207031,371.2950134277344,371.2950134277344,371.2950134277344,6206.0
2025-12-04T17:16:00Z,371.2900085449219,371.3699951171875,371.1499938964844,371.2674865722656,371.2674865722656,6512.0
2025-12-04T17:17:00Z,371.0539855957031,371.3800048828125,371.04998779296875,371.3450012207031,371.3450012207031,4704.0
2025-12-04T17:18:00Z,371.3450012207031,371.3450012207031,371.2650146484375,371.2650146484375,371.2650146484375,2443.0
2025-12-04T17:19:00Z,371.2650146484375,371.369384765625,371.20001220703125,371.369384765625,371.369384765625,1649.0
2025-12-04T17:20:00Z,371.3299865722656,371.4012145996094,371.3299865722656,371.3800048828125,371.3800048828125,4640.0
2025-12-04T17:21:00Z,371.32000732421875,371.42999267578125,371.260009765625,371.2950134277344,371.2950134277344,2715.0
2025-12-04T17:22:00Z,371.2699890136719,371.3450012207031,371.260009765625,371.3450012207031,371.3450012207031,1441.0
2025-12-04T17:23:00Z,371.33740234375,371.55999755859375,371.2901916503906,371.55999755859375,371.55999755859375,3796.0
2025-12-04T17:24:00Z,371.57000732421875,371.6099853515625,371.489990234375,371.6099853515625,371.6099853515625,4549.0
2025-12-04T17:25:00Z,371.6000061035156,371.6300048828125,371.55999755859375,371.55999755859375,371.55999755859375,788.0
2025-12-04T17:26:00Z,371.6300048828125,371.7099914550781,371.5899963378906,371.6325988769531,371.6325988769531,1864.0
2025-12-04T17:27:00Z,371.70989990234375,371.7300109863281,371.53009033203125,371.6499938964844,371.6499938964844,3562.0
2025-12-04T17:28:00Z,371.739990234375,371.95001220703125,371.6600036621094,371.75,371.75,8626.0
2025-12-04T17:29:00Z,371.760009765625,371.760009765625,371.6099853515625,371.7349853515625,371.7349853515625,3828.0
2025-12-04T17:30:00Z,371.7699890136719,371.7699890136719,371.54998779296875,371.614990234375,371.614990234375,1761.0
2025-12-04T17:31:00Z,371.67999267578125,371.7300109863281,371.631103515625,371.68499755859375,371.68499755859375,1893.0
2025-12-04T17:32:00Z,371.7099914550781,371.7799987792969,371.54998779296875,371.54998779296875,371.54998779296875,2558.0
2025-12-04T17:33:00Z,371.54998779296875,371.57000732421875,371.510009765625,371.5450134277344,371.5450134277344,1589.0
2025-12-04T17:34:00Z,371.5199890136719,371.6499938964844,371.510009765625,371.5350036621094,371.5350036621094,4412.0
2025-12-04T17:35:00Z,371.5350036621094,371.6099853515625,371.5,371.6099853515625,371.6099853515625,1998.0
2025-12-04T17:36:00Z,371.67999267578125,371.7200012207031,371.5899963378906,371.7200012207031,371.7200012207031,1971.0
2025-12-04T17:37:00Z,371.70001220703125,371.8299865722656,371.70001220703125,371.75,371.75,1715.0
2025-12-04T17:38:00Z,371.7449951171875,371.8299865722656,371.7325134277344,371.7349853515625,371.7349853515625,4019.0
2025-12-04T17:39:00Z,371.7349853515625,371.7349853515625,371.6499938964844,371.7200012207031,371.7200012207031,1234.0
2025-12-04T17:40:00Z,371.7200012207031,371.7340087890625,371.5400085449219,371.56500244140625,371.56500244140625,5388.0
2025-12-04T17:41:00Z,371.55999755859375,371.56500244140625,371.5400085449219,371.56500244140625,371.56500244140625,1293.0
2025-12-04T17:42:00Z,371.6199951171875,371.7200012207031,371.56500244140625,371.69000244140625,371.69000244140625,2608.0
2025-12-04T17:43:00Z,371.69500732421875,371.7900085449219,371.5899963378906,371.5899963378906,371.5899963378906,1239.0
2025-12-04T17:44:00Z,371.6099853515625,371.614990234375,371.5400085449219,371.6099853515625,371.6099853515625,2670.0
2025-12-04T17:45:00Z,371.6099853515625,371.6400146484375,371.5849914550781,371.5849914550781,371.5849914550781,1378.0
2025-12-04T17:46:00Z,371.6300048828125,371.8699951171875,371.6300048828125,371.8699951171875,371.8699951171875,1940.0
2025-12-04T17:47:00Z,371.9200134277344,372.1499938964844,371.9200134277344,372.1400146484375,372.1400146484375,2318.0
2025-12-04T17:48:00Z,372.1499938964844,372.2900085449219,372.135009765625,372.2900085449219,372.2900085449219,3470.0
2025-12-04T17:49:00Z,372.260009765625,372.3500061035156,372.2200927734375,372.3500061035156,372.3500061035156,1492.0
2025-12-04T17:50:00Z,372.3900146484375,372.4100036621094,372.2699890136719,372.3800048828125,372.3800048828125,3693.0
2025-12-04T17:51:00Z,372.32000732421875,372.4200134277344,372.3185119628906,372.4100036621094,372.4100036621094,1181.0
2025-12-04T17:52:00Z,372.44000244140625,372.5199890136719,372.44000244140625,372.5199890136719,372.5199890136719,3397.0
2025-12-04T17:53:00Z,372.4750061035156,372.5799865722656,372.4750061035156,372.5799865722656,372.5799865722656,717.0
2025-12-04T17:54:00Z,372.55999755859375,372.6199951171875,372.5050048828125,372.6000061035156,372.6000061035156,2666.0
2025-12-04T17:55:00Z,372.7099914550781,372.7099914550781,372.6300048828125,372.6400146484375,372.6400146484375,877.0
2025-12-04T17:56:00Z,372.6400146484375,372.6524963378906,372.489990234375,372.55499267578125,372.55499267578125,3303.0
2025-12-04T17:57:00Z,372.55499267578125,372.55499267578125,372.4599914550781,372.5199890136719,372.5199890136719,2735.0
2025-12-04T17:58:00Z,372.5150146484375,372.6000061035156,372.44000244140625,372.57000732421875,372.57000732421875,7270.0
2025-12-04T17:59:00Z,372.489990234375,372.489990234375,372.3800048828125,372.3800048828125,372.3800048828125,1141.0
2025-12-04T18:00:00Z,372.4700012207031,372.5299987792969,372.3800048828125,372.3800048828125,372.3800048828125,1435.0
2025-12-04T18:01:00Z,372.5199890136719,372.57000732421875,372.3800048828125,372.55999755859375,372.55999755859375,1583.0
2025-12-04T18:02:00Z,372.4949951171875,372.6300048828125,372.4949951171875,372.6300048828125,372.6300048828125,1744.0
2025-12-04T18:03:00Z,372.57501220703125,372.6335144042969,372.4599914550781,372.5199890136719,372.5199890136719,2795.0
2025-12-04T18:04:00Z,372.489990234375,372.57000732421875,372.3800048828125,372.4150085449219,372.4150085449219,3882.0
2025-12-04T18:05:00Z,372.3900146484375,372.5899963378906,372.3500061035156,372.5899963378906,372.5899963378906,6101.0
2025-12-04T18:06:00Z,372.5299987792969,372.6099853515625,372.4200134277344,372.6000061035156,372.6000061035156,2439.0
2025-12-04T18:07:00Z,372.6400146484375,372.7300109863281,372.3800048828125,372.4849853515625,372.4849853515625,6295.0
2025-12-04T18:08:00Z,372.5,372.55999755859375,372.4800109863281,372.4800109863281,372.4800109863281,1050.0
2025-12-04T18:09:00Z,372.489990234375,372.489990234375,372.2099914550781,372.3800048828125,372.3800048828125,7184.0
2025-12-04T18:10:00Z,372.29998779296875,372.3999938964844,372.25,372.30499267578125,372.30499267578125,4526.0
2025-12-04T18:11:00Z,372.2200012207031,372.2325134277344,372.04998779296875,372.1000061035156,372.1000061035156,3936.0
2025-12-04T18:12:00Z,372.1000061035156,372.1000061035156,372.0299987792969,372.0299987792969,372.0299987792969,1233.0
2025-12-04T18:13:00Z,372.1499938964844,372.2300109863281,372.1499938964844,372.2300109863281,372.2300109863281,1432.0
2025-12-04T18:14:00Z,372.2099914550781,372.3500061035156,372.1600036621094,372.2149963378906,372.2149963378906,3771.0
2025-12-04T18:15:00Z,372.2699890136719,372.29998779296875,372.2300109863281,372.239990234375,372.239990234375,1277.0
2025-12-04T18:16:00Z,372.30999755859375,372.3699951171875,372.193115234375,372.3500061035156,372.3500061035156,4860.0
2025-12-04T18:17:00Z,372.3900146484375,372.4800109863281,372.385009765625,372.385009765625,372.385009765625,1603.0
2025-12-04T18:18:00Z,372.3949890136719,372.4150085449219,372.30999755859375,372.3299865722656,372.3299865722656,2576.0
2025-12-04T18:19:00Z,372.32501220703125,372.3398132324219,372.239990234375,372.2900085449219,372.2900085449219,1634.0
2025-12-04T18:20:00Z,372.2900085449219,372.3500061035156,372.2900085449219,372.2900085449219,372.2900085449219,902.0
2025-12-04T18:21:00Z,372.3699951171875,372.6000061035156,372.3550109863281,372.5201110839844,372.5201110839844,4913.0
2025-12-04T18:22:00Z,372.44000244140625,372.739990234375,372.44000244140625,372.6650085449219,372.6650085449219,2145.0
2025-12-04T18:23:00Z,372.6650085449219,372.7099914550781,372.55999755859375,372.7099914550781,372.7099914550781,2174.0
2025-12-04T18:24:00Z,372.67999267578125,372.739990234375,372.67999267578125,372.7149963378906,372.7149963378906,697.0
2025-12-04T18:25:00Z,372.6499938964844,372.739990234375,372.55950927734375,372.70001220703125,372.70001220703125,3486.0
2025-12-04T18:26:00Z,372.75,372.7699890136719,372.6199951171875,372.7300109863281,372.7300109863281,3385.0
2025-12-04T18:27:00Z,372.7300109863281,372.7572021484375,372.6199951171875,372.68499755859375,372.68499755859375,1250.0
2025-12-04T18:28:00Z,372.6199951171875,372.67999267578125,372.5,372.67999267578125,372.67999267578125,1982.0
2025-12-04T18:29:00Z,372.6050109863281,372.7300109863281,372.6050109863281,372.6600036621094,372.6600036621094,1994.0
2025-12-04T18:30:00Z,372.6199951171875,372.7699890136719,372.6199951171875,372.69000244140625,372.69000244140625,1256.0
2025-12-04T18:31:00Z,372.6400146484375,372.7099914550781,372.6400146484375,372.69000244140625,372.69000244140625,1263.0
2025-12-04T18:32:00Z,372.70001220703125,372.7698974609375,372.6200866699219,372.7698974609375,372.7698974609375,2072.0
2025-12-04T18:33:00Z,372.6300048828125,372.69000244140625,372.43499755859375,372.43499755859375,372.43499755859375,2376.0
2025-12-04T18:34:00Z,372.5,372.6199951171875,372.43499755859375,372.6199951171875,372.6199951171875,1648.0
2025-12-04T18:35:00Z,372.57000732421875,372.57000732421875,372.45001220703125,372.4599914550781,372.4599914550781,887.0
2025-12-04T18:36:00Z,372.4599914550781,372.5299987792969,372.37451171875,372.5299987792969,372.5299987792969,794.0
2025-12-04T18:37:00Z,372.5199890136719,372.5199890136719,372.34649658203125,372.3550109863281,372.3550109863281,4512.0
2025-12-04T18:38:00Z,372.3575134277344,372.42999267578125,372.3500061035156,372.42498779296875,372.42498779296875,1269.0
2025-12-04T18:39:00Z,372.45001220703125,372.510009765625,372.45001220703125,372.4599914550781,372.4599914550781,1172.0
2025-12-04T18:40:00Z,372.3999938964844,372.4800109863281,372.2749938964844,372.2749938964844,372.2749938964844,2404.0
2025-12-04T18:41:00Z,372.2099914550781,372.2099914550781,372.06500244140625,372.1400146484375,372.1400146484375,3876.0
2025-12-04T18:42:00Z,372.1400146484375,372.19000244140625,372.0899963378906,372.17498779296875,372.17498779296875,4311.0
2025-12-04T18:43:00Z,372.17498779296875,372.2200012207031,372.1449890136719,372.1449890136719,372.1449890136719,651.0
2025-12-04T18:44:00Z,372.1449890136719,372.2699890136719,372.0899963378906,372.177490234375,372.177490234375,1884.0
2025-12-04T18:45:00Z,372.18499755859375,372.239990234375,372.18499755859375,372.239990234375,372.239990234375,959.0
2025-12-04T18:46:00Z,372.2117919921875,372.30999755859375,372.2117919921875,372.30999755859375,372.30999755859375,1655.0
2025-12-04T18:47:00Z,372.30499267578125,372.30499267578125,372.30499267578125,372.30499267578125,372.30499267578125,308.0
2025-12-04T18:48:00Z,372.3500061035156,372.44000244140625,372.29998779296875,372.4200134277344,372.4200134277344,896.0
2025-12-04T18:49:00Z,372.3599853515625,372.3599853515625,372.3599853515625,372.3599853515625,372.3599853515625,656.0
2025-12-04T18:50:00Z,372.42999267578125,372.4534912109375,372.32000732421875,372.32000732421875,372.32000732421875,1320.0
2025-12-04T18:51:00Z,372.3900146484375,372.5400085449219,372.3900146484375,372.5035095214844,372.5035095214844,1499.0
2025-12-04T18:52:00Z,372.489990234375,372.489990234375,372.3999938964844,372.3999938964844,372.3999938964844,956.0
2025-12-04T18:53:00Z,372.4599914550781,372.54998779296875,372.440185546875,372.4800109863281,372.4800109863281,854.0
2025-12-04T18:54:00Z,372.5350036621094,372.5350036621094,372.489990234375,372.5,372.5,2456.0
2025-12-04T18:55:00Z,372.5,372.5,372.385009765625,372.4100036621094,372.4100036621094,2581.0
2025-12-04T18:56:00Z,372.42999267578125,372.44000244140625,372.3699951171875,372.44000244140625,372.44000244140625,1171.0
2025-12-04T18:57:00Z,372.4700012207031,372.5,372.4700012207031,372.4768981933594,372.4768981933594,812.0
2025-12-04T18:58:00Z,372.4750061035156,372.4800109863281,372.4100036621094,372.42999267578125,372.42999267578125,1232.0
2025-12-04T18:59:00Z,372.510009765625,372.61968994140625,372.489990234375,372.55499267578125,372.55499267578125,1178.0
2025-12-04T19:00:00Z,372.57000732421875,372.6300048828125,372.55999755859375,372.6300048828125,372.6300048828125,977.0
2025-12-04T19:01:00Z,372.5899963378906,372.82000732421875,372.5899963378906,372.739990234375,372.739990234375,3994.0
2025-12-04T19:02:00Z,372.739990234375,372.7550048828125,372.70001220703125,372.7300109863281,372.7300109863281,1749.0
2025-12-04T19:03:00Z,372.7349853515625,372.7749938964844,372.6000061035156,372.6300048828125,372.6300048828125,8599.0
2025-12-04T19:04:00Z,372.6549987792969,372.6549987792969,372.42999267578125,372.42999267578125,372.42999267578125,976.0
2025-12-04T19:05:00Z,372.42999267578125,372.4949951171875,372.3999938964844,372.44000244140625,372.44000244140625,1813.0
2025-12-04T19:06:00Z,372.4200134277344,372.5758056640625,372.4200134277344,372.489990234375,372.489990234375,3291.0
2025-12-04T19:07:00Z,372.5050048828125,372.5050048828125,372.2250061035156,372.260009765625,372.260009765625,1875.0
2025-12-04T19:08:00Z,372.2200012207031,372.3299865722656,372.2200012207031,372.2900085449219,372.2900085449219,4005.0
2025-12-04T19:09:00Z,372.2900085449219,372.32000732421875,372.2799987792969,372.2799987792969,372.2799987792969,770.0
2025-12-04T19:10:00Z,372.2799987792969,372.2799987792969,371.989990234375,371.989990234375,371.989990234375,3719.0
2025-12-04T19:11:00Z,371.94000244140625,371.9700012207031,371.8800048828125,371.9100036621094,371.9100036621094,2205.0
2025-12-04T19:12:00Z,371.92999267578125,371.9339904785156,371.8299865722656,371.8819885253906,371.8819885253906,1676.0
2025-12-04T19:13:00Z,371.8900146484375,371.8900146484375,371.6549987792969,371.7099914550781,371.7099914550781,5552.0
2025-12-04T19:14:00Z,371.7349853515625,371.7998962402344,371.6499938964844,371.7099914550781,371.7099914550781,2684.0
2025-12-04T19:15:00Z,371.6499938964844,371.6700134277344,371.4849853515625,371.5299987792969,371.5299987792969,4517.0
2025-12-04T19:16:00Z,371.4700012207031,371.4700012207031,371.3299865722656,371.3599853515625,371.3599853515625,1921.0
2025-12-04T19:17:00Z,371.3699951171875,371.4549865722656,371.3699951171875,371.4049987792969,371.4049987792969,2396.0
2025-12-04T19:18:00Z,371.3500061035156,371.4700012207031,371.17999267578125,371.17999267578125,371.17999267578125,1315.0
2025-12-04T19:19:00Z,371.17999267578125,371.17999267578125,370.90008544921875,370.92498779296875,370.92498779296875,3232.0
2025-12-04T19:20:00Z,371.0400085449219,371.0400085449219,370.67498779296875,370.80999755859375,370.80999755859375,10990.0
2025-12-04T19:21:00Z,370.7650146484375,370.8800048828125,370.4200134277344,370.8699951171875,370.8699951171875,5466.0
2025-12-04T19:22:00Z,370.8299865722656,370.8599853515625,370.55999755859375,370.6449890136719,370.6449890136719,3343.0
2025-12-04T19:23:00Z,370.3800048828125,370.6000061035156,370.3299865722656,370.6000061035156,370.6000061035156,2310.0
2025-12-04T19:24:00Z,370.510009765625,370.7099914550781,370.5050048828125,370.6449890136719,370.6449890136719,1793.0
2025-12-04T19:25:00Z,370.6650085449219,370.82501220703125,370.54998779296875,370.82501220703125,370.82501220703125,1639.0
2025-12-04T19:26:00Z,370.82501220703125,370.95001220703125,370.82501220703125,370.8450012207031,370.8450012207031,1084.0
2025-12-04T19:27:00Z,370.95001220703125,370.95001220703125,370.739990234375,370.8399963378906,370.8399963378906,1898.0
2025-12-04T19:28:00Z,370.8399963378906,370.92999267578125,370.8349914550781,370.8349914550781,370.8349914550781,667.0
2025-12-04T19:29:00Z,370.82000732421875,370.864013671875,370.7200012207031,370.864013671875,370.864013671875,2169.0
2025-12-04T19:30:00Z,370.7200012207031,370.9200134277344,370.7099914550781,370.9100036621094,370.9100036621094,1864.0
2025-12-04T19:31:00Z,370.8699951171875,370.989990234375,370.8699951171875,370.965087890625,370.965087890625,1494.0
2025-12-04T19:32:00Z,371.010009765625,371.05999755859375,370.9599914550781,371.0400085449219,371.0400085449219,1840.0
2025-12-04T19:33:00Z,371.0350036621094,371.05999755859375,370.9599914550781,371.0379943847656,371.0379943847656,1652.0
2025-12-04T19:34:00Z,371.0899963378906,371.125,371.0350036621094,371.1199951171875,371.1199951171875,2139.0
2025-12-04T19:35:00Z,371.19000244140625,371.3800048828125,371.1700134277344,371.35540771484375,371.35540771484375,3997.0
2025-12-04T19:36:00Z,371.4200134277344,371.6099853515625,371.3999938964844,371.6099853515625,371.6099853515625,2963.0
2025-12-04T19:37:00Z,371.5400085449219,371.60699462890625,371.4700012207031,371.5199890136719,371.5199890136719,2131.0
2025-12-04T19:38:00Z,371.5199890136719,371.5199890136719,371.2850036621094,371.32000732421875,371.32000732421875,2779.0
2025-12-04T19:39:00Z,371.2699890136719,371.3999938964844,371.2699890136719,371.30499267578125,371.30499267578125,2190.0
2025-12-04T19:40:00Z,371.30499267578125,371.4700012207031,371.30499267578125,371.3349914550781,371.3349914550781,1900.0
2025-12-04T19:41:00Z,371.2099914550781,371.2900085449219,371.0299987792969,371.05999755859375,371.05999755859375,2104.0
2025-12-04T19:42:00Z,371.2200012207031,371.2200012207031,370.9800109863281,371.1000061035156,371.1000061035156,699.0
2025-12-04T19:43:00Z,371.19500732421875,371.19500732421875,371.0799865722656,371.0799865722656,371.0799865722656,1154.0
2025-12-04T19:44:00Z,371.07501220703125,371.1600036621094,371.05499267578125,371.1600036621094,371.1600036621094,681.0
2025-12-04T19:45:00Z,371.17999267578125,371.260009765625,371.0799865722656,371.1650085449219,371.1650085449219,1920.0
2025-12-04T19:46:00Z,371.1650085449219,371.1687927246094,370.9700012207031,371.1687927246094,371.1687927246094,3761.0
2025-12-04T19:47:00Z,371.1099853515625,371.1700134277344,371.1099853515625,371.1099853515625,371.1099853515625,958.0
2025-12-04T19:48:00Z,371.1700134277344,371.2900085449219,371.1700134277344,371.2799987792969,371.2799987792969,2796.0
2025-12-04T19:49:00Z,371.2200012207031,371.2200012207031,371.0400085449219,371.0799865722656,371.0799865722656,2561.0
2025-12-04T19:50:00Z,371.0899963378906,371.1400146484375,370.9100036621094,370.9110107421875,370.9110107421875,6659.0
2025-12-04T19:51:00Z,370.95001220703125,370.9730224609375,370.8800048828125,370.92999267578125,370.92999267578125,1802.0
2025-12-04T19:52:00Z,370.92999267578125,371.1050109863281,370.8800048828125,371.0675048828125,371.0675048828125,2856.0
2025-12-04T19:53:00Z,371.0799865722656,371.08380126953125,371.0199890136719,371.0350036621094,371.0350036621094,1276.0
2025-12-04T19:54:00Z,371.0299987792969,371.1099853515625,370.989990234375,371.0799865722656,371.0799865722656,1301.0
2025-12-04T19:55:00Z,371.04998779296875,371.0899963378906,370.95001220703125,371.0899963378906,371.0899963378906,2710.0
2025-12-04T19:56:00Z,371.07000732421875,371.20001220703125,370.98199462890625,371.20001220703125,371.20001220703125,5135.0
2025-12-04T19:57:00Z,371.17498779296875,371.17498779296875,370.9599914550781,370.9599914550781,370.9599914550781,2911.0
2025-12-04T19:58:00Z,370.93499755859375,370.9700012207031,370.8399963378906,370.885009765625,370.885009765625,2602.0
2025-12-04T19:59:00Z,370.8800048828125,370.95001220703125,370.7309875488281,370.8550109863281,370.8550109863281,9479.0
2025-12-04T20:00:00Z,370.79998779296875,371.125,370.79998779296875,371.1000061035156,371.1000061035156,2482.0
2025-12-04T20:01:00Z,371.1099853515625,371.1099853515625,370.9150085449219,370.94500732421875,370.94500732421875,3138.0
2025-12-04T20:02:00Z,370.94500732421875,371.0799865722656,370.8599853515625,371.0199890136719,371.0199890136719,2822.0
2025-12-04T20:03:00Z,370.9599914550781,371.0899963378906,370.9599914550781,371.0199890136719,371.0199890136719,840.0
2025-12-04T20:04:00Z,371.0150146484375,371.0150146484375,370.8699951171875,370.8699951171875,370.8699951171875,2480.0
2025-12-04T20:05:00Z,370.8299865722656,370.8699951171875,370.7099914550781,370.8699951171875,370.8699951171875,5659.0
2025-12-04T20:06:00Z,370.80499267578125,370.8299865722656,370.55999755859375,370.614990234375,370.614990234375,2173.0
2025-12-04T20:07:00Z,370.54998779296875,370.6600036621094,370.5,370.614990234375,370.614990234375,8876.0
2025-12-04T20:08:00Z,370.6700134277344,370.7799987792969,370.54998779296875,370.68499755859375,370.68499755859375,1428.0
2025-12-04T20:09:00Z,370.7300109863281,370.8240051269531,370.7099914550781,370.7900085449219,370.7900085449219,3578.0
2025-12-04T20:10:00Z,370.8599853515625,370.94000244140625,370.79998779296875,370.9100036621094,370.9100036621094,6353.0
2025-12-04T20:11:00Z,370.9150085449219,370.92999267578125,370.79998779296875,370.92999267578125,370.92999267578125,5331.0
2025-12-04T20:12:00Z,370.94000244140625,371.0299987792969,370.8999938964844,370.99578857421875,370.99578857421875,3170.0
2025-12-04T20:13:00Z,370.93499755859375,371.0299987792969,370.93499755859375,371.0050048828125,371.0050048828125,1881.0
2025-12-04T20:14:00Z,371.0050048828125,371.0400085449219,370.9100036621094,370.9750061035156,370.9750061035156,3875.0
2025-12-04T20:15:00Z,370.94000244140625,370.94000244140625,370.7799987792969,370.82000732421875,370.82000732421875,5186.0
2025-12-04T20:16:00Z,370.8125,370.95001220703125,370.8125,370.8475036621094,370.8475036621094,8995.0
2025-12-04T20:17:00Z,370.8699951171875,370.9100036621094,370.7699890136719,370.9100036621094,370.9100036621094,1512.0
2025-12-04T20:18:00Z,370.8500061035156,371.0,370.739990234375,370.864990234375,370.864990234375,6357.0
2025-12-04T20:19:00Z,370.8299865722656,371.010009765625,370.79998779296875,370.9849853515625,370.9849853515625,4011.0
2025-12-04T20:20:00Z,371.010009765625,371.010009765625,370.79998779296875,370.82501220703125,370.82501220703125,3882.0
2025-12-04T20:21:00Z,370.82501220703125,370.8599853515625,370.75,370.8599853515625,370.8599853515625,1080.0
2025-12-04T20:22:00Z,370.8900146484375,371.0400085449219,370.875,370.9750061035156,370.9750061035156,5898.0
2025-12-04T20:23:00Z,370.9750061035156,371.04998779296875,370.9114990234375,370.9849853515625,370.9849853515625,4222.0
2025-12-04T20:24:00Z,370.9849853515625,371.0849914550781,370.8999938964844,370.9599914550781,370.9599914550781,7428.0
2025-12-04T20:25:00Z,370.93499755859375,370.989990234375,370.8699951171875,370.94000244140625,370.94000244140625,3121.0
2025-12-04T20:26:00Z,370.9599914550781,371.0882873535156,370.92999267578125,371.05999755859375,371.05999755859375,3846.0
2025-12-04T20:27:00Z,371.0199890136719,371.1400146484375,371.010009765625,371.0150146484375,371.0150146484375,2332.0
2025-12-04T20:28:00Z,371.0400085449219,371.1000061035156,370.94000244140625,370.9700012207031,370.9700012207031,4460.0
2025-12-04T20:29:00Z,370.9750061035156,370.9750061035156,370.7900085449219,370.9200134277344,370.9200134277344,3707.0
2025-12-04T20:30:00Z,370.8699951171875,371.05499267578125,370.80999755859375,370.8699951171875,370.8699951171875,10383.0
2025-12-04T20:31:00Z,370.864990234375,370.9200134277344,370.7300109863281,370.9200134277344,370.9200134277344,6481.0
2025-12-04T20:32:00Z,370.9200134277344,371.0899963378906,370.8500061035156,371.0400085449219,371.0400085449219,4279.0
2025-12-04T20:33:00Z,371.04998779296875,371.2099914550781,371.0299987792969,371.1199951171875,371.1199951171875,4707.0
2025-12-04T20:34:00Z,371.1000061035156,371.25,371.1000061035156,371.17999267578125,371.17999267578125,5365.0
2025-12-04T20:35:00Z,371.18499755859375,371.2074890136719,371.0799865722656,371.1499938964844,371.1499938964844,6782.0
2025-12-04T20:36:00Z,371.0899963378906,371.2300109863281,371.0400085449219,371.1000061035156,371.1000061035156,6506.0
2025-12-04T20:37:00Z,371.1050109863281,371.2384948730469,371.1050109863281,371.2200012207031,371.2200012207031,3571.0
2025-12-04T20:38:00Z,371.19000244140625,371.2300109863281,371.0899963378906,371.1099853515625,371.1099853515625,6343.0
2025-12-04T20:39:00Z,371.1199951171875,371.19000244140625,371.0899963378906,371.17999267578125,371.17999267578125,1937.0
2025-12-04T20:40:00Z,371.19000244140625,371.2799987792969,371.1199951171875,371.1449890136719,371.1449890136719,7231.0
2025-12-04T20:41:00Z,371.1000061035156,371.29998779296875,371.1000061035156,371.1650085449219,371.1650085449219,8151.0
2025-12-04T20:42:00Z,371.1650085449219,371.1700134277344,371.04998779296875,371.05999755859375,371.05999755859375,5879.0
2025-12-04T20:43:00Z,371.1199951171875,371.1400146484375,371.0400085449219,371.114990234375,371.114990234375,7743.0
2025-12-04T20:44:00Z,371.04998779296875,371.114990234375,370.9400939941406,371.010009765625,371.010009765625,4066.0
2025-12-04T20:45:00Z,371.0299987792969,371.1000061035156,370.92999267578125,370.95001220703125,370.95001220703125,7741.0
2025-12-04T20:46:00Z,370.92999267578125,371.0299987792969,370.86749267578125,370.94000244140625,370.94000244140625,3172.0
2025-12-04T20:47:00Z,370.9118957519531,370.9118957519531,370.6000061035156,370.6000061035156,370.6000061035156,5714.0
2025-12-04T20:48:00Z,370.5799865722656,370.5899963378906,370.3900146484375,370.42999267578125,370.42999267578125,11746.0
2025-12-04T20:49:00Z,370.4800109863281,370.5450134277344,370.3200988769531,370.4700012207031,370.4700012207031,4718.0
2025-12-04T20:50:00Z,370.54998779296875,370.9049987792969,370.54998779296875,370.8299865722656,370.8299865722656,9222.0
2025-12-04T20:51:00Z,370.8500061035156,370.8699951171875,370.7149963378906,370.8399963378906,370.8399963378906,6004.0
2025-12-04T20:52:00Z,370.9100036621094,370.9599914550781,370.8500061035156,370.9200134277344,370.9200134277344,7379.0
2025-12-04T20:53:00Z,370.9599914550781,371.0,370.8810119628906,370.9800109863281,370.9800109863281,4711.0
2025-12-04T20:54:00Z,371.0,371.07000732421875,370.7799987792969,370.94000244140625,370.94000244140625,9045.0
2025-12-04T20:55:00Z,370.9200134277344,371.1300048828125,370.70001220703125,371.1199951171875,371.1199951171875,15588.0
2025-12-04T20:56:00Z,371.1300048828125,371.1400146484375,370.8699951171875,370.8900146484375,370.8900146484375,10820.0
2025-12-04T20:57:00Z,370.9100036621094,371.1099853515625,370.9100036621094,371.07000732421875,371.07000732421875,21416.0
2025-12-04T20:58:00Z,371.07000732421875,371.1199951171875,370.875,370.9049987792969,370.9049987792969,14951.0
2025-12-04T20:59:00Z,370.9100036621094,371.2099914550781,370.8500061035156,371.2099914550781,371.2099914550781,45589.0
2025-12-05T14:30:00Z,369.45001220703125,370.54998779296875,369.05999755859375,370.260009765625,370.260009765625,24432.0
2025-12-05T14:31:00Z,370.2650146484375,370.2650146484375,369.6099853515625,369.989990234375,369.989990234375,3546.0
2025-12-05T14:32:00Z,369.94500732421875,370.6000061035156,369.8057861328125,370.2250061035156,370.2250061035156,3809.0
2025-12-05T14:33:00Z,370.4800109863281,370.54998779296875,370.30999755859375,370.44000244140625,370.44000244140625,2171.0
2025-12-05T14:34:00Z,370.45001220703125,370.6600036621094,370.2099914550781,370.6600036621094,370.6600036621094,1254.0
2025-12-05T14:35:00Z,370.5190124511719,370.7654113769531,370.15899658203125,370.5400085449219,370.5400085449219,4553.0
2025-12-05T14:36:00Z,370.5400085449219,370.70001220703125,370.5299987792969,370.57501220703125,370.57501220703125,1873.0
2025-12-05T14:37:00Z,370.6050109863281,370.8399963378906,370.6050109863281,370.7550048828125,370.7550048828125,2025.0
2025-12-05T14:38:00Z,370.8999938964844,371.3999938964844,370.8699951171875,371.3900146484375,371.3900146484375,3101.0
2025-12-05T14:39:00Z,371.6400146484375,372.0400085449219,371.6400146484375,371.8800048828125,371.8800048828125,4267.0
2025-12-05T14:40:00Z,372.0,372.3923034667969,371.8999938964844,372.3923034667969,372.3923034667969,2208.0
2025-12-05T14:41:00Z,372.3999938964844,372.8599853515625,372.3999938964844,372.7025146484375,372.7025146484375,10661.0
2025-12-05T14:42:00Z,372.69500732421875,373.05999755859375,372.6499938964844,372.7799987792969,372.7799987792969,7044.0
2025-12-05T14:43:00Z,372.739990234375,373.2799987792969,372.6400146484375,373.1625061035156,373.1625061035156,6338.0
2025-12-05T14:44:00Z,373.1600036621094,373.2699890136719,372.55999755859375,372.5799865722656,372.5799865722656,9025.0
2025-12-05T14:45:00Z,372.5799865722656,372.95001220703125,372.1499938964844,372.2200012207031,372.2200012207031,6376.0
2025-12-05T14:46:00Z,372.2325134277344,372.3500061035156,371.6700134277344,372.3500061035156,372.3500061035156,3354.0
2025-12-05T14:47:00Z,372.17498779296875,372.5299987792969,372.17498779296875,372.44500732421875,372.44500732421875,1654.0
2025-12-05T14:48:00Z,372.4700012207031,372.5400085449219,372.2049865722656,372.4649963378906,372.4649963378906,2631.0
2025-12-05T14:49:00Z,372.19000244140625,372.5,372.1600036621094,372.45001220703125,372.45001220703125,2302.0
2025-12-05T14:50:00Z,372.3949890136719,372.5299987792969,372.1567077636719,372.3900146484375,372.3900146484375,6016.0
2025-12-05T14:51:00Z,372.489990234375,372.489990234375,372.0199890136719,372.0299987792969,372.0299987792969,7111.0
2025-12-05T14:52:00Z,372.0299987792969,372.17999267578125,372.0299987792969,372.17498779296875,372.17498779296875,1043.0
2025-12-05T14:53:00Z,372.2449951171875,372.510009765625,372.17999267578125,372.32501220703125,372.32501220703125,4294.0
2025-12-05T14:54:00Z,372.32501220703125,372.5050048828125,372.0299987792969,372.1099853515625,372.1099853515625,5704.0
2025-12-05T14:55:00Z,372.156005859375,372.2099914550781,371.75,372.1300048828125,372.1300048828125,11665.0
2025-12-05T14:56:00Z,372.1099853515625,372.4150085449219,372.010009765625,372.4150085449219,372.4150085449219,8615.0
2025-12-05T14:57:00Z,372.4150085449219,372.4150085449219,372.0799865722656,372.1499938964844,372.1499938964844,4062.0
2025-12-05T14:58:00Z,372.1499938964844,372.239990234375,372.0450134277344,372.239990234375,372.239990234375,2920.0
2025-12-05T14:59:00Z,372.3800048828125,372.5899963378906,372.3299865722656,372.57501220703125,372.57501220703125,3617.0
2025-12-05T15:00:00Z,372.57501220703125,373.1099853515625,372.57501220703125,372.9649963378906,372.9649963378906,8990.0
2025-12-05T15:01:00Z,373.01239013671875,373.32000732421875,372.989990234375,373.2550048828125,373.2550048828125,2977.0
2025-12-05T15:02:00Z,373.25250244140625,373.5400085449219,373.25250244140625,373.5050048828125,373.5050048828125,4841.0
2025-12-05T15:03:00Z,373.5849914550781,374.2099914550781,373.5849914550781,374.20001220703125,374.20001220703125,7828.0
2025-12-05T15:04:00Z,374.1449890136719,374.3699951171875,374.07000732421875,374.2300109863281,374.2300109863281,9169.0
2025-12-05T15:05:00Z,374.239990234375,374.72119140625,374.0799865722656,374.72119140625,374.72119140625,10335.0
2025-12-05T15:06:00Z,374.760009765625,374.875,374.5199890136719,374.54998779296875,374.54998779296875,7235.0
2025-12-05T15:07:00Z,374.54998779296875,374.61199951171875,373.94000244140625,373.95001220703125,373.95001220703125,10323.0
2025-12-05T15:08:00Z,373.94000244140625,374.0184020996094,373.7200012207031,373.875,373.875,8842.0
2025-12-05T15:09:00Z,373.8800048828125,374.1099853515625,373.7900085449219,374.07501220703125,374.07501220703125,4715.0
2025-12-05T15:10:00Z,374.1099853515625,374.5,374.0199890136719,374.3800048828125,374.3800048828125,11710.0
2025-12-05T15:11:00Z,374.3900146484375,374.3900146484375,373.9700012207031,374.1650085449219,374.1650085449219,4249.0
2025-12-05T15:12:00Z,374.1600036621094,374.2225036621094,373.9599914550781,374.1017150878906,374.1017150878906,9649.0
2025-12-05T15:13:00Z,374.14990234375,374.1700134277344,373.94000244140625,374.1050109863281,374.1050109863281,5625.0
2025-12-05T15:14:00Z,374.1050109863281,374.24859619140625,374.0249938964844,374.0249938964844,374.0249938964844,2882.0
2025-12-05T15:15:00Z,374.0199890136719,374.0299987792969,373.6600036621094,373.7300109863281,373.7300109863281,6631.0
2025-12-05T15:16:00Z,373.6700134277344,373.80999755859375,373.489990234375,373.70001220703125,373.70001220703125,7027.0
2025-12-05T15:17:00Z,373.70001220703125,373.79998779296875,373.489990234375,373.614990234375,373.614990234375,12230.0
2025-12-05T15:18:00Z,373.4200134277344,373.4200134277344,373.260009765625,373.3800048828125,373.3800048828125,5269.0
2025-12-05T15:19:00Z,373.3699951171875,373.3699951171875,373.04998779296875,373.1449890136719,373.1449890136719,4295.0
2025-12-05T15:20:00Z,373.0199890136719,373.3299865722656,373.0199890136719,373.1400146484375,373.1400146484375,3622.0
2025-12-05T15:21:00Z,373.2049865722656,373.5299987792969,373.2049865722656,373.3999938964844,373.3999938964844,7058.0
2025-12-05T15:22:00Z,373.3999938964844,373.4150085449219,373.2799987792969,373.3949890136719,373.3949890136719,2217.0
2025-12-05T15:23:00Z,373.3949890136719,373.3949890136719,373.1600036621094,373.23431396484375,373.23431396484375,1864.0
2025-12-05T15:24:00Z,373.2900085449219,373.510009765625,373.19000244140625,373.5050048828125,373.5050048828125,3462.0
2025-12-05T15:25:00Z,373.55999755859375,373.5799865722656,373.5086975097656,373.510009765625,373.510009765625,1339.0
2025-12-05T15:26:00Z,373.5899963378906,373.6698913574219,373.3500061035156,373.44000244140625,373.44000244140625,3299.0
2025-12-05T15:27:00Z,373.3399963378906,373.4237976074219,373.25,373.3399963378906,373.3399963378906,2250.0
2025-12-05T15:28:00Z,373.25,373.4700012207031,373.1499938964844,373.43499755859375,373.43499755859375,4751.0
2025-12-05T15:29:00Z,373.510009765625,373.6000061035156,373.510009765625,373.5249938964844,373.5249938964844,1149.0
2025-12-05T15:30:00Z,373.5249938964844,373.6499938964844,373.2250061035156,373.2250061035156,373.2250061035156,5279.0
2025-12-05T15:31:00Z,373.2250061035156,373.385009765625,373.2250061035156,373.260009765625,373.260009765625,1935.0
2025-12-05T15:32:00Z,373.260009765625,373.4200134277344,373.260009765625,373.3299865722656,373.3299865722656,2729.0
2025-12-05T15:33:00Z,373.31500244140625,373.3299865722656,373.07000732421875,373.20001220703125,373.20001220703125,5285.0
2025-12-05T15:34:00Z,373.19500732421875,373.364990234375,373.18548583984375,373.30499267578125,373.30499267578125,2648.0
2025-12-05T15:35:00Z,373.30499267578125,373.3500061035156,373.19000244140625,373.2850036621094,373.2850036621094,2453.0
2025-12-05T15:36:00Z,373.2850036621094,373.3800048828125,373.2850036621094,373.3299865722656,373.3299865722656,1872.0
2025-12-05T15:37:00Z,373.4100036621094,373.6700134277344,373.4100036621094,373.6199951171875,373.6199951171875,3287.0
2025-12-05T15:38:00Z,373.7300109863281,373.8599853515625,373.57000732421875,373.57000732421875,373.57000732421875,1845.0
2025-12-05T15:39:00Z,373.57000732421875,373.5899963378906,373.45001220703125,373.4849853515625,373.4849853515625,3969.0
2025-12-05T15:40:00Z,373.4849853515625,373.69000244140625,373.4849853515625,373.69000244140625,373.69000244140625,1514.0
2025-12-05T15:41:00Z,373.67999267578125,373.7799987792969,373.5299987792969,373.7349853515625,373.7349853515625,2303.0
2025-12-05T15:42:00Z,373.7349853515625,373.7349853515625,373.489990234375,373.55999755859375,373.55999755859375,2922.0
2025-12-05T15:43:00Z,373.6300048828125,373.70001220703125,373.3500061035156,373.3500061035156,373.3500061035156,3571.0
2025-12-05T15:44:00Z,373.3599853515625,373.4949951171875,373.3599853515625,373.4949951171875,373.4949951171875,1759.0
2025-12-05T15:45:00Z,373.489990234375,373.489990234375,373.3599853515625,373.3599853515625,373.3599853515625,3662.0
2025-12-05T15:46:00Z,373.3599853515625,373.54998779296875,373.1400146484375,373.4849853515625,373.4849853515625,5616.0
2025-12-05T15:47:00Z,373.5400085449219,373.69000244140625,373.4281921386719,373.69000244140625,373.69000244140625,2390.0
2025-12-05T15:48:00Z,373.70001220703125,373.7099914550781,373.5376892089844,373.5899963378906,373.5899963378906,801.0
2025-12-05T15:49:00Z,373.6099853515625,373.6424865722656,373.3999938964844,373.45001220703125,373.45001220703125,2789.0
2025-12-05T15:50:00Z,373.5,373.6000061035156,373.3999938964844,373.55499267578125,373.55499267578125,4207.0
2025-12-05T15:51:00Z,373.56500244140625,373.635009765625,373.4599914550781,373.4599914550781,373.4599914550781,2606.0
2025-12-05T15:52:00Z,373.6494140625,373.739990234375,373.4599914550781,373.5400085449219,373.5400085449219,4255.0
2025-12-05T15:53:00Z,373.5400085449219,373.7149963378906,373.4100036621094,373.6099853515625,373.6099853515625,1399.0
2025-12-05T15:54:00Z,373.6099853515625,373.7099914550781,373.6000061035156,373.6000061035156,373.6000061035156,1894.0
2025-12-05T15:55:00Z,373.6000061035156,373.6499938964844,373.5400085449219,373.55999755859375,373.55999755859375,3437.0
2025-12-05T15:56:00Z,373.57501220703125,373.57501220703125,373.29998779296875,373.29998779296875,373.29998779296875,7808.0
2025-12-05T15:57:00Z,373.3399963378906,373.46990966796875,373.1400146484375,373.25,373.25,5340.0
2025-12-05T15:58:00Z,373.25,373.29998779296875,373.05999755859375,373.05999755859375,373.05999755859375,2638.0
2025-12-05T15:59:00Z,373.1300048828125,373.2200012207031,373.05999755859375,373.1499938964844,373.1499938964844,1930.0
2025-12-05T16:00:00Z,373.2250061035156,373.42999267578125,373.2250061035156,373.42999267578125,373.42999267578125,2961.0
2025-12-05T16:01:00Z,373.42999267578125,373.510009765625,373.260009765625,373.260009765625,373.260009765625,3694.0
2025-12-05T16:02:00Z,373.20001220703125,373.21099853515625,373.05999755859375,373.19500732421875,373.19500732421875,2343.0
2025-12-05T16:03:00Z,373.0899963378906,373.2300109863281,373.0799865722656,373.1700134277344,373.1700134277344,3131.0
2025-12-05T16:04:00Z,373.1000061035156,373.239990234375,373.1000061035156,373.2250061035156,373.2250061035156,6024.0
2025-12-05T16:05:00Z,373.17999267578125,373.3500061035156,373.17999267578125,373.3500061035156,373.3500061035156,3350.0
2025-12-05T16:06:00Z,373.3299865722656,373.6400146484375,373.3299865722656,373.4800109863281,373.4800109863281,3834.0
2025-12-05T16:07:00Z,373.5,373.5,373.30499267578125,373.4949951171875,373.4949951171875,3506.0
2025-12-05T16:08:00Z,373.5950012207031,373.5950012207031,373.3599853515625,373.4700012207031,373.4700012207031,983.0
2025-12-05T16:09:00Z,373.4649963378906,373.4649963378906,373.3500061035156,373.3800048828125,373.3800048828125,3382.0
2025-12-05T16:10:00Z,373.29998779296875,373.3599853515625,373.2200012207031,373.3550109863281,373.3550109863281,2780.0
2025-12-05T16:11:00Z,373.29998779296875,373.7300109863281,373.2699890136719,373.7300109863281,373.7300109863281,2570.0
2025-12-05T16:12:00Z,373.760009765625,373.9200134277344,373.5400085449219,373.5400085449219,373.5400085449219,2529.0
2025-12-05T16:13:00Z,373.5400085449219,373.70001220703125,373.5400085449219,373.70001220703125,373.70001220703125,645.0
2025-12-05T16:14:00Z,373.6199951171875,373.6400146484375,373.5400085449219,373.5950012207031,373.5950012207031,2279.0
2025-12-05T16:15:00Z,373.5400085449219,373.614990234375,373.510009765625,373.61248779296875,373.61248779296875,2480.0
2025-12-05T16:16:00Z,373.510009765625,373.6099853515625,373.45001220703125,373.4849853515625,373.4849853515625,3390.0
2025-12-05T16:17:00Z,373.45001220703125,373.614990234375,373.3500061035156,373.6050109863281,373.6050109863281,4982.0
2025-12-05T16:18:00Z,373.7200012207031,373.75,373.6099853515625,373.70001220703125,373.70001220703125,1744.0
2025-12-05T16:19:00Z,373.6300048828125,373.6400146484375,373.4100036621094,373.4100036621094,373.4100036621094,2035.0
2025-12-05T16:20:00Z,373.3299865722656,373.3450012207031,373.2650146484375,373.2650146484375,373.2650146484375,2454.0
2025-12-05T16:21:00Z,373.31500244140625,373.5,373.2099914550781,373.4368896484375,373.4368896484375,2655.0
2025-12-05T16:26:00Z,373.5,373.6099853515625,373.3999938964844,373.6099853515625,373.6099853515625,13061.0
2025-12-05T16:27:00Z,373.54998779296875,373.6499938964844,373.42999267578125,373.6499938964844,373.6499938964844,2962.0
2025-12-05T16:28:00Z,373.6400146484375,373.6400146484375,373.42999267578125,373.5,373.5,2683.0
2025-12-05T16:29:00Z,373.42999267578125,373.42999267578125,373.1000061035156,373.239990234375,373.239990234375,3644.0
2025-12-05T16:30:00Z,373.1600036621094,373.19000244140625,373.05999755859375,373.05999755859375,373.05999755859375,2856.0
2025-12-05T16:31:00Z,373.05999755859375,373.135009765625,372.7200012207031,372.80999755859375,372.80999755859375,4597.0
2025-12-05T16:32:00Z,372.80999755859375,373.1400146484375,372.79998779296875,373.1400146484375,373.1400146484375,3547.0
2025-12-05T16:33:00Z,373.1400146484375,373.19000244140625,373.0400085449219,373.114990234375,373.114990234375,2777.0
2025-12-05T16:34:00Z,373.1449890136719,373.20001220703125,372.9800109863281,373.0450134277344,373.0450134277344,1680.0
2025-12-05T16:35:00Z,373.11468505859375,373.2900085449219,373.0329895019531,373.2099914550781,373.2099914550781,1891.0
2025-12-05T16:36:00Z,373.19500732421875,373.3800048828125,373.1199951171875,373.1449890136719,373.1449890136719,1653.0
2025-12-05T16:37:00Z,373.1099853515625,373.1400146484375,372.9049987792969,373.1400146484375,373.1400146484375,4656.0
2025-12-05T16:38:00Z,373.07000732421875,373.07000732421875,372.92999267578125,373.0350036621094,373.0350036621094,2360.0
2025-12-05T16:39:00Z,373.0350036621094,373.0350036621094,372.7200012207031,372.7200012207031,372.7200012207031,3545.0
2025-12-05T16:40:00Z,372.7200012207031,372.7900085449219,372.5299987792969,372.760009765625,372.760009765625,8768.0
2025-12-05T16:41:00Z,372.7349853515625,372.7650146484375,372.6700134277344,372.6700134277344,372.6700134277344,1635.0
2025-12-05T16:42:00Z,372.6600036621094,372.9549865722656,372.510009765625,372.9549865722656,372.9549865722656,4964.0
2025-12-05T16:43:00Z,373.0150146484375,373.12750244140625,372.95001220703125,372.9800109863281,372.9800109863281,2948.0
2025-12-05T16:44:00Z,372.9549865722656,372.9549865722656,372.7300109863281,372.7900085449219,372.7900085449219,2232.0
2025-12-05T16:45:00Z,372.80999755859375,372.82501220703125,372.69000244140625,372.81500244140625,372.81500244140625,4491.0
2025-12-05T16:46:00Z,372.82501220703125,372.8699951171875,372.7200012207031,372.8500061035156,372.8500061035156,8795.0
2025-12-05T16:47:00Z,372.760009765625,372.8550109863281,372.5799865722656,372.6094970703125,372.6094970703125,3702.0
2025-12-05T16:48:00Z,372.6059875488281,372.739990234375,372.6059875488281,372.6300048828125,372.6300048828125,2055.0
2025-12-05T16:49:00Z,372.6600036621094,372.8399963378906,372.6499938964844,372.7749938964844,372.7749938964844,5178.0
2025-12-05T16:50:00Z,372.760009765625,372.8349914550781,372.6000061035156,372.6549987792969,372.6549987792969,4989.0
2025-12-05T16:51:00Z,372.6549987792969,372.6549987792969,372.4100036621094,372.4100036621094,372.4100036621094,3042.0
2025-12-05T16:52:00Z,372.6499938964844,372.6650085449219,372.55999755859375,372.6600036621094,372.6600036621094,3894.0
2025-12-05T16:53:00Z,372.6600036621094,372.79998779296875,372.6600036621094,372.75,372.75,1675.0
2025-12-05T16:54:00Z,372.6000061035156,372.6675109863281,372.54998779296875,372.5849914550781,372.5849914550781,2752.0
2025-12-05T16:55:00Z,372.54998779296875,372.70001220703125,372.54998779296875,372.625,372.625,2773.0
2025-12-05T16:56:00Z,372.69000244140625,372.7539978027344,372.6199951171875,372.7539978027344,372.7539978027344,1745.0
2025-12-05T16:57:00Z,372.7659912109375,372.8500061035156,372.7300109863281,372.75,372.75,12838.0
2025-12-05T16:58:00Z,372.7300109863281,372.8599853515625,372.7300109863281,372.75,372.75,7705.0
2025-12-05T16:59:00Z,372.7099914550781,372.7550048828125,372.4049987792969,372.4049987792969,372.4049987792969,3682.0
2025-12-05T17:00:00Z,372.32000732421875,372.3500061035156,372.17999267578125,372.17999267578125,372.17999267578125,3152.0
2025-12-05T17:01:00Z,372.2300109863281,372.25,372.07000732421875,372.1300048828125,372.1300048828125,1828.0
2025-12-05T17:02:00Z,372.1300048828125,372.2200012207031,372.0199890136719,372.1400146484375,372.1400146484375,4633.0
2025-12-05T17:03:00Z,372.0950012207031,372.2300109863281,372.0249938964844,372.2300109863281,372.2300109863281,1106.0
2025-12-05T17:04:00Z,372.260009765625,372.3900146484375,372.260009765625,372.31500244140625,372.31500244140625,2681.0
2025-12-05T17:05:00Z,372.239990234375,372.2974853515625,372.20001220703125,372.22601318359375,372.22601318359375,2932.0
2025-12-05T17:08:00Z,371.92999267578125,371.989990234375,371.8800048828125,371.9700012207031,371.9700012207031,7543.0
2025-12-05T17:09:00Z,371.8800048828125,372.19500732421875,371.8599853515625,372.19500732421875,372.19500732421875,2165.0
2025-12-05T17:10:00Z,372.2699890136719,372.3699951171875,372.2300109863281,372.2300109863281,372.2300109863281,847.0
2025-12-05T17:11:00Z,372.2185974121094,372.2185974121094,371.8800048828125,371.9537048339844,371.9537048339844,2950.0
2025-12-05T17:12:00Z,371.89300537109375,372.0299987792969,371.89300537109375,372.0299987792969,372.0299987792969,1564.0
2025-12-05T17:13:00Z,372.0299987792969,372.1499938964844,372.0150146484375,372.1449890136719,372.1449890136719,1556.0
2025-12-05T17:14:00Z,372.1449890136719,372.239990234375,372.1449890136719,372.239990234375,372.239990234375,599.0
2025-12-05T17:15:00Z,372.1600036621094,372.260009765625,372.125,372.2099914550781,372.2099914550781,3347.0
2025-12-05T17:16:00Z,372.2300109863281,372.32000732421875,372.1099853515625,372.2749938964844,372.2749938964844,1456.0
2025-12-05T17:17:00Z,372.3399963378906,372.4700012207031,372.1600036621094,372.20001220703125,372.20001220703125,3349.0
2025-12-05T17:18:00Z,372.1600036621094,372.1600036621094,372.1600036621094,372.1600036621094,372.1600036621094,107.0
2025-12-05T17:19:00Z,372.2200012207031,372.2850036621094,372.2200012207031,372.2850036621094,372.2850036621094,562.0
2025-12-05T17:20:00Z,372.2850036621094,372.3299865722656,372.1791076660156,372.3299865722656,372.3299865722656,926.0
2025-12-05T17:21:00Z,372.32501220703125,372.3500061035156,372.2200012207031,372.2699890136719,372.2699890136719,1527.0
2025-12-05T17:22:00Z,372.2699890136719,372.3399963378906,372.0950012207031,372.0950012207031,372.0950012207031,2733.0
2025-12-05T17:23:00Z,372.07501220703125,372.07501220703125,371.989990234375,372.06500244140625,372.06500244140625,1137.0
2025-12-05T17:24:00Z,372.0150146484375,372.0150146484375,371.95001220703125,371.9750061035156,371.9750061035156,1479.0
2025-12-05T17:25:00Z,372.07000732421875,372.1299133300781,371.9800109863281,372.0150146484375,372.0150146484375,1449.0
2025-12-05T17:26:00Z,371.92999267578125,371.9949951171875,371.8900146484375,371.8900146484375,371.8900146484375,1434.0
2025-12-05T17:27:00Z,371.8800048828125,371.98150634765625,371.79998779296875,371.9425048828125,371.9425048828125,1964.0
2025-12-05T17:28:00Z,371.8800048828125,371.8999938964844,371.7550048828125,371.82000732421875,371.82000732421875,2780.0
2025-12-05T17:29:00Z,371.7200012207031,371.82501220703125,371.6700134277344,371.7099914550781,371.7099914550781,1650.0
2025-12-05T17:30:00Z,371.75,371.8699951171875,371.75,371.8450012207031,371.8450012207031,1578.0
2025-12-05T17:31:00Z,371.8399963378906,371.8399963378906,371.75,371.760009765625,371.760009765625,913.0
2025-12-05T17:32:00Z,371.7799987792969,371.7799987792969,371.6700134277344,371.6700134277344,371.6700134277344,1881.0
2025-12-05T17:33:00Z,371.635009765625,371.635009765625,371.57000732421875,371.625,371.625,1998.0
2025-12-05T17:34:00Z,371.57000732421875,371.5950012207031,371.5400085449219,371.5950012207031,371.5950012207031,1024.0
2025-12-05T17:35:00Z,371.5950012207031,371.5950012207031,371.42999267578125,371.510009765625,371.510009765625,3045.0
2025-12-05T17:36:00Z,371.5050048828125,371.5050048828125,371.44000244140625,371.44000244140625,371.44000244140625,1030.0
2025-12-05T17:37:00Z,371.42999267578125,371.7200012207031,371.3299865722656,371.69500732421875,371.69500732421875,3385.0
2025-12-05T17:38:00Z,371.69000244140625,371.82501220703125,371.69000244140625,371.82501220703125,371.82501220703125,1043.0
2025-12-05T17:39:00Z,371.82501220703125,371.9200134277344,371.8175048828125,371.8999938964844,371.8999938964844,1161.0
2025-12-05T17:40:00Z,371.8999938964844,371.8999938964844,371.6700134277344,371.6960144042969,371.6960144042969,2894.0
2025-12-05T17:41:00Z,371.7099914550781,371.7200012207031,371.643798828125,371.7099914550781,371.7099914550781,1385.0
2025-12-05T17:42:00Z,371.70001220703125,371.7799987792969,371.6700134277344,371.7099914550781,371.7099914550781,1150.0
2025-12-05T17:43:00Z,371.7300109863281,371.8900146484375,371.7300109863281,371.8900146484375,371.8900146484375,1632.0
2025-12-05T17:44:00Z,371.79998779296875,371.9700012207031,371.79998779296875,371.9700012207031,371.9700012207031,1069.0
2025-12-05T17:45:00Z,371.885009765625,371.885009765625,371.7900085449219,371.80999755859375,371.80999755859375,1669.0
2025-12-05T17:46:00Z,371.80999755859375,371.8999938964844,371.80999755859375,371.80999755859375,371.80999755859375,1844.0
2025-12-05T17:47:00Z,371.8800048828125,371.9800109863281,371.864990234375,371.92498779296875,371.92498779296875,1443.0
2025-12-05T17:48:00Z,371.92498779296875,372.04998779296875,371.92498779296875,371.95001220703125,371.95001220703125,854.0
2025-12-05T17:49:00Z,371.92999267578125,371.989990234375,371.87249755859375,371.9750061035156,371.9750061035156,2527.0
2025-12-05T17:50:00Z,372.05999755859375,372.125,372.04998779296875,372.125,372.125,3569.0
2025-12-05T17:51:00Z,372.1099853515625,372.29998779296875,372.1099853515625,372.2850036621094,372.2850036621094,3905.0
2025-12-05T17:52:00Z,372.3699951171875,372.6099853515625,372.3699951171875,372.6099853515625,372.6099853515625,1003.0
2025-12-05T17:53:00Z,372.5150146484375,372.6199951171875,372.5150146484375,372.614990234375,372.614990234375,1152.0
2025-12-05T17:54:00Z,372.614990234375,372.67999267578125,372.614990234375,372.6700134277344,372.6700134277344,945.0
2025-12-05T17:55:00Z,372.67498779296875,372.7900085449219,372.55999755859375,372.7650146484375,372.7650146484375,5992.0
2025-12-05T17:56:00Z,372.7699890136719,372.7699890136719,372.6099853515625,372.6650085449219,372.6650085449219,2380.0
2025-12-05T17:57:00Z,372.67999267578125,372.9100036621094,372.67999267578125,372.8949890136719,372.8949890136719,1715.0
2025-12-05T17:58:00Z,372.9150085449219,372.94500732421875,372.9100036621094,372.94500732421875,372.94500732421875,1185.0
2025-12-05T17:59:00Z,372.94500732421875,373.0450134277344,372.94500732421875,373.0450134277344,373.0450134277344,1733.0
2025-12-05T18:00:00Z,373.0799865722656,373.32000732421875,373.0799865722656,373.2650146484375,373.2650146484375,1100.0
2025-12-05T18:01:00Z,373.30499267578125,373.30499267578125,373.2850036621094,373.2850036621094,373.2850036621094,343.0
2025-12-05T18:02:00Z,373.3500061035156,373.3999938964844,373.2300109863281,373.2850036621094,373.2850036621094,1832.0
2025-12-05T18:03:00Z,373.2799987792969,373.54998779296875,373.2799987792969,373.3800048828125,373.3800048828125,7947.0
2025-12-05T18:04:00Z,373.4549865722656,373.4649963378906,373.3800048828125,373.3900146484375,373.3900146484375,3650.0
2025-12-05T18:05:00Z,373.4150085449219,373.6700134277344,373.3900146484375,373.6700134277344,373.6700134277344,6971.0
2025-12-05T18:06:00Z,373.6700134277344,373.6700134277344,373.44000244140625,373.44000244140625,373.44000244140625,4564.0
2025-12-05T18:07:00Z,373.3900146484375,373.4543151855469,373.2900085449219,373.3299865722656,373.3299865722656,1681.0
2025-12-05T18:08:00Z,373.29998779296875,373.340087890625,373.29998779296875,373.3399963378906,373.3399963378906,1804.0
2025-12-05T18:09:00Z,373.3399963378906,373.6300048828125,373.3100891113281,373.5450134277344,373.5450134277344,3663.0
2025-12-05T18:10:00Z,373.5400085449219,373.6400146484375,373.4800109863281,373.5899963378906,373.5899963378906,4331.0
2025-12-05T18:11:00Z,373.5849914550781,373.6400146484375,373.54998779296875,373.625,373.625,3470.0
2025-12-05T18:12:00Z,373.625,373.6499938964844,373.55999755859375,373.6499938964844,373.6499938964844,2568.0
2025-12-05T18:13:00Z,373.6499938964844,373.6499938964844,373.55999755859375,373.55999755859375,373.55999755859375,2171.0
2025-12-05T18:14:00Z,373.56500244140625,373.56500244140625,373.4100036621094,373.4100036621094,373.4100036621094,3164.0
2025-12-05T18:15:00Z,373.44000244140625,373.44000244140625,373.2900085449219,373.3389892578125,373.3389892578125,3106.0
2025-12-05T18:16:00Z,373.2900085449219,373.2900085449219,373.1700134277344,373.2149963378906,373.2149963378906,3378.0
2025-12-05T18:17:00Z,373.17999267578125,373.20001220703125,373.0950012207031,373.1214904785156,373.1214904785156,3106.0
2025-12-05T18:18:00Z,373.04998779296875,373.04998779296875,372.8699951171875,372.8699951171875,372.8699951171875,1965.0
2025-12-05T18:19:00Z,372.8699951171875,372.9005126953125,372.7200012207031,372.7795104980469,372.7795104980469,3869.0
2025-12-05T18:20:00Z,372.739990234375,372.75,372.54998779296875,372.54998779296875,372.54998779296875,1631.0
2025-12-05T18:21:00Z,372.5199890136719,372.67999267578125,372.4049987792969,372.67999267578125,372.67999267578125,3310.0
2025-12-05T18:22:00Z,372.67999267578125,372.7196044921875,372.6600036621094,372.67999267578125,372.67999267578125,1098.0
2025-12-05T18:23:00Z,372.7799987792969,372.8399963378906,372.7049865722656,372.80999755859375,372.80999755859375,1709.0
2025-12-05T18:24:00Z,372.81500244140625,372.81500244140625,372.7300109863281,372.7300109863281,372.7300109863281,818.0
2025-12-05T18:25:00Z,372.80999755859375,372.889892578125,372.6589050292969,372.7965087890625,372.7965087890625,2179.0
2025-12-05T18:26:00Z,372.80499267578125,372.9100036621094,372.80499267578125,372.9100036621094,372.9100036621094,1606.0
2025-12-05T18:27:00Z,372.9150085449219,372.94000244140625,372.8399963378906,372.8949890136719,372.8949890136719,1351.0
2025-12-05T18:28:00Z,372.8949890136719,372.95001220703125,372.739990234375,372.8550109863281,372.8550109863281,4531.0
2025-12-05T18:29:00Z,372.8599853515625,372.94000244140625,372.8450012207031,372.8450012207031,372.8450012207031,1071.0
2025-12-05T18:30:00Z,372.8450012207031,373.0,372.75,372.885009765625,372.885009765625,2591.0
2025-12-05T18:31:00Z,372.885009765625,373.010009765625,372.885009765625,372.94500732421875,372.94500732421875,1087.0
2025-12-05T18:32:00Z,372.94000244140625,372.989990234375,372.9110107421875,372.989990234375,372.989990234375,1394.0
2025-12-05T18:33:00Z,372.9849853515625,373.1549987792969,372.9700012207031,373.1549987792969,373.1549987792969,6389.0
2025-12-05T18:34:00Z,373.2200012207031,373.25,373.1499938964844,373.1499938964844,373.1499938964844,1223.0
2025-12-05T18:35:00Z,373.1767883300781,373.1767883300781,372.6600036621094,372.6600036621094,372.6600036621094,4110.0
2025-12-05T18:36:00Z,372.6549987792969,372.70001220703125,372.3699951171875,372.45001220703125,372.45001220703125,3067.0
2025-12-05T18:37:00Z,372.44500732421875,372.6400146484375,372.3399963378906,372.6099853515625,372.6099853515625,6122.0
2025-12-05T18:38:00Z,372.57000732421875,372.57000732421875,372.55999755859375,372.57000732421875,372.57000732421875,905.0
2025-12-05T18:39:00Z,372.6300048828125,372.6575012207031,372.6300048828125,372.6575012207031,372.6575012207031,1336.0
2025-12-05T18:40:00Z,372.6449890136719,372.6449890136719,372.239990234375,372.2590026855469,372.2590026855469,2981.0
2025-12-05T18:41:00Z,372.1600036621094,372.20001220703125,372.07501220703125,372.18499755859375,372.18499755859375,1341.0
2025-12-05T18:42:00Z,372.18499755859375,372.18499755859375,372.0,372.0,372.0,2451.0
2025-12-05T18:43:00Z,372.0299987792969,372.1549987792969,372.0000915527344,372.0899963378906,372.0899963378906,1662.0
2025-12-05T18:44:00Z,372.0,372.1199951171875,371.9189147949219,372.05499267578125,372.05499267578125,2952.0
2025-12-05T18:45:00Z,372.04998779296875,372.114990234375,372.0299987792969,372.114990234375,372.114990234375,481.0
2025-12-05T18:46:00Z,372.0299987792969,372.0299987792969,371.8999938964844,371.9200134277344,371.9200134277344,4631.0
2025-12-05T18:47:00Z,371.9200134277344,372.07501220703125,371.9200134277344,371.9599914550781,371.9599914550781,2034.0
2025-12-05T18:48:00Z,371.9549865722656,371.989990234375,371.9549865722656,371.9549865722656,371.9549865722656,1062.0
2025-12-05T18:49:00Z,372.05999755859375,372.07501220703125,371.9800109863281,372.07501220703125,372.07501220703125,1436.0
2025-12-05T18:50:00Z,372.1650085449219,372.1650085449219,372.0050048828125,372.125,372.125,1252.0
2025-12-05T18:51:00Z,372.0400085449219,372.1199951171875,371.92999267578125,371.94000244140625,371.94000244140625,2178.0
2025-12-05T18:52:00Z,371.94000244140625,371.989990234375,371.8399963378906,371.94500732421875,371.94500732421875,2758.0
2025-12-05T18:53:00Z,372.0299987792969,372.06500244140625,372.0299987792969,372.06500244140625,372.06500244140625,555.0
2025-12-05T18:54:00Z,372.0950012207031,372.25,372.0899963378906,372.25,372.25,1139.0
2025-12-05T18:55:00Z,372.239990234375,372.239990234375,371.9800109863281,372.0,372.0,2125.0
2025-12-05T18:56:00Z,371.8900146484375,372.1099853515625,371.8599853515625,372.07501220703125,372.07501220703125,1737.0
2025-12-05T18:57:00Z,372.0775146484375,372.1199951171875,372.0,372.0849914550781,372.0849914550781,1776.0
2025-12-05T18:58:00Z,372.0799865722656,372.0799865722656,372.0799865722656,372.0799865722656,372.0799865722656,338.0
2025-12-05T18:59:00Z,372.0450134277344,372.0450134277344,371.92999267578125,371.989990234375,371.989990234375,1198.0
2025-12-05T19:00:00Z,371.989990234375,371.989990234375,371.6099853515625,371.6099853515625,371.6099853515625,3295.0
2025-12-05T19:01:00Z,371.6099853515625,371.70001220703125,371.5201110839844,371.6099853515625,371.6099853515625,4223.0
2025-12-05T19:02:00Z,371.6050109863281,371.69000244140625,371.5400085449219,371.6700134277344,371.6700134277344,2318.0
2025-12-05T19:03:00Z,371.739990234375,371.7735900878906,371.6499938964844,371.69000244140625,371.69000244140625,2596.0
2025-12-05T19:04:00Z,371.6099853515625,371.6099853515625,371.6099853515625,371.6099853515625,371.6099853515625,183.0
2025-12-05T19:05:00Z,371.6099853515625,371.67498779296875,371.5899963378906,371.6099853515625,371.6099853515625,1916.0
2025-12-05T19:06:00Z,371.6600036621094,371.80499267578125,371.6600036621094,371.7449951171875,371.7449951171875,2098.0
2025-12-05T19:07:00Z,371.7449951171875,371.8299865722656,371.6600036621094,371.7799987792969,371.7799987792969,2469.0
2025-12-05T19:08:00Z,371.7799987792969,371.7799987792969,371.5799865722656,371.6300048828125,371.6300048828125,1541.0
2025-12-05T19:09:00Z,371.6300048828125,371.760009765625,371.5799865722656,371.6990051269531,371.6990051269531,3897.0
2025-12-05T19:10:00Z,371.7349853515625,371.7900085449219,371.62298583984375,371.7550048828125,371.7550048828125,2304.0
2025-12-05T19:11:00Z,371.7200012207031,371.7200012207031,371.6199951171875,371.6199951171875,371.6199951171875,1897.0
2025-12-05T19:12:00Z,371.6600036621094,371.7195129394531,371.5899963378906,371.5899963378906,371.5899963378906,3597.0
2025-12-05T19:13:00Z,371.635009765625,371.7799987792969,371.6000061035156,371.67999267578125,371.67999267578125,2804.0
2025-12-05T19:14:00Z,371.6549987792969,371.7799987792969,371.6549987792969,371.739990234375,371.739990234375,1938.0
2025-12-05T19:15:00Z,371.739990234375,371.739990234375,371.5459899902344,371.6199951171875,371.6199951171875,2609.0
2025-12-05T19:16:00Z,371.69000244140625,371.739990234375,371.5,371.5400085449219,371.5400085449219,4810.0
2025-12-05T19:17:00Z,371.55999755859375,371.6000061035156,371.4599914550781,371.5249938964844,371.5249938964844,2011.0
2025-12-05T19:18:00Z,371.5249938964844,371.6000061035156,371.5249938964844,371.5675048828125,371.5675048828125,1382.0
2025-12-05T19:19:00Z,371.57000732421875,371.739990234375,371.5050048828125,371.6600036621094,371.6600036621094,2917.0
2025-12-05T19:20:00Z,371.6099853515625,371.7200012207031,371.5050048828125,371.7149963378906,371.7149963378906,2216.0
2025-12-05T19:21:00Z,371.7900085449219,371.8399963378906,371.6199951171875,371.7200012207031,371.7200012207031,3326.0
2025-12-05T19:22:00Z,371.6650085449219,371.7298889160156,371.6000061035156,371.6650085449219,371.6650085449219,3835.0
2025-12-05T19:23:00Z,371.6650085449219,371.69500732421875,371.5299987792969,371.56500244140625,371.56500244140625,3417.0
2025-12-05T19:24:00Z,371.56500244140625,371.5798034667969,371.5199890136719,371.57000732421875,371.57000732421875,833.0
2025-12-05T19:25:00Z,371.57000732421875,371.57000732421875,371.5,371.56500244140625,371.56500244140625,976.0
2025-12-05T19:26:00Z,371.56500244140625,371.6700134277344,371.56500244140625,371.635009765625,371.635009765625,2190.0
2025-12-05T19:27:00Z,371.635009765625,371.760009765625,371.635009765625,371.7049865722656,371.7049865722656,2050.0
2025-12-05T19:28:00Z,371.6499938964844,371.7550048828125,371.6160888671875,371.7550048828125,371.7550048828125,1695.0
2025-12-05T19:29:00Z,371.7550048828125,371.831787109375,371.7300109863281,371.831787109375,371.831787109375,1553.0
2025-12-05T19:30:00Z,371.7850036621094,371.8550109863281,371.7200012207031,371.7300109863281,371.7300109863281,2484.0
2025-12-05T19:31:00Z,371.6600036621094,371.7099914550781,371.5,371.5,371.5,3085.0
2025-12-05T19:32:00Z,371.4599914550781,371.4599914550781,371.3399963378906,371.3399963378906,371.3399963378906,1944.0
2025-12-05T19:33:00Z,371.4150085449219,371.5,371.4150085449219,371.42999267578125,371.42999267578125,1696.0
2025-12-05T19:34:00Z,371.42999267578125,371.510009765625,371.3800048828125,371.4750061035156,371.4750061035156,3709.0
2025-12-05T19:35:00Z,371.4631042480469,371.4775085449219,371.3599853515625,371.3599853515625,371.3599853515625,2448.0
2025-12-05T19:36:00Z,371.3999938964844,371.489990234375,371.3800048828125,371.489990234375,371.489990234375,3066.0
2025-12-05T19:37:00Z,371.42999267578125,371.4599914550781,371.3699951171875,371.42498779296875,371.42498779296875,927.0
2025-12-05T19:38:00Z,371.4800109863281,371.4800109863281,371.3800048828125,371.3800048828125,371.3800048828125,3723.0
2025-12-05T19:39:00Z,371.3800048828125,371.44500732421875,371.3800048828125,371.44500732421875,371.44500732421875,1432.0
2025-12-05T19:40:00Z,371.44500732421875,371.5199890136719,371.39129638671875,371.489990234375,371.489990234375,2358.0
2025-12-05T19:41:00Z,371.510009765625,371.5199890136719,371.4100036621094,371.4750061035156,371.4750061035156,1277.0
2025-12-05T19:42:00Z,371.4750061035156,371.55999755859375,371.3529968261719,371.3529968261719,371.3529968261719,4315.0
2025-12-05T19:43:00Z,371.3550109863281,371.3550109863281,371.1300048828125,371.1300048828125,371.1300048828125,2942.0
2025-12-05T19:44:00Z,371.125,371.3900146484375,371.125,371.375,371.375,6686.0
2025-12-05T19:45:00Z,371.3699951171875,371.43499755859375,371.3699951171875,371.375,371.375,1563.0
2025-12-05T19:46:00Z,371.375,371.375,371.2799987792969,371.3399963378906,371.3399963378906,2427.0
2025-12-05T19:47:00Z,371.3399963378906,371.45001220703125,371.3399963378906,371.3949890136719,371.3949890136719,1201.0
2025-12-05T19:48:00Z,371.3900146484375,371.44000244140625,371.3804016113281,371.3900146484375,371.3900146484375,1158.0
2025-12-05T19:49:00Z,371.410400390625,371.410400390625,371.410400390625,371.410400390625,371.410400390625,204.0
2025-12-05T19:50:00Z,371.3900146484375,371.5,371.32000732421875,371.4700012207031,371.4700012207031,4821.0
2025-12-05T19:51:00Z,371.42999267578125,371.6650085449219,371.42999267578125,371.6650085449219,371.6650085449219,2409.0
2025-12-05T19:52:00Z,371.6700134277344,371.6700134277344,371.6700134277344,371.6700134277344,371.6700134277344,171.0
2025-12-05T19:53:00Z,371.5899963378906,371.6300048828125,371.4700012207031,371.5150146484375,371.5150146484375,2154.0
2025-12-05T19:54:00Z,371.5150146484375,371.57000732421875,371.5,371.5400085449219,371.5400085449219,1768.0
2025-12-05T19:55:00Z,371.6099853515625,371.7300109863281,371.56500244140625,371.7300109863281,371.7300109863281,2285.0
2025-12-05T19:56:00Z,371.7200012207031,371.7200012207031,371.6700134277344,371.7049865722656,371.7049865722656,1198.0
2025-12-05T19:57:00Z,371.7300109863281,371.75,371.7099914550781,371.7300109863281,371.7300109863281,2991.0
2025-12-05T19:58:00Z,371.7300109863281,371.8599853515625,371.7300109863281,371.82501220703125,371.82501220703125,2009.0
2025-12-05T19:59:00Z,371.739990234375,371.739990234375,371.6099853515625,371.6400146484375,371.6400146484375,5529.0
2025-12-05T20:00:00Z,371.6097106933594,371.6400146484375,371.54998779296875,371.5899963378906,371.5899963378906,1991.0
2025-12-05T20:01:00Z,371.5899963378906,371.5899963378906,371.5199890136719,371.5224914550781,371.5224914550781,2732.0
2025-12-05T20:02:00Z,371.489990234375,371.489990234375,371.3599853515625,371.3599853515625,371.3599853515625,3729.0
2025-12-05T20:03:00Z,371.3599853515625,371.46990966796875,371.3500061035156,371.46990966796875,371.46990966796875,4897.0
2025-12-05T20:04:00Z,371.4100036621094,371.4599914550781,371.3999938964844,371.4100036621094,371.4100036621094,2345.0
2025-12-05T20:05:00Z,371.3500061035156,371.3699951171875,371.260009765625,371.3699951171875,371.3699951171875,5067.0
2025-12-05T20:06:00Z,371.3900146484375,371.45001220703125,371.3299865722656,371.3500061035156,371.3500061035156,2663.0
2025-12-05T20:07:00Z,371.30999755859375,371.389892578125,371.2518005371094,371.32000732421875,371.32000732421875,1647.0
2025-12-05T20:08:00Z,371.30499267578125,371.3500061035156,371.30499267578125,371.3500061035156,371.3500061035156,496.0
2025-12-05T20:09:00Z,371.2950134277344,371.29998779296875,371.25,371.29998779296875,371.29998779296875,3093.0
2025-12-05T20:10:00Z,371.25,371.2699890136719,370.92999267578125,370.93499755859375,370.93499755859375,9580.0
2025-12-05T20:11:00Z,371.0,371.239990234375,371.0,371.239990234375,371.239990234375,4997.0
2025-12-05T20:12:00Z,371.239990234375,371.29998779296875,371.17999267578125,371.2049865722656,371.2049865722656,2949.0
2025-12-05T20:13:00Z,371.17999267578125,371.2449951171875,371.1400146484375,371.20001220703125,371.20001220703125,2894.0
2025-12-05T20:14:00Z,371.20001220703125,371.20001220703125,371.1400146484375,371.19000244140625,371.19000244140625,1908.0
2025-12-05T20:15:00Z,371.18499755859375,371.3399963378906,371.18499755859375,371.30999755859375,371.30999755859375,2765.0
2025-12-05T20:16:00Z,371.3800048828125,371.4200134277344,371.3450012207031,371.3900146484375,371.3900146484375,3230.0
2025-12-05T20:17:00Z,371.4200134277344,371.4599914550781,371.3999938964844,371.4599914550781,371.4599914550781,4792.0
2025-12-05T20:18:00Z,371.4800109863281,371.510009765625,371.3900146484375,371.489990234375,371.489990234375,3404.0
2025-12-05T20:19:00Z,371.5400085449219,371.6199951171875,371.510009765625,371.5400085449219,371.5400085449219,1584.0
2025-12-05T20:20:00Z,371.55999755859375,371.5899963378906,371.42498779296875,371.4619140625,371.4619140625,5351.0
2025-12-05T20:21:00Z,371.5199890136719,371.5199890136719,371.3699951171875,371.3699951171875,371.3699951171875,2882.0
2025-12-05T20:22:00Z,371.3949890136719,371.5799865722656,371.3500061035156,371.5799865722656,371.5799865722656,12643.0
2025-12-05T20:23:00Z,371.5799865722656,371.7099914550781,371.56500244140625,371.6549987792969,371.6549987792969,3992.0
2025-12-05T20:24:00Z,371.70001220703125,371.7349853515625,371.6499938964844,371.7300109863281,371.7300109863281,1538.0
2025-12-05T20:25:00Z,371.7300109863281,371.7300109863281,371.6099853515625,371.614990234375,371.614990234375,6689.0
2025-12-05T20:26:00Z,371.614990234375,371.6499938964844,371.510009765625,371.6499938964844,371.6499938964844,4905.0
2025-12-05T20:27:00Z,371.65399169921875,371.7200012207031,371.6449890136719,371.6784973144531,371.6784973144531,2771.0
2025-12-05T20:28:00Z,371.6600036621094,371.70001220703125,371.57000732421875,371.5799865722656,371.5799865722656,4825.0
2025-12-05T20:29:00Z,371.55999755859375,371.7300109863281,371.55999755859375,371.69000244140625,371.69000244140625,3166.0
2025-12-05T20:30:00Z,371.67999267578125,371.69000244140625,371.5799865722656,371.6099853515625,371.6099853515625,3505.0
2025-12-05T20:31:00Z,371.6282653808594,371.6700134277344,371.5199890136719,371.625,371.625,8200.0
2025-12-05T20:32:00Z,371.6600036621094,372.0,371.614990234375,371.760009765625,371.760009765625,14040.0
2025-12-05T20:33:00Z,371.75,371.7699890136719,371.5400085449219,371.572509765625,371.572509765625,6452.0
2025-12-05T20:34:00Z,371.5799865722656,371.5799865722656,371.45001220703125,371.45001220703125,371.45001220703125,1906.0
2025-12-05T20:35:00Z,371.45001220703125,371.4800109863281,371.3999938964844,371.3999938964844,371.3999938964844,5638.0
2025-12-05T20:36:00Z,371.3599853515625,371.5299987792969,371.3450012207031,371.5,371.5,6539.0
2025-12-05T20:37:00Z,371.42999267578125,371.5,371.2699890136719,371.2699890136719,371.2699890136719,12011.0
2025-12-05T20:38:00Z,371.239990234375,371.2699890136719,371.20001220703125,371.20001220703125,371.20001220703125,2894.0
2025-12-05T20:39:00Z,371.19500732421875,371.29998779296875,371.19000244140625,371.2578125,371.2578125,3940.0
2025-12-05T20:40:00Z,371.23651123046875,371.23651123046875,371.0,371.0249938964844,371.0249938964844,6437.0
2025-12-05T20:41:00Z,371.0249938964844,371.0799865722656,370.9049987792969,370.9049987792969,370.9049987792969,9328.0
2025-12-05T20:42:00Z,370.8999938964844,371.0799865722656,370.8599853515625,371.07000732421875,371.07000732421875,7576.0
2025-12-05T20:43:00Z,371.0450134277344,371.1000061035156,371.0400085449219,371.0775146484375,371.0775146484375,2903.0
2025-12-05T20:44:00Z,371.1000061035156,371.1134948730469,370.8399963378906,370.8500061035156,370.8500061035156,6136.0
2025-12-05T20:45:00Z,370.8299865722656,370.8599853515625,370.7099914550781,370.75,370.75,5318.0
2025-12-05T20:46:00Z,370.75,370.8399963378906,370.55999755859375,370.61199951171875,370.61199951171875,8061.0
2025-12-05T20:47:00Z,370.54998779296875,370.6400146484375,370.489990234375,370.6000061035156,370.6000061035156,4222.0
2025-12-05T20:48:00Z,370.55999755859375,370.6050109863281,370.44000244140625,370.44000244140625,370.44000244140625,8377.0
2025-12-05T20:49:00Z,370.42999267578125,370.67999267578125,370.42999267578125,370.635009765625,370.635009765625,4349.0
2025-12-05T20:50:00Z,370.6300048828125,370.7300109863281,370.4700012207031,370.4700012207031,370.4700012207031,11732.0
2025-12-05T20:51:00Z,370.4949951171875,370.5199890136719,370.30999755859375,370.30999755859375,370.30999755859375,9016.0
2025-12-05T20:52:00Z,370.3299865722656,370.42999267578125,370.20001220703125,370.4049987792969,370.4049987792969,15361.0
2025-12-05T20:53:00Z,370.4224853515625,370.6199951171875,370.3800048828125,370.5400085449219,370.5400085449219,8550.0
2025-12-05T20:54:00Z,370.5450134277344,370.54998779296875,370.19000244140625,370.2099914550781,370.2099914550781,18159.0
2025-12-05T20:55:00Z,370.2799987792969,370.2799987792969,370.04998779296875,370.1300048828125,370.1300048828125,14740.0
2025-12-05T20:56:00Z,370.1400146484375,370.4100036621094,370.135009765625,370.3599853515625,370.3599853515625,22509.0
2025-12-05T20:57:00Z,370.3399963378906,370.3450012207031,370.010009765625,370.0199890136719,370.0199890136719,20694.0
2025-12-05T20:58:00Z,370.0199890136719,370.4599914550781,369.95001220703125,370.4100036621094,370.4100036621094,30425.0
2025-12-05T20:59:00Z,370.42999267578125,370.70001220703125,370.32000732421875,370.32000732421875,370.32000732421875,57447.0
2025-12-08T14:30:00Z,369.9100036621094,370.0,368.8900146484375,369.06500244140625,369.06500244140625,31794.0
2025-12-08T14:31:00Z,368.69000244140625,369.2298889160156,368.3450012207031,368.69000244140625,368.69000244140625,6169.0
2025-12-08T14:32:00Z,368.3299865722656,368.68499755859375,368.1499938964844,368.67999267578125,368.67999267578125,1919.0
2025-12-08T14:33:00Z,368.67999267578125,368.67999267578125,368.1000061035156,368.1000061035156,368.1000061035156,3180.0
2025-12-08T14:34:00Z,368.1499938964844,368.5799865722656,368.0,368.3349914550781,368.3349914550781,8625.0
2025-12-08T14:35:00Z,368.260009765625,369.1098937988281,367.80999755859375,368.4122009277344,368.4122009277344,8591.0
2025-12-08T14:36:00Z,368.2900085449219,368.7300109863281,367.9100036621094,368.3399963378906,368.3399963378906,5963.0
2025-12-08T14:37:00Z,368.29998779296875,368.5899963378906,368.2799987792969,368.31500244140625,368.31500244140625,2750.0
2025-12-08T14:38:00Z,368.20001220703125,368.57000732421875,367.22900390625,367.55999755859375,367.55999755859375,8333.0
2025-12-08T14:39:00Z,367.5450134277344,367.6300048828125,367.1549987792969,367.625,367.625,8624.0
2025-12-08T14:40:00Z,367.6856994628906,367.8399963378906,366.80999755859375,367.1400146484375,367.1400146484375,9070.0
2025-12-08T14:41:00Z,367.0150146484375,367.0150146484375,366.6199951171875,366.70159912109375,366.70159912109375,5355.0
2025-12-08T14:42:00Z,366.6401062011719,366.7900085449219,365.5799865722656,365.82000732421875,365.82000732421875,5513.0
2025-12-08T14:43:00Z,365.6000061035156,366.1600036621094,365.57000732421875,365.94000244140625,365.94000244140625,13733.0
2025-12-08T14:44:00Z,365.95001220703125,366.489990234375,365.95001220703125,366.4599914550781,366.4599914550781,4102.0
2025-12-08T14:45:00Z,366.1199951171875,366.3999938964844,365.8800048828125,366.0574951171875,366.0574951171875,2802.0
2025-12-08T14:46:00Z,366.3660888671875,366.57000732421875,366.010009765625,366.260009765625,366.260009765625,5486.0
2025-12-08T14:47:00Z,366.260009765625,366.7099914550781,366.260009765625,366.3599853515625,366.3599853515625,14804.0
2025-12-08T14:48:00Z,366.7239990234375,366.7950134277344,366.54998779296875,366.7674865722656,366.7674865722656,3522.0
2025-12-08T14:49:00Z,366.7850036621094,366.802490234375,366.6000061035156,366.6099853515625,366.6099853515625,2018.0
2025-12-08T14:50:00Z,366.7200012207031,366.8323059082031,366.5400085449219,366.8323059082031,366.8323059082031,2151.0
2025-12-08T14:51:00Z,366.7149963378906,367.2200012207031,366.7149963378906,367.0799865722656,367.0799865722656,4022.0
2025-12-08T14:52:00Z,367.0950012207031,367.29998779296875,367.0950012207031,367.239990234375,367.239990234375,2882.0
2025-12-08T14:53:00Z,367.29998779296875,367.4700012207031,367.2713928222656,367.3500061035156,367.3500061035156,2281.0
2025-12-08T14:54:00Z,367.3500061035156,367.5592041015625,367.3500061035156,367.3999938964844,367.3999938964844,4292.0
2025-12-08T14:55:00Z,367.5199890136719,367.7699890136719,367.3800048828125,367.67999267578125,367.67999267578125,2881.0
2025-12-08T14:56:00Z,367.79998779296875,367.79998779296875,367.67999267578125,367.70001220703125,367.70001220703125,1342.0
2025-12-08T14:57:00Z,367.5899963378906,368.0,367.5799865722656,367.8599853515625,367.8599853515625,5586.0
2025-12-08T14:58:00Z,367.8599853515625,368.0899963378906,367.8399963378906,367.8599853515625,367.8599853515625,5657.0
2025-12-08T14:59:00Z,367.9800109863281,368.0350036621094,367.70001220703125,367.7850036621094,367.7850036621094,5777.0
2025-12-08T15:00:00Z,367.7900085449219,367.9100036621094,367.510009765625,367.7200012207031,367.7200012207031,10532.0
2025-12-08T15:01:00Z,367.6199951171875,367.7200012207031,367.5199890136719,367.5400085449219,367.5400085449219,6285.0
2025-12-08T15:02:00Z,367.6050109863281,367.760009765625,367.2200927734375,367.42999267578125,367.42999267578125,5392.0
2025-12-08T15:03:00Z,367.4294128417969,367.6099853515625,367.19000244140625,367.2650146484375,367.2650146484375,4441.0
2025-12-08T15:04:00Z,367.29998779296875,367.29998779296875,366.95001220703125,367.0150146484375,367.0150146484375,3131.0
2025-12-08T15:05:00Z,367.0199890136719,367.0199890136719,366.45001220703125,366.5249938964844,366.5249938964844,5111.0
2025-12-08T15:06:00Z,366.5744934082031,366.5744934082031,365.96038818359375,366.17999267578125,366.17999267578125,4668.0
2025-12-08T15:07:00Z,366.1499938964844,366.1629943847656,365.8004150390625,365.8004150390625,365.8004150390625,4150.0
2025-12-08T15:08:00Z,365.87249755859375,365.8924865722656,365.0956115722656,365.4150085449219,365.4150085449219,7773.0
2025-12-08T15:09:00Z,365.3500061035156,365.5899963378906,364.6600036621094,365.5899963378906,365.5899963378906,7048.0
2025-12-08T15:10:00Z,365.7300109863281,366.0,365.6199951171875,365.6449890136719,365.6449890136719,5816.0
2025-12-08T15:11:00Z,365.7099914550781,365.7950134277344,365.05999755859375,365.1050109863281,365.1050109863281,5646.0
2025-12-08T15:12:00Z,365.1050109863281,365.3500061035156,364.8800048828125,365.2925109863281,365.2925109863281,8326.0
2025-12-08T15:13:00Z,364.9200134277344,365.0950012207031,364.8999938964844,365.0400085449219,365.0400085449219,3629.0
2025-12-08T15:14:00Z,364.8999938964844,365.20770263671875,364.8999938964844,364.9100036621094,364.9100036621094,4157.0
2025-12-08T15:15:00Z,365.0249938964844,365.3599853515625,365.0249938964844,365.2200012207031,365.2200012207031,5204.0
2025-12-08T15:16:00Z,365.1199951171875,365.7900085449219,364.9700012207031,365.7900085449219,365.7900085449219,6925.0
2025-12-08T15:17:00Z,365.5801086425781,366.0299987792969,365.5799865722656,366.0299987792969,366.0299987792969,5720.0
2025-12-08T15:18:00Z,366.125,366.18499755859375,366.125,366.18499755859375,366.18499755859375,1118.0
2025-12-08T15:19:00Z,366.2349853515625,366.510009765625,366.2349853515625,366.4849853515625,366.4849853515625,2149.0
2025-12-08T15:20:00Z,366.55999755859375,366.7900085449219,366.4849853515625,366.7900085449219,366.7900085449219,2639.0
2025-12-08T15:21:00Z,366.7900085449219,366.87750244140625,366.4649963378906,366.510009765625,366.510009765625,9430.0
2025-12-08T15:22:00Z,366.510009765625,367.29998779296875,366.510009765625,367.04998779296875,367.04998779296875,5788.0
2025-12-08T15:23:00Z,367.0050048828125,367.20001220703125,367.0050048828125,367.20001220703125,367.20001220703125,1844.0
2025-12-08T15:24:00Z,367.010009765625,367.06500244140625,366.57000732421875,366.57000732421875,366.57000732421875,4887.0
2025-12-08T15:25:00Z,366.5574951171875,366.5574951171875,366.17999267578125,366.2099914550781,366.2099914550781,3902.0
2025-12-08T15:26:00Z,366.2200012207031,366.2200012207031,365.82000732421875,365.92999267578125,365.92999267578125,3840.0
2025-12-08T15:27:00Z,366.1199951171875,366.3599853515625,365.9700012207031,366.29669189453125,366.29669189453125,9104.0
2025-12-08T15:28:00Z,366.2850036621094,366.4100036621094,366.07000732421875,366.1700134277344,366.1700134277344,6738.0
2025-12-08T15:29:00Z,366.0799865722656,366.3699951171875,366.0799865722656,366.1499938964844,366.1499938964844,4391.0
2025-12-08T15:30:00Z,366.25,366.322509765625,366.1300048828125,366.2099914550781,366.2099914550781,5634.0
2025-12-08T15:31:00Z,366.09600830078125,366.3599853515625,366.09600830078125,366.20001220703125,366.20001220703125,5494.0
2025-12-08T15:32:00Z,366.20001220703125,366.42999267578125,366.1499938964844,366.2900085449219,366.2900085449219,4891.0
2025-12-08T15:33:00Z,366.3299865722656,366.6773986816406,366.2749938964844,366.6449890136719,366.6449890136719,5398.0
2025-12-08T15:34:00Z,366.5199890136719,366.5299987792969,366.489990234375,366.489990234375,366.489990234375,1972.0
2025-12-08T15:35:00Z,366.489990234375,366.573486328125,366.3299865722656,366.3299865722656,366.3299865722656,1393.0
2025-12-08T15:36:00Z,366.5150146484375,366.5150146484375,366.1400146484375,366.2950134277344,366.2950134277344,3635.0
2025-12-08T15:37:00Z,366.260009765625,366.260009765625,366.0,366.0950012207031,366.0950012207031,3387.0
2025-12-08T15:38:00Z,366.0950012207031,366.3949890136719,366.0950012207031,366.3949890136719,366.3949890136719,3186.0
2025-12-08T15:39:00Z,366.50250244140625,366.510009765625,366.1700134277344,366.2200012207031,366.2200012207031,2051.0
2025-12-08T15:40:00Z,366.1000061035156,366.2550048828125,366.1000061035156,366.20001220703125,366.20001220703125,1132.0
2025-12-08T15:41:00Z,366.2349853515625,366.2449951171875,365.79998779296875,365.9453125,365.9453125,3545.0
2025-12-08T15:42:00Z,365.760009765625,365.8580017089844,365.6600036621094,365.80499267578125,365.80499267578125,2792.0
2025-12-08T15:43:00Z,365.70001220703125,365.70001220703125,365.3599853515625,365.5199890136719,365.5199890136719,2857.0
2025-12-08T15:44:00Z,365.3999938964844,365.69000244140625,365.19500732421875,365.3800048828125,365.3800048828125,4014.0
2025-12-08T15:45:00Z,365.5,365.5,365.3399963378906,365.3999938964844,365.3999938964844,1907.0
2025-12-08T15:46:00Z,365.3500061035156,365.5400085449219,365.25,365.2900085449219,365.2900085449219,5105.0
2025-12-08T15:47:00Z,365.25,365.4599914550781,365.19000244140625,365.19000244140625,365.19000244140625,1953.0
2025-12-08T15:48:00Z,365.2200012207031,365.3900146484375,365.2099914550781,365.3399963378906,365.3399963378906,2017.0
2025-12-08T15:49:00Z,365.44000244140625,365.44000244140625,365.17999267578125,365.2200012207031,365.2200012207031,3009.0
2025-12-08T15:50:00Z,365.2250061035156,365.3340148925781,364.9599914550781,365.0,365.0,3655.0
2025-12-08T15:51:00Z,364.93499755859375,365.1000061035156,364.8717956542969,364.8717956542969,364.8717956542969,1720.0
2025-12-08T15:52:00Z,364.8699951171875,364.8815002441406,364.55999755859375,364.55999755859375,364.55999755859375,2743.0
2025-12-08T15:53:00Z,364.7149963378906,364.8599853515625,364.4599914550781,364.5199890136719,364.5199890136719,5477.0
2025-12-08T15:54:00Z,364.4949951171875,364.5350036621094,364.2900085449219,364.4800109863281,364.4800109863281,1953.0
2025-12-08T15:55:00Z,364.4049987792969,364.44500732421875,364.30999755859375,364.3800048828125,364.3800048828125,2158.0
2025-12-08T15:56:00Z,364.3550109863281,364.3550109863281,364.0299987792969,364.1466979980469,364.1466979980469,8132.0
2025-12-08T15:57:00Z,364.010009765625,364.04998779296875,363.6499938964844,363.80999755859375,363.80999755859375,8196.0
2025-12-08T15:58:00Z,363.70001220703125,363.7799987792969,363.69000244140625,363.7699890136719,363.7699890136719,1111.0
2025-12-08T15:59:00Z,363.79400634765625,364.04998779296875,363.6400146484375,364.010009765625,364.010009765625,8448.0
2025-12-08T16:00:00Z,364.0299987792969,364.0299987792969,363.3500061035156,363.4800109863281,363.4800109863281,7036.0
2025-12-08T16:01:00Z,363.3039855957031,363.5,362.8450012207031,362.9100036621094,362.9100036621094,9332.0
2025-12-08T16:02:00Z,362.8599853515625,363.3550109863281,362.8399963378906,363.2655944824219,363.2655944824219,3996.0
2025-12-08T16:03:00Z,363.19000244140625,363.25,363.0199890136719,363.0199890136719,363.0199890136719,5761.0
2025-12-08T16:04:00Z,363.05499267578125,363.260009765625,363.0,363.2099914550781,363.2099914550781,5857.0
2025-12-08T16:05:00Z,363.2449951171875,363.5350036621094,363.2449951171875,363.5350036621094,363.5350036621094,5275.0
2025-12-08T16:06:00Z,363.4599914550781,363.79998779296875,363.42999267578125,363.79998779296875,363.79998779296875,6185.0
2025-12-08T16:07:00Z,363.6099853515625,364.1300048828125,363.6099853515625,363.7200012207031,363.7200012207031,6696.0
2025-12-08T16:08:00Z,363.7099914550781,363.94000244140625,363.6600036621094,363.81500244140625,363.81500244140625,4070.0
2025-12-08T16:09:00Z,363.81500244140625,364.06500244140625,363.81500244140625,363.8800048828125,363.8800048828125,5146.0
2025-12-08T16:10:00Z,364.04998779296875,364.05999755859375,363.6499938964844,363.8299865722656,363.8299865722656,5018.0
2025-12-08T16:11:00Z,363.8450012207031,363.8450012207031,363.5899963378906,363.7749938964844,363.7749938964844,3033.0
2025-12-08T16:12:00Z,363.739990234375,363.8699951171875,363.69000244140625,363.7650146484375,363.7650146484375,4095.0
2025-12-08T16:13:00Z,363.7300109863281,364.0400085449219,363.7300109863281,363.82000732421875,363.82000732421875,8958.0
2025-12-08T16:14:00Z,363.739990234375,363.739990234375,363.3999938964844,363.5050048828125,363.5050048828125,3584.0
2025-12-08T16:15:00Z,363.4700012207031,363.55999755859375,362.82000732421875,362.8399963378906,362.8399963378906,5856.0
2025-12-08T16:16:00Z,362.81500244140625,362.95001220703125,362.67999267578125,362.9100036621094,362.9100036621094,9794.0
2025-12-08T16:17:00Z,362.95001220703125,363.739990234375,362.95001220703125,363.6000061035156,363.6000061035156,14562.0
2025-12-08T16:18:00Z,363.6000061035156,363.739990234375,363.4599914550781,363.60870361328125,363.60870361328125,4143.0
2025-12-08T16:19:00Z,363.6050109863281,363.6050109863281,363.30999755859375,363.5,363.5,3299.0
2025-12-08T16:20:00Z,363.3800048828125,363.8880920410156,363.3599853515625,363.6600036621094,363.6600036621094,8697.0
2025-12-08T16:21:00Z,363.67498779296875,363.864990234375,363.5199890136719,363.7200012207031,363.7200012207031,5392.0
2025-12-08T16:22:00Z,363.7650146484375,363.9200134277344,363.70001220703125,363.70001220703125,363.70001220703125,4685.0
2025-12-08T16:23:00Z,363.70001220703125,363.914794921875,363.67498779296875,363.7850036621094,363.7850036621094,2334.0
2025-12-08T16:24:00Z,363.6300048828125,363.9399108886719,363.5199890136719,363.6300048828125,363.6300048828125,2603.0
2025-12-08T16:25:00Z,363.715087890625,363.715087890625,363.42999267578125,363.6099853515625,363.6099853515625,9340.0
2025-12-08T16:26:00Z,363.6099853515625,363.8349914550781,363.6099853515625,363.7099914550781,363.7099914550781,6631.0
2025-12-08T16:27:00Z,363.7099914550781,363.7099914550781,363.44000244140625,363.54998779296875,363.54998779296875,2495.0
2025-12-08T16:28:00Z,363.54998779296875,363.7099914550781,363.54998779296875,363.6000061035156,363.6000061035156,3123.0
2025-12-08T16:29:00Z,363.6000061035156,363.6600036621094,363.5199890136719,363.6600036621094,363.6600036621094,3236.0
2025-12-08T16:30:00Z,363.6050109863281,363.67498779296875,363.510009765625,363.57000732421875,363.57000732421875,2766.0
2025-12-08T16:31:00Z,363.57000732421875,363.635009765625,363.4150085449219,363.4200134277344,363.4200134277344,5857.0
2025-12-08T16:32:00Z,363.4100036621094,363.42498779296875,363.3399963378906,363.42498779296875,363.42498779296875,2419.0
2025-12-08T16:33:00Z,363.4700012207031,363.510009765625,363.3299865722656,363.510009765625,363.510009765625,5385.0
2025-12-08T16:34:00Z,363.3800048828125,363.3800048828125,363.1400146484375,363.2099914550781,363.2099914550781,1677.0
2025-12-08T16:35:00Z,363.1300048828125,363.19000244140625,362.989990234375,363.1000061035156,363.1000061035156,4228.0
2025-12-08T16:36:00Z,363.1600036621094,363.1600036621094,362.8900146484375,363.0299987792969,363.0299987792969,4470.0
2025-12-08T16:37:00Z,363.0450134277344,363.0450134277344,362.8699951171875,362.989990234375,362.989990234375,1888.0
2025-12-08T16:38:00Z,362.989990234375,362.989990234375,362.7699890136719,362.8450012207031,362.8450012207031,3380.0
2025-12-08T16:39:00Z,362.8450012207031,362.92999267578125,362.6300048828125,362.6300048828125,362.6300048828125,8439.0
2025-12-08T16:40:00Z,362.625,362.70001220703125,362.3900146484375,362.3900146484375,362.3900146484375,3479.0
2025-12-08T16:41:00Z,362.3900146484375,362.54998779296875,362.3275146484375,362.4700012207031,362.4700012207031,5398.0
2025-12-08T16:42:00Z,362.3299865722656,362.4549865722656,362.19000244140625,362.19000244140625,362.19000244140625,3488.0
2025-12-08T16:43:00Z,362.25,362.3500061035156,362.1700134277344,362.2799987792969,362.2799987792969,6221.0
2025-12-08T16:44:00Z,362.3299865722656,362.3299865722656,361.8599853515625,362.1698913574219,362.1698913574219,6096.0
2025-12-08T16:45:00Z,361.9599914550781,361.989990234375,361.43499755859375,361.6199951171875,361.6199951171875,7747.0
2025-12-08T16:46:00Z,361.6199951171875,361.7300109863281,361.5199890136719,361.5199890136719,361.5199890136719,2642.0
2025-12-08T16:47:00Z,361.510009765625,361.7041931152344,361.29998779296875,361.4700012207031,361.4700012207031,6549.0
2025-12-08T16:48:00Z,361.614990234375,362.1099853515625,361.4800109863281,362.1099853515625,362.1099853515625,8507.0
2025-12-08T16:49:00Z,361.95001220703125,362.0799865722656,361.79998779296875,361.87799072265625,361.87799072265625,8072.0
2025-12-08T16:50:00Z,361.67999267578125,362.1300048828125,361.67999267578125,361.8699951171875,361.8699951171875,5636.0
2025-12-08T16:51:00Z,361.8699951171875,361.92999267578125,361.7099914550781,361.81500244140625,361.81500244140625,3113.0
2025-12-08T16:52:00Z,361.7099914550781,361.7099914550781,361.2900085449219,361.3900146484375,361.3900146484375,6266.0
2025-12-08T16:53:00Z,361.3999938964844,361.5,361.32000732421875,361.4201965332031,361.4201965332031,4393.0
2025-12-08T16:54:00Z,361.4049987792969,361.45001220703125,361.1499938964844,361.2099914550781,361.2099914550781,4503.0
2025-12-08T16:55:00Z,361.1600036621094,361.3999938964844,361.1200866699219,361.17999267578125,361.17999267578125,7935.0
2025-12-08T16:56:00Z,361.1449890136719,361.32000732421875,361.0400085449219,361.2250061035156,361.2250061035156,3679.0
2025-12-08T16:57:00Z,361.2250061035156,361.2699890136719,361.19000244140625,361.2300109863281,361.2300109863281,1352.0
2025-12-08T16:58:00Z,361.2300109863281,361.55999755859375,361.2300109863281,361.5400085449219,361.5400085449219,7590.0
2025-12-08T16:59:00Z,361.4800109863281,361.6600036621094,361.4800109863281,361.6099853515625,361.6099853515625,2138.0
2025-12-08T17:00:00Z,361.5400085449219,361.5899963378906,361.2799987792969,361.4200134277344,361.4200134277344,4446.0
2025-12-08T17:01:00Z,361.32000732421875,361.4599914550781,361.2699890136719,361.3500061035156,361.3500061035156,2777.0
2025-12-08T17:02:00Z,361.2200012207031,361.23980712890625,360.8399963378906,361.0,361.0,6092.0
2025-12-08T17:03:00Z,360.9949951171875,361.17999267578125,360.8500061035156,361.1099853515625,361.1099853515625,8186.0
2025-12-08T17:04:00Z,361.114990234375,361.114990234375,360.70001220703125,360.7799987792969,360.7799987792969,5059.0
2025-12-08T17:05:00Z,360.7900085449219,361.05999755859375,360.7900085449219,360.9800109863281,360.9800109863281,15162.0
2025-12-08T17:06:00Z,360.9949951171875,361.0375061035156,360.8500061035156,360.864990234375,360.864990234375,4971.0
2025-12-08T17:07:00Z,360.8688049316406,361.2300109863281,360.8688049316406,361.19500732421875,361.19500732421875,7612.0
2025-12-08T17:08:00Z,361.2300109863281,361.4100036621094,361.2300109863281,361.364990234375,361.364990234375,4792.0
2025-12-08T17:09:00Z,361.364990234375,361.364990234375,361.05999755859375,361.239990234375,361.239990234375,3448.0
2025-12-08T17:10:00Z,361.2749938964844,361.2749938964844,361.0,361.068603515625,361.068603515625,1978.0
2025-12-08T17:11:00Z,361.1199951171875,361.3299865722656,361.0199890136719,361.260009765625,361.260009765625,3107.0
2025-12-08T17:12:00Z,361.260009765625,361.260009765625,361.1499938964844,361.1499938964844,361.1499938964844,1214.0
2025-12-08T17:13:00Z,361.0899963378906,361.26568603515625,360.9100036621094,361.1050109863281,361.1050109863281,5133.0
2025-12-08T17:14:00Z,361.1449890136719,361.1600036621094,361.05499267578125,361.05499267578125,361.05499267578125,1043.0
2025-12-08T17:15:00Z,361.010009765625,361.2699890136719,360.9443054199219,361.1099853515625,361.1099853515625,9309.0
2025-12-08T17:16:00Z,361.114990234375,361.114990234375,361.0299987792969,361.0400085449219,361.0400085449219,1973.0
2025-12-08T17:17:00Z,361.0450134277344,361.5293884277344,360.989990234375,361.3500061035156,361.3500061035156,24200.0
2025-12-08T17:18:00Z,361.3500061035156,361.57000732421875,361.25,361.5299987792969,361.5299987792969,6987.0
2025-12-08T17:19:00Z,361.5299987792969,361.5799865722656,361.45440673828125,361.4800109863281,361.4800109863281,2888.0
2025-12-08T17:20:00Z,361.4599914550781,361.6000061035156,361.45001220703125,361.6000061035156,361.6000061035156,3039.0
2025-12-08T17:21:00Z,361.4599914550781,361.510009765625,361.44000244140625,361.44000244140625,361.44000244140625,1198.0
2025-12-08T17:22:00Z,361.4100036621094,361.5199890136719,361.2200012207031,361.45001220703125,361.45001220703125,4934.0
2025-12-08T17:23:00Z,361.43499755859375,361.54998779296875,361.42999267578125,361.44500732421875,361.44500732421875,954.0
2025-12-08T17:24:00Z,361.4750061035156,361.5350036621094,361.3500061035156,361.3500061035156,361.3500061035156,2799.0
2025-12-08T17:25:00Z,361.29998779296875,361.29998779296875,361.1499938964844,361.20001220703125,361.20001220703125,2850.0
2025-12-08T17:26:00Z,361.20001220703125,361.20001220703125,361.0,361.1400146484375,361.1400146484375,5196.0
2025-12-08T17:27:00Z,361.0199890136719,361.1531066894531,361.0199890136719,361.0199890136719,361.0199890136719,2259.0
2025-12-08T17:28:00Z,361.1300048828125,361.15020751953125,361.0,361.010009765625,361.010009765625,6187.0
2025-12-08T17:29:00Z,361.0400085449219,361.17999267578125,360.95001220703125,361.1300048828125,361.1300048828125,6274.0
2025-12-08T17:30:00Z,361.1400146484375,361.2799987792969,361.1099853515625,361.19500732421875,361.19500732421875,3752.0
2025-12-08T17:31:00Z,361.1199951171875,361.2650146484375,361.1050109863281,361.2650146484375,361.2650146484375,3946.0
2025-12-08T17:32:00Z,361.19500732421875,361.29998779296875,361.17999267578125,361.17999267578125,361.17999267578125,5446.0
2025-12-08T17:33:00Z,361.1300048828125,361.1300048828125,361.05999755859375,361.07000732421875,361.07000732421875,1917.0
2025-12-08T17:34:00Z,361.305908203125,361.305908203125,361.0199890136719,361.1700134277344,361.1700134277344,2157.0
2025-12-08T17:35:00Z,361.010009765625,361.20001220703125,361.0,361.20001220703125,361.20001220703125,2458.0
2025-12-08T17:36:00Z,361.0799865722656,361.1419982910156,361.07000732421875,361.07000732421875,361.07000732421875,990.0
2025-12-08T17:37:00Z,361.1499938964844,361.22869873046875,361.07000732421875,361.0849914550781,361.0849914550781,1934.0
2025-12-08T17:38:00Z,361.0799865722656,361.2300109863281,361.04998779296875,361.2300109863281,361.2300109863281,1947.0
2025-12-08T17:39:00Z,361.1099853515625,361.17120361328125,361.0899963378906,361.1300048828125,361.1300048828125,2041.0
2025-12-08T17:40:00Z,361.0899963378906,361.4100036621094,361.0799865722656,361.2099914550781,361.2099914550781,9683.0
2025-12-08T17:41:00Z,361.260009765625,361.6238098144531,361.260009765625,361.4200134277344,361.4200134277344,4232.0
2025-12-08T17:42:00Z,361.5675048828125,361.5675048828125,361.4800109863281,361.4800109863281,361.4800109863281,2417.0
2025-12-08T17:43:00Z,361.4599914550781,361.4800109863281,361.2200012207031,361.2200012207031,361.2200012207031,2203.0
2025-12-08T17:44:00Z,361.32000732421875,361.4100036621094,361.2850036621094,361.4100036621094,361.4100036621094,2022.0
2025-12-08T17:45:00Z,361.3599853515625,361.45001220703125,361.3500061035156,361.3599853515625,361.3599853515625,1258.0
2025-12-08T17:46:00Z,361.364990234375,361.4599914550781,361.3450012207031,361.3450012207031,361.3450012207031,1510.0
2025-12-08T17:47:00Z,361.4219970703125,361.5899963378906,361.364990234375,361.510009765625,361.510009765625,3063.0
2025-12-08T17:48:00Z,361.510009765625,361.510009765625,361.44189453125,361.465087890625,361.465087890625,1764.0
2025-12-08T17:49:00Z,361.4700012207031,361.4750061035156,361.4700012207031,361.4750061035156,361.4750061035156,769.0
2025-12-08T17:50:00Z,361.5299987792969,361.7974853515625,361.4750061035156,361.7974853515625,361.7974853515625,5453.0
2025-12-08T17:51:00Z,361.7300109863281,361.7449951171875,361.6199951171875,361.67999267578125,361.67999267578125,4217.0
2025-12-08T17:52:00Z,361.7300109863281,361.7799987792969,361.6199951171875,361.7550048828125,361.7550048828125,1678.0
2025-12-08T17:53:00Z,361.8299865722656,361.9949951171875,361.7974853515625,361.9200134277344,361.9200134277344,3543.0
2025-12-08T17:54:00Z,361.8399963378906,361.9700012207031,361.8299865722656,361.9200134277344,361.9200134277344,2439.0
2025-12-08T17:55:00Z,361.9200134277344,361.9200134277344,361.8299865722656,361.8299865722656,361.8299865722656,1970.0
2025-12-08T17:56:00Z,361.8550109863281,361.8550109863281,361.6099853515625,361.6099853515625,361.6099853515625,1619.0
2025-12-08T17:57:00Z,361.6099853515625,361.75,361.6099853515625,361.6400146484375,361.6400146484375,461.0
2025-12-08T17:58:00Z,361.6400146484375,361.7099914550781,361.5400085449219,361.6600036621094,361.6600036621094,2459.0
2025-12-08T17:59:00Z,361.6549987792969,361.67999267578125,361.5400085449219,361.625,361.625,1932.0
2025-12-08T18:00:00Z,361.67999267578125,361.7749938964844,361.5400085449219,361.57000732421875,361.57000732421875,5338.0
2025-12-08T18:01:00Z,361.5400085449219,361.5400085449219,361.43499755859375,361.510009765625,361.510009765625,1056.0
2025-12-08T18:02:00Z,361.510009765625,361.510009765625,361.3399963378906,361.4549865722656,361.4549865722656,1297.0
2025-12-08T18:03:00Z,361.3399963378906,361.510009765625,361.31500244140625,361.4599914550781,361.4599914550781,3145.0
2025-12-08T18:04:00Z,361.32000732421875,361.5,361.2900085449219,361.3399963378906,361.3399963378906,2739.0
2025-12-08T18:05:00Z,361.3399963378906,361.6199951171875,361.3399963378906,361.5,361.5,3780.0
2025-12-08T18:06:00Z,361.4599914550781,361.4599914550781,361.3699951171875,361.4599914550781,361.4599914550781,699.0
2025-12-08T18:07:00Z,361.2799987792969,361.3399963378906,361.20001220703125,361.20001220703125,361.20001220703125,942.0
2025-12-08T18:08:00Z,361.17999267578125,361.239990234375,361.0,361.19000244140625,361.19000244140625,9525.0
2025-12-08T18:09:00Z,361.2300109863281,361.4849853515625,361.1401062011719,361.42498779296875,361.42498779296875,13037.0
2025-12-08T18:10:00Z,361.4378967285156,361.5799865722656,361.4378967285156,361.5249938964844,361.5249938964844,2268.0
2025-12-08T18:11:00Z,361.5899963378906,361.92498779296875,361.3999938964844,361.8999938964844,361.8999938964844,36132.0
2025-12-08T18:12:00Z,361.8999938964844,362.0899963378906,361.8999938964844,362.0899963378906,362.0899963378906,2445.0
2025-12-08T18:13:00Z,362.05499267578125,362.05499267578125,361.8900146484375,361.8999938964844,361.8999938964844,4296.0
2025-12-08T18:14:00Z,361.8999938964844,361.8999938964844,361.45001220703125,361.45001220703125,361.45001220703125,4327.0
2025-12-08T18:15:00Z,361.5849914550781,361.7300109863281,361.5849914550781,361.6940002441406,361.6940002441406,3505.0
2025-12-08T18:16:00Z,361.7200012207031,361.82000732421875,361.55999755859375,361.6199951171875,361.6199951171875,3700.0
2025-12-08T18:17:00Z,361.6199951171875,361.67999267578125,361.6199951171875,361.67999267578125,361.67999267578125,864.0
2025-12-08T18:18:00Z,361.67498779296875,361.8299865722656,361.6099853515625,361.7900085449219,361.7900085449219,3305.0
2025-12-08T18:19:00Z,361.7300109863281,362.0199890136719,361.67999267578125,362.0199890136719,362.0199890136719,1688.0
2025-12-08T18:20:00Z,362.0,362.0,361.8800048828125,361.95001220703125,361.95001220703125,1140.0
2025-12-08T18:21:00Z,361.8800048828125,361.8900146484375,361.7799987792969,361.7850036621094,361.7850036621094,1850.0
2025-12-08T18:22:00Z,361.7850036621094,361.9200134277344,361.7138977050781,361.8800048828125,361.8800048828125,1931.0
2025-12-08T18:23:00Z,361.885009765625,362.1050109863281,361.82501220703125,362.1050109863281,362.1050109863281,2321.0
2025-12-08T18:24:00Z,362.1050109863281,362.1050109863281,362.0,362.0,362.0,591.0
2025-12-08T18:25:00Z,362.0199890136719,362.1099853515625,361.9200134277344,361.9200134277344,361.9200134277344,1860.0
2025-12-08T18:26:00Z,361.9750061035156,361.9750061035156,361.8500061035156,361.8500061035156,361.8500061035156,1829.0
2025-12-08T18:27:00Z,361.8450012207031,361.8500061035156,361.7799987792969,361.7799987792969,361.7799987792969,1442.0
2025-12-08T18:28:00Z,361.7900085449219,361.8500061035156,361.4100036621094,361.4100036621094,361.4100036621094,3601.0
2025-12-08T18:29:00Z,361.4649963378906,361.6400146484375,361.4100036621094,361.5150146484375,361.5150146484375,6323.0
2025-12-08T18:30:00Z,361.4100036621094,361.5,361.3599853515625,361.42999267578125,361.42999267578125,3082.0
2025-12-08T18:31:00Z,361.5299987792969,361.5299987792969,361.3299865722656,361.4599914550781,361.4599914550781,1718.0
2025-12-08T18:32:00Z,361.4549865722656,361.70001220703125,361.3800048828125,361.5400085449219,361.5400085449219,2414.0
2025-12-08T18:33:00Z,361.510009765625,361.6700134277344,361.5,361.57000732421875,361.57000732421875,1943.0
2025-12-08T18:34:00Z,361.489990234375,361.489990234375,361.2699890136719,361.3299865722656,361.3299865722656,2352.0
2025-12-08T18:35:00Z,361.2699890136719,361.2699890136719,361.1199951171875,361.19000244140625,361.19000244140625,3244.0
2025-12-08T18:36:00Z,361.2900085449219,361.4200134277344,361.17999267578125,361.4200134277344,361.4200134277344,3076.0
2025-12-08T18:37:00Z,361.5799865722656,361.6400146484375,361.4599914550781,361.4800109863281,361.4800109863281,2274.0
2025-12-08T18:38:00Z,361.6112060546875,361.7200012207031,361.44000244140625,361.7099914550781,361.7099914550781,1817.0
2025-12-08T18:39:00Z,361.82000732421875,362.29998779296875,361.760009765625,362.29998779296875,362.29998779296875,8923.0
2025-12-08T18:40:00Z,362.20001220703125,362.2200012207031,362.1199951171875,362.2200012207031,362.2200012207031,2128.0
2025-12-08T18:41:00Z,362.2300109863281,362.364990234375,362.2300109863281,362.364990234375,362.364990234375,3416.0
2025-12-08T18:42:00Z,362.4200134277344,362.57501220703125,362.4200134277344,362.54998779296875,362.54998779296875,2553.0
2025-12-08T18:43:00Z,362.57501220703125,362.57501220703125,362.42999267578125,362.5299987792969,362.5299987792969,1616.0
2025-12-08T18:44:00Z,362.5350036621094,362.81988525390625,362.5350036621094,362.6000061035156,362.6000061035156,1984.0
2025-12-08T18:45:00Z,362.635009765625,362.70001220703125,362.57000732421875,362.57000732421875,362.57000732421875,1079.0
2025-12-08T18:46:00Z,362.6199951171875,362.69000244140625,362.28009033203125,362.43499755859375,362.43499755859375,3236.0
2025-12-08T18:47:00Z,362.30999755859375,362.3591003417969,362.30999755859375,362.3500061035156,362.3500061035156,1339.0
2025-12-08T18:48:00Z,362.3450012207031,362.3450012207031,362.25,362.3349914550781,362.3349914550781,811.0
2025-12-08T18:49:00Z,362.3349914550781,362.3349914550781,362.25,362.2900085449219,362.2900085449219,2390.0
2025-12-08T18:50:00Z,362.2900085449219,362.3074951171875,362.25,362.25,362.25,1353.0
2025-12-08T18:51:00Z,362.2650146484375,362.29998779296875,362.17999267578125,362.2008972167969,362.2008972167969,4208.0
2025-12-08T18:52:00Z,362.2099914550781,362.2799987792969,362.19000244140625,362.19000244140625,362.19000244140625,1083.0
2025-12-08T18:53:00Z,362.1199951171875,362.17498779296875,362.0899963378906,362.1099853515625,362.1099853515625,1644.0
2025-12-08T18:54:00Z,362.0899963378906,362.2699890136719,362.0899963378906,362.17498779296875,362.17498779296875,3220.0
2025-12-08T18:55:00Z,362.1700134277344,362.17999267578125,362.0299987792969,362.135009765625,362.135009765625,1738.0
2025-12-08T18:56:00Z,362.1400146484375,362.1400146484375,361.8999938964844,362.0350036621094,362.0350036621094,3516.0
2025-12-08T18:57:00Z,361.8999938964844,361.94000244140625,361.79998779296875,361.8252868652344,361.8252868652344,2254.0
2025-12-08T18:58:00Z,361.8550109863281,361.8800048828125,361.6099853515625,361.6099853515625,361.6099853515625,1867.0
2025-12-08T18:59:00Z,361.7149963378906,362.010009765625,361.7149963378906,361.9750061035156,361.9750061035156,1669.0
2025-12-08T19:00:00Z,362.0400085449219,362.57000732421875,361.8699951171875,362.3450012207031,362.3450012207031,1926.0
2025-12-08T19:01:00Z,362.4800109863281,362.4800109863281,362.239990234375,362.239990234375,362.239990234375,2093.0
2025-12-08T19:02:00Z,362.25,362.3450012207031,362.2449951171875,362.29998779296875,362.29998779296875,1511.0
2025-12-08T19:03:00Z,362.2699890136719,362.3900146484375,362.1700134277344,362.3900146484375,362.3900146484375,5617.0
2025-12-08T19:04:00Z,362.3900146484375,362.6400146484375,362.3699951171875,362.5067138671875,362.5067138671875,2905.0
2025-12-08T19:05:00Z,362.49249267578125,362.56689453125,362.3800048828125,362.56689453125,362.56689453125,2063.0
2025-12-08T19:06:00Z,362.5,362.6300048828125,362.4859924316406,362.5,362.5,1397.0
2025-12-08T19:07:00Z,362.42498779296875,362.5249938964844,362.3299865722656,362.3299865722656,362.3299865722656,1845.0
2025-12-08T19:08:00Z,362.3500061035156,362.4049987792969,362.2601013183594,362.32000732421875,362.32000732421875,1916.0
2025-12-08T19:09:00Z,362.3450012207031,362.3599853515625,362.25,362.2799987792969,362.2799987792969,2514.0
2025-12-08T19:10:00Z,362.2749938964844,362.3399963378906,362.0133056640625,362.0799865722656,362.0799865722656,2929.0
2025-12-08T19:11:00Z,362.010009765625,362.1000061035156,362.010009765625,362.1000061035156,362.1000061035156,2749.0
2025-12-08T19:12:00Z,362.19989013671875,362.19989013671875,362.02191162109375,362.1600036621094,362.1600036621094,2399.0
2025-12-08T19:13:00Z,362.1400146484375,362.28900146484375,362.1400146484375,362.20001220703125,362.20001220703125,1671.0
2025-12-08T19:14:00Z,362.2250061035156,362.3799133300781,362.2250061035156,362.3799133300781,362.3799133300781,2650.0
2025-12-08T19:15:00Z,362.3299865722656,362.5249938964844,362.3299865722656,362.4100036621094,362.4100036621094,3240.0
2025-12-08T19:16:00Z,362.64990234375,362.64990234375,362.3699951171875,362.5199890136719,362.5199890136719,2359.0
2025-12-08T19:17:00Z,362.4754943847656,362.69000244140625,362.4754943847656,362.69000244140625,362.69000244140625,2666.0
2025-12-08T19:18:00Z,362.57501220703125,362.69500732421875,362.57501220703125,362.69500732421875,362.69500732421875,1794.0
2025-12-08T19:19:00Z,362.7449951171875,362.7449951171875,362.7099914550781,362.7300109863281,362.7300109863281,1229.0
2025-12-08T19:20:00Z,362.7550048828125,362.9700012207031,362.75,362.8500061035156,362.8500061035156,4073.0
2025-12-08T19:21:00Z,362.75030517578125,362.8299865722656,362.739990234375,362.8299865722656,362.8299865722656,1313.0
2025-12-08T19:22:00Z,362.8450012207031,363.125,362.8450012207031,363.1180114746094,363.1180114746094,2893.0
2025-12-08T19:23:00Z,363.125,363.1400146484375,363.125,363.1400146484375,363.1400146484375,581.0
2025-12-08T19:24:00Z,363.0299987792969,363.1099853515625,362.9599914550781,362.9599914550781,362.9599914550781,2351.0
2025-12-08T19:25:00Z,362.9700012207031,363.0400085449219,362.9100036621094,362.94000244140625,362.94000244140625,2707.0
2025-12-08T19:26:00Z,362.8999938964844,363.0,362.621826171875,362.69000244140625,362.69000244140625,7729.0
2025-12-08T19:27:00Z,362.69000244140625,362.82501220703125,362.67999267578125,362.7950134277344,362.7950134277344,3388.0
2025-12-08T19:28:00Z,362.79998779296875,362.79998779296875,362.7699890136719,362.7699890136719,362.7699890136719,698.0
2025-12-08T19:29:00Z,362.75,362.75,362.54998779296875,362.54998779296875,362.54998779296875,2192.0
2025-12-08T19:30:00Z,362.5199890136719,362.68499755859375,362.5199890136719,362.68499755859375,362.68499755859375,1638.0
2025-12-08T19:31:00Z,362.7349853515625,362.75,362.5899963378906,362.75,362.75,2344.0
2025-12-08T19:32:00Z,362.7200012207031,362.7699890136719,362.7099914550781,362.7300109863281,362.7300109863281,1537.0
2025-12-08T19:33:00Z,362.7300109863281,362.7799987792969,362.54998779296875,362.6549987792969,362.6549987792969,3964.0
2025-12-08T19:34:00Z,362.67498779296875,362.8999938964844,362.67498779296875,362.8999938964844,362.8999938964844,1458.0
2025-12-08T19:35:00Z,362.79998779296875,362.79998779296875,362.5,362.67498779296875,362.67498779296875,3658.0
2025-12-08T19:36:00Z,362.67498779296875,362.739990234375,362.67498779296875,362.67999267578125,362.67999267578125,1317.0
2025-12-08T19:37:00Z,362.6700134277344,362.9049987792969,362.6700134277344,362.9049987792969,362.9049987792969,1846.0
2025-12-08T19:38:00Z,362.80999755859375,363.0,362.79998779296875,363.0,363.0,2648.0
2025-12-08T19:39:00Z,362.92498779296875,363.0,362.8500061035156,362.8599853515625,362.8599853515625,2044.0
2025-12-08T19:40:00Z,362.8999938964844,362.9049987792969,362.8999938964844,362.9049987792969,362.9049987792969,621.0
2025-12-08T19:41:00Z,362.82000732421875,362.9150085449219,362.82000732421875,362.9150085449219,362.9150085449219,860.0
2025-12-08T19:42:00Z,362.9150085449219,363.010009765625,362.8399963378906,362.8399963378906,362.8399963378906,2424.0
2025-12-08T19:43:00Z,362.8299865722656,363.0198974609375,362.82000732421875,362.8865051269531,362.8865051269531,1486.0
2025-12-08T19:44:00Z,362.947998046875,363.1000061035156,362.94000244140625,363.1000061035156,363.1000061035156,3898.0
2025-12-08T19:45:00Z,362.9700012207031,362.9800109863281,362.6499938964844,362.69000244140625,362.69000244140625,3066.0
2025-12-08T19:46:00Z,362.6199951171875,362.6199951171875,362.4200134277344,362.4200134277344,362.4200134277344,1385.0
2025-12-08T19:47:00Z,362.5299987792969,362.5400085449219,362.489990234375,362.489990234375,362.489990234375,1052.0
2025-12-08T19:48:00Z,362.42999267578125,362.57501220703125,362.3800964355469,362.57501220703125,362.57501220703125,4483.0
2025-12-08T19:49:00Z,362.57000732421875,362.8799133300781,362.57000732421875,362.7900085449219,362.7900085449219,2653.0
2025-12-08T19:50:00Z,362.7850036621094,362.85980224609375,362.6650085449219,362.7300109863281,362.7300109863281,3532.0
2025-12-08T19:51:00Z,362.739990234375,362.8699951171875,362.739990234375,362.8009948730469,362.8009948730469,1776.0
2025-12-08T19:52:00Z,362.8599853515625,362.8819885253906,362.739990234375,362.75,362.75,1854.0
2025-12-08T19:53:00Z,362.8450012207031,362.8450012207031,362.739990234375,362.7900085449219,362.7900085449219,3439.0
2025-12-08T19:54:00Z,362.7900085449219,362.7900085449219,362.5799865722656,362.67999267578125,362.67999267578125,3114.0
2025-12-08T19:55:00Z,362.6650085449219,362.67498779296875,362.5,362.5,362.5,2423.0
2025-12-08T19:56:00Z,362.4800109863281,362.4800109863281,362.3299865722656,362.3399963378906,362.3399963378906,2395.0
2025-12-08T19:57:00Z,362.3550109863281,362.42999267578125,362.3550109863281,362.4200134277344,362.4200134277344,2589.0
2025-12-08T19:58:00Z,362.32000732421875,362.45599365234375,362.32000732421875,362.364990234375,362.364990234375,1589.0
2025-12-08T19:59:00Z,362.3550109863281,362.4599914550781,362.3299865722656,362.4599914550781,362.4599914550781,2909.0
2025-12-08T20:00:00Z,362.4599914550781,362.5199890136719,362.30999755859375,362.42498779296875,362.42498779296875,6921.0
2025-12-08T20:01:00Z,362.3999938964844,362.45001220703125,362.32000732421875,362.45001220703125,362.45001220703125,1295.0
2025-12-08T20:02:00Z,362.4150085449219,362.489990234375,362.3900146484375,362.4200134277344,362.4200134277344,3045.0
2025-12-08T20:03:00Z,362.447509765625,362.6199951171875,362.447509765625,362.5899963378906,362.5899963378906,2837.0
2025-12-08T20:04:00Z,362.6499938964844,362.8999938964844,362.6400146484375,362.8349914550781,362.8349914550781,3504.0
2025-12-08T20:05:00Z,362.8349914550781,363.04998779296875,362.7300109863281,363.04998779296875,363.04998779296875,8398.0
2025-12-08T20:06:00Z,363.010009765625,363.07000732421875,362.8900146484375,362.9599914550781,362.9599914550781,4486.0
2025-12-08T20:07:00Z,362.93499755859375,363.0199890136719,362.93499755859375,362.9800109863281,362.9800109863281,1966.0
2025-12-08T20:08:00Z,363.07000732421875,363.1600036621094,363.010009765625,363.1600036621094,363.1600036621094,2883.0
2025-12-08T20:09:00Z,363.1499938964844,363.32501220703125,363.1400146484375,363.30999755859375,363.30999755859375,5117.0
2025-12-08T20:10:00Z,363.30999755859375,363.3999938964844,363.2200927734375,363.385009765625,363.385009765625,2632.0
2025-12-08T20:11:00Z,363.3900146484375,363.4200134277344,363.260009765625,363.30499267578125,363.30499267578125,7239.0
2025-12-08T20:12:00Z,363.30499267578125,363.43499755859375,363.30499267578125,363.3500061035156,363.3500061035156,4335.0
2025-12-08T20:13:00Z,363.377197265625,363.377197265625,363.31500244140625,363.3500061035156,363.3500061035156,1513.0
2025-12-08T20:14:00Z,363.3399963378906,363.4800109863281,363.3349914550781,363.44000244140625,363.44000244140625,6207.0
2025-12-08T20:15:00Z,363.4599914550781,363.5450134277344,363.4267883300781,363.5249938964844,363.5249938964844,5975.0
2025-12-08T20:16:00Z,363.489990234375,363.5199890136719,363.45001220703125,363.45001220703125,363.45001220703125,5159.0
2025-12-08T20:17:00Z,363.4200134277344,363.4200134277344,363.260009765625,363.260009765625,363.260009765625,4319.0
2025-12-08T20:18:00Z,363.2699890136719,363.43499755859375,363.2200012207031,363.43499755859375,363.43499755859375,4933.0
2025-12-08T20:19:00Z,363.3399963378906,363.635009765625,363.3399963378906,363.5249938964844,363.5249938964844,4085.0
2025-12-08T20:20:00Z,363.5,363.6099853515625,363.3900146484375,363.3900146484375,363.3900146484375,3345.0
2025-12-08T20:21:00Z,363.4599914550781,363.6400146484375,363.4599914550781,363.5199890136719,363.5199890136719,4613.0
2025-12-08T20:22:00Z,363.57501220703125,363.5751037597656,363.57000732421875,363.57000732421875,363.57000732421875,558.0
2025-12-08T20:23:00Z,363.489990234375,363.4909973144531,363.3900146484375,363.3900146484375,363.3900146484375,5284.0
2025-12-08T20:24:00Z,363.44000244140625,363.5,363.3299865722656,363.3299865722656,363.3299865722656,2792.0
2025-12-08T20:25:00Z,363.3550109863281,363.3900146484375,363.29998779296875,363.29998779296875,363.29998779296875,3804.0
2025-12-08T20:26:00Z,363.30999755859375,363.30999755859375,363.07000732421875,363.2799987792969,363.2799987792969,7410.0
2025-12-08T20:27:00Z,363.17999267578125,363.2699890136719,363.1600036621094,363.1600036621094,363.1600036621094,1604.0
2025-12-08T20:28:00Z,363.1600036621094,363.1600036621094,362.9200134277344,362.94000244140625,362.94000244140625,6646.0
2025-12-08T20:29:00Z,362.94000244140625,363.0400085449219,362.9100036621094,362.9800109863281,362.9800109863281,3933.0
2025-12-08T20:30:00Z,362.8999938964844,362.9100036621094,362.6400146484375,362.6400146484375,362.6400146484375,6984.0
2025-12-08T20:31:00Z,362.6300048828125,362.7699890136719,362.5199890136719,362.6700134277344,362.6700134277344,7997.0
2025-12-08T20:32:00Z,362.7749938964844,362.8399963378906,362.6300048828125,362.69000244140625,362.69000244140625,4802.0
2025-12-08T20:33:00Z,362.6300048828125,362.69500732421875,362.6199951171875,362.69500732421875,362.69500732421875,2112.0
2025-12-08T20:34:00Z,362.68499755859375,362.697998046875,362.6099853515625,362.6400146484375,362.6400146484375,3626.0
2025-12-08T20:35:00Z,362.6099853515625,362.6300048828125,362.42999267578125,362.42999267578125,362.42999267578125,4227.0
2025-12-08T20:36:00Z,362.4674987792969,362.5325012207031,362.2799987792969,362.2900085449219,362.2900085449219,10495.0
2025-12-08T20:37:00Z,362.2900085449219,362.4100036621094,362.19000244140625,362.3500061035156,362.3500061035156,7574.0
2025-12-08T20:38:00Z,362.3735046386719,362.5299987792969,362.30999755859375,362.5199890136719,362.5199890136719,4006.0
2025-12-08T20:39:00Z,362.5199890136719,362.5199890136719,362.3999938964844,362.4200134277344,362.4200134277344,10126.0
2025-12-08T20:40:00Z,362.3999938964844,362.7550048828125,362.375,362.74749755859375,362.74749755859375,11009.0
2025-12-08T20:41:00Z,362.75,362.7699890136719,362.6499938964844,362.67498779296875,362.67498779296875,6632.0
2025-12-08T20:42:00Z,362.67498779296875,362.864990234375,362.67498779296875,362.7699890136719,362.7699890136719,6784.0
2025-12-08T20:43:00Z,362.7900085449219,362.7900085449219,362.6700134277344,362.7200012207031,362.7200012207031,6471.0
2025-12-08T20:44:00Z,362.7099914550781,362.7149963378906,362.55999755859375,362.6499938964844,362.6499938964844,5058.0
2025-12-08T20:45:00Z,362.6449890136719,362.75,362.6400146484375,362.6700134277344,362.6700134277344,5631.0
2025-12-08T20:46:00Z,362.69000244140625,362.7200012207031,362.53009033203125,362.68499755859375,362.68499755859375,3952.0
2025-12-08T20:47:00Z,362.610107421875,362.7900085449219,362.610107421875,362.7049865722656,362.7049865722656,4045.0
2025-12-08T20:48:00Z,362.7049865722656,362.7099914550781,362.5400085449219,362.6499938964844,362.6499938964844,7490.0
2025-12-08T20:49:00Z,362.6499938964844,363.0924987792969,362.6000061035156,363.0924987792969,363.0924987792969,15266.0
2025-12-08T20:50:00Z,362.8800048828125,363.1148986816406,362.7799987792969,362.8999938964844,362.8999938964844,9327.0
2025-12-08T20:51:00Z,362.8800048828125,362.9800109863281,362.6400146484375,362.7300109863281,362.7300109863281,13425.0
2025-12-08T20:52:00Z,362.7200012207031,362.8399963378906,362.67999267578125,362.8399963378906,362.8399963378906,12920.0
2025-12-08T20:53:00Z,362.79998779296875,362.79998779296875,362.5899963378906,362.6199951171875,362.6199951171875,12061.0
2025-12-08T20:54:00Z,362.6099853515625,362.6896057128906,362.3500061035156,362.44000244140625,362.44000244140625,22655.0
2025-12-08T20:55:00Z,362.44000244140625,362.55499267578125,362.19000244140625,362.4150085449219,362.4150085449219,24255.0
2025-12-08T20:56:00Z,362.3699951171875,362.3800048828125,362.05999755859375,362.07000732421875,362.07000732421875,22030.0
2025-12-08T20:57:00Z,362.05999755859375,362.30999755859375,361.94000244140625,362.04998779296875,362.04998779296875,41178.0
2025-12-08T20:58:00Z,362.0299987792969,362.07000732421875,361.8999938964844,361.9599914550781,361.9599914550781,35768.0
2025-12-08T20:59:00Z,362.0,362.3500061035156,361.8999938964844,362.3399963378906,362.3399963378906,133529.0
