timestamp,open,high,low,close,adj_close,volume
2025-11-11T14:30:00Z,114.12000274658203,114.33999633789062,113.04000091552734,113.55000305175781,113.55000305175781,21103.0
2025-11-11T14:32:00Z,114.29499816894531,114.29499816894531,114.13999938964844,114.13999938964844,114.13999938964844,1541.0
2025-11-11T14:33:00Z,113.94499969482422,114.0999984741211,113.94499969482422,114.05500030517578,114.05500030517578,1469.0
2025-11-11T14:34:00Z,114.04000091552734,114.12000274658203,113.88999938964844,113.88999938964844,113.88999938964844,3083.0
2025-11-11T14:35:00Z,113.81999969482422,113.87999725341797,113.81999969482422,113.84500122070312,113.84500122070312,1976.0
2025-11-11T14:36:00Z,113.84500122070312,113.91999816894531,113.84500122070312,113.8949966430664,113.8949966430664,816.0
2025-11-11T14:37:00Z,113.81999969482422,113.91500091552734,113.81999969482422,113.91500091552734,113.91500091552734,780.0
2025-11-11T14:38:00Z,114.0199966430664,114.0999984741211,114.0199966430664,114.0999984741211,114.0999984741211,2078.0
2025-11-11T14:39:00Z,114.1050033569336,114.20999908447266,114.0999984741211,114.16999816894531,114.16999816894531,2721.0
2025-11-11T14:40:00Z,114.19999694824219,114.26000213623047,114.19999694824219,114.26000213623047,114.26000213623047,1570.0
2025-11-11T14:41:00Z,114.18499755859375,114.18499755859375,114.18499755859375,114.18499755859375,114.18499755859375,353.0
2025-11-11T14:42:00Z,114.27999877929688,114.29000091552734,114.27999877929688,114.29000091552734,114.29000091552734,1597.0
2025-11-11T14:43:00Z,114.33999633789062,114.37999725341797,114.30560302734375,114.33999633789062,114.33999633789062,1675.0
2025-11-11T14:44:00Z,114.37000274658203,114.37000274658203,114.30999755859375,114.30999755859375,114.30999755859375,1272.0
2025-11-11T14:45:00Z,114.30000305175781,114.30000305175781,114.30000305175781,114.30000305175781,114.30000305175781,294.0
2025-11-11T14:46:00Z,114.33999633789062,114.38999938964844,114.33000183105469,114.38999938964844,114.38999938964844,2646.0
2025-11-11T14:47:00Z,114.41000366210938,114.55999755859375,114.4000015258789,114.55000305175781,114.55000305175781,4919.0
2025-11-11T14:48:00Z,114.55999755859375,114.5999984741211,114.5,114.5999984741211,114.5999984741211,2165.0
2025-11-11T14:49:00Z,114.55000305175781,114.56999969482422,114.45999908447266,114.45999908447266,114.45999908447266,2660.0
2025-11-11T14:50:00Z,114.41999816894531,114.43000030517578,114.40499877929688,114.43000030517578,114.43000030517578,715.0
2025-11-11T14:51:00Z,114.44000244140625,114.51000213623047,114.44000244140625,114.49500274658203,114.49500274658203,2528.0
2025-11-11T14:52:00Z,114.48999786376953,114.51000213623047,114.44999694824219,114.48999786376953,114.48999786376953,2956.0
2025-11-11T14:53:00Z,114.40010070800781,114.54000091552734,114.40010070800781,114.54000091552734,114.54000091552734,2433.0
2025-11-11T14:54:00Z,114.52999877929688,114.62999725341797,114.52999877929688,114.62999725341797,114.62999725341797,880.0
2025-11-11T14:55:00Z,114.58499908447266,114.73999786376953,114.58499908447266,114.73999786376953,114.73999786376953,3168.0
2025-11-11T14:56:00Z,114.72000122070312,114.76000213623047,114.57499694824219,114.57499694824219,114.57499694824219,3451.0
2025-11-11T14:57:00Z,114.63999938964844,114.69000244140625,114.63999938964844,114.6500015258789,114.6500015258789,970.0
2025-11-11T14:58:00Z,114.63500213623047,114.63500213623047,114.48999786376953,114.48999786376953,114.48999786376953,1507.0
2025-11-11T14:59:00Z,114.48999786376953,114.5199966430664,114.45999908447266,114.51000213623047,114.51000213623047,1877.0
2025-11-11T15:00:00Z,114.48999786376953,114.5,114.41000366210938,114.5,114.5,2633.0
2025-11-11T15:01:00Z,114.51000213623047,114.55000305175781,114.4800033569336,114.55000305175781,114.55000305175781,1778.0
2025-11-11T15:02:00Z,114.55000305175781,114.68000030517578,114.44010162353516,114.68000030517578,114.68000030517578,6103.0
2025-11-11T15:03:00Z,114.69000244140625,114.69000244140625,114.62999725341797,114.62999725341797,114.62999725341797,1416.0
2025-11-11T15:04:00Z,114.63999938964844,114.63999938964844,114.54000091552734,114.54000091552734,114.54000091552734,2817.0
2025-11-11T15:05:00Z,114.56999969482422,114.61000061035156,114.55999755859375,114.5999984741211,114.5999984741211,1918.0
2025-11-11T15:06:00Z,114.61000061035156,114.61000061035156,114.48999786376953,114.52999877929688,114.52999877929688,2671.0
2025-11-11T15:07:00Z,114.56999969482422,114.66000366210938,114.56999969482422,114.5999984741211,114.5999984741211,4641.0
2025-11-11T15:08:00Z,114.62000274658203,114.63500213623047,114.62000274658203,114.62999725341797,114.62999725341797,1961.0
2025-11-11T15:09:00Z,114.58999633789062,114.70500183105469,114.58999633789062,114.70500183105469,114.70500183105469,1805.0
2025-11-11T15:10:00Z,114.70999908447266,114.76000213623047,114.668701171875,114.76000213623047,114.76000213623047,1563.0
2025-11-11T15:11:00Z,114.73500061035156,114.76000213623047,114.6500015258789,114.6500015258789,114.6500015258789,1988.0
2025-11-11T15:12:00Z,114.62000274658203,114.63999938964844,114.62000274658203,114.62999725341797,114.62999725341797,1060.0
2025-11-11T15:13:00Z,114.58000183105469,114.6500015258789,114.56999969482422,114.56999969482422,114.56999969482422,1244.0
2025-11-11T15:14:00Z,114.6500015258789,114.6500015258789,114.5999984741211,114.61000061035156,114.61000061035156,1827.0
2025-11-11T15:15:00Z,114.59500122070312,114.63999938964844,114.55000305175781,114.55000305175781,114.55000305175781,4562.0
2025-11-11T15:16:00Z,114.56999969482422,114.58000183105469,114.5,114.5,114.5,2402.0
2025-11-11T15:17:00Z,114.54000091552734,114.56999969482422,114.52999877929688,114.55999755859375,114.55999755859375,2191.0
2025-11-11T15:18:00Z,114.54499816894531,114.55999755859375,114.54000091552734,114.54000091552734,114.54000091552734,757.0
2025-11-11T15:19:00Z,114.55999755859375,114.58000183105469,114.55000305175781,114.58000183105469,114.58000183105469,1783.0
2025-11-11T15:20:00Z,114.58999633789062,114.63999938964844,114.58999633789062,114.63999938964844,114.63999938964844,2127.0
2025-11-11T15:21:00Z,114.63999938964844,114.68000030517578,114.63999938964844,114.66999816894531,114.66999816894531,2573.0
2025-11-11T15:22:00Z,114.63999938964844,114.69499969482422,114.63999938964844,114.67500305175781,114.67500305175781,2899.0
2025-11-11T15:23:00Z,114.69000244140625,114.69000244140625,114.62999725341797,114.6449966430664,114.6449966430664,1770.0
2025-11-11T15:24:00Z,114.6500015258789,114.6500015258789,114.54000091552734,114.56999969482422,114.56999969482422,2775.0
2025-11-11T15:25:00Z,114.58999633789062,114.63999938964844,114.58999633789062,114.63999938964844,114.63999938964844,1791.0
2025-11-11T15:26:00Z,114.63999938964844,114.70999908447266,114.63999938964844,114.66999816894531,114.66999816894531,2380.0
2025-11-11T15:27:00Z,114.70999908447266,114.76000213623047,114.70999908447266,114.7300033569336,114.7300033569336,2962.0
2025-11-11T15:28:00Z,114.69999694824219,114.71499633789062,114.69999694824219,114.71499633789062,114.71499633789062,823.0
2025-11-11T15:29:00Z,114.72000122070312,114.74939727783203,114.69000244140625,114.69000244140625,114.69000244140625,1169.0
2025-11-11T15:30:00Z,114.69999694824219,114.75,114.66999816894531,114.75,114.75,3326.0
2025-11-11T15:31:00Z,114.74500274658203,114.80999755859375,114.74500274658203,114.80999755859375,114.80999755859375,3171.0
2025-11-11T15:32:00Z,114.80000305175781,114.80000305175781,114.80000305175781,114.80000305175781,114.80000305175781,608.0
2025-11-11T15:33:00Z,114.79499816894531,114.79499816894531,114.79000091552734,114.79499816894531,114.79499816894531,1877.0
2025-11-11T15:34:00Z,114.81999969482422,114.91999816894531,114.80999755859375,114.91999816894531,114.91999816894531,5759.0
2025-11-11T15:35:00Z,114.94000244140625,114.94000244140625,114.81999969482422,114.82499694824219,114.82499694824219,6703.0
2025-11-11T15:36:00Z,114.82499694824219,114.87000274658203,114.79499816894531,114.83000183105469,114.83000183105469,3722.0
2025-11-11T15:37:00Z,114.81500244140625,114.8499984741211,114.80000305175781,114.80000305175781,114.80000305175781,3437.0
2025-11-11T15:38:00Z,114.79000091552734,114.79499816894531,114.79000091552734,114.79499816894531,114.79499816894531,941.0
2025-11-11T15:39:00Z,114.83000183105469,114.87000274658203,114.83000183105469,114.83999633789062,114.83999633789062,1825.0
2025-11-11T15:40:00Z,114.80999755859375,114.83000183105469,114.7249984741211,114.7249984741211,114.7249984741211,3921.0
2025-11-11T15:41:00Z,114.76000213623047,114.76000213623047,114.62000274658203,114.62000274658203,114.62000274658203,3212.0
2025-11-11T15:42:00Z,114.61000061035156,114.61000061035156,114.57499694824219,114.57499694824219,114.57499694824219,2768.0
2025-11-11T15:43:00Z,114.57499694824219,114.68000030517578,114.57499694824219,114.62000274658203,114.62000274658203,5008.0
2025-11-11T15:44:00Z,114.58999633789062,114.58999633789062,114.54000091552734,114.54000091552734,114.54000091552734,860.0
2025-11-11T15:45:00Z,114.58999633789062,114.66000366210938,114.58999633789062,114.6500015258789,114.6500015258789,3097.0
2025-11-11T15:46:00Z,114.66999816894531,114.70999908447266,114.66999816894531,114.69999694824219,114.69999694824219,2138.0
2025-11-11T15:47:00Z,114.70999908447266,114.70999908447266,114.69000244140625,114.69000244140625,114.69000244140625,2091.0
2025-11-11T15:48:00Z,114.68000030517578,114.69000244140625,114.66000366210938,114.68000030517578,114.68000030517578,2398.0
2025-11-11T15:49:00Z,114.68000030517578,114.69999694824219,114.66000366210938,114.66000366210938,114.66000366210938,2531.0
2025-11-11T15:50:00Z,114.61499786376953,114.63999938964844,114.61499786376953,114.63999938964844,114.63999938964844,2065.0
2025-11-11T15:51:00Z,114.63999938964844,114.66000366210938,114.62000274658203,114.6500015258789,114.6500015258789,2650.0
2025-11-11T15:52:00Z,114.66999816894531,114.75,114.66999816894531,114.75,114.75,2126.0
2025-11-11T15:53:00Z,114.7300033569336,114.76000213623047,114.72000122070312,114.75,114.75,4013.0
2025-11-11T15:54:00Z,114.75,114.75,114.73999786376953,114.73999786376953,114.73999786376953,1421.0
2025-11-11T15:55:00Z,114.76000213623047,114.76000213623047,114.7300033569336,114.7300033569336,114.7300033569336,2480.0
2025-11-11T15:56:00Z,114.75,114.78500366210938,114.74500274658203,114.77999877929688,114.77999877929688,3161.0
2025-11-11T15:57:00Z,114.7699966430664,114.77999877929688,114.7300033569336,114.73500061035156,114.73500061035156,2413.0
2025-11-11T15:58:00Z,114.76000213623047,114.77999877929688,114.74500274658203,114.7699966430664,114.7699966430664,1845.0
2025-11-11T15:59:00Z,114.80000305175781,114.81999969482422,114.79000091552734,114.81999969482422,114.81999969482422,2507.0
2025-11-11T16:00:00Z,114.83000183105469,114.83000183105469,114.83000183105469,114.83000183105469,114.83000183105469,586.0
2025-11-11T16:01:00Z,114.8499984741211,114.8499984741211,114.81999969482422,114.83999633789062,114.83999633789062,1930.0
2025-11-11T16:02:00Z,114.86000061035156,114.86000061035156,114.83000183105469,114.83000183105469,114.83000183105469,2249.0
2025-11-11T16:03:00Z,114.83999633789062,114.86000061035156,114.83000183105469,114.8499984741211,114.8499984741211,1583.0
2025-11-11T16:04:00Z,114.8550033569336,114.88999938964844,114.8499984741211,114.88999938964844,114.88999938964844,2201.0
2025-11-11T16:05:00Z,114.86000061035156,114.8604965209961,114.83000183105469,114.8604965209961,114.8604965209961,2569.0
2025-11-11T16:06:00Z,114.87999725341797,114.87999725341797,114.86000061035156,114.87999725341797,114.87999725341797,1742.0
2025-11-11T16:07:00Z,114.87999725341797,114.87999725341797,114.79000091552734,114.79000091552734,114.79000091552734,2447.0
2025-11-11T16:08:00Z,114.79000091552734,114.79000091552734,114.75,114.75,114.75,1649.0
2025-11-11T16:09:00Z,114.7699966430664,114.8499984741211,114.7699966430664,114.81999969482422,114.81999969482422,3688.0
2025-11-11T16:10:00Z,114.79000091552734,114.79000091552734,114.7699966430664,114.7699966430664,114.7699966430664,1329.0
2025-11-11T16:11:00Z,114.75,114.76000213623047,114.73500061035156,114.76000213623047,114.76000213623047,1165.0
2025-11-11T16:12:00Z,114.76000213623047,114.76000213623047,114.74500274658203,114.74500274658203,114.74500274658203,1391.0
2025-11-11T16:13:00Z,114.76000213623047,114.7699966430664,114.75,114.75,114.75,2049.0
2025-11-11T16:15:00Z,114.72000122070312,114.83999633789062,114.72000122070312,114.83999633789062,114.83999633789062,3106.0
2025-11-11T16:16:00Z,114.86000061035156,114.87000274658203,114.8499984741211,114.8550033569336,114.8550033569336,1384.0
2025-11-11T16:17:00Z,114.8499984741211,114.8499984741211,114.8499984741211,114.8499984741211,114.8499984741211,1788.0
2025-11-11T16:19:00Z,114.81999969482422,114.81999969482422,114.77999877929688,114.81999969482422,114.81999969482422,1852.0
2025-11-11T16:20:00Z,114.80500030517578,114.80500030517578,114.80500030517578,114.80500030517578,114.80500030517578,538.0
2025-11-11T16:21:00Z,114.77999877929688,114.77999877929688,114.77999877929688,114.77999877929688,114.77999877929688,994.0
2025-11-11T16:22:00Z,114.79000091552734,114.79000091552734,114.69000244140625,114.7699966430664,114.7699966430664,10768.0
2025-11-11T16:23:00Z,114.76000213623047,114.80000305175781,114.76000213623047,114.80000305175781,114.80000305175781,2320.0
2025-11-11T16:24:00Z,114.80999755859375,114.8499984741211,114.80999755859375,114.83000183105469,114.83000183105469,2636.0
2025-11-11T16:25:00Z,114.81999969482422,114.81999969482422,114.80000305175781,114.80000305175781,114.80000305175781,1460.0
2025-11-11T16:26:00Z,114.80000305175781,114.81999969482422,114.80000305175781,114.81999969482422,114.81999969482422,1148.0
2025-11-11T16:27:00Z,114.81999969482422,114.83000183105469,114.81999969482422,114.83000183105469,114.83000183105469,1242.0
2025-11-11T16:28:00Z,114.8499984741211,114.8855972290039,114.8499984741211,114.8499984741211,114.8499984741211,2510.0
2025-11-11T16:29:00Z,114.8499984741211,114.8499984741211,114.82499694824219,114.83499908447266,114.83499908447266,1036.0
2025-11-11T16:30:00Z,114.83000183105469,114.86000061035156,114.81999969482422,114.86000061035156,114.86000061035156,1612.0
2025-11-11T16:31:00Z,114.87000274658203,114.94999694824219,114.87000274658203,114.94999694824219,114.94999694824219,3757.0
2025-11-11T16:32:00Z,114.94000244140625,114.94000244140625,114.91000366210938,114.91000366210938,114.91000366210938,1627.0
2025-11-11T16:33:00Z,114.93499755859375,114.95999908447266,114.93499755859375,114.94999694824219,114.94999694824219,2809.0
2025-11-11T16:34:00Z,114.91999816894531,114.94999694824219,114.91999816894531,114.94999694824219,114.94999694824219,982.0
2025-11-11T16:35:00Z,114.97000122070312,114.97000122070312,114.95999908447266,114.96499633789062,114.96499633789062,1110.0
2025-11-11T16:36:00Z,114.97000122070312,114.98999786376953,114.89009857177734,114.89009857177734,114.89009857177734,5123.0
2025-11-11T16:37:00Z,114.9800033569336,114.98999786376953,114.97000122070312,114.9800033569336,114.9800033569336,2658.0
2025-11-11T16:38:00Z,114.95500183105469,114.97000122070312,114.93000030517578,114.97000122070312,114.97000122070312,2037.0
2025-11-11T16:39:00Z,114.97000122070312,114.97000122070312,114.93000030517578,114.93000030517578,114.93000030517578,1586.0
2025-11-11T16:40:00Z,114.93000030517578,114.94999694824219,114.91999816894531,114.94999694824219,114.94999694824219,2500.0
2025-11-11T16:41:00Z,114.9800033569336,114.9800033569336,114.97000122070312,114.97000122070312,114.97000122070312,1031.0
2025-11-11T16:42:00Z,114.96499633789062,114.97000122070312,114.96499633789062,114.97000122070312,114.97000122070312,815.0
2025-11-11T16:43:00Z,114.95999908447266,114.95999908447266,114.94499969482422,114.94499969482422,114.94499969482422,2242.0
2025-11-11T16:44:00Z,114.94999694824219,115.07499694824219,114.94999694824219,115.07499694824219,115.07499694824219,17347.0
2025-11-11T16:45:00Z,115.08000183105469,115.08000183105469,115.01000213623047,115.02999877929688,115.02999877929688,1969.0
2025-11-11T16:46:00Z,115.01499938964844,115.06999969482422,115.01499938964844,115.06999969482422,115.06999969482422,3415.0
2025-11-11T16:47:00Z,115.08000183105469,115.08000183105469,115.08000183105469,115.08000183105469,115.08000183105469,1421.0
2025-11-11T16:48:00Z,115.04000091552734,115.05999755859375,114.98999786376953,114.98999786376953,114.98999786376953,2023.0
2025-11-11T16:49:00Z,114.98999786376953,114.98999786376953,114.98999786376953,114.98999786376953,114.98999786376953,612.0
2025-11-11T16:50:00Z,115.0,115.01000213623047,114.98500061035156,115.0,115.0,2997.0
2025-11-11T16:51:00Z,114.9749984741211,115.0,114.9749984741211,114.98999786376953,114.98999786376953,1934.0
2025-11-11T16:52:00Z,114.94999694824219,114.94999694824219,114.94999694824219,114.94999694824219,114.94999694824219,1992.0
2025-11-11T16:53:00Z,114.94999694824219,114.94999694824219,114.94999694824219,114.94999694824219,114.94999694824219,571.0
2025-11-11T16:54:00Z,114.9800033569336,114.9801025390625,114.96499633789062,114.96499633789062,114.96499633789062,2009.0
2025-11-11T16:55:00Z,114.96499633789062,114.96499633789062,114.96499633789062,114.96499633789062,114.96499633789062,565.0
2025-11-11T16:56:00Z,114.95999908447266,114.95999908447266,114.8949966430664,114.93499755859375,114.93499755859375,2038.0
2025-11-11T16:57:00Z,114.94000244140625,114.94999694824219,114.94000244140625,114.94999694824219,114.94999694824219,1152.0
2025-11-11T16:58:00Z,114.94999694824219,114.94999694824219,114.94000244140625,114.94000244140625,114.94000244140625,929.0
2025-11-11T16:59:00Z,114.94999694824219,114.94999694824219,114.94000244140625,114.94499969482422,114.94499969482422,1613.0
2025-11-11T17:00:00Z,114.94000244140625,114.94010162353516,114.91999816894531,114.93000030517578,114.93000030517578,3049.0
2025-11-11T17:01:00Z,114.94000244140625,114.96499633789062,114.94000244140625,114.94999694824219,114.94999694824219,2193.0
2025-11-11T17:02:00Z,114.95999908447266,114.95999908447266,114.94000244140625,114.94000244140625,114.94000244140625,1749.0
2025-11-11T17:03:00Z,114.93000030517578,114.93000030517578,114.91000366210938,114.91000366210938,114.91000366210938,349.0
2025-11-11T17:04:00Z,114.91999816894531,114.93000030517578,114.91999816894531,114.93000030517578,114.93000030517578,1363.0
2025-11-11T17:05:00Z,114.8949966430664,114.8949966430664,114.83999633789062,114.83999633789062,114.83999633789062,1597.0
2025-11-11T17:06:00Z,114.81999969482422,114.83000183105469,114.80000305175781,114.83000183105469,114.83000183105469,476.0
2025-11-11T17:07:00Z,114.81999969482422,114.81999969482422,114.79000091552734,114.79000091552734,114.79000091552734,1389.0
2025-11-11T17:08:00Z,114.8499984741211,114.8499984741211,114.83000183105469,114.83000183105469,114.83000183105469,884.0
2025-11-11T17:09:00Z,114.81999969482422,114.81999969482422,114.80500030517578,114.81999969482422,114.81999969482422,1029.0
2025-11-11T17:10:00Z,114.83000183105469,114.83989715576172,114.80999755859375,114.83000183105469,114.83000183105469,1453.0
2025-11-11T17:11:00Z,114.83999633789062,114.86000061035156,114.8301010131836,114.83999633789062,114.83999633789062,2146.0
2025-11-11T17:12:00Z,114.84661102294922,114.84661102294922,114.83999633789062,114.83999633789062,114.83999633789062,651.0
2025-11-11T17:13:00Z,114.84500122070312,114.86000061035156,114.84500122070312,114.86000061035156,114.86000061035156,1751.0
2025-11-11T17:14:00Z,114.8499984741211,114.8499984741211,114.8499984741211,114.8499984741211,114.8499984741211,819.0
2025-11-11T17:15:00Z,114.8499984741211,114.94090270996094,114.8499984741211,114.93499755859375,114.93499755859375,4335.0
2025-11-11T17:16:00Z,114.9000015258789,114.91000366210938,114.9000015258789,114.91000366210938,114.91000366210938,1072.0
2025-11-11T17:17:00Z,114.9000015258789,114.9000015258789,114.88999938964844,114.88999938964844,114.88999938964844,2232.0
2025-11-11T17:18:00Z,114.87000274658203,114.87000274658203,114.81999969482422,114.83000183105469,114.83000183105469,1834.0
2025-11-11T17:19:00Z,114.81999969482422,114.81999969482422,114.80000305175781,114.80999755859375,114.80999755859375,4414.0
2025-11-11T17:20:00Z,114.79000091552734,114.79000091552734,114.75,114.75,114.75,1113.0
2025-11-11T17:21:00Z,114.7699966430664,114.7699966430664,114.73999786376953,114.7699966430664,114.7699966430664,3362.0
2025-11-11T17:22:00Z,114.80000305175781,114.80000305175781,114.80000305175781,114.80000305175781,114.80000305175781,610.0
2025-11-11T17:23:00Z,114.77999877929688,114.79000091552734,114.7750015258789,114.79000091552734,114.79000091552734,1038.0
2025-11-11T17:24:00Z,114.80999755859375,114.83999633789062,114.80999755859375,114.83999633789062,114.83999633789062,1707.0
2025-11-11T17:25:00Z,114.83999633789062,114.8499984741211,114.83999633789062,114.8499984741211,114.8499984741211,950.0
2025-11-11T17:26:00Z,114.83999633789062,114.83999633789062,114.8010025024414,114.81999969482422,114.81999969482422,3105.0
2025-11-11T17:27:00Z,114.8499984741211,114.86000061035156,114.83999633789062,114.86000061035156,114.86000061035156,2167.0
2025-11-11T17:29:00Z,114.86000061035156,114.87000274658203,114.86000061035156,114.87000274658203,114.87000274658203,1607.0
2025-11-11T17:30:00Z,114.875,114.9000015258789,114.875,114.9000015258789,114.9000015258789,1237.0
2025-11-11T17:31:00Z,114.91000366210938,114.94000244140625,114.91000366210938,114.94000244140625,114.94000244140625,2624.0
2025-11-11T17:32:00Z,114.91000366210938,114.91000366210938,114.91000366210938,114.91000366210938,114.91000366210938,1185.0
2025-11-11T17:33:00Z,114.87000274658203,114.87000274658203,114.8499984741211,114.8499984741211,114.8499984741211,1274.0
2025-11-11T17:34:00Z,114.8499984741211,114.8499984741211,114.8499984741211,114.8499984741211,114.8499984741211,818.0
2025-11-11T17:35:00Z,114.83000183105469,114.83999633789062,114.81999969482422,114.83000183105469,114.83000183105469,2412.0
2025-11-11T17:36:00Z,114.80999755859375,114.83000183105469,114.80000305175781,114.83000183105469,114.83000183105469,2316.0
2025-11-11T17:37:00Z,114.81999969482422,114.81999969482422,114.7699966430664,114.7699966430664,114.7699966430664,1664.0
2025-11-11T17:38:00Z,114.79000091552734,114.83999633789062,114.77999877929688,114.83999633789062,114.83999633789062,2136.0
2025-11-11T17:39:00Z,114.83000183105469,114.83000183105469,114.81999969482422,114.81999969482422,114.81999969482422,1091.0
2025-11-11T17:40:00Z,114.80999755859375,114.80999755859375,114.77999877929688,114.80000305175781,114.80000305175781,1021.0
2025-11-11T17:41:00Z,114.81999969482422,114.81999969482422,114.81999969482422,114.81999969482422,114.81999969482422,1339.0
2025-11-11T17:42:00Z,114.80999755859375,114.80999755859375,114.80999755859375,114.80999755859375,114.80999755859375,890.0
2025-11-11T17:43:00Z,114.76000213623047,114.7699966430664,114.7300033569336,114.7300033569336,114.7300033569336,1802.0
2025-11-11T17:44:00Z,114.75,114.76000213623047,114.75,114.76000213623047,114.76000213623047,2400.0
2025-11-11T17:45:00Z,114.73999786376953,114.77999877929688,114.73500061035156,114.7750015258789,114.7750015258789,2826.0
2025-11-11T17:46:00Z,114.76000213623047,114.76000213623047,114.74500274658203,114.75,114.75,1962.0
2025-11-11T17:48:00Z,114.71499633789062,114.73999786376953,114.71499633789062,114.73999786376953,114.73999786376953,2337.0
2025-11-11T17:49:00Z,114.7300033569336,114.73999786376953,114.7300033569336,114.7300033569336,114.7300033569336,3012.0
2025-11-11T17:51:00Z,114.72000122070312,114.72000122070312,114.69000244140625,114.69000244140625,114.69000244140625,474.0
2025-11-11T17:52:00Z,114.70999908447266,114.72000122070312,114.69000244140625,114.69000244140625,114.69000244140625,1712.0
2025-11-11T17:53:00Z,114.69000244140625,114.69999694824219,114.69000244140625,114.69999694824219,114.69999694824219,1167.0
2025-11-11T17:54:00Z,114.69999694824219,114.69999694824219,114.69999694824219,114.69999694824219,114.69999694824219,299.0
2025-11-11T17:55:00Z,114.72000122070312,114.72000122070312,114.66999816894531,114.68000030517578,114.68000030517578,1834.0
2025-11-11T17:56:00Z,114.66999816894531,114.71499633789062,114.66999816894531,114.71499633789062,114.71499633789062,1718.0
2025-11-11T17:57:00Z,114.72000122070312,114.72000122070312,114.69000244140625,114.69000244140625,114.69000244140625,1602.0
2025-11-11T17:58:00Z,114.69999694824219,114.7300033569336,114.69999694824219,114.7300033569336,114.7300033569336,1559.0
2025-11-11T17:59:00Z,114.72000122070312,114.72000122070312,114.72000122070312,114.72000122070312,114.72000122070312,493.0
2025-11-11T18:00:00Z,114.73999786376953,114.79000091552734,114.73999786376953,114.79000091552734,114.79000091552734,2376.0
2025-11-11T18:01:00Z,114.80000305175781,114.80000305175781,114.79499816894531,114.79499816894531,114.79499816894531,1321.0
2025-11-11T18:02:00Z,114.81999969482422,114.83999633789062,114.81999969482422,114.83000183105469,114.83000183105469,2707.0
2025-11-11T18:03:00Z,114.81999969482422,114.81999969482422,114.80999755859375,114.80999755859375,114.80999755859375,832.0
2025-11-11T18:04:00Z,114.81999969482422,114.81999969482422,114.81999969482422,114.81999969482422,114.81999969482422,702.0
2025-11-11T18:05:00Z,114.81999969482422,114.81999969482422,114.80999755859375,114.81500244140625,114.81500244140625,981.0
2025-11-11T18:06:00Z,114.81999969482422,114.84500122070312,114.80000305175781,114.80999755859375,114.80999755859375,3087.0
2025-11-11T18:07:00Z,114.81999969482422,114.81999969482422,114.81999969482422,114.81999969482422,114.81999969482422,1238.0
2025-11-11T18:08:00Z,114.81999969482422,114.83499908447266,114.81999969482422,114.83499908447266,114.83499908447266,1684.0
2025-11-11T18:09:00Z,114.88999938964844,114.9000015258789,114.88999938964844,114.9000015258789,114.9000015258789,721.0
2025-11-11T18:10:00Z,114.9000015258789,114.9000015258789,114.87999725341797,114.9000015258789,114.9000015258789,1492.0
2025-11-11T18:11:00Z,114.8949966430664,114.8949966430664,114.86000061035156,114.86000061035156,114.86000061035156,1612.0
2025-11-11T18:12:00Z,114.86000061035156,114.86499786376953,114.8550033569336,114.86000061035156,114.86000061035156,1729.0
2025-11-11T18:13:00Z,114.8499984741211,114.8499984741211,114.79499816894531,114.79499816894531,114.79499816894531,2017.0
2025-11-11T18:14:00Z,114.79499816894531,114.87999725341797,114.79499816894531,114.82649993896484,114.82649993896484,3847.0
2025-11-11T18:15:00Z,114.87000274658203,114.87000274658203,114.8499984741211,114.8499984741211,114.8499984741211,1171.0
2025-11-11T18:16:00Z,114.84500122070312,114.84500122070312,114.79000091552734,114.81999969482422,114.81999969482422,2003.0
2025-11-11T18:17:00Z,114.83999633789062,114.83999633789062,114.83000183105469,114.83000183105469,114.83000183105469,1334.0
2025-11-11T18:18:00Z,114.83000183105469,114.83999633789062,114.83000183105469,114.83000183105469,114.83000183105469,1746.0
2025-11-11T18:19:00Z,114.83999633789062,114.8499984741211,114.82659912109375,114.8499984741211,114.8499984741211,1726.0
2025-11-11T18:20:00Z,114.86000061035156,114.86000061035156,114.86000061035156,114.86000061035156,114.86000061035156,818.0
2025-11-11T18:21:00Z,114.83999633789062,114.8499984741211,114.77999877929688,114.77999877929688,114.77999877929688,4324.0
2025-11-11T18:22:00Z,114.7699966430664,114.83999633789062,114.75,114.80500030517578,114.80500030517578,7507.0
2025-11-11T18:23:00Z,114.77010345458984,114.77010345458984,114.69000244140625,114.69000244140625,114.69000244140625,2713.0
2025-11-11T18:24:00Z,114.69319915771484,114.73999786376953,114.66000366210938,114.72000122070312,114.72000122070312,4832.0
2025-11-11T18:25:00Z,114.69000244140625,114.69999694824219,114.68499755859375,114.69999694824219,114.69999694824219,823.0
2025-11-11T18:26:00Z,114.68499755859375,114.69999694824219,114.66999816894531,114.66999816894531,114.66999816894531,1713.0
2025-11-11T18:27:00Z,114.66999816894531,114.66999816894531,114.66999816894531,114.66999816894531,114.66999816894531,786.0
2025-11-11T18:29:00Z,114.68499755859375,114.68499755859375,114.67549896240234,114.67549896240234,114.67549896240234,1414.0
2025-11-11T18:30:00Z,114.69999694824219,114.72000122070312,114.69999694824219,114.7157974243164,114.7157974243164,2912.0
2025-11-11T18:31:00Z,114.72000122070312,114.75,114.72000122070312,114.73999786376953,114.73999786376953,4407.0
2025-11-11T18:32:00Z,114.73100280761719,114.73100280761719,114.69999694824219,114.69999694824219,114.69999694824219,4283.0
2025-11-11T18:33:00Z,114.68000030517578,114.68000030517578,114.6500015258789,114.66500091552734,114.66500091552734,1876.0
2025-11-11T18:34:00Z,114.66000366210938,114.66999816894531,114.6500015258789,114.6500015258789,114.6500015258789,5026.0
2025-11-11T18:35:00Z,114.63999938964844,114.63999938964844,114.56999969482422,114.58000183105469,114.58000183105469,3378.0
2025-11-11T18:36:00Z,114.56999969482422,114.58999633789062,114.56999969482422,114.56999969482422,114.56999969482422,3193.0
2025-11-11T18:37:00Z,114.56999969482422,114.56999969482422,114.51000213623047,114.5199966430664,114.5199966430664,2592.0
2025-11-11T18:38:00Z,114.5250015258789,114.52999877929688,114.47000122070312,114.48210144042969,114.48210144042969,1716.0
2025-11-11T18:39:00Z,114.5,114.5199966430664,114.4800033569336,114.51000213623047,114.51000213623047,8065.0
2025-11-11T18:40:00Z,114.51000213623047,114.51000213623047,114.45999908447266,114.45999908447266,114.45999908447266,2451.0
2025-11-11T18:41:00Z,114.44000244140625,114.45999908447266,114.36499786376953,114.37999725341797,114.37999725341797,3922.0
2025-11-11T18:42:00Z,114.37999725341797,114.37999725341797,114.36000061035156,114.37000274658203,114.37000274658203,1242.0
2025-11-11T18:43:00Z,114.37999725341797,114.43000030517578,114.375,114.43000030517578,114.43000030517578,5207.0
2025-11-11T18:44:00Z,114.43000030517578,114.45999908447266,114.43000030517578,114.44999694824219,114.44999694824219,2960.0
2025-11-11T18:45:00Z,114.44000244140625,114.44000244140625,114.37999725341797,114.37999725341797,114.37999725341797,2731.0
2025-11-11T18:46:00Z,114.37000274658203,114.37000274658203,114.33000183105469,114.3550033569336,114.3550033569336,1985.0
2025-11-11T18:47:00Z,114.3499984741211,114.3499984741211,114.29000091552734,114.30000305175781,114.30000305175781,2118.0
2025-11-11T18:48:00Z,114.31500244140625,114.37000274658203,114.31500244140625,114.37000274658203,114.37000274658203,5327.0
2025-11-11T18:49:00Z,114.3499984741211,114.36499786376953,114.3499984741211,114.36499786376953,114.36499786376953,1050.0
2025-11-11T18:50:00Z,114.36000061035156,114.36000061035156,114.3499984741211,114.3499984741211,114.3499984741211,1222.0
2025-11-11T18:51:00Z,114.3499984741211,114.3499984741211,114.30999755859375,114.30999755859375,114.30999755859375,1497.0
2025-11-11T18:52:00Z,114.32499694824219,114.375,114.32499694824219,114.33999633789062,114.33999633789062,5789.0
2025-11-11T18:53:00Z,114.30999755859375,114.30999755859375,114.2699966430664,114.2699966430664,114.2699966430664,3367.0
2025-11-11T18:54:00Z,114.23999786376953,114.25,114.20999908447266,114.25,114.25,3585.0
2025-11-11T18:55:00Z,114.23999786376953,114.23999786376953,114.22000122070312,114.22000122070312,114.22000122070312,2942.0
2025-11-11T18:56:00Z,114.19999694824219,114.19999694824219,114.13999938964844,114.16000366210938,114.16000366210938,2669.0
2025-11-11T18:57:00Z,114.1500015258789,114.16000366210938,114.09500122070312,114.12000274658203,114.12000274658203,4432.0
2025-11-11T18:58:00Z,114.0999984741211,114.0999984741211,114.04000091552734,114.04000091552734,114.04000091552734,2775.0
2025-11-11T18:59:00Z,114.0199966430664,114.06999969482422,113.97000122070312,114.06999969482422,114.06999969482422,9951.0
2025-11-11T19:00:00Z,114.07499694824219,114.12000274658203,113.98999786376953,114.0199966430664,114.0199966430664,22513.0
2025-11-11T19:01:00Z,114.02999877929688,114.18000030517578,114.02999877929688,114.18000030517578,114.18000030517578,4289.0
2025-11-11T19:02:00Z,114.19499969482422,114.19499969482422,114.19499969482422,114.19499969482422,114.19499969482422,514.0
2025-11-11T19:03:00Z,114.19999694824219,114.22000122070312,114.18000030517578,114.19000244140625,114.19000244140625,2568.0
2025-11-11T19:04:00Z,114.19999694824219,114.23999786376953,114.19999694824219,114.22000122070312,114.22000122070312,7199.0
2025-11-11T19:05:00Z,114.20999908447266,114.21499633789062,114.20999908447266,114.20999908447266,114.20999908447266,1804.0
2025-11-11T19:06:00Z,114.20999908447266,114.20999908447266,114.19499969482422,114.19499969482422,114.19499969482422,1114.0
2025-11-11T19:07:00Z,114.19999694824219,114.19999694824219,114.16000366210938,114.18000030517578,114.18000030517578,4770.0
2025-11-11T19:08:00Z,114.16999816894531,114.19999694824219,114.16999816894531,114.19000244140625,114.19000244140625,5017.0
2025-11-11T19:09:00Z,114.19999694824219,114.2300033569336,114.17500305175781,114.22750091552734,114.22750091552734,3599.0
2025-11-11T19:10:00Z,114.23999786376953,114.30999755859375,114.23999786376953,114.30000305175781,114.30000305175781,4796.0
2025-11-11T19:11:00Z,114.30000305175781,114.36000061035156,114.30000305175781,114.36000061035156,114.36000061035156,3067.0
2025-11-11T19:12:00Z,114.36000061035156,114.36000061035156,114.30000305175781,114.30000305175781,114.30000305175781,4025.0
2025-11-11T19:13:00Z,114.30999755859375,114.30999755859375,114.27999877929688,114.27999877929688,114.27999877929688,1514.0
2025-11-11T19:14:00Z,114.26000213623047,114.26000213623047,114.25,114.26000213623047,114.26000213623047,1121.0
2025-11-11T19:15:00Z,114.26000213623047,114.30999755859375,114.25,114.26000213623047,114.26000213623047,5908.0
2025-11-11T19:16:00Z,114.26499938964844,114.29000091552734,114.26499938964844,114.27999877929688,114.27999877929688,1929.0
2025-11-11T19:17:00Z,114.28500366210938,114.33000183105469,114.28500366210938,114.32499694824219,114.32499694824219,3235.0
2025-11-11T19:18:00Z,114.33999633789062,114.33999633789062,114.31999969482422,114.31999969482422,114.31999969482422,1685.0
2025-11-11T19:19:00Z,114.31500244140625,114.31500244140625,114.30000305175781,114.30000305175781,114.30000305175781,1769.0
2025-11-11T19:20:00Z,114.2699966430664,114.2699966430664,114.19000244140625,114.20999908447266,114.20999908447266,6440.0
2025-11-11T19:21:00Z,114.2125015258789,114.2300033569336,114.20500183105469,114.20999908447266,114.20999908447266,2480.0
2025-11-11T19:22:00Z,114.22000122070312,114.2699966430664,114.22000122070312,114.26000213623047,114.26000213623047,4427.0
2025-11-11T19:23:00Z,114.26000213623047,114.26000213623047,114.25499725341797,114.25499725341797,114.25499725341797,351.0
2025-11-11T19:24:00Z,114.25,114.25,114.23999786376953,114.25,114.25,2122.0
2025-11-11T19:25:00Z,114.25,114.27999877929688,114.25,114.27999877929688,114.27999877929688,3156.0
2025-11-11T19:26:00Z,114.29000091552734,114.33000183105469,114.29000091552734,114.33000183105469,114.33000183105469,2875.0
2025-11-11T19:27:00Z,114.3499984741211,114.3499984741211,114.31999969482422,114.31999969482422,114.31999969482422,3030.0
2025-11-11T19:28:00Z,114.33999633789062,114.33999633789062,114.30999755859375,114.30999755859375,114.30999755859375,2178.0
2025-11-11T19:29:00Z,114.30999755859375,114.37000274658203,114.30000305175781,114.37000274658203,114.37000274658203,3193.0
2025-11-11T19:30:00Z,114.36000061035156,114.36000061035156,114.3550033569336,114.3550033569336,114.3550033569336,1282.0
2025-11-11T19:31:00Z,114.3499984741211,114.37000274658203,114.33999633789062,114.37000274658203,114.37000274658203,3732.0
2025-11-11T19:33:00Z,114.375,114.37999725341797,114.3499984741211,114.36000061035156,114.36000061035156,4595.0
2025-11-11T19:34:00Z,114.38999938964844,114.38999938964844,114.38999938964844,114.38999938964844,114.38999938964844,949.0
2025-11-11T19:35:00Z,114.38999938964844,114.38999938964844,114.33000183105469,114.34500122070312,114.34500122070312,2786.0
2025-11-11T19:36:00Z,114.3499984741211,114.40499877929688,114.3499984741211,114.4000015258789,114.4000015258789,5652.0
2025-11-11T19:37:00Z,114.4000015258789,114.41000366210938,114.4000015258789,114.4000015258789,114.4000015258789,1758.0
2025-11-11T19:38:00Z,114.4000015258789,114.4000015258789,114.36000061035156,114.36499786376953,114.36499786376953,3274.0
2025-11-11T19:39:00Z,114.375,114.37999725341797,114.3499984741211,114.3499984741211,114.3499984741211,3805.0
2025-11-11T19:40:00Z,114.3550033569336,114.37999725341797,114.3550033569336,114.37999725341797,114.37999725341797,3424.0
2025-11-11T19:41:00Z,114.37999725341797,114.38500213623047,114.36150360107422,114.38500213623047,114.38500213623047,1005.0
2025-11-11T19:42:00Z,114.37000274658203,114.38500213623047,114.36000061035156,114.36000061035156,114.36000061035156,1880.0
2025-11-11T19:43:00Z,114.3499984741211,114.3550033569336,114.34200286865234,114.3550033569336,114.3550033569336,1536.0
2025-11-11T19:44:00Z,114.3550033569336,114.3550033569336,114.33999633789062,114.33999633789062,114.33999633789062,1832.0
2025-11-11T19:45:00Z,114.33999633789062,114.33999633789062,114.33999633789062,114.33999633789062,114.33999633789062,770.0
2025-11-11T19:46:00Z,114.31999969482422,114.32499694824219,114.30999755859375,114.30999755859375,114.30999755859375,2227.0
2025-11-11T19:47:00Z,114.31500244140625,114.33000183105469,114.31500244140625,114.33000183105469,114.33000183105469,4266.0
2025-11-11T19:48:00Z,114.33999633789062,114.37000274658203,114.33999633789062,114.37000274658203,114.37000274658203,2994.0
2025-11-11T19:49:00Z,114.37999725341797,114.4000015258789,114.37999725341797,114.38999938964844,114.38999938964844,1736.0
2025-11-11T19:50:00Z,114.37999725341797,114.37999725341797,114.36000061035156,114.36000061035156,114.36000061035156,1177.0
2025-11-11T19:51:00Z,114.36000061035156,114.4000015258789,114.36000061035156,114.4000015258789,114.4000015258789,1449.0
2025-11-11T19:52:00Z,114.37999725341797,114.37999725341797,114.37000274658203,114.37000274658203,114.37000274658203,1509.0
2025-11-11T19:53:00Z,114.37000274658203,114.37000274658203,114.33999633789062,114.33999633789062,114.33999633789062,1811.0
2025-11-11T19:54:00Z,114.33999633789062,114.33999633789062,114.32499694824219,114.33000183105469,114.33000183105469,2123.0
2025-11-11T19:55:00Z,114.33560180664062,114.33560180664062,114.29000091552734,114.30000305175781,114.30000305175781,4686.0
2025-11-11T19:56:00Z,114.31999969482422,114.31999969482422,114.30999755859375,114.30999755859375,114.30999755859375,3103.0
2025-11-11T19:57:00Z,114.31999969482422,114.33999633789062,114.31999969482422,114.33999633789062,114.33999633789062,3390.0
2025-11-11T19:58:00Z,114.33999633789062,114.33999633789062,114.26000213623047,114.26000213623047,114.26000213623047,2989.0
2025-11-11T19:59:00Z,114.2699966430664,114.2699966430664,114.2699966430664,114.2699966430664,114.2699966430664,1326.0
2025-11-11T20:00:00Z,114.26000213623047,114.29000091552734,114.25499725341797,114.27999877929688,114.27999877929688,5059.0
2025-11-11T20:01:00Z,114.27999877929688,114.31999969482422,114.2699966430664,114.31999969482422,114.31999969482422,4771.0
2025-11-11T20:02:00Z,114.30999755859375,114.30999755859375,114.2750015258789,114.2750015258789,114.2750015258789,1455.0
2025-11-11T20:03:00Z,114.31999969482422,114.33999633789062,114.31999969482422,114.33000183105469,114.33000183105469,3911.0
2025-11-11T20:04:00Z,114.30999755859375,114.30999755859375,114.30000305175781,114.30000305175781,114.30000305175781,1016.0
2025-11-11T20:05:00Z,114.27999877929688,114.30000305175781,114.27999877929688,114.30000305175781,114.30000305175781,2421.0
2025-11-11T20:06:00Z,114.2699966430664,114.27999877929688,114.2699966430664,114.27999877929688,114.27999877929688,1300.0
2025-11-11T20:07:00Z,114.2750015258789,114.27999877929688,114.2300033569336,114.2300033569336,114.2300033569336,5810.0
2025-11-11T20:08:00Z,114.22000122070312,114.2300033569336,114.19000244140625,114.2300033569336,114.2300033569336,1860.0
2025-11-11T20:09:00Z,114.2249984741211,114.25,114.2249984741211,114.25,114.25,2645.0
2025-11-11T20:10:00Z,114.26000213623047,114.26000213623047,114.16999816894531,114.16999816894531,114.16999816894531,5614.0
2025-11-11T20:11:00Z,114.16000366210938,114.19000244140625,114.13999938964844,114.13999938964844,114.13999938964844,6324.0
2025-11-11T20:12:00Z,114.16999816894531,114.16999816894531,114.12000274658203,114.12000274658203,114.12000274658203,2922.0
2025-11-11T20:13:00Z,114.0999984741211,114.16999816894531,114.0999984741211,114.16999816894531,114.16999816894531,5604.0
2025-11-11T20:14:00Z,114.13999938964844,114.13999938964844,114.08000183105469,114.12000274658203,114.12000274658203,5867.0
2025-11-11T20:15:00Z,114.11000061035156,114.11000061035156,114.06999969482422,114.06999969482422,114.06999969482422,2014.0
2025-11-11T20:16:00Z,114.08999633789062,114.13999938964844,114.08999633789062,114.13999938964844,114.13999938964844,6889.0
2025-11-11T20:17:00Z,114.12000274658203,114.13899993896484,114.12000274658203,114.13899993896484,114.13899993896484,1562.0
2025-11-11T20:18:00Z,114.11000061035156,114.11000061035156,114.05000305175781,114.08000183105469,114.08000183105469,5138.0
2025-11-11T20:19:00Z,114.08999633789062,114.08999633789062,114.05999755859375,114.08000183105469,114.08000183105469,5115.0
2025-11-11T20:20:00Z,114.05999755859375,114.05999755859375,114.0199966430664,114.0199966430664,114.0199966430664,2879.0
2025-11-11T20:21:00Z,114.01000213623047,114.08000183105469,114.01000213623047,114.05999755859375,114.05999755859375,5555.0
2025-11-11T20:22:00Z,114.05000305175781,114.05999755859375,114.04000091552734,114.05999755859375,114.05999755859375,2466.0
2025-11-11T20:23:00Z,114.05999755859375,114.06999969482422,114.05500030517578,114.06999969482422,114.06999969482422,4241.0
2025-11-11T20:24:00Z,114.05999755859375,114.08000183105469,114.05999755859375,114.08000183105469,114.08000183105469,3682.0
2025-11-11T20:25:00Z,114.05000305175781,114.08000183105469,114.05000305175781,114.06999969482422,114.06999969482422,3924.0
2025-11-11T20:26:00Z,114.05999755859375,114.05999755859375,114.01000213623047,114.01000213623047,114.01000213623047,3817.0
2025-11-11T20:27:00Z,114.01000213623047,114.01000213623047,113.97750091552734,114.0,114.0,6670.0
2025-11-11T20:28:00Z,114.0,114.0199966430664,113.9800033569336,113.9800033569336,113.9800033569336,7085.0
2025-11-11T20:29:00Z,113.95999908447266,113.95999908447266,113.91999816894531,113.93000030517578,113.93000030517578,4691.0
2025-11-11T20:30:00Z,113.91000366210938,113.93000030517578,113.9000015258789,113.91999816894531,113.91999816894531,6396.0
2025-11-11T20:31:00Z,113.91000366210938,113.91000366210938,113.88999938964844,113.88999938964844,113.88999938964844,4477.0
2025-11-11T20:32:00Z,113.88999938964844,113.9000015258789,113.81999969482422,113.81999969482422,113.81999969482422,9291.0
2025-11-11T20:33:00Z,113.81999969482422,113.83999633789062,113.79000091552734,113.83000183105469,113.83000183105469,15045.0
2025-11-11T20:34:00Z,113.81999969482422,113.81999969482422,113.7699966430664,113.77999877929688,113.77999877929688,5637.0
2025-11-11T20:35:00Z,113.79000091552734,113.82499694824219,113.78500366210938,113.82499694824219,113.82499694824219,12989.0
2025-11-11T20:36:00Z,113.82499694824219,113.83000183105469,113.79000091552734,113.79000091552734,113.79000091552734,4415.0
2025-11-11T20:37:00Z,113.80500030517578,113.85600280761719,113.77999877929688,113.8499984741211,113.8499984741211,14503.0
2025-11-11T20:38:00Z,113.8499984741211,113.87999725341797,113.8499984741211,113.87000274658203,113.87000274658203,5723.0
2025-11-11T20:39:00Z,113.87999725341797,113.91000366210938,113.87999725341797,113.88999938964844,113.88999938964844,7105.0
2025-11-11T20:40:00Z,113.88500213623047,113.88999938964844,113.8499984741211,113.8550033569336,113.8550033569336,5984.0
2025-11-11T20:41:00Z,113.8550033569336,113.94999694824219,113.84500122070312,113.94999694824219,113.94999694824219,9177.0
2025-11-11T20:42:00Z,113.97000122070312,113.97000122070312,113.94000244140625,113.94999694824219,113.94999694824219,4922.0
2025-11-11T20:43:00Z,113.94000244140625,113.94000244140625,113.9000015258789,113.9000015258789,113.9000015258789,8090.0
2025-11-11T20:44:00Z,113.9000015258789,113.95999908447266,113.9000015258789,113.95999908447266,113.95999908447266,6694.0
2025-11-11T20:45:00Z,113.96499633789062,114.04100036621094,113.95999908447266,114.04100036621094,114.04100036621094,7252.0
2025-11-11T20:46:00Z,114.02999877929688,114.02999877929688,113.95999908447266,113.96499633789062,113.96499633789062,6605.0
2025-11-11T20:47:00Z,113.97000122070312,113.9749984741211,113.9000015258789,113.91000366210938,113.91000366210938,10780.0
2025-11-11T20:48:00Z,113.9000015258789,113.94999694824219,113.87000274658203,113.94999694824219,113.94999694824219,7563.0
2025-11-11T20:49:00Z,113.94000244140625,114.01000213623047,113.93000030517578,114.0,114.0,19964.0
2025-11-11T20:50:00Z,114.0,114.0199966430664,113.95999908447266,113.95999908447266,113.95999908447266,16404.0
2025-11-11T20:51:00Z,113.95999908447266,113.95999908447266,113.91500091552734,113.95999908447266,113.95999908447266,13269.0
2025-11-11T20:52:00Z,113.97000122070312,114.01499938964844,113.97000122070312,113.97000122070312,113.97000122070312,6861.0
2025-11-11T20:53:00Z,113.97000122070312,114.06500244140625,113.9000015258789,113.94999694824219,113.94999694824219,26447.0
2025-11-11T20:54:00Z,113.94000244140625,113.9800033569336,113.87999725341797,113.97699737548828,113.97699737548828,16954.0
2025-11-11T20:55:00Z,113.9800033569336,113.98999786376953,113.88999938964844,113.88999938964844,113.88999938964844,30276.0
2025-11-11T20:56:00Z,113.8949966430664,113.94999694824219,113.86000061035156,113.87999725341797,113.87999725341797,28012.0
2025-11-11T20:57:00Z,113.88999938964844,113.9000015258789,113.83000183105469,113.83999633789062,113.83999633789062,37289.0
2025-11-11T20:58:00Z,113.84500122070312,113.875,113.73999786376953,113.75499725341797,113.75499725341797,69947.0
2025-11-11T20:59:00Z,113.75499725341797,113.78500366210938,113.70999908447266,113.77999877929688,113.77999877929688,78867.0
2025-11-12T14:30:00Z,113.76000213623047,113.93000030517578,113.70999908447266,113.82499694824219,113.82499694824219,13146.0
2025-11-12T14:31:00Z,113.83000183105469,114.0999984741211,113.83000183105469,114.0999984741211,114.0999984741211,800.0
2025-11-12T14:32:00Z,114.07499694824219,114.23999786376953,114.06999969482422,114.20999908447266,114.20999908447266,5434.0
2025-11-12T14:33:00Z,114.2699966430664,114.2699966430664,114.2300033569336,114.2300033569336,114.2300033569336,937.0
2025-11-12T14:34:00Z,114.25,114.27999877929688,114.08999633789062,114.16999816894531,114.16999816894531,2495.0
2025-11-12T14:35:00Z,114.25,114.25,114.13600158691406,114.19000244140625,114.19000244140625,1666.0
2025-11-12T14:37:00Z,114.1500015258789,114.2699966430664,114.1500015258789,114.2699966430664,114.2699966430664,2090.0
2025-11-12T14:38:00Z,114.2300033569336,114.31999969482422,114.2249984741211,114.31999969482422,114.31999969482422,2093.0
2025-11-12T14:39:00Z,114.2699966430664,114.2699966430664,114.18000030517578,114.22000122070312,114.22000122070312,1313.0
2025-11-12T14:40:00Z,114.21399688720703,114.22000122070312,114.1449966430664,114.19000244140625,114.19000244140625,2906.0
2025-11-12T14:41:00Z,114.19999694824219,114.25,114.15499877929688,114.25,114.25,1904.0
2025-11-12T14:42:00Z,114.27999877929688,114.4000015258789,114.27999877929688,114.34500122070312,114.34500122070312,2462.0
2025-11-12T14:43:00Z,114.29499816894531,114.30999755859375,114.2300033569336,114.2300033569336,114.2300033569336,758.0
2025-11-12T14:44:00Z,114.19999694824219,114.2699966430664,114.19999694824219,114.25,114.25,910.0
2025-11-12T14:45:00Z,114.22000122070312,114.22000122070312,114.1500015258789,114.1500015258789,114.1500015258789,1847.0
2025-11-12T14:46:00Z,114.16999816894531,114.25499725341797,114.15550231933594,114.25,114.25,1951.0
2025-11-12T14:47:00Z,114.33000183105469,114.37000274658203,114.33000183105469,114.33000183105469,114.33000183105469,1735.0
2025-11-12T14:48:00Z,114.30500030517578,114.3499984741211,114.30000305175781,114.33000183105469,114.33000183105469,2424.0
2025-11-12T14:49:00Z,114.31999969482422,114.31999969482422,114.25,114.26000213623047,114.26000213623047,1157.0
2025-11-12T14:50:00Z,114.2300033569336,114.2300033569336,114.12999725341797,114.12999725341797,114.12999725341797,2667.0
2025-11-12T14:51:00Z,114.18000030517578,114.18000030517578,114.06999969482422,114.06999969482422,114.06999969482422,1641.0
2025-11-12T14:52:00Z,114.05000305175781,114.05999755859375,114.01499938964844,114.05500030517578,114.05500030517578,3538.0
2025-11-12T14:53:00Z,114.12999725341797,114.12999725341797,114.08999633789062,114.08999633789062,114.08999633789062,853.0
2025-11-12T14:54:00Z,114.08000183105469,114.08000183105469,114.0199966430664,114.05999755859375,114.05999755859375,1167.0
2025-11-12T14:55:00Z,114.06999969482422,114.1500015258789,114.06999969482422,114.1500015258789,114.1500015258789,2276.0
2025-11-12T14:56:00Z,114.09500122070312,114.16000366210938,114.09500122070312,114.16000366210938,114.16000366210938,1183.0
2025-11-12T14:57:00Z,114.16999816894531,114.20999908447266,114.16999816894531,114.19999694824219,114.19999694824219,1511.0
2025-11-12T14:58:00Z,114.19999694824219,114.22000122070312,114.16999816894531,114.22000122070312,114.22000122070312,1087.0
2025-11-12T14:59:00Z,114.22000122070312,114.22000122070312,114.13999938964844,114.13999938964844,114.13999938964844,1924.0
2025-11-12T15:00:00Z,114.08000183105469,114.08000183105469,114.0,114.02999877929688,114.02999877929688,2114.0
2025-11-12T15:01:00Z,113.99500274658203,114.01000213623047,113.96499633789062,113.96499633789062,113.96499633789062,2408.0
2025-11-12T15:02:00Z,114.02999877929688,114.05000305175781,113.9800033569336,114.0,114.0,1561.0
2025-11-12T15:03:00Z,114.0199966430664,114.08999633789062,113.98999786376953,114.08000183105469,114.08000183105469,4393.0
2025-11-12T15:04:00Z,114.05500030517578,114.08000183105469,114.04000091552734,114.08000183105469,114.08000183105469,1170.0
2025-11-12T15:05:00Z,114.11000061035156,114.19999694824219,114.11000061035156,114.19999694824219,114.19999694824219,3554.0
2025-11-12T15:06:00Z,114.16000366210938,114.16000366210938,114.12000274658203,114.12000274658203,114.12000274658203,699.0
2025-11-12T15:07:00Z,114.08999633789062,114.08999633789062,114.05000305175781,114.08000183105469,114.08000183105469,2163.0
2025-11-12T15:08:00Z,114.08999633789062,114.08999633789062,113.98999786376953,114.01000213623047,114.01000213623047,2368.0
2025-11-12T15:09:00Z,114.0199966430664,114.0199966430664,113.97000122070312,113.97000122070312,113.97000122070312,2096.0
2025-11-12T15:10:00Z,114.0199966430664,114.0199966430664,113.92500305175781,113.92500305175781,113.92500305175781,1323.0
2025-11-12T15:11:00Z,113.93000030517578,114.0,113.91000366210938,114.0,114.0,2595.0
2025-11-12T15:12:00Z,113.9800033569336,114.04000091552734,113.9800033569336,114.01000213623047,114.01000213623047,4248.0
2025-11-12T15:13:00Z,114.0,114.05000305175781,114.0,114.05000305175781,114.05000305175781,5008.0
2025-11-12T15:14:00Z,114.0199966430664,114.0199966430664,113.9800033569336,114.01000213623047,114.01000213623047,2195.0
2025-11-12T15:15:00Z,114.01000213623047,114.04000091552734,114.0,114.0250015258789,114.0250015258789,3564.0
2025-11-12T15:16:00Z,114.0199966430664,114.0199966430664,113.97000122070312,113.97000122070312,113.97000122070312,1525.0
2025-11-12T15:17:00Z,113.95999908447266,114.02999877929688,113.95999908447266,114.0199966430664,114.0199966430664,3245.0
2025-11-12T15:18:00Z,114.00499725341797,114.08000183105469,114.0,114.0,114.0,6568.0
2025-11-12T15:19:00Z,114.05500030517578,114.05500030517578,114.05500030517578,114.05500030517578,114.05500030517578,819.0
2025-11-12T15:20:00Z,114.06500244140625,114.13999938964844,114.06500244140625,114.06999969482422,114.06999969482422,3184.0
2025-11-12T15:21:00Z,114.08000183105469,114.12860107421875,114.05000305175781,114.05000305175781,114.05000305175781,3233.0
2025-11-12T15:22:00Z,114.05000305175781,114.05000305175781,114.05000305175781,114.05000305175781,114.05000305175781,1092.0
2025-11-12T15:23:00Z,114.05000305175781,114.06999969482422,114.03500366210938,114.03500366210938,114.03500366210938,1835.0
2025-11-12T15:24:00Z,114.0,114.08000183105469,113.98999786376953,114.05500030517578,114.05500030517578,4962.0
2025-11-12T15:25:00Z,114.05999755859375,114.17500305175781,114.05999755859375,114.16999816894531,114.16999816894531,3332.0
2025-11-12T15:26:00Z,114.19000244140625,114.26000213623047,114.19000244140625,114.25,114.25,2260.0
2025-11-12T15:27:00Z,114.31999969482422,114.32499694824219,114.29000091552734,114.31999969482422,114.31999969482422,2373.0
2025-11-12T15:28:00Z,114.31999969482422,114.31999969482422,114.22000122070312,114.26499938964844,114.26499938964844,3081.0
2025-11-12T15:29:00Z,114.20999908447266,114.25,114.20999908447266,114.25,114.25,1423.0
2025-11-12T15:30:00Z,114.20500183105469,114.20999908447266,114.20500183105469,114.20999908447266,114.20999908447266,677.0
2025-11-12T15:31:00Z,114.22000122070312,114.30999755859375,114.19499969482422,114.30000305175781,114.30000305175781,8554.0
2025-11-12T15:32:00Z,114.2699966430664,114.33000183105469,114.23999786376953,114.32499694824219,114.32499694824219,5061.0
2025-11-12T15:33:00Z,114.3499984741211,114.3499984741211,114.31500244140625,114.3499984741211,114.3499984741211,8249.0
2025-11-12T15:34:00Z,114.36000061035156,114.4800033569336,114.36000061035156,114.44999694824219,114.44999694824219,3347.0
2025-11-12T15:35:00Z,114.44999694824219,114.55999755859375,114.44999694824219,114.55999755859375,114.55999755859375,1533.0
2025-11-12T15:36:00Z,114.54000091552734,114.55999755859375,114.54000091552734,114.54000091552734,114.54000091552734,2077.0
2025-11-12T15:37:00Z,114.5199966430664,114.5199966430664,114.37999725341797,114.44499969482422,114.44499969482422,17505.0
2025-11-12T15:38:00Z,114.43000030517578,114.48999786376953,114.4000015258789,114.47000122070312,114.47000122070312,2694.0
2025-11-12T15:39:00Z,114.51000213623047,114.62000274658203,114.51000213623047,114.5999984741211,114.5999984741211,3133.0
2025-11-12T15:40:00Z,114.5999984741211,114.62000274658203,114.55999755859375,114.55999755859375,114.55999755859375,2503.0
2025-11-12T15:41:00Z,114.47000122070312,114.50499725341797,114.47000122070312,114.5,114.5,1298.0
2025-11-12T15:42:00Z,114.4749984741211,114.58999633789062,114.4749984741211,114.58999633789062,114.58999633789062,3843.0
2025-11-12T15:43:00Z,114.58000183105469,114.58000183105469,114.5,114.5,114.5,1913.0
2025-11-12T15:44:00Z,114.45999908447266,114.45999908447266,114.45999908447266,114.45999908447266,114.45999908447266,651.0
2025-11-12T15:45:00Z,114.47000122070312,114.56999969482422,114.47000122070312,114.56999969482422,114.56999969482422,6358.0
2025-11-12T15:46:00Z,114.51499938964844,114.51499938964844,114.44999694824219,114.44999694824219,114.44999694824219,2243.0
2025-11-12T15:47:00Z,114.4749984741211,114.52999877929688,114.4749984741211,114.49500274658203,114.49500274658203,4525.0
2025-11-12T15:48:00Z,114.5,114.5,114.48999786376953,114.5,114.5,1554.0
2025-11-12T15:49:00Z,114.51000213623047,114.54000091552734,114.5,114.5250015258789,114.5250015258789,6269.0
2025-11-12T15:50:00Z,114.52999877929688,114.55000305175781,114.5,114.55000305175781,114.55000305175781,3521.0
2025-11-12T15:51:00Z,114.55999755859375,114.5999984741211,114.53500366210938,114.5999984741211,114.5999984741211,3434.0
2025-11-12T15:52:00Z,114.625,114.625,114.5999984741211,114.62000274658203,114.62000274658203,3495.0
2025-11-12T15:53:00Z,114.5999984741211,114.66999816894531,114.58999633789062,114.66999816894531,114.66999816894531,5443.0
2025-11-12T15:54:00Z,114.62999725341797,114.62999725341797,114.57499694824219,114.57499694824219,114.57499694824219,2802.0
2025-11-12T15:55:00Z,114.55000305175781,114.58000183105469,114.55000305175781,114.58000183105469,114.58000183105469,2466.0
2025-11-12T15:56:00Z,114.58000183105469,114.58000183105469,114.58000183105469,114.58000183105469,114.58000183105469,1044.0
2025-11-12T15:57:00Z,114.58999633789062,114.63999938964844,114.58999633789062,114.62999725341797,114.62999725341797,2964.0
2025-11-12T15:58:00Z,114.6500015258789,114.67500305175781,114.63999938964844,114.67500305175781,114.67500305175781,2039.0
2025-11-12T15:59:00Z,114.69999694824219,114.7300033569336,114.66999816894531,114.66999816894531,114.66999816894531,2723.0
2025-11-12T16:00:00Z,114.66999816894531,114.69000244140625,114.65499877929688,114.69000244140625,114.69000244140625,2512.0
2025-11-12T16:01:00Z,114.69999694824219,114.70999908447266,114.64009857177734,114.64009857177734,114.64009857177734,3337.0
2025-11-12T16:02:00Z,114.63999938964844,114.63999938964844,114.52999877929688,114.52999877929688,114.52999877929688,4549.0
2025-11-12T16:03:00Z,114.52999877929688,114.55000305175781,114.50499725341797,114.50499725341797,114.50499725341797,1912.0
2025-11-12T16:04:00Z,114.52999877929688,114.54000091552734,114.51000213623047,114.51000213623047,114.51000213623047,2145.0
2025-11-12T16:05:00Z,114.5250015258789,114.5250015258789,114.44999694824219,114.44999694824219,114.44999694824219,1690.0
2025-11-12T16:06:00Z,114.43000030517578,114.43000030517578,114.4000015258789,114.4000015258789,114.4000015258789,1498.0
2025-11-12T16:07:00Z,114.38999938964844,114.38999938964844,114.37000274658203,114.37000274658203,114.37000274658203,1866.0
2025-11-12T16:08:00Z,114.38999938964844,114.41000366210938,114.37000274658203,114.4000015258789,114.4000015258789,3887.0
2025-11-12T16:09:00Z,114.4000015258789,114.4000015258789,114.4000015258789,114.4000015258789,114.4000015258789,1333.0
2025-11-12T16:10:00Z,114.36000061035156,114.41000366210938,114.33000183105469,114.38999938964844,114.38999938964844,3885.0
2025-11-12T16:11:00Z,114.37999725341797,114.38999938964844,114.36499786376953,114.38999938964844,114.38999938964844,2578.0
2025-11-12T16:12:00Z,114.38999938964844,114.43000030517578,114.3499984741211,114.39009857177734,114.39009857177734,16482.0
2025-11-12T16:13:00Z,114.43000030517578,114.43000030517578,114.38999938964844,114.41999816894531,114.41999816894531,3898.0
2025-11-12T16:14:00Z,114.41999816894531,114.41999816894531,114.3949966430664,114.3949966430664,114.3949966430664,1025.0
2025-11-12T16:15:00Z,114.38999938964844,114.4000015258789,114.36000061035156,114.4000015258789,114.4000015258789,2483.0
2025-11-12T16:16:00Z,114.38999938964844,114.41000366210938,114.38999938964844,114.41000366210938,114.41000366210938,2023.0
2025-11-12T16:17:00Z,114.41999816894531,114.44000244140625,114.38999938964844,114.41999816894531,114.41999816894531,4572.0
2025-11-12T16:18:00Z,114.43000030517578,114.45999908447266,114.43000030517578,114.44000244140625,114.44000244140625,3109.0
2025-11-12T16:19:00Z,114.47000122070312,114.47000122070312,114.43000030517578,114.45999908447266,114.45999908447266,5298.0
2025-11-12T16:20:00Z,114.44999694824219,114.44999694824219,114.37999725341797,114.41000366210938,114.41000366210938,3390.0
2025-11-12T16:21:00Z,114.43000030517578,114.44000244140625,114.4000015258789,114.43879699707031,114.43879699707031,4330.0
2025-11-12T16:22:00Z,114.43499755859375,114.43499755859375,114.4000015258789,114.41000366210938,114.41000366210938,2098.0
2025-11-12T16:23:00Z,114.38999938964844,114.41000366210938,114.37000274658203,114.41000366210938,114.41000366210938,2478.0
2025-11-12T16:24:00Z,114.41000366210938,114.41000366210938,114.29000091552734,114.3499984741211,114.3499984741211,9486.0
2025-11-12T16:25:00Z,114.37999725341797,114.4000015258789,114.37999725341797,114.37999725341797,114.37999725341797,3313.0
2025-11-12T16:26:00Z,114.34500122070312,114.37000274658203,114.31999969482422,114.31999969482422,114.31999969482422,1926.0
2025-11-12T16:27:00Z,114.31999969482422,114.31999969482422,114.2699966430664,114.2699966430664,114.2699966430664,1585.0
2025-11-12T16:28:00Z,114.31999969482422,114.33000183105469,114.30000305175781,114.30000305175781,114.30000305175781,1827.0
2025-11-12T16:29:00Z,114.30999755859375,114.30999755859375,114.25,114.25,114.25,3064.0
2025-11-12T16:30:00Z,114.25,114.2699966430664,114.20500183105469,114.25,114.25,9841.0
2025-11-12T16:31:00Z,114.25,114.29000091552734,114.22010040283203,114.24500274658203,114.24500274658203,7991.0
2025-11-12T16:32:00Z,114.24500274658203,114.33000183105469,114.24500274658203,114.33000183105469,114.33000183105469,3447.0
2025-11-12T16:33:00Z,114.30500030517578,114.3499984741211,114.30000305175781,114.31999969482422,114.31999969482422,2570.0
2025-11-12T16:34:00Z,114.30999755859375,114.30999755859375,114.30000305175781,114.30000305175781,114.30000305175781,1182.0
2025-11-12T16:35:00Z,114.3499984741211,114.37000274658203,114.3499984741211,114.37000274658203,114.37000274658203,1630.0
2025-11-12T16:36:00Z,114.33000183105469,114.33999633789062,114.33000183105469,114.33999633789062,114.33999633789062,584.0
2025-11-12T16:37:00Z,114.31199645996094,114.33999633789062,114.31199645996094,114.32499694824219,114.32499694824219,1875.0
2025-11-12T16:38:00Z,114.33000183105469,114.36000061035156,114.33000183105469,114.33999633789062,114.33999633789062,2359.0
2025-11-12T16:39:00Z,114.3499984741211,114.3499984741211,114.3499984741211,114.3499984741211,114.3499984741211,856.0
2025-11-12T16:40:00Z,114.37000274658203,114.37000274658203,114.33000183105469,114.33000183105469,114.33000183105469,2193.0
2025-11-12T16:41:00Z,114.36000061035156,114.37999725341797,114.3499984741211,114.37999725341797,114.37999725341797,3063.0
2025-11-12T16:42:00Z,114.3499984741211,114.3499984741211,114.3499984741211,114.3499984741211,114.3499984741211,526.0
2025-11-12T16:43:00Z,114.36000061035156,114.36499786376953,114.30500030517578,114.31999969482422,114.31999969482422,3487.0
2025-11-12T16:44:00Z,114.30999755859375,114.30999755859375,114.30999755859375,114.30999755859375,114.30999755859375,671.0
2025-11-12T16:45:00Z,114.30999755859375,114.31999969482422,114.30000305175781,114.30000305175781,114.30000305175781,3432.0
2025-11-12T16:46:00Z,114.30999755859375,114.30999755859375,114.30000305175781,114.30999755859375,114.30999755859375,1438.0
2025-11-12T16:47:00Z,114.31500244140625,114.31999969482422,114.30999755859375,114.30999755859375,114.30999755859375,2107.0
2025-11-12T16:48:00Z,114.30999755859375,114.30999755859375,114.29000091552734,114.29000091552734,114.29000091552734,657.0
2025-11-12T16:49:00Z,114.2699966430664,114.30999755859375,114.26000213623047,114.30000305175781,114.30000305175781,4410.0
2025-11-12T16:50:00Z,114.27999877929688,114.27999877929688,114.27999877929688,114.27999877929688,114.27999877929688,690.0
2025-11-12T16:51:00Z,114.2750015258789,114.29499816894531,114.2750015258789,114.29499816894531,114.29499816894531,1026.0
2025-11-12T16:52:00Z,114.27999877929688,114.33000183105469,114.27999877929688,114.33000183105469,114.33000183105469,2212.0
2025-11-12T16:53:00Z,114.33000183105469,114.33000183105469,114.30999755859375,114.33000183105469,114.33000183105469,1519.0
2025-11-12T16:54:00Z,114.33000183105469,114.33000183105469,114.31999969482422,114.31999969482422,114.31999969482422,2356.0
2025-11-12T16:55:00Z,114.33000183105469,114.36499786376953,114.33000183105469,114.36499786376953,114.36499786376953,1700.0
2025-11-12T16:56:00Z,114.375,114.41500091552734,114.375,114.41500091552734,114.41500091552734,1835.0
2025-11-12T16:57:00Z,114.38999938964844,114.41000366210938,114.3550033569336,114.3550033569336,114.3550033569336,2139.0
2025-11-12T16:58:00Z,114.3499984741211,114.3499984741211,114.30000305175781,114.30000305175781,114.30000305175781,1507.0
2025-11-12T16:59:00Z,114.30000305175781,114.33999633789062,114.30000305175781,114.33999633789062,114.33999633789062,2352.0
2025-11-12T17:00:00Z,114.33999633789062,114.37000274658203,114.33999633789062,114.37000274658203,114.37000274658203,1835.0
2025-11-12T17:01:00Z,114.38999938964844,114.38999938964844,114.36000061035156,114.36000061035156,114.36000061035156,952.0
2025-11-12T17:02:00Z,114.37999725341797,114.43000030517578,114.37999725341797,114.42500305175781,114.42500305175781,2315.0
2025-11-12T17:03:00Z,114.4000015258789,114.44000244140625,114.4000015258789,114.44000244140625,114.44000244140625,2051.0
2025-11-12T17:04:00Z,114.41999816894531,114.41999816894531,114.38999938964844,114.41000366210938,114.41000366210938,2494.0
2025-11-12T17:05:00Z,114.3949966430664,114.3949966430664,114.3949966430664,114.3949966430664,114.3949966430664,700.0
2025-11-12T17:06:00Z,114.41999816894531,114.43000030517578,114.37000274658203,114.4000015258789,114.4000015258789,7496.0
2025-11-12T17:07:00Z,114.4000015258789,114.4000015258789,114.37999725341797,114.37999725341797,114.37999725341797,1205.0
2025-11-12T17:08:00Z,114.4000015258789,114.41999816894531,114.3949966430664,114.41999816894531,114.41999816894531,4729.0
2025-11-12T17:09:00Z,114.44499969482422,114.4800033569336,114.44000244140625,114.4800033569336,114.4800033569336,3637.0
2025-11-12T17:10:00Z,114.4800033569336,114.4800033569336,114.45169830322266,114.47000122070312,114.47000122070312,2197.0
2025-11-12T17:11:00Z,114.44000244140625,114.47000122070312,114.44000244140625,114.44999694824219,114.44999694824219,1197.0
2025-11-12T17:12:00Z,114.44499969482422,114.44999694824219,114.35199737548828,114.35199737548828,114.35199737548828,23555.0
2025-11-12T17:13:00Z,114.3499984741211,114.37999725341797,114.3499984741211,114.37999725341797,114.37999725341797,2522.0
2025-11-12T17:14:00Z,114.38999938964844,114.4000015258789,114.38500213623047,114.38500213623047,114.38500213623047,1049.0
2025-11-12T17:15:00Z,114.4000015258789,114.47000122070312,114.4000015258789,114.44000244140625,114.44000244140625,2264.0
2025-11-12T17:16:00Z,114.45999908447266,114.45999908447266,114.45999908447266,114.45999908447266,114.45999908447266,655.0
2025-11-12T17:17:00Z,114.44999694824219,114.44999694824219,114.4000015258789,114.41999816894531,114.41999816894531,2122.0
2025-11-12T17:18:00Z,114.45999908447266,114.4800033569336,114.44999694824219,114.4800033569336,114.4800033569336,2115.0
2025-11-12T17:19:00Z,114.4800033569336,114.4800033569336,114.45500183105469,114.45999908447266,114.45999908447266,1414.0
2025-11-12T17:20:00Z,114.46990203857422,114.48999786376953,114.45999908447266,114.4800033569336,114.4800033569336,3263.0
2025-11-12T17:21:00Z,114.47000122070312,114.4800033569336,114.44000244140625,114.44999694824219,114.44999694824219,2433.0
2025-11-12T17:22:00Z,114.47000122070312,114.48989868164062,114.47000122070312,114.48989868164062,114.48989868164062,642.0
2025-11-12T17:23:00Z,114.48999786376953,114.58000183105469,114.4800033569336,114.58000183105469,114.58000183105469,29273.0
2025-11-12T17:24:00Z,114.56999969482422,114.62000274658203,114.55000305175781,114.62000274658203,114.62000274658203,7506.0
2025-11-12T17:25:00Z,114.62000274658203,114.66000366210938,114.62000274658203,114.65499877929688,114.65499877929688,1874.0
2025-11-12T17:26:00Z,114.6500015258789,114.72000122070312,114.63999938964844,114.72000122070312,114.72000122070312,4300.0
2025-11-12T17:27:00Z,114.7300033569336,114.7300033569336,114.66000366210938,114.66000366210938,114.66000366210938,3971.0
2025-11-12T17:28:00Z,114.66999816894531,114.67500305175781,114.57499694824219,114.59549713134766,114.59549713134766,3368.0
2025-11-12T17:29:00Z,114.61000061035156,114.62999725341797,114.5999984741211,114.61000061035156,114.61000061035156,2513.0
2025-11-12T17:30:00Z,114.62999725341797,114.62999725341797,114.58999633789062,114.62000274658203,114.62000274658203,1342.0
2025-11-12T17:31:00Z,114.58000183105469,114.58000183105469,114.58000183105469,114.58000183105469,114.58000183105469,1351.0
2025-11-12T17:32:00Z,114.5999984741211,114.62979888916016,114.5999984741211,114.62979888916016,114.62979888916016,2670.0
2025-11-12T17:33:00Z,114.62000274658203,114.62999725341797,114.61000061035156,114.62999725341797,114.62999725341797,3583.0
2025-11-12T17:34:00Z,114.63999938964844,114.66500091552734,114.5999984741211,114.62000274658203,114.62000274658203,5786.0
2025-11-12T17:35:00Z,114.5999984741211,114.62999725341797,114.5999984741211,114.61000061035156,114.61000061035156,1563.0
2025-11-12T17:36:00Z,114.61000061035156,114.61000061035156,114.5999984741211,114.5999984741211,114.5999984741211,2182.0
2025-11-12T17:37:00Z,114.58999633789062,114.58999633789062,114.58000183105469,114.58999633789062,114.58999633789062,2474.0
2025-11-12T17:38:00Z,114.58999633789062,114.62000274658203,114.58999633789062,114.61000061035156,114.61000061035156,3040.0
2025-11-12T17:39:00Z,114.62999725341797,114.66999816894531,114.62999725341797,114.66999816894531,114.66999816894531,1785.0
2025-11-12T17:40:00Z,114.66999816894531,114.66999816894531,114.66000366210938,114.66000366210938,114.66000366210938,950.0
2025-11-12T17:41:00Z,114.68000030517578,114.68000030517578,114.63999938964844,114.6500015258789,114.6500015258789,3181.0
2025-11-12T17:42:00Z,114.68000030517578,114.68000030517578,114.66999816894531,114.66999816894531,114.66999816894531,1501.0
2025-11-12T17:43:00Z,114.65350341796875,114.66000366210938,114.62999725341797,114.63999938964844,114.63999938964844,4152.0
2025-11-12T17:44:00Z,114.63999938964844,114.70500183105469,114.63999938964844,114.69999694824219,114.69999694824219,3087.0
2025-11-12T17:45:00Z,114.70999908447266,114.7300033569336,114.70999908447266,114.72000122070312,114.72000122070312,3646.0
2025-11-12T17:46:00Z,114.7300033569336,114.7300033569336,114.72000122070312,114.7249984741211,114.7249984741211,1358.0
2025-11-12T17:47:00Z,114.72000122070312,114.72000122070312,114.72000122070312,114.72000122070312,114.72000122070312,1729.0
2025-11-12T17:48:00Z,114.73999786376953,114.73999786376953,114.72000122070312,114.72000122070312,114.72000122070312,2339.0
2025-11-12T17:49:00Z,114.72000122070312,114.76000213623047,114.69999694824219,114.76000213623047,114.76000213623047,3847.0
2025-11-12T17:50:00Z,114.75,114.75,114.73999786376953,114.73999786376953,114.73999786376953,1827.0
2025-11-12T17:51:00Z,114.75,114.75,114.75,114.75,114.75,1972.0
2025-11-12T17:52:00Z,114.75499725341797,114.76000213623047,114.75499725341797,114.76000213623047,114.76000213623047,2101.0
2025-11-12T17:53:00Z,114.76000213623047,114.76000213623047,114.72000122070312,114.72000122070312,114.72000122070312,2159.0
2025-11-12T17:54:00Z,114.70999908447266,114.72000122070312,114.69000244140625,114.70999908447266,114.70999908447266,3579.0
2025-11-12T17:55:00Z,114.7300033569336,114.73999786376953,114.72000122070312,114.73999786376953,114.73999786376953,4309.0
2025-11-12T17:56:00Z,114.7300033569336,114.73500061035156,114.69999694824219,114.69999694824219,114.69999694824219,2588.0
2025-11-12T17:57:00Z,114.66999816894531,114.68000030517578,114.66000366210938,114.66000366210938,114.66000366210938,2230.0
2025-11-12T17:58:00Z,114.65499877929688,114.66999816894531,114.63999938964844,114.63999938964844,114.63999938964844,1690.0
2025-11-12T17:59:00Z,114.6500015258789,114.6500015258789,114.62000274658203,114.6500015258789,114.6500015258789,3691.0
2025-11-12T18:00:00Z,114.66000366210938,114.68000030517578,114.66000366210938,114.68000030517578,114.68000030517578,1214.0
2025-11-12T18:01:00Z,114.69000244140625,114.69000244140625,114.69000244140625,114.69000244140625,114.69000244140625,2147.0
2025-11-12T18:02:00Z,114.69000244140625,114.69000244140625,114.68000030517578,114.69000244140625,114.69000244140625,1726.0
2025-11-12T18:03:00Z,114.69000244140625,114.69000244140625,114.66999816894531,114.68000030517578,114.68000030517578,2111.0
2025-11-12T18:04:00Z,114.66500091552734,114.66500091552734,114.63999938964844,114.66000366210938,114.66000366210938,1728.0
2025-11-12T18:05:00Z,114.62999725341797,114.62999725341797,114.62999725341797,114.62999725341797,114.62999725341797,1667.0
2025-11-12T18:06:00Z,114.62999725341797,114.66000366210938,114.62999725341797,114.65070343017578,114.65070343017578,2862.0
2025-11-12T18:07:00Z,114.66000366210938,114.66000366210938,114.55000305175781,114.55000305175781,114.55000305175781,5308.0
2025-11-12T18:09:00Z,114.54499816894531,114.58000183105469,114.54000091552734,114.58000183105469,114.58000183105469,1938.0
2025-11-12T18:10:00Z,114.5999984741211,114.62000274658203,114.5999984741211,114.61849975585938,114.61849975585938,1629.0
2025-11-12T18:11:00Z,114.61000061035156,114.62000274658203,114.58999633789062,114.58999633789062,114.58999633789062,2639.0
2025-11-12T18:12:00Z,114.5999984741211,114.62999725341797,114.5999984741211,114.62999725341797,114.62999725341797,2050.0
2025-11-12T18:13:00Z,114.625,114.62999725341797,114.625,114.62999725341797,114.62999725341797,1137.0
2025-11-12T18:14:00Z,114.62999725341797,114.63999938964844,114.625,114.63999938964844,114.63999938964844,2631.0
2025-11-12T18:15:00Z,114.63999938964844,114.63999938964844,114.58999633789062,114.5999984741211,114.5999984741211,2683.0
2025-11-12T18:16:00Z,114.5999984741211,114.625,114.5999984741211,114.61000061035156,114.61000061035156,2310.0
2025-11-12T18:17:00Z,114.62000274658203,114.62000274658203,114.58000183105469,114.5999984741211,114.5999984741211,2869.0
2025-11-12T18:18:00Z,114.61000061035156,114.6365966796875,114.6050033569336,114.62000274658203,114.62000274658203,3304.0
2025-11-12T18:19:00Z,114.62000274658203,114.62000274658203,114.60350036621094,114.61000061035156,114.61000061035156,2509.0
2025-11-12T18:20:00Z,114.61000061035156,114.6500015258789,114.5999984741211,114.6500015258789,114.6500015258789,3920.0
2025-11-12T18:21:00Z,114.63999938964844,114.6449966430664,114.63999938964844,114.6449966430664,114.6449966430664,542.0
2025-11-12T18:22:00Z,114.63999938964844,114.63999938964844,114.61000061035156,114.62000274658203,114.62000274658203,2520.0
2025-11-12T18:23:00Z,114.62999725341797,114.63999938964844,114.61000061035156,114.61000061035156,114.61000061035156,1768.0
2025-11-12T18:24:00Z,114.62000274658203,114.62999725341797,114.61000061035156,114.62999725341797,114.62999725341797,1292.0
2025-11-12T18:25:00Z,114.63500213623047,114.66000366210938,114.63500213623047,114.66000366210938,114.66000366210938,1357.0
2025-11-12T18:26:00Z,114.68000030517578,114.69000244140625,114.66000366210938,114.66000366210938,114.66000366210938,3664.0
2025-11-12T18:27:00Z,114.66000366210938,114.67500305175781,114.62999725341797,114.63999938964844,114.63999938964844,3320.0
2025-11-12T18:28:00Z,114.6500015258789,114.66000366210938,114.6500015258789,114.66000366210938,114.66000366210938,1736.0
2025-11-12T18:29:00Z,114.66000366210938,114.66000366210938,114.6500015258789,114.6500015258789,114.6500015258789,1925.0
2025-11-12T18:30:00Z,114.68000030517578,114.69000244140625,114.68000030517578,114.68000030517578,114.68000030517578,2723.0
2025-11-12T18:31:00Z,114.68000030517578,114.68000030517578,114.6500015258789,114.66429901123047,114.66429901123047,1625.0
2025-11-12T18:32:00Z,114.68000030517578,114.68000030517578,114.66000366210938,114.66500091552734,114.66500091552734,4656.0
2025-11-12T18:33:00Z,114.66000366210938,114.7300033569336,114.66000366210938,114.7300033569336,114.7300033569336,5651.0
2025-11-12T18:34:00Z,114.7300033569336,114.7699966430664,114.7300033569336,114.7699966430664,114.7699966430664,2582.0
2025-11-12T18:35:00Z,114.7699966430664,114.83000183105469,114.7699966430664,114.81999969482422,114.81999969482422,2112.0
2025-11-12T18:36:00Z,114.83000183105469,114.83000183105469,114.79000091552734,114.79000091552734,114.79000091552734,2879.0
2025-11-12T18:37:00Z,114.80000305175781,114.81500244140625,114.80000305175781,114.81500244140625,114.81500244140625,1062.0
2025-11-12T18:38:00Z,114.80999755859375,114.80999755859375,114.76000213623047,114.77999877929688,114.77999877929688,4023.0
2025-11-12T18:39:00Z,114.79199981689453,114.80000305175781,114.77999877929688,114.77999877929688,114.77999877929688,2456.0
2025-11-12T18:40:00Z,114.76499938964844,114.77999877929688,114.73999786376953,114.73999786376953,114.73999786376953,3594.0
2025-11-12T18:41:00Z,114.75990295410156,114.75990295410156,114.69999694824219,114.70999908447266,114.70999908447266,1920.0
2025-11-12T18:42:00Z,114.69000244140625,114.69999694824219,114.68000030517578,114.69999694824219,114.69999694824219,1248.0
2025-11-12T18:43:00Z,114.69999694824219,114.7300033569336,114.69999694824219,114.7300033569336,114.7300033569336,2363.0
2025-11-12T18:44:00Z,114.73999786376953,114.73999786376953,114.72000122070312,114.7300033569336,114.7300033569336,3131.0
2025-11-12T18:45:00Z,114.73999786376953,114.7699966430664,114.73999786376953,114.7699966430664,114.7699966430664,2786.0
2025-11-12T18:46:00Z,114.77999877929688,114.77999877929688,114.72000122070312,114.73999786376953,114.73999786376953,4115.0
2025-11-12T18:47:00Z,114.73999786376953,114.75969696044922,114.69999694824219,114.69999694824219,114.69999694824219,2845.0
2025-11-12T18:48:00Z,114.69000244140625,114.69999694824219,114.69000244140625,114.69999694824219,114.69999694824219,2084.0
2025-11-12T18:49:00Z,114.69000244140625,114.69000244140625,114.66000366210938,114.68000030517578,114.68000030517578,1890.0
2025-11-12T18:50:00Z,114.66000366210938,114.66000366210938,114.6500015258789,114.6500015258789,114.6500015258789,1457.0
2025-11-12T18:51:00Z,114.6500015258789,114.66000366210938,114.63999938964844,114.6500015258789,114.6500015258789,1193.0
2025-11-12T18:52:00Z,114.66000366210938,114.68000030517578,114.62999725341797,114.62999725341797,114.62999725341797,5038.0
2025-11-12T18:53:00Z,114.61000061035156,114.61000061035156,114.61000061035156,114.61000061035156,114.61000061035156,1372.0
2025-11-12T18:54:00Z,114.5999984741211,114.5999984741211,114.54499816894531,114.54499816894531,114.54499816894531,2070.0
2025-11-12T18:55:00Z,114.52999877929688,114.55000305175781,114.51000213623047,114.55000305175781,114.55000305175781,2795.0
2025-11-12T18:56:00Z,114.54959869384766,114.55000305175781,114.5199966430664,114.5199966430664,114.5199966430664,1871.0
2025-11-12T18:57:00Z,114.52999877929688,114.55999755859375,114.52999877929688,114.55999755859375,114.55999755859375,2474.0
2025-11-12T18:58:00Z,114.55999755859375,114.58999633789062,114.55999755859375,114.58999633789062,114.58999633789062,3198.0
2025-11-12T18:59:00Z,114.58000183105469,114.58300018310547,114.55000305175781,114.55660247802734,114.55660247802734,2486.0
2025-11-12T19:00:00Z,114.54000091552734,114.55000305175781,114.52999877929688,114.54000091552734,114.54000091552734,3076.0
2025-11-12T19:01:00Z,114.52999877929688,114.52999877929688,114.51000213623047,114.51000213623047,114.51000213623047,1677.0
2025-11-12T19:02:00Z,114.51000213623047,114.5250015258789,114.5,114.5250015258789,114.5250015258789,3113.0
2025-11-12T19:03:00Z,114.5250015258789,114.52999877929688,114.5250015258789,114.52999877929688,114.52999877929688,1927.0
2025-11-12T19:04:00Z,114.52999877929688,114.58499908447266,114.52999877929688,114.58000183105469,114.58000183105469,4014.0
2025-11-12T19:05:00Z,114.56999969482422,114.58999633789062,114.55999755859375,114.58499908447266,114.58499908447266,2415.0
2025-11-12T19:06:00Z,114.58000183105469,114.58499908447266,114.56169891357422,114.56999969482422,114.56999969482422,3255.0
2025-11-12T19:07:00Z,114.56500244140625,114.56500244140625,114.51000213623047,114.51000213623047,114.51000213623047,2384.0
2025-11-12T19:08:00Z,114.5199966430664,114.54000091552734,114.5199966430664,114.52999877929688,114.52999877929688,2586.0
2025-11-12T19:09:00Z,114.51499938964844,114.51499938964844,114.51499938964844,114.51499938964844,114.51499938964844,396.0
2025-11-12T19:10:00Z,114.5,114.55000305175781,114.5,114.54000091552734,114.54000091552734,5335.0
2025-11-12T19:11:00Z,114.55000305175781,114.55000305175781,114.52999877929688,114.52999877929688,114.52999877929688,1279.0
2025-11-12T19:12:00Z,114.52999877929688,114.52999877929688,114.5250015258789,114.52999877929688,114.52999877929688,2184.0
2025-11-12T19:13:00Z,114.51000213623047,114.5199966430664,114.5,114.5199966430664,114.5199966430664,2795.0
2025-11-12T19:14:00Z,114.51000213623047,114.52999877929688,114.51000213623047,114.51000213623047,114.51000213623047,2008.0
2025-11-12T19:15:00Z,114.51000213623047,114.51000213623047,114.51000213623047,114.51000213623047,114.51000213623047,1262.0
2025-11-12T19:16:00Z,114.5,114.5,114.48999786376953,114.5,114.5,1440.0
2025-11-12T19:17:00Z,114.48999786376953,114.48999786376953,114.4800033569336,114.4800033569336,114.4800033569336,3008.0
2025-11-12T19:18:00Z,114.47000122070312,114.4800033569336,114.44000244140625,114.46009826660156,114.46009826660156,3795.0
2025-11-12T19:19:00Z,114.48999786376953,114.48999786376953,114.48999786376953,114.48999786376953,114.48999786376953,1908.0
2025-11-12T19:20:00Z,114.5,114.5,114.49500274658203,114.49500274658203,114.49500274658203,2065.0
2025-11-12T19:21:00Z,114.5,114.5,114.47000122070312,114.47000122070312,114.47000122070312,1877.0
2025-11-12T19:22:00Z,114.46499633789062,114.4800033569336,114.44999694824219,114.44999694824219,114.44999694824219,3154.0
2025-11-12T19:23:00Z,114.44000244140625,114.44999694824219,114.44000244140625,114.44999694824219,114.44999694824219,2184.0
2025-11-12T19:24:00Z,114.44999694824219,114.44999694824219,114.43499755859375,114.44000244140625,114.44000244140625,2753.0
2025-11-12T19:25:00Z,114.44000244140625,114.44000244140625,114.42500305175781,114.42500305175781,114.42500305175781,977.0
2025-11-12T19:26:00Z,114.41999816894531,114.43000030517578,114.41999816894531,114.41999816894531,114.41999816894531,3121.0
2025-11-12T19:27:00Z,114.38999938964844,114.41000366210938,114.375,114.41000366210938,114.41000366210938,4365.0
2025-11-12T19:28:00Z,114.41999816894531,114.43000030517578,114.41000366210938,114.43000030517578,114.43000030517578,2991.0
2025-11-12T19:29:00Z,114.43000030517578,114.43000030517578,114.42500305175781,114.43000030517578,114.43000030517578,893.0
2025-11-12T19:30:00Z,114.44999694824219,114.44999694824219,114.41999816894531,114.43000030517578,114.43000030517578,2388.0
2025-11-12T19:31:00Z,114.44000244140625,114.44300079345703,114.43000030517578,114.44000244140625,114.44000244140625,2146.0
2025-11-12T19:32:00Z,114.44999694824219,114.45999908447266,114.44999694824219,114.44999694824219,114.44999694824219,2432.0
2025-11-12T19:33:00Z,114.44000244140625,114.44000244140625,114.44000244140625,114.44000244140625,114.44000244140625,2083.0
2025-11-12T19:34:00Z,114.44999694824219,114.4749984741211,114.44999694824219,114.47000122070312,114.47000122070312,3414.0
2025-11-12T19:35:00Z,114.47000122070312,114.4800033569336,114.47000122070312,114.4800033569336,114.4800033569336,2047.0
2025-11-12T19:36:00Z,114.49009704589844,114.51000213623047,114.49009704589844,114.51000213623047,114.51000213623047,2005.0
2025-11-12T19:37:00Z,114.52999877929688,114.55999755859375,114.52999877929688,114.55500030517578,114.55500030517578,1841.0
2025-11-12T19:38:00Z,114.55500030517578,114.56999969482422,114.55500030517578,114.55999755859375,114.55999755859375,1688.0
2025-11-12T19:39:00Z,114.55000305175781,114.59500122070312,114.55000305175781,114.59500122070312,114.59500122070312,2894.0
2025-11-12T19:40:00Z,114.58999633789062,114.58999633789062,114.5199966430664,114.5199966430664,114.5199966430664,8675.0
2025-11-12T19:41:00Z,114.52999877929688,114.54000091552734,114.5199966430664,114.53500366210938,114.53500366210938,3529.0
2025-11-12T19:42:00Z,114.55000305175781,114.57499694824219,114.54405975341797,114.57499694824219,114.57499694824219,3506.0
2025-11-12T19:43:00Z,114.56999969482422,114.56999969482422,114.56999969482422,114.56999969482422,114.56999969482422,1426.0
2025-11-12T19:44:00Z,114.56999969482422,114.56999969482422,114.55000305175781,114.55999755859375,114.55999755859375,3018.0
2025-11-12T19:45:00Z,114.56999969482422,114.62899780273438,114.56999969482422,114.62899780273438,114.62899780273438,2385.0
2025-11-12T19:46:00Z,114.62000274658203,114.62000274658203,114.61000061035156,114.61000061035156,114.61000061035156,3839.0
2025-11-12T19:47:00Z,114.62999725341797,114.6500015258789,114.62999725341797,114.6500015258789,114.6500015258789,1853.0
2025-11-12T19:48:00Z,114.6500015258789,114.6500015258789,114.58000183105469,114.58999633789062,114.58999633789062,3530.0
2025-11-12T19:49:00Z,114.59660339355469,114.59660339355469,114.56999969482422,114.56999969482422,114.56999969482422,1483.0
2025-11-12T19:50:00Z,114.58000183105469,114.58000183105469,114.55999755859375,114.55999755859375,114.55999755859375,2428.0
2025-11-12T19:51:00Z,114.56999969482422,114.5999984741211,114.56999969482422,114.5999984741211,114.5999984741211,1681.0
2025-11-12T19:52:00Z,114.58999633789062,114.60579681396484,114.58000183105469,114.5999984741211,114.5999984741211,2919.0
2025-11-12T19:53:00Z,114.58999633789062,114.63999938964844,114.58999633789062,114.62999725341797,114.62999725341797,3129.0
2025-11-12T19:54:00Z,114.62000274658203,114.62000274658203,114.61000061035156,114.61000061035156,114.61000061035156,2399.0
2025-11-12T19:55:00Z,114.59500122070312,114.59500122070312,114.59500122070312,114.59500122070312,114.59500122070312,594.0
2025-11-12T19:56:00Z,114.5999984741211,114.62999725341797,114.5999984741211,114.61009979248047,114.61009979248047,3894.0
2025-11-12T19:57:00Z,114.62999725341797,114.62999725341797,114.61000061035156,114.61000061035156,114.61000061035156,3073.0
2025-11-12T19:58:00Z,114.61000061035156,114.61000061035156,114.5999984741211,114.61000061035156,114.61000061035156,2288.0
2025-11-12T19:59:00Z,114.61000061035156,114.6500015258789,114.61000061035156,114.62999725341797,114.62999725341797,3129.0
2025-11-12T20:00:00Z,114.66999816894531,114.69000244140625,114.65499877929688,114.69000244140625,114.69000244140625,3018.0
2025-11-12T20:01:00Z,114.69000244140625,114.69999694824219,114.66999816894531,114.68000030517578,114.68000030517578,3919.0
2025-11-12T20:02:00Z,114.66999816894531,114.66999816894531,114.62999725341797,114.65499877929688,114.65499877929688,3751.0
2025-11-12T20:03:00Z,114.66999816894531,114.68000030517578,114.66000366210938,114.66999816894531,114.66999816894531,5070.0
2025-11-12T20:04:00Z,114.67500305175781,114.67500305175781,114.66500091552734,114.66999816894531,114.66999816894531,2888.0
2025-11-12T20:05:00Z,114.66999816894531,114.66999816894531,114.6500015258789,114.66999816894531,114.66999816894531,4236.0
2025-11-12T20:06:00Z,114.68000030517578,114.69999694824219,114.66999816894531,114.69080352783203,114.69080352783203,4505.0
2025-11-12T20:07:00Z,114.69000244140625,114.69499969482422,114.68000030517578,114.68000030517578,114.68000030517578,2594.0
2025-11-12T20:08:00Z,114.66999816894531,114.69999694824219,114.66999816894531,114.68000030517578,114.68000030517578,4546.0
2025-11-12T20:09:00Z,114.68000030517578,114.68000030517578,114.66000366210938,114.66000366210938,114.66000366210938,5490.0
2025-11-12T20:10:00Z,114.66999816894531,114.73999786376953,114.66999816894531,114.73999786376953,114.73999786376953,5976.0
2025-11-12T20:11:00Z,114.77999877929688,114.80000305175781,114.77999877929688,114.80000305175781,114.80000305175781,2961.0
2025-11-12T20:12:00Z,114.80999755859375,114.80999755859375,114.80000305175781,114.80999755859375,114.80999755859375,2456.0
2025-11-12T20:13:00Z,114.80999755859375,114.80999755859375,114.79000091552734,114.80000305175781,114.80000305175781,4588.0
2025-11-12T20:14:00Z,114.80000305175781,114.83000183105469,114.80000305175781,114.82499694824219,114.82499694824219,3150.0
2025-11-12T20:15:00Z,114.80999755859375,114.81099700927734,114.80999755859375,114.81009674072266,114.81009674072266,2536.0
2025-11-12T20:16:00Z,114.79019927978516,114.80500030517578,114.7699966430664,114.80500030517578,114.80500030517578,4227.0
2025-11-12T20:17:00Z,114.80500030517578,114.80500030517578,114.79000091552734,114.79000091552734,114.79000091552734,3596.0
2025-11-12T20:18:00Z,114.78500366210938,114.81999969482422,114.77999877929688,114.81999969482422,114.81999969482422,5144.0
2025-11-12T20:19:00Z,114.81999969482422,114.81999969482422,114.80000305175781,114.80999755859375,114.80999755859375,2420.0
2025-11-12T20:20:00Z,114.80000305175781,114.83000183105469,114.80000305175781,114.81999969482422,114.81999969482422,4193.0
2025-11-12T20:21:00Z,114.80999755859375,114.80999755859375,114.79000091552734,114.79000091552734,114.79000091552734,1941.0
2025-11-12T20:22:00Z,114.80000305175781,114.83999633789062,114.77999877929688,114.83999633789062,114.83999633789062,3605.0
2025-11-12T20:23:00Z,114.83999633789062,114.86000061035156,114.83000183105469,114.8499984741211,114.8499984741211,5868.0
2025-11-12T20:24:00Z,114.86009979248047,114.87000274658203,114.83999633789062,114.83999633789062,114.83999633789062,4744.0
2025-11-12T20:25:00Z,114.8499984741211,114.8499984741211,114.83000183105469,114.83000183105469,114.83000183105469,4197.0
2025-11-12T20:26:00Z,114.83499908447266,114.83999633789062,114.82499694824219,114.83999633789062,114.83999633789062,3085.0
2025-11-12T20:27:00Z,114.83999633789062,114.83999633789062,114.80000305175781,114.81999969482422,114.81999969482422,6761.0
2025-11-12T20:28:00Z,114.81999969482422,114.81999969482422,114.81500244140625,114.81999969482422,114.81999969482422,1142.0
2025-11-12T20:29:00Z,114.81999969482422,114.8499984741211,114.81999969482422,114.8499984741211,114.8499984741211,3740.0
2025-11-12T20:30:00Z,114.83999633789062,114.83999633789062,114.80999755859375,114.81999969482422,114.81999969482422,6028.0
2025-11-12T20:31:00Z,114.81999969482422,114.82499694824219,114.80000305175781,114.80999755859375,114.80999755859375,4542.0
2025-11-12T20:32:00Z,114.81999969482422,114.86000061035156,114.81999969482422,114.86000061035156,114.86000061035156,6392.0
2025-11-12T20:33:00Z,114.87999725341797,114.87999725341797,114.8499984741211,114.86000061035156,114.86000061035156,4714.0
2025-11-12T20:34:00Z,114.8499984741211,114.8499984741211,114.82499694824219,114.83000183105469,114.83000183105469,5798.0
2025-11-12T20:35:00Z,114.81999969482422,114.81999969482422,114.77999877929688,114.79000091552734,114.79000091552734,6030.0
2025-11-12T20:36:00Z,114.79000091552734,114.79000091552734,114.7699966430664,114.77999877929688,114.77999877929688,4802.0
2025-11-12T20:37:00Z,114.77999877929688,114.79000091552734,114.7699966430664,114.77999877929688,114.77999877929688,4828.0
2025-11-12T20:38:00Z,114.79000091552734,114.80500030517578,114.74500274658203,114.75,114.75,6986.0
2025-11-12T20:39:00Z,114.75,114.76000213623047,114.73999786376953,114.76000213623047,114.76000213623047,6054.0
2025-11-12T20:40:00Z,114.75,114.77999877929688,114.75,114.7699966430664,114.7699966430664,5040.0
2025-11-12T20:41:00Z,114.79000091552734,114.81999969482422,114.77999877929688,114.80000305175781,114.80000305175781,9477.0
2025-11-12T20:42:00Z,114.79000091552734,114.79000091552734,114.73999786376953,114.73999786376953,114.73999786376953,3946.0
2025-11-12T20:43:00Z,114.73999786376953,114.75,114.72000122070312,114.7300033569336,114.7300033569336,5389.0
2025-11-12T20:44:00Z,114.72000122070312,114.72000122070312,114.69000244140625,114.69000244140625,114.69000244140625,4757.0
2025-11-12T20:45:00Z,114.66000366210938,114.66000366210938,114.62999725341797,114.62999725341797,114.62999725341797,8561.0
2025-11-12T20:46:00Z,114.61499786376953,114.61499786376953,114.58000183105469,114.58000183105469,114.58000183105469,2772.0
2025-11-12T20:47:00Z,114.58999633789062,114.58999633789062,114.56500244140625,114.56500244140625,114.56500244140625,5246.0
2025-11-12T20:48:00Z,114.55999755859375,114.7249984741211,114.55999755859375,114.72000122070312,114.72000122070312,14973.0
2025-11-12T20:49:00Z,114.7249984741211,114.77999877929688,114.70999908447266,114.75,114.75,9743.0
2025-11-12T20:50:00Z,114.76000213623047,114.79000091552734,114.6500015258789,114.66000366210938,114.66000366210938,24082.0
2025-11-12T20:51:00Z,114.66999816894531,114.72000122070312,114.6500015258789,114.66999816894531,114.66999816894531,14961.0
2025-11-12T20:52:00Z,114.66999816894531,114.66999816894531,114.62000274658203,114.6500015258789,114.6500015258789,13479.0
2025-11-12T20:53:00Z,114.6500015258789,114.70500183105469,114.6449966430664,114.70249938964844,114.70249938964844,16205.0
2025-11-12T20:54:00Z,114.70999908447266,114.80999755859375,114.70999908447266,114.77999877929688,114.77999877929688,23778.0
2025-11-12T20:55:00Z,114.76000213623047,114.76000213623047,114.63999938964844,114.63999938964844,114.63999938964844,26839.0
2025-11-12T20:56:00Z,114.62999725341797,114.62999725341797,114.56999969482422,114.62000274658203,114.62000274658203,28229.0
2025-11-12T20:57:00Z,114.62000274658203,114.625,114.55000305175781,114.56500244140625,114.56500244140625,40702.0
2025-11-12T20:58:00Z,114.56999969482422,114.5999984741211,114.56500244140625,114.57499694824219,114.57499694824219,22362.0
2025-11-12T20:59:00Z,114.56999969482422,114.62999725341797,114.54000091552734,114.61000061035156,114.61000061035156,59374.0
2025-11-13T14:30:00Z,114.69999694824219,114.95999908447266,114.61000061035156,114.91999816894531,114.91999816894531,30788.0
2025-11-13T14:31:00Z,114.8499984741211,115.11000061035156,114.8499984741211,115.11000061035156,115.11000061035156,114900.0
2025-11-13T14:32:00Z,115.05000305175781,115.19999694824219,115.0,115.19999694824219,115.19999694824219,5218.0
2025-11-13T14:33:00Z,115.19999694824219,115.19999694824219,114.9800033569336,114.98999786376953,114.98999786376953,6442.0
2025-11-13T14:34:00Z,114.98999786376953,115.05000305175781,114.84500122070312,114.86499786376953,114.86499786376953,2536.0
2025-11-13T14:35:00Z,114.86000061035156,114.97000122070312,114.86000061035156,114.91999816894531,114.91999816894531,3275.0
2025-11-13T14:36:00Z,114.91500091552734,115.13500213623047,114.91000366210938,115.12999725341797,115.12999725341797,4179.0
2025-11-13T14:37:00Z,115.12000274658203,115.12000274658203,114.95999908447266,115.0,115.0,2674.0
2025-11-13T14:38:00Z,114.98500061035156,114.98500061035156,114.83000183105469,114.875,114.875,1564.0
2025-11-13T14:39:00Z,114.7699966430664,115.1449966430664,114.7699966430664,115.13999938964844,115.13999938964844,5409.0
2025-11-13T14:40:00Z,115.13999938964844,115.13999938964844,115.00499725341797,115.01000213623047,115.01000213623047,4612.0
2025-11-13T14:41:00Z,114.99500274658203,115.0,114.91999816894531,115.0,115.0,1846.0
2025-11-13T14:42:00Z,115.0199966430664,115.12999725341797,115.01000213623047,115.02999877929688,115.02999877929688,5570.0
2025-11-13T14:43:00Z,115.03500366210938,115.03500366210938,114.91500091552734,114.95999908447266,114.95999908447266,1761.0
2025-11-13T14:44:00Z,114.95999908447266,114.95999908447266,114.87999725341797,114.9000015258789,114.9000015258789,3040.0
2025-11-13T14:45:00Z,114.91999816894531,114.93499755859375,114.77999877929688,114.86000061035156,114.86000061035156,3533.0
2025-11-13T14:46:00Z,114.86000061035156,114.86000061035156,114.70999908447266,114.80999755859375,114.80999755859375,2054.0
2025-11-13T14:47:00Z,114.83999633789062,114.86499786376953,114.79000091552734,114.86499786376953,114.86499786376953,1310.0
2025-11-13T14:48:00Z,114.94000244140625,114.94999694824219,114.7699966430664,114.84500122070312,114.84500122070312,7116.0
2025-11-13T14:49:00Z,114.84500122070312,114.84500122070312,114.68000030517578,114.68000030517578,114.68000030517578,4752.0
2025-11-13T14:50:00Z,114.69499969482422,114.69499969482422,114.5,114.59500122070312,114.59500122070312,3507.0
2025-11-13T14:51:00Z,114.6050033569336,114.68000030517578,114.54000091552734,114.58999633789062,114.58999633789062,5751.0
2025-11-13T14:52:00Z,114.5999984741211,114.5999984741211,114.5,114.54000091552734,114.54000091552734,2645.0
2025-11-13T14:53:00Z,114.51000213623047,114.61000061035156,114.5,114.61000061035156,114.61000061035156,4307.0
2025-11-13T14:54:00Z,114.58999633789062,114.62999725341797,114.56500244140625,114.58000183105469,114.58000183105469,2933.0
2025-11-13T14:55:00Z,114.63999938964844,114.7300033569336,114.63999938964844,114.66000366210938,114.66000366210938,6281.0
2025-11-13T14:56:00Z,114.66500091552734,114.66500091552734,114.45500183105469,114.45500183105469,114.45500183105469,3528.0
2025-11-13T14:57:00Z,114.44999694824219,114.4749984741211,114.41999816894531,114.4749984741211,114.4749984741211,2717.0
2025-11-13T14:58:00Z,114.48999786376953,114.5199966430664,114.4000015258789,114.5199966430664,114.5199966430664,3487.0
2025-11-13T14:59:00Z,114.45999908447266,114.4749984741211,114.41000366210938,114.47250366210938,114.47250366210938,2758.0
2025-11-13T15:00:00Z,114.44999694824219,114.54000091552734,114.44999694824219,114.4800033569336,114.4800033569336,2954.0
2025-11-13T15:01:00Z,114.4800033569336,114.52999877929688,114.41999816894531,114.48500061035156,114.48500061035156,5874.0
2025-11-13T15:02:00Z,114.48500061035156,114.67500305175781,114.4800033569336,114.67500305175781,114.67500305175781,6407.0
2025-11-13T15:03:00Z,114.69999694824219,114.7300033569336,114.63999938964844,114.63999938964844,114.63999938964844,6086.0
2025-11-13T15:04:00Z,114.63500213623047,114.73999786376953,114.63500213623047,114.7249984741211,114.7249984741211,2983.0
2025-11-13T15:05:00Z,114.75599670410156,114.83000183105469,114.75599670410156,114.77999877929688,114.77999877929688,2330.0
2025-11-13T15:06:00Z,114.83999633789062,114.83999633789062,114.76000213623047,114.80000305175781,114.80000305175781,3447.0
2025-11-13T15:07:00Z,114.79000091552734,114.79000091552734,114.69999694824219,114.70500183105469,114.70500183105469,3219.0
2025-11-13T15:08:00Z,114.69000244140625,114.69000244140625,114.52999877929688,114.52999877929688,114.52999877929688,4147.0
2025-11-13T15:09:00Z,114.55000305175781,114.56999969482422,114.5250015258789,114.53500366210938,114.53500366210938,1796.0
2025-11-13T15:10:00Z,114.58000183105469,114.68000030517578,114.58000183105469,114.68000030517578,114.68000030517578,5628.0
2025-11-13T15:11:00Z,114.625,114.66000366210938,114.5999984741211,114.5999984741211,114.5999984741211,5224.0
2025-11-13T15:12:00Z,114.56999969482422,114.63999938964844,114.56999969482422,114.63999938964844,114.63999938964844,2452.0
2025-11-13T15:13:00Z,114.62999725341797,114.62999725341797,114.60880279541016,114.60880279541016,114.60880279541016,1379.0
2025-11-13T15:14:00Z,114.5999984741211,114.6500015258789,114.58999633789062,114.6500015258789,114.6500015258789,4620.0
2025-11-13T15:15:00Z,114.6449966430664,114.66999816894531,114.62999725341797,114.62999725341797,114.62999725341797,3688.0
2025-11-13T15:16:00Z,114.55999755859375,114.61499786376953,114.5199966430664,114.54000091552734,114.54000091552734,4591.0
2025-11-13T15:17:00Z,114.54000091552734,114.59709930419922,114.54000091552734,114.59709930419922,114.59709930419922,2714.0
2025-11-13T15:18:00Z,114.62000274658203,114.73500061035156,114.62000274658203,114.7125015258789,114.7125015258789,7025.0
2025-11-13T15:19:00Z,114.72000122070312,114.77999877929688,114.72000122070312,114.77999877929688,114.77999877929688,2204.0
2025-11-13T15:20:00Z,114.79000091552734,114.81999969482422,114.79000091552734,114.81999969482422,114.81999969482422,3384.0
2025-11-13T15:21:00Z,114.83999633789062,114.9000015258789,114.83999633789062,114.88999938964844,114.88999938964844,4867.0
2025-11-13T15:22:00Z,114.87000274658203,114.91999816894531,114.8550033569336,114.91500091552734,114.91500091552734,1841.0
2025-11-13T15:23:00Z,114.91500091552734,114.94499969482422,114.9000015258789,114.94499969482422,114.94499969482422,2511.0
2025-11-13T15:24:00Z,114.94999694824219,114.94999694824219,114.9000015258789,114.9000015258789,114.9000015258789,14240.0
2025-11-13T15:25:00Z,114.9000015258789,114.95999908447266,114.84500122070312,114.86000061035156,114.86000061035156,4735.0
2025-11-13T15:26:00Z,114.9000015258789,114.9000015258789,114.88500213623047,114.88999938964844,114.88999938964844,1207.0
2025-11-13T15:27:00Z,114.88999938964844,114.9198989868164,114.83999633789062,114.83999633789062,114.83999633789062,3464.0
2025-11-13T15:28:00Z,114.81999969482422,114.86000061035156,114.81999969482422,114.81999969482422,114.81999969482422,1894.0
2025-11-13T15:29:00Z,114.87000274658203,114.87000274658203,114.80999755859375,114.80999755859375,114.80999755859375,3214.0
2025-11-13T15:30:00Z,114.83000183105469,114.88999938964844,114.83000183105469,114.8550033569336,114.8550033569336,6112.0
2025-11-13T15:31:00Z,114.86000061035156,114.90499877929688,114.86000061035156,114.9000015258789,114.9000015258789,4420.0
2025-11-13T15:32:00Z,114.87999725341797,114.88999938964844,114.83000183105469,114.83000183105469,114.83000183105469,3182.0
2025-11-13T15:33:00Z,114.83499908447266,114.83499908447266,114.76000213623047,114.77999877929688,114.77999877929688,2674.0
2025-11-13T15:34:00Z,114.76499938964844,114.80999755859375,114.72000122070312,114.77999877929688,114.77999877929688,3968.0
2025-11-13T15:35:00Z,114.79499816894531,114.80999755859375,114.79199981689453,114.80500030517578,114.80500030517578,2598.0
2025-11-13T15:36:00Z,114.81999969482422,114.83999633789062,114.80000305175781,114.83999633789062,114.83999633789062,3153.0
2025-11-13T15:37:00Z,114.83999633789062,114.91000366210938,114.81999969482422,114.83999633789062,114.83999633789062,5407.0
2025-11-13T15:38:00Z,114.81999969482422,114.81999969482422,114.69999694824219,114.69999694824219,114.69999694824219,3857.0
2025-11-13T15:39:00Z,114.7300033569336,114.76499938964844,114.7300033569336,114.76000213623047,114.76000213623047,3145.0
2025-11-13T15:40:00Z,114.7699966430664,114.7699966430664,114.7300033569336,114.73999786376953,114.73999786376953,2483.0
2025-11-13T15:41:00Z,114.73999786376953,114.73999786376953,114.72000122070312,114.73999786376953,114.73999786376953,869.0
2025-11-13T15:42:00Z,114.75,114.76000213623047,114.73999786376953,114.75499725341797,114.75499725341797,3278.0
2025-11-13T15:43:00Z,114.73500061035156,114.77999877929688,114.73500061035156,114.74500274658203,114.74500274658203,2877.0
2025-11-13T15:44:00Z,114.75,114.77999877929688,114.73100280761719,114.7699966430664,114.7699966430664,3270.0
2025-11-13T15:45:00Z,114.7699966430664,114.79000091552734,114.73999786376953,114.75,114.75,4379.0
2025-11-13T15:46:00Z,114.69000244140625,114.7300033569336,114.68000030517578,114.68000030517578,114.68000030517578,2394.0
2025-11-13T15:47:00Z,114.69000244140625,114.69999694824219,114.66999816894531,114.68000030517578,114.68000030517578,4495.0
2025-11-13T15:48:00Z,114.68499755859375,114.70999908447266,114.63999938964844,114.63999938964844,114.63999938964844,6528.0
2025-11-13T15:49:00Z,114.66000366210938,114.70999908447266,114.66000366210938,114.66999816894531,114.66999816894531,4157.0
2025-11-13T15:50:00Z,114.67500305175781,114.70500183105469,114.66000366210938,114.69999694824219,114.69999694824219,2062.0
2025-11-13T15:51:00Z,114.70500183105469,114.73500061035156,114.69499969482422,114.7300033569336,114.7300033569336,3306.0
2025-11-13T15:52:00Z,114.73999786376953,114.77999877929688,114.73999786376953,114.75,114.75,3683.0
2025-11-13T15:53:00Z,114.7300033569336,114.74500274658203,114.7300033569336,114.74500274658203,114.74500274658203,1601.0
2025-11-13T15:54:00Z,114.73999786376953,114.7699966430664,114.71499633789062,114.73500061035156,114.73500061035156,4857.0
2025-11-13T15:55:00Z,114.7699966430664,114.79000091552734,114.7300033569336,114.7300033569336,114.7300033569336,3310.0
2025-11-13T15:56:00Z,114.73999786376953,114.7699966430664,114.66000366210938,114.66000366210938,114.66000366210938,5776.0
2025-11-13T15:57:00Z,114.69000244140625,114.69000244140625,114.58999633789062,114.58999633789062,114.58999633789062,5192.0
2025-11-13T15:58:00Z,114.58499908447266,114.61000061035156,114.5199966430664,114.59500122070312,114.59500122070312,4617.0
2025-11-13T15:59:00Z,114.58000183105469,114.66999816894531,114.56999969482422,114.63999938964844,114.63999938964844,4604.0
2025-11-13T16:00:00Z,114.63999938964844,114.66999816894531,114.58999633789062,114.61000061035156,114.61000061035156,3823.0
2025-11-13T16:01:00Z,114.62999725341797,114.62999725341797,114.57499694824219,114.61000061035156,114.61000061035156,5196.0
2025-11-13T16:02:00Z,114.61000061035156,114.72000122070312,114.61000061035156,114.69000244140625,114.69000244140625,4772.0
2025-11-13T16:03:00Z,114.70790100097656,114.7249984741211,114.69999694824219,114.69999694824219,114.69999694824219,2738.0
2025-11-13T16:04:00Z,114.69499969482422,114.70999908447266,114.66500091552734,114.69999694824219,114.69999694824219,3146.0
2025-11-13T16:05:00Z,114.6500015258789,114.66000366210938,114.5999984741211,114.625,114.625,4226.0
2025-11-13T16:06:00Z,114.66999816894531,114.69999694824219,114.66000366210938,114.66999816894531,114.66999816894531,4663.0
2025-11-13T16:07:00Z,114.68000030517578,114.73999786376953,114.68000030517578,114.7300033569336,114.7300033569336,5947.0
2025-11-13T16:08:00Z,114.75,114.75,114.68589782714844,114.69999694824219,114.69999694824219,4414.0
2025-11-13T16:09:00Z,114.68000030517578,114.72000122070312,114.68000030517578,114.69999694824219,114.69999694824219,2372.0
2025-11-13T16:10:00Z,114.70999908447266,114.78500366210938,114.69000244140625,114.72000122070312,114.72000122070312,5217.0
2025-11-13T16:11:00Z,114.70999908447266,114.73999786376953,114.68000030517578,114.69999694824219,114.69999694824219,4309.0
2025-11-13T16:12:00Z,114.68000030517578,114.69999694824219,114.66500091552734,114.68000030517578,114.68000030517578,4385.0
2025-11-13T16:13:00Z,114.69000244140625,114.69000244140625,114.63500213623047,114.63999938964844,114.63999938964844,3114.0
2025-11-13T16:14:00Z,114.62999725341797,114.69000244140625,114.62999725341797,114.68000030517578,114.68000030517578,2590.0
2025-11-13T16:15:00Z,114.66500091552734,114.66500091552734,114.61000061035156,114.61000061035156,114.61000061035156,3469.0
2025-11-13T16:16:00Z,114.58999633789062,114.66000366210938,114.58999633789062,114.63999938964844,114.63999938964844,4255.0
2025-11-13T16:17:00Z,114.66000366210938,114.69000244140625,114.66000366210938,114.68000030517578,114.68000030517578,3148.0
2025-11-13T16:18:00Z,114.69000244140625,114.7300033569336,114.68000030517578,114.69000244140625,114.69000244140625,3909.0
2025-11-13T16:19:00Z,114.69999694824219,114.75,114.69999694824219,114.75,114.75,5568.0
2025-11-13T16:20:00Z,114.75,114.75,114.66500091552734,114.69999694824219,114.69999694824219,3789.0
2025-11-13T16:21:00Z,114.68000030517578,114.69999694824219,114.66999816894531,114.69000244140625,114.69000244140625,3564.0
2025-11-13T16:22:00Z,114.69000244140625,114.69999694824219,114.68000030517578,114.69000244140625,114.69000244140625,2979.0
2025-11-13T16:23:00Z,114.69000244140625,114.69000244140625,114.625,114.6500015258789,114.6500015258789,4201.0
2025-11-13T16:24:00Z,114.6500015258789,114.6500015258789,114.58999633789062,114.59970092773438,114.59970092773438,4092.0
2025-11-13T16:25:00Z,114.5999984741211,114.61000061035156,114.58999633789062,114.61000061035156,114.61000061035156,3527.0
2025-11-13T16:26:00Z,114.58000183105469,114.58000183105469,114.54499816894531,114.55999755859375,114.55999755859375,3127.0
2025-11-13T16:27:00Z,114.58000183105469,114.58000183105469,114.48999786376953,114.48999786376953,114.48999786376953,3758.0
2025-11-13T16:28:00Z,114.5,114.55999755859375,114.5,114.5199966430664,114.5199966430664,4732.0
2025-11-13T16:29:00Z,114.5199966430664,114.5199966430664,114.47000122070312,114.51000213623047,114.51000213623047,3962.0
2025-11-13T16:30:00Z,114.47000122070312,114.47000122070312,114.4000015258789,114.4000015258789,114.4000015258789,2669.0
2025-11-13T16:31:00Z,114.41000366210938,114.41999816894531,114.4000015258789,114.41999816894531,114.41999816894531,3567.0
2025-11-13T16:32:00Z,114.43000030517578,114.48999786376953,114.43000030517578,114.48999786376953,114.48999786376953,4494.0
2025-11-13T16:33:00Z,114.51000213623047,114.55000305175781,114.5,114.55000305175781,114.55000305175781,3131.0
2025-11-13T16:34:00Z,114.55000305175781,114.55000305175781,114.51000213623047,114.51000213623047,114.51000213623047,3722.0
2025-11-13T16:35:00Z,114.52999877929688,114.52999877929688,114.44999694824219,114.5,114.5,9041.0
2025-11-13T16:36:00Z,114.4800033569336,114.4800033569336,114.41000366210938,114.43000030517578,114.43000030517578,3725.0
2025-11-13T16:37:00Z,114.44000244140625,114.47000122070312,114.4000015258789,114.47000122070312,114.47000122070312,6059.0
2025-11-13T16:38:00Z,114.45999908447266,114.48999786376953,114.44999694824219,114.44999694824219,114.44999694824219,4394.0
2025-11-13T16:39:00Z,114.44999694824219,114.44999694824219,114.4000015258789,114.4000015258789,114.4000015258789,1575.0
2025-11-13T16:40:00Z,114.41999816894531,114.41999816894531,114.30999755859375,114.3104019165039,114.3104019165039,2804.0
2025-11-13T16:41:00Z,114.32499694824219,114.32499694824219,114.30000305175781,114.31999969482422,114.31999969482422,2403.0
2025-11-13T16:42:00Z,114.31500244140625,114.31999969482422,114.29000091552734,114.29000091552734,114.29000091552734,3051.0
2025-11-13T16:43:00Z,114.31500244140625,114.38999938964844,114.31500244140625,114.38999938964844,114.38999938964844,2648.0
2025-11-13T16:44:00Z,114.4000015258789,114.4000015258789,114.36499786376953,114.38999938964844,114.38999938964844,2006.0
2025-11-13T16:45:00Z,114.3949966430664,114.3949966430664,114.31999969482422,114.31999969482422,114.31999969482422,2361.0
2025-11-13T16:46:00Z,114.3499984741211,114.3499984741211,114.30999755859375,114.31500244140625,114.31500244140625,1566.0
2025-11-13T16:47:00Z,114.30000305175781,114.34500122070312,114.27999877929688,114.34500122070312,114.34500122070312,3652.0
2025-11-13T16:48:00Z,114.36000061035156,114.37999725341797,114.33000183105469,114.37999725341797,114.37999725341797,6750.0
2025-11-13T16:49:00Z,114.37999725341797,114.37999725341797,114.36000061035156,114.36000061035156,114.36000061035156,2568.0
2025-11-13T16:50:00Z,114.3499984741211,114.4000015258789,114.33000183105469,114.33000183105469,114.33000183105469,3647.0
2025-11-13T16:51:00Z,114.3499984741211,114.37999725341797,114.3499984741211,114.37999725341797,114.37999725341797,1711.0
2025-11-13T16:52:00Z,114.4000015258789,114.43000030517578,114.4000015258789,114.4000015258789,114.4000015258789,3211.0
2025-11-13T16:53:00Z,114.4000015258789,114.4000015258789,114.37000274658203,114.37999725341797,114.37999725341797,1918.0
2025-11-13T16:54:00Z,114.38999938964844,114.44000244140625,114.38999938964844,114.44000244140625,114.44000244140625,1905.0
2025-11-13T16:55:00Z,114.4800033569336,114.4800033569336,114.43000030517578,114.43000030517578,114.43000030517578,4117.0
2025-11-13T16:56:00Z,114.44000244140625,114.47000122070312,114.41999816894531,114.47000122070312,114.47000122070312,1650.0
2025-11-13T16:57:00Z,114.47000122070312,114.58999633789062,114.47000122070312,114.58999633789062,114.58999633789062,2468.0
2025-11-13T16:58:00Z,114.56999969482422,114.5999984741211,114.55999755859375,114.55999755859375,114.55999755859375,4922.0
2025-11-13T16:59:00Z,114.55999755859375,114.55999755859375,114.5199966430664,114.55000305175781,114.55000305175781,3056.0
2025-11-13T17:00:00Z,114.52999877929688,114.55000305175781,114.51190185546875,114.51190185546875,114.51190185546875,5044.0
2025-11-13T17:01:00Z,114.51000213623047,114.54000091552734,114.48999786376953,114.54000091552734,114.54000091552734,4165.0
2025-11-13T17:02:00Z,114.52999877929688,114.56999969482422,114.52999877929688,114.55349731445312,114.55349731445312,2767.0
2025-11-13T17:03:00Z,114.55500030517578,114.62000274658203,114.5468978881836,114.6050033569336,114.6050033569336,4505.0
2025-11-13T17:04:00Z,114.58999633789062,114.5999984741211,114.58000183105469,114.5999984741211,114.5999984741211,2849.0
2025-11-13T17:05:00Z,114.62000274658203,114.63999938964844,114.57499694824219,114.58999633789062,114.58999633789062,5078.0
2025-11-13T17:06:00Z,114.58999633789062,114.58999633789062,114.56999969482422,114.57499694824219,114.57499694824219,2339.0
2025-11-13T17:07:00Z,114.58999633789062,114.61000061035156,114.55999755859375,114.55999755859375,114.55999755859375,2909.0
2025-11-13T17:08:00Z,114.58000183105469,114.59500122070312,114.56999969482422,114.59500122070312,114.59500122070312,1372.0
2025-11-13T17:09:00Z,114.59500122070312,114.59500122070312,114.5199966430664,114.5199966430664,114.5199966430664,3898.0
2025-11-13T17:10:00Z,114.51499938964844,114.51499938964844,114.4800033569336,114.4800033569336,114.4800033569336,5083.0
2025-11-13T17:11:00Z,114.5,114.51499938964844,114.5,114.51499938964844,114.51499938964844,3119.0
2025-11-13T17:12:00Z,114.51260375976562,114.52999877929688,114.48999786376953,114.48999786376953,114.48999786376953,2845.0
2025-11-13T17:13:00Z,114.4800033569336,114.5,114.4800033569336,114.48500061035156,114.48500061035156,1028.0
2025-11-13T17:14:00Z,114.48500061035156,114.52999877929688,114.48500061035156,114.52999877929688,114.52999877929688,3074.0
2025-11-13T17:15:00Z,114.48999786376953,114.5199966430664,114.4800033569336,114.51499938964844,114.51499938964844,3213.0
2025-11-13T17:16:00Z,114.52999877929688,114.52999877929688,114.4800033569336,114.51000213623047,114.51000213623047,3613.0
2025-11-13T17:17:00Z,114.5199966430664,114.55999755859375,114.51000213623047,114.54000091552734,114.54000091552734,4322.0
2025-11-13T17:18:00Z,114.52999877929688,114.52999877929688,114.4749984741211,114.48999786376953,114.48999786376953,3104.0
2025-11-13T17:19:00Z,114.5,114.55000305175781,114.5,114.55000305175781,114.55000305175781,2304.0
2025-11-13T17:20:00Z,114.55000305175781,114.55000305175781,114.51000213623047,114.51000213623047,114.51000213623047,2588.0
2025-11-13T17:21:00Z,114.5199966430664,114.56999969482422,114.5199966430664,114.55000305175781,114.55000305175781,4483.0
2025-11-13T17:22:00Z,114.55999755859375,114.58000183105469,114.55999755859375,114.56999969482422,114.56999969482422,3349.0
2025-11-13T17:23:00Z,114.58000183105469,114.58999633789062,114.58000183105469,114.58999633789062,114.58999633789062,2160.0
2025-11-13T17:24:00Z,114.58999633789062,114.61499786376953,114.54000091552734,114.61499786376953,114.61499786376953,9468.0
2025-11-13T17:25:00Z,114.62999725341797,114.69499969482422,114.61499786376953,114.66999816894531,114.66999816894531,8511.0
2025-11-13T17:26:00Z,114.66999816894531,114.66999816894531,114.54499816894531,114.54499816894531,114.54499816894531,11080.0
2025-11-13T17:27:00Z,114.55000305175781,114.55000305175781,114.47000122070312,114.47149658203125,114.47149658203125,3789.0
2025-11-13T17:28:00Z,114.5199966430664,114.56999969482422,114.5199966430664,114.54000091552734,114.54000091552734,2561.0
2025-11-13T17:29:00Z,114.55000305175781,114.6500015258789,114.55000305175781,114.625,114.625,2902.0
2025-11-13T17:30:00Z,114.62999725341797,114.76000213623047,114.62999725341797,114.76000213623047,114.76000213623047,4501.0
2025-11-13T17:31:00Z,114.73999786376953,114.7750015258789,114.69000244140625,114.76000213623047,114.76000213623047,5395.0
2025-11-13T17:32:00Z,114.76499938964844,114.7699966430664,114.73999786376953,114.75,114.75,4013.0
2025-11-13T17:33:00Z,114.76000213623047,114.76000213623047,114.7300033569336,114.73500061035156,114.73500061035156,2456.0
2025-11-13T17:34:00Z,114.73999786376953,114.75,114.67500305175781,114.68000030517578,114.68000030517578,4099.0
2025-11-13T17:35:00Z,114.69000244140625,114.70500183105469,114.62999725341797,114.62999725341797,114.62999725341797,4118.0
2025-11-13T17:36:00Z,114.5999984741211,114.66000366210938,114.5999984741211,114.6449966430664,114.6449966430664,1959.0
2025-11-13T17:37:00Z,114.66000366210938,114.69999694824219,114.6500015258789,114.66999816894531,114.66999816894531,3258.0
2025-11-13T17:38:00Z,114.67500305175781,114.7300033569336,114.67500305175781,114.70500183105469,114.70500183105469,2490.0
2025-11-13T17:39:00Z,114.71009826660156,114.77999877929688,114.71009826660156,114.75,114.75,4327.0
2025-11-13T17:40:00Z,114.76000213623047,114.76000213623047,114.69999694824219,114.70999908447266,114.70999908447266,3442.0
2025-11-13T17:41:00Z,114.69000244140625,114.69999694824219,114.62000274658203,114.68000030517578,114.68000030517578,6936.0
2025-11-13T17:42:00Z,114.69000244140625,114.7249984741211,114.68000030517578,114.72000122070312,114.72000122070312,4858.0
2025-11-13T17:43:00Z,114.73999786376953,114.75,114.7300033569336,114.7300033569336,114.7300033569336,1337.0
2025-11-13T17:44:00Z,114.73999786376953,114.77999877929688,114.7249984741211,114.73999786376953,114.73999786376953,4496.0
2025-11-13T17:45:00Z,114.7300033569336,114.7300033569336,114.69999694824219,114.72000122070312,114.72000122070312,1770.0
2025-11-13T17:46:00Z,114.73999786376953,114.73999786376953,114.68000030517578,114.7300033569336,114.7300033569336,5605.0
2025-11-13T17:47:00Z,114.75,114.75,114.68000030517578,114.72000122070312,114.72000122070312,3277.0
2025-11-13T17:48:00Z,114.7300033569336,114.80000305175781,114.7300033569336,114.80000305175781,114.80000305175781,3160.0
2025-11-13T17:49:00Z,114.79000091552734,114.80000305175781,114.78500366210938,114.80000305175781,114.80000305175781,2946.0
2025-11-13T17:50:00Z,114.80000305175781,114.80000305175781,114.72000122070312,114.72000122070312,114.72000122070312,4468.0
2025-11-13T17:51:00Z,114.76000213623047,114.77999877929688,114.76000213623047,114.77999877929688,114.77999877929688,3501.0
2025-11-13T17:52:00Z,114.79000091552734,114.81999969482422,114.79000091552734,114.81999969482422,114.81999969482422,2990.0
2025-11-13T17:53:00Z,114.78990173339844,114.79000091552734,114.77999877929688,114.79000091552734,114.79000091552734,3282.0
2025-11-13T17:54:00Z,114.80000305175781,114.80999755859375,114.62999725341797,114.69999694824219,114.69999694824219,8181.0
2025-11-13T17:55:00Z,114.7300033569336,114.7300033569336,114.68000030517578,114.68000030517578,114.68000030517578,3752.0
2025-11-13T17:56:00Z,114.69000244140625,114.69999694824219,114.68000030517578,114.68000030517578,114.68000030517578,5034.0
2025-11-13T17:57:00Z,114.66999816894531,114.69000244140625,114.66000366210938,114.66999816894531,114.66999816894531,1916.0
2025-11-13T17:58:00Z,114.72000122070312,114.72000122070312,114.69000244140625,114.69499969482422,114.69499969482422,2053.0
2025-11-13T17:59:00Z,114.68000030517578,114.68000030517578,114.66500091552734,114.68000030517578,114.68000030517578,2766.0
2025-11-13T18:00:00Z,114.70999908447266,114.77999877929688,114.70999908447266,114.77999877929688,114.77999877929688,4121.0
2025-11-13T18:01:00Z,114.80000305175781,114.80000305175781,114.7699966430664,114.78500366210938,114.78500366210938,3150.0
2025-11-13T18:02:00Z,114.80000305175781,114.81999969482422,114.80000305175781,114.81999969482422,114.81999969482422,3233.0
2025-11-13T18:03:00Z,114.83999633789062,114.83999633789062,114.73999786376953,114.81500244140625,114.81500244140625,87782.0
2025-11-13T18:04:00Z,114.79000091552734,114.79000091552734,114.70999908447266,114.73999786376953,114.73999786376953,3022.0
2025-11-13T18:05:00Z,114.7249984741211,114.7699966430664,114.69999694824219,114.7699966430664,114.7699966430664,2735.0
2025-11-13T18:06:00Z,114.7699966430664,114.80999755859375,114.7699966430664,114.7699966430664,114.7699966430664,2178.0
2025-11-13T18:07:00Z,114.7750015258789,114.7750015258789,114.73999786376953,114.73999786376953,114.73999786376953,1775.0
2025-11-13T18:08:00Z,114.73999786376953,114.79000091552734,114.73999786376953,114.79000091552734,114.79000091552734,1756.0
2025-11-13T18:09:00Z,114.79000091552734,114.83999633789062,114.79000091552734,114.79000091552734,114.79000091552734,3728.0
2025-11-13T18:10:00Z,114.80000305175781,114.80000305175781,114.76000213623047,114.79000091552734,114.79000091552734,1539.0
2025-11-13T18:11:00Z,114.80000305175781,114.80999755859375,114.7699966430664,114.80999755859375,114.80999755859375,2721.0
2025-11-13T18:12:00Z,114.81999969482422,114.8499984741211,114.79000091552734,114.8499984741211,114.8499984741211,5749.0
2025-11-13T18:13:00Z,114.84500122070312,114.84500122070312,114.81999969482422,114.83999633789062,114.83999633789062,1035.0
2025-11-13T18:14:00Z,114.83999633789062,114.8949966430664,114.83999633789062,114.87000274658203,114.87000274658203,3487.0
2025-11-13T18:15:00Z,114.87000274658203,114.87000274658203,114.86000061035156,114.86000061035156,114.86000061035156,812.0
2025-11-13T18:16:00Z,114.83000183105469,114.83000183105469,114.76000213623047,114.76000213623047,114.76000213623047,2476.0
2025-11-13T18:17:00Z,114.80000305175781,114.80500030517578,114.80000305175781,114.80000305175781,114.80000305175781,1146.0
2025-11-13T18:18:00Z,114.80000305175781,114.80999755859375,114.80000305175781,114.80999755859375,114.80999755859375,1901.0
2025-11-13T18:19:00Z,114.80000305175781,114.83000183105469,114.79000091552734,114.81500244140625,114.81500244140625,3641.0
2025-11-13T18:20:00Z,114.81500244140625,114.81500244140625,114.80999755859375,114.81500244140625,114.81500244140625,959.0
2025-11-13T18:21:00Z,114.81999969482422,114.83999633789062,114.81500244140625,114.83999633789062,114.83999633789062,4056.0
2025-11-13T18:22:00Z,114.8499984741211,114.91000366210938,114.8499984741211,114.875,114.875,3494.0
2025-11-13T18:23:00Z,114.875,114.875,114.8499984741211,114.8499984741211,114.8499984741211,1942.0
2025-11-13T18:24:00Z,114.87999725341797,114.93000030517578,114.87999725341797,114.91999816894531,114.91999816894531,3166.0
2025-11-13T18:25:00Z,114.92500305175781,115.0,114.92500305175781,115.0,115.0,3497.0
2025-11-13T18:26:00Z,115.0199966430664,115.06999969482422,115.0199966430664,115.06999969482422,115.06999969482422,3853.0
2025-11-13T18:27:00Z,115.06999969482422,115.08999633789062,115.05500030517578,115.06999969482422,115.06999969482422,3156.0
2025-11-13T18:28:00Z,115.08999633789062,115.12000274658203,115.08999633789062,115.12000274658203,115.12000274658203,2471.0
2025-11-13T18:29:00Z,115.11000061035156,115.11000061035156,115.0999984741211,115.0999984741211,115.0999984741211,1791.0
2025-11-13T18:30:00Z,115.0999984741211,115.0999984741211,115.05000305175781,115.05999755859375,115.05999755859375,3602.0
2025-11-13T18:31:00Z,115.08999633789062,115.11000061035156,115.08999633789062,115.11000061035156,115.11000061035156,2518.0
2025-11-13T18:32:00Z,115.12000274658203,115.12999725341797,115.11000061035156,115.11000061035156,115.11000061035156,6095.0
2025-11-13T18:33:00Z,115.0999984741211,115.1500015258789,115.06999969482422,115.1500015258789,115.1500015258789,4190.0
2025-11-13T18:34:00Z,115.11000061035156,115.13999938964844,115.09500122070312,115.12999725341797,115.12999725341797,2749.0
2025-11-13T18:35:00Z,115.13999938964844,115.18000030517578,115.12000274658203,115.15499877929688,115.15499877929688,4161.0
2025-11-13T18:36:00Z,115.18000030517578,115.19999694824219,115.16000366210938,115.16999816894531,115.16999816894531,2291.0
2025-11-13T18:37:00Z,115.18000030517578,115.18000030517578,115.13999938964844,115.13999938964844,115.13999938964844,3430.0
2025-11-13T18:38:00Z,115.16000366210938,115.16999816894531,115.1500015258789,115.15499877929688,115.15499877929688,2848.0
2025-11-13T18:39:00Z,115.16000366210938,115.16000366210938,115.12999725341797,115.12999725341797,115.12999725341797,2237.0
2025-11-13T18:40:00Z,115.12000274658203,115.19999694824219,115.12000274658203,115.19999694824219,115.19999694824219,4716.0
2025-11-13T18:41:00Z,115.18000030517578,115.19499969482422,115.11000061035156,115.1500015258789,115.1500015258789,8392.0
2025-11-13T18:42:00Z,115.1500015258789,115.23999786376953,115.1500015258789,115.23999786376953,115.23999786376953,7399.0
2025-11-13T18:43:00Z,115.23999786376953,115.25,115.1050033569336,115.1050033569336,115.1050033569336,8600.0
2025-11-13T18:44:00Z,115.12000274658203,115.1449966430664,115.11000061035156,115.11000061035156,115.11000061035156,3691.0
2025-11-13T18:45:00Z,115.11000061035156,115.11000061035156,115.05999755859375,115.05999755859375,115.05999755859375,4044.0
2025-11-13T18:46:00Z,115.05999755859375,115.11000061035156,115.02999877929688,115.09500122070312,115.09500122070312,6149.0
2025-11-13T18:47:00Z,115.11000061035156,115.12999725341797,115.1050033569336,115.12000274658203,115.12000274658203,6145.0
2025-11-13T18:48:00Z,115.13999938964844,115.19000244140625,115.13999938964844,115.16000366210938,115.16000366210938,2187.0
2025-11-13T18:49:00Z,115.17019653320312,115.22000122070312,115.16200256347656,115.22000122070312,115.22000122070312,3752.0
2025-11-13T18:50:00Z,115.23999786376953,115.3499984741211,115.23999786376953,115.33000183105469,115.33000183105469,7446.0
2025-11-13T18:51:00Z,115.30999755859375,115.31999969482422,115.2699966430664,115.29000091552734,115.29000091552734,3432.0
2025-11-13T18:52:00Z,115.27999877929688,115.27999877929688,115.25499725341797,115.25499725341797,115.25499725341797,2218.0
2025-11-13T18:53:00Z,115.25499725341797,115.2699966430664,115.22000122070312,115.23999786376953,115.23999786376953,4149.0
2025-11-13T18:54:00Z,115.22000122070312,115.25,115.22000122070312,115.23999786376953,115.23999786376953,1259.0
2025-11-13T18:55:00Z,115.23999786376953,115.25499725341797,115.19499969482422,115.19499969482422,115.19499969482422,6123.0
2025-11-13T18:56:00Z,115.20999908447266,115.2300033569336,115.20999908447266,115.2300033569336,115.2300033569336,1242.0
2025-11-13T18:57:00Z,115.2300033569336,115.23999786376953,115.19000244140625,115.19000244140625,115.19000244140625,3426.0
2025-11-13T18:58:00Z,115.20500183105469,115.22000122070312,115.19000244140625,115.20999908447266,115.20999908447266,1550.0
2025-11-13T18:59:00Z,115.19999694824219,115.23999786376953,115.19999694824219,115.23999786376953,115.23999786376953,3276.0
2025-11-13T19:00:00Z,115.26000213623047,115.29000091552734,115.20500183105469,115.20500183105469,115.20500183105469,4506.0
2025-11-13T19:01:00Z,115.23999786376953,115.30000305175781,115.23500061035156,115.30000305175781,115.30000305175781,2868.0
2025-11-13T19:02:00Z,115.30999755859375,115.3499984741211,115.29000091552734,115.30500030517578,115.30500030517578,3593.0
2025-11-13T19:03:00Z,115.30999755859375,115.30999755859375,115.27999877929688,115.30000305175781,115.30000305175781,1795.0
2025-11-13T19:04:00Z,115.30000305175781,115.30999755859375,115.2699966430664,115.2699966430664,115.2699966430664,4552.0
2025-11-13T19:05:00Z,115.26000213623047,115.30999755859375,115.26000213623047,115.30500030517578,115.30500030517578,2374.0
2025-11-13T19:06:00Z,115.30500030517578,115.30999755859375,115.26000213623047,115.26000213623047,115.26000213623047,4323.0
2025-11-13T19:07:00Z,115.26000213623047,115.26000213623047,115.19999694824219,115.23999786376953,115.23999786376953,2882.0
2025-11-13T19:08:00Z,115.25,115.26000213623047,115.19000244140625,115.19000244140625,115.19000244140625,4665.0
2025-11-13T19:09:00Z,115.19000244140625,115.19999694824219,115.1500015258789,115.19999694824219,115.19999694824219,3799.0
2025-11-13T19:10:00Z,115.18499755859375,115.18499755859375,115.13999938964844,115.16000366210938,115.16000366210938,2688.0
2025-11-13T19:11:00Z,115.13999938964844,115.16999816894531,115.12999725341797,115.16999816894531,115.16999816894531,2336.0
2025-11-13T19:12:00Z,115.16999816894531,115.18000030517578,115.15499877929688,115.16999816894531,115.16999816894531,1483.0
2025-11-13T19:13:00Z,115.19000244140625,115.26000213623047,115.19000244140625,115.23999786376953,115.23999786376953,4035.0
2025-11-13T19:14:00Z,115.23999786376953,115.23999786376953,115.19000244140625,115.2249984741211,115.2249984741211,1136.0
2025-11-13T19:15:00Z,115.19999694824219,115.23999786376953,115.19999694824219,115.23500061035156,115.23500061035156,2950.0
2025-11-13T19:16:00Z,115.2300033569336,115.2750015258789,115.2300033569336,115.2750015258789,115.2750015258789,3408.0
2025-11-13T19:17:00Z,115.29000091552734,115.30500030517578,115.27999877929688,115.27999877929688,115.27999877929688,3898.0
2025-11-13T19:18:00Z,115.30000305175781,115.30000305175781,115.25,115.25,115.25,1821.0
2025-11-13T19:19:00Z,115.24500274658203,115.25,115.16999816894531,115.16999816894531,115.16999816894531,3591.0
2025-11-13T19:20:00Z,115.16999816894531,115.18000030517578,115.16000366210938,115.18000030517578,115.18000030517578,1032.0
2025-11-13T19:21:00Z,115.18000030517578,115.19000244140625,115.18000030517578,115.18499755859375,115.18499755859375,3231.0
2025-11-13T19:22:00Z,115.19999694824219,115.26000213623047,115.19999694824219,115.25,115.25,3485.0
2025-11-13T19:23:00Z,115.25,115.25,115.19999694824219,115.22000122070312,115.22000122070312,4186.0
2025-11-13T19:24:00Z,115.19999694824219,115.22000122070312,115.19499969482422,115.22000122070312,115.22000122070312,1377.0
2025-11-13T19:25:00Z,115.19999694824219,115.20999908447266,115.18000030517578,115.19999694824219,115.19999694824219,4845.0
2025-11-13T19:26:00Z,115.20999908447266,115.2300033569336,115.19999694824219,115.2300033569336,115.2300033569336,2315.0
2025-11-13T19:27:00Z,115.2300033569336,115.2300033569336,115.20999908447266,115.21499633789062,115.21499633789062,3849.0
2025-11-13T19:28:00Z,115.2300033569336,115.26000213623047,115.21499633789062,115.23999786376953,115.23999786376953,2540.0
2025-11-13T19:29:00Z,115.25,115.2699966430664,115.23999786376953,115.26000213623047,115.26000213623047,3652.0
2025-11-13T19:30:00Z,115.26000213623047,115.26000213623047,115.2300033569336,115.23999786376953,115.23999786376953,2404.0
2025-11-13T19:31:00Z,115.2300033569336,115.30000305175781,115.20999908447266,115.28500366210938,115.28500366210938,5681.0
2025-11-13T19:32:00Z,115.2699966430664,115.29000091552734,115.25,115.29000091552734,115.29000091552734,3583.0
2025-11-13T19:33:00Z,115.30999755859375,115.4000015258789,115.30999755859375,115.38500213623047,115.38500213623047,4118.0
2025-11-13T19:34:00Z,115.4000015258789,115.41000366210938,115.37999725341797,115.41000366210938,115.41000366210938,3043.0
2025-11-13T19:35:00Z,115.41000366210938,115.41999816894531,115.37999725341797,115.41000366210938,115.41000366210938,4555.0
2025-11-13T19:36:00Z,115.41000366210938,115.44999694824219,115.37999725341797,115.37999725341797,115.37999725341797,4456.0
2025-11-13T19:37:00Z,115.4000015258789,115.4000015258789,115.38999938964844,115.4000015258789,115.4000015258789,1249.0
2025-11-13T19:38:00Z,115.38500213623047,115.38500213623047,115.27999877929688,115.27999877929688,115.27999877929688,5203.0
2025-11-13T19:39:00Z,115.27999877929688,115.29000091552734,115.26499938964844,115.29000091552734,115.29000091552734,1588.0
2025-11-13T19:40:00Z,115.29499816894531,115.29499816894531,115.23999786376953,115.23999786376953,115.23999786376953,4270.0
2025-11-13T19:41:00Z,115.2300033569336,115.33999633789062,115.2300033569336,115.31999969482422,115.31999969482422,5185.0
2025-11-13T19:42:00Z,115.31500244140625,115.31500244140625,115.31500244140625,115.31500244140625,115.31500244140625,1370.0
2025-11-13T19:43:00Z,115.31500244140625,115.3499984741211,115.30999755859375,115.34500122070312,115.34500122070312,2412.0
2025-11-13T19:44:00Z,115.36000061035156,115.36000061035156,115.30000305175781,115.30500030517578,115.30500030517578,3211.0
2025-11-13T19:45:00Z,115.31999969482422,115.31999969482422,115.2699966430664,115.30000305175781,115.30000305175781,5256.0
2025-11-13T19:46:00Z,115.31999969482422,115.38999938964844,115.30000305175781,115.38999938964844,115.38999938964844,4785.0
2025-11-13T19:47:00Z,115.4000015258789,115.41000366210938,115.38999938964844,115.41000366210938,115.41000366210938,1135.0
2025-11-13T19:48:00Z,115.4000015258789,115.4000015258789,115.34500122070312,115.34500122070312,115.34500122070312,3157.0
2025-11-13T19:49:00Z,115.34500122070312,115.34500122070312,115.30999755859375,115.34500122070312,115.34500122070312,2809.0
2025-11-13T19:50:00Z,115.34500122070312,115.37999725341797,115.34500122070312,115.3550033569336,115.3550033569336,5422.0
2025-11-13T19:51:00Z,115.36000061035156,115.36000061035156,115.30500030517578,115.33999633789062,115.33999633789062,4600.0
2025-11-13T19:52:00Z,115.37000274658203,115.37999725341797,115.3375015258789,115.37999725341797,115.37999725341797,3513.0
2025-11-13T19:53:00Z,115.3550033569336,115.37999725341797,115.34500122070312,115.34500122070312,115.34500122070312,2393.0
2025-11-13T19:54:00Z,115.37999725341797,115.37999725341797,115.31999969482422,115.31999969482422,115.31999969482422,7371.0
2025-11-13T19:55:00Z,115.29000091552734,115.31999969482422,115.23999786376953,115.30999755859375,115.30999755859375,5871.0
2025-11-13T19:56:00Z,115.30650329589844,115.37000274658203,115.30650329589844,115.33000183105469,115.33000183105469,5519.0
2025-11-13T19:57:00Z,115.36000061035156,115.36000061035156,115.30999755859375,115.30999755859375,115.30999755859375,3041.0
2025-11-13T19:58:00Z,115.30999755859375,115.30999755859375,115.30999755859375,115.30999755859375,115.30999755859375,574.0
2025-11-13T19:59:00Z,115.30000305175781,115.30999755859375,115.25499725341797,115.25499725341797,115.25499725341797,4866.0
2025-11-13T20:00:00Z,115.25499725341797,115.25499725341797,115.19999694824219,115.19999694824219,115.19999694824219,6227.0
2025-11-13T20:01:00Z,115.22000122070312,115.25,115.22000122070312,115.23500061035156,115.23500061035156,2998.0
2025-11-13T20:02:00Z,115.20999908447266,115.21170043945312,115.17749786376953,115.19999694824219,115.19999694824219,5864.0
2025-11-13T20:03:00Z,115.19000244140625,115.19999694824219,115.1500015258789,115.16999816894531,115.16999816894531,3493.0
2025-11-13T20:04:00Z,115.18000030517578,115.22000122070312,115.18000030517578,115.22000122070312,115.22000122070312,4575.0
2025-11-13T20:05:00Z,115.22000122070312,115.23999786376953,115.16000366210938,115.18000030517578,115.18000030517578,6489.0
2025-11-13T20:06:00Z,115.16999816894531,115.23500061035156,115.16999816894531,115.20999908447266,115.20999908447266,5378.0
2025-11-13T20:07:00Z,115.22000122070312,115.26000213623047,115.21499633789062,115.2300033569336,115.2300033569336,5077.0
2025-11-13T20:08:00Z,115.25,115.27999877929688,115.23999786376953,115.26000213623047,115.26000213623047,3640.0
2025-11-13T20:09:00Z,115.27999877929688,115.33000183105469,115.27999877929688,115.30999755859375,115.30999755859375,4388.0
2025-11-13T20:10:00Z,115.30000305175781,115.30500030517578,115.2300033569336,115.2300033569336,115.2300033569336,7762.0
2025-11-13T20:11:00Z,115.25,115.26000213623047,115.18000030517578,115.18000030517578,115.18000030517578,6478.0
2025-11-13T20:12:00Z,115.18000030517578,115.19999694824219,115.16999816894531,115.18000030517578,115.18000030517578,5060.0
2025-11-13T20:13:00Z,115.19000244140625,115.19000244140625,115.13999938964844,115.1675033569336,115.1675033569336,4181.0
2025-11-13T20:14:00Z,115.16000366210938,115.22000122070312,115.15499877929688,115.19999694824219,115.19999694824219,7475.0
2025-11-13T20:15:00Z,115.20999908447266,115.2699966430664,115.20999908447266,115.2699966430664,115.2699966430664,4540.0
2025-11-13T20:16:00Z,115.27999877929688,115.30500030517578,115.19999694824219,115.22000122070312,115.22000122070312,10097.0
2025-11-13T20:17:00Z,115.22000122070312,115.26000213623047,115.22000122070312,115.26000213623047,115.26000213623047,3523.0
2025-11-13T20:18:00Z,115.25,115.27999877929688,115.23999786376953,115.27999877929688,115.27999877929688,7052.0
2025-11-13T20:19:00Z,115.28500366210938,115.29000091552734,115.23500061035156,115.23500061035156,115.23500061035156,7080.0
2025-11-13T20:20:00Z,115.23999786376953,115.27429962158203,115.23500061035156,115.23500061035156,115.23500061035156,7337.0
2025-11-13T20:21:00Z,115.22000122070312,115.22000122070312,115.16000366210938,115.19999694824219,115.19999694824219,5177.0
2025-11-13T20:22:00Z,115.20999908447266,115.20999908447266,115.19999694824219,115.19999694824219,115.19999694824219,2761.0
2025-11-13T20:23:00Z,115.20999908447266,115.20999908447266,115.14749908447266,115.18000030517578,115.18000030517578,7396.0
2025-11-13T20:24:00Z,115.16000366210938,115.16000366210938,115.12000274658203,115.1449966430664,115.1449966430664,3463.0
2025-11-13T20:25:00Z,115.1449966430664,115.1500015258789,115.11000061035156,115.1500015258789,115.1500015258789,3951.0
2025-11-13T20:26:00Z,115.16000366210938,115.18000030517578,115.1500015258789,115.18000030517578,115.18000030517578,6522.0
2025-11-13T20:27:00Z,115.18000030517578,115.20999908447266,115.18000030517578,115.18000030517578,115.18000030517578,7736.0
2025-11-13T20:28:00Z,115.16999816894531,115.22000122070312,115.16999816894531,115.22000122070312,115.22000122070312,5915.0
2025-11-13T20:29:00Z,115.2249984741211,115.23999786376953,115.19000244140625,115.23999786376953,115.23999786376953,6147.0
2025-11-13T20:30:00Z,115.2300033569336,115.25,115.18000030517578,115.18000030517578,115.18000030517578,7537.0
2025-11-13T20:31:00Z,115.18499755859375,115.18499755859375,115.09750366210938,115.18000030517578,115.18000030517578,5485.0
2025-11-13T20:32:00Z,115.19000244140625,115.2750015258789,115.19000244140625,115.2699966430664,115.2699966430664,5754.0
2025-11-13T20:33:00Z,115.25,115.25,115.20999908447266,115.22000122070312,115.22000122070312,5762.0
2025-11-13T20:34:00Z,115.23999786376953,115.27999877929688,115.23500061035156,115.25,115.25,7171.0
2025-11-13T20:35:00Z,115.24500274658203,115.27999877929688,115.24500274658203,115.27999877929688,115.27999877929688,4526.0
2025-11-13T20:36:00Z,115.27999877929688,115.30000305175781,115.2699966430664,115.2699966430664,115.2699966430664,7921.0
2025-11-13T20:37:00Z,115.26000213623047,115.26000213623047,115.22000122070312,115.25,115.25,7066.0
2025-11-13T20:38:00Z,115.25,115.27999877929688,115.25,115.27999877929688,115.27999877929688,4945.0
2025-11-13T20:39:00Z,115.2699966430664,115.2699966430664,115.22000122070312,115.2300033569336,115.2300033569336,10282.0
2025-11-13T20:40:00Z,115.23999786376953,115.2699966430664,115.2300033569336,115.2699966430664,115.2699966430664,5309.0
2025-11-13T20:41:00Z,115.26000213623047,115.26000213623047,115.2300033569336,115.23500061035156,115.23500061035156,7086.0
2025-11-13T20:42:00Z,115.23999786376953,115.23999786376953,115.16999816894531,115.16999816894531,115.16999816894531,5884.0
2025-11-13T20:43:00Z,115.1500015258789,115.19999694824219,115.12000274658203,115.12000274658203,115.12000274658203,10616.0
2025-11-13T20:44:00Z,115.11000061035156,115.11000061035156,115.0,115.0199966430664,115.0199966430664,15784.0
2025-11-13T20:45:00Z,115.0250015258789,115.05999755859375,114.9800033569336,115.02999877929688,115.02999877929688,11085.0
2025-11-13T20:46:00Z,115.02999877929688,115.02999877929688,114.94000244140625,114.95999908447266,114.95999908447266,10109.0
2025-11-13T20:47:00Z,114.97000122070312,115.01000213623047,114.94000244140625,115.01000213623047,115.01000213623047,6785.0
2025-11-13T20:48:00Z,115.0199966430664,115.0199966430664,114.94000244140625,114.9800033569336,114.9800033569336,9822.0
2025-11-13T20:49:00Z,114.9800033569336,114.98999786376953,114.93000030517578,114.94000244140625,114.94000244140625,14940.0
2025-11-13T20:50:00Z,114.94999694824219,114.95999908447266,114.81999969482422,114.9000015258789,114.9000015258789,31511.0
2025-11-13T20:51:00Z,114.88999938964844,114.9000015258789,114.83000183105469,114.88999938964844,114.88999938964844,14458.0
2025-11-13T20:52:00Z,114.88999938964844,114.9000015258789,114.83000183105469,114.83999633789062,114.83999633789062,13907.0
2025-11-13T20:53:00Z,114.83999633789062,114.87999725341797,114.81999969482422,114.87000274658203,114.87000274658203,10547.0
2025-11-13T20:54:00Z,114.86000061035156,115.05000305175781,114.86000061035156,114.96499633789062,114.96499633789062,28233.0
2025-11-13T20:55:00Z,114.93000030517578,114.94000244140625,114.7750015258789,114.94000244140625,114.94000244140625,36409.0
2025-11-13T20:56:00Z,114.94000244140625,114.95999908447266,114.9000015258789,114.91999816894531,114.91999816894531,28353.0
2025-11-13T20:57:00Z,114.93000030517578,114.97000122070312,114.91500091552734,114.94000244140625,114.94000244140625,38543.0
2025-11-13T20:58:00Z,114.94499969482422,114.9800033569336,114.91999816894531,114.95999908447266,114.95999908447266,42384.0
2025-11-13T20:59:00Z,114.95999908447266,115.00499725341797,114.91000366210938,115.0,115.0,97666.0
2025-11-14T14:31:00Z,115.6050033569336,115.6050033569336,115.47000122070312,115.58000183105469,115.58000183105469,1636.0
2025-11-14T14:32:00Z,115.79000091552734,115.83499908447266,115.38999938964844,115.4000015258789,115.4000015258789,7928.0
2025-11-14T14:33:00Z,115.44999694824219,115.44999694824219,115.31999969482422,115.375,115.375,4069.0
2025-11-14T14:35:00Z,114.98500061035156,115.06999969482422,114.86000061035156,115.01499938964844,115.01499938964844,10002.0
2025-11-14T14:36:00Z,114.87000274658203,114.87000274658203,114.83000183105469,114.83000183105469,114.83000183105469,630.0
2025-11-14T14:37:00Z,114.81999969482422,114.81999969482422,114.73999786376953,114.80999755859375,114.80999755859375,1748.0
2025-11-14T14:38:00Z,114.81999969482422,114.95999908447266,114.7699966430664,114.7699966430664,114.7699966430664,3257.0
2025-11-14T14:39:00Z,114.79000091552734,115.01000213623047,114.72000122070312,114.7300033569336,114.7300033569336,3522.0
2025-11-14T14:40:00Z,114.7697982788086,114.7697982788086,114.52999877929688,114.56500244140625,114.56500244140625,3042.0
2025-11-14T14:41:00Z,114.5999984741211,114.68000030517578,114.5999984741211,114.6500015258789,114.6500015258789,2750.0
2025-11-14T14:42:00Z,114.5199966430664,114.74500274658203,114.5199966430664,114.74500274658203,114.74500274658203,2023.0
2025-11-14T14:43:00Z,114.69999694824219,114.83000183105469,114.55000305175781,114.6050033569336,114.6050033569336,6031.0
2025-11-14T14:44:00Z,114.52999877929688,114.80000305175781,114.5199966430664,114.80000305175781,114.80000305175781,3562.0
2025-11-14T14:45:00Z,114.75,114.75800323486328,114.66999816894531,114.66999816894531,114.66999816894531,1735.0
2025-11-14T14:46:00Z,114.70500183105469,114.87999725341797,114.69999694824219,114.73999786376953,114.73999786376953,10043.0
2025-11-14T14:47:00Z,114.7300033569336,114.77999877929688,114.68499755859375,114.77999877929688,114.77999877929688,4583.0
2025-11-14T14:48:00Z,114.72000122070312,114.73999786376953,114.51000213623047,114.54000091552734,114.54000091552734,4452.0
2025-11-14T14:49:00Z,114.4800033569336,114.58000183105469,114.47000122070312,114.58000183105469,114.58000183105469,3724.0
2025-11-14T14:50:00Z,114.63999938964844,114.66000366210938,114.58000183105469,114.66000366210938,114.66000366210938,3775.0
2025-11-14T14:51:00Z,114.5999984741211,114.5999984741211,114.43000030517578,114.46499633789062,114.46499633789062,4490.0
2025-11-14T14:52:00Z,114.4749984741211,114.4749984741211,114.36000061035156,114.44999694824219,114.44999694824219,7335.0
2025-11-14T14:53:00Z,114.45999908447266,114.5,114.29499816894531,114.3187026977539,114.3187026977539,4985.0
2025-11-14T14:54:00Z,114.36000061035156,114.36000061035156,114.22000122070312,114.25499725341797,114.25499725341797,3160.0
2025-11-14T14:55:00Z,114.25499725341797,114.29000091552734,114.16500091552734,114.23999786376953,114.23999786376953,6436.0
2025-11-14T14:56:00Z,114.30999755859375,114.36000061035156,114.25,114.36000061035156,114.36000061035156,2899.0
2025-11-14T14:57:00Z,114.38999938964844,114.41999816894531,114.34500122070312,114.38999938964844,114.38999938964844,2247.0
2025-11-14T14:58:00Z,114.3949966430664,114.45999908447266,114.38999938964844,114.38999938964844,114.38999938964844,1904.0
2025-11-14T14:59:00Z,114.36000061035156,114.37999725341797,114.26499938964844,114.26499938964844,114.26499938964844,3594.0
2025-11-14T15:00:00Z,114.30000305175781,114.33999633789062,114.2125015258789,114.33999633789062,114.33999633789062,6784.0
2025-11-14T15:01:00Z,114.23999786376953,114.23999786376953,114.05000305175781,114.12999725341797,114.12999725341797,3813.0
2025-11-14T15:02:00Z,114.04010009765625,114.1050033569336,113.94999694824219,114.02999877929688,114.02999877929688,5663.0
2025-11-14T15:03:00Z,114.0,114.0,113.82499694824219,113.91999816894531,113.91999816894531,7804.0
2025-11-14T15:04:00Z,113.8949966430664,114.05000305175781,113.8949966430664,114.0,114.0,16220.0
2025-11-14T15:05:00Z,114.08000183105469,114.08999633789062,113.87000274658203,113.9800033569336,113.9800033569336,14013.0
2025-11-14T15:06:00Z,113.98999786376953,114.0,113.98999786376953,114.0,114.0,1123.0
2025-11-14T15:07:00Z,113.94000244140625,113.95999908447266,113.94000244140625,113.94000244140625,113.94000244140625,2165.0
2025-11-14T15:08:00Z,113.87999725341797,114.0199966430664,113.87999725341797,113.97000122070312,113.97000122070312,3379.0
2025-11-14T15:09:00Z,113.95500183105469,113.9800033569336,113.87000274658203,113.97000122070312,113.97000122070312,8509.0
2025-11-14T15:10:00Z,113.9000015258789,113.9000015258789,113.87000274658203,113.9000015258789,113.9000015258789,1000.0
2025-11-14T15:11:00Z,113.94000244140625,114.08000183105469,113.91500091552734,114.08000183105469,114.08000183105469,3058.0
2025-11-14T15:12:00Z,114.08499908447266,114.24500274658203,114.08499908447266,114.20999908447266,114.20999908447266,4868.0
2025-11-14T15:13:00Z,114.26000213623047,114.26000213623047,114.1500015258789,114.19999694824219,114.19999694824219,4413.0
2025-11-14T15:14:00Z,114.18000030517578,114.19999694824219,114.16000366210938,114.19999694824219,114.19999694824219,1001.0
2025-11-14T15:15:00Z,114.13050079345703,114.20999908447266,114.12999725341797,114.16999816894531,114.16999816894531,3199.0
2025-11-14T15:16:00Z,114.16000366210938,114.16000366210938,114.0999984741211,114.0999984741211,114.0999984741211,3018.0
2025-11-14T15:17:00Z,114.12000274658203,114.12000274658203,114.0250015258789,114.0250015258789,114.0250015258789,4117.0
2025-11-14T15:18:00Z,114.05999755859375,114.05999755859375,114.01000213623047,114.01000213623047,114.01000213623047,3433.0
2025-11-14T15:19:00Z,114.04000091552734,114.19000244140625,114.04000091552734,114.19000244140625,114.19000244140625,2650.0
2025-11-14T15:20:00Z,114.20999908447266,114.2699966430664,114.19000244140625,114.19000244140625,114.19000244140625,2790.0
2025-11-14T15:21:00Z,114.19999694824219,114.2699966430664,114.19999694824219,114.2699966430664,114.2699966430664,3104.0
2025-11-14T15:22:00Z,114.30000305175781,114.30000305175781,114.25,114.26000213623047,114.26000213623047,1416.0
2025-11-14T15:23:00Z,114.23999786376953,114.29000091552734,114.2300033569336,114.27999877929688,114.27999877929688,2420.0
2025-11-14T15:24:00Z,114.27999877929688,114.27999877929688,114.05000305175781,114.05000305175781,114.05000305175781,4544.0
2025-11-14T15:25:00Z,114.13999938964844,114.16000366210938,114.07499694824219,114.12999725341797,114.12999725341797,2712.0
2025-11-14T15:26:00Z,114.13999938964844,114.13999938964844,113.9749984741211,114.01000213623047,114.01000213623047,4538.0
2025-11-14T15:27:00Z,114.01000213623047,114.01000213623047,114.0,114.0,114.0,737.0
2025-11-14T15:28:00Z,114.0199966430664,114.0199966430664,113.93000030517578,113.97000122070312,113.97000122070312,1940.0
2025-11-14T15:29:00Z,113.94999694824219,114.0199966430664,113.91999816894531,113.98999786376953,113.98999786376953,4385.0
2025-11-14T15:30:00Z,113.95999908447266,114.01000213623047,113.94499969482422,114.01000213623047,114.01000213623047,2989.0
2025-11-14T15:31:00Z,113.97000122070312,113.9800033569336,113.97000122070312,113.9800033569336,113.9800033569336,1051.0
2025-11-14T15:32:00Z,113.9000015258789,113.92500305175781,113.83000183105469,113.8499984741211,113.8499984741211,9527.0
2025-11-14T15:33:00Z,113.875,113.875,113.75,113.75,113.75,5404.0
2025-11-14T15:34:00Z,113.76499938964844,113.77999877929688,113.76499938964844,113.77999877929688,113.77999877929688,2455.0
2025-11-14T15:35:00Z,113.73999786376953,113.77999877929688,113.7300033569336,113.7699966430664,113.7699966430664,4355.0
2025-11-14T15:36:00Z,113.75,113.83000183105469,113.75,113.83000183105469,113.83000183105469,3533.0
2025-11-14T15:37:00Z,113.87000274658203,113.87000274658203,113.62999725341797,113.6500015258789,113.6500015258789,5458.0
2025-11-14T15:38:00Z,113.62999725341797,113.62999725341797,113.55000305175781,113.5999984741211,113.5999984741211,5031.0
2025-11-14T15:39:00Z,113.56999969482422,113.5999984741211,113.51000213623047,113.58999633789062,113.58999633789062,3710.0
2025-11-14T15:40:00Z,113.5999984741211,113.5999984741211,113.56999969482422,113.56999969482422,113.56999969482422,2569.0
2025-11-14T15:41:00Z,113.55500030517578,113.55500030517578,113.47000122070312,113.48999786376953,113.48999786376953,7275.0
2025-11-14T15:42:00Z,113.5,113.5199966430664,113.45999908447266,113.5,113.5,4170.0
2025-11-14T15:43:00Z,113.5,113.5,113.33000183105469,113.37999725341797,113.37999725341797,5639.0
2025-11-14T15:44:00Z,113.36499786376953,113.41000366210938,113.31999969482422,113.41000366210938,113.41000366210938,4935.0
2025-11-14T15:45:00Z,113.37000274658203,113.43000030517578,113.37000274658203,113.42500305175781,113.42500305175781,2405.0
2025-11-14T15:46:00Z,113.4000015258789,113.4000015258789,113.36000061035156,113.37999725341797,113.37999725341797,3054.0
2025-11-14T15:47:00Z,113.38999938964844,113.41500091552734,113.36000061035156,113.36000061035156,113.36000061035156,4835.0
2025-11-14T15:48:00Z,113.41000366210938,113.44999694824219,113.37000274658203,113.37000274658203,113.37000274658203,7031.0
2025-11-14T15:49:00Z,113.36000061035156,113.4800033569336,113.30999755859375,113.4800033569336,113.4800033569336,4487.0
2025-11-14T15:50:00Z,113.4800033569336,113.4800033569336,113.44999694824219,113.44999694824219,113.44999694824219,3320.0
2025-11-14T15:51:00Z,113.48999786376953,113.51000213623047,113.44999694824219,113.51000213623047,113.51000213623047,3129.0
2025-11-14T15:52:00Z,113.54499816894531,113.66999816894531,113.51000213623047,113.66999816894531,113.66999816894531,3323.0
2025-11-14T15:53:00Z,113.6500015258789,113.7750015258789,113.6500015258789,113.7750015258789,113.7750015258789,5273.0
2025-11-14T15:54:00Z,113.7750015258789,113.7750015258789,113.73999786376953,113.7699966430664,113.7699966430664,903.0
2025-11-14T15:55:00Z,113.7699966430664,113.8949966430664,113.7699966430664,113.88999938964844,113.88999938964844,4229.0
2025-11-14T15:56:00Z,113.87000274658203,114.01000213623047,113.86000061035156,113.97000122070312,113.97000122070312,5245.0
2025-11-14T15:57:00Z,114.01000213623047,114.01000213623047,114.01000213623047,114.01000213623047,114.01000213623047,542.0
2025-11-14T15:58:00Z,114.00499725341797,114.00499725341797,113.87000274658203,113.87000274658203,113.87000274658203,4411.0
2025-11-14T15:59:00Z,113.91000366210938,113.93499755859375,113.9000015258789,113.91999816894531,113.91999816894531,2068.0
2025-11-14T16:00:00Z,113.91999816894531,113.91999816894531,113.75,113.76000213623047,113.76000213623047,3318.0
2025-11-14T16:01:00Z,113.80000305175781,113.83000183105469,113.77999877929688,113.83000183105469,113.83000183105469,4890.0
2025-11-14T16:02:00Z,113.80999755859375,113.81500244140625,113.7699966430664,113.7699966430664,113.7699966430664,2321.0
2025-11-14T16:03:00Z,113.82990264892578,113.82990264892578,113.66999816894531,113.66999816894531,113.66999816894531,3807.0
2025-11-14T16:04:00Z,113.67500305175781,113.67500305175781,113.67500305175781,113.67500305175781,113.67500305175781,1538.0
2025-11-14T16:05:00Z,113.66999816894531,113.7750015258789,113.6500015258789,113.7699966430664,113.7699966430664,5372.0
2025-11-14T16:06:00Z,113.81999969482422,113.8499984741211,113.76499938964844,113.76499938964844,113.76499938964844,3625.0
2025-11-14T16:07:00Z,113.80000305175781,113.80000305175781,113.71499633789062,113.71499633789062,113.71499633789062,1668.0
2025-11-14T16:08:00Z,113.71499633789062,113.71499633789062,113.68000030517578,113.69000244140625,113.69000244140625,2503.0
2025-11-14T16:09:00Z,113.69000244140625,113.7699966430664,113.69000244140625,113.7300033569336,113.7300033569336,4164.0
2025-11-14T16:10:00Z,113.7300033569336,113.73999786376953,113.69999694824219,113.7300033569336,113.7300033569336,2441.0
2025-11-14T16:11:00Z,113.76000213623047,113.77999877929688,113.73999786376953,113.7699966430664,113.7699966430664,1932.0
2025-11-14T16:12:00Z,113.77999877929688,113.81999969482422,113.7699966430664,113.81999969482422,113.81999969482422,3811.0
2025-11-14T16:13:00Z,113.81500244140625,113.81500244140625,113.79000091552734,113.79499816894531,113.79499816894531,3763.0
2025-11-14T16:14:00Z,113.80999755859375,113.83999633789062,113.79499816894531,113.83999633789062,113.83999633789062,2901.0
2025-11-14T16:15:00Z,113.8499984741211,113.87000274658203,113.8499984741211,113.87000274658203,113.87000274658203,1203.0
2025-11-14T16:16:00Z,113.86000061035156,113.86000061035156,113.79000091552734,113.79000091552734,113.79000091552734,5656.0
2025-11-14T16:17:00Z,113.7699966430664,113.7699966430664,113.73500061035156,113.73500061035156,113.73500061035156,1922.0
2025-11-14T16:19:00Z,113.70999908447266,113.70999908447266,113.58000183105469,113.62999725341797,113.62999725341797,8310.0
2025-11-14T16:20:00Z,113.625,113.625,113.58000183105469,113.5999984741211,113.5999984741211,3126.0
2025-11-14T16:21:00Z,113.62999725341797,113.62999725341797,113.58999633789062,113.58999633789062,113.58999633789062,1315.0
2025-11-14T16:22:00Z,113.62000274658203,113.62999725341797,113.5999984741211,113.62999725341797,113.62999725341797,2775.0
2025-11-14T16:23:00Z,113.62999725341797,113.6500015258789,113.5999984741211,113.62000274658203,113.62000274658203,8244.0
2025-11-14T16:24:00Z,113.62999725341797,113.75,113.62999725341797,113.75,113.75,4848.0
2025-11-14T16:25:00Z,113.69999694824219,113.91999816894531,113.69999694824219,113.90499877929688,113.90499877929688,14447.0
2025-11-14T16:26:00Z,113.91000366210938,113.91000366210938,113.87000274658203,113.8949966430664,113.8949966430664,2975.0
2025-11-14T16:27:00Z,113.92500305175781,113.95999908447266,113.92500305175781,113.95999908447266,113.95999908447266,909.0
2025-11-14T16:28:00Z,113.94999694824219,113.94999694824219,113.94999694824219,113.94999694824219,113.94999694824219,1042.0
2025-11-14T16:29:00Z,113.95999908447266,114.04000091552734,113.94999694824219,114.04000091552734,114.04000091552734,5684.0
2025-11-14T16:30:00Z,114.04000091552734,114.08999633789062,114.04000091552734,114.08999633789062,114.08999633789062,854.0
2025-11-14T16:31:00Z,114.12000274658203,114.1500015258789,114.05000305175781,114.05999755859375,114.05999755859375,3328.0
2025-11-14T16:32:00Z,114.04000091552734,114.081298828125,114.04000091552734,114.081298828125,114.081298828125,2362.0
2025-11-14T16:33:00Z,114.04000091552734,114.04000091552734,113.9800033569336,114.0199966430664,114.0199966430664,2028.0
2025-11-14T16:34:00Z,114.04000091552734,114.11000061035156,114.01000213623047,114.01000213623047,114.01000213623047,4362.0
2025-11-14T16:35:00Z,114.02999877929688,114.08999633789062,114.02999877929688,114.08999633789062,114.08999633789062,1763.0
2025-11-14T16:36:00Z,114.12000274658203,114.12000274658203,114.0999984741211,114.0999984741211,114.0999984741211,1329.0
2025-11-14T16:37:00Z,114.08000183105469,114.1500015258789,114.08000183105469,114.12999725341797,114.12999725341797,1879.0
2025-11-14T16:38:00Z,114.16999816894531,114.19000244140625,114.11000061035156,114.12000274658203,114.12000274658203,3975.0
2025-11-14T16:39:00Z,114.12000274658203,114.12999725341797,114.11000061035156,114.11000061035156,114.11000061035156,2712.0
2025-11-14T16:40:00Z,114.1500015258789,114.18000030517578,114.1500015258789,114.18000030517578,114.18000030517578,695.0
2025-11-14T16:41:00Z,114.15499877929688,114.2300033569336,114.15499877929688,114.19999694824219,114.19999694824219,3031.0
2025-11-14T16:42:00Z,114.18000030517578,114.19000244140625,114.12999725341797,114.19000244140625,114.19000244140625,3016.0
2025-11-14T16:43:00Z,114.1500015258789,114.18000030517578,114.13999938964844,114.16000366210938,114.16000366210938,1309.0
2025-11-14T16:44:00Z,114.16000366210938,114.16000366210938,114.12999725341797,114.1449966430664,114.1449966430664,2137.0
2025-11-14T16:45:00Z,114.16000366210938,114.19999694824219,114.16000366210938,114.19999694824219,114.19999694824219,2776.0
2025-11-14T16:46:00Z,114.20999908447266,114.20999908447266,114.16000366210938,114.18000030517578,114.18000030517578,2061.0
2025-11-14T16:47:00Z,114.16999816894531,114.16999816894531,114.11000061035156,114.11000061035156,114.11000061035156,4869.0
2025-11-14T16:48:00Z,114.1500015258789,114.16999816894531,114.12000274658203,114.16999816894531,114.16999816894531,2631.0
2025-11-14T16:49:00Z,114.16000366210938,114.23999786376953,114.16000366210938,114.23999786376953,114.23999786376953,2551.0
2025-11-14T16:50:00Z,114.2300033569336,114.25,114.19999694824219,114.22000122070312,114.22000122070312,3723.0
2025-11-14T16:51:00Z,114.23999786376953,114.23999786376953,114.19999694824219,114.21499633789062,114.21499633789062,1905.0
2025-11-14T16:52:00Z,114.23999786376953,114.25,114.19000244140625,114.24479675292969,114.24479675292969,3137.0
2025-11-14T16:53:00Z,114.26499938964844,114.26499938964844,114.22000122070312,114.25,114.25,3277.0
2025-11-14T16:54:00Z,114.25,114.25,114.25,114.25,114.25,1225.0
2025-11-14T16:55:00Z,114.25,114.25,114.19000244140625,114.19000244140625,114.19000244140625,3137.0
2025-11-14T16:56:00Z,114.21499633789062,114.2300033569336,114.21499633789062,114.2300033569336,114.2300033569336,746.0
2025-11-14T16:57:00Z,114.20999908447266,114.26000213623047,114.19999694824219,114.25,114.25,3273.0
2025-11-14T16:58:00Z,114.2300033569336,114.26000213623047,114.2300033569336,114.23999786376953,114.23999786376953,1561.0
2025-11-14T16:59:00Z,114.26799774169922,114.31999969482422,114.26799774169922,114.30999755859375,114.30999755859375,2214.0
2025-11-14T17:00:00Z,114.31999969482422,114.33000183105469,114.27880096435547,114.27999877929688,114.27999877929688,5965.0
2025-11-14T17:01:00Z,114.30000305175781,114.31999969482422,114.30000305175781,114.30000305175781,114.30000305175781,1625.0
2025-11-14T17:02:00Z,114.27999877929688,114.30999755859375,114.27999877929688,114.30999755859375,114.30999755859375,1296.0
2025-11-14T17:03:00Z,114.27999877929688,114.30000305175781,114.27999877929688,114.28500366210938,114.28500366210938,1560.0
2025-11-14T17:04:00Z,114.28500366210938,114.33000183105469,114.27999877929688,114.30999755859375,114.30999755859375,2366.0
2025-11-14T17:05:00Z,114.31999969482422,114.33999633789062,114.30999755859375,114.33999633789062,114.33999633789062,3230.0
2025-11-14T17:06:00Z,114.31999969482422,114.31999969482422,114.31999969482422,114.31999969482422,114.31999969482422,2065.0
2025-11-14T17:07:00Z,114.35600280761719,114.35600280761719,114.26000213623047,114.27999877929688,114.27999877929688,21110.0
2025-11-14T17:08:00Z,114.27999877929688,114.27999877929688,114.25,114.26000213623047,114.26000213623047,2152.0
2025-11-14T17:09:00Z,114.2300033569336,114.2300033569336,114.22000122070312,114.2300033569336,114.2300033569336,1852.0
2025-11-14T17:10:00Z,114.2699966430664,114.2699966430664,114.25,114.25250244140625,114.25250244140625,2699.0
2025-11-14T17:11:00Z,114.29000091552734,114.30000305175781,114.29000091552734,114.30000305175781,114.30000305175781,977.0
2025-11-14T17:12:00Z,114.30999755859375,114.31999969482422,114.29000091552734,114.29000091552734,114.29000091552734,3009.0
2025-11-14T17:13:00Z,114.22000122070312,114.22000122070312,114.18499755859375,114.18499755859375,114.18499755859375,2547.0
2025-11-14T17:14:00Z,114.19000244140625,114.19000244140625,114.11000061035156,114.13500213623047,114.13500213623047,2598.0
2025-11-14T17:15:00Z,114.1500015258789,114.19000244140625,114.1500015258789,114.19000244140625,114.19000244140625,2484.0
2025-11-14T17:16:00Z,114.22000122070312,114.40499877929688,114.22000122070312,114.375,114.375,8423.0
2025-11-14T17:17:00Z,114.37999725341797,114.41500091552734,114.3499984741211,114.3499984741211,114.3499984741211,3274.0
2025-11-14T17:18:00Z,114.33000183105469,114.33999633789062,114.23999786376953,114.25499725341797,114.25499725341797,2205.0
2025-11-14T17:19:00Z,114.25,114.30999755859375,114.25,114.30999755859375,114.30999755859375,2952.0
2025-11-14T17:20:00Z,114.33000183105469,114.33000183105469,114.30000305175781,114.31999969482422,114.31999969482422,1449.0
2025-11-14T17:21:00Z,114.31500244140625,114.38999938964844,114.31500244140625,114.33999633789062,114.33999633789062,4063.0
2025-11-14T17:22:00Z,114.36000061035156,114.37999725341797,114.3499984741211,114.3499984741211,114.3499984741211,2428.0
2025-11-14T17:23:00Z,114.38999938964844,114.44999694824219,114.38999938964844,114.44999694824219,114.44999694824219,2758.0
2025-11-14T17:24:00Z,114.44000244140625,114.44999694824219,114.41000366210938,114.41000366210938,114.41000366210938,3103.0
2025-11-14T17:25:00Z,114.38999938964844,114.4000015258789,114.33399963378906,114.33399963378906,114.33399963378906,3012.0
2025-11-14T17:26:00Z,114.3499984741211,114.3499984741211,114.2300033569336,114.2300033569336,114.2300033569336,3746.0
2025-11-14T17:28:00Z,114.29000091552734,114.33000183105469,114.29000091552734,114.31999969482422,114.31999969482422,3620.0
2025-11-14T17:29:00Z,114.3499984741211,114.38999938964844,114.33499908447266,114.38999938964844,114.38999938964844,3239.0
2025-11-14T17:30:00Z,114.36000061035156,114.36000061035156,114.27999877929688,114.27999877929688,114.27999877929688,2700.0
2025-11-14T17:31:00Z,114.30000305175781,114.30000305175781,114.29000091552734,114.29000091552734,114.29000091552734,1231.0
2025-11-14T17:32:00Z,114.30999755859375,114.31999969482422,114.26000213623047,114.26000213623047,114.26000213623047,3571.0
2025-11-14T17:33:00Z,114.26000213623047,114.2699966430664,114.2300033569336,114.2300033569336,114.2300033569336,3127.0
2025-11-14T17:34:00Z,114.23999786376953,114.29000091552734,114.23999786376953,114.29000091552734,114.29000091552734,2177.0
2025-11-14T17:35:00Z,114.30999755859375,114.33000183105469,114.30500030517578,114.33000183105469,114.33000183105469,2618.0
2025-11-14T17:36:00Z,114.33000183105469,114.43000030517578,114.33000183105469,114.38999938964844,114.38999938964844,3298.0
2025-11-14T17:37:00Z,114.4000015258789,114.44999694824219,114.4000015258789,114.43000030517578,114.43000030517578,3406.0
2025-11-14T17:38:00Z,114.44499969482422,114.44999694824219,114.41999816894531,114.43000030517578,114.43000030517578,2030.0
2025-11-14T17:39:00Z,114.41500091552734,114.41999816894531,114.37000274658203,114.37000274658203,114.37000274658203,2132.0
2025-11-14T17:40:00Z,114.3499984741211,114.36000061035156,114.30000305175781,114.30000305175781,114.30000305175781,4188.0
2025-11-14T17:41:00Z,114.31999969482422,114.33000183105469,114.25,114.2699966430664,114.2699966430664,3555.0
2025-11-14T17:42:00Z,114.26000213623047,114.29000091552734,114.26000213623047,114.29000091552734,114.29000091552734,1904.0
2025-11-14T17:43:00Z,114.29499816894531,114.30000305175781,114.27999877929688,114.27999877929688,114.27999877929688,2043.0
2025-11-14T17:44:00Z,114.2699966430664,114.27999877929688,114.25,114.27999877929688,114.27999877929688,2801.0
2025-11-14T17:45:00Z,114.30999755859375,114.30999755859375,114.29000091552734,114.29000091552734,114.29000091552734,1095.0
2025-11-14T17:46:00Z,114.27999877929688,114.30999755859375,114.2699966430664,114.29000091552734,114.29000091552734,2688.0
2025-11-14T17:47:00Z,114.27999877929688,114.29000091552734,114.26000213623047,114.26000213623047,114.26000213623047,2085.0
2025-11-14T17:48:00Z,114.26000213623047,114.27899932861328,114.26000213623047,114.27899932861328,114.27899932861328,1490.0
2025-11-14T17:49:00Z,114.26000213623047,114.2699966430664,114.26000213623047,114.26000213623047,114.26000213623047,894.0
2025-11-14T17:50:00Z,114.25,114.29000091552734,114.23999786376953,114.23999786376953,114.23999786376953,2961.0
2025-11-14T17:51:00Z,114.26000213623047,114.26000213623047,114.2300033569336,114.26000213623047,114.26000213623047,2573.0
2025-11-14T17:52:00Z,114.27999877929688,114.27999877929688,114.2300033569336,114.2300033569336,114.2300033569336,2222.0
2025-11-14T17:53:00Z,114.2699966430664,114.2699966430664,114.25,114.25,114.25,1537.0
2025-11-14T17:54:00Z,114.26000213623047,114.30999755859375,114.24700164794922,114.30000305175781,114.30000305175781,3713.0
2025-11-14T17:55:00Z,114.32499694824219,114.375,114.32499694824219,114.375,114.375,2292.0
2025-11-14T17:56:00Z,114.38999938964844,114.38999938964844,114.36000061035156,114.36000061035156,114.36000061035156,2030.0
2025-11-14T17:57:00Z,114.37999725341797,114.4000015258789,114.31999969482422,114.32499694824219,114.32499694824219,3915.0
2025-11-14T17:58:00Z,114.33000183105469,114.3499984741211,114.33000183105469,114.3499984741211,114.3499984741211,1911.0
2025-11-14T17:59:00Z,114.36000061035156,114.36000061035156,114.36000061035156,114.36000061035156,114.36000061035156,862.0
2025-11-14T18:00:00Z,114.3499984741211,114.3499984741211,114.30000305175781,114.33000183105469,114.33000183105469,3070.0
2025-11-14T18:01:00Z,114.31500244140625,114.31500244140625,114.2300033569336,114.2300033569336,114.2300033569336,1934.0
2025-11-14T18:02:00Z,114.2300033569336,114.2300033569336,114.19999694824219,114.19999694824219,114.19999694824219,2525.0
2025-11-14T18:03:00Z,114.22000122070312,114.22000122070312,114.16100311279297,114.16100311279297,114.16100311279297,3679.0
2025-11-14T18:04:00Z,114.17500305175781,114.19999694824219,114.16000366210938,114.19999694824219,114.19999694824219,3239.0
2025-11-14T18:05:00Z,114.22000122070312,114.26000213623047,114.22000122070312,114.22000122070312,114.22000122070312,2573.0
2025-11-14T18:06:00Z,114.23999786376953,114.2699966430664,114.23999786376953,114.2699966430664,114.2699966430664,1166.0
2025-11-14T18:07:00Z,114.30000305175781,114.3550033569336,114.30000305175781,114.3550033569336,114.3550033569336,2651.0
2025-11-14T18:08:00Z,114.33999633789062,114.33999633789062,114.27999877929688,114.27999877929688,114.27999877929688,3061.0
2025-11-14T18:09:00Z,114.28500366210938,114.30000305175781,114.27999877929688,114.30000305175781,114.30000305175781,2755.0
2025-11-14T18:10:00Z,114.33000183105469,114.3499984741211,114.32350158691406,114.32350158691406,114.32350158691406,1833.0
2025-11-14T18:11:00Z,114.30999755859375,114.37999725341797,114.29000091552734,114.37999725341797,114.37999725341797,3618.0
2025-11-14T18:12:00Z,114.38999938964844,114.43000030517578,114.38999938964844,114.43000030517578,114.43000030517578,3200.0
2025-11-14T18:13:00Z,114.45999908447266,114.52999877929688,114.45999908447266,114.52999877929688,114.52999877929688,3470.0
2025-11-14T18:14:00Z,114.55000305175781,114.58000183105469,114.5,114.5,114.5,1959.0
2025-11-14T18:15:00Z,114.5,114.5,114.4800033569336,114.4800033569336,114.4800033569336,1523.0
2025-11-14T18:16:00Z,114.5,114.5,114.40499877929688,114.40499877929688,114.40499877929688,3006.0
2025-11-14T18:17:00Z,114.43000030517578,114.44999694824219,114.43000030517578,114.44999694824219,114.44999694824219,1492.0
2025-11-14T18:18:00Z,114.44000244140625,114.44499969482422,114.43000030517578,114.43000030517578,114.43000030517578,1368.0
2025-11-14T18:19:00Z,114.44000244140625,114.44000244140625,114.4000015258789,114.41000366210938,114.41000366210938,2561.0
2025-11-14T18:20:00Z,114.38999938964844,114.38999938964844,114.37000274658203,114.37000274658203,114.37000274658203,1886.0
2025-11-14T18:21:00Z,114.36000061035156,114.3656997680664,114.33999633789062,114.3656997680664,114.3656997680664,3178.0
2025-11-14T18:22:00Z,114.37000274658203,114.37000274658203,114.36100006103516,114.36100006103516,114.36100006103516,1386.0
2025-11-14T18:23:00Z,114.37010192871094,114.41000366210938,114.37000274658203,114.41000366210938,114.41000366210938,2600.0
2025-11-14T18:24:00Z,114.43499755859375,114.43499755859375,114.37999725341797,114.37999725341797,114.37999725341797,1647.0
2025-11-14T18:25:00Z,114.41000366210938,114.44000244140625,114.41000366210938,114.43000030517578,114.43000030517578,3305.0
2025-11-14T18:26:00Z,114.41999816894531,114.44999694824219,114.41000366210938,114.44999694824219,114.44999694824219,1046.0
2025-11-14T18:27:00Z,114.47000122070312,114.51000213623047,114.47000122070312,114.51000213623047,114.51000213623047,4655.0
2025-11-14T18:28:00Z,114.48999786376953,114.48999786376953,114.48999786376953,114.48999786376953,114.48999786376953,1080.0
2025-11-14T18:29:00Z,114.4800033569336,114.54000091552734,114.4800033569336,114.54000091552734,114.54000091552734,3069.0
2025-11-14T18:30:00Z,114.55999755859375,114.63999938964844,114.55999755859375,114.63999938964844,114.63999938964844,1630.0
2025-11-14T18:31:00Z,114.5999984741211,114.62000274658203,114.58000183105469,114.62000274658203,114.62000274658203,2624.0
2025-11-14T18:32:00Z,114.6500015258789,114.66000366210938,114.62999725341797,114.62999725341797,114.62999725341797,1695.0
2025-11-14T18:33:00Z,114.61000061035156,114.62000274658203,114.61000061035156,114.62000274658203,114.62000274658203,2360.0
2025-11-14T18:34:00Z,114.5999984741211,114.66000366210938,114.5999984741211,114.66000366210938,114.66000366210938,1750.0
2025-11-14T18:35:00Z,114.63999938964844,114.68000030517578,114.63999938964844,114.6449966430664,114.6449966430664,2818.0
2025-11-14T18:36:00Z,114.62999725341797,114.66500091552734,114.62999725341797,114.66500091552734,114.66500091552734,1208.0
2025-11-14T18:37:00Z,114.6500015258789,114.66000366210938,114.63999938964844,114.63999938964844,114.63999938964844,2369.0
2025-11-14T18:38:00Z,114.63999938964844,114.66999816894531,114.63999938964844,114.66999816894531,114.66999816894531,2803.0
2025-11-14T18:39:00Z,114.66999816894531,114.66999816894531,114.66500091552734,114.66500091552734,114.66500091552734,993.0
2025-11-14T18:40:00Z,114.6500015258789,114.6500015258789,114.63999938964844,114.63999938964844,114.63999938964844,2321.0
2025-11-14T18:41:00Z,114.68000030517578,114.7300033569336,114.66000366210938,114.69999694824219,114.69999694824219,3478.0
2025-11-14T18:42:00Z,114.69000244140625,114.69000244140625,114.64649963378906,114.64649963378906,114.64649963378906,2907.0
2025-11-14T18:43:00Z,114.6500015258789,114.69000244140625,114.6500015258789,114.69000244140625,114.69000244140625,2532.0
2025-11-14T18:44:00Z,114.69000244140625,114.69000244140625,114.69000244140625,114.69000244140625,114.69000244140625,614.0
2025-11-14T18:45:00Z,114.68000030517578,114.68000030517578,114.62999725341797,114.6500015258789,114.6500015258789,2839.0
2025-11-14T18:46:00Z,114.6500015258789,114.68000030517578,114.64099884033203,114.64099884033203,114.64099884033203,2102.0
2025-11-14T18:47:00Z,114.66000366210938,114.66000366210938,114.62999725341797,114.62999725341797,114.62999725341797,2315.0
2025-11-14T18:48:00Z,114.62000274658203,114.62999725341797,114.62000274658203,114.62000274658203,114.62000274658203,2141.0
2025-11-14T18:49:00Z,114.5999984741211,114.62000274658203,114.58999633789062,114.62000274658203,114.62000274658203,1843.0
2025-11-14T18:50:00Z,114.63999938964844,114.68000030517578,114.63999938964844,114.68000030517578,114.68000030517578,2299.0
2025-11-14T18:51:00Z,114.69000244140625,114.70999908447266,114.66000366210938,114.70999908447266,114.70999908447266,2751.0
2025-11-14T18:52:00Z,114.70999908447266,114.75,114.70999908447266,114.75,114.75,1977.0
2025-11-14T18:53:00Z,114.73999786376953,114.7699966430664,114.73999786376953,114.7699966430664,114.7699966430664,3425.0
2025-11-14T18:54:00Z,114.77999877929688,114.80000305175781,114.7699966430664,114.80000305175781,114.80000305175781,2567.0
2025-11-14T18:55:00Z,114.81999969482422,114.8499984741211,114.81999969482422,114.83000183105469,114.83000183105469,2471.0
2025-11-14T18:56:00Z,114.81999969482422,114.81999969482422,114.81999969482422,114.81999969482422,114.81999969482422,838.0
2025-11-14T18:57:00Z,114.83000183105469,114.83000183105469,114.79000091552734,114.79000091552734,114.79000091552734,4159.0
2025-11-14T18:58:00Z,114.79499816894531,114.80999755859375,114.79499816894531,114.80999755859375,114.80999755859375,1618.0
2025-11-14T18:59:00Z,114.79000091552734,114.80000305175781,114.79000091552734,114.80000305175781,114.80000305175781,1151.0
2025-11-14T19:00:00Z,114.81999969482422,114.8499984741211,114.81999969482422,114.83499908447266,114.83499908447266,2450.0
2025-11-14T19:01:00Z,114.83000183105469,114.83000183105469,114.77999877929688,114.80000305175781,114.80000305175781,2223.0
2025-11-14T19:02:00Z,114.81999969482422,114.83999633789062,114.81999969482422,114.83999633789062,114.83999633789062,1536.0
2025-11-14T19:03:00Z,114.8499984741211,114.8499984741211,114.83999633789062,114.83999633789062,114.83999633789062,2787.0
2025-11-14T19:04:00Z,114.82499694824219,114.8499984741211,114.81999969482422,114.8499984741211,114.8499984741211,2268.0
2025-11-14T19:05:00Z,114.86000061035156,114.9000015258789,114.86000061035156,114.87999725341797,114.87999725341797,2403.0
2025-11-14T19:06:00Z,114.86830139160156,114.9000015258789,114.86000061035156,114.88999938964844,114.88999938964844,3185.0
2025-11-14T19:07:00Z,114.88999938964844,114.88999938964844,114.8499984741211,114.8499984741211,114.8499984741211,2161.0
2025-11-14T19:08:00Z,114.87000274658203,114.88500213623047,114.86019897460938,114.87999725341797,114.87999725341797,1339.0
2025-11-14T19:09:00Z,114.87000274658203,114.87000274658203,114.8499984741211,114.87000274658203,114.87000274658203,2867.0
2025-11-14T19:10:00Z,114.87000274658203,114.93000030517578,114.87000274658203,114.92500305175781,114.92500305175781,3868.0
2025-11-14T19:11:00Z,114.91999816894531,114.91999816894531,114.88999938964844,114.88999938964844,114.88999938964844,2244.0
2025-11-14T19:12:00Z,114.8949966430664,114.93000030517578,114.8949966430664,114.93000030517578,114.93000030517578,1992.0
2025-11-14T19:13:00Z,114.94000244140625,114.95999908447266,114.91000366210938,114.93000030517578,114.93000030517578,5676.0
2025-11-14T19:14:00Z,114.93000030517578,114.94000244140625,114.91000366210938,114.94000244140625,114.94000244140625,2905.0
2025-11-14T19:15:00Z,114.94999694824219,114.95500183105469,114.91999816894531,114.95500183105469,114.95500183105469,3032.0
2025-11-14T19:16:00Z,114.95999908447266,114.97000122070312,114.91000366210938,114.91000366210938,114.91000366210938,2943.0
2025-11-14T19:17:00Z,114.91500091552734,114.94000244140625,114.91000366210938,114.94000244140625,114.94000244140625,1909.0
2025-11-14T19:18:00Z,114.94000244140625,114.94999694824219,114.91999816894531,114.94000244140625,114.94000244140625,1933.0
2025-11-14T19:19:00Z,114.93000030517578,114.94999694824219,114.93000030517578,114.94999694824219,114.94999694824219,1913.0
2025-11-14T19:20:00Z,114.97000122070312,114.9800033569336,114.97000122070312,114.97000122070312,114.97000122070312,1888.0
2025-11-14T19:21:00Z,115.0,115.0,114.97000122070312,114.97000122070312,114.97000122070312,3454.0
2025-11-14T19:22:00Z,115.0,115.04000091552734,115.0,115.04000091552734,115.04000091552734,2899.0
2025-11-14T19:23:00Z,115.05000305175781,115.05999755859375,115.02999877929688,115.04000091552734,115.04000091552734,4927.0
2025-11-14T19:24:00Z,115.06999969482422,115.06999969482422,115.05999755859375,115.05999755859375,115.05999755859375,1568.0
2025-11-14T19:25:00Z,115.05999755859375,115.05999755859375,115.01499938964844,115.01499938964844,115.01499938964844,3562.0
2025-11-14T19:26:00Z,115.0199966430664,115.0199966430664,115.0199966430664,115.0199966430664,115.0199966430664,2202.0
2025-11-14T19:27:00Z,115.0250015258789,115.0250015258789,114.9801025390625,114.9801025390625,114.9801025390625,6721.0
2025-11-14T19:28:00Z,115.0,115.0,115.0,115.0,115.0,2059.0
2025-11-14T19:29:00Z,115.01000213623047,115.04000091552734,114.99500274658203,114.99500274658203,114.99500274658203,4476.0
2025-11-14T19:30:00Z,115.0,115.04000091552734,115.0,115.04000091552734,115.04000091552734,2794.0
2025-11-14T19:31:00Z,115.03500366210938,115.03500366210938,114.98999786376953,114.98999786376953,114.98999786376953,3983.0
2025-11-14T19:32:00Z,114.98999786376953,115.0199966430664,114.98999786376953,115.0199966430664,115.0199966430664,3751.0
2025-11-14T19:33:00Z,115.04000091552734,115.05799865722656,115.02999877929688,115.04499816894531,115.04499816894531,4602.0
2025-11-14T19:34:00Z,115.05999755859375,115.05999755859375,115.04000091552734,115.04000091552734,115.04000091552734,1433.0
2025-11-14T19:35:00Z,115.0199966430664,115.02999877929688,115.0199966430664,115.0199966430664,115.0199966430664,3340.0
2025-11-14T19:36:00Z,115.04000091552734,115.12000274658203,115.04000091552734,115.11000061035156,115.11000061035156,2589.0
2025-11-14T19:37:00Z,115.0999984741211,115.0999984741211,115.02999877929688,115.02999877929688,115.02999877929688,4303.0
2025-11-14T19:38:00Z,115.02999877929688,115.02999877929688,114.9990005493164,114.9990005493164,114.9990005493164,1941.0
2025-11-14T19:39:00Z,115.0,115.0199966430664,115.0,115.0199966430664,115.0199966430664,1328.0
2025-11-14T19:40:00Z,115.02999877929688,115.02999877929688,114.9800033569336,114.98500061035156,114.98500061035156,3562.0
2025-11-14T19:41:00Z,114.97000122070312,115.0,114.96499633789062,115.0,115.0,3893.0
2025-11-14T19:42:00Z,114.98999786376953,115.0,114.98999786376953,115.0,115.0,1246.0
2025-11-14T19:43:00Z,114.97000122070312,114.97000122070312,114.94999694824219,114.96499633789062,114.96499633789062,1966.0
2025-11-14T19:44:00Z,114.96499633789062,115.0199966430664,114.96499633789062,115.0199966430664,115.0199966430664,2763.0
2025-11-14T19:45:00Z,115.04000091552734,115.05000305175781,115.0199966430664,115.02999877929688,115.02999877929688,4227.0
2025-11-14T19:46:00Z,115.06999969482422,115.08000183105469,115.06999969482422,115.08000183105469,115.08000183105469,1126.0
2025-11-14T19:47:00Z,115.05999755859375,115.05999755859375,114.93000030517578,114.93000030517578,114.93000030517578,3036.0
2025-11-14T19:48:00Z,114.91000366210938,114.91000366210938,114.86000061035156,114.86000061035156,114.86000061035156,3704.0
2025-11-14T19:49:00Z,114.81999969482422,114.81999969482422,114.81999969482422,114.81999969482422,114.81999969482422,472.0
2025-11-14T19:50:00Z,114.82499694824219,114.87999725341797,114.82499694824219,114.87000274658203,114.87000274658203,5175.0
2025-11-14T19:51:00Z,114.87000274658203,114.88999938964844,114.87000274658203,114.88349914550781,114.88349914550781,2117.0
2025-11-14T19:52:00Z,114.87000274658203,114.9000015258789,114.87000274658203,114.9000015258789,114.9000015258789,2198.0
2025-11-14T19:53:00Z,114.91999816894531,114.93000030517578,114.8949966430664,114.8949966430664,114.8949966430664,4198.0
2025-11-14T19:54:00Z,114.94000244140625,114.98999786376953,114.94000244140625,114.98999786376953,114.98999786376953,2704.0
2025-11-14T19:55:00Z,115.0,115.0,114.97000122070312,114.9800033569336,114.9800033569336,2432.0
2025-11-14T19:56:00Z,114.9800033569336,114.9800033569336,114.94999694824219,114.95999908447266,114.95999908447266,3151.0
2025-11-14T19:57:00Z,114.9540023803711,114.9540023803711,114.93000030517578,114.93000030517578,114.93000030517578,2129.0
2025-11-14T19:58:00Z,114.91999816894531,114.94999694824219,114.91999816894531,114.94999694824219,114.94999694824219,2457.0
2025-11-14T19:59:00Z,114.95999908447266,115.0,114.95999908447266,115.0,115.0,3651.0
2025-11-14T20:00:00Z,114.98999786376953,115.01000213623047,114.97000122070312,114.98300170898438,114.98300170898438,3310.0
2025-11-14T20:01:00Z,114.9800033569336,115.02999877929688,114.95999908447266,115.0199966430664,115.0199966430664,3304.0
2025-11-14T20:02:00Z,115.02999877929688,115.08000183105469,115.02999877929688,115.08000183105469,115.08000183105469,1743.0
2025-11-14T20:03:00Z,115.08000183105469,115.08000183105469,115.0199966430664,115.0250015258789,115.0250015258789,3784.0
2025-11-14T20:04:00Z,115.01000213623047,115.02999877929688,115.01000213623047,115.02999877929688,115.02999877929688,3284.0
2025-11-14T20:05:00Z,115.01000213623047,115.02999877929688,115.01000213623047,115.02999877929688,115.02999877929688,2122.0
2025-11-14T20:06:00Z,115.05000305175781,115.05000305175781,114.9800033569336,114.98999786376953,114.98999786376953,3762.0
2025-11-14T20:07:00Z,115.0,115.0,114.98999786376953,115.0,115.0,2312.0
2025-11-14T20:08:00Z,115.01000213623047,115.01000213623047,114.98560333251953,114.98560333251953,114.98560333251953,2993.0
2025-11-14T20:09:00Z,114.98999786376953,114.98999786376953,114.93000030517578,114.95500183105469,114.95500183105469,2834.0
2025-11-14T20:10:00Z,114.94999694824219,114.97000122070312,114.94999694824219,114.94999694824219,114.94999694824219,4533.0
2025-11-14T20:11:00Z,114.94000244140625,114.94000244140625,114.91000366210938,114.91000366210938,114.91000366210938,2011.0
2025-11-14T20:12:00Z,114.91000366210938,114.91999816894531,114.9000015258789,114.91000366210938,114.91000366210938,2595.0
2025-11-14T20:13:00Z,114.88999938964844,114.88999938964844,114.81999969482422,114.81999969482422,114.81999969482422,2829.0
2025-11-14T20:14:00Z,114.82499694824219,114.8499984741211,114.81999969482422,114.8499984741211,114.8499984741211,3859.0
2025-11-14T20:15:00Z,114.87000274658203,114.91999816894531,114.86000061035156,114.86000061035156,114.86000061035156,4446.0
2025-11-14T20:16:00Z,114.87000274658203,114.88999938964844,114.87000274658203,114.88999938964844,114.88999938964844,2915.0
2025-11-14T20:17:00Z,114.88999938964844,114.88999938964844,114.83000183105469,114.83000183105469,114.83000183105469,3644.0
2025-11-14T20:18:00Z,114.82440185546875,114.82440185546875,114.77999877929688,114.77999877929688,114.77999877929688,2493.0
2025-11-14T20:19:00Z,114.76000213623047,114.76000213623047,114.7300033569336,114.74500274658203,114.74500274658203,3639.0
2025-11-14T20:20:00Z,114.76000213623047,114.76000213623047,114.73999786376953,114.75,114.75,2515.0
2025-11-14T20:21:00Z,114.76000213623047,114.7699966430664,114.72000122070312,114.72000122070312,114.72000122070312,5215.0
2025-11-14T20:22:00Z,114.69000244140625,114.69000244140625,114.69000244140625,114.69000244140625,114.69000244140625,990.0
2025-11-14T20:23:00Z,114.68099975585938,114.76000213623047,114.66999816894531,114.7300033569336,114.7300033569336,7119.0
2025-11-14T20:24:00Z,114.71499633789062,114.76000213623047,114.71499633789062,114.75,114.75,3725.0
2025-11-14T20:25:00Z,114.73999786376953,114.73999786376953,114.70999908447266,114.70999908447266,114.70999908447266,3293.0
2025-11-14T20:26:00Z,114.7300033569336,114.73999786376953,114.66000366210938,114.66000366210938,114.66000366210938,5888.0
2025-11-14T20:27:00Z,114.65579986572266,114.65579986572266,114.625,114.63999938964844,114.63999938964844,2931.0
2025-11-14T20:28:00Z,114.63999938964844,114.69000244140625,114.63999938964844,114.66999816894531,114.66999816894531,5488.0
2025-11-14T20:29:00Z,114.66999816894531,114.66999816894531,114.63999938964844,114.66000366210938,114.66000366210938,3101.0
2025-11-14T20:30:00Z,114.66000366210938,114.66000366210938,114.62000274658203,114.62999725341797,114.62999725341797,4392.0
2025-11-14T20:31:00Z,114.62000274658203,114.66999816894531,114.62000274658203,114.66999816894531,114.66999816894531,6195.0
2025-11-14T20:32:00Z,114.66999816894531,114.69000244140625,114.66999816894531,114.68499755859375,114.68499755859375,3798.0
2025-11-14T20:33:00Z,114.66999816894531,114.69999694824219,114.63999938964844,114.69999694824219,114.69999694824219,7211.0
2025-11-14T20:34:00Z,114.70999908447266,114.70999908447266,114.66999816894531,114.68499755859375,114.68499755859375,4939.0
2025-11-14T20:35:00Z,114.69999694824219,114.72000122070312,114.69000244140625,114.69000244140625,114.69000244140625,5295.0
2025-11-14T20:36:00Z,114.69999694824219,114.72000122070312,114.69999694824219,114.72000122070312,114.72000122070312,3873.0
2025-11-14T20:37:00Z,114.69000244140625,114.69000244140625,114.59500122070312,114.62000274658203,114.62000274658203,4685.0
2025-11-14T20:38:00Z,114.61000061035156,114.62999725341797,114.61000061035156,114.62999725341797,114.62999725341797,3476.0
2025-11-14T20:39:00Z,114.62000274658203,114.63999938964844,114.5999984741211,114.61000061035156,114.61000061035156,8593.0
2025-11-14T20:40:00Z,114.5999984741211,114.62000274658203,114.55999755859375,114.55999755859375,114.55999755859375,3845.0
2025-11-14T20:41:00Z,114.55000305175781,114.55000305175781,114.49500274658203,114.55000305175781,114.55000305175781,6869.0
2025-11-14T20:42:00Z,114.54000091552734,114.56500244140625,114.52999877929688,114.55000305175781,114.55000305175781,5105.0
2025-11-14T20:43:00Z,114.54000091552734,114.54000091552734,114.51000213623047,114.54000091552734,114.54000091552734,4959.0
2025-11-14T20:44:00Z,114.54000091552734,114.55000305175781,114.52999877929688,114.55000305175781,114.55000305175781,5861.0
2025-11-14T20:45:00Z,114.54499816894531,114.54499816894531,114.51000213623047,114.51000213623047,114.51000213623047,4164.0
2025-11-14T20:46:00Z,114.5,114.55999755859375,114.5,114.55000305175781,114.55000305175781,7439.0
2025-11-14T20:47:00Z,114.54000091552734,114.54000091552734,114.44000244140625,114.44999694824219,114.44999694824219,7406.0
2025-11-14T20:48:00Z,114.44999694824219,114.44999694824219,114.38999938964844,114.38999938964844,114.38999938964844,9587.0
2025-11-14T20:49:00Z,114.41000366210938,114.44000244140625,114.3949966430664,114.41999816894531,114.41999816894531,8107.0
2025-11-14T20:50:00Z,114.41999816894531,114.41999816894531,114.33000183105469,114.37000274658203,114.37000274658203,21208.0
2025-11-14T20:51:00Z,114.37999725341797,114.45999908447266,114.3499984741211,114.43000030517578,114.43000030517578,13506.0
2025-11-14T20:52:00Z,114.43000030517578,114.43000030517578,114.33999633789062,114.375,114.375,17350.0
2025-11-14T20:53:00Z,114.375,114.44000244140625,114.36000061035156,114.42500305175781,114.42500305175781,12284.0
2025-11-14T20:54:00Z,114.41999816894531,114.47000122070312,114.41999816894531,114.43000030517578,114.43000030517578,13313.0
2025-11-14T20:55:00Z,114.44000244140625,114.44000244140625,114.3499984741211,114.38999938964844,114.38999938964844,21299.0
2025-11-14T20:56:00Z,114.37999725341797,114.4000015258789,114.33999633789062,114.33999633789062,114.33999633789062,17689.0
2025-11-14T20:57:00Z,114.33999633789062,114.36000061035156,114.29000091552734,114.30000305175781,114.30000305175781,23251.0
2025-11-14T20:58:00Z,114.29000091552734,114.31999969482422,114.25,114.27999877929688,114.27999877929688,36168.0
2025-11-14T20:59:00Z,114.27999877929688,114.33000183105469,114.23500061035156,114.31999969482422,114.31999969482422,52480.0
2025-11-17T14:30:00Z,114.33999633789062,114.3499984741211,113.16000366210938,114.22000122070312,114.22000122070312,53492.0
2025-11-17T14:31:00Z,114.2750015258789,114.44000244140625,114.19429779052734,114.22000122070312,114.22000122070312,5123.0
2025-11-17T14:32:00Z,114.04000091552734,114.25499725341797,113.91500091552734,114.08999633789062,114.08999633789062,2976.0
2025-11-17T14:33:00Z,114.00499725341797,114.4000015258789,113.83499908447266,114.0999984741211,114.0999984741211,4384.0
2025-11-17T14:34:00Z,114.12999725341797,114.12999725341797,113.94999694824219,114.12999725341797,114.12999725341797,2212.0
2025-11-17T14:35:00Z,114.19000244140625,114.19000244140625,114.1500015258789,114.16999816894531,114.16999816894531,2532.0
2025-11-17T14:36:00Z,114.04000091552734,114.04000091552734,113.98999786376953,113.98999786376953,113.98999786376953,500.0
2025-11-17T14:37:00Z,113.9000015258789,113.92500305175781,113.80000305175781,113.83000183105469,113.83000183105469,1549.0
2025-11-17T14:38:00Z,113.75,114.08499908447266,113.75,114.08499908447266,114.08499908447266,3242.0
2025-11-17T14:39:00Z,114.08000183105469,114.08000183105469,113.9000015258789,113.9000015258789,113.9000015258789,2076.0
2025-11-17T14:40:00Z,113.92880249023438,113.92880249023438,113.55000305175781,113.6500015258789,113.6500015258789,1682.0
2025-11-17T14:41:00Z,113.67449951171875,113.67449951171875,113.4800033569336,113.58999633789062,113.58999633789062,5256.0
2025-11-17T14:42:00Z,113.61499786376953,113.61750030517578,113.4800033569336,113.53500366210938,113.53500366210938,2791.0
2025-11-17T14:43:00Z,113.56999969482422,113.58999633789062,113.47000122070312,113.54000091552734,113.54000091552734,5197.0
2025-11-17T14:44:00Z,113.62999725341797,113.69000244140625,113.45559692382812,113.66999816894531,113.66999816894531,5978.0
2025-11-17T14:45:00Z,113.62000274658203,113.66500091552734,113.58000183105469,113.5999984741211,113.5999984741211,5432.0
2025-11-17T14:46:00Z,113.6050033569336,113.80999755859375,113.55000305175781,113.80999755859375,113.80999755859375,4002.0
2025-11-17T14:47:00Z,113.79000091552734,113.81999969482422,113.79000091552734,113.79000091552734,113.79000091552734,1080.0
2025-11-17T14:48:00Z,113.61000061035156,113.66999816894531,113.4800033569336,113.4800033569336,113.4800033569336,2445.0
2025-11-17T14:49:00Z,113.48500061035156,113.48500061035156,113.38999938964844,113.38999938964844,113.38999938964844,1741.0
2025-11-17T14:50:00Z,113.44000244140625,113.44999694824219,113.3949966430664,113.41999816894531,113.41999816894531,4012.0
2025-11-17T14:51:00Z,113.2699966430664,113.41999816894531,113.2699966430664,113.41999816894531,113.41999816894531,2399.0
2025-11-17T14:52:00Z,113.45999908447266,113.45999908447266,113.3550033569336,113.3550033569336,113.3550033569336,3332.0
2025-11-17T14:53:00Z,113.51000213623047,113.52999877929688,113.4800033569336,113.51000213623047,113.51000213623047,1939.0
2025-11-17T14:54:00Z,113.48999786376953,113.58999633789062,113.44000244140625,113.58999633789062,113.58999633789062,3311.0
2025-11-17T14:55:00Z,113.55999755859375,113.6980972290039,113.51000213623047,113.66000366210938,113.66000366210938,3181.0
2025-11-17T14:56:00Z,113.66000366210938,113.79000091552734,113.66000366210938,113.69000244140625,113.69000244140625,6586.0
2025-11-17T14:57:00Z,113.69999694824219,113.72000122070312,113.62000274658203,113.62000274658203,113.62000274658203,3790.0
2025-11-17T14:58:00Z,113.70999908447266,113.72000122070312,113.62999725341797,113.70500183105469,113.70500183105469,2555.0
2025-11-17T14:59:00Z,113.7300033569336,113.88999938964844,113.7300033569336,113.88999938964844,113.88999938964844,2285.0
2025-11-17T15:00:00Z,113.8499984741211,114.0199966430664,113.8499984741211,114.0199966430664,114.0199966430664,3796.0
2025-11-17T15:01:00Z,114.0250015258789,114.12000274658203,113.94999694824219,113.94999694824219,113.94999694824219,4048.0
2025-11-17T15:02:00Z,114.02999877929688,114.0999984741211,113.98200225830078,114.05000305175781,114.05000305175781,2235.0
2025-11-17T15:03:00Z,114.05999755859375,114.18000030517578,114.05999755859375,114.16000366210938,114.16000366210938,6127.0
2025-11-17T15:04:00Z,114.19000244140625,114.20999908447266,114.12999725341797,114.12999725341797,114.12999725341797,5408.0
2025-11-17T15:05:00Z,114.08000183105469,114.11000061035156,114.08000183105469,114.0999984741211,114.0999984741211,1907.0
2025-11-17T15:06:00Z,114.09500122070312,114.13999938964844,114.05000305175781,114.13999938964844,114.13999938964844,2549.0
2025-11-17T15:07:00Z,114.11000061035156,114.26000213623047,114.11000061035156,114.23999786376953,114.23999786376953,6392.0
2025-11-17T15:08:00Z,114.26000213623047,114.30000305175781,114.1500015258789,114.2249984741211,114.2249984741211,5349.0
2025-11-17T15:09:00Z,114.19499969482422,114.20999908447266,114.19000244140625,114.19999694824219,114.19999694824219,1661.0
2025-11-17T15:10:00Z,114.19000244140625,114.19499969482422,114.19000244140625,114.19499969482422,114.19499969482422,1120.0
2025-11-17T15:11:00Z,114.18000030517578,114.30000305175781,114.18000030517578,114.22000122070312,114.22000122070312,2860.0
2025-11-17T15:12:00Z,114.20999908447266,114.22000122070312,114.20999908447266,114.22000122070312,114.22000122070312,1561.0
2025-11-17T15:13:00Z,114.23999786376953,114.23999786376953,114.05999755859375,114.16000366210938,114.16000366210938,8507.0
2025-11-17T15:14:00Z,114.13999938964844,114.13999938964844,114.0999984741211,114.0999984741211,114.0999984741211,6249.0
2025-11-17T15:15:00Z,114.05999755859375,114.13999938964844,114.05999755859375,114.11000061035156,114.11000061035156,2170.0
2025-11-17T15:16:00Z,114.11000061035156,114.22000122070312,114.11000061035156,114.22000122070312,114.22000122070312,3853.0
2025-11-17T15:17:00Z,114.16000366210938,114.16999816894531,114.1449966430664,114.1500015258789,114.1500015258789,1547.0
2025-11-17T15:18:00Z,114.0999984741211,114.0999984741211,113.94999694824219,114.05999755859375,114.05999755859375,2352.0
2025-11-17T15:19:00Z,114.06999969482422,114.16000366210938,114.06999969482422,114.16000366210938,114.16000366210938,2822.0
2025-11-17T15:20:00Z,114.06999969482422,114.06999969482422,113.95999908447266,113.97000122070312,113.97000122070312,2449.0
2025-11-17T15:21:00Z,114.04000091552734,114.04000091552734,113.98999786376953,113.98999786376953,113.98999786376953,473.0
2025-11-17T15:22:00Z,113.9905014038086,113.9905014038086,113.93499755859375,113.93499755859375,113.93499755859375,1241.0
2025-11-17T15:23:00Z,113.88999938964844,113.91999816894531,113.8499984741211,113.90499877929688,113.90499877929688,2036.0
2025-11-17T15:24:00Z,113.90499877929688,113.90499877929688,113.87999725341797,113.87999725341797,113.87999725341797,1612.0
2025-11-17T15:25:00Z,113.94499969482422,113.97000122070312,113.91999816894531,113.97000122070312,113.97000122070312,3368.0
2025-11-17T15:26:00Z,113.94999694824219,113.9999008178711,113.87999725341797,113.87999725341797,113.87999725341797,1900.0
2025-11-17T15:27:00Z,113.91500091552734,113.94989776611328,113.83000183105469,113.84500122070312,113.84500122070312,2737.0
2025-11-17T15:28:00Z,113.84500122070312,113.8499984741211,113.69999694824219,113.70999908447266,113.70999908447266,7437.0
2025-11-17T15:29:00Z,113.7249984741211,113.87999725341797,113.70999908447266,113.87999725341797,113.87999725341797,9797.0
2025-11-17T15:30:00Z,113.8499984741211,113.91000366210938,113.83000183105469,113.86000061035156,113.86000061035156,3107.0
2025-11-17T15:31:00Z,113.86000061035156,113.91000366210938,113.83499908447266,113.875,113.875,17531.0
2025-11-17T15:32:00Z,113.91999816894531,113.9800033569336,113.9000015258789,113.9800033569336,113.9800033569336,4418.0
2025-11-17T15:33:00Z,113.94499969482422,113.95500183105469,113.86499786376953,113.91000366210938,113.91000366210938,2134.0
2025-11-17T15:34:00Z,113.91000366210938,113.94000244140625,113.91000366210938,113.91000366210938,113.91000366210938,1547.0
2025-11-17T15:35:00Z,113.91500091552734,113.94999694824219,113.91000366210938,113.94999694824219,113.94999694824219,1347.0
2025-11-17T15:36:00Z,113.97000122070312,113.98999786376953,113.94000244140625,113.95999908447266,113.95999908447266,3950.0
2025-11-17T15:37:00Z,113.95999908447266,114.01000213623047,113.94999694824219,114.0,114.0,4938.0
2025-11-17T15:38:00Z,113.94999694824219,113.97000122070312,113.94999694824219,113.97000122070312,113.97000122070312,824.0
2025-11-17T15:39:00Z,113.95999908447266,113.95999908447266,113.88999938964844,113.88999938964844,113.88999938964844,4340.0
2025-11-17T15:40:00Z,113.91999816894531,113.91999816894531,113.80000305175781,113.83000183105469,113.83000183105469,2906.0
2025-11-17T15:41:00Z,113.80999755859375,113.8499984741211,113.80000305175781,113.83999633789062,113.83999633789062,4325.0
2025-11-17T15:42:00Z,113.87999725341797,113.90499877929688,113.87999725341797,113.88999938964844,113.88999938964844,1872.0
2025-11-17T15:43:00Z,113.88500213623047,113.93000030517578,113.88500213623047,113.88999938964844,113.88999938964844,4844.0
2025-11-17T15:44:00Z,113.87000274658203,113.9800033569336,113.86000061035156,113.95999908447266,113.95999908447266,3700.0
2025-11-17T15:45:00Z,113.95999908447266,113.98999786376953,113.94999694824219,113.98999786376953,113.98999786376953,3410.0
2025-11-17T15:46:00Z,114.01000213623047,114.0999984741211,114.01000213623047,114.0999984741211,114.0999984741211,4218.0
2025-11-17T15:47:00Z,114.08000183105469,114.08000183105469,114.04000091552734,114.05999755859375,114.05999755859375,3648.0
2025-11-17T15:48:00Z,114.06999969482422,114.1449966430664,114.06999969482422,114.1050033569336,114.1050033569336,3981.0
2025-11-17T15:49:00Z,114.11000061035156,114.11000061035156,114.05000305175781,114.06500244140625,114.06500244140625,2655.0
2025-11-17T15:50:00Z,114.05000305175781,114.18000030517578,114.05000305175781,114.18000030517578,114.18000030517578,4457.0
2025-11-17T15:51:00Z,114.19999694824219,114.2249984741211,114.19000244140625,114.19000244140625,114.19000244140625,3241.0
2025-11-17T15:52:00Z,114.22000122070312,114.30000305175781,114.20999908447266,114.23999786376953,114.23999786376953,4837.0
2025-11-17T15:53:00Z,114.22000122070312,114.24500274658203,114.22000122070312,114.22000122070312,114.22000122070312,3939.0
2025-11-17T15:54:00Z,114.18000030517578,114.20999908447266,114.18000030517578,114.19499969482422,114.19499969482422,1899.0
2025-11-17T15:55:00Z,114.19499969482422,114.25,114.08999633789062,114.08999633789062,114.08999633789062,6677.0
2025-11-17T15:56:00Z,114.05999755859375,114.11000061035156,114.05999755859375,114.11000061035156,114.11000061035156,3630.0
2025-11-17T15:57:00Z,114.12149810791016,114.1449966430664,114.12149810791016,114.13999938964844,114.13999938964844,975.0
2025-11-17T15:58:00Z,114.12000274658203,114.17500305175781,114.12000274658203,114.17500305175781,114.17500305175781,3049.0
2025-11-17T15:59:00Z,114.1500015258789,114.17500305175781,114.13999938964844,114.16000366210938,114.16000366210938,1625.0
2025-11-17T16:00:00Z,114.13999938964844,114.13999938964844,114.05999755859375,114.06500244140625,114.06500244140625,3992.0
2025-11-17T16:01:00Z,114.05500030517578,114.1449966430664,114.05500030517578,114.08499908447266,114.08499908447266,4327.0
2025-11-17T16:02:00Z,114.09500122070312,114.12000274658203,114.01499938964844,114.02999877929688,114.02999877929688,5209.0
2025-11-17T16:03:00Z,113.98999786376953,114.0,113.98999786376953,114.0,114.0,1914.0
2025-11-17T16:04:00Z,114.04000091552734,114.04000091552734,114.00540161132812,114.00540161132812,114.00540161132812,3099.0
2025-11-17T16:05:00Z,114.00499725341797,114.00499725341797,113.93000030517578,113.98999786376953,113.98999786376953,2946.0
2025-11-17T16:06:00Z,113.96499633789062,113.989501953125,113.93000030517578,113.93000030517578,113.93000030517578,2468.0
2025-11-17T16:08:00Z,113.9000015258789,113.9000015258789,113.88999938964844,113.88999938964844,113.88999938964844,1725.0
2025-11-17T16:09:00Z,113.88999938964844,113.91000366210938,113.88999938964844,113.91000366210938,113.91000366210938,799.0
2025-11-17T16:10:00Z,113.93000030517578,113.94000244140625,113.83999633789062,113.83999633789062,113.83999633789062,4194.0
2025-11-17T16:11:00Z,113.81759643554688,113.81759643554688,113.79000091552734,113.79000091552734,113.79000091552734,2234.0
2025-11-17T16:12:00Z,113.80999755859375,113.86000061035156,113.80999755859375,113.8499984741211,113.8499984741211,1652.0
2025-11-17T16:13:00Z,113.84500122070312,113.86000061035156,113.84500122070312,113.86000061035156,113.86000061035156,16095.0
2025-11-17T16:14:00Z,113.83999633789062,113.87000274658203,113.83999633789062,113.87000274658203,113.87000274658203,621.0
2025-11-17T16:15:00Z,113.83499908447266,113.875,113.83499908447266,113.87000274658203,113.87000274658203,1142.0
2025-11-17T16:16:00Z,113.83999633789062,113.84500122070312,113.77999877929688,113.80000305175781,113.80000305175781,6470.0
2025-11-17T16:17:00Z,113.77999877929688,113.80500030517578,113.73999786376953,113.73999786376953,113.73999786376953,4551.0
2025-11-17T16:18:00Z,113.73999786376953,113.7699966430664,113.73999786376953,113.74500274658203,113.74500274658203,1535.0
2025-11-17T16:19:00Z,113.72000122070312,113.7699966430664,113.72000122070312,113.7699966430664,113.7699966430664,4334.0
2025-11-17T16:20:00Z,113.79000091552734,113.80000305175781,113.72000122070312,113.80000305175781,113.80000305175781,2929.0
2025-11-17T16:21:00Z,113.77999877929688,113.77999877929688,113.7699966430664,113.7699966430664,113.7699966430664,1063.0
2025-11-17T16:22:00Z,113.7699966430664,113.7699966430664,113.7300033569336,113.7300033569336,113.7300033569336,3622.0
2025-11-17T16:23:00Z,113.75,113.76000213623047,113.74500274658203,113.74500274658203,113.74500274658203,1184.0
2025-11-17T16:24:00Z,113.76000213623047,113.76000213623047,113.72000122070312,113.7300033569336,113.7300033569336,1918.0
2025-11-17T16:25:00Z,113.7300033569336,113.7300033569336,113.7249984741211,113.7249984741211,113.7249984741211,2563.0
2025-11-17T16:26:00Z,113.7300033569336,113.73999786376953,113.7249984741211,113.7249984741211,113.7249984741211,1205.0
2025-11-17T16:27:00Z,113.73500061035156,113.73999786376953,113.69999694824219,113.70999908447266,113.70999908447266,4366.0
2025-11-17T16:28:00Z,113.70999908447266,113.7300033569336,113.68000030517578,113.7300033569336,113.7300033569336,8079.0
2025-11-17T16:29:00Z,113.75,113.79000091552734,113.75,113.75,113.75,4417.0
2025-11-17T16:30:00Z,113.73999786376953,113.73999786376953,113.72000122070312,113.73999786376953,113.73999786376953,2298.0
2025-11-17T16:31:00Z,113.7699966430664,113.77999877929688,113.76000213623047,113.77999877929688,113.77999877929688,2749.0
2025-11-17T16:32:00Z,113.77999877929688,113.79499816894531,113.6780014038086,113.70999908447266,113.70999908447266,3202.0
2025-11-17T16:33:00Z,113.68000030517578,113.69000244140625,113.62999725341797,113.62999725341797,113.62999725341797,3946.0
2025-11-17T16:34:00Z,113.6500015258789,113.68000030517578,113.625,113.625,113.625,2823.0
2025-11-17T16:35:00Z,113.54000091552734,113.54000091552734,113.53500366210938,113.54000091552734,113.54000091552734,1372.0
2025-11-17T16:36:00Z,113.55999755859375,113.58000183105469,113.5199966430664,113.5250015258789,113.5250015258789,6533.0
2025-11-17T16:37:00Z,113.47000122070312,113.47000122070312,113.45999908447266,113.46009826660156,113.46009826660156,1072.0
2025-11-17T16:38:00Z,113.44999694824219,113.44999694824219,113.3949966430664,113.41000366210938,113.41000366210938,3752.0
2025-11-17T16:39:00Z,113.43000030517578,113.47000122070312,113.42500305175781,113.44499969482422,113.44499969482422,4605.0
2025-11-17T16:40:00Z,113.47000122070312,113.5199966430664,113.47000122070312,113.5199966430664,113.5199966430664,2676.0
2025-11-17T16:41:00Z,113.45999908447266,113.47000122070312,113.44999694824219,113.44999694824219,113.44999694824219,1764.0
2025-11-17T16:42:00Z,113.41999816894531,113.48999786376953,113.41000366210938,113.47000122070312,113.47000122070312,4300.0
2025-11-17T16:43:00Z,113.45999908447266,113.51000213623047,113.45999908447266,113.4800033569336,113.4800033569336,3200.0
2025-11-17T16:44:00Z,113.45999908447266,113.45999908447266,113.3499984741211,113.3499984741211,113.3499984741211,4442.0
2025-11-17T16:45:00Z,113.36499786376953,113.36499786376953,113.36499786376953,113.36499786376953,113.36499786376953,1590.0
2025-11-17T16:46:00Z,113.37000274658203,113.37000274658203,113.30999755859375,113.3550033569336,113.3550033569336,3851.0
2025-11-17T16:47:00Z,113.30000305175781,113.30000305175781,113.30000305175781,113.30000305175781,113.30000305175781,1838.0
2025-11-17T16:48:00Z,113.29000091552734,113.29000091552734,113.29000091552734,113.29000091552734,113.29000091552734,1718.0
2025-11-17T16:49:00Z,113.2750015258789,113.2750015258789,113.2750015258789,113.2750015258789,113.2750015258789,1395.0
2025-11-17T16:50:00Z,113.33000183105469,113.33999633789062,113.29000091552734,113.29000091552734,113.29000091552734,15593.0
2025-11-17T16:51:00Z,113.29000091552734,113.30000305175781,113.25,113.25,113.25,4114.0
2025-11-17T16:52:00Z,113.20999908447266,113.26000213623047,113.19499969482422,113.25,113.25,5372.0
2025-11-17T16:53:00Z,113.26000213623047,113.26000213623047,113.2300033569336,113.25,113.25,4330.0
2025-11-17T16:54:00Z,113.2699966430664,113.27999877929688,113.23999786376953,113.25499725341797,113.25499725341797,3078.0
2025-11-17T16:55:00Z,113.2300033569336,113.24500274658203,113.19999694824219,113.2300033569336,113.2300033569336,3553.0
2025-11-17T16:56:00Z,113.2300033569336,113.27999877929688,113.20999908447266,113.24500274658203,113.24500274658203,3284.0
2025-11-17T16:57:00Z,113.2249984741211,113.2511978149414,113.2249984741211,113.2511978149414,113.2511978149414,2551.0
2025-11-17T16:58:00Z,113.22000122070312,113.23999786376953,113.20999908447266,113.22000122070312,113.22000122070312,3844.0
2025-11-17T16:59:00Z,113.22000122070312,113.29000091552734,113.22000122070312,113.29000091552734,113.29000091552734,5603.0
2025-11-17T17:00:00Z,113.2699966430664,113.2699966430664,113.23999786376953,113.23999786376953,113.23999786376953,1979.0
2025-11-17T17:01:00Z,113.2300033569336,113.2300033569336,113.125,113.15499877929688,113.15499877929688,7366.0
2025-11-17T17:02:00Z,113.17500305175781,113.19499969482422,113.16999816894531,113.19000244140625,113.19000244140625,2530.0
2025-11-17T17:03:00Z,113.16999816894531,113.18000030517578,113.05999755859375,113.05999755859375,113.05999755859375,5580.0
2025-11-17T17:04:00Z,113.06999969482422,113.08000183105469,113.05000305175781,113.05999755859375,113.05999755859375,3766.0
2025-11-17T17:05:00Z,113.05000305175781,113.05000305175781,113.0199966430664,113.0199966430664,113.0199966430664,2101.0
2025-11-17T17:06:00Z,113.01000213623047,113.01000213623047,112.94499969482422,113.0,113.0,4398.0
2025-11-17T17:07:00Z,112.9800033569336,113.01000213623047,112.9800033569336,113.01000213623047,113.01000213623047,4152.0
2025-11-17T17:08:00Z,113.0,113.00499725341797,113.0,113.00499725341797,113.00499725341797,1197.0
2025-11-17T17:09:00Z,113.01000213623047,113.08000183105469,113.01000213623047,113.08000183105469,113.08000183105469,4645.0
2025-11-17T17:10:00Z,113.11000061035156,113.11000061035156,113.08999633789062,113.09500122070312,113.09500122070312,2072.0
2025-11-17T17:11:00Z,113.08499908447266,113.11000061035156,113.06999969482422,113.09500122070312,113.09500122070312,3067.0
2025-11-17T17:12:00Z,113.08999633789062,113.08999633789062,113.06999969482422,113.07499694824219,113.07499694824219,1752.0
2025-11-17T17:13:00Z,113.06999969482422,113.1500015258789,113.06999969482422,113.13999938964844,113.13999938964844,4541.0
2025-11-17T17:14:00Z,113.13999938964844,113.19000244140625,113.13999938964844,113.19000244140625,113.19000244140625,2568.0
2025-11-17T17:15:00Z,113.19999694824219,113.26000213623047,113.19999694824219,113.26000213623047,113.26000213623047,2566.0
2025-11-17T17:16:00Z,113.29000091552734,113.30500030517578,113.27999877929688,113.30000305175781,113.30000305175781,3213.0
2025-11-17T17:17:00Z,113.27999877929688,113.28500366210938,113.23999786376953,113.26000213623047,113.26000213623047,3751.0
2025-11-17T17:18:00Z,113.2300033569336,113.25,113.20999908447266,113.24500274658203,113.24500274658203,3070.0
2025-11-17T17:19:00Z,113.22000122070312,113.25,113.20999908447266,113.25,113.25,2855.0
2025-11-17T17:20:00Z,113.2699966430664,113.31999969482422,113.2699966430664,113.31500244140625,113.31500244140625,4229.0
2025-11-17T17:21:00Z,113.30000305175781,113.30000305175781,113.2699966430664,113.2699966430664,113.2699966430664,2212.0
2025-11-17T17:22:00Z,113.25,113.25,113.20999908447266,113.20999908447266,113.20999908447266,2212.0
2025-11-17T17:23:00Z,113.19000244140625,113.19000244140625,113.13999938964844,113.16500091552734,113.16500091552734,3198.0
2025-11-17T17:24:00Z,113.18000030517578,113.2699966430664,113.16999816894531,113.24500274658203,113.24500274658203,2998.0
2025-11-17T17:25:00Z,113.2300033569336,113.2300033569336,113.19999694824219,113.20500183105469,113.20500183105469,3396.0
2025-11-17T17:26:00Z,113.19000244140625,113.2249984741211,113.19000244140625,113.2249984741211,113.2249984741211,2919.0
2025-11-17T17:27:00Z,113.2300033569336,113.25,113.22000122070312,113.22000122070312,113.22000122070312,2603.0
2025-11-17T17:28:00Z,113.23500061035156,113.27999877929688,113.23500061035156,113.25,113.25,3845.0
2025-11-17T17:29:00Z,113.2750015258789,113.30000305175781,113.2699966430664,113.30000305175781,113.30000305175781,2293.0
2025-11-17T17:30:00Z,113.30999755859375,113.33999633789062,113.2699966430664,113.2699966430664,113.2699966430664,4343.0
2025-11-17T17:31:00Z,113.25,113.25,113.20999908447266,113.20999908447266,113.20999908447266,2483.0
2025-11-17T17:32:00Z,113.19999694824219,113.22000122070312,113.19999694824219,113.22000122070312,113.22000122070312,1498.0
2025-11-17T17:33:00Z,113.20500183105469,113.2300033569336,113.19000244140625,113.20999908447266,113.20999908447266,3694.0
2025-11-17T17:34:00Z,113.2300033569336,113.25,113.2300033569336,113.23500061035156,113.23500061035156,2707.0
2025-11-17T17:35:00Z,113.20999908447266,113.23999786376953,113.20999908447266,113.23999786376953,113.23999786376953,2756.0
2025-11-17T17:36:00Z,113.22000122070312,113.2300033569336,113.19999694824219,113.19999694824219,113.19999694824219,2648.0
2025-11-17T17:37:00Z,113.20500183105469,113.20500183105469,113.20500183105469,113.20500183105469,113.20500183105469,1055.0
2025-11-17T17:38:00Z,113.20500183105469,113.20500183105469,113.1500015258789,113.16500091552734,113.16500091552734,2578.0
2025-11-17T17:39:00Z,113.17500305175781,113.20999908447266,113.17500305175781,113.19999694824219,113.19999694824219,2946.0
2025-11-17T17:40:00Z,113.19000244140625,113.19000244140625,113.16000366210938,113.18000030517578,113.18000030517578,3470.0
2025-11-17T17:41:00Z,113.1500015258789,113.16999816894531,113.11499786376953,113.16999816894531,113.16999816894531,5445.0
2025-11-17T17:42:00Z,113.16000366210938,113.1865005493164,113.1500015258789,113.1865005493164,113.1865005493164,3324.0
2025-11-17T17:43:00Z,113.18499755859375,113.24500274658203,113.18499755859375,113.24500274658203,113.24500274658203,3576.0
2025-11-17T17:44:00Z,113.25,113.25,113.13999938964844,113.13999938964844,113.13999938964844,5672.0
2025-11-17T17:45:00Z,113.12000274658203,113.12000274658203,113.08000183105469,113.08000183105469,113.08000183105469,2441.0
2025-11-17T17:46:00Z,113.07499694824219,113.11000061035156,113.07499694824219,113.08000183105469,113.08000183105469,4317.0
2025-11-17T17:47:00Z,113.05999755859375,113.06999969482422,113.0,113.0199966430664,113.0199966430664,5528.0
2025-11-17T17:48:00Z,113.05000305175781,113.06999969482422,113.01000213623047,113.06999969482422,113.06999969482422,5380.0
2025-11-17T17:49:00Z,113.0999984741211,113.11000061035156,113.08000183105469,113.08000183105469,113.08000183105469,2251.0
2025-11-17T17:50:00Z,113.05999755859375,113.05999755859375,112.98999786376953,112.98999786376953,112.98999786376953,4586.0
2025-11-17T17:51:00Z,112.98999786376953,113.02999877929688,112.98999786376953,113.01000213623047,113.01000213623047,3348.0
2025-11-17T17:52:00Z,113.0,113.0,112.87000274658203,112.87000274658203,112.87000274658203,3665.0
2025-11-17T17:53:00Z,112.8949966430664,112.8949966430664,112.86499786376953,112.87000274658203,112.87000274658203,2849.0
2025-11-17T17:54:00Z,112.81999969482422,112.82499694824219,112.77999877929688,112.77999877929688,112.77999877929688,2408.0
2025-11-17T17:55:00Z,112.79000091552734,112.80000305175781,112.7699966430664,112.79000091552734,112.79000091552734,4117.0
2025-11-17T17:56:00Z,112.79000091552734,112.87000274658203,112.7699966430664,112.87000274658203,112.87000274658203,3519.0
2025-11-17T17:57:00Z,112.87000274658203,112.93000030517578,112.87000274658203,112.93000030517578,112.93000030517578,2296.0
2025-11-17T17:58:00Z,112.94000244140625,112.94499969482422,112.88999938964844,112.91000366210938,112.91000366210938,2864.0
2025-11-17T17:59:00Z,112.91000366210938,112.91000366210938,112.81999969482422,112.83999633789062,112.83999633789062,4663.0
2025-11-17T18:00:00Z,112.87000274658203,112.87999725341797,112.83000183105469,112.8499984741211,112.8499984741211,2937.0
2025-11-17T18:01:00Z,112.83999633789062,112.83999633789062,112.79000091552734,112.79000091552734,112.79000091552734,2257.0
2025-11-17T18:02:00Z,112.78500366210938,112.80000305175781,112.77999877929688,112.80000305175781,112.80000305175781,4080.0
2025-11-17T18:03:00Z,112.80000305175781,112.80000305175781,112.69999694824219,112.69999694824219,112.69999694824219,3552.0
2025-11-17T18:04:00Z,112.69999694824219,112.7300033569336,112.66000366210938,112.66000366210938,112.66000366210938,5422.0
2025-11-17T18:05:00Z,112.6500015258789,112.69499969482422,112.6500015258789,112.69499969482422,112.69499969482422,2168.0
2025-11-17T18:06:00Z,112.68000030517578,112.69000244140625,112.6500015258789,112.6500015258789,112.6500015258789,2643.0
2025-11-17T18:07:00Z,112.6500015258789,112.70999908447266,112.6500015258789,112.69999694824219,112.69999694824219,4037.0
2025-11-17T18:08:00Z,112.72000122070312,112.72000122070312,112.66000366210938,112.66000366210938,112.66000366210938,4557.0
2025-11-17T18:09:00Z,112.65499877929688,112.67500305175781,112.65499877929688,112.67500305175781,112.67500305175781,1953.0
2025-11-17T18:10:00Z,112.68499755859375,112.75,112.68499755859375,112.69000244140625,112.69000244140625,6620.0
2025-11-17T18:11:00Z,112.69999694824219,112.69999694824219,112.62000274658203,112.62000274658203,112.62000274658203,4814.0
2025-11-17T18:12:00Z,112.5999984741211,112.66000366210938,112.5999984741211,112.66000366210938,112.66000366210938,3440.0
2025-11-17T18:13:00Z,112.68000030517578,112.7300033569336,112.66999816894531,112.70999908447266,112.70999908447266,2732.0
2025-11-17T18:14:00Z,112.72000122070312,112.76000213623047,112.72000122070312,112.72000122070312,112.72000122070312,5714.0
2025-11-17T18:15:00Z,112.71499633789062,112.74500274658203,112.66999816894531,112.66999816894531,112.66999816894531,4625.0
2025-11-17T18:16:00Z,112.66999816894531,112.69999694824219,112.6500015258789,112.6500015258789,112.6500015258789,3681.0
2025-11-17T18:17:00Z,112.63999938964844,112.6449966430664,112.62999725341797,112.6449966430664,112.6449966430664,2231.0
2025-11-17T18:18:00Z,112.63999938964844,112.66000366210938,112.61000061035156,112.61000061035156,112.61000061035156,2017.0
2025-11-17T18:19:00Z,112.63500213623047,112.66000366210938,112.62999725341797,112.62999725341797,112.62999725341797,1931.0
2025-11-17T18:20:00Z,112.6500015258789,112.68499755859375,112.6500015258789,112.68499755859375,112.68499755859375,3529.0
2025-11-17T18:21:00Z,112.68000030517578,112.70999908447266,112.67749786376953,112.68000030517578,112.68000030517578,5169.0
2025-11-17T18:22:00Z,112.66000366210938,112.66999816894531,112.625,112.63999938964844,112.63999938964844,2565.0
2025-11-17T18:23:00Z,112.62000274658203,112.6449966430664,112.61000061035156,112.6449966430664,112.6449966430664,2195.0
2025-11-17T18:24:00Z,112.66000366210938,112.70500183105469,112.66000366210938,112.70500183105469,112.70500183105469,4116.0
2025-11-17T18:25:00Z,112.69000244140625,112.69000244140625,112.66000366210938,112.66000366210938,112.66000366210938,3261.0
2025-11-17T18:26:00Z,112.6500015258789,112.69999694824219,112.62000274658203,112.69999694824219,112.69999694824219,5081.0
2025-11-17T18:27:00Z,112.72000122070312,112.77999877929688,112.72000122070312,112.77999877929688,112.77999877929688,2346.0
2025-11-17T18:28:00Z,112.79000091552734,112.79000091552734,112.7699966430664,112.7699966430664,112.7699966430664,2790.0
2025-11-17T18:29:00Z,112.79000091552734,112.80000305175781,112.75,112.7699966430664,112.7699966430664,5709.0
2025-11-17T18:30:00Z,112.73999786376953,112.73999786376953,112.69999694824219,112.69999694824219,112.69999694824219,3418.0
2025-11-17T18:31:00Z,112.7300033569336,112.76000213623047,112.69999694824219,112.76000213623047,112.76000213623047,3742.0
2025-11-17T18:32:00Z,112.76000213623047,112.79000091552734,112.75,112.75499725341797,112.75499725341797,4517.0
2025-11-17T18:33:00Z,112.75,112.77999877929688,112.73999786376953,112.73999786376953,112.73999786376953,2956.0
2025-11-17T18:34:00Z,112.79000091552734,112.79000091552734,112.76000213623047,112.76000213623047,112.76000213623047,2176.0
2025-11-17T18:35:00Z,112.76000213623047,112.76499938964844,112.72000122070312,112.72000122070312,112.72000122070312,3479.0
2025-11-17T18:36:00Z,112.70999908447266,112.7300033569336,112.69499969482422,112.72000122070312,112.72000122070312,4404.0
2025-11-17T18:37:00Z,112.69000244140625,112.69000244140625,112.66999816894531,112.69000244140625,112.69000244140625,3080.0
2025-11-17T18:38:00Z,112.68499755859375,112.69999694824219,112.62000274658203,112.62999725341797,112.62999725341797,3747.0
2025-11-17T18:39:00Z,112.6500015258789,112.6500015258789,112.62999725341797,112.64019775390625,112.64019775390625,3312.0
2025-11-17T18:40:00Z,112.6500015258789,112.69000244140625,112.63999938964844,112.63999938964844,112.63999938964844,5476.0
2025-11-17T18:41:00Z,112.63999938964844,112.6500015258789,112.6050033569336,112.61000061035156,112.61000061035156,4058.0
2025-11-17T18:42:00Z,112.62999725341797,112.65750122070312,112.61000061035156,112.62999725341797,112.62999725341797,3677.0
2025-11-17T18:43:00Z,112.62249755859375,112.66000366210938,112.62249755859375,112.66000366210938,112.66000366210938,5838.0
2025-11-17T18:44:00Z,112.63999938964844,112.66000366210938,112.63999938964844,112.66000366210938,112.66000366210938,1878.0
2025-11-17T18:45:00Z,112.66999816894531,112.66999816894531,112.63999938964844,112.6500015258789,112.6500015258789,4898.0
2025-11-17T18:46:00Z,112.62999725341797,112.6500015258789,112.62000274658203,112.63999938964844,112.63999938964844,2822.0
2025-11-17T18:47:00Z,112.65499877929688,112.70999908447266,112.65499877929688,112.66000366210938,112.66000366210938,4316.0
2025-11-17T18:48:00Z,112.66999816894531,112.7249984741211,112.66999816894531,112.7249984741211,112.7249984741211,6316.0
2025-11-17T18:49:00Z,112.72000122070312,112.72000122070312,112.68499755859375,112.68499755859375,112.68499755859375,3113.0
2025-11-17T18:50:00Z,112.69000244140625,112.7699966430664,112.69000244140625,112.7249984741211,112.7249984741211,8533.0
2025-11-17T18:51:00Z,112.69999694824219,112.70500183105469,112.68000030517578,112.69000244140625,112.69000244140625,3657.0
2025-11-17T18:52:00Z,112.68499755859375,112.69499969482422,112.68000030517578,112.69499969482422,112.69499969482422,1384.0
2025-11-17T18:53:00Z,112.69499969482422,112.69499969482422,112.63999938964844,112.6449966430664,112.6449966430664,5272.0
2025-11-17T18:54:00Z,112.63999938964844,112.66000366210938,112.62999725341797,112.62999725341797,112.62999725341797,2909.0
2025-11-17T18:55:00Z,112.62000274658203,112.62000274658203,112.52999877929688,112.55999755859375,112.55999755859375,4341.0
2025-11-17T18:56:00Z,112.56999969482422,112.62000274658203,112.55999755859375,112.62000274658203,112.62000274658203,4430.0
2025-11-17T18:57:00Z,112.62000274658203,112.6500015258789,112.62000274658203,112.625,112.625,4826.0
2025-11-17T18:58:00Z,112.61000061035156,112.62000274658203,112.55999755859375,112.56500244140625,112.56500244140625,3887.0
2025-11-17T18:59:00Z,112.58000183105469,112.5999984741211,112.5199966430664,112.5199966430664,112.5199966430664,5207.0
2025-11-17T19:00:00Z,112.51000213623047,112.5199966430664,112.48999786376953,112.51000213623047,112.51000213623047,5472.0
2025-11-17T19:01:00Z,112.52999877929688,112.52999877929688,112.47000122070312,112.4800033569336,112.4800033569336,5029.0
2025-11-17T19:02:00Z,112.5,112.5199966430664,112.37999725341797,112.38999938964844,112.38999938964844,30796.0
2025-11-17T19:03:00Z,112.37000274658203,112.43499755859375,112.32499694824219,112.43499755859375,112.43499755859375,11449.0
2025-11-17T19:04:00Z,112.41999816894531,112.4800033569336,112.41999816894531,112.4800033569336,112.4800033569336,2618.0
2025-11-17T19:05:00Z,112.45999908447266,112.45999908447266,112.38999938964844,112.40499877929688,112.40499877929688,6727.0
2025-11-17T19:06:00Z,112.44999694824219,112.44999694824219,112.43000030517578,112.44999694824219,112.44999694824219,2010.0
2025-11-17T19:07:00Z,112.41999816894531,112.41999816894531,112.3949966430664,112.41000366210938,112.41000366210938,3951.0
2025-11-17T19:08:00Z,112.43000030517578,112.44000244140625,112.41000366210938,112.44000244140625,112.44000244140625,2989.0
2025-11-17T19:09:00Z,112.42500305175781,112.48999786376953,112.41000366210938,112.44000244140625,112.44000244140625,7506.0
2025-11-17T19:10:00Z,112.41500091552734,112.43499755859375,112.37000274658203,112.41500091552734,112.41500091552734,3066.0
2025-11-17T19:11:00Z,112.44000244140625,112.44999694824219,112.41999816894531,112.44499969482422,112.44499969482422,3109.0
2025-11-17T19:12:00Z,112.4800033569336,112.52999877929688,112.4800033569336,112.5,112.5,4683.0
2025-11-17T19:13:00Z,112.49500274658203,112.5,112.43499755859375,112.43499755859375,112.43499755859375,3610.0
2025-11-17T19:14:00Z,112.41999816894531,112.41999816894531,112.37000274658203,112.38500213623047,112.38500213623047,3357.0
2025-11-17T19:15:00Z,112.41000366210938,112.4800033569336,112.38999938964844,112.42500305175781,112.42500305175781,5804.0
2025-11-17T19:16:00Z,112.47000122070312,112.47000122070312,112.44999694824219,112.44999694824219,112.44999694824219,1341.0
2025-11-17T19:17:00Z,112.4800033569336,112.54000091552734,112.4800033569336,112.52999877929688,112.52999877929688,4035.0
2025-11-17T19:18:00Z,112.52999877929688,112.55000305175781,112.52999877929688,112.52999877929688,112.52999877929688,3517.0
2025-11-17T19:19:00Z,112.52999877929688,112.54499816894531,112.5199966430664,112.54000091552734,112.54000091552734,3072.0
2025-11-17T19:20:00Z,112.5199966430664,112.56999969482422,112.5199966430664,112.56999969482422,112.56999969482422,4187.0
2025-11-17T19:21:00Z,112.55000305175781,112.56999969482422,112.54000091552734,112.55999755859375,112.55999755859375,2831.0
2025-11-17T19:22:00Z,112.55999755859375,112.55999755859375,112.52999877929688,112.54000091552734,112.54000091552734,4671.0
2025-11-17T19:23:00Z,112.54000091552734,112.5999984741211,112.5250015258789,112.52999877929688,112.52999877929688,7627.0
2025-11-17T19:24:00Z,112.5250015258789,112.55999755859375,112.51000213623047,112.53500366210938,112.53500366210938,6410.0
2025-11-17T19:25:00Z,112.52999877929688,112.52999877929688,112.44999694824219,112.44999694824219,112.44999694824219,4026.0
2025-11-17T19:26:00Z,112.41999816894531,112.41999816894531,112.37999725341797,112.4000015258789,112.4000015258789,3128.0
2025-11-17T19:27:00Z,112.41999816894531,112.5,112.41999816894531,112.5,112.5,3408.0
2025-11-17T19:28:00Z,112.4800033569336,112.4800033569336,112.44999694824219,112.47000122070312,112.47000122070312,2122.0
2025-11-17T19:29:00Z,112.44000244140625,112.46499633789062,112.44000244140625,112.44999694824219,112.44999694824219,2335.0
2025-11-17T19:30:00Z,112.44000244140625,112.45999908447266,112.4000015258789,112.40499877929688,112.40499877929688,4588.0
2025-11-17T19:31:00Z,112.40499877929688,112.41999816894531,112.37999725341797,112.37999725341797,112.37999725341797,3282.0
2025-11-17T19:32:00Z,112.37000274658203,112.4000015258789,112.33000183105469,112.4000015258789,112.4000015258789,4211.0
2025-11-17T19:33:00Z,112.4000015258789,112.41000366210938,112.37000274658203,112.4000015258789,112.4000015258789,3988.0
2025-11-17T19:34:00Z,112.37999725341797,112.38999938964844,112.36000061035156,112.36000061035156,112.36000061035156,2962.0
2025-11-17T19:35:00Z,112.36499786376953,112.41000366210938,112.3499984741211,112.36000061035156,112.36000061035156,5538.0
2025-11-17T19:36:00Z,112.38999938964844,112.41999816894531,112.3550033569336,112.3550033569336,112.3550033569336,5368.0
2025-11-17T19:37:00Z,112.36000061035156,112.37000274658203,112.3499984741211,112.37000274658203,112.37000274658203,2701.0
2025-11-17T19:38:00Z,112.37000274658203,112.37999725341797,112.30999755859375,112.30999755859375,112.30999755859375,5719.0
2025-11-17T19:39:00Z,112.32499694824219,112.3499984741211,112.31999969482422,112.32099914550781,112.32099914550781,3173.0
2025-11-17T19:40:00Z,112.31999969482422,112.31999969482422,112.2300033569336,112.2300033569336,112.2300033569336,5955.0
2025-11-17T19:41:00Z,112.26000213623047,112.2750015258789,112.24500274658203,112.24500274658203,112.24500274658203,3350.0
2025-11-17T19:42:00Z,112.2300033569336,112.23999786376953,112.19999694824219,112.19999694824219,112.19999694824219,3622.0
2025-11-17T19:43:00Z,112.19999694824219,112.2300033569336,112.18000030517578,112.2300033569336,112.2300033569336,4242.0
2025-11-17T19:44:00Z,112.25,112.25,112.19999694824219,112.2300033569336,112.2300033569336,3364.0
2025-11-17T19:45:00Z,112.2300033569336,112.2300033569336,112.12999725341797,112.1500015258789,112.1500015258789,5237.0
2025-11-17T19:46:00Z,112.13999938964844,112.16000366210938,112.12999725341797,112.13999938964844,112.13999938964844,3655.0
2025-11-17T19:47:00Z,112.1500015258789,112.23999786376953,112.1500015258789,112.19249725341797,112.19249725341797,4821.0
2025-11-17T19:48:00Z,112.18499755859375,112.21499633789062,112.18499755859375,112.19999694824219,112.19999694824219,2286.0
2025-11-17T19:49:00Z,112.19999694824219,112.2300033569336,112.1500015258789,112.16999816894531,112.16999816894531,7255.0
2025-11-17T19:50:00Z,112.17500305175781,112.19499969482422,112.1500015258789,112.1500015258789,112.1500015258789,3254.0
2025-11-17T19:51:00Z,112.13999938964844,112.13999938964844,112.04000091552734,112.06999969482422,112.06999969482422,10395.0
2025-11-17T19:52:00Z,112.08000183105469,112.11499786376953,112.08000183105469,112.08000183105469,112.08000183105469,3017.0
2025-11-17T19:53:00Z,112.06539916992188,112.06539916992188,111.9800033569336,112.02999877929688,112.02999877929688,5279.0
2025-11-17T19:54:00Z,112.05999755859375,112.06999969482422,112.0199966430664,112.05000305175781,112.05000305175781,5470.0
2025-11-17T19:55:00Z,112.05000305175781,112.09500122070312,112.05000305175781,112.09500122070312,112.09500122070312,4266.0
2025-11-17T19:56:00Z,112.06999969482422,112.06999969482422,112.0,112.05000305175781,112.05000305175781,5085.0
2025-11-17T19:57:00Z,112.05999755859375,112.11499786376953,112.05999755859375,112.0999984741211,112.0999984741211,4167.0
2025-11-17T19:58:00Z,112.0999984741211,112.12999725341797,112.09500122070312,112.11000061035156,112.11000061035156,5593.0
2025-11-17T19:59:00Z,112.11000061035156,112.11000061035156,112.04000091552734,112.05000305175781,112.05000305175781,4978.0
2025-11-17T20:00:00Z,112.04000091552734,112.04000091552734,111.97000122070312,112.0,112.0,6897.0
2025-11-17T20:01:00Z,112.0,112.0,111.95999908447266,111.98999786376953,111.98999786376953,4490.0
2025-11-17T20:02:00Z,111.98999786376953,112.01000213623047,111.98999786376953,111.98999786376953,111.98999786376953,3983.0
2025-11-17T20:03:00Z,111.98999786376953,112.0,111.95999908447266,111.95999908447266,111.95999908447266,4016.0
2025-11-17T20:04:00Z,112.0,112.05999755859375,112.0,112.04499816894531,112.04499816894531,4589.0
2025-11-17T20:05:00Z,112.02999877929688,112.05999755859375,111.97000122070312,111.9800033569336,111.9800033569336,6445.0
2025-11-17T20:06:00Z,111.97000122070312,112.02999877929688,111.97000122070312,111.9800033569336,111.9800033569336,6194.0
2025-11-17T20:07:00Z,112.0,112.05999755859375,111.98999786376953,112.05000305175781,112.05000305175781,9334.0
2025-11-17T20:08:00Z,112.05999755859375,112.08000183105469,112.0250015258789,112.05999755859375,112.05999755859375,3519.0
2025-11-17T20:09:00Z,112.05999755859375,112.05999755859375,111.9800033569336,112.0,112.0,6375.0
2025-11-17T20:10:00Z,112.0250015258789,112.10250091552734,112.0250015258789,112.05999755859375,112.05999755859375,8091.0
2025-11-17T20:11:00Z,112.05999755859375,112.05999755859375,111.96499633789062,111.98999786376953,111.98999786376953,7000.0
2025-11-17T20:12:00Z,111.97000122070312,112.0,111.94499969482422,112.0,112.0,4195.0
2025-11-17T20:13:00Z,111.98999786376953,112.08999633789062,111.9801025390625,112.0,112.0,12284.0
2025-11-17T20:14:00Z,112.0199966430664,112.04499816894531,112.01000213623047,112.02999877929688,112.02999877929688,5300.0
2025-11-17T20:15:00Z,112.01000213623047,112.05999755859375,111.98500061035156,112.05999755859375,112.05999755859375,7899.0
2025-11-17T20:16:00Z,112.04000091552734,112.05000305175781,111.98999786376953,111.98999786376953,111.98999786376953,11044.0
2025-11-17T20:17:00Z,111.9800033569336,112.05000305175781,111.9800033569336,112.05000305175781,112.05000305175781,5202.0
2025-11-17T20:18:00Z,112.05000305175781,112.1500015258789,112.05000305175781,112.1500015258789,112.1500015258789,7071.0
2025-11-17T20:19:00Z,112.12999725341797,112.12999725341797,112.06999969482422,112.06999969482422,112.06999969482422,8119.0
2025-11-17T20:20:00Z,112.05999755859375,112.09500122070312,112.05999755859375,112.05999755859375,112.05999755859375,5812.0
2025-11-17T20:21:00Z,112.06999969482422,112.08280181884766,112.05000305175781,112.05999755859375,112.05999755859375,4619.0
2025-11-17T20:22:00Z,112.05999755859375,112.05999755859375,112.04000091552734,112.05000305175781,112.05000305175781,4290.0
2025-11-17T20:23:00Z,112.08999633789062,112.08999633789062,112.05999755859375,112.08499908447266,112.08499908447266,7814.0
2025-11-17T20:24:00Z,112.08499908447266,112.09750366210938,112.05999755859375,112.08000183105469,112.08000183105469,9049.0
2025-11-17T20:25:00Z,112.08000183105469,112.16999816894531,112.08000183105469,112.1449966430664,112.1449966430664,8417.0
2025-11-17T20:26:00Z,112.16000366210938,112.20999908447266,112.1500015258789,112.19000244140625,112.19000244140625,7190.0
2025-11-17T20:27:00Z,112.16000366210938,112.18000030517578,112.12999725341797,112.12999725341797,112.12999725341797,6007.0
2025-11-17T20:28:00Z,112.13999938964844,112.19999694824219,112.08999633789062,112.1050033569336,112.1050033569336,7933.0
2025-11-17T20:29:00Z,112.12999725341797,112.1449966430664,112.0999984741211,112.12999725341797,112.12999725341797,6873.0
2025-11-17T20:30:00Z,112.1500015258789,112.1500015258789,112.04000091552734,112.08000183105469,112.08000183105469,14016.0
2025-11-17T20:31:00Z,112.05999755859375,112.11000061035156,112.04000091552734,112.07009887695312,112.07009887695312,9890.0
2025-11-17T20:32:00Z,112.08499908447266,112.0999984741211,112.05500030517578,112.05500030517578,112.05500030517578,8269.0
2025-11-17T20:33:00Z,112.05500030517578,112.06999969482422,112.04000091552734,112.05000305175781,112.05000305175781,12868.0
2025-11-17T20:34:00Z,112.06999969482422,112.06999969482422,111.9800033569336,112.01000213623047,112.01000213623047,16778.0
2025-11-17T20:35:00Z,112.0,112.12999725341797,112.0,112.12999725341797,112.12999725341797,10777.0
2025-11-17T20:36:00Z,112.12000274658203,112.16000366210938,112.11000061035156,112.16000366210938,112.16000366210938,10468.0
2025-11-17T20:37:00Z,112.13999938964844,112.13999938964844,112.08999633789062,112.0999984741211,112.0999984741211,7843.0
2025-11-17T20:38:00Z,112.11000061035156,112.12999725341797,112.08999633789062,112.12000274658203,112.12000274658203,5310.0
2025-11-17T20:39:00Z,112.12999725341797,112.18000030517578,112.12999725341797,112.17520141601562,112.17520141601562,8303.0
2025-11-17T20:40:00Z,112.16999816894531,112.19249725341797,112.12999725341797,112.1500015258789,112.1500015258789,12387.0
2025-11-17T20:41:00Z,112.13999938964844,112.1449966430664,112.11000061035156,112.11750030517578,112.11750030517578,5368.0
2025-11-17T20:42:00Z,112.13999938964844,112.16000366210938,112.11000061035156,112.13500213623047,112.13500213623047,10684.0
2025-11-17T20:43:00Z,112.13999938964844,112.1500015258789,112.12999725341797,112.1500015258789,112.1500015258789,9811.0
2025-11-17T20:44:00Z,112.16000366210938,112.19000244140625,112.1500015258789,112.18000030517578,112.18000030517578,11282.0
2025-11-17T20:45:00Z,112.16999816894531,112.19999694824219,112.13500213623047,112.18000030517578,112.18000030517578,12524.0
2025-11-17T20:46:00Z,112.18000030517578,112.22000122070312,112.16000366210938,112.22000122070312,112.22000122070312,9945.0
2025-11-17T20:47:00Z,112.20999908447266,112.23999786376953,112.19499969482422,112.23999786376953,112.23999786376953,11558.0
2025-11-17T20:48:00Z,112.22000122070312,112.22000122070312,112.12999725341797,112.13999938964844,112.13999938964844,14630.0
2025-11-17T20:49:00Z,112.12999725341797,112.13999938964844,112.08000183105469,112.11499786376953,112.11499786376953,23903.0
2025-11-17T20:50:00Z,112.12999725341797,112.12999725341797,112.01000213623047,112.05999755859375,112.05999755859375,27092.0
2025-11-17T20:51:00Z,112.08000183105469,112.12899780273438,112.0199966430664,112.04000091552734,112.04000091552734,22523.0
2025-11-17T20:52:00Z,112.04000091552734,112.12000274658203,112.0199966430664,112.11000061035156,112.11000061035156,16598.0
2025-11-17T20:53:00Z,112.12000274658203,112.12000274658203,112.0199966430664,112.0199966430664,112.0199966430664,24332.0
2025-11-17T20:54:00Z,112.02999877929688,112.05999755859375,111.9749984741211,112.02999877929688,112.02999877929688,31476.0
2025-11-17T20:55:00Z,112.0199966430664,112.06999969482422,111.96499633789062,112.06999969482422,112.06999969482422,50600.0
2025-11-17T20:56:00Z,112.08999633789062,112.12999725341797,112.08499908447266,112.12999725341797,112.12999725341797,46034.0
2025-11-17T20:57:00Z,112.12999725341797,112.13999938964844,112.08999633789062,112.1050033569336,112.1050033569336,51160.0
2025-11-17T20:58:00Z,112.1050033569336,112.16999816894531,112.08999633789062,112.16999816894531,112.16999816894531,49060.0
2025-11-17T20:59:00Z,112.16999816894531,112.26499938964844,112.12999725341797,112.26000213623047,112.26000213623047,111301.0
2025-11-18T14:31:00Z,111.70500183105469,112.06999969482422,111.70500183105469,111.84500122070312,111.84500122070312,11064.0
2025-11-18T14:32:00Z,111.9000015258789,111.9000015258789,111.61000061035156,111.7300033569336,111.7300033569336,2445.0
2025-11-18T14:33:00Z,111.69499969482422,111.8550033569336,111.56999969482422,111.8550033569336,111.8550033569336,5412.0
2025-11-18T14:34:00Z,111.87999725341797,112.0,111.79499816894531,111.92500305175781,111.92500305175781,2819.0
2025-11-18T14:35:00Z,111.95999908447266,111.95999908447266,111.95999908447266,111.95999908447266,111.95999908447266,1031.0
2025-11-18T14:36:00Z,111.8499984741211,112.16000366210938,111.83000183105469,112.16000366210938,112.16000366210938,5204.0
2025-11-18T14:37:00Z,111.98999786376953,112.18000030517578,111.98999786376953,112.11000061035156,112.11000061035156,1659.0
2025-11-18T14:38:00Z,112.13999938964844,112.16000366210938,112.07499694824219,112.16000366210938,112.16000366210938,1210.0
2025-11-18T14:39:00Z,112.0999984741211,112.19000244140625,112.05999755859375,112.19000244140625,112.19000244140625,3999.0
2025-11-18T14:40:00Z,112.23999786376953,112.29000091552734,112.18000030517578,112.18000030517578,112.18000030517578,2454.0
2025-11-18T14:41:00Z,112.18000030517578,112.18000030517578,112.00499725341797,112.0199966430664,112.0199966430664,3028.0
2025-11-18T14:42:00Z,112.08000183105469,112.1500015258789,111.98999786376953,112.1500015258789,112.1500015258789,3118.0
2025-11-18T14:43:00Z,112.16999816894531,112.43000030517578,112.12000274658203,112.30000305175781,112.30000305175781,3504.0
2025-11-18T14:44:00Z,112.27999877929688,112.33000183105469,112.20999908447266,112.29000091552734,112.29000091552734,2854.0
2025-11-18T14:45:00Z,112.19999694824219,112.2300033569336,112.12999725341797,112.13999938964844,112.13999938964844,2743.0
2025-11-18T14:46:00Z,112.05000305175781,112.11000061035156,112.05000305175781,112.0999984741211,112.0999984741211,3754.0
2025-11-18T14:47:00Z,112.16000366210938,112.16000366210938,112.05000305175781,112.05000305175781,112.05000305175781,1851.0
2025-11-18T14:48:00Z,112.01000213623047,112.1050033569336,111.94999694824219,111.97000122070312,111.97000122070312,5376.0
2025-11-18T14:49:00Z,112.02999877929688,112.06999969482422,111.94999694824219,112.06999969482422,112.06999969482422,5341.0
2025-11-18T14:50:00Z,112.0199966430664,112.0199966430664,111.88999938964844,111.88999938964844,111.88999938964844,1028.0
2025-11-18T14:51:00Z,111.93499755859375,111.93499755859375,111.7300033569336,111.73999786376953,111.73999786376953,4872.0
2025-11-18T14:52:00Z,111.70999908447266,111.7300033569336,111.69999694824219,111.70999908447266,111.70999908447266,1707.0
2025-11-18T14:53:00Z,111.66000366210938,112.0999984741211,111.66000366210938,112.0,112.0,4824.0
2025-11-18T14:54:00Z,112.06999969482422,112.13999938964844,112.06999969482422,112.12169647216797,112.12169647216797,2633.0
2025-11-18T14:55:00Z,112.1050033569336,112.12999725341797,111.87999725341797,111.9800033569336,111.9800033569336,2521.0
2025-11-18T14:56:00Z,111.95999908447266,111.95999908447266,111.66000366210938,111.66000366210938,111.66000366210938,2121.0
2025-11-18T14:57:00Z,111.83999633789062,111.98999786376953,111.83999633789062,111.98999786376953,111.98999786376953,4394.0
2025-11-18T14:58:00Z,111.9800033569336,112.16000366210938,111.86000061035156,112.16000366210938,112.16000366210938,4045.0
2025-11-18T14:59:00Z,112.11000061035156,112.13999938964844,112.0199966430664,112.0199966430664,112.0199966430664,2449.0
2025-11-18T15:00:00Z,112.06999969482422,112.11000061035156,111.95999908447266,112.0999984741211,112.0999984741211,7071.0
2025-11-18T15:01:00Z,112.13999938964844,112.30000305175781,112.13999938964844,112.30000305175781,112.30000305175781,4252.0
2025-11-18T15:02:00Z,112.36000061035156,112.47000122070312,112.31999969482422,112.43499755859375,112.43499755859375,3801.0
2025-11-18T15:03:00Z,112.23999786376953,112.27999877929688,112.18000030517578,112.19000244140625,112.19000244140625,4896.0
2025-11-18T15:04:00Z,112.16999816894531,112.18000030517578,112.01000213623047,112.01000213623047,112.01000213623047,3530.0
2025-11-18T15:05:00Z,112.0199966430664,112.05999755859375,111.94000244140625,112.01000213623047,112.01000213623047,3286.0
2025-11-18T15:06:00Z,112.0,112.06999969482422,111.98999786376953,111.98999786376953,111.98999786376953,2654.0
2025-11-18T15:07:00Z,112.08000183105469,112.12000274658203,111.9000015258789,111.91000366210938,111.91000366210938,5982.0
2025-11-18T15:08:00Z,111.94999694824219,111.98999786376953,111.83000183105469,111.94000244140625,111.94000244140625,3643.0
2025-11-18T15:09:00Z,111.93499755859375,111.9800033569336,111.83999633789062,111.94999694824219,111.94999694824219,10760.0
2025-11-18T15:10:00Z,111.93199920654297,112.04000091552734,111.93000030517578,112.04000091552734,112.04000091552734,4430.0
2025-11-18T15:11:00Z,112.07499694824219,112.20500183105469,112.06999969482422,112.09500122070312,112.09500122070312,3159.0
2025-11-18T15:12:00Z,112.12999725341797,112.18000030517578,112.06999969482422,112.12000274658203,112.12000274658203,2384.0
2025-11-18T15:13:00Z,112.12999725341797,112.16999816894531,112.12999725341797,112.16999816894531,112.16999816894531,2687.0
2025-11-18T15:14:00Z,112.18499755859375,112.23500061035156,112.08999633789062,112.08999633789062,112.08999633789062,9828.0
2025-11-18T15:15:00Z,112.05999755859375,112.05999755859375,111.97000122070312,112.0,112.0,5702.0
2025-11-18T15:16:00Z,111.95999908447266,112.0199966430664,111.95999908447266,112.0,112.0,4246.0
2025-11-18T15:17:00Z,111.97000122070312,112.0,111.93000030517578,111.95999908447266,111.95999908447266,3108.0
2025-11-18T15:18:00Z,111.95999908447266,111.95999908447266,111.87999725341797,111.87999725341797,111.87999725341797,3166.0
2025-11-18T15:19:00Z,111.87999725341797,111.87999725341797,111.77999877929688,111.78500366210938,111.78500366210938,3720.0
2025-11-18T15:20:00Z,111.78500366210938,111.79000091552734,111.7300033569336,111.73999786376953,111.73999786376953,2542.0
2025-11-18T15:21:00Z,111.75499725341797,111.91999816894531,111.75499725341797,111.87999725341797,111.87999725341797,4533.0
2025-11-18T15:22:00Z,111.83999633789062,111.83999633789062,111.78500366210938,111.83000183105469,111.83000183105469,4305.0
2025-11-18T15:23:00Z,111.8550033569336,111.8550033569336,111.81500244140625,111.83000183105469,111.83000183105469,6908.0
2025-11-18T15:24:00Z,111.84500122070312,111.91999816894531,111.84500122070312,111.91999816894531,111.91999816894531,3330.0
2025-11-18T15:25:00Z,111.91999816894531,112.0199966430664,111.91999816894531,112.0199966430664,112.0199966430664,3880.0
2025-11-18T15:26:00Z,112.04000091552734,112.0719985961914,112.01000213623047,112.01000213623047,112.01000213623047,2282.0
2025-11-18T15:27:00Z,111.9800033569336,111.9800033569336,111.83999633789062,111.83999633789062,111.83999633789062,2918.0
2025-11-18T15:28:00Z,111.86000061035156,111.88999938964844,111.83000183105469,111.88999938964844,111.88999938964844,2065.0
2025-11-18T15:29:00Z,111.8550033569336,111.8550033569336,111.73380279541016,111.80000305175781,111.80000305175781,2615.0
2025-11-18T15:30:00Z,111.81999969482422,111.83000183105469,111.7699966430664,111.79499816894531,111.79499816894531,3633.0
2025-11-18T15:31:00Z,111.7699966430664,111.80999755859375,111.75499725341797,111.80999755859375,111.80999755859375,2741.0
2025-11-18T15:32:00Z,111.80999755859375,112.01000213623047,111.80999755859375,112.01000213623047,112.01000213623047,3668.0
2025-11-18T15:33:00Z,112.05000305175781,112.05999755859375,112.01000213623047,112.05999755859375,112.05999755859375,1581.0
2025-11-18T15:34:00Z,112.05000305175781,112.05999755859375,111.80999755859375,111.80999755859375,111.80999755859375,3498.0
2025-11-18T15:35:00Z,111.83999633789062,111.91000366210938,111.83999633789062,111.8949966430664,111.8949966430664,1711.0
2025-11-18T15:36:00Z,111.94000244140625,111.96499633789062,111.94000244140625,111.96499633789062,111.96499633789062,2049.0
2025-11-18T15:37:00Z,111.95999908447266,112.01000213623047,111.94999694824219,111.97000122070312,111.97000122070312,3953.0
2025-11-18T15:38:00Z,111.9800033569336,112.0,111.97000122070312,111.97000122070312,111.97000122070312,2391.0
2025-11-18T15:39:00Z,112.01000213623047,112.01000213623047,111.9000015258789,111.93000030517578,111.93000030517578,4294.0
2025-11-18T15:40:00Z,111.94999694824219,111.94999694824219,111.87000274658203,111.88500213623047,111.88500213623047,2887.0
2025-11-18T15:41:00Z,111.88999938964844,111.97000122070312,111.88569641113281,111.96499633789062,111.96499633789062,3479.0
2025-11-18T15:42:00Z,111.98999786376953,112.04000091552734,111.9800033569336,112.03669738769531,112.03669738769531,2916.0
2025-11-18T15:43:00Z,112.0,112.02999877929688,112.0,112.0199966430664,112.0199966430664,939.0
2025-11-18T15:44:00Z,112.05000305175781,112.08999633789062,112.0199966430664,112.08999633789062,112.08999633789062,3819.0
2025-11-18T15:45:00Z,112.08999633789062,112.08999633789062,112.0,112.0,112.0,3276.0
2025-11-18T15:46:00Z,112.0,112.02999877929688,112.0,112.02999877929688,112.02999877929688,1236.0
2025-11-18T15:47:00Z,112.0199966430664,112.06999969482422,112.0,112.0,112.0,2741.0
2025-11-18T15:48:00Z,111.97000122070312,111.97000122070312,111.88999938964844,111.88999938964844,111.88999938964844,2495.0
2025-11-18T15:49:00Z,111.88500213623047,111.9800033569336,111.88500213623047,111.97000122070312,111.97000122070312,4649.0
2025-11-18T15:50:00Z,112.0199966430664,112.05000305175781,112.0199966430664,112.05000305175781,112.05000305175781,1493.0
2025-11-18T15:51:00Z,112.05999755859375,112.05999755859375,112.0,112.05000305175781,112.05000305175781,3353.0
2025-11-18T15:52:00Z,112.0,112.04000091552734,112.0,112.0,112.0,5182.0
2025-11-18T15:53:00Z,111.97000122070312,112.01000213623047,111.97000122070312,112.0,112.0,1099.0
2025-11-18T15:54:00Z,112.0,112.0,111.97000122070312,111.98999786376953,111.98999786376953,1367.0
2025-11-18T15:55:00Z,112.01000213623047,112.06999969482422,111.98999786376953,112.04000091552734,112.04000091552734,5854.0
2025-11-18T15:56:00Z,111.98999786376953,112.0,111.95999908447266,112.0,112.0,2217.0
2025-11-18T15:57:00Z,111.94999694824219,111.95999908447266,111.88500213623047,111.88500213623047,111.88500213623047,3022.0
2025-11-18T15:58:00Z,111.86000061035156,111.99500274658203,111.8499984741211,111.94999694824219,111.94999694824219,5107.0
2025-11-18T15:59:00Z,111.94000244140625,111.94000244140625,111.88999938964844,111.91000366210938,111.91000366210938,2620.0
2025-11-18T16:00:00Z,111.88999938964844,111.94999694824219,111.88999938964844,111.94000244140625,111.94000244140625,6480.0
2025-11-18T16:01:00Z,111.97000122070312,112.0250015258789,111.97000122070312,111.98999786376953,111.98999786376953,2674.0
2025-11-18T16:02:00Z,111.966796875,112.0199966430664,111.91999816894531,111.93499755859375,111.93499755859375,3517.0
2025-11-18T16:03:00Z,111.93499755859375,112.05000305175781,111.93499755859375,112.05000305175781,112.05000305175781,4074.0
2025-11-18T16:04:00Z,112.08000183105469,112.1720962524414,112.08000183105469,112.11000061035156,112.11000061035156,1881.0
2025-11-18T16:05:00Z,112.0999984741211,112.10430908203125,112.02999877929688,112.04000091552734,112.04000091552734,4779.0
2025-11-18T16:06:00Z,112.06999969482422,112.06999969482422,112.04000091552734,112.04000091552734,112.04000091552734,1336.0
2025-11-18T16:07:00Z,112.06999969482422,112.11319732666016,112.06500244140625,112.06500244140625,112.06500244140625,3124.0
2025-11-18T16:08:00Z,112.08000183105469,112.08000183105469,112.02999877929688,112.05000305175781,112.05000305175781,4844.0
2025-11-18T16:09:00Z,112.05000305175781,112.08000183105469,112.05000305175781,112.08000183105469,112.08000183105469,2122.0
2025-11-18T16:10:00Z,112.0999984741211,112.13500213623047,112.0999984741211,112.12999725341797,112.12999725341797,2709.0
2025-11-18T16:11:00Z,112.12000274658203,112.12000274658203,112.0250015258789,112.05999755859375,112.05999755859375,3155.0
2025-11-18T16:12:00Z,112.0999984741211,112.1500015258789,112.09500122070312,112.12000274658203,112.12000274658203,3995.0
2025-11-18T16:13:00Z,112.13500213623047,112.13999938964844,112.05999755859375,112.12000274658203,112.12000274658203,4013.0
2025-11-18T16:14:00Z,112.12999725341797,112.16000366210938,112.11000061035156,112.12000274658203,112.12000274658203,2464.0
2025-11-18T16:15:00Z,112.08999633789062,112.1449966430664,112.08999633789062,112.13999938964844,112.13999938964844,3910.0
2025-11-18T16:16:00Z,112.11000061035156,112.12000274658203,112.08999633789062,112.08999633789062,112.08999633789062,1966.0
2025-11-18T16:17:00Z,112.08000183105469,112.0999984741211,112.06999969482422,112.08000183105469,112.08000183105469,2565.0
2025-11-18T16:18:00Z,112.0999984741211,112.12000274658203,112.08000183105469,112.08999633789062,112.08999633789062,3544.0
2025-11-18T16:19:00Z,112.0999984741211,112.2074966430664,112.0999984741211,112.13999938964844,112.13999938964844,4087.0
2025-11-18T16:20:00Z,112.19000244140625,112.26000213623047,112.16000366210938,112.26000213623047,112.26000213623047,3127.0
2025-11-18T16:21:00Z,112.25,112.29499816894531,112.25,112.25,112.25,3255.0
2025-11-18T16:22:00Z,112.23999786376953,112.23999786376953,112.18000030517578,112.20999908447266,112.20999908447266,6836.0
2025-11-18T16:23:00Z,112.22000122070312,112.22000122070312,112.18000030517578,112.18499755859375,112.18499755859375,1358.0
2025-11-18T16:24:00Z,112.19499969482422,112.26000213623047,112.19499969482422,112.26000213623047,112.26000213623047,2991.0
2025-11-18T16:25:00Z,112.2699966430664,112.29830169677734,112.26000213623047,112.27999877929688,112.27999877929688,2916.0
2025-11-18T16:26:00Z,112.2750015258789,112.31999969482422,112.26249694824219,112.31500244140625,112.31500244140625,3804.0
2025-11-18T16:27:00Z,112.31999969482422,112.31999969482422,112.23500061035156,112.23500061035156,112.23500061035156,3367.0
2025-11-18T16:28:00Z,112.2699966430664,112.27999877929688,112.23999786376953,112.2699966430664,112.2699966430664,4383.0
2025-11-18T16:29:00Z,112.31999969482422,112.31999969482422,112.31999969482422,112.31999969482422,112.31999969482422,1286.0
2025-11-18T16:30:00Z,112.29000091552734,112.33000183105469,112.29000091552734,112.30999755859375,112.30999755859375,6564.0
2025-11-18T16:31:00Z,112.30000305175781,112.31999969482422,112.27999877929688,112.27999877929688,112.27999877929688,3153.0
2025-11-18T16:32:00Z,112.25,112.26000213623047,112.19999694824219,112.19999694824219,112.19999694824219,2318.0
2025-11-18T16:33:00Z,112.22000122070312,112.29499816894531,112.22000122070312,112.29499816894531,112.29499816894531,2976.0
2025-11-18T16:34:00Z,112.22000122070312,112.25,112.19999694824219,112.2300033569336,112.2300033569336,2847.0
2025-11-18T16:35:00Z,112.19999694824219,112.20999908447266,112.1500015258789,112.16000366210938,112.16000366210938,6919.0
2025-11-18T16:36:00Z,112.16000366210938,112.19499969482422,112.1500015258789,112.19499969482422,112.19499969482422,2527.0
2025-11-18T16:37:00Z,112.1948013305664,112.25499725341797,112.1948013305664,112.21499633789062,112.21499633789062,3691.0
2025-11-18T16:38:00Z,112.23999786376953,112.23999786376953,112.19999694824219,112.19999694824219,112.19999694824219,2360.0
2025-11-18T16:39:00Z,112.19999694824219,112.2385025024414,112.19999694824219,112.22000122070312,112.22000122070312,2395.0
2025-11-18T16:40:00Z,112.20999908447266,112.20999908447266,112.16000366210938,112.16500091552734,112.16500091552734,8416.0
2025-11-18T16:41:00Z,112.19000244140625,112.20999908447266,112.18000030517578,112.20999908447266,112.20999908447266,2935.0
2025-11-18T16:42:00Z,112.19999694824219,112.20500183105469,112.16000366210938,112.16000366210938,112.16000366210938,2026.0
2025-11-18T16:43:00Z,112.1500015258789,112.16000366210938,112.1500015258789,112.1500015258789,112.1500015258789,1366.0
2025-11-18T16:44:00Z,112.15499877929688,112.16999816894531,112.15499877929688,112.16999816894531,112.16999816894531,2791.0
2025-11-18T16:45:00Z,112.19999694824219,112.22000122070312,112.189697265625,112.19000244140625,112.19000244140625,4195.0
2025-11-18T16:46:00Z,112.24500274658203,112.27999877929688,112.23999786376953,112.23999786376953,112.23999786376953,3457.0
2025-11-18T16:47:00Z,112.22000122070312,112.22000122070312,112.18000030517578,112.18000030517578,112.18000030517578,1964.0
2025-11-18T16:48:00Z,112.19999694824219,112.25,112.19000244140625,112.2300033569336,112.2300033569336,4793.0
2025-11-18T16:49:00Z,112.23999786376953,112.23999786376953,112.20999908447266,112.23169708251953,112.23169708251953,3169.0
2025-11-18T16:50:00Z,112.24500274658203,112.24500274658203,112.19999694824219,112.20999908447266,112.20999908447266,5857.0
2025-11-18T16:51:00Z,112.19499969482422,112.19499969482422,112.1500015258789,112.1500015258789,112.1500015258789,2439.0
2025-11-18T16:52:00Z,112.18000030517578,112.18000030517578,112.08999633789062,112.08999633789062,112.08999633789062,4077.0
2025-11-18T16:53:00Z,112.06999969482422,112.11000061035156,112.06999969482422,112.08999633789062,112.08999633789062,3799.0
2025-11-18T16:54:00Z,112.08999633789062,112.11000061035156,112.05000305175781,112.05000305175781,112.05000305175781,4046.0
2025-11-18T16:55:00Z,112.08499908447266,112.0999984741211,112.08499908447266,112.08999633789062,112.08999633789062,1725.0
2025-11-18T16:56:00Z,112.11000061035156,112.12999725341797,112.05999755859375,112.12000274658203,112.12000274658203,6374.0
2025-11-18T16:57:00Z,112.1416015625,112.1500015258789,112.11000061035156,112.11000061035156,112.11000061035156,2420.0
2025-11-18T16:58:00Z,112.0999984741211,112.0999984741211,112.06999969482422,112.08000183105469,112.08000183105469,2228.0
2025-11-18T16:59:00Z,112.06999969482422,112.08999633789062,112.02999877929688,112.02999877929688,112.02999877929688,2412.0
2025-11-18T17:00:00Z,112.02999877929688,112.04000091552734,112.01000213623047,112.04000091552734,112.04000091552734,3006.0
2025-11-18T17:01:00Z,112.04000091552734,112.04000091552734,112.04000091552734,112.04000091552734,112.04000091552734,1123.0
2025-11-18T17:02:00Z,112.0199966430664,112.0199966430664,111.98999786376953,111.98999786376953,111.98999786376953,2090.0
2025-11-18T17:03:00Z,112.01000213623047,112.04000091552734,111.9800033569336,111.9800033569336,111.9800033569336,3537.0
2025-11-18T17:04:00Z,112.01000213623047,112.01000213623047,112.01000213623047,112.01000213623047,112.01000213623047,1344.0
2025-11-18T17:05:00Z,112.05000305175781,112.05999755859375,111.97000122070312,111.98999786376953,111.98999786376953,3538.0
2025-11-18T17:06:00Z,112.0,112.06999969482422,111.99500274658203,112.06999969482422,112.06999969482422,3202.0
2025-11-18T17:07:00Z,112.06999969482422,112.16999816894531,112.06999969482422,112.16999816894531,112.16999816894531,1765.0
2025-11-18T17:08:00Z,112.15499877929688,112.15499877929688,112.12000274658203,112.12000274658203,112.12000274658203,1144.0
2025-11-18T17:09:00Z,112.11000061035156,112.11000061035156,112.05000305175781,112.05000305175781,112.05000305175781,2684.0
2025-11-18T17:10:00Z,112.08000183105469,112.12000274658203,112.08000183105469,112.12000274658203,112.12000274658203,2361.0
2025-11-18T17:11:00Z,112.0999984741211,112.13999938964844,112.08999633789062,112.08999633789062,112.08999633789062,2396.0
2025-11-18T17:12:00Z,112.12000274658203,112.1500015258789,112.12000274658203,112.1500015258789,112.1500015258789,2785.0
2025-11-18T17:13:00Z,112.19000244140625,112.19999694824219,112.18000030517578,112.18000030517578,112.18000030517578,1836.0
2025-11-18T17:14:00Z,112.16000366210938,112.16000366210938,112.08809661865234,112.08809661865234,112.08809661865234,2081.0
2025-11-18T17:15:00Z,112.0999984741211,112.1500015258789,112.08999633789062,112.1500015258789,112.1500015258789,2582.0
2025-11-18T17:16:00Z,112.1500015258789,112.16999816894531,112.12000274658203,112.13999938964844,112.13999938964844,3231.0
2025-11-18T17:17:00Z,112.12999725341797,112.13999938964844,112.11009979248047,112.13999938964844,112.13999938964844,739.0
2025-11-18T17:18:00Z,112.12999725341797,112.19999694824219,112.12000274658203,112.12000274658203,112.12000274658203,4452.0
2025-11-18T17:19:00Z,112.11000061035156,112.11000061035156,112.08499908447266,112.08499908447266,112.08499908447266,2029.0
2025-11-18T17:20:00Z,112.09700012207031,112.11000061035156,112.05999755859375,112.0999984741211,112.0999984741211,2845.0
2025-11-18T17:21:00Z,112.06999969482422,112.12000274658203,112.06999969482422,112.06999969482422,112.06999969482422,3951.0
2025-11-18T17:22:00Z,112.02999877929688,112.02999877929688,112.0199966430664,112.0199966430664,112.0199966430664,852.0
2025-11-18T17:23:00Z,112.0,112.02999877929688,111.98999786376953,112.0199966430664,112.0199966430664,3221.0
2025-11-18T17:24:00Z,112.0199966430664,112.0199966430664,112.0,112.00499725341797,112.00499725341797,1534.0
2025-11-18T17:25:00Z,112.04000091552734,112.05000305175781,112.04000091552734,112.05000305175781,112.05000305175781,1472.0
2025-11-18T17:26:00Z,112.02999877929688,112.08999633789062,112.02999877929688,112.06999969482422,112.06999969482422,2965.0
2025-11-18T17:27:00Z,112.05999755859375,112.05999755859375,111.98999786376953,111.98999786376953,111.98999786376953,2052.0
2025-11-18T17:28:00Z,111.97000122070312,112.0199966430664,111.96499633789062,112.0199966430664,112.0199966430664,3027.0
2025-11-18T17:29:00Z,111.93000030517578,111.93000030517578,111.91500091552734,111.91500091552734,111.91500091552734,2208.0
2025-11-18T17:30:00Z,111.91999816894531,111.93000030517578,111.91999816894531,111.93000030517578,111.93000030517578,1879.0
2025-11-18T17:31:00Z,111.91999816894531,111.91999816894531,111.91999816894531,111.91999816894531,111.91999816894531,1208.0
2025-11-18T17:32:00Z,111.9000015258789,111.98999786376953,111.9000015258789,111.94000244140625,111.94000244140625,4452.0
2025-11-18T17:33:00Z,111.94999694824219,111.94999694824219,111.94000244140625,111.94999694824219,111.94999694824219,1465.0
2025-11-18T17:34:00Z,111.91999816894531,111.91999816894531,111.87000274658203,111.91999816894531,111.91999816894531,93734.0
2025-11-18T17:35:00Z,111.94999694824219,111.95999908447266,111.91500091552734,111.91999816894531,111.91999816894531,3820.0
2025-11-18T17:36:00Z,111.91999816894531,111.9800033569336,111.91500091552734,111.93000030517578,111.93000030517578,3754.0
2025-11-18T17:37:00Z,111.94000244140625,111.98999786376953,111.93000030517578,111.98999786376953,111.98999786376953,5461.0
2025-11-18T17:38:00Z,112.0,112.05500030517578,112.0,112.05500030517578,112.05500030517578,1890.0
2025-11-18T17:39:00Z,112.08000183105469,112.12999725341797,112.08000183105469,112.12999725341797,112.12999725341797,2149.0
2025-11-18T17:40:00Z,112.16000366210938,112.18160247802734,112.12999725341797,112.18160247802734,112.18160247802734,3339.0
2025-11-18T17:41:00Z,112.19000244140625,112.2699966430664,112.19000244140625,112.2699966430664,112.2699966430664,1632.0
2025-11-18T17:42:00Z,112.29000091552734,112.33000183105469,112.29000091552734,112.30000305175781,112.30000305175781,2387.0
2025-11-18T17:43:00Z,112.30999755859375,112.30999755859375,112.26000213623047,112.26029968261719,112.26029968261719,7905.0
2025-11-18T17:44:00Z,112.23999786376953,112.23999786376953,112.16999816894531,112.19999694824219,112.19999694824219,6303.0
2025-11-18T17:45:00Z,112.20999908447266,112.20999908447266,112.19000244140625,112.20999908447266,112.20999908447266,2900.0
2025-11-18T17:46:00Z,112.20500183105469,112.20999908447266,112.16999816894531,112.16999816894531,112.16999816894531,1721.0
2025-11-18T17:47:00Z,112.18319702148438,112.23999786376953,112.18319702148438,112.23999786376953,112.23999786376953,3527.0
2025-11-18T17:48:00Z,112.23999786376953,112.31999969482422,112.22940063476562,112.26000213623047,112.26000213623047,5591.0
2025-11-18T17:49:00Z,112.2750015258789,112.30999755859375,112.2699966430664,112.2699966430664,112.2699966430664,2344.0
2025-11-18T17:50:00Z,112.26000213623047,112.27999877929688,112.19499969482422,112.19499969482422,112.19499969482422,4800.0
2025-11-18T17:51:00Z,112.19000244140625,112.2300033569336,112.18499755859375,112.22000122070312,112.22000122070312,5628.0
2025-11-18T17:52:00Z,112.19999694824219,112.2300033569336,112.19499969482422,112.20999908447266,112.20999908447266,2760.0
2025-11-18T17:53:00Z,112.20500183105469,112.25,112.19999694824219,112.2300033569336,112.2300033569336,4682.0
2025-11-18T17:54:00Z,112.2300033569336,112.2300033569336,112.20999908447266,112.2249984741211,112.2249984741211,1971.0
2025-11-18T17:55:00Z,112.2249984741211,112.30000305175781,112.2249984741211,112.29000091552734,112.29000091552734,3330.0
2025-11-18T17:56:00Z,112.23999786376953,112.2699966430664,112.2300033569336,112.26499938964844,112.26499938964844,3227.0
2025-11-18T17:57:00Z,112.26499938964844,112.27999877929688,112.21299743652344,112.27999877929688,112.27999877929688,17455.0
2025-11-18T17:58:00Z,112.31999969482422,112.37000274658203,112.31999969482422,112.33999633789062,112.33999633789062,3704.0
2025-11-18T17:59:00Z,112.3550033569336,112.38999938964844,112.33000183105469,112.38999938964844,112.38999938964844,3468.0
2025-11-18T18:00:00Z,112.41000366210938,112.41999816894531,112.37999725341797,112.37999725341797,112.37999725341797,3400.0
2025-11-18T18:01:00Z,112.4000015258789,112.41999816894531,112.38999938964844,112.41999816894531,112.41999816894531,654.0
2025-11-18T18:02:00Z,112.34500122070312,112.375,112.34500122070312,112.375,112.375,5203.0
2025-11-18T18:03:00Z,112.36000061035156,112.41999816894531,112.36000061035156,112.4000015258789,112.4000015258789,3801.0
2025-11-18T18:04:00Z,112.43000030517578,112.44000244140625,112.41999816894531,112.41999816894531,112.41999816894531,1647.0
2025-11-18T18:05:00Z,112.45999908447266,112.4749984741211,112.45999908447266,112.4749984741211,112.4749984741211,2502.0
2025-11-18T18:06:00Z,112.46499633789062,112.5,112.45999908447266,112.49009704589844,112.49009704589844,2826.0
2025-11-18T18:07:00Z,112.51000213623047,112.51000213623047,112.45999908447266,112.45999908447266,112.45999908447266,2508.0
2025-11-18T18:08:00Z,112.44840240478516,112.45999908447266,112.3949966430664,112.45999908447266,112.45999908447266,5013.0
2025-11-18T18:09:00Z,112.47000122070312,112.4749984741211,112.44000244140625,112.44999694824219,112.44999694824219,2908.0
2025-11-18T18:10:00Z,112.51000213623047,112.5199966430664,112.51000213623047,112.5199966430664,112.5199966430664,23757.0
2025-11-18T18:11:00Z,112.5199966430664,112.55000305175781,112.5199966430664,112.55000305175781,112.55000305175781,1568.0
2025-11-18T18:12:00Z,112.55999755859375,112.56500244140625,112.52010345458984,112.52010345458984,112.52010345458984,3720.0
2025-11-18T18:13:00Z,112.54000091552734,112.55000305175781,112.5250015258789,112.5250015258789,112.5250015258789,3492.0
2025-11-18T18:14:00Z,112.51000213623047,112.51000213623047,112.48999786376953,112.5,112.5,1825.0
2025-11-18T18:15:00Z,112.51000213623047,112.51000213623047,112.45999908447266,112.5,112.5,3363.0
2025-11-18T18:16:00Z,112.4800033569336,112.4800033569336,112.4800033569336,112.4800033569336,112.4800033569336,648.0
2025-11-18T18:17:00Z,112.47100067138672,112.5,112.47000122070312,112.4800033569336,112.4800033569336,3807.0
2025-11-18T18:18:00Z,112.51000213623047,112.52999877929688,112.5,112.51000213623047,112.51000213623047,4127.0
2025-11-18T18:19:00Z,112.50499725341797,112.50499725341797,112.4749984741211,112.4749984741211,112.4749984741211,2473.0
2025-11-18T18:20:00Z,112.44999694824219,112.44999694824219,112.4000015258789,112.4000015258789,112.4000015258789,2338.0
2025-11-18T18:21:00Z,112.3949966430664,112.4000015258789,112.38999938964844,112.38999938964844,112.38999938964844,1256.0
2025-11-18T18:22:00Z,112.41000366210938,112.44499969482422,112.41000366210938,112.44499969482422,112.44499969482422,3554.0
2025-11-18T18:23:00Z,112.45999908447266,112.45999908447266,112.41500091552734,112.41500091552734,112.41500091552734,2587.0
2025-11-18T18:24:00Z,112.37999725341797,112.37999725341797,112.36000061035156,112.36000061035156,112.36000061035156,1038.0
2025-11-18T18:25:00Z,112.33999633789062,112.3550033569336,112.33999633789062,112.3550033569336,112.3550033569336,973.0
2025-11-18T18:26:00Z,112.36000061035156,112.37999725341797,112.3499984741211,112.37000274658203,112.37000274658203,4888.0
2025-11-18T18:27:00Z,112.38999938964844,112.41000366210938,112.38999938964844,112.4000015258789,112.4000015258789,2176.0
2025-11-18T18:28:00Z,112.37999725341797,112.37999725341797,112.33000183105469,112.33000183105469,112.33000183105469,2196.0
2025-11-18T18:29:00Z,112.3499984741211,112.3499984741211,112.33999633789062,112.33999633789062,112.33999633789062,503.0
2025-11-18T18:30:00Z,112.33499908447266,112.40499877929688,112.33499908447266,112.40499877929688,112.40499877929688,2999.0
2025-11-18T18:31:00Z,112.41000366210938,112.41000366210938,112.37999725341797,112.37999725341797,112.37999725341797,2550.0
2025-11-18T18:32:00Z,112.38999938964844,112.41000366210938,112.38999938964844,112.3949966430664,112.3949966430664,2408.0
2025-11-18T18:33:00Z,112.4000015258789,112.4000015258789,112.36000061035156,112.36000061035156,112.36000061035156,3534.0
2025-11-18T18:34:00Z,112.33000183105469,112.33999633789062,112.31999969482422,112.33999633789062,112.33999633789062,946.0
2025-11-18T18:35:00Z,112.33999633789062,112.33999633789062,112.30999755859375,112.30999755859375,112.30999755859375,1644.0
2025-11-18T18:36:00Z,112.33000183105469,112.33000183105469,112.25,112.25499725341797,112.25499725341797,3597.0
2025-11-18T18:37:00Z,112.22000122070312,112.36000061035156,112.22000122070312,112.3550033569336,112.3550033569336,6986.0
2025-11-18T18:38:00Z,112.3550033569336,112.55999755859375,112.33999633789062,112.54000091552734,112.54000091552734,22514.0
2025-11-18T18:39:00Z,112.5,112.54000091552734,112.48999786376953,112.54000091552734,112.54000091552734,4863.0
2025-11-18T18:40:00Z,112.55000305175781,112.55000305175781,112.55000305175781,112.55000305175781,112.55000305175781,1535.0
2025-11-18T18:41:00Z,112.5999984741211,112.62000274658203,112.58999633789062,112.58999633789062,112.58999633789062,2814.0
2025-11-18T18:42:00Z,112.56999969482422,112.56999969482422,112.50499725341797,112.5199966430664,112.5199966430664,3453.0
2025-11-18T18:43:00Z,112.4800033569336,112.4800033569336,112.44000244140625,112.45500183105469,112.45500183105469,3699.0
2025-11-18T18:44:00Z,112.4800033569336,112.51000213623047,112.4800033569336,112.48500061035156,112.48500061035156,2158.0
2025-11-18T18:45:00Z,112.4800033569336,112.51000213623047,112.4800033569336,112.4800033569336,112.4800033569336,2711.0
2025-11-18T18:46:00Z,112.48300170898438,112.54000091552734,112.48300170898438,112.51000213623047,112.51000213623047,4193.0
2025-11-18T18:47:00Z,112.48999786376953,112.48999786376953,112.44000244140625,112.44750213623047,112.44750213623047,3612.0
2025-11-18T18:48:00Z,112.43000030517578,112.45999908447266,112.375,112.38999938964844,112.38999938964844,16729.0
2025-11-18T18:49:00Z,112.4000015258789,112.47000122070312,112.4000015258789,112.45500183105469,112.45500183105469,3270.0
2025-11-18T18:50:00Z,112.44000244140625,112.44999694824219,112.41999816894531,112.41999816894531,112.41999816894531,2417.0
2025-11-18T18:51:00Z,112.44000244140625,112.44000244140625,112.43499755859375,112.43499755859375,112.43499755859375,605.0
2025-11-18T18:52:00Z,112.43499755859375,112.43499755859375,112.38999938964844,112.41000366210938,112.41000366210938,3154.0
2025-11-18T18:53:00Z,112.44999694824219,112.44999694824219,112.41000366210938,112.41000366210938,112.41000366210938,3038.0
2025-11-18T18:54:00Z,112.40499877929688,112.40969848632812,112.38999938964844,112.40969848632812,112.40969848632812,2104.0
2025-11-18T18:55:00Z,112.38999938964844,112.38999938964844,112.30500030517578,112.30500030517578,112.30500030517578,4501.0
2025-11-18T18:56:00Z,112.29000091552734,112.30000305175781,112.29000091552734,112.30000305175781,112.30000305175781,2226.0
2025-11-18T18:57:00Z,112.30000305175781,112.30000305175781,112.26000213623047,112.26000213623047,112.26000213623047,2482.0
2025-11-18T18:58:00Z,112.25,112.2699966430664,112.19999694824219,112.19999694824219,112.19999694824219,4860.0
2025-11-18T18:59:00Z,112.19000244140625,112.19000244140625,112.16999816894531,112.19000244140625,112.19000244140625,2523.0
2025-11-18T19:00:00Z,112.2029037475586,112.2029037475586,112.13999938964844,112.19999694824219,112.19999694824219,5940.0
2025-11-18T19:01:00Z,112.20999908447266,112.23999786376953,112.20500183105469,112.21499633789062,112.21499633789062,3791.0
2025-11-18T19:02:00Z,112.2300033569336,112.2300033569336,112.19000244140625,112.20999908447266,112.20999908447266,4239.0
2025-11-18T19:03:00Z,112.2249984741211,112.2249984741211,112.0999984741211,112.0999984741211,112.0999984741211,5462.0
2025-11-18T19:04:00Z,112.1500015258789,112.16999816894531,112.12000274658203,112.12000274658203,112.12000274658203,3296.0
2025-11-18T19:05:00Z,112.1239013671875,112.15499877929688,112.12000274658203,112.13999938964844,112.13999938964844,4026.0
2025-11-18T19:06:00Z,112.16999816894531,112.18000030517578,112.16000366210938,112.16000366210938,112.16000366210938,2983.0
2025-11-18T19:07:00Z,112.16000366210938,112.19499969482422,112.16000366210938,112.19499969482422,112.19499969482422,2827.0
2025-11-18T19:08:00Z,112.16999816894531,112.16999816894531,112.12000274658203,112.13999938964844,112.13999938964844,4462.0
2025-11-18T19:09:00Z,112.1500015258789,112.16999816894531,112.1500015258789,112.16999816894531,112.16999816894531,1489.0
2025-11-18T19:10:00Z,112.16000366210938,112.16000366210938,112.12000274658203,112.12000274658203,112.12000274658203,3925.0
2025-11-18T19:11:00Z,112.0999984741211,112.16000366210938,112.08000183105469,112.12000274658203,112.12000274658203,4369.0
2025-11-18T19:12:00Z,112.08499908447266,112.12000274658203,112.08499908447266,112.11000061035156,112.11000061035156,1402.0
2025-11-18T19:13:00Z,112.1050033569336,112.16999816894531,112.08999633789062,112.1500015258789,112.1500015258789,3858.0
2025-11-18T19:14:00Z,112.16000366210938,112.19999694824219,112.16000366210938,112.18000030517578,112.18000030517578,2518.0
2025-11-18T19:15:00Z,112.18000030517578,112.18000030517578,112.12999725341797,112.12999725341797,112.12999725341797,2733.0
2025-11-18T19:16:00Z,112.13999938964844,112.16999816894531,112.13999938964844,112.16999816894531,112.16999816894531,4340.0
2025-11-18T19:17:00Z,112.1500015258789,112.16000366210938,112.1500015258789,112.1500015258789,112.1500015258789,1659.0
2025-11-18T19:18:00Z,112.1500015258789,112.16999816894531,112.12999725341797,112.1500015258789,112.1500015258789,3475.0
2025-11-18T19:19:00Z,112.16000366210938,112.19000244140625,112.16000366210938,112.18000030517578,112.18000030517578,3460.0
2025-11-18T19:20:00Z,112.18000030517578,112.19999694824219,112.1449966430664,112.1449966430664,112.1449966430664,2739.0
2025-11-18T19:21:00Z,112.13999938964844,112.13999938964844,112.13999938964844,112.13999938964844,112.13999938964844,1086.0
2025-11-18T19:22:00Z,112.0999984741211,112.12000274658203,112.08999633789062,112.12000274658203,112.12000274658203,2554.0
2025-11-18T19:23:00Z,112.12999725341797,112.12999725341797,112.08999633789062,112.08999633789062,112.08999633789062,2307.0
2025-11-18T19:24:00Z,112.02999877929688,112.06999969482422,112.01000213623047,112.06500244140625,112.06500244140625,3426.0
2025-11-18T19:25:00Z,112.06999969482422,112.12999725341797,112.0553970336914,112.12999725341797,112.12999725341797,6857.0
2025-11-18T19:26:00Z,112.13999938964844,112.13999938964844,112.12000274658203,112.12000274658203,112.12000274658203,2082.0
2025-11-18T19:27:00Z,112.0999984741211,112.11000061035156,112.08000183105469,112.08999633789062,112.08999633789062,3330.0
2025-11-18T19:28:00Z,112.07499694824219,112.07499694824219,112.0199966430664,112.0199966430664,112.0199966430664,2916.0
2025-11-18T19:29:00Z,112.02999877929688,112.04000091552734,112.02999877929688,112.03500366210938,112.03500366210938,3755.0
2025-11-18T19:30:00Z,112.08999633789062,112.08999633789062,112.08499908447266,112.08499908447266,112.08499908447266,2171.0
2025-11-18T19:31:00Z,112.0999984741211,112.0999984741211,112.08000183105469,112.08000183105469,112.08000183105469,2127.0
2025-11-18T19:32:00Z,112.06999969482422,112.08000183105469,112.05500030517578,112.08000183105469,112.08000183105469,1974.0
2025-11-18T19:33:00Z,112.05999755859375,112.08999633789062,112.05000305175781,112.05999755859375,112.05999755859375,2067.0
2025-11-18T19:34:00Z,112.05500030517578,112.05999755859375,112.05500030517578,112.05999755859375,112.05999755859375,2390.0
2025-11-18T19:35:00Z,112.05000305175781,112.08000183105469,112.04000091552734,112.08000183105469,112.08000183105469,3755.0
2025-11-18T19:36:00Z,112.11000061035156,112.12000274658203,112.0999984741211,112.0999984741211,112.0999984741211,7872.0
2025-11-18T19:37:00Z,112.11000061035156,112.1500015258789,112.11000061035156,112.12000274658203,112.12000274658203,3126.0
2025-11-18T19:38:00Z,112.0999984741211,112.11000061035156,112.08999633789062,112.11000061035156,112.11000061035156,2737.0
2025-11-18T19:39:00Z,112.11000061035156,112.11000061035156,112.11000061035156,112.11000061035156,112.11000061035156,1752.0
2025-11-18T19:40:00Z,112.12999725341797,112.13999938964844,112.1050033569336,112.1050033569336,112.1050033569336,3153.0
2025-11-18T19:41:00Z,112.12000274658203,112.12999725341797,112.0999984741211,112.0999984741211,112.0999984741211,5715.0
2025-11-18T19:42:00Z,112.09500122070312,112.1050033569336,112.08999633789062,112.0999984741211,112.0999984741211,1628.0
2025-11-18T19:43:00Z,112.0999984741211,112.0999984741211,112.05999755859375,112.05999755859375,112.05999755859375,2441.0
2025-11-18T19:44:00Z,112.05000305175781,112.05000305175781,112.01000213623047,112.0199966430664,112.0199966430664,3174.0
2025-11-18T19:45:00Z,112.0199966430664,112.06999969482422,112.0199966430664,112.05999755859375,112.05999755859375,4211.0
2025-11-18T19:46:00Z,112.05999755859375,112.05999755859375,112.04000091552734,112.04000091552734,112.04000091552734,832.0
2025-11-18T19:47:00Z,112.05999755859375,112.09500122070312,112.05999755859375,112.08999633789062,112.08999633789062,2837.0
2025-11-18T19:48:00Z,112.0999984741211,112.0999984741211,112.05999755859375,112.05999755859375,112.05999755859375,3948.0
2025-11-18T19:49:00Z,112.05000305175781,112.05000305175781,112.0,112.00499725341797,112.00499725341797,2489.0
2025-11-18T19:50:00Z,112.01000213623047,112.0199966430664,111.9800033569336,112.0199966430664,112.0199966430664,3812.0
2025-11-18T19:51:00Z,112.01000213623047,112.05000305175781,112.01000213623047,112.05000305175781,112.05000305175781,3031.0
2025-11-18T19:52:00Z,112.04000091552734,112.05000305175781,112.0199966430664,112.02999877929688,112.02999877929688,2064.0
2025-11-18T19:53:00Z,112.02999877929688,112.04000091552734,112.01000213623047,112.0199966430664,112.0199966430664,4917.0
2025-11-18T19:54:00Z,112.02999877929688,112.02999877929688,112.0,112.0,112.0,3554.0
2025-11-18T19:55:00Z,111.98999786376953,112.02999877929688,111.97000122070312,112.02999877929688,112.02999877929688,4613.0
2025-11-18T19:56:00Z,112.02999877929688,112.0999984741211,112.02999877929688,112.0999984741211,112.0999984741211,4998.0
2025-11-18T19:57:00Z,112.0999984741211,112.12000274658203,112.0999984741211,112.0999984741211,112.0999984741211,2764.0
2025-11-18T19:58:00Z,112.1050033569336,112.12699890136719,112.0999984741211,112.0999984741211,112.0999984741211,3316.0
2025-11-18T19:59:00Z,112.11000061035156,112.19000244140625,112.11000061035156,112.18000030517578,112.18000030517578,3318.0
2025-11-18T20:00:00Z,112.16000366210938,112.2300033569336,112.16000366210938,112.2300033569336,112.2300033569336,3074.0
2025-11-18T20:01:00Z,112.25,112.25499725341797,112.2300033569336,112.2300033569336,112.2300033569336,1513.0
2025-11-18T20:02:00Z,112.24500274658203,112.30000305175781,112.22000122070312,112.30000305175781,112.30000305175781,4723.0
2025-11-18T20:03:00Z,112.30000305175781,112.30000305175781,112.25499725341797,112.26000213623047,112.26000213623047,3274.0
2025-11-18T20:04:00Z,112.26840209960938,112.26840209960938,112.20999908447266,112.20999908447266,112.20999908447266,3045.0
2025-11-18T20:05:00Z,112.20999908447266,112.23989868164062,112.18499755859375,112.18499755859375,112.18499755859375,2765.0
2025-11-18T20:06:00Z,112.16999816894531,112.19000244140625,112.15499877929688,112.15499877929688,112.15499877929688,3716.0
2025-11-18T20:07:00Z,112.13999938964844,112.1500015258789,112.12999725341797,112.1500015258789,112.1500015258789,2004.0
2025-11-18T20:08:00Z,112.16000366210938,112.16000366210938,112.1500015258789,112.1500015258789,112.1500015258789,4104.0
2025-11-18T20:09:00Z,112.16000366210938,112.16999816894531,112.13999938964844,112.15499877929688,112.15499877929688,3132.0
2025-11-18T20:10:00Z,112.13999938964844,112.16000366210938,112.13500213623047,112.1500015258789,112.1500015258789,4451.0
2025-11-18T20:11:00Z,112.16999816894531,112.16999816894531,112.12000274658203,112.1449966430664,112.1449966430664,5199.0
2025-11-18T20:12:00Z,112.18000030517578,112.18000030517578,112.0999984741211,112.0999984741211,112.0999984741211,3938.0
2025-11-18T20:13:00Z,112.11499786376953,112.12999725341797,112.0999984741211,112.0999984741211,112.0999984741211,4179.0
2025-11-18T20:14:00Z,112.12999725341797,112.15499877929688,112.12000274658203,112.12000274658203,112.12000274658203,5323.0
2025-11-18T20:15:00Z,112.0999984741211,112.0999984741211,112.08499908447266,112.08499908447266,112.08499908447266,1863.0
2025-11-18T20:16:00Z,112.0999984741211,112.11000061035156,112.08000183105469,112.08000183105469,112.08000183105469,3212.0
2025-11-18T20:17:00Z,112.06999969482422,112.06999969482422,112.04499816894531,112.05000305175781,112.05000305175781,3408.0
2025-11-18T20:18:00Z,112.04679870605469,112.05000305175781,112.01000213623047,112.01000213623047,112.01000213623047,3933.0
2025-11-18T20:19:00Z,112.01000213623047,112.0199966430664,111.98999786376953,112.01000213623047,112.01000213623047,7597.0
2025-11-18T20:20:00Z,111.98999786376953,112.05999755859375,111.98999786376953,112.05999755859375,112.05999755859375,6303.0
2025-11-18T20:21:00Z,112.08000183105469,112.12000274658203,112.08000183105469,112.11000061035156,112.11000061035156,3586.0
2025-11-18T20:22:00Z,112.12000274658203,112.12000274658203,112.11000061035156,112.11000061035156,112.11000061035156,2616.0
2025-11-18T20:23:00Z,112.0999984741211,112.10800170898438,112.08499908447266,112.0999984741211,112.0999984741211,4184.0
2025-11-18T20:24:00Z,112.11000061035156,112.12999725341797,112.08000183105469,112.08999633789062,112.08999633789062,6177.0
2025-11-18T20:25:00Z,112.05999755859375,112.07499694824219,112.02999877929688,112.04000091552734,112.04000091552734,4928.0
2025-11-18T20:26:00Z,112.02999877929688,112.05999755859375,112.0199966430664,112.05999755859375,112.05999755859375,5801.0
2025-11-18T20:27:00Z,112.05249786376953,112.08000183105469,112.04000091552734,112.04499816894531,112.04499816894531,9095.0
2025-11-18T20:28:00Z,112.02999877929688,112.07319641113281,112.02999877929688,112.05999755859375,112.05999755859375,6172.0
2025-11-18T20:29:00Z,112.05999755859375,112.07499694824219,112.0250015258789,112.07499694824219,112.07499694824219,6036.0
2025-11-18T20:30:00Z,112.08999633789062,112.12000274658203,112.08999633789062,112.12000274658203,112.12000274658203,5759.0
2025-11-18T20:31:00Z,112.12000274658203,112.1500015258789,112.07499694824219,112.09500122070312,112.09500122070312,6116.0
2025-11-18T20:32:00Z,112.08999633789062,112.08999633789062,112.04000091552734,112.05999755859375,112.05999755859375,5158.0
2025-11-18T20:33:00Z,112.05000305175781,112.06999969482422,112.04000091552734,112.04000091552734,112.04000091552734,8723.0
2025-11-18T20:34:00Z,112.04000091552734,112.04000091552734,111.98999786376953,112.01000213623047,112.01000213623047,6395.0
2025-11-18T20:35:00Z,112.0199966430664,112.0999984741211,112.0199966430664,112.0199966430664,112.0199966430664,8550.0
2025-11-18T20:36:00Z,112.0199966430664,112.05000305175781,112.0199966430664,112.0199966430664,112.0199966430664,7223.0
2025-11-18T20:37:00Z,112.02999877929688,112.04000091552734,112.0,112.02999877929688,112.02999877929688,6475.0
2025-11-18T20:38:00Z,112.02999877929688,112.06999969482422,112.02999877929688,112.06500244140625,112.06500244140625,8661.0
2025-11-18T20:39:00Z,112.05999755859375,112.13999938964844,112.05999755859375,112.13500213623047,112.13500213623047,5348.0
2025-11-18T20:40:00Z,112.12999725341797,112.1500015258789,112.12000274658203,112.12000274658203,112.12000274658203,5304.0
2025-11-18T20:41:00Z,112.12999725341797,112.1449966430664,112.11000061035156,112.12000274658203,112.12000274658203,5495.0
2025-11-18T20:42:00Z,112.12000274658203,112.12000274658203,112.05000305175781,112.05000305175781,112.05000305175781,7596.0
2025-11-18T20:43:00Z,112.06500244140625,112.0999984741211,112.04000091552734,112.08999633789062,112.08999633789062,4469.0
2025-11-18T20:44:00Z,112.06999969482422,112.06999969482422,111.98999786376953,111.98999786376953,111.98999786376953,7048.0
2025-11-18T20:45:00Z,111.98999786376953,111.98999786376953,111.90499877929688,111.90499877929688,111.90499877929688,5805.0
2025-11-18T20:46:00Z,111.91000366210938,111.91000366210938,111.8550033569336,111.86000061035156,111.86000061035156,8678.0
2025-11-18T20:47:00Z,111.8550033569336,111.88999938964844,111.83999633789062,111.83999633789062,111.83999633789062,6244.0
2025-11-18T20:48:00Z,111.83999633789062,111.83999633789062,111.80000305175781,111.81999969482422,111.81999969482422,7294.0
2025-11-18T20:49:00Z,111.79000091552734,111.79499816894531,111.68499755859375,111.69000244140625,111.69000244140625,9345.0
2025-11-18T20:50:00Z,111.70999908447266,111.83000183105469,111.68000030517578,111.83000183105469,111.83000183105469,24280.0
2025-11-18T20:51:00Z,111.83000183105469,111.87000274658203,111.80999755859375,111.82499694824219,111.82499694824219,9586.0
2025-11-18T20:52:00Z,111.83999633789062,111.875,111.82009887695312,111.84500122070312,111.84500122070312,6690.0
2025-11-18T20:53:00Z,111.81999969482422,111.87000274658203,111.80000305175781,111.86000061035156,111.86000061035156,13904.0
2025-11-18T20:54:00Z,111.87000274658203,111.88999938964844,111.79499816894531,111.80999755859375,111.80999755859375,20267.0
2025-11-18T20:55:00Z,111.84500122070312,111.87999725341797,111.81999969482422,111.81999969482422,111.81999969482422,21052.0
2025-11-18T20:56:00Z,111.81500244140625,111.87999725341797,111.80000305175781,111.83000183105469,111.83000183105469,25404.0
2025-11-18T20:57:00Z,111.83999633789062,111.87000274658203,111.80000305175781,111.80000305175781,111.80000305175781,30353.0
2025-11-18T20:58:00Z,111.81999969482422,111.83000183105469,111.73999786376953,111.75499725341797,111.75499725341797,39049.0
2025-11-18T20:59:00Z,111.76000213623047,111.81999969482422,111.69000244140625,111.77999877929688,111.77999877929688,63503.0
2025-11-19T14:31:00Z,110.88999938964844,110.88999938964844,110.72000122070312,110.81999969482422,110.81999969482422,4939.0
2025-11-19T14:32:00Z,110.77999877929688,111.1500015258789,110.76249694824219,111.1500015258789,111.1500015258789,5110.0
2025-11-19T14:33:00Z,111.11000061035156,111.11000061035156,110.93000030517578,110.93000030517578,110.93000030517578,554.0
2025-11-19T14:34:00Z,110.80999755859375,110.87000274658203,110.72000122070312,110.72000122070312,110.72000122070312,3686.0
2025-11-19T14:35:00Z,110.70999908447266,110.74749755859375,110.60489654541016,110.60489654541016,110.60489654541016,3666.0
2025-11-19T14:36:00Z,110.58000183105469,110.69000244140625,110.5199966430664,110.6449966430664,110.6449966430664,3091.0
2025-11-19T14:37:00Z,110.69000244140625,110.7699966430664,110.61000061035156,110.61000061035156,110.61000061035156,3076.0
2025-11-19T14:38:00Z,110.56500244140625,110.58000183105469,110.56500244140625,110.58000183105469,110.58000183105469,1223.0
2025-11-19T14:39:00Z,110.51000213623047,110.55000305175781,110.30999755859375,110.54000091552734,110.54000091552734,5729.0
2025-11-19T14:40:00Z,110.51499938964844,110.52149963378906,110.37000274658203,110.37000274658203,110.37000274658203,1985.0
2025-11-19T14:41:00Z,110.47000122070312,110.5,110.47000122070312,110.48500061035156,110.48500061035156,1313.0
2025-11-19T14:42:00Z,110.5199966430664,110.58000183105469,110.45999908447266,110.55000305175781,110.55000305175781,3438.0
2025-11-19T14:43:00Z,110.5199966430664,110.5199966430664,110.4749984741211,110.4749984741211,110.4749984741211,1802.0
2025-11-19T14:44:00Z,110.25,110.31999969482422,110.20999908447266,110.2750015258789,110.2750015258789,3428.0
2025-11-19T14:45:00Z,110.2300033569336,110.38999938964844,110.16999816894531,110.19000244140625,110.19000244140625,6862.0
2025-11-19T14:46:00Z,110.23999786376953,110.33000183105469,110.23999786376953,110.33000183105469,110.33000183105469,4042.0
2025-11-19T14:47:00Z,110.43000030517578,110.44000244140625,110.30999755859375,110.30999755859375,110.30999755859375,2740.0
2025-11-19T14:48:00Z,110.4000015258789,110.4000015258789,110.19000244140625,110.19000244140625,110.19000244140625,1277.0
2025-11-19T14:49:00Z,110.25,110.25,110.16000366210938,110.18000030517578,110.18000030517578,2926.0
2025-11-19T14:50:00Z,110.18000030517578,110.38999938964844,110.18000030517578,110.37999725341797,110.37999725341797,2792.0
2025-11-19T14:51:00Z,110.31999969482422,110.31999969482422,110.19999694824219,110.30000305175781,110.30000305175781,3395.0
2025-11-19T14:52:00Z,110.30999755859375,110.30999755859375,110.30999755859375,110.30999755859375,110.30999755859375,874.0
2025-11-19T14:53:00Z,110.33000183105469,110.33999633789062,110.19000244140625,110.19000244140625,110.19000244140625,3145.0
2025-11-19T14:54:00Z,110.18000030517578,110.27999877929688,110.1500015258789,110.1500015258789,110.1500015258789,2440.0
2025-11-19T14:55:00Z,110.18000030517578,110.38999938964844,110.18000030517578,110.38999938964844,110.38999938964844,3937.0
2025-11-19T14:56:00Z,110.3949966430664,110.3949966430664,110.30000305175781,110.31999969482422,110.31999969482422,2096.0
2025-11-19T14:57:00Z,110.33999633789062,110.4000015258789,110.33999633789062,110.4000015258789,110.4000015258789,1253.0
2025-11-19T14:58:00Z,110.4000015258789,110.43000030517578,110.38999938964844,110.38999938964844,110.38999938964844,2902.0
2025-11-19T14:59:00Z,110.33000183105469,110.43000030517578,110.30999755859375,110.41000366210938,110.41000366210938,7988.0
2025-11-19T15:00:00Z,110.21499633789062,110.21499633789062,110.16000366210938,110.19000244140625,110.19000244140625,3046.0
2025-11-19T15:01:00Z,110.18499755859375,110.18499755859375,110.12999725341797,110.15499877929688,110.15499877929688,3826.0
2025-11-19T15:02:00Z,110.12000274658203,110.15499877929688,110.01000213623047,110.01000213623047,110.01000213623047,4219.0
2025-11-19T15:03:00Z,109.9800033569336,109.99500274658203,109.8550033569336,109.8949966430664,109.8949966430664,12203.0
2025-11-19T15:04:00Z,109.97000122070312,110.08999633789062,109.97000122070312,110.06500244140625,110.06500244140625,5186.0
2025-11-19T15:05:00Z,110.05999755859375,110.05999755859375,110.02999877929688,110.02999877929688,110.02999877929688,1396.0
2025-11-19T15:06:00Z,109.99500274658203,110.05000305175781,109.95999908447266,110.05000305175781,110.05000305175781,4194.0
2025-11-19T15:07:00Z,110.05999755859375,110.2300033569336,110.05999755859375,110.2300033569336,110.2300033569336,3009.0
2025-11-19T15:08:00Z,110.19499969482422,110.2699966430664,110.16999816894531,110.2699966430664,110.2699966430664,3134.0
2025-11-19T15:09:00Z,110.29000091552734,110.30000305175781,110.27999877929688,110.30000305175781,110.30000305175781,1241.0
2025-11-19T15:10:00Z,110.22000122070312,110.30999755859375,110.22000122070312,110.30999755859375,110.30999755859375,2075.0
2025-11-19T15:11:00Z,110.26000213623047,110.26000213623047,110.20999908447266,110.20999908447266,110.20999908447266,1801.0
2025-11-19T15:12:00Z,110.19000244140625,110.22000122070312,110.1500015258789,110.1500015258789,110.1500015258789,2031.0
2025-11-19T15:13:00Z,110.19999694824219,110.26000213623047,110.15499877929688,110.18499755859375,110.18499755859375,5166.0
2025-11-19T15:14:00Z,110.17500305175781,110.20999908447266,110.17500305175781,110.20999908447266,110.20999908447266,1996.0
2025-11-19T15:15:00Z,110.11499786376953,110.13999938964844,110.0999984741211,110.13999938964844,110.13999938964844,2591.0
2025-11-19T15:16:00Z,110.09500122070312,110.16999816894531,110.06999969482422,110.06999969482422,110.06999969482422,5190.0
2025-11-19T15:17:00Z,110.08699798583984,110.08999633789062,110.0,110.02999877929688,110.02999877929688,2453.0
2025-11-19T15:18:00Z,109.95999908447266,109.95999908447266,109.8949966430664,109.93000030517578,109.93000030517578,2221.0
2025-11-19T15:20:00Z,109.55000305175781,109.66999816894531,109.55000305175781,109.62000274658203,109.62000274658203,4744.0
2025-11-19T15:21:00Z,109.5999984741211,109.5999984741211,109.52999877929688,109.56999969482422,109.56999969482422,1918.0
2025-11-19T15:22:00Z,109.56999969482422,109.61000061035156,109.54499816894531,109.61000061035156,109.61000061035156,1818.0
2025-11-19T15:23:00Z,109.61000061035156,109.69000244140625,109.61000061035156,109.66000366210938,109.66000366210938,3749.0
2025-11-19T15:24:00Z,109.62000274658203,109.6500015258789,109.58000183105469,109.58499908447266,109.58499908447266,3190.0
2025-11-19T15:25:00Z,109.62000274658203,109.62000274658203,109.55999755859375,109.55999755859375,109.55999755859375,2675.0
2025-11-19T15:26:00Z,109.58000183105469,109.61000061035156,109.55000305175781,109.55000305175781,109.55000305175781,2157.0
2025-11-19T15:27:00Z,109.55999755859375,109.55999755859375,109.48999786376953,109.52999877929688,109.52999877929688,2082.0
2025-11-19T15:28:00Z,109.58000183105469,109.58000183105469,109.4800033569336,109.52999877929688,109.52999877929688,2029.0
2025-11-19T15:29:00Z,109.53500366210938,109.53500366210938,109.43000030517578,109.44000244140625,109.44000244140625,3961.0
2025-11-19T15:30:00Z,109.447998046875,109.51000213623047,109.44000244140625,109.4800033569336,109.4800033569336,5732.0
2025-11-19T15:31:00Z,109.5,109.5,109.41999816894531,109.41999816894531,109.41999816894531,1613.0
2025-11-19T15:32:00Z,109.41999816894531,109.4800033569336,109.41999816894531,109.4800033569336,109.4800033569336,2941.0
2025-11-19T15:33:00Z,109.51000213623047,109.51000213623047,109.43000030517578,109.43000030517578,109.43000030517578,4817.0
2025-11-19T15:34:00Z,109.44000244140625,109.47000122070312,109.44000244140625,109.44000244140625,109.44000244140625,2665.0
2025-11-19T15:35:00Z,109.47000122070312,109.58000183105469,109.47000122070312,109.58000183105469,109.58000183105469,6734.0
2025-11-19T15:36:00Z,109.52999877929688,109.52999877929688,109.41999816894531,109.48999786376953,109.48999786376953,6538.0
2025-11-19T15:37:00Z,109.44999694824219,109.44999694824219,109.44000244140625,109.44000244140625,109.44000244140625,1664.0
2025-11-19T15:38:00Z,109.38999938964844,109.38999938964844,109.3499984741211,109.36000061035156,109.36000061035156,4453.0
2025-11-19T15:39:00Z,109.36000061035156,109.36000061035156,109.36000061035156,109.36000061035156,109.36000061035156,2038.0
2025-11-19T15:40:00Z,109.33999633789062,109.33999633789062,109.27999877929688,109.31999969482422,109.31999969482422,2553.0
2025-11-19T15:41:00Z,109.26000213623047,109.26000213623047,109.11499786376953,109.11499786376953,109.11499786376953,2522.0
2025-11-19T15:42:00Z,109.125,109.13749694824219,109.08000183105469,109.11000061035156,109.11000061035156,3636.0
2025-11-19T15:43:00Z,109.13999938964844,109.18499755859375,109.13500213623047,109.16000366210938,109.16000366210938,5846.0
2025-11-19T15:44:00Z,109.17500305175781,109.17500305175781,109.13999938964844,109.13999938964844,109.13999938964844,2215.0
2025-11-19T15:45:00Z,109.1500015258789,109.1500015258789,109.08000183105469,109.08000183105469,109.08000183105469,4253.0
2025-11-19T15:46:00Z,109.05999755859375,109.05999755859375,108.9749984741211,108.9749984741211,108.9749984741211,3181.0
2025-11-19T15:47:00Z,108.97650146484375,108.98500061035156,108.9000015258789,108.94000244140625,108.94000244140625,4969.0
2025-11-19T15:48:00Z,108.9800033569336,109.05000305175781,108.9800033569336,109.0199966430664,109.0199966430664,5543.0
2025-11-19T15:49:00Z,108.98999786376953,108.98999786376953,108.94000244140625,108.94000244140625,108.94000244140625,4185.0
2025-11-19T15:50:00Z,108.91000366210938,108.93499755859375,108.87999725341797,108.87999725341797,108.87999725341797,9344.0
2025-11-19T15:52:00Z,108.4749984741211,108.68000030517578,108.4749984741211,108.61289978027344,108.61289978027344,5811.0
2025-11-19T15:53:00Z,108.69000244140625,108.76000213623047,108.68499755859375,108.73999786376953,108.73999786376953,5117.0
2025-11-19T15:54:00Z,108.81999969482422,108.83999633789062,108.76000213623047,108.83999633789062,108.83999633789062,8655.0
2025-11-19T15:55:00Z,108.9000015258789,108.91999816894531,108.83000183105469,108.83000183105469,108.83000183105469,4726.0
2025-11-19T15:56:00Z,108.88999938964844,108.91000366210938,108.80000305175781,108.80000305175781,108.80000305175781,5740.0
2025-11-19T15:57:00Z,108.80999755859375,108.9000015258789,108.80999755859375,108.87999725341797,108.87999725341797,4860.0
2025-11-19T15:58:00Z,108.86000061035156,108.87000274658203,108.81500244140625,108.81500244140625,108.81500244140625,3073.0
2025-11-19T15:59:00Z,108.83499908447266,108.83499908447266,108.77999877929688,108.77999877929688,108.77999877929688,1928.0
2025-11-19T16:00:00Z,108.80500030517578,108.91000366210938,108.80500030517578,108.83999633789062,108.83999633789062,9364.0
2025-11-19T16:01:00Z,108.79000091552734,108.81999969482422,108.77999877929688,108.79499816894531,108.79499816894531,3941.0
2025-11-19T16:02:00Z,108.76000213623047,108.80000305175781,108.69000244140625,108.69999694824219,108.69999694824219,6146.0
2025-11-19T16:03:00Z,108.66999816894531,108.72000122070312,108.65499877929688,108.69000244140625,108.69000244140625,4910.0
2025-11-19T16:04:00Z,108.68000030517578,108.69000244140625,108.68000030517578,108.68000030517578,108.68000030517578,3387.0
2025-11-19T16:05:00Z,108.62999725341797,108.62999725341797,108.52999877929688,108.58999633789062,108.58999633789062,6830.0
2025-11-19T16:06:00Z,108.59500122070312,108.63999938964844,108.59500122070312,108.62000274658203,108.62000274658203,6330.0
2025-11-19T16:07:00Z,108.6050033569336,108.63999938964844,108.6050033569336,108.63999938964844,108.63999938964844,3826.0
2025-11-19T16:08:00Z,108.62999725341797,108.68250274658203,108.62999725341797,108.68250274658203,108.68250274658203,4430.0
2025-11-19T16:09:00Z,108.66000366210938,108.66000366210938,108.5999984741211,108.5999984741211,108.5999984741211,3330.0
2025-11-19T16:10:00Z,108.6500015258789,108.69999694824219,108.62000274658203,108.69999694824219,108.69999694824219,6097.0
2025-11-19T16:11:00Z,108.66000366210938,108.66000366210938,108.55000305175781,108.55000305175781,108.55000305175781,4434.0
2025-11-19T16:12:00Z,108.5199966430664,108.61000061035156,108.51000213623047,108.61000061035156,108.61000061035156,5507.0
2025-11-19T16:13:00Z,108.5999984741211,108.62000274658203,108.55000305175781,108.58000183105469,108.58000183105469,4418.0
2025-11-19T16:14:00Z,108.58000183105469,108.58999633789062,108.56500244140625,108.58999633789062,108.58999633789062,3539.0
2025-11-19T16:15:00Z,108.58000183105469,108.58499908447266,108.47000122070312,108.47000122070312,108.47000122070312,3846.0
2025-11-19T16:16:00Z,108.44000244140625,108.5199966430664,108.44000244140625,108.5199966430664,108.5199966430664,5053.0
2025-11-19T16:17:00Z,108.5199966430664,108.55999755859375,108.5199966430664,108.55500030517578,108.55500030517578,3737.0
2025-11-19T16:18:00Z,108.56999969482422,108.58999633789062,108.55000305175781,108.58000183105469,108.58000183105469,5050.0
2025-11-19T16:19:00Z,108.5999984741211,108.61000061035156,108.58999633789062,108.61000061035156,108.61000061035156,3911.0
2025-11-19T16:20:00Z,108.56999969482422,108.56999969482422,108.45999908447266,108.45999908447266,108.45999908447266,4337.0
2025-11-19T16:21:00Z,108.44000244140625,108.48999786376953,108.39019775390625,108.4800033569336,108.4800033569336,11930.0
2025-11-19T16:22:00Z,108.4800033569336,108.5,108.46499633789062,108.5,108.5,4621.0
2025-11-19T16:23:00Z,108.48999786376953,108.48999786376953,108.47000122070312,108.47000122070312,108.47000122070312,2013.0
2025-11-19T16:24:00Z,108.47000122070312,108.47000122070312,108.44999694824219,108.44999694824219,108.44999694824219,3852.0
2025-11-19T16:25:00Z,108.44000244140625,108.48999786376953,108.44000244140625,108.47000122070312,108.47000122070312,7551.0
2025-11-19T16:26:00Z,108.4800033569336,108.4800033569336,108.44000244140625,108.44499969482422,108.44499969482422,2416.0
2025-11-19T16:27:00Z,108.47000122070312,108.51000213623047,108.47000122070312,108.50499725341797,108.50499725341797,4170.0
2025-11-19T16:28:00Z,108.51000213623047,108.55999755859375,108.5,108.5,108.5,6282.0
2025-11-19T16:29:00Z,108.5199966430664,108.55999755859375,108.51499938964844,108.52999877929688,108.52999877929688,2916.0
2025-11-19T16:30:00Z,108.52999877929688,108.54499816894531,108.5199966430664,108.54000091552734,108.54000091552734,3657.0
2025-11-19T16:31:00Z,108.55000305175781,108.55000305175781,108.5,108.5199966430664,108.5199966430664,5209.0
2025-11-19T16:32:00Z,108.51000213623047,108.51000213623047,108.4000015258789,108.43000030517578,108.43000030517578,6084.0
2025-11-19T16:33:00Z,108.38999938964844,108.41999816894531,108.38500213623047,108.38500213623047,108.38500213623047,2216.0
2025-11-19T16:34:00Z,108.3949966430664,108.45999908447266,108.38999938964844,108.44000244140625,108.44000244140625,5233.0
2025-11-19T16:35:00Z,108.43250274658203,108.44000244140625,108.38999938964844,108.41000366210938,108.41000366210938,5244.0
2025-11-19T16:36:00Z,108.43499755859375,108.44000244140625,108.37000274658203,108.4000015258789,108.4000015258789,10695.0
2025-11-19T16:37:00Z,108.37999725341797,108.4000015258789,108.33999633789062,108.33999633789062,108.33999633789062,3517.0
2025-11-19T16:38:00Z,108.33499908447266,108.33999633789062,108.31999969482422,108.31999969482422,108.31999969482422,3380.0
2025-11-19T16:39:00Z,108.33999633789062,108.42500305175781,108.33999633789062,108.36000061035156,108.36000061035156,6016.0
2025-11-19T16:40:00Z,108.33999633789062,108.55000305175781,108.30999755859375,108.54100036621094,108.54100036621094,6896.0
2025-11-19T16:41:00Z,108.5199966430664,108.55999755859375,108.5,108.55999755859375,108.55999755859375,4554.0
2025-11-19T16:42:00Z,108.58000183105469,108.58999633789062,108.5199966430664,108.55999755859375,108.55999755859375,5598.0
2025-11-19T16:43:00Z,108.63999938964844,108.6500015258789,108.62000274658203,108.6500015258789,108.6500015258789,2139.0
2025-11-19T16:44:00Z,108.69000244140625,108.72000122070312,108.68000030517578,108.72000122070312,108.72000122070312,3255.0
2025-11-19T16:45:00Z,108.69000244140625,108.7300033569336,108.66999816894531,108.7300033569336,108.7300033569336,4567.0
2025-11-19T16:46:00Z,108.75,108.75,108.7249984741211,108.73999786376953,108.73999786376953,4270.0
2025-11-19T16:47:00Z,108.79499816894531,108.79499816894531,108.79499816894531,108.79499816894531,108.79499816894531,797.0
2025-11-19T16:48:00Z,108.7750015258789,108.78500366210938,108.76000213623047,108.7699966430664,108.7699966430664,3148.0
2025-11-19T16:49:00Z,108.75,108.75,108.66000366210938,108.67500305175781,108.67500305175781,3430.0
2025-11-19T16:50:00Z,108.67500305175781,108.69999694824219,108.66999816894531,108.66999816894531,108.66999816894531,1544.0
2025-11-19T16:51:00Z,108.69000244140625,108.69000244140625,108.62000274658203,108.62000274658203,108.62000274658203,5230.0
2025-11-19T16:52:00Z,108.62999725341797,108.6500015258789,108.62999725341797,108.6500015258789,108.6500015258789,3962.0
2025-11-19T16:53:00Z,108.6500015258789,108.70999908447266,108.6500015258789,108.69999694824219,108.69999694824219,2902.0
2025-11-19T16:54:00Z,108.69000244140625,108.69000244140625,108.61000061035156,108.63999938964844,108.63999938964844,3239.0
2025-11-19T16:55:00Z,108.62999725341797,108.69000244140625,108.62999725341797,108.68000030517578,108.68000030517578,3931.0
2025-11-19T16:56:00Z,108.69000244140625,108.73999786376953,108.69000244140625,108.73999786376953,108.73999786376953,2545.0
2025-11-19T16:57:00Z,108.72000122070312,108.79000091552734,108.72000122070312,108.79000091552734,108.79000091552734,3432.0
2025-11-19T16:58:00Z,108.80000305175781,108.80000305175781,108.77999877929688,108.78500366210938,108.78500366210938,3429.0
2025-11-19T16:59:00Z,108.79000091552734,108.79000091552734,108.76000213623047,108.79000091552734,108.79000091552734,3194.0
2025-11-19T17:00:00Z,108.81999969482422,108.87000274658203,108.81999969482422,108.86000061035156,108.86000061035156,4845.0
2025-11-19T17:01:00Z,108.8499984741211,108.9000015258789,108.8499984741211,108.87999725341797,108.87999725341797,2721.0
2025-11-19T17:02:00Z,108.93000030517578,108.94000244140625,108.9000015258789,108.9000015258789,108.9000015258789,4782.0
2025-11-19T17:03:00Z,108.87999725341797,108.9000015258789,108.87999725341797,108.9000015258789,108.9000015258789,1590.0
2025-11-19T17:04:00Z,108.88999938964844,108.9000015258789,108.8550033569336,108.87000274658203,108.87000274658203,3819.0
2025-11-19T17:05:00Z,108.8499984741211,108.87000274658203,108.80000305175781,108.80000305175781,108.80000305175781,3584.0
2025-11-19T17:06:00Z,108.77999877929688,108.80000305175781,108.77999877929688,108.80000305175781,108.80000305175781,1943.0
2025-11-19T17:07:00Z,108.77999877929688,108.79000091552734,108.76000213623047,108.76499938964844,108.76499938964844,2899.0
2025-11-19T17:08:00Z,108.7699966430664,108.83499908447266,108.7699966430664,108.81999969482422,108.81999969482422,5880.0
2025-11-19T17:09:00Z,108.80999755859375,108.80999755859375,108.79000091552734,108.80000305175781,108.80000305175781,2062.0
2025-11-19T17:10:00Z,108.77999877929688,108.83000183105469,108.7750015258789,108.83000183105469,108.83000183105469,2328.0
2025-11-19T17:11:00Z,108.80999755859375,108.8550033569336,108.80500030517578,108.8550033569336,108.8550033569336,4127.0
2025-11-19T17:12:00Z,108.81999969482422,108.81999969482422,108.77999877929688,108.80000305175781,108.80000305175781,3215.0
2025-11-19T17:13:00Z,108.7699966430664,108.81999969482422,108.75,108.80000305175781,108.80000305175781,4671.0
2025-11-19T17:14:00Z,108.80000305175781,108.80000305175781,108.77999877929688,108.80000305175781,108.80000305175781,1659.0
2025-11-19T17:15:00Z,108.80500030517578,108.87000274658203,108.80500030517578,108.87000274658203,108.87000274658203,1917.0
2025-11-19T17:16:00Z,108.86000061035156,108.86000061035156,108.80000305175781,108.80000305175781,108.80000305175781,3025.0
2025-11-19T17:17:00Z,108.80999755859375,108.88850402832031,108.80999755859375,108.88850402832031,108.88850402832031,3013.0
2025-11-19T17:18:00Z,108.9000015258789,108.9000015258789,108.87999725341797,108.88999938964844,108.88999938964844,2517.0
2025-11-19T17:19:00Z,108.88999938964844,108.8949966430664,108.83999633789062,108.8499984741211,108.8499984741211,3630.0
2025-11-19T17:20:00Z,108.83999633789062,108.83999633789062,108.80999755859375,108.83499908447266,108.83499908447266,4522.0
2025-11-19T17:21:00Z,108.83999633789062,108.86000061035156,108.83000183105469,108.86000061035156,108.86000061035156,1954.0
2025-11-19T17:22:00Z,108.87000274658203,108.87000274658203,108.82499694824219,108.83000183105469,108.83000183105469,4926.0
2025-11-19T17:23:00Z,108.87000274658203,108.87000274658203,108.83000183105469,108.83999633789062,108.83999633789062,2442.0
2025-11-19T17:24:00Z,108.8499984741211,108.8499984741211,108.8499984741211,108.8499984741211,108.8499984741211,1060.0
2025-11-19T17:25:00Z,108.86000061035156,108.88999938964844,108.86000061035156,108.88999938964844,108.88999938964844,1834.0
2025-11-19T17:26:00Z,108.94000244140625,108.97000122070312,108.94000244140625,108.95999908447266,108.95999908447266,3299.0
2025-11-19T17:27:00Z,108.94000244140625,108.94499969482422,108.93000030517578,108.93000030517578,108.93000030517578,1916.0
2025-11-19T17:28:00Z,108.95500183105469,108.97000122070312,108.94999694824219,108.97000122070312,108.97000122070312,3943.0
2025-11-19T17:29:00Z,108.97000122070312,108.97000122070312,108.91000366210938,108.91000366210938,108.91000366210938,5938.0
2025-11-19T17:30:00Z,108.93000030517578,108.94000244140625,108.91999816894531,108.94000244140625,108.94000244140625,1834.0
2025-11-19T17:31:00Z,108.94999694824219,108.97000122070312,108.94000244140625,108.94000244140625,108.94000244140625,3042.0
2025-11-19T17:32:00Z,108.94499969482422,108.94499969482422,108.91000366210938,108.93000030517578,108.93000030517578,3014.0
2025-11-19T17:33:00Z,108.93499755859375,108.95999908447266,108.91999816894531,108.91999816894531,108.91999816894531,3274.0
2025-11-19T17:34:00Z,108.93000030517578,108.94999694824219,108.91500091552734,108.91500091552734,108.91500091552734,2257.0
2025-11-19T17:35:00Z,108.91999816894531,108.91999816894531,108.87999725341797,108.87999725341797,108.87999725341797,1468.0
2025-11-19T17:36:00Z,108.86000061035156,108.86000061035156,108.83000183105469,108.83399963378906,108.83399963378906,4182.0
2025-11-19T17:37:00Z,108.8499984741211,108.87000274658203,108.80999755859375,108.81999969482422,108.81999969482422,3995.0
2025-11-19T17:38:00Z,108.83000183105469,108.8499984741211,108.83000183105469,108.8499984741211,108.8499984741211,2721.0
2025-11-19T17:39:00Z,108.87000274658203,108.87000274658203,108.8550033569336,108.86000061035156,108.86000061035156,2330.0
2025-11-19T17:40:00Z,108.83999633789062,108.87999725341797,108.81999969482422,108.8499984741211,108.8499984741211,4075.0
2025-11-19T17:41:00Z,108.87000274658203,108.91000366210938,108.87000274658203,108.91000366210938,108.91000366210938,2821.0
2025-11-19T17:42:00Z,108.93000030517578,108.97000122070312,108.93000030517578,108.97000122070312,108.97000122070312,2429.0
2025-11-19T17:43:00Z,108.97000122070312,108.98999786376953,108.97000122070312,108.9800033569336,108.9800033569336,1960.0
2025-11-19T17:44:00Z,108.95999908447266,108.95999908447266,108.94000244140625,108.94000244140625,108.94000244140625,2114.0
2025-11-19T17:45:00Z,108.95999908447266,108.97000122070312,108.875,108.875,108.875,4982.0
2025-11-19T17:46:00Z,108.87999725341797,108.87999725341797,108.8550033569336,108.87000274658203,108.87000274658203,2853.0
2025-11-19T17:47:00Z,108.87999725341797,108.88999938964844,108.8499984741211,108.88999938964844,108.88999938964844,4729.0
2025-11-19T17:48:00Z,108.88999938964844,108.8958969116211,108.8499984741211,108.8499984741211,108.8499984741211,3892.0
2025-11-19T17:49:00Z,108.83999633789062,108.83999633789062,108.81500244140625,108.83000183105469,108.83000183105469,3444.0
2025-11-19T17:50:00Z,108.82499694824219,108.8499984741211,108.80999755859375,108.8499984741211,108.8499984741211,2854.0
2025-11-19T17:51:00Z,108.87999725341797,108.88999938964844,108.87000274658203,108.87999725341797,108.87999725341797,2672.0
2025-11-19T17:52:00Z,108.88999938964844,108.97000122070312,108.88999938964844,108.97000122070312,108.97000122070312,3988.0
2025-11-19T17:53:00Z,109.0,109.05989837646484,109.0,109.05989837646484,109.05989837646484,3160.0
2025-11-19T17:54:00Z,109.03500366210938,109.04000091552734,109.0199966430664,109.04000091552734,109.04000091552734,1995.0
2025-11-19T17:55:00Z,109.02999877929688,109.06999969482422,108.98999786376953,109.05999755859375,109.05999755859375,6712.0
2025-11-19T17:56:00Z,109.08999633789062,109.0999984741211,109.06999969482422,109.06999969482422,109.06999969482422,1871.0
2025-11-19T17:57:00Z,109.06999969482422,109.08999633789062,109.01499938964844,109.01499938964844,109.01499938964844,3792.0
2025-11-19T17:58:00Z,109.0199966430664,109.02999877929688,108.99500274658203,108.99500274658203,108.99500274658203,2554.0
2025-11-19T17:59:00Z,108.98999786376953,108.98999786376953,108.9800033569336,108.9800033569336,108.9800033569336,2357.0
2025-11-19T18:00:00Z,108.98999786376953,109.02999877929688,108.97000122070312,109.02999877929688,109.02999877929688,3708.0
2025-11-19T18:01:00Z,109.05000305175781,109.05000305175781,109.04000091552734,109.04000091552734,109.04000091552734,1145.0
2025-11-19T18:02:00Z,109.04000091552734,109.06999969482422,109.04000091552734,109.06999969482422,109.06999969482422,3805.0
2025-11-19T18:03:00Z,109.08000183105469,109.1050033569336,109.08000183105469,109.08499908447266,109.08499908447266,2099.0
2025-11-19T18:04:00Z,109.08999633789062,109.08999633789062,109.05999755859375,109.08999633789062,109.08999633789062,3804.0
2025-11-19T18:05:00Z,109.08999633789062,109.08999633789062,109.04499816894531,109.08000183105469,109.08000183105469,4499.0
2025-11-19T18:06:00Z,109.0999984741211,109.12000274658203,109.08000183105469,109.08000183105469,109.08000183105469,2613.0
2025-11-19T18:07:00Z,109.08999633789062,109.11000061035156,109.08000183105469,109.11000061035156,109.11000061035156,2417.0
2025-11-19T18:08:00Z,109.08999633789062,109.11000061035156,109.08000183105469,109.11000061035156,109.11000061035156,3361.0
2025-11-19T18:09:00Z,109.08000183105469,109.11000061035156,109.08000183105469,109.11000061035156,109.11000061035156,3495.0
2025-11-19T18:10:00Z,109.11000061035156,109.13999938964844,109.0999984741211,109.13999938964844,109.13999938964844,3400.0
2025-11-19T18:11:00Z,109.1500015258789,109.1500015258789,109.12000274658203,109.12000274658203,109.12000274658203,1686.0
2025-11-19T18:12:00Z,109.12999725341797,109.13999938964844,109.12999725341797,109.13999938964844,109.13999938964844,2182.0
2025-11-19T18:13:00Z,109.1500015258789,109.16000366210938,109.12999725341797,109.12999725341797,109.12999725341797,1822.0
2025-11-19T18:14:00Z,109.11000061035156,109.12000274658203,109.08999633789062,109.11499786376953,109.11499786376953,4968.0
2025-11-19T18:15:00Z,109.12999725341797,109.13999938964844,109.12000274658203,109.12000274658203,109.12000274658203,3083.0
2025-11-19T18:16:00Z,109.0999984741211,109.11000061035156,109.0999984741211,109.0999984741211,109.0999984741211,855.0
2025-11-19T18:17:00Z,109.0999984741211,109.0999984741211,109.05999755859375,109.0999984741211,109.0999984741211,3999.0
2025-11-19T18:18:00Z,109.11000061035156,109.12000274658203,109.11000061035156,109.12000274658203,109.12000274658203,2354.0
2025-11-19T18:19:00Z,109.12000274658203,109.12000274658203,109.08999633789062,109.11000061035156,109.11000061035156,2985.0
2025-11-19T18:20:00Z,109.12999725341797,109.1500015258789,109.12999725341797,109.1500015258789,109.1500015258789,3828.0
2025-11-19T18:21:00Z,109.18000030517578,109.19000244140625,109.18000030517578,109.19000244140625,109.19000244140625,1492.0
2025-11-19T18:22:00Z,109.19999694824219,109.24500274658203,109.19999694824219,109.24500274658203,109.24500274658203,3081.0
2025-11-19T18:23:00Z,109.2699966430664,109.2699966430664,109.17009735107422,109.17009735107422,109.17009735107422,3243.0
2025-11-19T18:24:00Z,109.18499755859375,109.18499755859375,109.16500091552734,109.16500091552734,109.16500091552734,1849.0
2025-11-19T18:25:00Z,109.18000030517578,109.20999908447266,109.18000030517578,109.20999908447266,109.20999908447266,2346.0
2025-11-19T18:26:00Z,109.22000122070312,109.25,109.21499633789062,109.23999786376953,109.23999786376953,4019.0
2025-11-19T18:27:00Z,109.2300033569336,109.25,109.20500183105469,109.20500183105469,109.20500183105469,4823.0
2025-11-19T18:28:00Z,109.22000122070312,109.2300033569336,109.22000122070312,109.2300033569336,109.2300033569336,1621.0
2025-11-19T18:29:00Z,109.20999908447266,109.2300033569336,109.20999908447266,109.2300033569336,109.2300033569336,3814.0
2025-11-19T18:30:00Z,109.25,109.29499816894531,109.25,109.2699966430664,109.2699966430664,3458.0
2025-11-19T18:31:00Z,109.2699966430664,109.29000091552734,109.25,109.29000091552734,109.29000091552734,2981.0
2025-11-19T18:32:00Z,109.29499816894531,109.29499816894531,109.2699966430664,109.29000091552734,109.29000091552734,1723.0
2025-11-19T18:33:00Z,109.30000305175781,109.33999633789062,109.30000305175781,109.31999969482422,109.31999969482422,4984.0
2025-11-19T18:34:00Z,109.33000183105469,109.36000061035156,109.31999969482422,109.36000061035156,109.36000061035156,2425.0
2025-11-19T18:35:00Z,109.37999725341797,109.4800033569336,109.37999725341797,109.4800033569336,109.4800033569336,2200.0
2025-11-19T18:36:00Z,109.4800033569336,109.55000305175781,109.4800033569336,109.55000305175781,109.55000305175781,3282.0
2025-11-19T18:37:00Z,109.55500030517578,109.55500030517578,109.47000122070312,109.4800033569336,109.4800033569336,5373.0
2025-11-19T18:38:00Z,109.5,109.5,109.44000244140625,109.5,109.5,10001.0
2025-11-19T18:39:00Z,109.48999786376953,109.52999877929688,109.4800033569336,109.52999877929688,109.52999877929688,3136.0
2025-11-19T18:40:00Z,109.52899932861328,109.55999755859375,109.52899932861328,109.55999755859375,109.55999755859375,3313.0
2025-11-19T18:41:00Z,109.5199966430664,109.54000091552734,109.5199966430664,109.52999877929688,109.52999877929688,3025.0
2025-11-19T18:42:00Z,109.5250015258789,109.5250015258789,109.48999786376953,109.48999786376953,109.48999786376953,3277.0
2025-11-19T18:43:00Z,109.48999786376953,109.48999786376953,109.43000030517578,109.47000122070312,109.47000122070312,7402.0
2025-11-19T18:44:00Z,109.4800033569336,109.5,109.47000122070312,109.47000122070312,109.47000122070312,3798.0
2025-11-19T18:45:00Z,109.47000122070312,109.4800033569336,109.47000122070312,109.4749984741211,109.4749984741211,1679.0
2025-11-19T18:46:00Z,109.45999908447266,109.45999908447266,109.38500213623047,109.38500213623047,109.38500213623047,2522.0
2025-11-19T18:47:00Z,109.4000015258789,109.44000244140625,109.4000015258789,109.43000030517578,109.43000030517578,4744.0
2025-11-19T18:48:00Z,109.44000244140625,109.47000122070312,109.43000030517578,109.47000122070312,109.47000122070312,3273.0
2025-11-19T18:49:00Z,109.47000122070312,109.4800033569336,109.45999908447266,109.4800033569336,109.4800033569336,3429.0
2025-11-19T18:50:00Z,109.5,109.54499816894531,109.5,109.54499816894531,109.54499816894531,2557.0
2025-11-19T18:51:00Z,109.55999755859375,109.58000183105469,109.55000305175781,109.58000183105469,109.58000183105469,4074.0
2025-11-19T18:52:00Z,109.57499694824219,109.57499694824219,109.55000305175781,109.56999969482422,109.56999969482422,2427.0
2025-11-19T18:53:00Z,109.56500244140625,109.56500244140625,109.52999877929688,109.52999877929688,109.52999877929688,4065.0
2025-11-19T18:54:00Z,109.5250015258789,109.55000305175781,109.5250015258789,109.55000305175781,109.55000305175781,2807.0
2025-11-19T18:55:00Z,109.54000091552734,109.54940032958984,109.48999786376953,109.48999786376953,109.48999786376953,3270.0
2025-11-19T18:56:00Z,109.48999786376953,109.51000213623047,109.48999786376953,109.50499725341797,109.50499725341797,2612.0
2025-11-19T18:57:00Z,109.5199966430664,109.52999877929688,109.48999786376953,109.49500274658203,109.49500274658203,4248.0
2025-11-19T18:58:00Z,109.48999786376953,109.49500274658203,109.48999786376953,109.49500274658203,109.49500274658203,1571.0
2025-11-19T18:59:00Z,109.4800033569336,109.5199966430664,109.4749984741211,109.51000213623047,109.51000213623047,4623.0
2025-11-19T19:00:00Z,109.5199966430664,109.5199966430664,109.47000122070312,109.47000122070312,109.47000122070312,4811.0
2025-11-19T19:01:00Z,109.45999908447266,109.51000213623047,109.44000244140625,109.51000213623047,109.51000213623047,4031.0
2025-11-19T19:02:00Z,109.4800033569336,109.48999786376953,109.47000122070312,109.48500061035156,109.48500061035156,2841.0
2025-11-19T19:03:00Z,109.4800033569336,109.48999786376953,109.47000122070312,109.47000122070312,109.47000122070312,2046.0
2025-11-19T19:04:00Z,109.48999786376953,109.48999786376953,109.43499755859375,109.45500183105469,109.45500183105469,4538.0
2025-11-19T19:05:00Z,109.4800033569336,109.5,109.4800033569336,109.5,109.5,2437.0
2025-11-19T19:06:00Z,109.51000213623047,109.52999877929688,109.5,109.5,109.5,4195.0
2025-11-19T19:07:00Z,109.4800033569336,109.49500274658203,109.47000122070312,109.4800033569336,109.4800033569336,2337.0
2025-11-19T19:08:00Z,109.45999908447266,109.45999908447266,109.4292984008789,109.43000030517578,109.43000030517578,3319.0
2025-11-19T19:09:00Z,109.43499755859375,109.43499755859375,109.4000015258789,109.4000015258789,109.4000015258789,2164.0
2025-11-19T19:10:00Z,109.37999725341797,109.37999725341797,109.33000183105469,109.33000183105469,109.33000183105469,4380.0
2025-11-19T19:11:00Z,109.33000183105469,109.33000183105469,109.29000091552734,109.29000091552734,109.29000091552734,2131.0
2025-11-19T19:12:00Z,109.27999877929688,109.27999877929688,109.16999816894531,109.16999816894531,109.16999816894531,4404.0
2025-11-19T19:13:00Z,109.16999816894531,109.19999694824219,109.16999816894531,109.17500305175781,109.17500305175781,4216.0
2025-11-19T19:14:00Z,109.19000244140625,109.19999694824219,109.19000244140625,109.19999694824219,109.19999694824219,765.0
2025-11-19T19:15:00Z,109.20999908447266,109.20999908447266,109.16999816894531,109.16999816894531,109.16999816894531,3564.0
2025-11-19T19:16:00Z,109.1500015258789,109.1500015258789,109.06500244140625,109.06500244140625,109.06500244140625,2954.0
2025-11-19T19:17:00Z,109.05999755859375,109.08000183105469,109.05000305175781,109.08000183105469,109.08000183105469,4811.0
2025-11-19T19:18:00Z,109.05000305175781,109.05000305175781,108.94000244140625,108.97000122070312,108.97000122070312,5803.0
2025-11-19T19:19:00Z,108.97000122070312,108.98999786376953,108.93000030517578,108.93000030517578,108.93000030517578,3484.0
2025-11-19T19:20:00Z,108.9000015258789,108.93000030517578,108.9000015258789,108.92500305175781,108.92500305175781,2485.0
2025-11-19T19:21:00Z,108.93000030517578,108.93000030517578,108.91000366210938,108.91000366210938,108.91000366210938,3044.0
2025-11-19T19:22:00Z,108.93000030517578,108.94999694824219,108.8499984741211,108.8499984741211,108.8499984741211,4875.0
2025-11-19T19:23:00Z,108.86000061035156,108.93000030517578,108.86000061035156,108.93000030517578,108.93000030517578,4287.0
2025-11-19T19:24:00Z,108.94999694824219,109.02999877929688,108.94999694824219,109.02999877929688,109.02999877929688,1967.0
2025-11-19T19:25:00Z,109.01000213623047,109.01000213623047,108.95999908447266,108.95999908447266,108.95999908447266,2097.0
2025-11-19T19:26:00Z,108.93000030517578,108.93000030517578,108.83999633789062,108.83999633789062,108.83999633789062,3796.0
2025-11-19T19:27:00Z,108.81999969482422,108.8550033569336,108.69999694824219,108.69999694824219,108.69999694824219,5350.0
2025-11-19T19:28:00Z,108.7300033569336,108.75,108.69999694824219,108.69999694824219,108.69999694824219,3265.0
2025-11-19T19:29:00Z,108.7300033569336,108.75,108.7300033569336,108.73999786376953,108.73999786376953,2948.0
2025-11-19T19:30:00Z,108.76000213623047,108.7699966430664,108.73999786376953,108.73999786376953,108.73999786376953,2749.0
2025-11-19T19:31:00Z,108.73999786376953,108.73999786376953,108.70999908447266,108.73999786376953,108.73999786376953,2947.0
2025-11-19T19:32:00Z,108.72000122070312,108.80000305175781,108.69999694824219,108.76000213623047,108.76000213623047,7577.0
2025-11-19T19:33:00Z,108.77999877929688,108.79499816894531,108.7750015258789,108.77999877929688,108.77999877929688,2736.0
2025-11-19T19:34:00Z,108.79499816894531,108.83000183105469,108.79499816894531,108.83000183105469,108.83000183105469,5231.0
2025-11-19T19:35:00Z,108.8499984741211,108.8499984741211,108.80999755859375,108.81500244140625,108.81500244140625,3163.0
2025-11-19T19:36:00Z,108.80999755859375,108.80999755859375,108.77999877929688,108.77999877929688,108.77999877929688,3916.0
2025-11-19T19:37:00Z,108.7699966430664,108.7699966430664,108.72000122070312,108.72000122070312,108.72000122070312,5256.0
2025-11-19T19:38:00Z,108.69999694824219,108.76000213623047,108.69000244140625,108.75050354003906,108.75050354003906,5179.0
2025-11-19T19:39:00Z,108.7699966430664,108.80999755859375,108.7699966430664,108.79000091552734,108.79000091552734,2904.0
2025-11-19T19:40:00Z,108.78500366210938,108.80000305175781,108.77999877929688,108.80000305175781,108.80000305175781,2155.0
2025-11-19T19:41:00Z,108.80999755859375,108.84249877929688,108.80500030517578,108.83999633789062,108.83999633789062,6556.0
2025-11-19T19:42:00Z,108.86000061035156,108.86000061035156,108.83000183105469,108.83000183105469,108.83000183105469,2641.0
2025-11-19T19:43:00Z,108.81999969482422,108.86000061035156,108.81999969482422,108.86000061035156,108.86000061035156,5293.0
2025-11-19T19:44:00Z,108.86000061035156,108.87000274658203,108.83999633789062,108.87000274658203,108.87000274658203,3515.0
2025-11-19T19:45:00Z,108.86499786376953,108.87999725341797,108.86499786376953,108.87000274658203,108.87000274658203,3067.0
2025-11-19T19:46:00Z,108.8499984741211,108.8499984741211,108.7699966430664,108.78500366210938,108.78500366210938,38285.0
2025-11-19T19:47:00Z,108.77999877929688,108.79000091552734,108.77999877929688,108.79000091552734,108.79000091552734,4895.0
2025-11-19T19:48:00Z,108.80000305175781,108.80999755859375,108.79000091552734,108.80999755859375,108.80999755859375,3761.0
2025-11-19T19:49:00Z,108.80999755859375,108.87000274658203,108.77999877929688,108.8499984741211,108.8499984741211,8290.0
2025-11-19T19:50:00Z,108.87999725341797,108.87999725341797,108.875,108.87999725341797,108.87999725341797,4118.0
2025-11-19T19:51:00Z,108.86000061035156,108.86000061035156,108.80999755859375,108.80999755859375,108.80999755859375,2791.0
2025-11-19T19:52:00Z,108.80000305175781,108.80000305175781,108.69000244140625,108.73999786376953,108.73999786376953,7187.0
2025-11-19T19:53:00Z,108.76000213623047,108.7699966430664,108.72000122070312,108.76499938964844,108.76499938964844,3025.0
2025-11-19T19:54:00Z,108.78500366210938,108.8499984741211,108.77680206298828,108.83000183105469,108.83000183105469,7384.0
2025-11-19T19:55:00Z,108.8550033569336,108.87999725341797,108.80999755859375,108.8499984741211,108.8499984741211,5599.0
2025-11-19T19:56:00Z,108.8499984741211,108.8499984741211,108.80500030517578,108.83999633789062,108.83999633789062,6002.0
2025-11-19T19:57:00Z,108.86000061035156,108.86000061035156,108.80000305175781,108.80999755859375,108.80999755859375,3845.0
2025-11-19T19:58:00Z,108.83000183105469,108.83999633789062,108.81999969482422,108.83000183105469,108.83000183105469,3278.0
2025-11-19T19:59:00Z,108.81999969482422,108.94000244140625,108.81999969482422,108.94000244140625,108.94000244140625,4700.0
2025-11-19T20:00:00Z,108.91999816894531,109.00499725341797,108.91500091552734,109.00499725341797,109.00499725341797,6548.0
2025-11-19T20:01:00Z,109.04000091552734,109.0999984741211,109.02999877929688,109.08000183105469,109.08000183105469,3376.0
2025-11-19T20:02:00Z,109.08000183105469,109.08000183105469,109.04000091552734,109.06999969482422,109.06999969482422,4754.0
2025-11-19T20:03:00Z,109.05999755859375,109.06500244140625,109.05000305175781,109.06500244140625,109.06500244140625,1623.0
2025-11-19T20:04:00Z,109.05000305175781,109.07499694824219,109.03500366210938,109.06999969482422,109.06999969482422,5160.0
2025-11-19T20:05:00Z,109.07499694824219,109.11000061035156,109.07499694824219,109.11000061035156,109.11000061035156,3720.0
2025-11-19T20:06:00Z,109.12000274658203,109.13999938964844,109.11000061035156,109.13999938964844,109.13999938964844,2966.0
2025-11-19T20:07:00Z,109.12000274658203,109.12000274658203,109.0,109.02999877929688,109.02999877929688,6095.0
2025-11-19T20:08:00Z,109.02999877929688,109.04000091552734,108.81999969482422,108.96499633789062,108.96499633789062,43892.0
2025-11-19T20:09:00Z,108.95999908447266,108.96499633789062,108.94999694824219,108.94999694824219,108.94999694824219,3822.0
2025-11-19T20:10:00Z,108.93000030517578,108.94000244140625,108.91000366210938,108.94000244140625,108.94000244140625,9103.0
2025-11-19T20:11:00Z,108.94999694824219,108.94999694824219,108.91000366210938,108.94999694824219,108.94999694824219,6143.0
2025-11-19T20:12:00Z,108.94049835205078,108.94049835205078,108.86000061035156,108.91000366210938,108.91000366210938,5283.0
2025-11-19T20:13:00Z,108.88999938964844,108.93499755859375,108.86000061035156,108.93499755859375,108.93499755859375,5905.0
2025-11-19T20:14:00Z,108.94000244140625,109.0,108.94000244140625,108.98999786376953,108.98999786376953,5288.0
2025-11-19T20:15:00Z,109.0,109.0199966430664,108.95999908447266,108.95999908447266,108.95999908447266,5774.0
2025-11-19T20:16:00Z,108.96759796142578,109.02999877929688,108.96759796142578,109.02999877929688,109.02999877929688,4372.0
2025-11-19T20:17:00Z,109.04000091552734,109.12200164794922,109.04000091552734,109.12200164794922,109.12200164794922,8099.0
2025-11-19T20:18:00Z,109.13500213623047,109.16999816894531,109.11000061035156,109.16999816894531,109.16999816894531,8102.0
2025-11-19T20:19:00Z,109.18000030517578,109.20999908447266,109.16999816894531,109.16999816894531,109.16999816894531,6665.0
2025-11-19T20:20:00Z,109.19000244140625,109.23999786376953,109.19000244140625,109.19000244140625,109.19000244140625,4571.0
2025-11-19T20:21:00Z,109.18000030517578,109.20999908447266,109.1500015258789,109.16999816894531,109.16999816894531,5877.0
2025-11-19T20:22:00Z,109.16000366210938,109.16000366210938,109.12999725341797,109.12999725341797,109.12999725341797,4405.0
2025-11-19T20:23:00Z,109.12000274658203,109.13999938964844,109.08999633789062,109.11499786376953,109.11499786376953,6605.0
2025-11-19T20:24:00Z,109.12999725341797,109.16000366210938,109.12999725341797,109.1500015258789,109.1500015258789,4011.0
2025-11-19T20:25:00Z,109.1500015258789,109.19000244140625,109.1500015258789,109.18499755859375,109.18499755859375,6399.0
2025-11-19T20:26:00Z,109.19000244140625,109.19999694824219,109.12000274658203,109.12000274658203,109.12000274658203,5624.0
2025-11-19T20:27:00Z,109.13500213623047,109.16000366210938,109.12100219726562,109.13999938964844,109.13999938964844,6534.0
2025-11-19T20:28:00Z,109.13999938964844,109.13999938964844,109.11959838867188,109.12999725341797,109.12999725341797,4936.0
2025-11-19T20:29:00Z,109.12999725341797,109.13500213623047,109.11000061035156,109.11000061035156,109.11000061035156,5837.0
2025-11-19T20:30:00Z,109.08999633789062,109.08999633789062,109.02999877929688,109.02999877929688,109.02999877929688,9737.0
2025-11-19T20:31:00Z,109.02999877929688,109.06999969482422,109.01000213623047,109.01000213623047,109.01000213623047,8438.0
2025-11-19T20:32:00Z,108.98999786376953,109.01000213623047,108.98500061035156,109.01000213623047,109.01000213623047,8384.0
2025-11-19T20:33:00Z,109.0199966430664,109.04499816894531,109.01499938964844,109.02999877929688,109.02999877929688,6933.0
2025-11-19T20:34:00Z,109.02999877929688,109.0510025024414,109.0199966430664,109.0510025024414,109.0510025024414,6996.0
2025-11-19T20:35:00Z,109.05000305175781,109.1500015258789,109.05000305175781,109.1500015258789,109.1500015258789,5848.0
2025-11-19T20:36:00Z,109.16999816894531,109.17500305175781,109.13999938964844,109.17500305175781,109.17500305175781,5421.0
2025-11-19T20:37:00Z,109.16000366210938,109.16000366210938,109.12000274658203,109.16000366210938,109.16000366210938,7682.0
2025-11-19T20:38:00Z,109.1500015258789,109.19000244140625,109.1500015258789,109.18499755859375,109.18499755859375,5833.0
2025-11-19T20:39:00Z,109.19000244140625,109.20999908447266,109.12999725341797,109.16000366210938,109.16000366210938,9815.0
2025-11-19T20:40:00Z,109.16000366210938,109.19999694824219,109.13999938964844,109.16000366210938,109.16000366210938,14894.0
2025-11-19T20:41:00Z,109.16000366210938,109.19000244140625,109.12999725341797,109.19000244140625,109.19000244140625,8691.0
2025-11-19T20:42:00Z,109.19000244140625,109.19000244140625,109.16000366210938,109.16000366210938,109.16000366210938,5988.0
2025-11-19T20:43:00Z,109.17500305175781,109.20500183105469,109.17500305175781,109.20500183105469,109.20500183105469,5799.0
2025-11-19T20:44:00Z,109.19999694824219,109.25,109.19499969482422,109.25,109.25,6647.0
2025-11-19T20:45:00Z,109.25,109.25499725341797,109.19000244140625,109.20500183105469,109.20500183105469,8385.0
2025-11-19T20:46:00Z,109.18000030517578,109.2300033569336,109.1729965209961,109.20999908447266,109.20999908447266,11500.0
2025-11-19T20:47:00Z,109.2300033569336,109.23999786376953,109.20999908447266,109.22000122070312,109.22000122070312,10789.0
2025-11-19T20:48:00Z,109.20999908447266,109.20999908447266,109.16000366210938,109.16000366210938,109.16000366210938,8674.0
2025-11-19T20:49:00Z,109.1500015258789,109.19000244140625,109.0999984741211,109.0999984741211,109.0999984741211,31420.0
2025-11-19T20:50:00Z,109.08999633789062,109.2300033569336,109.06999969482422,109.19100189208984,109.19100189208984,20928.0
2025-11-19T20:51:00Z,109.22000122070312,109.37000274658203,109.22000122070312,109.37000274658203,109.37000274658203,17920.0
2025-11-19T20:52:00Z,109.36100006103516,109.43000030517578,109.33999633789062,109.4000015258789,109.4000015258789,24376.0
2025-11-19T20:53:00Z,109.39099884033203,109.44999694824219,109.375,109.42500305175781,109.42500305175781,21827.0
2025-11-19T20:54:00Z,109.4219970703125,109.46009826660156,109.37000274658203,109.38999938964844,109.38999938964844,33063.0
2025-11-19T20:55:00Z,109.37000274658203,109.43000030517578,109.31999969482422,109.38999938964844,109.38999938964844,31273.0
2025-11-19T20:56:00Z,109.38999938964844,109.41999816894531,109.36499786376953,109.36499786376953,109.36499786376953,26216.0
2025-11-19T20:57:00Z,109.36499786376953,109.3949966430664,109.33000183105469,109.3550033569336,109.3550033569336,31708.0
2025-11-19T20:58:00Z,109.36000061035156,109.37999725341797,109.30999755859375,109.31500244140625,109.31500244140625,51362.0
2025-11-19T20:59:00Z,109.31999969482422,109.41000366210938,109.30500030517578,109.38999938964844,109.38999938964844,75152.0
2025-11-20T14:32:00Z,110.5999984741211,110.68000030517578,110.55999755859375,110.56999969482422,110.56999969482422,3779.0
2025-11-20T14:33:00Z,110.5999984741211,110.6050033569336,110.47000122070312,110.58499908447266,110.58499908447266,2357.0
2025-11-20T14:34:00Z,110.51000213623047,110.61000061035156,110.27010345458984,110.43000030517578,110.43000030517578,2574.0
2025-11-20T14:35:00Z,110.38999938964844,110.3949966430664,109.95999908447266,110.11000061035156,110.11000061035156,3629.0
2025-11-20T14:36:00Z,110.22000122070312,110.31999969482422,110.22000122070312,110.25,110.25,2267.0
2025-11-20T14:37:00Z,110.27999877929688,110.27999877929688,110.18000030517578,110.20780181884766,110.20780181884766,1737.0
2025-11-20T14:38:00Z,110.27999877929688,110.45999908447266,110.27999877929688,110.4000015258789,110.4000015258789,2002.0
2025-11-20T14:39:00Z,110.4000015258789,110.4000015258789,110.33999633789062,110.36000061035156,110.36000061035156,1403.0
2025-11-20T14:40:00Z,110.35759735107422,110.35759735107422,110.27999877929688,110.31999969482422,110.31999969482422,1781.0
2025-11-20T14:41:00Z,110.2300033569336,110.23500061035156,110.12000274658203,110.13999938964844,110.13999938964844,2474.0
2025-11-20T14:42:00Z,110.12000274658203,110.20999908447266,110.01000213623047,110.20999908447266,110.20999908447266,1430.0
2025-11-20T14:43:00Z,110.23999786376953,110.23999786376953,110.08000183105469,110.08000183105469,110.08000183105469,3900.0
2025-11-20T14:44:00Z,109.98999786376953,110.11499786376953,109.91999816894531,110.05500030517578,110.05500030517578,2828.0
2025-11-20T14:45:00Z,110.08000183105469,110.18499755859375,110.0199966430664,110.12999725341797,110.12999725341797,2901.0
2025-11-20T14:46:00Z,110.16000366210938,110.17060089111328,110.0999984741211,110.12000274658203,110.12000274658203,1778.0
2025-11-20T14:47:00Z,110.12999725341797,110.16000366210938,110.05999755859375,110.16000366210938,110.16000366210938,988.0
2025-11-20T14:48:00Z,110.11000061035156,110.12999725341797,110.07499694824219,110.12999725341797,110.12999725341797,2326.0
2025-11-20T14:49:00Z,110.18000030517578,110.25,110.18000030517578,110.22000122070312,110.22000122070312,5142.0
2025-11-20T14:50:00Z,110.1500015258789,110.1500015258789,110.0250015258789,110.0250015258789,110.0250015258789,1406.0
2025-11-20T14:51:00Z,110.08000183105469,110.11000061035156,109.97000122070312,110.04000091552734,110.04000091552734,2736.0
2025-11-20T14:52:00Z,110.0,110.08999633789062,110.0,110.01000213623047,110.01000213623047,2190.0
2025-11-20T14:53:00Z,109.99500274658203,109.99500274658203,109.87999725341797,109.87999725341797,109.87999725341797,1559.0
2025-11-20T14:54:00Z,109.95999908447266,110.0199966430664,109.94000244140625,109.98999786376953,109.98999786376953,2440.0
2025-11-20T14:55:00Z,109.93000030517578,109.93000030517578,109.91000366210938,109.91999816894531,109.91999816894531,1851.0
2025-11-20T14:56:00Z,109.91999816894531,109.91999816894531,109.79000091552734,109.80999755859375,109.80999755859375,2170.0
2025-11-20T14:57:00Z,109.83499908447266,109.93000030517578,109.83499908447266,109.93000030517578,109.93000030517578,1920.0
2025-11-20T14:58:00Z,109.91999816894531,109.91999816894531,109.8949966430664,109.91000366210938,109.91000366210938,1785.0
2025-11-20T14:59:00Z,109.91000366210938,109.96499633789062,109.91000366210938,109.95999908447266,109.95999908447266,1890.0
2025-11-20T15:00:00Z,110.0,110.16000366210938,110.0,110.16000366210938,110.16000366210938,4607.0
2025-11-20T15:01:00Z,110.16999816894531,110.19000244140625,110.05999755859375,110.06999969482422,110.06999969482422,2851.0
2025-11-20T15:02:00Z,110.06999969482422,110.20999908447266,110.05010223388672,110.05999755859375,110.05999755859375,13336.0
2025-11-20T15:03:00Z,110.13999938964844,110.20999908447266,110.08999633789062,110.13999938964844,110.13999938964844,4450.0
2025-11-20T15:04:00Z,110.08000183105469,110.16999816894531,110.08000183105469,110.12000274658203,110.12000274658203,2882.0
2025-11-20T15:05:00Z,110.125,110.37999725341797,110.125,110.33999633789062,110.33999633789062,4252.0
2025-11-20T15:06:00Z,110.33999633789062,110.44000244140625,110.31999969482422,110.37000274658203,110.37000274658203,2116.0
2025-11-20T15:07:00Z,110.37000274658203,110.4000015258789,110.13999938964844,110.13999938964844,110.13999938964844,15750.0
2025-11-20T15:08:00Z,110.0999984741211,110.1050033569336,110.04000091552734,110.04000091552734,110.04000091552734,1396.0
2025-11-20T15:09:00Z,110.06999969482422,110.20999908447266,110.06999969482422,110.1500015258789,110.1500015258789,6015.0
2025-11-20T15:10:00Z,110.16000366210938,110.16000366210938,110.16000366210938,110.16000366210938,110.16000366210938,1077.0
2025-11-20T15:11:00Z,110.16000366210938,110.26000213623047,110.12000274658203,110.26000213623047,110.26000213623047,2590.0
2025-11-20T15:12:00Z,110.2344970703125,110.2699966430664,110.2344970703125,110.2699966430664,110.2699966430664,974.0
2025-11-20T15:13:00Z,110.23500061035156,110.23500061035156,110.11000061035156,110.11000061035156,110.11000061035156,2986.0
2025-11-20T15:14:00Z,110.12999725341797,110.18000030517578,110.08999633789062,110.0999984741211,110.0999984741211,2345.0
2025-11-20T15:15:00Z,110.13999938964844,110.13999938964844,110.08000183105469,110.08999633789062,110.08999633789062,1205.0
2025-11-20T15:16:00Z,110.12000274658203,110.19999694824219,110.12000274658203,110.1500015258789,110.1500015258789,2284.0
2025-11-20T15:17:00Z,110.11499786376953,110.11499786376953,110.08000183105469,110.09510040283203,110.09510040283203,1728.0
2025-11-20T15:18:00Z,110.11499786376953,110.2300033569336,110.11499786376953,110.18000030517578,110.18000030517578,3736.0
2025-11-20T15:19:00Z,110.20999908447266,110.2699966430664,110.19499969482422,110.24980163574219,110.24980163574219,2559.0
2025-11-20T15:20:00Z,110.19750213623047,110.19999694824219,110.13999938964844,110.16999816894531,110.16999816894531,1691.0
2025-11-20T15:21:00Z,110.19999694824219,110.20999908447266,110.19999694824219,110.20999908447266,110.20999908447266,1437.0
2025-11-20T15:22:00Z,110.21499633789062,110.30000305175781,110.19999694824219,110.30000305175781,110.30000305175781,2099.0
2025-11-20T15:23:00Z,110.30000305175781,110.33999633789062,110.27999877929688,110.33999633789062,110.33999633789062,1860.0
2025-11-20T15:24:00Z,110.31999969482422,110.37000274658203,110.2699966430664,110.37000274658203,110.37000274658203,2165.0
2025-11-20T15:25:00Z,110.37999725341797,110.41000366210938,110.3499984741211,110.4000015258789,110.4000015258789,2999.0
2025-11-20T15:26:00Z,110.38500213623047,110.38999938964844,110.33999633789062,110.33999633789062,110.33999633789062,1311.0
2025-11-20T15:27:00Z,110.31999969482422,110.31999969482422,110.24500274658203,110.28500366210938,110.28500366210938,1778.0
2025-11-20T15:28:00Z,110.33000183105469,110.37000274658203,110.31999969482422,110.3550033569336,110.3550033569336,1310.0
2025-11-20T15:29:00Z,110.31999969482422,110.3499984741211,110.31500244140625,110.3499984741211,110.3499984741211,1183.0
2025-11-20T15:30:00Z,110.3499984741211,110.43000030517578,110.3499984741211,110.43000030517578,110.43000030517578,2786.0
2025-11-20T15:31:00Z,110.44000244140625,110.4800033569336,110.43000030517578,110.45999908447266,110.45999908447266,2893.0
2025-11-20T15:32:00Z,110.4800033569336,110.4800033569336,110.3949966430664,110.41999816894531,110.41999816894531,1886.0
2025-11-20T15:33:00Z,110.37999725341797,110.41999816894531,110.37999725341797,110.41999816894531,110.41999816894531,1959.0
2025-11-20T15:34:00Z,110.375,110.43000030517578,110.37000274658203,110.43000030517578,110.43000030517578,2650.0
2025-11-20T15:35:00Z,110.37999725341797,110.41999816894531,110.37999725341797,110.38999938964844,110.38999938964844,3077.0
2025-11-20T15:36:00Z,110.41000366210938,110.41000366210938,110.37000274658203,110.4000015258789,110.4000015258789,1129.0
2025-11-20T15:37:00Z,110.4000015258789,110.4000015258789,110.36000061035156,110.36000061035156,110.36000061035156,1262.0
2025-11-20T15:38:00Z,110.36000061035156,110.48999786376953,110.36000061035156,110.48999786376953,110.48999786376953,3268.0
2025-11-20T15:39:00Z,110.49500274658203,110.55999755859375,110.48999786376953,110.55999755859375,110.55999755859375,1742.0
2025-11-20T15:40:00Z,110.52999877929688,110.56999969482422,110.52999877929688,110.55000305175781,110.55000305175781,2508.0
2025-11-20T15:41:00Z,110.54000091552734,110.61000061035156,110.54000091552734,110.61000061035156,110.61000061035156,3664.0
2025-11-20T15:42:00Z,110.61000061035156,110.61000061035156,110.58000183105469,110.58999633789062,110.58999633789062,1020.0
2025-11-20T15:43:00Z,110.56500244140625,110.5999984741211,110.55000305175781,110.55000305175781,110.55000305175781,2547.0
2025-11-20T15:44:00Z,110.55000305175781,110.55999755859375,110.51000213623047,110.51000213623047,110.51000213623047,1721.0
2025-11-20T15:45:00Z,110.54000091552734,110.58999633789062,110.54000091552734,110.55999755859375,110.55999755859375,1857.0
2025-11-20T15:46:00Z,110.55000305175781,110.55500030517578,110.54000091552734,110.54000091552734,110.54000091552734,914.0
2025-11-20T15:47:00Z,110.55000305175781,110.55000305175781,110.4749984741211,110.52999877929688,110.52999877929688,2592.0
2025-11-20T15:48:00Z,110.55999755859375,110.58000183105469,110.55999755859375,110.58000183105469,110.58000183105469,3705.0
2025-11-20T15:49:00Z,110.58000183105469,110.58000183105469,110.58000183105469,110.58000183105469,110.58000183105469,212.0
2025-11-20T15:50:00Z,110.55000305175781,110.63999938964844,110.55000305175781,110.63500213623047,110.63500213623047,3151.0
2025-11-20T15:51:00Z,110.63999938964844,110.63999938964844,110.61000061035156,110.62999725341797,110.62999725341797,2531.0
2025-11-20T15:52:00Z,110.61499786376953,110.62999725341797,110.58499908447266,110.62999725341797,110.62999725341797,1687.0
2025-11-20T15:53:00Z,110.61000061035156,110.61000061035156,110.52999877929688,110.52999877929688,110.52999877929688,1102.0
2025-11-20T15:54:00Z,110.52999877929688,110.54000091552734,110.5,110.54000091552734,110.54000091552734,1240.0
2025-11-20T15:55:00Z,110.51499938964844,110.55999755859375,110.47000122070312,110.48999786376953,110.48999786376953,3673.0
2025-11-20T15:56:00Z,110.51000213623047,110.5199966430664,110.45999908447266,110.47000122070312,110.47000122070312,4159.0
2025-11-20T15:57:00Z,110.44999694824219,110.44999694824219,110.36000061035156,110.36000061035156,110.36000061035156,3719.0
2025-11-20T15:58:00Z,110.37999725341797,110.4000015258789,110.37999725341797,110.4000015258789,110.4000015258789,1497.0
2025-11-20T15:59:00Z,110.4000015258789,110.41000366210938,110.3499984741211,110.3499984741211,110.3499984741211,1797.0
2025-11-20T16:00:00Z,110.3499984741211,110.4000015258789,110.33999633789062,110.4000015258789,110.4000015258789,5295.0
2025-11-20T16:01:00Z,110.41999816894531,110.44000244140625,110.41999816894531,110.41999816894531,110.41999816894531,2371.0
2025-11-20T16:02:00Z,110.38999938964844,110.3949966430664,110.33999633789062,110.3949966430664,110.3949966430664,3213.0
2025-11-20T16:03:00Z,110.43000030517578,110.44999694824219,110.41999816894531,110.44999694824219,110.44999694824219,2096.0
2025-11-20T16:04:00Z,110.45999908447266,110.45999908447266,110.42500305175781,110.42500305175781,110.42500305175781,2251.0
2025-11-20T16:05:00Z,110.4800033569336,110.52999877929688,110.45999908447266,110.52999877929688,110.52999877929688,3570.0
2025-11-20T16:06:00Z,110.5250015258789,110.56500244140625,110.5250015258789,110.52999877929688,110.52999877929688,3553.0
2025-11-20T16:07:00Z,110.55000305175781,110.58999633789062,110.52999877929688,110.58000183105469,110.58000183105469,3476.0
2025-11-20T16:08:00Z,110.55999755859375,110.55999755859375,110.5250015258789,110.5250015258789,110.5250015258789,1414.0
2025-11-20T16:09:00Z,110.5,110.5,110.4800033569336,110.5,110.5,2404.0
2025-11-20T16:10:00Z,110.5250015258789,110.58000183105469,110.5250015258789,110.58000183105469,110.58000183105469,3335.0
2025-11-20T16:11:00Z,110.56999969482422,110.56999969482422,110.5199966430664,110.5199966430664,110.5199966430664,1748.0
2025-11-20T16:12:00Z,110.50499725341797,110.54000091552734,110.45999908447266,110.54000091552734,110.54000091552734,4063.0
2025-11-20T16:13:00Z,110.5199966430664,110.5199966430664,110.44000244140625,110.44000244140625,110.44000244140625,2636.0
2025-11-20T16:14:00Z,110.4800033569336,110.48999786376953,110.45999908447266,110.45999908447266,110.45999908447266,2274.0
2025-11-20T16:15:00Z,110.44000244140625,110.5,110.44000244140625,110.5,110.5,3129.0
2025-11-20T16:16:00Z,110.5,110.5,110.44000244140625,110.44000244140625,110.44000244140625,2536.0
2025-11-20T16:17:00Z,110.44999694824219,110.44999694824219,110.37000274658203,110.37000274658203,110.37000274658203,2698.0
2025-11-20T16:18:00Z,110.4000015258789,110.44999694824219,110.37999725341797,110.44000244140625,110.44000244140625,2291.0
2025-11-20T16:19:00Z,110.41999816894531,110.41999816894531,110.4000015258789,110.40499877929688,110.40499877929688,4513.0
2025-11-20T16:20:00Z,110.41999816894531,110.41999816894531,110.3499984741211,110.3499984741211,110.3499984741211,4068.0
2025-11-20T16:21:00Z,110.4000015258789,110.41000366210938,110.38999938964844,110.4000015258789,110.4000015258789,2402.0
2025-11-20T16:22:00Z,110.41999816894531,110.5,110.41999816894531,110.45999908447266,110.45999908447266,4615.0
2025-11-20T16:23:00Z,110.41999816894531,110.41999816894531,110.37999725341797,110.3949966430664,110.3949966430664,3539.0
2025-11-20T16:24:00Z,110.41999816894531,110.43000030517578,110.31999969482422,110.33000183105469,110.33000183105469,3164.0
2025-11-20T16:25:00Z,110.29000091552734,110.33000183105469,110.25,110.26000213623047,110.26000213623047,4646.0
2025-11-20T16:26:00Z,110.26499938964844,110.30000305175781,110.23999786376953,110.23999786376953,110.23999786376953,4578.0
2025-11-20T16:27:00Z,110.25,110.30999755859375,110.25,110.30000305175781,110.30000305175781,1690.0
2025-11-20T16:28:00Z,110.30000305175781,110.36000061035156,110.30000305175781,110.30500030517578,110.30500030517578,6337.0
2025-11-20T16:29:00Z,110.33000183105469,110.33000183105469,110.29000091552734,110.30500030517578,110.30500030517578,3029.0
2025-11-20T16:30:00Z,110.33000183105469,110.3499984741211,110.23500061035156,110.25,110.25,4166.0
2025-11-20T16:31:00Z,110.22000122070312,110.22000122070312,110.18000030517578,110.18000030517578,110.18000030517578,2645.0
2025-11-20T16:32:00Z,110.13999938964844,110.16999816894531,110.02999877929688,110.02999877929688,110.02999877929688,6157.0
2025-11-20T16:33:00Z,110.01000213623047,110.12999725341797,109.98999786376953,110.11000061035156,110.11000061035156,4641.0
2025-11-20T16:34:00Z,110.13999938964844,110.18000030517578,110.13999938964844,110.16000366210938,110.16000366210938,1745.0
2025-11-20T16:35:00Z,110.17500305175781,110.22000122070312,110.13999938964844,110.16999816894531,110.16999816894531,3170.0
2025-11-20T16:36:00Z,110.13999938964844,110.19999694824219,110.13999938964844,110.19999694824219,110.19999694824219,1675.0
2025-11-20T16:37:00Z,110.2249984741211,110.2249984741211,110.16999816894531,110.19999694824219,110.19999694824219,3248.0
2025-11-20T16:38:00Z,110.18000030517578,110.18000030517578,110.0999984741211,110.0999984741211,110.0999984741211,1687.0
2025-11-20T16:39:00Z,110.12000274658203,110.16000366210938,110.08000183105469,110.13999938964844,110.13999938964844,4205.0
2025-11-20T16:40:00Z,110.18000030517578,110.18000030517578,110.16000366210938,110.16000366210938,110.16000366210938,2323.0
2025-11-20T16:41:00Z,110.16000366210938,110.19000244140625,110.13999938964844,110.13999938964844,110.13999938964844,2086.0
2025-11-20T16:42:00Z,110.1500015258789,110.1500015258789,110.05000305175781,110.05000305175781,110.05000305175781,2784.0
2025-11-20T16:43:00Z,110.05999755859375,110.08999633789062,109.98999786376953,109.98999786376953,109.98999786376953,3380.0
2025-11-20T16:44:00Z,110.05999755859375,110.05999755859375,110.0,110.0,110.0,2581.0
2025-11-20T16:45:00Z,110.04000091552734,110.05000305175781,109.99500274658203,110.0199966430664,110.0199966430664,3109.0
2025-11-20T16:46:00Z,110.02999877929688,110.05000305175781,110.01000213623047,110.01000213623047,110.01000213623047,2751.0
2025-11-20T16:47:00Z,110.00499725341797,110.01000213623047,109.9800033569336,109.98999786376953,109.98999786376953,3589.0
2025-11-20T16:48:00Z,109.98500061035156,109.99500274658203,109.94499969482422,109.94499969482422,109.94499969482422,1831.0
2025-11-20T16:49:00Z,109.91999816894531,110.01000213623047,109.91000366210938,110.01000213623047,110.01000213623047,4807.0
2025-11-20T16:50:00Z,110.0,110.05899810791016,109.98999786376953,110.02999877929688,110.02999877929688,3894.0
2025-11-20T16:51:00Z,110.05999755859375,110.12000274658203,110.05999755859375,110.08999633789062,110.08999633789062,4589.0
2025-11-20T16:52:00Z,110.13999938964844,110.1500015258789,110.12000274658203,110.13999938964844,110.13999938964844,3300.0
2025-11-20T16:53:00Z,110.12000274658203,110.16999816894531,110.0999984741211,110.16999816894531,110.16999816894531,1964.0
2025-11-20T16:54:00Z,110.15499877929688,110.20999908447266,110.15499877929688,110.19999694824219,110.19999694824219,3181.0
2025-11-20T16:55:00Z,110.13999938964844,110.1449966430664,110.0999984741211,110.0999984741211,110.0999984741211,2750.0
2025-11-20T16:56:00Z,110.08999633789062,110.08999633789062,109.94000244140625,109.95999908447266,109.95999908447266,5438.0
2025-11-20T16:57:00Z,109.88999938964844,109.95999908447266,109.87999725341797,109.91999816894531,109.91999816894531,2792.0
2025-11-20T16:58:00Z,109.87999725341797,109.93000030517578,109.87999725341797,109.93000030517578,109.93000030517578,2494.0
2025-11-20T16:59:00Z,109.87999725341797,109.87999725341797,109.79000091552734,109.79000091552734,109.79000091552734,4922.0
2025-11-20T17:00:00Z,109.70999908447266,109.86000061035156,109.70999908447266,109.86000061035156,109.86000061035156,4374.0
2025-11-20T17:01:00Z,109.86000061035156,109.87000274658203,109.83000183105469,109.86499786376953,109.86499786376953,3130.0
2025-11-20T17:02:00Z,109.8499984741211,109.8550033569336,109.80000305175781,109.80000305175781,109.80000305175781,3298.0
2025-11-20T17:03:00Z,109.7300033569336,109.79000091552734,109.7300033569336,109.79000091552734,109.79000091552734,2018.0
2025-11-20T17:04:00Z,109.75,109.7699966430664,109.75,109.7699966430664,109.7699966430664,1670.0
2025-11-20T17:05:00Z,109.80000305175781,109.83999633789062,109.7699966430664,109.7699966430664,109.7699966430664,3830.0
2025-11-20T17:06:00Z,109.75,109.79000091552734,109.73999786376953,109.7699966430664,109.7699966430664,2016.0
2025-11-20T17:07:00Z,109.80000305175781,109.83000183105469,109.76000213623047,109.80999755859375,109.80999755859375,2965.0
2025-11-20T17:08:00Z,109.8499984741211,109.87000274658203,109.81999969482422,109.8499984741211,109.8499984741211,3570.0
2025-11-20T17:09:00Z,109.8499984741211,109.87000274658203,109.7699966430664,109.7699966430664,109.7699966430664,3319.0
2025-11-20T17:10:00Z,109.77999877929688,109.77999877929688,109.77999877929688,109.77999877929688,109.77999877929688,708.0
2025-11-20T17:11:00Z,109.73999786376953,109.7699966430664,109.73999786376953,109.76000213623047,109.76000213623047,3739.0
2025-11-20T17:12:00Z,109.76000213623047,109.77999877929688,109.7300033569336,109.77999877929688,109.77999877929688,3207.0
2025-11-20T17:13:00Z,109.7300033569336,109.7300033569336,109.72000122070312,109.72000122070312,109.72000122070312,812.0
2025-11-20T17:14:00Z,109.77999877929688,109.8499984741211,109.77999877929688,109.8499984741211,109.8499984741211,3242.0
2025-11-20T17:15:00Z,109.81999969482422,109.8499984741211,109.77999877929688,109.77999877929688,109.77999877929688,3015.0
2025-11-20T17:16:00Z,109.76000213623047,109.80000305175781,109.76000213623047,109.80000305175781,109.80000305175781,1634.0
2025-11-20T17:17:00Z,109.73999786376953,109.73999786376953,109.70999908447266,109.70999908447266,109.70999908447266,1108.0
2025-11-20T17:18:00Z,109.72000122070312,109.76000213623047,109.72000122070312,109.76000213623047,109.76000213623047,3054.0
2025-11-20T17:19:00Z,109.7300033569336,109.79000091552734,109.7300033569336,109.74500274658203,109.74500274658203,3257.0
2025-11-20T17:20:00Z,109.72000122070312,109.81999969482422,109.72000122070312,109.74500274658203,109.74500274658203,5467.0
2025-11-20T17:21:00Z,109.81999969482422,109.83000183105469,109.73999786376953,109.75,109.75,1766.0
2025-11-20T17:22:00Z,109.77999877929688,109.79000091552734,109.75,109.77999877929688,109.77999877929688,2816.0
2025-11-20T17:23:00Z,109.80000305175781,109.80000305175781,109.70999908447266,109.72000122070312,109.72000122070312,3752.0
2025-11-20T17:24:00Z,109.75,109.77999877929688,109.75,109.77999877929688,109.77999877929688,1236.0
2025-11-20T17:25:00Z,109.76000213623047,109.76000213623047,109.68000030517578,109.72000122070312,109.72000122070312,3123.0
2025-11-20T17:26:00Z,109.73999786376953,109.78500366210938,109.7300033569336,109.76000213623047,109.76000213623047,3150.0
2025-11-20T17:27:00Z,109.79000091552734,109.80000305175781,109.72000122070312,109.72000122070312,109.72000122070312,3269.0
2025-11-20T17:28:00Z,109.70999908447266,109.76000213623047,109.7020034790039,109.72000122070312,109.72000122070312,1724.0
2025-11-20T17:29:00Z,109.73999786376953,109.76000213623047,109.7300033569336,109.76000213623047,109.76000213623047,3704.0
2025-11-20T17:30:00Z,109.7699966430664,109.7699966430664,109.7699966430664,109.7699966430664,109.7699966430664,810.0
2025-11-20T17:31:00Z,109.7699966430664,109.7699966430664,109.68250274658203,109.68250274658203,109.68250274658203,3514.0
2025-11-20T17:32:00Z,109.69999694824219,109.75,109.69999694824219,109.72000122070312,109.72000122070312,2393.0
2025-11-20T17:33:00Z,109.72000122070312,109.72000122070312,109.62999725341797,109.62999725341797,109.62999725341797,2638.0
2025-11-20T17:34:00Z,109.62999725341797,109.66999816894531,109.62999725341797,109.66999816894531,109.66999816894531,2002.0
2025-11-20T17:35:00Z,109.6500015258789,109.66999816894531,109.61000061035156,109.66000366210938,109.66000366210938,3735.0
2025-11-20T17:36:00Z,109.62999725341797,109.62999725341797,109.55999755859375,109.62999725341797,109.62999725341797,3824.0
2025-11-20T17:37:00Z,109.62999725341797,109.62999725341797,109.58999633789062,109.58999633789062,109.58999633789062,2512.0
2025-11-20T17:38:00Z,109.57499694824219,109.66500091552734,109.57499694824219,109.66500091552734,109.66500091552734,1674.0
2025-11-20T17:39:00Z,109.6989974975586,109.76000213623047,109.6989974975586,109.72000122070312,109.72000122070312,2534.0
2025-11-20T17:40:00Z,109.69999694824219,109.75,109.69000244140625,109.75,109.75,3311.0
2025-11-20T17:41:00Z,109.70999908447266,109.73999786376953,109.69999694824219,109.69999694824219,109.69999694824219,2528.0
2025-11-20T17:42:00Z,109.66000366210938,109.66000366210938,109.58999633789062,109.58999633789062,109.58999633789062,2417.0
2025-11-20T17:43:00Z,109.62000274658203,109.62999725341797,109.55999755859375,109.55999755859375,109.55999755859375,2285.0
2025-11-20T17:44:00Z,109.5199966430664,109.5199966430664,109.4800033569336,109.48999786376953,109.48999786376953,3582.0
2025-11-20T17:45:00Z,109.45999908447266,109.45999908447266,109.44000244140625,109.44000244140625,109.44000244140625,2201.0
2025-11-20T17:46:00Z,109.44999694824219,109.45999908447266,109.41999816894531,109.41999816894531,109.41999816894531,2237.0
2025-11-20T17:47:00Z,109.44000244140625,109.5,109.41999816894531,109.48999786376953,109.48999786376953,2993.0
2025-11-20T17:48:00Z,109.45999908447266,109.45999908447266,109.41999816894531,109.41999816894531,109.41999816894531,1207.0
2025-11-20T17:49:00Z,109.45999908447266,109.45999908447266,109.41999816894531,109.41999816894531,109.41999816894531,1338.0
2025-11-20T17:50:00Z,109.45999908447266,109.45999908447266,109.41999816894531,109.44000244140625,109.44000244140625,2443.0
2025-11-20T17:51:00Z,109.4800033569336,109.4800033569336,109.47000122070312,109.47000122070312,109.47000122070312,1621.0
2025-11-20T17:52:00Z,109.4800033569336,109.4800033569336,109.44499969482422,109.44499969482422,109.44499969482422,2031.0
2025-11-20T17:53:00Z,109.47000122070312,109.47000122070312,109.44999694824219,109.44999694824219,109.44999694824219,2371.0
2025-11-20T17:54:00Z,109.47000122070312,109.47000122070312,109.43499755859375,109.44000244140625,109.44000244140625,2474.0
2025-11-20T17:55:00Z,109.41999816894531,109.44999694824219,109.4000015258789,109.44999694824219,109.44999694824219,3005.0
2025-11-20T17:56:00Z,109.45500183105469,109.45500183105469,109.41999816894531,109.43000030517578,109.43000030517578,2616.0
2025-11-20T17:57:00Z,109.4000015258789,109.41999816894531,109.37999725341797,109.37999725341797,109.37999725341797,2711.0
2025-11-20T17:58:00Z,109.44000244140625,109.47000122070312,109.44000244140625,109.47000122070312,109.47000122070312,2050.0
2025-11-20T17:59:00Z,109.5,109.55000305175781,109.5,109.51000213623047,109.51000213623047,3573.0
2025-11-20T18:00:00Z,109.5,109.58000183105469,109.5,109.58000183105469,109.58000183105469,1944.0
2025-11-20T18:01:00Z,109.61000061035156,109.70999908447266,109.61000061035156,109.65499877929688,109.65499877929688,4043.0
2025-11-20T18:02:00Z,109.69999694824219,109.69999694824219,109.63999938964844,109.63999938964844,109.63999938964844,2464.0
2025-11-20T18:03:00Z,109.6449966430664,109.6449966430664,109.5999984741211,109.62999725341797,109.62999725341797,2790.0
2025-11-20T18:04:00Z,109.62999725341797,109.66000366210938,109.62999725341797,109.66000366210938,109.66000366210938,1410.0
2025-11-20T18:06:00Z,109.66899871826172,109.67500305175781,109.66899871826172,109.67500305175781,109.67500305175781,1942.0
2025-11-20T18:07:00Z,109.69999694824219,109.70999908447266,109.68499755859375,109.68499755859375,109.68499755859375,2281.0
2025-11-20T18:08:00Z,109.68000030517578,109.7300033569336,109.68000030517578,109.70999908447266,109.70999908447266,3506.0
2025-11-20T18:09:00Z,109.73999786376953,109.7750015258789,109.72000122070312,109.7300033569336,109.7300033569336,2756.0
2025-11-20T18:10:00Z,109.70999908447266,109.70999908447266,109.69999694824219,109.69999694824219,109.69999694824219,1916.0
2025-11-20T18:11:00Z,109.72000122070312,109.79000091552734,109.71499633789062,109.79000091552734,109.79000091552734,3469.0
2025-11-20T18:12:00Z,109.7699966430664,109.7699966430664,109.73999786376953,109.7699966430664,109.7699966430664,1449.0
2025-11-20T18:13:00Z,109.79000091552734,109.86000061035156,109.79000091552734,109.86000061035156,109.86000061035156,4818.0
2025-11-20T18:14:00Z,109.87999725341797,109.95500183105469,109.87999725341797,109.92790222167969,109.92790222167969,2174.0
2025-11-20T18:15:00Z,109.94000244140625,110.01000213623047,109.94000244140625,109.98999786376953,109.98999786376953,3317.0
2025-11-20T18:16:00Z,109.94000244140625,109.94000244140625,109.94000244140625,109.94000244140625,109.94000244140625,1799.0
2025-11-20T18:17:00Z,109.87000274658203,109.8949966430664,109.86000061035156,109.86000061035156,109.86000061035156,1858.0
2025-11-20T18:18:00Z,109.9000015258789,109.9000015258789,109.81999969482422,109.83999633789062,109.83999633789062,5199.0
2025-11-20T18:19:00Z,109.8550033569336,109.8550033569336,109.8550033569336,109.8550033569336,109.8550033569336,521.0
2025-11-20T18:20:00Z,109.83999633789062,109.8499984741211,109.83999633789062,109.8499984741211,109.8499984741211,1812.0
2025-11-20T18:21:00Z,109.81999969482422,109.81999969482422,109.79000091552734,109.79000091552734,109.79000091552734,2003.0
2025-11-20T18:22:00Z,109.80999755859375,109.81999969482422,109.80500030517578,109.81999969482422,109.81999969482422,1527.0
2025-11-20T18:23:00Z,109.79000091552734,109.79000091552734,109.72879791259766,109.72879791259766,109.72879791259766,4190.0
2025-11-20T18:24:00Z,109.73999786376953,109.73999786376953,109.58999633789062,109.58999633789062,109.58999633789062,4772.0
2025-11-20T18:25:00Z,109.6050033569336,109.63500213623047,109.6050033569336,109.63500213623047,109.63500213623047,1584.0
2025-11-20T18:26:00Z,109.66000366210938,109.66000366210938,109.62999725341797,109.62999725341797,109.62999725341797,2866.0
2025-11-20T18:27:00Z,109.58999633789062,109.66999816894531,109.58999633789062,109.66999816894531,109.66999816894531,1659.0
2025-11-20T18:28:00Z,109.66000366210938,109.70999908447266,109.66000366210938,109.69000244140625,109.69000244140625,2229.0
2025-11-20T18:29:00Z,109.71499633789062,109.73999786376953,109.71499633789062,109.73999786376953,109.73999786376953,1474.0
2025-11-20T18:30:00Z,109.73999786376953,109.73999786376953,109.73999786376953,109.73999786376953,109.73999786376953,491.0
2025-11-20T18:31:00Z,109.7300033569336,109.7300033569336,109.71499633789062,109.7300033569336,109.7300033569336,2215.0
2025-11-20T18:32:00Z,109.72000122070312,109.72000122070312,109.5999984741211,109.5999984741211,109.5999984741211,4389.0
2025-11-20T18:33:00Z,109.61000061035156,109.66999816894531,109.61000061035156,109.66500091552734,109.66500091552734,2550.0
2025-11-20T18:34:00Z,109.6500015258789,109.66000366210938,109.62999725341797,109.66000366210938,109.66000366210938,2666.0
2025-11-20T18:35:00Z,109.65499877929688,109.68000030517578,109.65499877929688,109.68000030517578,109.68000030517578,1419.0
2025-11-20T18:36:00Z,109.66999816894531,109.66999816894531,109.5999984741211,109.5999984741211,109.5999984741211,2738.0
2025-11-20T18:37:00Z,109.58999633789062,109.58999633789062,109.55000305175781,109.55000305175781,109.55000305175781,2630.0
2025-11-20T18:38:00Z,109.58000183105469,109.61000061035156,109.56999969482422,109.61000061035156,109.61000061035156,2569.0
2025-11-20T18:39:00Z,109.61000061035156,109.61000061035156,109.58999633789062,109.5999984741211,109.5999984741211,1896.0
2025-11-20T18:40:00Z,109.61000061035156,109.62999725341797,109.58999633789062,109.5999984741211,109.5999984741211,2849.0
2025-11-20T18:41:00Z,109.62000274658203,109.65499877929688,109.62000274658203,109.63999938964844,109.63999938964844,2538.0
2025-11-20T18:42:00Z,109.64929962158203,109.64929962158203,109.57499694824219,109.58999633789062,109.58999633789062,5610.0
2025-11-20T18:43:00Z,109.61000061035156,109.62000274658203,109.61000061035156,109.62000274658203,109.62000274658203,1458.0
2025-11-20T18:44:00Z,109.6050033569336,109.6050033569336,109.56999969482422,109.58999633789062,109.58999633789062,3237.0
2025-11-20T18:45:00Z,109.58000183105469,109.58999633789062,109.58000183105469,109.58999633789062,109.58999633789062,1442.0
2025-11-20T18:46:00Z,109.62999725341797,109.62999725341797,109.55999755859375,109.55999755859375,109.55999755859375,2004.0
2025-11-20T18:47:00Z,109.56999969482422,109.56999969482422,109.54000091552734,109.54000091552734,109.54000091552734,1961.0
2025-11-20T18:48:00Z,109.55999755859375,109.55999755859375,109.50499725341797,109.55999755859375,109.55999755859375,4050.0
2025-11-20T18:49:00Z,109.56999969482422,109.57499694824219,109.56999969482422,109.57499694824219,109.57499694824219,1799.0
2025-11-20T18:50:00Z,109.56500244140625,109.56500244140625,109.5,109.55000305175781,109.55000305175781,4963.0
2025-11-20T18:51:00Z,109.56999969482422,109.61000061035156,109.56999969482422,109.58999633789062,109.58999633789062,8932.0
2025-11-20T18:52:00Z,109.6050033569336,109.6050033569336,109.54000091552734,109.58999633789062,109.58999633789062,5152.0
2025-11-20T18:53:00Z,109.55000305175781,109.55000305175781,109.5199966430664,109.5199966430664,109.5199966430664,1417.0
2025-11-20T18:54:00Z,109.51000213623047,109.55999755859375,109.51000213623047,109.55000305175781,109.55000305175781,7893.0
2025-11-20T18:55:00Z,109.55999755859375,109.58000183105469,109.5199966430664,109.58000183105469,109.58000183105469,4741.0
2025-11-20T18:56:00Z,109.56500244140625,109.58999633789062,109.55599975585938,109.58999633789062,109.58999633789062,11625.0
2025-11-20T18:57:00Z,109.59500122070312,109.62999725341797,109.56999969482422,109.58000183105469,109.58000183105469,9298.0
2025-11-20T18:58:00Z,109.57499694824219,109.6449966430664,109.56999969482422,109.62000274658203,109.62000274658203,9118.0
2025-11-20T18:59:00Z,109.66999816894531,109.72000122070312,109.66999816894531,109.69999694824219,109.69999694824219,5270.0
2025-11-20T19:00:00Z,109.69999694824219,109.7750015258789,109.69999694824219,109.7750015258789,109.7750015258789,2778.0
2025-11-20T19:01:00Z,109.80999755859375,109.81500244140625,109.69999694824219,109.69999694824219,109.69999694824219,6474.0
2025-11-20T19:02:00Z,109.70999908447266,109.78500366210938,109.70500183105469,109.77999877929688,109.77999877929688,12190.0
2025-11-20T19:03:00Z,109.80000305175781,109.86000061035156,109.80000305175781,109.83000183105469,109.83000183105469,5541.0
2025-11-20T19:04:00Z,109.87999725341797,109.8949966430664,109.8499984741211,109.86499786376953,109.86499786376953,3129.0
2025-11-20T19:05:00Z,109.86499786376953,109.98999786376953,109.83999633789062,109.98999786376953,109.98999786376953,3606.0
2025-11-20T19:06:00Z,109.98999786376953,109.98999786376953,109.94000244140625,109.94000244140625,109.94000244140625,5496.0
2025-11-20T19:07:00Z,109.9800033569336,110.00499725341797,109.97000122070312,109.9800033569336,109.9800033569336,4611.0
2025-11-20T19:08:00Z,109.95999908447266,109.95999908447266,109.86000061035156,109.92500305175781,109.92500305175781,21588.0
2025-11-20T19:09:00Z,109.95999908447266,110.02999877929688,109.94999694824219,110.02999877929688,110.02999877929688,3052.0
2025-11-20T19:10:00Z,110.0,110.02999877929688,109.9749984741211,110.0250015258789,110.0250015258789,5246.0
2025-11-20T19:11:00Z,110.04000091552734,110.06500244140625,110.02999877929688,110.05999755859375,110.05999755859375,2821.0
2025-11-20T19:12:00Z,110.02999877929688,110.04000091552734,110.01000213623047,110.0199966430664,110.0199966430664,3413.0
2025-11-20T19:13:00Z,110.0199966430664,110.04499816894531,109.9800033569336,109.98999786376953,109.98999786376953,7028.0
2025-11-20T19:14:00Z,109.9800033569336,109.9800033569336,109.94999694824219,109.9800033569336,109.9800033569336,3540.0
2025-11-20T19:15:00Z,110.0,110.0,109.94999694824219,110.0,110.0,10873.0
2025-11-20T19:16:00Z,110.0,110.0,109.9800033569336,109.9800033569336,109.9800033569336,1703.0
2025-11-20T19:17:00Z,110.00499725341797,110.01000213623047,109.94000244140625,110.01000213623047,110.01000213623047,12634.0
2025-11-20T19:18:00Z,110.01000213623047,110.08999633789062,110.01000213623047,110.08999633789062,110.08999633789062,3146.0
2025-11-20T19:19:00Z,110.11499786376953,110.11499786376953,110.0,110.05999755859375,110.05999755859375,10508.0
2025-11-20T19:20:00Z,110.06500244140625,110.19000244140625,110.06500244140625,110.19000244140625,110.19000244140625,5485.0
2025-11-20T19:21:00Z,110.17500305175781,110.25,110.17500305175781,110.2300033569336,110.2300033569336,13423.0
2025-11-20T19:22:00Z,110.20999908447266,110.30000305175781,110.20999908447266,110.27999877929688,110.27999877929688,7047.0
2025-11-20T19:23:00Z,110.2750015258789,110.2750015258789,110.22000122070312,110.22000122070312,110.22000122070312,3624.0
2025-11-20T19:24:00Z,110.19999694824219,110.19999694824219,110.1500015258789,110.16999816894531,110.16999816894531,4650.0
2025-11-20T19:25:00Z,110.18000030517578,110.19999694824219,110.12999725341797,110.16999816894531,110.16999816894531,10355.0
2025-11-20T19:26:00Z,110.19000244140625,110.19000244140625,110.11000061035156,110.11000061035156,110.11000061035156,3101.0
2025-11-20T19:27:00Z,110.11000061035156,110.19999694824219,110.11000061035156,110.19999694824219,110.19999694824219,4207.0
2025-11-20T19:28:00Z,110.19999694824219,110.22000122070312,110.16000366210938,110.18000030517578,110.18000030517578,3948.0
2025-11-20T19:29:00Z,110.18000030517578,110.20500183105469,110.16000366210938,110.16000366210938,110.16000366210938,5481.0
2025-11-20T19:30:00Z,110.16000366210938,110.20999908447266,110.1500015258789,110.20999908447266,110.20999908447266,4977.0
2025-11-20T19:31:00Z,110.20999908447266,110.26000213623047,110.20999908447266,110.26000213623047,110.26000213623047,3939.0
2025-11-20T19:32:00Z,110.26000213623047,110.26000213623047,110.12999725341797,110.1449966430664,110.1449966430664,8212.0
2025-11-20T19:33:00Z,110.16000366210938,110.2300033569336,110.15499877929688,110.2300033569336,110.2300033569336,6273.0
2025-11-20T19:34:00Z,110.23999786376953,110.24500274658203,110.19999694824219,110.23999786376953,110.23999786376953,4012.0
2025-11-20T19:35:00Z,110.26000213623047,110.26000213623047,110.20999908447266,110.20999908447266,110.20999908447266,4373.0
2025-11-20T19:36:00Z,110.20999908447266,110.23999786376953,110.20500183105469,110.2300033569336,110.2300033569336,5291.0
2025-11-20T19:37:00Z,110.23999786376953,110.29000091552734,110.20500183105469,110.20500183105469,110.20500183105469,7171.0
2025-11-20T19:38:00Z,110.20999908447266,110.20999908447266,110.12000274658203,110.12999725341797,110.12999725341797,4388.0
2025-11-20T19:39:00Z,110.11000061035156,110.13999938964844,110.11000061035156,110.12000274658203,110.12000274658203,3598.0
2025-11-20T19:40:00Z,110.11000061035156,110.11000061035156,110.02999877929688,110.05999755859375,110.05999755859375,8651.0
2025-11-20T19:41:00Z,110.05500030517578,110.05500030517578,109.98999786376953,110.0199966430664,110.0199966430664,5354.0
2025-11-20T19:42:00Z,110.05999755859375,110.16000366210938,110.05000305175781,110.1500015258789,110.1500015258789,5745.0
2025-11-20T19:43:00Z,110.19499969482422,110.19499969482422,110.16000366210938,110.16500091552734,110.16500091552734,3261.0
2025-11-20T19:44:00Z,110.18000030517578,110.25,110.16999816894531,110.23999786376953,110.23999786376953,4711.0
2025-11-20T19:45:00Z,110.22000122070312,110.22000122070312,110.15499877929688,110.15499877929688,110.15499877929688,4065.0
2025-11-20T19:46:00Z,110.16999816894531,110.18000030517578,110.13999938964844,110.13999938964844,110.13999938964844,3414.0
2025-11-20T19:47:00Z,110.1500015258789,110.16999816894531,110.12999725341797,110.12999725341797,110.12999725341797,5581.0
2025-11-20T19:48:00Z,110.13999938964844,110.16000366210938,110.12999725341797,110.16000366210938,110.16000366210938,2924.0
2025-11-20T19:49:00Z,110.16999816894531,110.20999908447266,110.16500091552734,110.20999908447266,110.20999908447266,3050.0
2025-11-20T19:50:00Z,110.2300033569336,110.2699966430664,110.22000122070312,110.2699966430664,110.2699966430664,3941.0
2025-11-20T19:51:00Z,110.25,110.25,110.19999694824219,110.23500061035156,110.23500061035156,5351.0
2025-11-20T19:52:00Z,110.23999786376953,110.30999755859375,110.20999908447266,110.30999755859375,110.30999755859375,6903.0
2025-11-20T19:53:00Z,110.28500366210938,110.29000091552734,110.26499938964844,110.29000091552734,110.29000091552734,6454.0
2025-11-20T19:54:00Z,110.28900146484375,110.33000183105469,110.28900146484375,110.31999969482422,110.31999969482422,2970.0
2025-11-20T19:55:00Z,110.33000183105469,110.41000366210938,110.33000183105469,110.41000366210938,110.41000366210938,3882.0
2025-11-20T19:56:00Z,110.42500305175781,110.45500183105469,110.41999816894531,110.41999816894531,110.41999816894531,5661.0
2025-11-20T19:57:00Z,110.44000244140625,110.51000213623047,110.44000244140625,110.51000213623047,110.51000213623047,3336.0
2025-11-20T19:58:00Z,110.55000305175781,110.55000305175781,110.50499725341797,110.5199966430664,110.5199966430664,3339.0
2025-11-20T19:59:00Z,110.52999877929688,110.56999969482422,110.5,110.56999969482422,110.56999969482422,5567.0
2025-11-20T20:00:00Z,110.56999969482422,110.62000274658203,110.55000305175781,110.61000061035156,110.61000061035156,6180.0
2025-11-20T20:01:00Z,110.5999984741211,110.66000366210938,110.59500122070312,110.63999938964844,110.63999938964844,2874.0
2025-11-20T20:02:00Z,110.66500091552734,110.66999816894531,110.6500015258789,110.66500091552734,110.66500091552734,5359.0
2025-11-20T20:03:00Z,110.6500015258789,110.68499755859375,110.63500213623047,110.68499755859375,110.68499755859375,5121.0
2025-11-20T20:04:00Z,110.68000030517578,110.68000030517578,110.61000061035156,110.66000366210938,110.66000366210938,6237.0
2025-11-20T20:05:00Z,110.66999816894531,110.73999786376953,110.66999816894531,110.7300033569336,110.7300033569336,6303.0
2025-11-20T20:06:00Z,110.7699966430664,110.7699966430664,110.69000244140625,110.69499969482422,110.69499969482422,5653.0
2025-11-20T20:07:00Z,110.68499755859375,110.68499755859375,110.66999816894531,110.66999816894531,110.66999816894531,3888.0
2025-11-20T20:08:00Z,110.66999816894531,110.73999786376953,110.6500015258789,110.68000030517578,110.68000030517578,5300.0
2025-11-20T20:09:00Z,110.66000366210938,110.69999694824219,110.62999725341797,110.69999694824219,110.69999694824219,7038.0
2025-11-20T20:10:00Z,110.69000244140625,110.70999908447266,110.66999816894531,110.70500183105469,110.70500183105469,3128.0
2025-11-20T20:11:00Z,110.72000122070312,110.72000122070312,110.62999725341797,110.62999725341797,110.62999725341797,6319.0
2025-11-20T20:12:00Z,110.6449966430664,110.68000030517578,110.62999725341797,110.67500305175781,110.67500305175781,4291.0
2025-11-20T20:13:00Z,110.67500305175781,110.72000122070312,110.67500305175781,110.72000122070312,110.72000122070312,3535.0
2025-11-20T20:14:00Z,110.70999908447266,110.80999755859375,110.70999908447266,110.80999755859375,110.80999755859375,5710.0
2025-11-20T20:15:00Z,110.81999969482422,110.81999969482422,110.79000091552734,110.81900024414062,110.81900024414062,4937.0
2025-11-20T20:16:00Z,110.83999633789062,110.86000061035156,110.83000183105469,110.83999633789062,110.83999633789062,5504.0
2025-11-20T20:17:00Z,110.87999725341797,110.9000015258789,110.87000274658203,110.88500213623047,110.88500213623047,4561.0
2025-11-20T20:18:00Z,110.87999725341797,110.88999938964844,110.80999755859375,110.81999969482422,110.81999969482422,12946.0
2025-11-20T20:19:00Z,110.83999633789062,110.83999633789062,110.79000091552734,110.79000091552734,110.79000091552734,6884.0
2025-11-20T20:20:00Z,110.80999755859375,110.83999633789062,110.80000305175781,110.83000183105469,110.83000183105469,11035.0
2025-11-20T20:21:00Z,110.8550033569336,110.86000061035156,110.81999969482422,110.83100128173828,110.83100128173828,8913.0
2025-11-20T20:22:00Z,110.86000061035156,110.86000061035156,110.79000091552734,110.79000091552734,110.79000091552734,5768.0
2025-11-20T20:23:00Z,110.79000091552734,110.79000091552734,110.76000213623047,110.77999877929688,110.77999877929688,5324.0
2025-11-20T20:24:00Z,110.77999877929688,110.81999969482422,110.77999877929688,110.80000305175781,110.80000305175781,7816.0
2025-11-20T20:25:00Z,110.79000091552734,110.86000061035156,110.77999877929688,110.8550033569336,110.8550033569336,9390.0
2025-11-20T20:26:00Z,110.86499786376953,110.86499786376953,110.79000091552734,110.79000091552734,110.79000091552734,7131.0
2025-11-20T20:27:00Z,110.80000305175781,110.8499984741211,110.80000305175781,110.83999633789062,110.83999633789062,5981.0
2025-11-20T20:28:00Z,110.8499984741211,110.87999725341797,110.81999969482422,110.81999969482422,110.81999969482422,6526.0
2025-11-20T20:29:00Z,110.80999755859375,110.80999755859375,110.79000091552734,110.79000091552734,110.79000091552734,5698.0
2025-11-20T20:30:00Z,110.81999969482422,110.90499877929688,110.81999969482422,110.8499984741211,110.8499984741211,9436.0
2025-11-20T20:31:00Z,110.83999633789062,110.9000015258789,110.7699966430664,110.77999877929688,110.77999877929688,10437.0
2025-11-20T20:32:00Z,110.7699966430664,110.81999969482422,110.76000213623047,110.7699966430664,110.7699966430664,9617.0
2025-11-20T20:33:00Z,110.7699966430664,110.7699966430664,110.70999908447266,110.7300033569336,110.7300033569336,7609.0
2025-11-20T20:34:00Z,110.73999786376953,110.77999877929688,110.69999694824219,110.69999694824219,110.69999694824219,8396.0
2025-11-20T20:35:00Z,110.68000030517578,110.69999694824219,110.66000366210938,110.69999694824219,110.69999694824219,7621.0
2025-11-20T20:36:00Z,110.7300033569336,110.7699966430664,110.7300033569336,110.7699966430664,110.7699966430664,8327.0
2025-11-20T20:37:00Z,110.77999877929688,110.80999755859375,110.75,110.77999877929688,110.77999877929688,7201.0
2025-11-20T20:38:00Z,110.77999877929688,110.79499816894531,110.75,110.7699966430664,110.7699966430664,9978.0
2025-11-20T20:39:00Z,110.77999877929688,110.80000305175781,110.75,110.78500366210938,110.78500366210938,8429.0
2025-11-20T20:40:00Z,110.7750015258789,110.77999877929688,110.71499633789062,110.71499633789062,110.71499633789062,10472.0
2025-11-20T20:41:00Z,110.71499633789062,110.73999786376953,110.69999694824219,110.73999786376953,110.73999786376953,9248.0
2025-11-20T20:42:00Z,110.75,110.76000213623047,110.69999694824219,110.75,110.75,10111.0
2025-11-20T20:43:00Z,110.7300033569336,110.7300033569336,110.69999694824219,110.72000122070312,110.72000122070312,544.0
2025-11-20T20:44:00Z,110.70500183105469,110.70999908447266,110.6500015258789,110.69000244140625,110.69000244140625,7690.0
2025-11-20T20:45:00Z,110.69999694824219,110.7699966430664,110.69000244140625,110.73999786376953,110.73999786376953,11573.0
2025-11-20T20:46:00Z,110.7300033569336,110.73500061035156,110.66000366210938,110.72000122070312,110.72000122070312,13865.0
2025-11-20T20:47:00Z,110.70999908447266,110.70999908447266,110.62079620361328,110.62079620361328,110.62079620361328,10623.0
2025-11-20T20:48:00Z,110.6500015258789,110.6500015258789,110.59500122070312,110.61000061035156,110.61000061035156,11401.0
2025-11-20T20:49:00Z,110.56999969482422,110.58000183105469,110.45999908447266,110.5,110.5,26531.0
2025-11-20T20:50:00Z,110.51000213623047,110.68000030517578,110.44000244140625,110.55000305175781,110.55000305175781,27047.0
2025-11-20T20:51:00Z,110.54000091552734,110.55000305175781,110.44999694824219,110.47000122070312,110.47000122070312,15783.0
2025-11-20T20:52:00Z,110.47000122070312,110.5199966430664,110.47000122070312,110.51000213623047,110.51000213623047,15403.0
2025-11-20T20:53:00Z,110.5,110.56999969482422,110.4800033569336,110.56500244140625,110.56500244140625,16147.0
2025-11-20T20:54:00Z,110.55999755859375,110.61000061035156,110.5199966430664,110.52999877929688,110.52999877929688,33454.0
2025-11-20T20:55:00Z,110.5199966430664,110.6500015258789,110.44999694824219,110.58000183105469,110.58000183105469,51927.0
2025-11-20T20:56:00Z,110.58499908447266,110.61000061035156,110.54499816894531,110.57499694824219,110.57499694824219,30624.0
2025-11-20T20:57:00Z,110.58000183105469,110.65499877929688,110.58000183105469,110.62000274658203,110.62000274658203,30978.0
2025-11-20T20:58:00Z,110.62999725341797,110.62999725341797,110.58999633789062,110.5999984741211,110.5999984741211,41189.0
2025-11-20T20:59:00Z,110.61000061035156,110.62999725341797,110.5199966430664,110.54000091552734,110.54000091552734,92603.0
2025-11-21T14:31:00Z,111.5999984741211,111.625,110.94999694824219,111.48139953613281,111.48139953613281,5022.0
2025-11-21T14:32:00Z,111.38999938964844,111.41000366210938,111.13999938964844,111.30999755859375,111.30999755859375,3001.0
2025-11-21T14:33:00Z,111.31999969482422,111.3949966430664,111.2699966430664,111.36000061035156,111.36000061035156,5158.0
2025-11-21T14:34:00Z,111.4000015258789,111.4000015258789,111.03500366210938,111.08000183105469,111.08000183105469,94682.0
2025-11-21T14:35:00Z,111.08000183105469,111.19999694824219,111.05999755859375,111.18000030517578,111.18000030517578,3496.0
2025-11-21T14:36:00Z,111.19999694824219,111.19999694824219,111.0199966430664,111.0199966430664,111.0199966430664,1885.0
2025-11-21T14:37:00Z,111.06999969482422,111.06999969482422,110.98999786376953,110.98999786376953,110.98999786376953,1248.0
2025-11-21T14:38:00Z,111.06999969482422,111.11000061035156,111.04499816894531,111.05000305175781,111.05000305175781,2572.0
2025-11-21T14:39:00Z,111.01000213623047,111.01000213623047,110.9800033569336,110.9800033569336,110.9800033569336,720.0
2025-11-21T14:40:00Z,110.95500183105469,110.9800033569336,110.83000183105469,110.83000183105469,110.83000183105469,2547.0
2025-11-21T14:41:00Z,110.7699966430664,110.77999877929688,110.73999786376953,110.73999786376953,110.73999786376953,1007.0
2025-11-21T14:42:00Z,110.83000183105469,110.83000183105469,110.69000244140625,110.69000244140625,110.69000244140625,1596.0
2025-11-21T14:43:00Z,110.73999786376953,110.78070068359375,110.54000091552734,110.54000091552734,110.54000091552734,1952.0
2025-11-21T14:44:00Z,110.52999877929688,110.58999633789062,110.45500183105469,110.56999969482422,110.56999969482422,2118.0
2025-11-21T14:45:00Z,110.58000183105469,110.66000366210938,110.58000183105469,110.6449966430664,110.6449966430664,2749.0
2025-11-21T14:46:00Z,110.69000244140625,110.91000366210938,110.69000244140625,110.9000015258789,110.9000015258789,4728.0
2025-11-21T14:47:00Z,110.8499984741211,110.8499984741211,110.72000122070312,110.7300033569336,110.7300033569336,1952.0
2025-11-21T14:48:00Z,110.68499755859375,110.7699966430664,110.62210083007812,110.75,110.75,1938.0
2025-11-21T14:49:00Z,110.65160369873047,110.65160369873047,110.62999725341797,110.63500213623047,110.63500213623047,2387.0
2025-11-21T14:50:00Z,110.62999725341797,110.62999725341797,110.4749984741211,110.4749984741211,110.4749984741211,1440.0
2025-11-21T14:51:00Z,110.55000305175781,110.55000305175781,110.51000213623047,110.51000213623047,110.51000213623047,1093.0
2025-11-21T14:52:00Z,110.54000091552734,110.54000091552734,110.54000091552734,110.54000091552734,110.54000091552734,936.0
2025-11-21T14:53:00Z,110.58999633789062,110.6500015258789,110.58999633789062,110.5999984741211,110.5999984741211,1917.0
2025-11-21T14:54:00Z,110.63999938964844,110.69000244140625,110.62989807128906,110.66500091552734,110.66500091552734,3181.0
2025-11-21T14:55:00Z,110.69999694824219,110.70999908447266,110.69999694824219,110.70999908447266,110.70999908447266,869.0
2025-11-21T14:56:00Z,110.7699966430664,110.80999755859375,110.7699966430664,110.79000091552734,110.79000091552734,1766.0
2025-11-21T14:57:00Z,110.83000183105469,110.88999938964844,110.79499816894531,110.88999938964844,110.88999938964844,2602.0
2025-11-21T14:58:00Z,110.91999816894531,111.01000213623047,110.88999938964844,110.92500305175781,110.92500305175781,1752.0
2025-11-21T14:59:00Z,110.92500305175781,110.96499633789062,110.9000015258789,110.9000015258789,110.9000015258789,1632.0
2025-11-21T15:00:00Z,110.94000244140625,111.13999938964844,110.94000244140625,111.08000183105469,111.08000183105469,3570.0
2025-11-21T15:01:00Z,111.12000274658203,111.12000274658203,111.02999877929688,111.04000091552734,111.04000091552734,1374.0
2025-11-21T15:02:00Z,111.08999633789062,111.1500015258789,111.08999633789062,111.0999984741211,111.0999984741211,3279.0
2025-11-21T15:03:00Z,111.1500015258789,111.2750015258789,111.1500015258789,111.2699966430664,111.2699966430664,5512.0
2025-11-21T15:04:00Z,111.2300033569336,111.2300033569336,111.0,111.0,111.0,4293.0
2025-11-21T15:05:00Z,111.0,111.04000091552734,110.96499633789062,111.04000091552734,111.04000091552734,1209.0
2025-11-21T15:06:00Z,111.0199966430664,111.08000183105469,111.0199966430664,111.0199966430664,111.0199966430664,1601.0
2025-11-21T15:07:00Z,111.05999755859375,111.2300033569336,111.0199966430664,111.2300033569336,111.2300033569336,4455.0
2025-11-21T15:08:00Z,111.12000274658203,111.1500015258789,111.12000274658203,111.1500015258789,111.1500015258789,574.0
2025-11-21T15:09:00Z,111.13999938964844,111.26000213623047,111.12000274658203,111.26000213623047,111.26000213623047,5724.0
2025-11-21T15:10:00Z,111.2699966430664,111.41000366210938,111.2699966430664,111.41000366210938,111.41000366210938,1930.0
2025-11-21T15:11:00Z,111.41000366210938,111.49089813232422,111.41000366210938,111.4800033569336,111.4800033569336,5691.0
2025-11-21T15:12:00Z,111.44499969482422,111.44999694824219,111.44499969482422,111.44999694824219,111.44999694824219,1106.0
2025-11-21T15:13:00Z,111.48999786376953,111.5199966430664,111.44999694824219,111.44999694824219,111.44999694824219,4354.0
2025-11-21T15:14:00Z,111.47000122070312,111.48999786376953,111.47000122070312,111.48999786376953,111.48999786376953,1809.0
2025-11-21T15:15:00Z,111.57499694824219,111.57499694824219,111.51499938964844,111.55999755859375,111.55999755859375,1785.0
2025-11-21T15:16:00Z,111.56999969482422,111.61000061035156,111.56999969482422,111.58200073242188,111.58200073242188,3522.0
2025-11-21T15:17:00Z,111.6449966430664,111.6449966430664,111.5999984741211,111.6050033569336,111.6050033569336,3535.0
2025-11-21T15:18:00Z,111.58000183105469,111.58000183105469,111.45999908447266,111.45999908447266,111.45999908447266,2647.0
2025-11-21T15:19:00Z,111.37999725341797,111.44000244140625,111.27999877929688,111.36499786376953,111.36499786376953,3010.0
2025-11-21T15:20:00Z,111.33499908447266,111.3499984741211,111.27999877929688,111.30999755859375,111.30999755859375,2349.0
2025-11-21T15:21:00Z,111.33999633789062,111.3949966430664,111.30999755859375,111.38999938964844,111.38999938964844,3294.0
2025-11-21T15:22:00Z,111.44000244140625,111.44000244140625,111.29000091552734,111.30999755859375,111.30999755859375,2729.0
2025-11-21T15:23:00Z,111.29000091552734,111.37000274658203,111.29000091552734,111.37000274658203,111.37000274658203,2361.0
2025-11-21T15:24:00Z,111.3550033569336,111.40499877929688,111.3550033569336,111.38500213623047,111.38500213623047,1834.0
2025-11-21T15:25:00Z,111.38999938964844,111.42500305175781,111.37000274658203,111.4000015258789,111.4000015258789,2320.0
2025-11-21T15:26:00Z,111.37999725341797,111.54000091552734,111.37999725341797,111.54000091552734,111.54000091552734,3102.0
2025-11-21T15:27:00Z,111.55000305175781,111.58999633789062,111.52999877929688,111.52999877929688,111.52999877929688,3160.0
2025-11-21T15:28:00Z,111.4800033569336,111.56999969482422,111.44000244140625,111.5199966430664,111.5199966430664,7260.0
2025-11-21T15:29:00Z,111.5999984741211,111.6500015258789,111.55500030517578,111.59500122070312,111.59500122070312,3071.0
2025-11-21T15:30:00Z,111.62999725341797,111.63500213623047,111.55999755859375,111.62999725341797,111.62999725341797,3030.0
2025-11-21T15:31:00Z,111.69999694824219,111.7300033569336,111.66000366210938,111.69999694824219,111.69999694824219,9453.0
2025-11-21T15:32:00Z,111.72000122070312,111.72000122070312,111.61000061035156,111.65499877929688,111.65499877929688,3583.0
2025-11-21T15:33:00Z,111.66999816894531,111.66999816894531,111.58999633789062,111.58999633789062,111.58999633789062,1026.0
2025-11-21T15:34:00Z,111.6500015258789,111.6500015258789,111.51499938964844,111.51499938964844,111.51499938964844,7640.0
2025-11-21T15:35:00Z,111.56999969482422,111.62000274658203,111.54000091552734,111.54000091552734,111.54000091552734,2475.0
2025-11-21T15:36:00Z,111.4800033569336,111.5199966430664,111.47000122070312,111.50499725341797,111.50499725341797,6109.0
2025-11-21T15:37:00Z,111.45999908447266,111.61000061035156,111.45999908447266,111.55999755859375,111.55999755859375,5580.0
2025-11-21T15:38:00Z,111.55999755859375,111.55999755859375,111.44000244140625,111.51000213623047,111.51000213623047,7941.0
2025-11-21T15:39:00Z,111.51000213623047,111.56999969482422,111.5,111.55000305175781,111.55000305175781,8792.0
2025-11-21T15:40:00Z,111.51000213623047,111.66000366210938,111.5,111.66000366210938,111.66000366210938,4280.0
2025-11-21T15:41:00Z,111.55999755859375,111.5999984741211,111.5199966430664,111.58999633789062,111.58999633789062,3257.0
2025-11-21T15:42:00Z,111.55000305175781,111.55000305175781,111.37000274658203,111.37090301513672,111.37090301513672,3355.0
2025-11-21T15:43:00Z,111.38999938964844,111.44000244140625,111.37999725341797,111.44000244140625,111.44000244140625,1499.0
2025-11-21T15:44:00Z,111.38999938964844,111.41000366210938,111.30999755859375,111.41000366210938,111.41000366210938,2311.0
2025-11-21T15:45:00Z,111.41000366210938,111.45999908447266,111.41000366210938,111.44999694824219,111.44999694824219,2920.0
2025-11-21T15:46:00Z,111.44999694824219,111.45999908447266,111.41000366210938,111.41000366210938,111.41000366210938,1815.0
2025-11-21T15:47:00Z,111.47000122070312,111.5,111.41000366210938,111.41000366210938,111.41000366210938,4046.0
2025-11-21T15:48:00Z,111.41999816894531,111.41999816894531,111.36000061035156,111.36000061035156,111.36000061035156,1188.0
2025-11-21T15:49:00Z,111.45999908447266,111.48999786376953,111.45999908447266,111.48999786376953,111.48999786376953,890.0
2025-11-21T15:51:00Z,111.53500366210938,111.53500366210938,111.53500366210938,111.53500366210938,111.53500366210938,8257.0
2025-11-21T15:52:00Z,111.58999633789062,111.61000061035156,111.55999755859375,111.55999755859375,111.55999755859375,2997.0
2025-11-21T15:53:00Z,111.58000183105469,111.62000274658203,111.56999969482422,111.58999633789062,111.58999633789062,2532.0
2025-11-21T15:54:00Z,111.62000274658203,111.62999725341797,111.58000183105469,111.59500122070312,111.59500122070312,2232.0
2025-11-21T15:55:00Z,111.59500122070312,111.66500091552734,111.58999633789062,111.66000366210938,111.66000366210938,3408.0
2025-11-21T15:56:00Z,111.66999816894531,111.69000244140625,111.6500015258789,111.6500015258789,111.6500015258789,2284.0
2025-11-21T15:57:00Z,111.6500015258789,111.65499877929688,111.57499694824219,111.57499694824219,111.57499694824219,2786.0
2025-11-21T15:58:00Z,111.57499694824219,111.5999984741211,111.5,111.51000213623047,111.51000213623047,5846.0
2025-11-21T15:59:00Z,111.44000244140625,111.44000244140625,111.3949966430664,111.3949966430664,111.3949966430664,3003.0
2025-11-21T16:00:00Z,111.38999938964844,111.38999938964844,111.31999969482422,111.31999969482422,111.31999969482422,4019.0
2025-11-21T16:01:00Z,111.30999755859375,111.30999755859375,111.19000244140625,111.19999694824219,111.19999694824219,3850.0
2025-11-21T16:02:00Z,111.16999816894531,111.2699966430664,111.16999816894531,111.19999694824219,111.19999694824219,3561.0
2025-11-21T16:03:00Z,111.18000030517578,111.18000030517578,111.12000274658203,111.18000030517578,111.18000030517578,1577.0
2025-11-21T16:04:00Z,111.19000244140625,111.28600311279297,111.19000244140625,111.26000213623047,111.26000213623047,3634.0
2025-11-21T16:05:00Z,111.2300033569336,111.33000183105469,111.2300033569336,111.33000183105469,111.33000183105469,2719.0
2025-11-21T16:06:00Z,111.33999633789062,111.33999633789062,111.26499938964844,111.2699966430664,111.2699966430664,2469.0
2025-11-21T16:07:00Z,111.2699966430664,111.2699966430664,111.16999816894531,111.16999816894531,111.16999816894531,2914.0
2025-11-21T16:08:00Z,111.11000061035156,111.1500015258789,111.11000061035156,111.125,111.125,3828.0
2025-11-21T16:09:00Z,111.16999816894531,111.18000030517578,111.16999816894531,111.18000030517578,111.18000030517578,2622.0
2025-11-21T16:10:00Z,111.1500015258789,111.18000030517578,111.1500015258789,111.17500305175781,111.17500305175781,1938.0
2025-11-21T16:11:00Z,111.16999816894531,111.18000030517578,111.1500015258789,111.18000030517578,111.18000030517578,2532.0
2025-11-21T16:12:00Z,111.17500305175781,111.19000244140625,111.16999816894531,111.19000244140625,111.19000244140625,1181.0
2025-11-21T16:13:00Z,111.19000244140625,111.20999908447266,111.13999938964844,111.13999938964844,111.13999938964844,4115.0
2025-11-21T16:14:00Z,111.16000366210938,111.16999816894531,111.12000274658203,111.16000366210938,111.16000366210938,2202.0
2025-11-21T16:15:00Z,111.13500213623047,111.18499755859375,111.13500213623047,111.18499755859375,111.18499755859375,2726.0
2025-11-21T16:16:00Z,111.18000030517578,111.18000030517578,111.08000183105469,111.08999633789062,111.08999633789062,4460.0
2025-11-21T16:17:00Z,111.08000183105469,111.08999633789062,111.01000213623047,111.01000213623047,111.01000213623047,4973.0
2025-11-21T16:18:00Z,111.03500366210938,111.06999969482422,110.93000030517578,110.95999908447266,110.95999908447266,5256.0
2025-11-21T16:19:00Z,110.95999908447266,110.95999908447266,110.91000366210938,110.94999694824219,110.94999694824219,4342.0
2025-11-21T16:20:00Z,110.97000122070312,110.97000122070312,110.91999816894531,110.94499969482422,110.94499969482422,2381.0
2025-11-21T16:21:00Z,110.9800033569336,111.08000183105469,110.97000122070312,111.06500244140625,111.06500244140625,8044.0
2025-11-21T16:22:00Z,111.05000305175781,111.09500122070312,111.05000305175781,111.05000305175781,111.05000305175781,9520.0
2025-11-21T16:23:00Z,111.06999969482422,111.08999633789062,111.06999969482422,111.06999969482422,111.06999969482422,2383.0
2025-11-21T16:24:00Z,111.05999755859375,111.08499908447266,111.05999755859375,111.08499908447266,111.08499908447266,1372.0
2025-11-21T16:25:00Z,111.08499908447266,111.12000274658203,111.08000183105469,111.11000061035156,111.11000061035156,3407.0
2025-11-21T16:26:00Z,111.06999969482422,111.18000030517578,111.05999755859375,111.18000030517578,111.18000030517578,2649.0
2025-11-21T16:27:00Z,111.16500091552734,111.19499969482422,111.16000366210938,111.16999816894531,111.16999816894531,2859.0
2025-11-21T16:28:00Z,111.20999908447266,111.2699966430664,111.20500183105469,111.2699966430664,111.2699966430664,2871.0
2025-11-21T16:29:00Z,111.31999969482422,111.31999969482422,111.27999877929688,111.27999877929688,111.27999877929688,2015.0
2025-11-21T16:30:00Z,111.28900146484375,111.28900146484375,111.19000244140625,111.19000244140625,111.19000244140625,2430.0
2025-11-21T16:31:00Z,111.19999694824219,111.25,111.16999816894531,111.16999816894531,111.16999816894531,3276.0
2025-11-21T16:32:00Z,111.125,111.125,111.08000183105469,111.08000183105469,111.08000183105469,1303.0
2025-11-21T16:33:00Z,111.1500015258789,111.19000244140625,111.13999938964844,111.17500305175781,111.17500305175781,4117.0
2025-11-21T16:34:00Z,111.16999816894531,111.16999816894531,111.08999633789062,111.1050033569336,111.1050033569336,4180.0
2025-11-21T16:35:00Z,111.11000061035156,111.11000061035156,111.05000305175781,111.06999969482422,111.06999969482422,2181.0
2025-11-21T16:36:00Z,111.12000274658203,111.16000366210938,111.12000274658203,111.12000274658203,111.12000274658203,5052.0
2025-11-21T16:37:00Z,111.08999633789062,111.08999633789062,111.02999877929688,111.02999877929688,111.02999877929688,1426.0
2025-11-21T16:38:00Z,111.05999755859375,111.25,111.05999755859375,111.25,111.25,6182.0
2025-11-21T16:39:00Z,111.22000122070312,111.23999786376953,111.20999908447266,111.23999786376953,111.23999786376953,2620.0
2025-11-21T16:40:00Z,111.2750015258789,111.31999969482422,111.2699966430664,111.30000305175781,111.30000305175781,2331.0
2025-11-21T16:41:00Z,111.29000091552734,111.29000091552734,111.26000213623047,111.27999877929688,111.27999877929688,1741.0
2025-11-21T16:42:00Z,111.29000091552734,111.30000305175781,111.22000122070312,111.2300033569336,111.2300033569336,7067.0
2025-11-21T16:43:00Z,111.25,111.25,111.22000122070312,111.2300033569336,111.2300033569336,1439.0
2025-11-21T16:44:00Z,111.20999908447266,111.20999908447266,111.13500213623047,111.13999938964844,111.13999938964844,4269.0
2025-11-21T16:45:00Z,111.16000366210938,111.24299621582031,111.16000366210938,111.20999908447266,111.20999908447266,6106.0
2025-11-21T16:46:00Z,111.17500305175781,111.17500305175781,111.16000366210938,111.16000366210938,111.16000366210938,889.0
2025-11-21T16:47:00Z,111.19999694824219,111.30500030517578,111.19999694824219,111.2699966430664,111.2699966430664,3411.0
2025-11-21T16:48:00Z,111.25,111.26000213623047,111.2300033569336,111.2300033569336,111.2300033569336,1720.0
2025-11-21T16:49:00Z,111.26000213623047,111.33999633789062,111.26000213623047,111.33999633789062,111.33999633789062,2984.0
2025-11-21T16:50:00Z,111.33999633789062,111.37999725341797,111.31999969482422,111.33999633789062,111.33999633789062,3494.0
2025-11-21T16:51:00Z,111.3499984741211,111.41000366210938,111.3499984741211,111.37999725341797,111.37999725341797,3688.0
2025-11-21T16:52:00Z,111.41999816894531,111.45999908447266,111.41999816894531,111.45999908447266,111.45999908447266,2924.0
2025-11-21T16:53:00Z,111.44999694824219,111.5,111.44999694824219,111.5,111.5,1621.0
2025-11-21T16:54:00Z,111.5,111.5,111.5,111.5,111.5,1811.0
2025-11-21T16:55:00Z,111.47000122070312,111.50499725341797,111.44999694824219,111.47000122070312,111.47000122070312,3539.0
2025-11-21T16:56:00Z,111.4800033569336,111.4800033569336,111.45999908447266,111.45999908447266,111.45999908447266,1694.0
2025-11-21T16:57:00Z,111.45999908447266,111.52999877929688,111.45999908447266,111.52999877929688,111.52999877929688,5118.0
2025-11-21T16:58:00Z,111.55000305175781,111.56999969482422,111.5199966430664,111.5199966430664,111.5199966430664,1780.0
2025-11-21T16:59:00Z,111.54000091552734,111.54000091552734,111.5,111.5,111.5,3011.0
2025-11-21T17:00:00Z,111.51000213623047,111.55000305175781,111.50499725341797,111.52999877929688,111.52999877929688,4240.0
2025-11-21T17:01:00Z,111.5,111.5,111.44000244140625,111.44000244140625,111.44000244140625,1606.0
2025-11-21T17:02:00Z,111.43499755859375,111.43499755859375,111.37999725341797,111.43000030517578,111.43000030517578,3846.0
2025-11-21T17:03:00Z,111.45999908447266,111.47000122070312,111.41999816894531,111.47000122070312,111.47000122070312,3269.0
2025-11-21T17:04:00Z,111.51499938964844,111.51499938964844,111.44999694824219,111.44999694824219,111.44999694824219,2292.0
2025-11-21T17:05:00Z,111.38999938964844,111.4000015258789,111.37999725341797,111.38999938964844,111.38999938964844,1599.0
2025-11-21T17:06:00Z,111.4000015258789,111.41999816894531,111.4000015258789,111.41000366210938,111.41000366210938,2618.0
2025-11-21T17:07:00Z,111.37999725341797,111.44000244140625,111.37999725341797,111.44000244140625,111.44000244140625,2540.0
2025-11-21T17:08:00Z,111.45999908447266,111.45999908447266,111.41999816894531,111.41999816894531,111.41999816894531,2518.0
2025-11-21T17:09:00Z,111.41999816894531,111.44000244140625,111.40699768066406,111.40699768066406,111.40699768066406,2678.0
2025-11-21T17:10:00Z,111.47000122070312,111.5,111.47000122070312,111.48999786376953,111.48999786376953,2592.0
2025-11-21T17:11:00Z,111.5,111.5,111.45999908447266,111.5,111.5,4375.0
2025-11-21T17:12:00Z,111.5199966430664,111.55000305175781,111.5199966430664,111.54000091552734,111.54000091552734,3701.0
2025-11-21T17:13:00Z,111.55999755859375,111.56999969482422,111.48999786376953,111.5,111.5,3505.0
2025-11-21T17:14:00Z,111.5199966430664,111.5199966430664,111.5,111.5,111.5,2173.0
2025-11-21T17:15:00Z,111.51000213623047,111.51000213623047,111.51000213623047,111.51000213623047,111.51000213623047,272.0
2025-11-21T17:16:00Z,111.5,111.55000305175781,111.5,111.5199966430664,111.5199966430664,4196.0
2025-11-21T17:17:00Z,111.51000213623047,111.51000213623047,111.43000030517578,111.44000244140625,111.44000244140625,2256.0
2025-11-21T17:18:00Z,111.44000244140625,111.47000122070312,111.44000244140625,111.45500183105469,111.45500183105469,2755.0
2025-11-21T17:19:00Z,111.46499633789062,111.47000122070312,111.44000244140625,111.44000244140625,111.44000244140625,1560.0
2025-11-21T17:20:00Z,111.43000030517578,111.4800033569336,111.43000030517578,111.4800033569336,111.4800033569336,2400.0
2025-11-21T17:21:00Z,111.43000030517578,111.43000030517578,111.37000274658203,111.37000274658203,111.37000274658203,1464.0
2025-11-21T17:22:00Z,111.38999938964844,111.4000015258789,111.36499786376953,111.4000015258789,111.4000015258789,2262.0
2025-11-21T17:23:00Z,111.41500091552734,111.45999908447266,111.41500091552734,111.45999908447266,111.45999908447266,2054.0
2025-11-21T17:24:00Z,111.45999908447266,111.48999786376953,111.45999908447266,111.48999786376953,111.48999786376953,3062.0
2025-11-21T17:25:00Z,111.4800033569336,111.4800033569336,111.45999908447266,111.45999908447266,111.45999908447266,2115.0
2025-11-21T17:26:00Z,111.44000244140625,111.48999786376953,111.44000244140625,111.4800033569336,111.4800033569336,2523.0
2025-11-21T17:27:00Z,111.4800033569336,111.4800033569336,111.45999908447266,111.45999908447266,111.45999908447266,1456.0
2025-11-21T17:28:00Z,111.46499633789062,111.52999877929688,111.44999694824219,111.52999877929688,111.52999877929688,2513.0
2025-11-21T17:29:00Z,111.51860046386719,111.56999969482422,111.51860046386719,111.53009796142578,111.53009796142578,3101.0
2025-11-21T17:30:00Z,111.54000091552734,111.54000091552734,111.52999877929688,111.52999877929688,111.52999877929688,1148.0
2025-11-21T17:31:00Z,111.55000305175781,111.55000305175781,111.54000091552734,111.54000091552734,111.54000091552734,1533.0
2025-11-21T17:32:00Z,111.51000213623047,111.52999877929688,111.51000213623047,111.52999877929688,111.52999877929688,1511.0
2025-11-21T17:33:00Z,111.54000091552734,111.54000091552734,111.4800033569336,111.4800033569336,111.4800033569336,2631.0
2025-11-21T17:34:00Z,111.44999694824219,111.47000122070312,111.44499969482422,111.44999694824219,111.44999694824219,2618.0
2025-11-21T17:35:00Z,111.5,111.5,111.5,111.5,111.5,1586.0
2025-11-21T17:36:00Z,111.52999877929688,111.61000061035156,111.52999877929688,111.61000061035156,111.61000061035156,2931.0
2025-11-21T17:37:00Z,111.62000274658203,111.63999938964844,111.62000274658203,111.63999938964844,111.63999938964844,3452.0
2025-11-21T17:38:00Z,111.62000274658203,111.62000274658203,111.5999984741211,111.5999984741211,111.5999984741211,1887.0
2025-11-21T17:39:00Z,111.62000274658203,111.62000274658203,111.62000274658203,111.62000274658203,111.62000274658203,896.0
2025-11-21T17:40:00Z,111.62999725341797,111.68000030517578,111.61000061035156,111.68000030517578,111.68000030517578,5095.0
2025-11-21T17:41:00Z,111.66000366210938,111.66999816894531,111.63500213623047,111.66999816894531,111.66999816894531,2424.0
2025-11-21T17:42:00Z,111.67500305175781,111.7300033569336,111.67500305175781,111.7300033569336,111.7300033569336,1574.0
2025-11-21T17:43:00Z,111.70999908447266,111.7300033569336,111.69999694824219,111.69999694824219,111.69999694824219,6021.0
2025-11-21T17:44:00Z,111.72000122070312,111.72000122070312,111.69499969482422,111.69499969482422,111.69499969482422,2449.0
2025-11-21T17:45:00Z,111.70999908447266,111.70999908447266,111.66000366210938,111.67939758300781,111.67939758300781,2919.0
2025-11-21T17:46:00Z,111.69000244140625,111.69000244140625,111.66000366210938,111.66000366210938,111.66000366210938,1718.0
2025-11-21T17:47:00Z,111.62999725341797,111.62999725341797,111.61000061035156,111.62000274658203,111.62000274658203,3033.0
2025-11-21T17:48:00Z,111.62999725341797,111.68499755859375,111.62999725341797,111.68499755859375,111.68499755859375,1874.0
2025-11-21T17:49:00Z,111.7249984741211,111.7249984741211,111.7249984741211,111.7249984741211,111.7249984741211,834.0
2025-11-21T17:50:00Z,111.73999786376953,111.75,111.69000244140625,111.69000244140625,111.69000244140625,2762.0
2025-11-21T17:51:00Z,111.66010284423828,111.66010284423828,111.62999725341797,111.62999725341797,111.62999725341797,2657.0
2025-11-21T17:52:00Z,111.62000274658203,111.62000274658203,111.55999755859375,111.58999633789062,111.58999633789062,2353.0
2025-11-21T17:53:00Z,111.61000061035156,111.61979675292969,111.52999877929688,111.52999877929688,111.52999877929688,3312.0
2025-11-21T17:54:00Z,111.5,111.55000305175781,111.5,111.52999877929688,111.52999877929688,2984.0
2025-11-21T17:55:00Z,111.58000183105469,111.5999984741211,111.58000183105469,111.5999984741211,111.5999984741211,919.0
2025-11-21T17:56:00Z,111.56999969482422,111.56999969482422,111.56999969482422,111.56999969482422,111.56999969482422,1132.0
2025-11-21T17:57:00Z,111.55000305175781,111.55000305175781,111.44499969482422,111.4800033569336,111.4800033569336,3232.0
2025-11-21T17:58:00Z,111.48999786376953,111.49500274658203,111.4749984741211,111.49500274658203,111.49500274658203,1746.0
2025-11-21T17:59:00Z,111.4800033569336,111.51000213623047,111.47000122070312,111.47000122070312,111.47000122070312,2601.0
2025-11-21T18:00:00Z,111.48999786376953,111.54000091552734,111.48999786376953,111.5,111.5,2422.0
2025-11-21T18:01:00Z,111.5199966430664,111.5199966430664,111.51090240478516,111.5199966430664,111.5199966430664,736.0
2025-11-21T18:02:00Z,111.52999877929688,111.53500366210938,111.48999786376953,111.48999786376953,111.48999786376953,1865.0
2025-11-21T18:03:00Z,111.48999786376953,111.48999786376953,111.48999786376953,111.48999786376953,111.48999786376953,1564.0
2025-11-21T18:04:00Z,111.5,111.5,111.45999908447266,111.45999908447266,111.45999908447266,2221.0
2025-11-21T18:05:00Z,111.41999816894531,111.44999694824219,111.41999816894531,111.44999694824219,111.44999694824219,1338.0
2025-11-21T18:06:00Z,111.44000244140625,111.44000244140625,111.44000244140625,111.44000244140625,111.44000244140625,1888.0
2025-11-21T18:07:00Z,111.47000122070312,111.4800033569336,111.44999694824219,111.4800033569336,111.4800033569336,2603.0
2025-11-21T18:08:00Z,111.44999694824219,111.44999694824219,111.44999694824219,111.44999694824219,111.44999694824219,908.0
2025-11-21T18:09:00Z,111.41999816894531,111.41999816894531,111.3499984741211,111.3499984741211,111.3499984741211,1371.0
2025-11-21T18:10:00Z,111.3499984741211,111.3499984741211,111.33499908447266,111.33499908447266,111.33499908447266,1821.0
2025-11-21T18:11:00Z,111.33499908447266,111.3499984741211,111.29000091552734,111.30000305175781,111.30000305175781,2664.0
2025-11-21T18:12:00Z,111.30999755859375,111.30999755859375,111.27999877929688,111.27999877929688,111.27999877929688,755.0
2025-11-21T18:13:00Z,111.2699966430664,111.31999969482422,111.2699966430664,111.2699966430664,111.2699966430664,3661.0
2025-11-21T18:14:00Z,111.27999877929688,111.27999877929688,111.27999877929688,111.27999877929688,111.27999877929688,543.0
2025-11-21T18:15:00Z,111.26499938964844,111.26499938964844,111.2300033569336,111.2300033569336,111.2300033569336,2239.0
2025-11-21T18:16:00Z,111.2300033569336,111.25,111.22000122070312,111.22000122070312,111.22000122070312,2683.0
2025-11-21T18:17:00Z,111.25,111.25,111.25,111.25,111.25,866.0
2025-11-21T18:18:00Z,111.25,111.2750015258789,111.22000122070312,111.22000122070312,111.22000122070312,1993.0
2025-11-21T18:19:00Z,111.21499633789062,111.23999786376953,111.20999908447266,111.23999786376953,111.23999786376953,2107.0
2025-11-21T18:20:00Z,111.25,111.25,111.25,111.25,111.25,1251.0
2025-11-21T18:21:00Z,111.25,111.26499938964844,111.25,111.26499938964844,111.26499938964844,1311.0
2025-11-21T18:22:00Z,111.26499938964844,111.27999877929688,111.26499938964844,111.2699966430664,111.2699966430664,3218.0
2025-11-21T18:23:00Z,111.30000305175781,111.30999755859375,111.30000305175781,111.30000305175781,111.30000305175781,2593.0
2025-11-21T18:24:00Z,111.30999755859375,111.31999969482422,111.30999755859375,111.31999969482422,111.31999969482422,1348.0
2025-11-21T18:25:00Z,111.32499694824219,111.32499694824219,111.29000091552734,111.29000091552734,111.29000091552734,1541.0
2025-11-21T18:26:00Z,111.2750015258789,111.27999877929688,111.25499725341797,111.27999877929688,111.27999877929688,3834.0
2025-11-21T18:27:00Z,111.28500366210938,111.29000091552734,111.25,111.29000091552734,111.29000091552734,1574.0
2025-11-21T18:28:00Z,111.29000091552734,111.31999969482422,111.29000091552734,111.30999755859375,111.30999755859375,2306.0
2025-11-21T18:29:00Z,111.27999877929688,111.30000305175781,111.27999877929688,111.30000305175781,111.30000305175781,1631.0
2025-11-21T18:30:00Z,111.31999969482422,111.3499984741211,111.29000091552734,111.29000091552734,111.29000091552734,3287.0
2025-11-21T18:31:00Z,111.29499816894531,111.29499816894531,111.29499816894531,111.29499816894531,111.29499816894531,1276.0
2025-11-21T18:32:00Z,111.29750061035156,111.30000305175781,111.2699966430664,111.2699966430664,111.2699966430664,1869.0
2025-11-21T18:33:00Z,111.27649688720703,111.27999877929688,111.26499938964844,111.26499938964844,111.26499938964844,3760.0
2025-11-21T18:34:00Z,111.26000213623047,111.26000213623047,111.26000213623047,111.26000213623047,111.26000213623047,1465.0
2025-11-21T18:35:00Z,111.2699966430664,111.2699966430664,111.2699966430664,111.2699966430664,111.2699966430664,620.0
2025-11-21T18:36:00Z,111.27999877929688,111.31999969482422,111.2699966430664,111.31999969482422,111.31999969482422,3932.0
2025-11-21T18:37:00Z,111.4000015258789,111.4000015258789,111.4000015258789,111.4000015258789,111.4000015258789,878.0
2025-11-21T18:38:00Z,111.41000366210938,111.44000244140625,111.37999725341797,111.44000244140625,111.44000244140625,3564.0
2025-11-21T18:39:00Z,111.44999694824219,111.4800033569336,111.44000244140625,111.44000244140625,111.44000244140625,6261.0
2025-11-21T18:40:00Z,111.43000030517578,111.45999908447266,111.41999816894531,111.45999908447266,111.45999908447266,5162.0
2025-11-21T18:41:00Z,111.5,111.5,111.41000366210938,111.43499755859375,111.43499755859375,3467.0
2025-11-21T18:42:00Z,111.45999908447266,111.45999908447266,111.41999816894531,111.44499969482422,111.44499969482422,1127.0
2025-11-21T18:43:00Z,111.44999694824219,111.4800033569336,111.44000244140625,111.4800033569336,111.4800033569336,2688.0
2025-11-21T18:44:00Z,111.4800033569336,111.48500061035156,111.45999908447266,111.4800033569336,111.4800033569336,1917.0
2025-11-21T18:45:00Z,111.48500061035156,111.5,111.47000122070312,111.47000122070312,111.47000122070312,1747.0
2025-11-21T18:46:00Z,111.45999908447266,111.45999908447266,111.44000244140625,111.44000244140625,111.44000244140625,1389.0
2025-11-21T18:47:00Z,111.47000122070312,111.48999786376953,111.47000122070312,111.48999786376953,111.48999786376953,1379.0
2025-11-21T18:48:00Z,111.51000213623047,111.52999877929688,111.44000244140625,111.5,111.5,5849.0
2025-11-21T18:49:00Z,111.47000122070312,111.47000122070312,111.44499969482422,111.44499969482422,111.44499969482422,1914.0
2025-11-21T18:50:00Z,111.4749984741211,111.5,111.38999938964844,111.44999694824219,111.44999694824219,16476.0
2025-11-21T18:51:00Z,111.52999877929688,111.58000183105469,111.52999877929688,111.55000305175781,111.55000305175781,1738.0
2025-11-21T18:52:00Z,111.5199966430664,111.5199966430664,111.4749984741211,111.48500061035156,111.48500061035156,2418.0
2025-11-21T18:53:00Z,111.48500061035156,111.55000305175781,111.48500061035156,111.55000305175781,111.55000305175781,1733.0
2025-11-21T18:54:00Z,111.5250015258789,111.5250015258789,111.44999694824219,111.44999694824219,111.44999694824219,2125.0
2025-11-21T18:55:00Z,111.45999908447266,111.45999908447266,111.45999908447266,111.45999908447266,111.45999908447266,1412.0
2025-11-21T18:56:00Z,111.4000015258789,111.4198989868164,111.38999938964844,111.41000366210938,111.41000366210938,2676.0
2025-11-21T18:57:00Z,111.41500091552734,111.41500091552734,111.33580017089844,111.33580017089844,111.33580017089844,3367.0
2025-11-21T18:58:00Z,111.43000030517578,111.43000030517578,111.41000366210938,111.41000366210938,111.41000366210938,2014.0
2025-11-21T18:59:00Z,111.41999816894531,111.41999816894531,111.4000015258789,111.4000015258789,111.4000015258789,2719.0
2025-11-21T19:00:00Z,111.41000366210938,111.47000122070312,111.41000366210938,111.47000122070312,111.47000122070312,2825.0
2025-11-21T19:01:00Z,111.43499755859375,111.43499755859375,111.41999816894531,111.43000030517578,111.43000030517578,3200.0
2025-11-21T19:02:00Z,111.4000015258789,111.44000244140625,111.38999938964844,111.41999816894531,111.41999816894531,3476.0
2025-11-21T19:03:00Z,111.43000030517578,111.44999694824219,111.43000030517578,111.44999694824219,111.44999694824219,2825.0
2025-11-21T19:04:00Z,111.44999694824219,111.44999694824219,111.43000030517578,111.43499755859375,111.43499755859375,1925.0
2025-11-21T19:05:00Z,111.43499755859375,111.45999908447266,111.43499755859375,111.44000244140625,111.44000244140625,1882.0
2025-11-21T19:06:00Z,111.45999908447266,111.45999908447266,111.43000030517578,111.43000030517578,111.43000030517578,984.0
2025-11-21T19:07:00Z,111.45999908447266,111.48999786376953,111.44000244140625,111.44000244140625,111.44000244140625,2637.0
2025-11-21T19:08:00Z,111.48999786376953,111.48999786376953,111.47000122070312,111.4800033569336,111.4800033569336,2246.0
2025-11-21T19:09:00Z,111.48500061035156,111.5199966430664,111.41999816894531,111.41999816894531,111.41999816894531,5165.0
2025-11-21T19:10:00Z,111.43000030517578,111.43000030517578,111.42500305175781,111.42500305175781,111.42500305175781,1135.0
2025-11-21T19:11:00Z,111.44000244140625,111.45500183105469,111.41000366210938,111.41000366210938,111.41000366210938,3957.0
2025-11-21T19:12:00Z,111.41000366210938,111.41000366210938,111.38999938964844,111.38999938964844,111.38999938964844,1461.0
2025-11-21T19:13:00Z,111.44000244140625,111.44000244140625,111.4000015258789,111.4000015258789,111.4000015258789,1959.0
2025-11-21T19:14:00Z,111.43000030517578,111.44000244140625,111.41999816894531,111.44000244140625,111.44000244140625,1639.0
2025-11-21T19:15:00Z,111.43000030517578,111.44999694824219,111.42500305175781,111.43000030517578,111.43000030517578,2236.0
2025-11-21T19:16:00Z,111.43000030517578,111.43499755859375,111.41999816894531,111.41999816894531,111.41999816894531,1350.0
2025-11-21T19:17:00Z,111.43000030517578,111.44000244140625,111.4000015258789,111.4000015258789,111.4000015258789,3386.0
2025-11-21T19:18:00Z,111.4000015258789,111.41000366210938,111.38999938964844,111.41000366210938,111.41000366210938,2829.0
2025-11-21T19:19:00Z,111.43000030517578,111.44499969482422,111.43000030517578,111.44499969482422,111.44499969482422,2253.0
2025-11-21T19:20:00Z,111.44499969482422,111.51000213623047,111.43000030517578,111.51000213623047,111.51000213623047,2087.0
2025-11-21T19:21:00Z,111.5199966430664,111.5199966430664,111.45999908447266,111.48999786376953,111.48999786376953,5392.0
2025-11-21T19:22:00Z,111.4800033569336,111.4800033569336,111.41999816894531,111.41999816894531,111.41999816894531,2424.0
2025-11-21T19:23:00Z,111.4000015258789,111.40499877929688,111.36000061035156,111.40499877929688,111.40499877929688,4094.0
2025-11-21T19:24:00Z,111.4070053100586,111.43000030517578,111.4070053100586,111.43000030517578,111.43000030517578,1604.0
2025-11-21T19:25:00Z,111.41999816894531,111.41999816894531,111.40499877929688,111.41999816894531,111.41999816894531,3532.0
2025-11-21T19:26:00Z,111.4000015258789,111.41000366210938,111.36000061035156,111.41000366210938,111.41000366210938,3574.0
2025-11-21T19:27:00Z,111.43000030517578,111.44000244140625,111.41000366210938,111.41000366210938,111.41000366210938,1975.0
2025-11-21T19:28:00Z,111.41999816894531,111.41999816894531,111.41999816894531,111.41999816894531,111.41999816894531,469.0
2025-11-21T19:29:00Z,111.40499877929688,111.40499877929688,111.36499786376953,111.36499786376953,111.36499786376953,2029.0
2025-11-21T19:30:00Z,111.36499786376953,111.38999938964844,111.33999633789062,111.33999633789062,111.33999633789062,3054.0
2025-11-21T19:31:00Z,111.31999969482422,111.34500122070312,111.31999969482422,111.34500122070312,111.34500122070312,1452.0
2025-11-21T19:32:00Z,111.36499786376953,111.36499786376953,111.27999877929688,111.27999877929688,111.27999877929688,3577.0
2025-11-21T19:33:00Z,111.33999633789062,111.36000061035156,111.33999633789062,111.36000061035156,111.36000061035156,1255.0
2025-11-21T19:34:00Z,111.36000061035156,111.36000061035156,111.30000305175781,111.32499694824219,111.32499694824219,3462.0
2025-11-21T19:35:00Z,111.36499786376953,111.45999908447266,111.36499786376953,111.45999908447266,111.45999908447266,5382.0
2025-11-21T19:36:00Z,111.48500061035156,111.51000213623047,111.47000122070312,111.5,111.5,4547.0
2025-11-21T19:37:00Z,111.54000091552734,111.55999755859375,111.54000091552734,111.55999755859375,111.55999755859375,2118.0
2025-11-21T19:38:00Z,111.5999984741211,111.62000274658203,111.5999984741211,111.5999984741211,111.5999984741211,3015.0
2025-11-21T19:39:00Z,111.66000366210938,111.66000366210938,111.625,111.625,111.625,2818.0
2025-11-21T19:40:00Z,111.63999938964844,111.6500015258789,111.63999938964844,111.6500015258789,111.6500015258789,1436.0
2025-11-21T19:41:00Z,111.63999938964844,111.63999938964844,111.61499786376953,111.63999938964844,111.63999938964844,3537.0
2025-11-21T19:42:00Z,111.61000061035156,111.61000061035156,111.5999984741211,111.5999984741211,111.5999984741211,2818.0
2025-11-21T19:43:00Z,111.58999633789062,111.58999633789062,111.55999755859375,111.56999969482422,111.56999969482422,3139.0
2025-11-21T19:44:00Z,111.55999755859375,111.56999969482422,111.55999755859375,111.56500244140625,111.56500244140625,1809.0
2025-11-21T19:45:00Z,111.55500030517578,111.61000061035156,111.55500030517578,111.61000061035156,111.61000061035156,3452.0
2025-11-21T19:46:00Z,111.61000061035156,111.63999938964844,111.61000061035156,111.62000274658203,111.62000274658203,3458.0
2025-11-21T19:47:00Z,111.5999984741211,111.5999984741211,111.5199966430664,111.5199966430664,111.5199966430664,3356.0
2025-11-21T19:48:00Z,111.56999969482422,111.57499694824219,111.56999969482422,111.57499694824219,111.57499694824219,1543.0
2025-11-21T19:49:00Z,111.57009887695312,111.58999633789062,111.55000305175781,111.58999633789062,111.58999633789062,3610.0
2025-11-21T19:50:00Z,111.61000061035156,111.61000061035156,111.58999633789062,111.60160064697266,111.60160064697266,1102.0
2025-11-21T19:51:00Z,111.61000061035156,111.63999938964844,111.61000061035156,111.63999938964844,111.63999938964844,2778.0
2025-11-21T19:52:00Z,111.63500213623047,111.63500213623047,111.61000061035156,111.61000061035156,111.61000061035156,1999.0
2025-11-21T19:53:00Z,111.61000061035156,111.61000061035156,111.58000183105469,111.58000183105469,111.58000183105469,3215.0
2025-11-21T19:54:00Z,111.55999755859375,111.55999755859375,111.5,111.55000305175781,111.55000305175781,3421.0
2025-11-21T19:55:00Z,111.58000183105469,111.58000183105469,111.57350158691406,111.58000183105469,111.58000183105469,1339.0
2025-11-21T19:56:00Z,111.56999969482422,111.56999969482422,111.5,111.52999877929688,111.52999877929688,3195.0
2025-11-21T19:57:00Z,111.55000305175781,111.55999755859375,111.52999877929688,111.52999877929688,111.52999877929688,3162.0
2025-11-21T19:58:00Z,111.5,111.52999877929688,111.5,111.5199966430664,111.5199966430664,1850.0
2025-11-21T19:59:00Z,111.5,111.52999877929688,111.4800033569336,111.51000213623047,111.51000213623047,3067.0
2025-11-21T20:00:00Z,111.5199966430664,111.56999969482422,111.5199966430664,111.56500244140625,111.56500244140625,2969.0
2025-11-21T20:01:00Z,111.56999969482422,111.59500122070312,111.56999969482422,111.58000183105469,111.58000183105469,2846.0
2025-11-21T20:02:00Z,111.58000183105469,111.58000183105469,111.52999877929688,111.54000091552734,111.54000091552734,2028.0
2025-11-21T20:03:00Z,111.55000305175781,111.56999969482422,111.52999877929688,111.56999969482422,111.56999969482422,3034.0
2025-11-21T20:04:00Z,111.56999969482422,111.58000183105469,111.56999969482422,111.58000183105469,111.58000183105469,3023.0
2025-11-21T20:05:00Z,111.58000183105469,111.5801010131836,111.55000305175781,111.55000305175781,111.55000305175781,3740.0
2025-11-21T20:06:00Z,111.55999755859375,111.55999755859375,111.55999755859375,111.55999755859375,111.55999755859375,1090.0
2025-11-21T20:07:00Z,111.56500244140625,111.56500244140625,111.48999786376953,111.50499725341797,111.50499725341797,3612.0
2025-11-21T20:08:00Z,111.50499725341797,111.50499725341797,111.43000030517578,111.43000030517578,111.43000030517578,3079.0
2025-11-21T20:09:00Z,111.41000366210938,111.44650268554688,111.41000366210938,111.41000366210938,111.41000366210938,3311.0
2025-11-21T20:10:00Z,111.41999816894531,111.43000030517578,111.41000366210938,111.41000366210938,111.41000366210938,17145.0
2025-11-21T20:11:00Z,111.38999938964844,111.4000015258789,111.33999633789062,111.4000015258789,111.4000015258789,4835.0
2025-11-21T20:12:00Z,111.4000015258789,111.4000015258789,111.38480377197266,111.38480377197266,111.38480377197266,1326.0
2025-11-21T20:13:00Z,111.38999938964844,111.38999938964844,111.3499984741211,111.3499984741211,111.3499984741211,1855.0
2025-11-21T20:14:00Z,111.30000305175781,111.30000305175781,111.26000213623047,111.2699966430664,111.2699966430664,2310.0
2025-11-21T20:15:00Z,111.25,111.26000213623047,111.20999908447266,111.26000213623047,111.26000213623047,4301.0
2025-11-21T20:16:00Z,111.25,111.25,111.2300033569336,111.2300033569336,111.2300033569336,1233.0
2025-11-21T20:17:00Z,111.25,111.26000213623047,111.20999908447266,111.20999908447266,111.20999908447266,2697.0
2025-11-21T20:18:00Z,111.2300033569336,111.25,111.22000122070312,111.22000122070312,111.22000122070312,2135.0
2025-11-21T20:19:00Z,111.23999786376953,111.23999786376953,111.19999694824219,111.19999694824219,111.19999694824219,3996.0
2025-11-21T20:20:00Z,111.2300033569336,111.2300033569336,111.20999908447266,111.20999908447266,111.20999908447266,1192.0
2025-11-21T20:21:00Z,111.22000122070312,111.25,111.22000122070312,111.25,111.25,3190.0
2025-11-21T20:22:00Z,111.2300033569336,111.2300033569336,111.16000366210938,111.16000366210938,111.16000366210938,3001.0
2025-11-21T20:23:00Z,111.16000366210938,111.16000366210938,111.12000274658203,111.12999725341797,111.12999725341797,2880.0
2025-11-21T20:24:00Z,111.11000061035156,111.11000061035156,111.05000305175781,111.08000183105469,111.08000183105469,3860.0
2025-11-21T20:25:00Z,111.05999755859375,111.05999755859375,111.05000305175781,111.05000305175781,111.05000305175781,2206.0
2025-11-21T20:26:00Z,111.04000091552734,111.04000091552734,110.98999786376953,110.98999786376953,110.98999786376953,3625.0
2025-11-21T20:27:00Z,110.97000122070312,110.97000122070312,110.94000244140625,110.94000244140625,110.94000244140625,2559.0
2025-11-21T20:28:00Z,110.95010375976562,110.95010375976562,110.92949676513672,110.92949676513672,110.92949676513672,3770.0
2025-11-21T20:29:00Z,110.91000366210938,110.94000244140625,110.8949966430664,110.94000244140625,110.94000244140625,5906.0
2025-11-21T20:30:00Z,110.94999694824219,110.97000122070312,110.94999694824219,110.95999908447266,110.95999908447266,3491.0
2025-11-21T20:31:00Z,110.98999786376953,111.01000213623047,110.98999786376953,111.01000213623047,111.01000213623047,5596.0
2025-11-21T20:32:00Z,111.01000213623047,111.04000091552734,110.98999786376953,111.02999877929688,111.02999877929688,5411.0
2025-11-21T20:33:00Z,111.0199966430664,111.06999969482422,111.0199966430664,111.05999755859375,111.05999755859375,5502.0
2025-11-21T20:34:00Z,111.04000091552734,111.05999755859375,111.01000213623047,111.04000091552734,111.04000091552734,6370.0
2025-11-21T20:35:00Z,111.05000305175781,111.12999725341797,111.04499816894531,111.12000274658203,111.12000274658203,7461.0
2025-11-21T20:36:00Z,111.11000061035156,111.1500015258789,111.08000183105469,111.08000183105469,111.08000183105469,5740.0
2025-11-21T20:37:00Z,111.06999969482422,111.08999633789062,111.06999969482422,111.06999969482422,111.06999969482422,4307.0
2025-11-21T20:38:00Z,111.08000183105469,111.0999984741211,111.06999969482422,111.0999984741211,111.0999984741211,4456.0
2025-11-21T20:39:00Z,111.08999633789062,111.08999633789062,110.98999786376953,111.04000091552734,111.04000091552734,16950.0
2025-11-21T20:40:00Z,111.05000305175781,111.06999969482422,110.9800033569336,111.01000213623047,111.01000213623047,6667.0
2025-11-21T20:41:00Z,111.01000213623047,111.01000213623047,110.95999908447266,110.9800033569336,110.9800033569336,4893.0
2025-11-21T20:42:00Z,110.94000244140625,110.94499969482422,110.93000030517578,110.93499755859375,110.93499755859375,2432.0
2025-11-21T20:43:00Z,110.93000030517578,110.9800033569336,110.93000030517578,110.9800033569336,110.9800033569336,6480.0
2025-11-21T20:44:00Z,110.98999786376953,111.0199966430664,110.98999786376953,111.0,111.0,3234.0
2025-11-21T20:45:00Z,111.02999877929688,111.0999984741211,111.02999877929688,111.0999984741211,111.0999984741211,5024.0
2025-11-21T20:46:00Z,111.12000274658203,111.12999725341797,111.0999984741211,111.12000274658203,111.12000274658203,5076.0
2025-11-21T20:47:00Z,111.12000274658203,111.16000366210938,111.11000061035156,111.13999938964844,111.13999938964844,7302.0
2025-11-21T20:48:00Z,111.13999938964844,111.13999938964844,111.0999984741211,111.12999725341797,111.12999725341797,7581.0
2025-11-21T20:49:00Z,111.12999725341797,111.26000213623047,111.12999725341797,111.16000366210938,111.16000366210938,14559.0
2025-11-21T20:50:00Z,111.13999938964844,111.18000030517578,111.08999633789062,111.08999633789062,111.08999633789062,10391.0
2025-11-21T20:51:00Z,111.11000061035156,111.11000061035156,110.99500274658203,111.0199966430664,111.0199966430664,8485.0
2025-11-21T20:52:00Z,111.04000091552734,111.08000183105469,111.04000091552734,111.06999969482422,111.06999969482422,8346.0
2025-11-21T20:53:00Z,111.08000183105469,111.12000274658203,111.06999969482422,111.11000061035156,111.11000061035156,11314.0
2025-11-21T20:54:00Z,111.1050033569336,111.12999725341797,111.04000091552734,111.06999969482422,111.06999969482422,17836.0
2025-11-21T20:55:00Z,111.08000183105469,111.12000274658203,111.05999755859375,111.06999969482422,111.06999969482422,15489.0
2025-11-21T20:56:00Z,111.06999969482422,111.08000183105469,111.04499816894531,111.05500030517578,111.05500030517578,21375.0
2025-11-21T20:57:00Z,111.05000305175781,111.05000305175781,110.94000244140625,110.95999908447266,110.95999908447266,28636.0
2025-11-21T20:58:00Z,110.95999908447266,111.0,110.94999694824219,110.97000122070312,110.97000122070312,33423.0
2025-11-21T20:59:00Z,110.9800033569336,111.0,110.94999694824219,110.9800033569336,110.9800033569336,54449.0
2025-11-24T14:30:00Z,110.88999938964844,111.0,110.45999908447266,111.0,111.0,24339.0
2025-11-24T14:32:00Z,110.62999725341797,110.74500274658203,110.5199966430664,110.52999877929688,110.52999877929688,7960.0
2025-11-24T14:33:00Z,110.55999755859375,110.63999938964844,110.39199829101562,110.44999694824219,110.44999694824219,3749.0
2025-11-24T14:34:00Z,110.44999694824219,110.5,110.36000061035156,110.5,110.5,3228.0
2025-11-24T14:35:00Z,110.61000061035156,110.61000061035156,110.36000061035156,110.36000061035156,110.36000061035156,3847.0
2025-11-24T14:36:00Z,110.45999908447266,110.45999908447266,110.27999877929688,110.37999725341797,110.37999725341797,5122.0
2025-11-24T14:37:00Z,110.41999816894531,110.41999816894531,110.19000244140625,110.26000213623047,110.26000213623047,2873.0
2025-11-24T14:38:00Z,110.1500015258789,110.36000061035156,110.1500015258789,110.30999755859375,110.30999755859375,2858.0
2025-11-24T14:39:00Z,110.26000213623047,110.4000015258789,110.23999786376953,110.4000015258789,110.4000015258789,3694.0
2025-11-24T14:40:00Z,110.44999694824219,110.4749984741211,110.36000061035156,110.4000015258789,110.4000015258789,1830.0
2025-11-24T14:41:00Z,110.38999938964844,110.38999938964844,110.23999786376953,110.23999786376953,110.23999786376953,1868.0
2025-11-24T14:42:00Z,110.1500015258789,110.1500015258789,110.01000213623047,110.12000274658203,110.12000274658203,2067.0
2025-11-24T14:43:00Z,110.11000061035156,110.18000030517578,109.61060333251953,109.98500061035156,109.98500061035156,29453.0
2025-11-24T14:44:00Z,109.99749755859375,110.04000091552734,109.94999694824219,109.99500274658203,109.99500274658203,1514.0
2025-11-24T14:45:00Z,110.0,110.0999984741211,109.9749984741211,110.08000183105469,110.08000183105469,4295.0
2025-11-24T14:46:00Z,110.11000061035156,110.1500015258789,109.94999694824219,109.94999694824219,109.94999694824219,4218.0
2025-11-24T14:47:00Z,109.9800033569336,110.0,109.94499969482422,109.94499969482422,109.94499969482422,2751.0
2025-11-24T14:48:00Z,109.94499969482422,109.94499969482422,109.79000091552734,109.88999938964844,109.88999938964844,4920.0
2025-11-24T14:49:00Z,109.83999633789062,109.83999633789062,109.62999725341797,109.7300033569336,109.7300033569336,2919.0
2025-11-24T14:50:00Z,109.70999908447266,109.70999908447266,109.49500274658203,109.5,109.5,9233.0
2025-11-24T14:51:00Z,109.44999694824219,109.6500015258789,109.44999694824219,109.61000061035156,109.61000061035156,4338.0
2025-11-24T14:52:00Z,109.54000091552734,109.5999984741211,109.41999816894531,109.5999984741211,109.5999984741211,4412.0
2025-11-24T14:53:00Z,109.66999816894531,109.72000122070312,109.62999725341797,109.72000122070312,109.72000122070312,3433.0
2025-11-24T14:54:00Z,109.7300033569336,109.80999755859375,109.72000122070312,109.7699966430664,109.7699966430664,5728.0
2025-11-24T14:55:00Z,109.77999877929688,109.77999877929688,109.7300033569336,109.76000213623047,109.76000213623047,1993.0
2025-11-24T14:56:00Z,109.76000213623047,109.83999633789062,109.76000213623047,109.77999877929688,109.77999877929688,7776.0
2025-11-24T14:57:00Z,109.77999877929688,109.83000183105469,109.7300033569336,109.7300033569336,109.7300033569336,2720.0
2025-11-24T14:58:00Z,109.69999694824219,109.73999786376953,109.62000274658203,109.73999786376953,109.73999786376953,3775.0
2025-11-24T14:59:00Z,109.68499755859375,109.7300033569336,109.61000061035156,109.61000061035156,109.61000061035156,2632.0
2025-11-24T15:00:00Z,109.69999694824219,109.69999694824219,109.61000061035156,109.62999725341797,109.62999725341797,3517.0
2025-11-24T15:01:00Z,109.62999725341797,109.87000274658203,109.62999725341797,109.83999633789062,109.83999633789062,5402.0
2025-11-24T15:02:00Z,109.7699966430664,109.83999633789062,109.69999694824219,109.69999694824219,109.69999694824219,5566.0
2025-11-24T15:03:00Z,109.70500183105469,109.80000305175781,109.68000030517578,109.77999877929688,109.77999877929688,3491.0
2025-11-24T15:04:00Z,109.79000091552734,109.86000061035156,109.77999877929688,109.8499984741211,109.8499984741211,5138.0
2025-11-24T15:05:00Z,109.87999725341797,109.87999725341797,109.69000244140625,109.69000244140625,109.69000244140625,3511.0
2025-11-24T15:06:00Z,109.62999725341797,109.66999816894531,109.62999725341797,109.66000366210938,109.66000366210938,3529.0
2025-11-24T15:07:00Z,109.6500015258789,109.6500015258789,109.58000183105469,109.58000183105469,109.58000183105469,3165.0
2025-11-24T15:08:00Z,109.62999725341797,109.69000244140625,109.58000183105469,109.68000030517578,109.68000030517578,9610.0
2025-11-24T15:09:00Z,109.69000244140625,109.73999786376953,109.68499755859375,109.69999694824219,109.69999694824219,3728.0
2025-11-24T15:10:00Z,109.70999908447266,109.70999908447266,109.63999938964844,109.69000244140625,109.69000244140625,3319.0
2025-11-24T15:11:00Z,109.75,109.79000091552734,109.66000366210938,109.66000366210938,109.66000366210938,6492.0
2025-11-24T15:12:00Z,109.75,109.75,109.45500183105469,109.5,109.5,5440.0
2025-11-24T15:13:00Z,109.56999969482422,109.58000183105469,109.52999877929688,109.52999877929688,109.52999877929688,1263.0
2025-11-24T15:14:00Z,109.5199966430664,109.66000366210938,109.5199966430664,109.66000366210938,109.66000366210938,5804.0
2025-11-24T15:15:00Z,109.66999816894531,109.75,109.66000366210938,109.75,109.75,3330.0
2025-11-24T15:16:00Z,109.7699966430664,109.7699966430664,109.62999725341797,109.6500015258789,109.6500015258789,5235.0
2025-11-24T15:17:00Z,109.66500091552734,109.76000213623047,109.66500091552734,109.73999786376953,109.73999786376953,2430.0
2025-11-24T15:18:00Z,109.73999786376953,109.7699966430664,109.66999816894531,109.75499725341797,109.75499725341797,4336.0
2025-11-24T15:19:00Z,109.7699966430664,109.79000091552734,109.76000213623047,109.79000091552734,109.79000091552734,1398.0
2025-11-24T15:20:00Z,109.7300033569336,109.7300033569336,109.66000366210938,109.66000366210938,109.66000366210938,2699.0
2025-11-24T15:21:00Z,109.66999816894531,109.79000091552734,109.66999816894531,109.70999908447266,109.70999908447266,5265.0
2025-11-24T15:22:00Z,109.70999908447266,109.81999969482422,109.66999816894531,109.81500244140625,109.81500244140625,2942.0
2025-11-24T15:23:00Z,109.83000183105469,109.83000183105469,109.58000183105469,109.62999725341797,109.62999725341797,7999.0
2025-11-24T15:24:00Z,109.7699966430664,109.7699966430664,109.68000030517578,109.72000122070312,109.72000122070312,1525.0
2025-11-24T15:25:00Z,109.68000030517578,109.69999694824219,109.6449966430664,109.69999694824219,109.69999694824219,5345.0
2025-11-24T15:26:00Z,109.72000122070312,109.75,109.66000366210938,109.75,109.75,1959.0
2025-11-24T15:27:00Z,109.70999908447266,109.74500274658203,109.69999694824219,109.7300033569336,109.7300033569336,1607.0
2025-11-24T15:28:00Z,109.7300033569336,109.77999877929688,109.70999908447266,109.77999877929688,109.77999877929688,4704.0
2025-11-24T15:29:00Z,109.79000091552734,109.80999755859375,109.72000122070312,109.72000122070312,109.72000122070312,3849.0
2025-11-24T15:30:00Z,109.68499755859375,109.82499694824219,109.68499755859375,109.81999969482422,109.81999969482422,2560.0
2025-11-24T15:31:00Z,109.80000305175781,109.87000274658203,109.80000305175781,109.86000061035156,109.86000061035156,3217.0
2025-11-24T15:32:00Z,109.86000061035156,109.86000061035156,109.83000183105469,109.86000061035156,109.86000061035156,1333.0
2025-11-24T15:33:00Z,109.86000061035156,109.86000061035156,109.8550033569336,109.8550033569336,109.8550033569336,1465.0
2025-11-24T15:34:00Z,109.87999725341797,109.9000015258789,109.83000183105469,109.9000015258789,109.9000015258789,3621.0
2025-11-24T15:35:00Z,109.8949966430664,109.8949966430664,109.8949966430664,109.8949966430664,109.8949966430664,958.0
2025-11-24T15:36:00Z,109.91000366210938,109.91000366210938,109.87000274658203,109.87999725341797,109.87999725341797,1398.0
2025-11-24T15:37:00Z,109.8499984741211,109.87000274658203,109.81999969482422,109.87000274658203,109.87000274658203,2442.0
2025-11-24T15:38:00Z,109.83999633789062,109.9000015258789,109.83999633789062,109.87999725341797,109.87999725341797,2176.0
2025-11-24T15:39:00Z,109.88999938964844,109.88999938964844,109.80999755859375,109.80999755859375,109.80999755859375,2009.0
2025-11-24T15:40:00Z,109.77999877929688,109.80999755859375,109.72000122070312,109.77999877929688,109.77999877929688,3422.0
2025-11-24T15:41:00Z,109.80999755859375,109.83999633789062,109.80999755859375,109.83999633789062,109.83999633789062,2779.0
2025-11-24T15:42:00Z,109.81999969482422,109.8499984741211,109.7750015258789,109.82499694824219,109.82499694824219,2738.0
2025-11-24T15:43:00Z,109.83999633789062,109.8499984741211,109.83999633789062,109.8499984741211,109.8499984741211,2357.0
2025-11-24T15:44:00Z,109.8499984741211,109.9000015258789,109.8499984741211,109.9000015258789,109.9000015258789,3606.0
2025-11-24T15:45:00Z,109.9000015258789,109.91000366210938,109.87999725341797,109.87999725341797,109.87999725341797,1224.0
2025-11-24T15:46:00Z,109.87999725341797,109.94999694824219,109.87999725341797,109.94999694824219,109.94999694824219,5872.0
2025-11-24T15:47:00Z,109.94000244140625,109.98999786376953,109.93000030517578,109.9800033569336,109.9800033569336,1903.0
2025-11-24T15:48:00Z,110.02999877929688,110.05999755859375,110.02999877929688,110.05000305175781,110.05000305175781,3561.0
2025-11-24T15:49:00Z,110.00499725341797,110.02999877929688,110.0,110.01000213623047,110.01000213623047,3864.0
2025-11-24T15:50:00Z,110.01499938964844,110.06500244140625,110.01499938964844,110.06500244140625,110.06500244140625,1820.0
2025-11-24T15:51:00Z,110.06500244140625,110.09500122070312,110.0199966430664,110.02999877929688,110.02999877929688,4292.0
2025-11-24T15:52:00Z,110.03500366210938,110.05999755859375,110.03500366210938,110.05999755859375,110.05999755859375,2175.0
2025-11-24T15:53:00Z,110.06999969482422,110.08999633789062,110.06999969482422,110.08999633789062,110.08999633789062,2248.0
2025-11-24T15:54:00Z,110.08999633789062,110.12999725341797,110.08999633789062,110.11000061035156,110.11000061035156,1633.0
2025-11-24T15:55:00Z,110.08999633789062,110.0999984741211,110.06500244140625,110.08000183105469,110.08000183105469,4558.0
2025-11-24T15:56:00Z,110.05999755859375,110.05999755859375,110.04000091552734,110.04000091552734,110.04000091552734,1852.0
2025-11-24T15:57:00Z,110.05999755859375,110.1500015258789,110.05999755859375,110.13500213623047,110.13500213623047,4652.0
2025-11-24T15:58:00Z,110.11000061035156,110.13999938964844,110.11000061035156,110.13999938964844,110.13999938964844,2645.0
2025-11-24T15:59:00Z,110.08999633789062,110.11000061035156,110.08000183105469,110.08000183105469,110.08000183105469,2215.0
2025-11-24T16:00:00Z,110.11000061035156,110.12999725341797,110.0999984741211,110.10009765625,110.10009765625,3274.0
2025-11-24T16:01:00Z,110.12000274658203,110.20999908447266,110.12000274658203,110.19000244140625,110.19000244140625,4449.0
2025-11-24T16:02:00Z,110.20999908447266,110.23999786376953,110.20999908447266,110.2300033569336,110.2300033569336,2573.0
2025-11-24T16:03:00Z,110.25,110.2750015258789,110.23999786376953,110.25499725341797,110.25499725341797,3750.0
2025-11-24T16:04:00Z,110.23999786376953,110.26000213623047,110.2300033569336,110.26000213623047,110.26000213623047,1486.0
2025-11-24T16:05:00Z,110.26000213623047,110.26000213623047,110.2155990600586,110.2155990600586,110.2155990600586,2437.0
2025-11-24T16:06:00Z,110.23999786376953,110.25,110.20999908447266,110.20999908447266,110.20999908447266,1515.0
2025-11-24T16:07:00Z,110.25,110.31999969482422,110.25,110.31999969482422,110.31999969482422,2629.0
2025-11-24T16:08:00Z,110.31500244140625,110.31999969482422,110.29000091552734,110.29000091552734,110.29000091552734,2570.0
2025-11-24T16:09:00Z,110.2699966430664,110.2699966430664,110.19000244140625,110.19000244140625,110.19000244140625,2322.0
2025-11-24T16:10:00Z,110.17259979248047,110.20999908447266,110.1500015258789,110.20999908447266,110.20999908447266,5211.0
2025-11-24T16:11:00Z,110.20999908447266,110.2249984741211,110.18499755859375,110.19999694824219,110.19999694824219,4107.0
2025-11-24T16:12:00Z,110.20999908447266,110.20999908447266,110.16000366210938,110.18000030517578,110.18000030517578,2238.0
2025-11-24T16:13:00Z,110.19000244140625,110.19000244140625,110.16000366210938,110.16000366210938,110.16000366210938,2484.0
2025-11-24T16:14:00Z,110.13999938964844,110.13999938964844,110.0999984741211,110.0999984741211,110.0999984741211,3232.0
2025-11-24T16:15:00Z,110.13999938964844,110.22000122070312,110.13999938964844,110.16000366210938,110.16000366210938,6160.0
2025-11-24T16:16:00Z,110.16999816894531,110.16999816894531,110.1500015258789,110.1500015258789,110.1500015258789,2680.0
2025-11-24T16:17:00Z,110.13999938964844,110.16000366210938,110.12000274658203,110.16000366210938,110.16000366210938,2386.0
2025-11-24T16:18:00Z,110.16000366210938,110.16000366210938,110.12999725341797,110.16000366210938,110.16000366210938,2384.0
2025-11-24T16:19:00Z,110.13500213623047,110.13500213623047,110.05500030517578,110.09500122070312,110.09500122070312,6035.0
2025-11-24T16:20:00Z,110.05000305175781,110.05000305175781,110.01000213623047,110.01000213623047,110.01000213623047,2900.0
2025-11-24T16:21:00Z,109.9800033569336,110.01000213623047,109.95500183105469,109.95999908447266,109.95999908447266,2690.0
2025-11-24T16:22:00Z,109.94999694824219,109.97000122070312,109.94999694824219,109.97000122070312,109.97000122070312,1797.0
2025-11-24T16:23:00Z,109.97000122070312,109.97000122070312,109.94000244140625,109.94000244140625,109.94000244140625,3475.0
2025-11-24T16:24:00Z,109.97000122070312,110.01000213623047,109.97000122070312,110.01000213623047,110.01000213623047,2191.0
2025-11-24T16:25:00Z,109.97000122070312,109.97000122070312,109.93340301513672,109.93340301513672,109.93340301513672,1824.0
2025-11-24T16:26:00Z,109.94499969482422,109.9749984741211,109.90499877929688,109.95999908447266,109.95999908447266,4467.0
2025-11-24T16:27:00Z,109.95999908447266,110.04499816894531,109.95999908447266,110.04499816894531,110.04499816894531,3516.0
2025-11-24T16:28:00Z,110.05999755859375,110.08000183105469,110.02999877929688,110.02999877929688,110.02999877929688,3491.0
2025-11-24T16:29:00Z,110.01000213623047,110.01000213623047,109.94999694824219,109.95999908447266,109.95999908447266,3110.0
2025-11-24T16:30:00Z,109.96499633789062,109.98999786376953,109.9000015258789,109.9000015258789,109.9000015258789,1994.0
2025-11-24T16:31:00Z,109.9000015258789,109.93000030517578,109.9000015258789,109.9000015258789,109.9000015258789,2094.0
2025-11-24T16:32:00Z,109.87999725341797,109.9000015258789,109.87999725341797,109.9000015258789,109.9000015258789,3185.0
2025-11-24T16:33:00Z,109.9000015258789,109.93000030517578,109.88400268554688,109.93000030517578,109.93000030517578,3129.0
2025-11-24T16:34:00Z,109.91000366210938,109.94999694824219,109.86000061035156,109.86499786376953,109.86499786376953,3791.0
2025-11-24T16:35:00Z,109.8949966430664,109.91999816894531,109.88999938964844,109.88999938964844,109.88999938964844,2105.0
2025-11-24T16:36:00Z,109.87999725341797,109.87999725341797,109.86000061035156,109.87999725341797,109.87999725341797,2338.0
2025-11-24T16:37:00Z,109.86000061035156,109.88999938964844,109.86000061035156,109.86000061035156,109.86000061035156,2296.0
2025-11-24T16:38:00Z,109.88999938964844,109.88999938964844,109.83999633789062,109.86000061035156,109.86000061035156,1764.0
2025-11-24T16:39:00Z,109.81999969482422,109.81999969482422,109.7300033569336,109.7699966430664,109.7699966430664,6153.0
2025-11-24T16:41:00Z,109.73999786376953,109.75499725341797,109.73999786376953,109.75499725341797,109.75499725341797,1910.0
2025-11-24T16:42:00Z,109.7699966430664,109.80000305175781,109.75,109.80000305175781,109.80000305175781,2556.0
2025-11-24T16:43:00Z,109.81999969482422,109.87000274658203,109.81999969482422,109.87000274658203,109.87000274658203,1995.0
2025-11-24T16:44:00Z,109.87999725341797,109.88999938964844,109.8499984741211,109.88999938964844,109.88999938964844,3367.0
2025-11-24T16:45:00Z,109.88999938964844,109.88999938964844,109.87000274658203,109.87000274658203,109.87000274658203,1444.0
2025-11-24T16:46:00Z,109.87999725341797,109.87999725341797,109.79499816894531,109.79499816894531,109.79499816894531,4154.0
2025-11-24T16:47:00Z,109.80999755859375,109.83999633789062,109.80999755859375,109.83999633789062,109.83999633789062,2258.0
2025-11-24T16:48:00Z,109.87000274658203,109.91999816894531,109.87000274658203,109.91999816894531,109.91999816894531,3279.0
2025-11-24T16:49:00Z,109.93000030517578,109.98999786376953,109.91999816894531,109.91999816894531,109.91999816894531,3867.0
2025-11-24T16:50:00Z,109.93000030517578,109.95999908447266,109.90499877929688,109.95999908447266,109.95999908447266,2123.0
2025-11-24T16:51:00Z,109.95999908447266,109.95999908447266,109.90499877929688,109.90499877929688,109.90499877929688,2013.0
2025-11-24T16:52:00Z,109.91999816894531,109.93000030517578,109.87999725341797,109.87999725341797,109.87999725341797,3057.0
2025-11-24T16:53:00Z,109.87000274658203,109.94000244140625,109.87000274658203,109.94000244140625,109.94000244140625,33784.0
2025-11-24T16:54:00Z,109.93000030517578,109.97000122070312,109.93000030517578,109.97000122070312,109.97000122070312,1701.0
2025-11-24T16:55:00Z,110.01000213623047,110.01000213623047,109.87999725341797,109.87999725341797,109.87999725341797,3006.0
2025-11-24T16:56:00Z,109.86000061035156,109.9000015258789,109.86000061035156,109.9000015258789,109.9000015258789,1606.0
2025-11-24T16:57:00Z,109.87000274658203,109.87999725341797,109.86000061035156,109.87999725341797,109.87999725341797,1762.0
2025-11-24T16:58:00Z,109.88999938964844,109.88999938964844,109.86000061035156,109.87999725341797,109.87999725341797,2877.0
2025-11-24T16:59:00Z,109.86499786376953,109.87000274658203,109.83999633789062,109.87000274658203,109.87000274658203,2049.0
2025-11-24T17:00:00Z,109.87999725341797,109.91999816894531,109.87999725341797,109.91999816894531,109.91999816894531,2384.0
2025-11-24T17:01:00Z,109.91999816894531,109.91999816894531,109.86000061035156,109.86000061035156,109.86000061035156,3039.0
2025-11-24T17:02:00Z,109.81999969482422,109.81999969482422,109.80500030517578,109.80500030517578,109.80500030517578,1443.0
2025-11-24T17:03:00Z,109.79000091552734,109.80999755859375,109.7699966430664,109.79499816894531,109.79499816894531,3065.0
2025-11-24T17:04:00Z,109.81999969482422,109.81999969482422,109.76000213623047,109.7699966430664,109.7699966430664,3513.0
2025-11-24T17:05:00Z,109.73999786376953,109.73999786376953,109.72000122070312,109.72000122070312,109.72000122070312,2477.0
2025-11-24T17:06:00Z,109.68000030517578,109.70999908447266,109.66000366210938,109.70999908447266,109.70999908447266,3695.0
2025-11-24T17:07:00Z,109.70999908447266,109.79000091552734,109.70500183105469,109.75,109.75,3707.0
2025-11-24T17:08:00Z,109.79000091552734,109.79000091552734,109.79000091552734,109.79000091552734,109.79000091552734,499.0
2025-11-24T17:09:00Z,109.79000091552734,109.80000305175781,109.7699966430664,109.80000305175781,109.80000305175781,3784.0
2025-11-24T17:10:00Z,109.80000305175781,109.83899688720703,109.78500366210938,109.78500366210938,109.78500366210938,2496.0
2025-11-24T17:11:00Z,109.77999877929688,109.77999877929688,109.77999877929688,109.77999877929688,109.77999877929688,960.0
2025-11-24T17:12:00Z,109.78500366210938,109.83999633789062,109.78500366210938,109.81999969482422,109.81999969482422,2739.0
2025-11-24T17:13:00Z,109.80000305175781,109.83000183105469,109.80000305175781,109.83000183105469,109.83000183105469,1721.0
2025-11-24T17:14:00Z,109.83000183105469,109.87000274658203,109.83000183105469,109.87000274658203,109.87000274658203,1468.0
2025-11-24T17:15:00Z,109.86000061035156,109.86000061035156,109.8499984741211,109.8499984741211,109.8499984741211,1117.0
2025-11-24T17:16:00Z,109.86000061035156,109.9000015258789,109.86000061035156,109.87999725341797,109.87999725341797,5860.0
2025-11-24T17:17:00Z,109.87000274658203,109.87999725341797,109.86000061035156,109.87999725341797,109.87999725341797,1691.0
2025-11-24T17:18:00Z,109.9000015258789,109.94999694824219,109.9000015258789,109.94000244140625,109.94000244140625,3820.0
2025-11-24T17:19:00Z,109.91999816894531,109.91999816894531,109.91999816894531,109.91999816894531,109.91999816894531,1172.0
2025-11-24T17:20:00Z,109.94000244140625,109.98999786376953,109.94000244140625,109.98999786376953,109.98999786376953,2815.0
2025-11-24T17:21:00Z,109.98999786376953,109.98999786376953,109.98999786376953,109.98999786376953,109.98999786376953,1271.0
2025-11-24T17:22:00Z,110.01000213623047,110.01000213623047,109.9800033569336,109.9800033569336,109.9800033569336,2303.0
2025-11-24T17:23:00Z,109.94999694824219,109.9540023803711,109.94999694824219,109.94999694824219,109.94999694824219,900.0
2025-11-24T17:24:00Z,109.94000244140625,109.94999694824219,109.93000030517578,109.93450164794922,109.93450164794922,3116.0
2025-11-24T17:25:00Z,109.94499969482422,109.9800033569336,109.9000015258789,109.9800033569336,109.9800033569336,3395.0
2025-11-24T17:26:00Z,109.9800033569336,109.98500061035156,109.9800033569336,109.98500061035156,109.98500061035156,1645.0
2025-11-24T17:27:00Z,109.98999786376953,109.99739837646484,109.9800033569336,109.9800033569336,109.9800033569336,1426.0
2025-11-24T17:28:00Z,109.98999786376953,109.98999786376953,109.95999908447266,109.9749984741211,109.9749984741211,1766.0
2025-11-24T17:29:00Z,109.95999908447266,109.98999786376953,109.95999908447266,109.98999786376953,109.98999786376953,1585.0
2025-11-24T17:30:00Z,109.97000122070312,109.98500061035156,109.93000030517578,109.93000030517578,109.93000030517578,3247.0
2025-11-24T17:31:00Z,109.91999816894531,109.93000030517578,109.91000366210938,109.93000030517578,109.93000030517578,2070.0
2025-11-24T17:32:00Z,109.93000030517578,109.97000122070312,109.93000030517578,109.97000122070312,109.97000122070312,1980.0
2025-11-24T17:33:00Z,109.95500183105469,109.95500183105469,109.91999816894531,109.91999816894531,109.91999816894531,2158.0
2025-11-24T17:34:00Z,109.91000366210938,109.91000366210938,109.87000274658203,109.87000274658203,109.87000274658203,2619.0
2025-11-24T17:35:00Z,109.87200164794922,109.87999725341797,109.8499984741211,109.8499984741211,109.8499984741211,3120.0
2025-11-24T17:36:00Z,109.87999725341797,109.88999938964844,109.87000274658203,109.88999938964844,109.88999938964844,2625.0
2025-11-24T17:37:00Z,109.8949966430664,109.8949966430664,109.84500122070312,109.86000061035156,109.86000061035156,2154.0
2025-11-24T17:38:00Z,109.84500122070312,109.87000274658203,109.84500122070312,109.86009979248047,109.86009979248047,3392.0
2025-11-24T17:39:00Z,109.83000183105469,109.83000183105469,109.83000183105469,109.83000183105469,109.83000183105469,465.0
2025-11-24T17:40:00Z,109.83000183105469,109.8550033569336,109.81500244140625,109.84500122070312,109.84500122070312,3137.0
2025-11-24T17:41:00Z,109.83999633789062,109.83999633789062,109.81999969482422,109.81999969482422,109.81999969482422,2345.0
2025-11-24T17:42:00Z,109.83999633789062,109.94000244140625,109.83999633789062,109.91000366210938,109.91000366210938,3922.0
2025-11-24T17:43:00Z,109.91999816894531,109.91999816894531,109.91000366210938,109.91000366210938,109.91000366210938,1611.0
2025-11-24T17:44:00Z,109.90260314941406,109.93000030517578,109.90260314941406,109.93000030517578,109.93000030517578,2460.0
2025-11-24T17:45:00Z,109.94999694824219,109.96499633789062,109.94999694824219,109.96499633789062,109.96499633789062,1562.0
2025-11-24T17:46:00Z,109.97000122070312,109.97000122070312,109.97000122070312,109.97000122070312,109.97000122070312,1057.0
2025-11-24T17:47:00Z,109.9800033569336,109.98999786376953,109.9800033569336,109.9800033569336,109.9800033569336,5806.0
2025-11-24T17:48:00Z,109.9800033569336,110.0,109.9800033569336,110.0,110.0,2495.0
2025-11-24T17:49:00Z,110.01000213623047,110.03500366210938,110.01000213623047,110.03500366210938,110.03500366210938,2681.0
2025-11-24T17:50:00Z,110.04499816894531,110.05000305175781,110.0,110.01000213623047,110.01000213623047,2083.0
2025-11-24T17:51:00Z,110.00499725341797,110.02999877929688,109.98500061035156,110.0,110.0,2394.0
2025-11-24T17:52:00Z,110.00499725341797,110.01000213623047,110.00499725341797,110.01000213623047,110.01000213623047,1281.0
2025-11-24T17:53:00Z,110.01200103759766,110.01499938964844,110.0,110.0,110.0,2399.0
2025-11-24T17:54:00Z,109.98999786376953,110.0199966430664,109.98999786376953,110.0,110.0,2552.0
2025-11-24T17:55:00Z,109.9800033569336,109.9800033569336,109.97000122070312,109.97000122070312,109.97000122070312,1658.0
2025-11-24T17:56:00Z,109.97000122070312,109.97000122070312,109.94999694824219,109.94999694824219,109.94999694824219,3694.0
2025-11-24T17:57:00Z,109.94999694824219,109.98999786376953,109.94999694824219,109.98999786376953,109.98999786376953,3353.0
2025-11-24T17:58:00Z,109.98500061035156,110.02999877929688,109.98500061035156,110.0199966430664,110.0199966430664,2005.0
2025-11-24T17:59:00Z,110.05500030517578,110.05500030517578,110.04000091552734,110.04000091552734,110.04000091552734,1905.0
2025-11-24T18:00:00Z,110.05000305175781,110.06999969482422,110.05000305175781,110.06999969482422,110.06999969482422,2042.0
2025-11-24T18:01:00Z,110.05999755859375,110.05999755859375,110.03500366210938,110.05000305175781,110.05000305175781,969.0
2025-11-24T18:02:00Z,110.05000305175781,110.12999725341797,110.03500366210938,110.0999984741211,110.0999984741211,4710.0
2025-11-24T18:03:00Z,110.12000274658203,110.12000274658203,110.11000061035156,110.11000061035156,110.11000061035156,1020.0
2025-11-24T18:04:00Z,110.1050033569336,110.16000366210938,110.1050033569336,110.16000366210938,110.16000366210938,2599.0
2025-11-24T18:05:00Z,110.1500015258789,110.1500015258789,110.125,110.13999938964844,110.13999938964844,1504.0
2025-11-24T18:06:00Z,110.16000366210938,110.16000366210938,110.16000366210938,110.16000366210938,110.16000366210938,1477.0
2025-11-24T18:07:00Z,110.12999725341797,110.12999725341797,110.08999633789062,110.12000274658203,110.12000274658203,3883.0
2025-11-24T18:08:00Z,110.08999633789062,110.12000274658203,110.08999633789062,110.12000274658203,110.12000274658203,1581.0
2025-11-24T18:09:00Z,110.12000274658203,110.12000274658203,110.0999984741211,110.11000061035156,110.11000061035156,1425.0
2025-11-24T18:10:00Z,110.12000274658203,110.12000274658203,110.0999984741211,110.11000061035156,110.11000061035156,1523.0
2025-11-24T18:11:00Z,110.12000274658203,110.12999725341797,110.11000061035156,110.12000274658203,110.12000274658203,2376.0
2025-11-24T18:12:00Z,110.12000274658203,110.13500213623047,110.12000274658203,110.12999725341797,110.12999725341797,1745.0
2025-11-24T18:13:00Z,110.12999725341797,110.13999938964844,110.0999984741211,110.12000274658203,110.12000274658203,3982.0
2025-11-24T18:14:00Z,110.16000366210938,110.16000366210938,110.13500213623047,110.13999938964844,110.13999938964844,3017.0
2025-11-24T18:15:00Z,110.12999725341797,110.13999938964844,110.12000274658203,110.12000274658203,110.12000274658203,858.0
2025-11-24T18:16:00Z,110.125,110.1500015258789,110.125,110.12999725341797,110.12999725341797,4188.0
2025-11-24T18:17:00Z,110.13480377197266,110.13480377197266,110.12999725341797,110.12999725341797,110.12999725341797,555.0
2025-11-24T18:18:00Z,110.12999725341797,110.16000366210938,110.12999725341797,110.16000366210938,110.16000366210938,3848.0
2025-11-24T18:19:00Z,110.1500015258789,110.1500015258789,110.11000061035156,110.11000061035156,110.11000061035156,1841.0
2025-11-24T18:20:00Z,110.11000061035156,110.12999725341797,110.0999984741211,110.12999725341797,110.12999725341797,2503.0
2025-11-24T18:21:00Z,110.13999938964844,110.16000366210938,110.13999938964844,110.1500015258789,110.1500015258789,2184.0
2025-11-24T18:22:00Z,110.13999938964844,110.13999938964844,110.08000183105469,110.08000183105469,110.08000183105469,3924.0
2025-11-24T18:23:00Z,110.08000183105469,110.09500122070312,110.05999755859375,110.05999755859375,110.05999755859375,1854.0
2025-11-24T18:24:00Z,110.05989837646484,110.05999755859375,110.04000091552734,110.05999755859375,110.05999755859375,2941.0
2025-11-24T18:25:00Z,110.08000183105469,110.08999633789062,110.08000183105469,110.08999633789062,110.08999633789062,1581.0
2025-11-24T18:26:00Z,110.11499786376953,110.12000274658203,110.11000061035156,110.11000061035156,110.11000061035156,2078.0
2025-11-24T18:27:00Z,110.0999984741211,110.0999984741211,110.08499908447266,110.0999984741211,110.0999984741211,1634.0
2025-11-24T18:28:00Z,110.09500122070312,110.16999816894531,110.09500122070312,110.16999816894531,110.16999816894531,3935.0
2025-11-24T18:29:00Z,110.1500015258789,110.1500015258789,110.12000274658203,110.12999725341797,110.12999725341797,2532.0
2025-11-24T18:30:00Z,110.11000061035156,110.11000061035156,110.08000183105469,110.08000183105469,110.08000183105469,3171.0
2025-11-24T18:31:00Z,110.06999969482422,110.0999984741211,110.05999755859375,110.0999984741211,110.0999984741211,2723.0
2025-11-24T18:32:00Z,110.08499908447266,110.0999984741211,110.08499908447266,110.0999984741211,110.0999984741211,1257.0
2025-11-24T18:33:00Z,110.11000061035156,110.12000274658203,110.10659790039062,110.10659790039062,110.10659790039062,2382.0
2025-11-24T18:34:00Z,110.0999984741211,110.0999984741211,110.05999755859375,110.05999755859375,110.05999755859375,2546.0
2025-11-24T18:35:00Z,110.05000305175781,110.05999755859375,110.0199966430664,110.05999755859375,110.05999755859375,3742.0
2025-11-24T18:36:00Z,110.05999755859375,110.08000183105469,110.02999877929688,110.02999877929688,110.02999877929688,4717.0
2025-11-24T18:37:00Z,109.98999786376953,109.98999786376953,109.95999908447266,109.97000122070312,109.97000122070312,2076.0
2025-11-24T18:38:00Z,109.98999786376953,109.98999786376953,109.98999786376953,109.98999786376953,109.98999786376953,2199.0
2025-11-24T18:39:00Z,110.0,110.02999877929688,110.0,110.0199966430664,110.0199966430664,2713.0
2025-11-24T18:40:00Z,110.0199966430664,110.02999877929688,110.0199966430664,110.02999877929688,110.02999877929688,2310.0
2025-11-24T18:41:00Z,110.02999877929688,110.03559875488281,110.0199966430664,110.0199966430664,110.0199966430664,2030.0
2025-11-24T18:42:00Z,110.02999877929688,110.04000091552734,110.01000213623047,110.0199966430664,110.0199966430664,3226.0
2025-11-24T18:43:00Z,110.0199966430664,110.0199966430664,110.01000213623047,110.01000213623047,110.01000213623047,1578.0
2025-11-24T18:44:00Z,110.02999877929688,110.05999755859375,110.02999877929688,110.05999755859375,110.05999755859375,2032.0
2025-11-24T18:45:00Z,110.05999755859375,110.05999755859375,109.9800033569336,109.9800033569336,109.9800033569336,3063.0
2025-11-24T18:46:00Z,109.98500061035156,110.0,109.98500061035156,110.0,110.0,2899.0
2025-11-24T18:47:00Z,109.98500061035156,109.98999786376953,109.98500061035156,109.98999786376953,109.98999786376953,1056.0
2025-11-24T18:48:00Z,109.99500274658203,110.02999877929688,109.99500274658203,110.010498046875,110.010498046875,3072.0
2025-11-24T18:49:00Z,110.01499938964844,110.0199966430664,110.01499938964844,110.0199966430664,110.0199966430664,1733.0
2025-11-24T18:50:00Z,109.99500274658203,109.99500274658203,109.94000244140625,109.94000244140625,109.94000244140625,5517.0
2025-11-24T18:52:00Z,109.91999816894531,109.94999694824219,109.91000366210938,109.94999694824219,109.94999694824219,4513.0
2025-11-24T18:53:00Z,109.95999908447266,109.97000122070312,109.94999694824219,109.94999694824219,109.94999694824219,2438.0
2025-11-24T18:54:00Z,109.9800033569336,109.9800033569336,109.94999694824219,109.94999694824219,109.94999694824219,3461.0
2025-11-24T18:55:00Z,109.95999908447266,109.99500274658203,109.95999908447266,109.99500274658203,109.99500274658203,2643.0
2025-11-24T18:56:00Z,110.01000213623047,110.01000213623047,109.99500274658203,109.99500274658203,109.99500274658203,1476.0
2025-11-24T18:57:00Z,110.01000213623047,110.02999877929688,109.99500274658203,110.02999877929688,110.02999877929688,4421.0
2025-11-24T18:58:00Z,110.0,110.0,109.98999786376953,109.98999786376953,109.98999786376953,1291.0
2025-11-24T18:59:00Z,109.9800033569336,109.9800033569336,109.94999694824219,109.94999694824219,109.94999694824219,2647.0
2025-11-24T19:00:00Z,109.95999908447266,110.0199966430664,109.92500305175781,110.01000213623047,110.01000213623047,8191.0
2025-11-24T19:01:00Z,110.0,110.00499725341797,109.94000244140625,109.94000244140625,109.94000244140625,4010.0
2025-11-24T19:02:00Z,109.94999694824219,109.97000122070312,109.94000244140625,109.94999694824219,109.94999694824219,5151.0
2025-11-24T19:03:00Z,109.95999908447266,109.9749984741211,109.91999816894531,109.93000030517578,109.93000030517578,3046.0
2025-11-24T19:04:00Z,109.94000244140625,109.94000244140625,109.9000015258789,109.9000015258789,109.9000015258789,2054.0
2025-11-24T19:05:00Z,109.91999816894531,109.94999694824219,109.91500091552734,109.93000030517578,109.93000030517578,2779.0
2025-11-24T19:06:00Z,109.94000244140625,109.94999694824219,109.92500305175781,109.94999694824219,109.94999694824219,3913.0
2025-11-24T19:07:00Z,109.95999908447266,109.9800033569336,109.94999694824219,109.94999694824219,109.94999694824219,2565.0
2025-11-24T19:08:00Z,109.93000030517578,109.93000030517578,109.88999938964844,109.9000015258789,109.9000015258789,2601.0
2025-11-24T19:09:00Z,109.91000366210938,109.91999816894531,109.91000366210938,109.91999816894531,109.91999816894531,517.0
2025-11-24T19:10:00Z,109.9020004272461,109.9020004272461,109.87000274658203,109.9000015258789,109.9000015258789,5544.0
2025-11-24T19:12:00Z,109.87999725341797,109.88999938964844,109.87000274658203,109.88999938964844,109.88999938964844,5000.0
2025-11-24T19:13:00Z,109.87999725341797,109.87999725341797,109.87999725341797,109.87999725341797,109.87999725341797,1424.0
2025-11-24T19:14:00Z,109.88999938964844,109.91000366210938,109.88999938964844,109.9000015258789,109.9000015258789,1714.0
2025-11-24T19:15:00Z,109.91000366210938,109.91000366210938,109.87999725341797,109.88999938964844,109.88999938964844,4935.0
2025-11-24T19:16:00Z,109.9000015258789,109.93000030517578,109.88999938964844,109.93000030517578,109.93000030517578,2275.0
2025-11-24T19:17:00Z,109.93000030517578,109.93000030517578,109.88999938964844,109.9000015258789,109.9000015258789,3372.0
2025-11-24T19:18:00Z,109.88999938964844,109.88999938964844,109.86000061035156,109.87000274658203,109.87000274658203,3597.0
2025-11-24T19:19:00Z,109.87999725341797,109.9000015258789,109.87999725341797,109.88999938964844,109.88999938964844,1997.0
2025-11-24T19:20:00Z,109.9000015258789,109.93000030517578,109.9000015258789,109.91999816894531,109.91999816894531,3283.0
2025-11-24T19:21:00Z,109.9000015258789,109.9000015258789,109.86000061035156,109.87000274658203,109.87000274658203,4919.0
2025-11-24T19:22:00Z,109.88999938964844,109.88999938964844,109.86000061035156,109.86000061035156,109.86000061035156,1609.0
2025-11-24T19:23:00Z,109.86499786376953,109.86499786376953,109.86499786376953,109.86499786376953,109.86499786376953,3075.0
2025-11-24T19:24:00Z,109.87000274658203,109.87000274658203,109.83000183105469,109.83000183105469,109.83000183105469,3371.0
2025-11-24T19:25:00Z,109.83499908447266,109.8499984741211,109.83499908447266,109.83999633789062,109.83999633789062,2474.0
2025-11-24T19:26:00Z,109.8499984741211,109.87000274658203,109.8499984741211,109.87000274658203,109.87000274658203,2602.0
2025-11-24T19:27:00Z,109.87999725341797,109.87999725341797,109.86000061035156,109.86000061035156,109.86000061035156,2291.0
2025-11-24T19:28:00Z,109.87000274658203,109.88500213623047,109.86000061035156,109.88500213623047,109.88500213623047,8843.0
2025-11-24T19:29:00Z,109.87000274658203,109.87000274658203,109.81999969482422,109.83999633789062,109.83999633789062,2541.0
2025-11-24T19:30:00Z,109.86000061035156,109.8916015625,109.86000061035156,109.87999725341797,109.87999725341797,3390.0
2025-11-24T19:31:00Z,109.87999725341797,109.87999725341797,109.86000061035156,109.86000061035156,109.86000061035156,2228.0
2025-11-24T19:32:00Z,109.86000061035156,109.88999938964844,109.86000061035156,109.87999725341797,109.87999725341797,2641.0
2025-11-24T19:33:00Z,109.87000274658203,109.91000366210938,109.83999633789062,109.91000366210938,109.91000366210938,4610.0
2025-11-24T19:34:00Z,109.91000366210938,109.91000366210938,109.91000366210938,109.91000366210938,109.91000366210938,3166.0
2025-11-24T19:35:00Z,109.9000015258789,109.91000366210938,109.9000015258789,109.91000366210938,109.91000366210938,1612.0
2025-11-24T19:36:00Z,109.88999938964844,109.88999938964844,109.875,109.875,109.875,1190.0
2025-11-24T19:37:00Z,109.87999725341797,109.94999694824219,109.87999725341797,109.94999694824219,109.94999694824219,3674.0
2025-11-24T19:38:00Z,109.94000244140625,109.94000244140625,109.91999816894531,109.91999816894531,109.91999816894531,1718.0
2025-11-24T19:39:00Z,109.93000030517578,109.9448013305664,109.91999816894531,109.92500305175781,109.92500305175781,3469.0
2025-11-24T19:40:00Z,109.92060089111328,110.0199966430664,109.91999816894531,109.9749984741211,109.9749984741211,6928.0
2025-11-24T19:41:00Z,110.0,110.0,109.9749984741211,109.9749984741211,109.9749984741211,3538.0
2025-11-24T19:42:00Z,109.95999908447266,109.95999908447266,109.9000015258789,109.9000015258789,109.9000015258789,4330.0
2025-11-24T19:43:00Z,109.91000366210938,109.91999816894531,109.91000366210938,109.91500091552734,109.91500091552734,2276.0
2025-11-24T19:44:00Z,109.93000030517578,109.93000030517578,109.91000366210938,109.91000366210938,109.91000366210938,2791.0
2025-11-24T19:45:00Z,109.93000030517578,109.94000244140625,109.93000030517578,109.94000244140625,109.94000244140625,656.0
2025-11-24T19:48:00Z,109.94999694824219,109.94999694824219,109.92030334472656,109.92030334472656,109.92030334472656,8922.0
2025-11-24T19:49:00Z,109.91999816894531,109.91999816894531,109.88999938964844,109.91000366210938,109.91000366210938,4813.0
2025-11-24T19:50:00Z,109.94000244140625,109.94000244140625,109.88999938964844,109.88999938964844,109.88999938964844,1205.0
2025-11-24T19:51:00Z,109.8949966430664,109.91999816894531,109.8949966430664,109.90149688720703,109.90149688720703,4481.0
2025-11-24T19:52:00Z,109.88999938964844,109.88999938964844,109.87000274658203,109.88500213623047,109.88500213623047,4376.0
2025-11-24T19:53:00Z,109.87999725341797,109.91000366210938,109.8499984741211,109.91000366210938,109.91000366210938,8077.0
2025-11-24T19:54:00Z,109.91999816894531,109.93000030517578,109.91500091552734,109.91780090332031,109.91780090332031,1105.0
2025-11-24T19:55:00Z,109.91500091552734,109.94000244140625,109.91500091552734,109.91999816894531,109.91999816894531,4753.0
2025-11-24T19:56:00Z,109.91999816894531,109.94999694824219,109.91000366210938,109.94999694824219,109.94999694824219,5155.0
2025-11-24T19:57:00Z,109.94000244140625,109.95999908447266,109.91000366210938,109.91000366210938,109.91000366210938,5199.0
2025-11-24T19:58:00Z,109.91000366210938,109.91000366210938,109.76499938964844,109.79000091552734,109.79000091552734,13760.0
2025-11-24T19:59:00Z,109.79000091552734,109.83000183105469,109.79000091552734,109.83000183105469,109.83000183105469,4759.0
2025-11-24T20:00:00Z,109.82499694824219,109.83999633789062,109.80000305175781,109.83999633789062,109.83999633789062,6194.0
2025-11-24T20:01:00Z,109.83999633789062,109.91999816894531,109.83999633789062,109.91999816894531,109.91999816894531,5996.0
2025-11-24T20:02:00Z,109.91999816894531,109.92500305175781,109.9000015258789,109.9000015258789,109.9000015258789,3095.0
2025-11-24T20:03:00Z,109.94000244140625,109.94000244140625,109.91999816894531,109.91999816894531,109.91999816894531,3877.0
2025-11-24T20:04:00Z,109.8949966430664,109.91999816894531,109.8949966430664,109.91999816894531,109.91999816894531,4394.0
2025-11-24T20:05:00Z,109.88999938964844,109.88999938964844,109.83999633789062,109.83999633789062,109.83999633789062,3594.0
2025-11-24T20:06:00Z,109.83999633789062,109.86000061035156,109.83999633789062,109.86000061035156,109.86000061035156,2043.0
2025-11-24T20:07:00Z,109.87000274658203,109.88999938964844,109.87000274658203,109.87000274658203,109.87000274658203,6686.0
2025-11-24T20:08:00Z,109.88999938964844,109.88999938964844,109.88500213623047,109.88999938964844,109.88999938964844,1899.0
2025-11-24T20:09:00Z,109.9000015258789,109.91000366210938,109.9000015258789,109.91000366210938,109.91000366210938,2684.0
2025-11-24T20:10:00Z,109.88999938964844,109.88999938964844,109.87999725341797,109.87999725341797,109.87999725341797,1807.0
2025-11-24T20:11:00Z,109.88999938964844,109.91999816894531,109.87000274658203,109.91999816894531,109.91999816894531,12324.0
2025-11-24T20:12:00Z,109.90499877929688,109.91000366210938,109.88999938964844,109.88999938964844,109.88999938964844,3053.0
2025-11-24T20:13:00Z,109.88500213623047,109.91999816894531,109.88500213623047,109.91999816894531,109.91999816894531,3753.0
2025-11-24T20:14:00Z,109.91999816894531,109.93000030517578,109.90499877929688,109.93000030517578,109.93000030517578,3403.0
2025-11-24T20:15:00Z,109.93499755859375,109.94000244140625,109.93000030517578,109.94000244140625,109.94000244140625,2409.0
2025-11-24T20:16:00Z,109.94000244140625,109.95500183105469,109.9000015258789,109.94999694824219,109.94999694824219,8521.0
2025-11-24T20:17:00Z,109.97000122070312,109.9800033569336,109.94999694824219,109.94999694824219,109.94999694824219,2661.0
2025-11-24T20:18:00Z,109.94000244140625,109.94000244140625,109.93000030517578,109.93499755859375,109.93499755859375,1739.0
2025-11-24T20:19:00Z,109.94000244140625,109.94000244140625,109.91999816894531,109.91999816894531,109.91999816894531,5597.0
2025-11-24T20:20:00Z,109.93000030517578,109.93000030517578,109.88500213623047,109.88500213623047,109.88500213623047,3235.0
2025-11-24T20:21:00Z,109.88500213623047,109.94999694824219,109.87999725341797,109.91999816894531,109.91999816894531,9674.0
2025-11-24T20:22:00Z,109.91000366210938,109.93000030517578,109.8949966430664,109.91010284423828,109.91010284423828,4394.0
2025-11-24T20:23:00Z,109.92500305175781,109.92500305175781,109.91000366210938,109.91000366210938,109.91000366210938,1825.0
2025-11-24T20:24:00Z,109.88999938964844,109.93499755859375,109.88999938964844,109.93499755859375,109.93499755859375,4205.0
2025-11-24T20:25:00Z,109.93000030517578,109.93000030517578,109.9000015258789,109.9000015258789,109.9000015258789,5355.0
2025-11-24T20:26:00Z,109.87999725341797,109.90899658203125,109.87999725341797,109.90899658203125,109.90899658203125,3669.0
2025-11-24T20:27:00Z,109.90499877929688,109.93000030517578,109.90499877929688,109.91999816894531,109.91999816894531,5546.0
2025-11-24T20:28:00Z,109.93000030517578,109.94000244140625,109.91000366210938,109.91999816894531,109.91999816894531,3868.0
2025-11-24T20:29:00Z,109.91999816894531,109.97000122070312,109.91999816894531,109.94000244140625,109.94000244140625,7746.0
2025-11-24T20:30:00Z,109.94000244140625,110.01000213623047,109.94000244140625,110.01000213623047,110.01000213623047,5748.0
2025-11-24T20:31:00Z,110.01000213623047,110.05999755859375,110.01000213623047,110.05999755859375,110.05999755859375,3950.0
2025-11-24T20:32:00Z,110.02999877929688,110.04000091552734,110.01000213623047,110.02999877929688,110.02999877929688,6317.0
2025-11-24T20:33:00Z,110.02999877929688,110.06999969482422,110.02999877929688,110.0469970703125,110.0469970703125,9667.0
2025-11-24T20:34:00Z,110.05999755859375,110.05999755859375,110.04000091552734,110.05000305175781,110.05000305175781,4065.0
2025-11-24T20:35:00Z,110.05999755859375,110.05999755859375,110.0,110.01499938964844,110.01499938964844,7901.0
2025-11-24T20:36:00Z,110.04000091552734,110.12000274658203,110.0199966430664,110.12000274658203,110.12000274658203,9777.0
2025-11-24T20:37:00Z,110.0999984741211,110.10079956054688,110.05999755859375,110.06999969482422,110.06999969482422,5487.0
2025-11-24T20:38:00Z,110.05500030517578,110.08000183105469,110.04499816894531,110.06500244140625,110.06500244140625,5576.0
2025-11-24T20:39:00Z,110.05999755859375,110.05999755859375,110.0199966430664,110.0199966430664,110.0199966430664,8303.0
2025-11-24T20:40:00Z,110.01000213623047,110.01010131835938,109.95999908447266,109.95999908447266,109.95999908447266,5812.0
2025-11-24T20:41:00Z,109.94999694824219,109.98999786376953,109.94000244140625,109.9800033569336,109.9800033569336,6760.0
2025-11-24T20:42:00Z,109.9800033569336,110.01000213623047,109.95999908447266,109.95999908447266,109.95999908447266,4863.0
2025-11-24T20:43:00Z,109.96089935302734,109.97000122070312,109.94999694824219,109.95500183105469,109.95500183105469,4765.0
2025-11-24T20:44:00Z,109.95500183105469,110.01000213623047,109.95500183105469,109.98999786376953,109.98999786376953,5453.0
2025-11-24T20:45:00Z,109.95999908447266,110.01000213623047,109.93499755859375,109.94000244140625,109.94000244140625,10522.0
2025-11-24T20:46:00Z,109.92500305175781,109.94000244140625,109.9000015258789,109.9000015258789,109.9000015258789,5446.0
2025-11-24T20:47:00Z,109.88999938964844,109.88999938964844,109.81999969482422,109.81999969482422,109.81999969482422,10839.0
2025-11-24T20:48:00Z,109.81999969482422,109.83000183105469,109.7750015258789,109.83000183105469,109.83000183105469,11451.0
2025-11-24T20:49:00Z,109.81999969482422,109.88999938964844,109.78500366210938,109.88500213623047,109.88500213623047,21045.0
2025-11-24T20:50:00Z,109.93000030517578,110.12000274658203,109.86000061035156,110.08999633789062,110.08999633789062,48439.0
2025-11-24T20:51:00Z,110.12000274658203,110.18000030517578,110.12000274658203,110.18000030517578,110.18000030517578,13462.0
2025-11-24T20:52:00Z,110.17500305175781,110.19999694824219,110.13999938964844,110.19000244140625,110.19000244140625,10201.0
2025-11-24T20:53:00Z,110.19999694824219,110.19999694824219,110.11750030517578,110.16999816894531,110.16999816894531,14266.0
2025-11-24T20:54:00Z,110.15499877929688,110.25,110.15499877929688,110.25,110.25,22896.0
2025-11-24T20:55:00Z,110.26000213623047,110.31999969482422,110.22000122070312,110.23999786376953,110.23999786376953,23976.0
2025-11-24T20:56:00Z,110.2300033569336,110.23999786376953,110.18000030517578,110.20010375976562,110.20010375976562,24151.0
2025-11-24T20:57:00Z,110.20500183105469,110.22000122070312,110.13999938964844,110.19999694824219,110.19999694824219,33690.0
2025-11-24T20:58:00Z,110.20999908447266,110.25,110.16000366210938,110.19000244140625,110.19000244140625,34537.0
2025-11-24T20:59:00Z,110.18499755859375,110.41000366210938,110.18499755859375,110.37000274658203,110.37000274658203,195064.0
2025-11-25T14:33:00Z,111.36000061035156,111.54000091552734,111.3499984741211,111.54000091552734,111.54000091552734,3367.0
2025-11-25T14:34:00Z,111.30000305175781,111.54499816894531,111.30000305175781,111.54000091552734,111.54000091552734,2262.0
2025-11-25T14:35:00Z,111.5199966430664,111.55000305175781,111.2699966430664,111.41000366210938,111.41000366210938,4872.0
2025-11-25T14:36:00Z,111.3949966430664,111.55000305175781,111.3949966430664,111.5,111.5,1683.0
2025-11-25T14:37:00Z,111.55999755859375,111.62000274658203,111.44999694824219,111.59500122070312,111.59500122070312,4566.0
2025-11-25T14:38:00Z,111.5999984741211,111.66000366210938,111.52999877929688,111.59500122070312,111.59500122070312,2417.0
2025-11-25T14:39:00Z,111.63999938964844,111.70999908447266,111.56999969482422,111.62000274658203,111.62000274658203,1727.0
2025-11-25T14:40:00Z,111.55999755859375,111.75,111.51000213623047,111.61540222167969,111.61540222167969,3263.0
2025-11-25T14:41:00Z,111.62000274658203,111.62000274658203,111.45999908447266,111.48999786376953,111.48999786376953,2295.0
2025-11-25T14:42:00Z,111.55000305175781,111.55000305175781,111.43000030517578,111.43000030517578,111.43000030517578,2239.0
2025-11-25T14:43:00Z,111.43000030517578,111.56999969482422,111.43000030517578,111.53500366210938,111.53500366210938,2715.0
2025-11-25T14:44:00Z,111.55000305175781,111.66000366210938,111.48999786376953,111.56999969482422,111.56999969482422,5932.0
2025-11-25T14:45:00Z,111.61000061035156,111.62999725341797,111.47000122070312,111.62999725341797,111.62999725341797,2254.0
2025-11-25T14:46:00Z,111.55999755859375,111.62999725341797,111.44999694824219,111.4800033569336,111.4800033569336,2943.0
2025-11-25T14:47:00Z,111.45999908447266,111.49500274658203,111.3499984741211,111.3499984741211,111.3499984741211,4496.0
2025-11-25T14:48:00Z,111.5,111.5,111.36000061035156,111.41000366210938,111.41000366210938,3002.0
2025-11-25T14:49:00Z,111.41999816894531,111.48500061035156,111.22000122070312,111.22000122070312,111.22000122070312,6237.0
2025-11-25T14:50:00Z,111.27999877929688,111.29000091552734,111.11000061035156,111.12999725341797,111.12999725341797,6224.0
2025-11-25T14:51:00Z,111.19999694824219,111.19999694824219,111.05000305175781,111.08999633789062,111.08999633789062,4830.0
2025-11-25T14:52:00Z,111.20999908447266,111.20999908447266,111.0999984741211,111.16000366210938,111.16000366210938,4664.0
2025-11-25T14:53:00Z,111.20999908447266,111.3499984741211,111.20999908447266,111.30999755859375,111.30999755859375,2724.0
2025-11-25T14:54:00Z,111.2699966430664,111.44000244140625,111.2699966430664,111.2699966430664,111.2699966430664,4142.0
2025-11-25T14:55:00Z,111.30000305175781,111.30999755859375,111.26000213623047,111.26000213623047,111.26000213623047,3298.0
2025-11-25T14:56:00Z,111.19000244140625,111.31999969482422,111.19000244140625,111.30500030517578,111.30500030517578,3171.0
2025-11-25T14:57:00Z,111.31999969482422,111.31999969482422,111.19000244140625,111.19999694824219,111.19999694824219,2680.0
2025-11-25T14:58:00Z,111.23999786376953,111.24500274658203,111.13999938964844,111.13999938964844,111.13999938964844,2594.0
2025-11-25T14:59:00Z,111.1500015258789,111.29000091552734,111.1500015258789,111.18000030517578,111.18000030517578,3304.0
2025-11-25T15:00:00Z,111.37000274658203,111.41999816894531,111.26000213623047,111.26000213623047,111.26000213623047,6410.0
2025-11-25T15:01:00Z,111.41999816894531,111.41999816894531,111.33999633789062,111.33999633789062,111.33999633789062,2879.0
2025-11-25T15:02:00Z,111.36000061035156,111.37000274658203,111.30000305175781,111.33000183105469,111.33000183105469,4719.0
2025-11-25T15:03:00Z,111.29000091552734,111.30999755859375,111.19000244140625,111.19999694824219,111.19999694824219,3658.0
2025-11-25T15:04:00Z,111.19000244140625,111.29000091552734,111.12999725341797,111.2300033569336,111.2300033569336,4192.0
2025-11-25T15:05:00Z,111.23999786376953,111.29000091552734,111.19999694824219,111.22000122070312,111.22000122070312,3916.0
2025-11-25T15:06:00Z,111.27999877929688,111.37999725341797,111.22000122070312,111.33000183105469,111.33000183105469,2856.0
2025-11-25T15:07:00Z,111.4000015258789,111.45999908447266,111.38999938964844,111.38999938964844,111.38999938964844,4825.0
2025-11-25T15:08:00Z,111.4000015258789,111.41999816894531,111.36000061035156,111.36000061035156,111.36000061035156,2804.0
2025-11-25T15:09:00Z,111.45999908447266,111.5199966430664,111.41999816894531,111.47000122070312,111.47000122070312,6543.0
2025-11-25T15:10:00Z,111.48999786376953,111.5199966430664,111.44999694824219,111.51000213623047,111.51000213623047,2667.0
2025-11-25T15:11:00Z,111.54000091552734,111.5999984741211,111.45999908447266,111.47000122070312,111.47000122070312,7954.0
2025-11-25T15:12:00Z,111.4800033569336,111.58000183105469,111.4800033569336,111.50499725341797,111.50499725341797,3495.0
2025-11-25T15:13:00Z,111.54000091552734,111.54000091552734,111.44000244140625,111.44999694824219,111.44999694824219,5190.0
2025-11-25T15:14:00Z,111.47000122070312,111.4800033569336,111.31500244140625,111.31500244140625,111.31500244140625,3383.0
2025-11-25T15:15:00Z,111.29000091552734,111.38500213623047,111.26000213623047,111.38500213623047,111.38500213623047,4313.0
2025-11-25T15:16:00Z,111.33000183105469,111.37000274658203,111.20999908447266,111.20999908447266,111.20999908447266,4964.0
2025-11-25T15:17:00Z,111.25499725341797,111.25749969482422,111.20999908447266,111.20999908447266,111.20999908447266,1253.0
2025-11-25T15:18:00Z,111.26499938964844,111.33999633789062,111.26000213623047,111.26000213623047,111.26000213623047,2767.0
2025-11-25T15:19:00Z,111.2300033569336,111.30999755859375,111.2300033569336,111.30500030517578,111.30500030517578,3193.0
2025-11-25T15:20:00Z,111.2699966430664,111.2699966430664,111.1500015258789,111.20999908447266,111.20999908447266,3979.0
2025-11-25T15:21:00Z,111.19499969482422,111.2300033569336,111.13999938964844,111.16999816894531,111.16999816894531,4199.0
2025-11-25T15:22:00Z,111.19000244140625,111.19000244140625,111.1500015258789,111.18000030517578,111.18000030517578,2614.0
2025-11-25T15:23:00Z,111.22000122070312,111.2300033569336,111.1449966430664,111.16999816894531,111.16999816894531,5072.0
2025-11-25T15:24:00Z,111.19999694824219,111.23999786376953,111.1500015258789,111.23999786376953,111.23999786376953,2828.0
2025-11-25T15:25:00Z,111.27999877929688,111.27999877929688,111.16999816894531,111.18000030517578,111.18000030517578,3786.0
2025-11-25T15:26:00Z,111.19000244140625,111.27999877929688,111.16999816894531,111.18000030517578,111.18000030517578,5339.0
2025-11-25T15:27:00Z,111.16999816894531,111.19999694824219,111.12999725341797,111.18000030517578,111.18000030517578,2309.0
2025-11-25T15:28:00Z,111.16999816894531,111.18000030517578,111.13999938964844,111.13999938964844,111.13999938964844,2610.0
2025-11-25T15:29:00Z,111.19000244140625,111.2249984741211,111.19000244140625,111.20999908447266,111.20999908447266,4658.0
2025-11-25T15:30:00Z,111.18000030517578,111.2699966430664,111.1449966430664,111.24150085449219,111.24150085449219,13142.0
2025-11-25T15:31:00Z,111.23999786376953,111.31999969482422,111.16999816894531,111.31999969482422,111.31999969482422,9733.0
2025-11-25T15:32:00Z,111.27999877929688,111.36000061035156,111.26000213623047,111.36000061035156,111.36000061035156,2917.0
2025-11-25T15:33:00Z,111.36750030517578,111.41500091552734,111.36750030517578,111.37000274658203,111.37000274658203,3056.0
2025-11-25T15:34:00Z,111.41000366210938,111.41999816894531,111.37000274658203,111.37999725341797,111.37999725341797,3025.0
2025-11-25T15:35:00Z,111.41999816894531,111.41999816894531,111.3550033569336,111.36000061035156,111.36000061035156,2048.0
2025-11-25T15:36:00Z,111.41000366210938,111.42500305175781,111.37000274658203,111.4000015258789,111.4000015258789,4228.0
2025-11-25T15:37:00Z,111.3949966430664,111.41000366210938,111.36000061035156,111.36499786376953,111.36499786376953,2362.0
2025-11-25T15:38:00Z,111.38999938964844,111.43000030517578,111.37000274658203,111.41000366210938,111.41000366210938,4266.0
2025-11-25T15:39:00Z,111.43250274658203,111.45999908447266,111.43000030517578,111.45999908447266,111.45999908447266,3128.0
2025-11-25T15:40:00Z,111.46499633789062,111.55000305175781,111.46499633789062,111.54000091552734,111.54000091552734,4076.0
2025-11-25T15:41:00Z,111.52999877929688,111.55500030517578,111.5199966430664,111.55500030517578,111.55500030517578,3493.0
2025-11-25T15:42:00Z,111.56999969482422,111.61000061035156,111.54000091552734,111.5999984741211,111.5999984741211,2563.0
2025-11-25T15:43:00Z,111.62000274658203,111.66000366210938,111.61000061035156,111.625,111.625,3498.0
2025-11-25T15:44:00Z,111.625,111.70999908447266,111.625,111.66999816894531,111.66999816894531,3118.0
2025-11-25T15:45:00Z,111.6500015258789,111.69999694824219,111.62000274658203,111.66500091552734,111.66500091552734,2212.0
2025-11-25T15:46:00Z,111.62999725341797,111.66000366210938,111.5999984741211,111.61000061035156,111.61000061035156,2551.0
2025-11-25T15:47:00Z,111.58999633789062,111.67500305175781,111.58999633789062,111.62000274658203,111.62000274658203,2483.0
2025-11-25T15:48:00Z,111.6050033569336,111.66999816894531,111.5999984741211,111.5999984741211,111.5999984741211,2703.0
2025-11-25T15:49:00Z,111.63999938964844,111.66000366210938,111.62000274658203,111.66000366210938,111.66000366210938,1900.0
2025-11-25T15:50:00Z,111.63999938964844,111.63999938964844,111.61000061035156,111.61000061035156,111.61000061035156,1267.0
2025-11-25T15:51:00Z,111.63999938964844,111.68000030517578,111.61000061035156,111.62000274658203,111.62000274658203,3724.0
2025-11-25T15:52:00Z,111.625,111.62999725341797,111.5999984741211,111.62999725341797,111.62999725341797,1713.0
2025-11-25T15:53:00Z,111.5999984741211,111.5999984741211,111.56999969482422,111.58000183105469,111.58000183105469,3321.0
2025-11-25T15:54:00Z,111.58000183105469,111.58000183105469,111.4800033569336,111.52999877929688,111.52999877929688,2454.0
2025-11-25T15:55:00Z,111.51000213623047,111.51000213623047,111.41000366210938,111.45999908447266,111.45999908447266,4887.0
2025-11-25T15:56:00Z,111.41000366210938,111.41999816894531,111.38999938964844,111.41999816894531,111.41999816894531,1687.0
2025-11-25T15:57:00Z,111.41000366210938,111.4800033569336,111.41000366210938,111.45999908447266,111.45999908447266,3236.0
2025-11-25T15:58:00Z,111.48500061035156,111.51000213623047,111.47000122070312,111.47000122070312,111.47000122070312,2239.0
2025-11-25T15:59:00Z,111.47000122070312,111.55500030517578,111.46499633789062,111.55500030517578,111.55500030517578,7016.0
2025-11-25T16:00:00Z,111.58000183105469,111.67500305175781,111.58000183105469,111.6500015258789,111.6500015258789,4587.0
2025-11-25T16:01:00Z,111.6500015258789,111.77999877929688,111.62000274658203,111.7699966430664,111.7699966430664,6463.0
2025-11-25T16:02:00Z,111.7699966430664,111.7699966430664,111.76000213623047,111.76000213623047,111.76000213623047,2182.0
2025-11-25T16:03:00Z,111.72000122070312,111.76000213623047,111.70999908447266,111.76000213623047,111.76000213623047,2201.0
2025-11-25T16:04:00Z,111.76000213623047,111.76000213623047,111.70999908447266,111.70999908447266,111.70999908447266,2496.0
2025-11-25T16:05:00Z,111.73500061035156,111.73999786376953,111.7300033569336,111.7300033569336,111.7300033569336,754.0
2025-11-25T16:06:00Z,111.7249984741211,111.75,111.7249984741211,111.75,111.75,2267.0
2025-11-25T16:07:00Z,111.7300033569336,111.77999877929688,111.7300033569336,111.77999877929688,111.77999877929688,2329.0
2025-11-25T16:08:00Z,111.79000091552734,111.81999969482422,111.79000091552734,111.80000305175781,111.80000305175781,2589.0
2025-11-25T16:09:00Z,111.80999755859375,111.83000183105469,111.79000091552734,111.79000091552734,111.79000091552734,1845.0
2025-11-25T16:10:00Z,111.79000091552734,111.88999938964844,111.7699966430664,111.87999725341797,111.87999725341797,3931.0
2025-11-25T16:11:00Z,111.87000274658203,111.93000030517578,111.86000061035156,111.9000015258789,111.9000015258789,2622.0
2025-11-25T16:12:00Z,111.87999725341797,111.88999938964844,111.87000274658203,111.88999938964844,111.88999938964844,3207.0
2025-11-25T16:13:00Z,111.87999725341797,111.8949966430664,111.8499984741211,111.8499984741211,111.8499984741211,2753.0
2025-11-25T16:14:00Z,111.83999633789062,111.83999633789062,111.80999755859375,111.80999755859375,111.80999755859375,2107.0
2025-11-25T16:15:00Z,111.80000305175781,111.8499984741211,111.80000305175781,111.8499984741211,111.8499984741211,1839.0
2025-11-25T16:16:00Z,111.86000061035156,111.90499877929688,111.86000061035156,111.88999938964844,111.88999938964844,3423.0
2025-11-25T16:17:00Z,111.91000366210938,111.92500305175781,111.91000366210938,111.92500305175781,111.92500305175781,694.0
2025-11-25T16:18:00Z,111.94000244140625,111.94000244140625,111.94000244140625,111.94000244140625,111.94000244140625,708.0
2025-11-25T16:19:00Z,111.94999694824219,111.94999694824219,111.93000030517578,111.93000030517578,111.93000030517578,1212.0
2025-11-25T16:20:00Z,111.91999816894531,111.94000244140625,111.91500091552734,111.94000244140625,111.94000244140625,2836.0
2025-11-25T16:21:00Z,111.9749984741211,111.9800033569336,111.93000030517578,111.9800033569336,111.9800033569336,3969.0
2025-11-25T16:22:00Z,111.98999786376953,111.98999786376953,111.86000061035156,111.89420318603516,111.89420318603516,8564.0
2025-11-25T16:23:00Z,111.8499984741211,111.86000061035156,111.8499984741211,111.86000061035156,111.86000061035156,1265.0
2025-11-25T16:24:00Z,111.87000274658203,111.87999725341797,111.8550033569336,111.86000061035156,111.86000061035156,2138.0
2025-11-25T16:25:00Z,111.86000061035156,111.86000061035156,111.76499938964844,111.80699920654297,111.80699920654297,5849.0
2025-11-25T16:26:00Z,111.80999755859375,111.80999755859375,111.76000213623047,111.80000305175781,111.80000305175781,1964.0
2025-11-25T16:27:00Z,111.76000213623047,111.76000213623047,111.72000122070312,111.75,111.75,3732.0
2025-11-25T16:28:00Z,111.75,111.76000213623047,111.73500061035156,111.73500061035156,111.73500061035156,1459.0
2025-11-25T16:29:00Z,111.7300033569336,111.80000305175781,111.7300033569336,111.80000305175781,111.80000305175781,4938.0
2025-11-25T16:30:00Z,111.86000061035156,111.87999725341797,111.86000061035156,111.87999725341797,111.87999725341797,1358.0
2025-11-25T16:31:00Z,111.87999725341797,111.87999725341797,111.83000183105469,111.8499984741211,111.8499984741211,2412.0
2025-11-25T16:32:00Z,111.86990356445312,111.87000274658203,111.83000183105469,111.83000183105469,111.83000183105469,3192.0
2025-11-25T16:33:00Z,111.83999633789062,111.87999725341797,111.83999633789062,111.87999725341797,111.87999725341797,2160.0
2025-11-25T16:34:00Z,111.87999725341797,111.87999725341797,111.81999969482422,111.81999969482422,111.81999969482422,3291.0
2025-11-25T16:35:00Z,111.8499984741211,111.86000061035156,111.8499984741211,111.8499984741211,111.8499984741211,1139.0
2025-11-25T16:36:00Z,111.87999725341797,111.9000015258789,111.86000061035156,111.9000015258789,111.9000015258789,2631.0
2025-11-25T16:37:00Z,111.88999938964844,111.9800033569336,111.88999938964844,111.9800033569336,111.9800033569336,6659.0
2025-11-25T16:38:00Z,111.94999694824219,111.94999694824219,111.93000030517578,111.93000030517578,111.93000030517578,1424.0
2025-11-25T16:39:00Z,111.93000030517578,111.94999694824219,111.93000030517578,111.94499969482422,111.94499969482422,1733.0
2025-11-25T16:40:00Z,111.93000030517578,111.9800033569336,111.91000366210938,111.9749984741211,111.9749984741211,3274.0
2025-11-25T16:41:00Z,111.95999908447266,112.0199966430664,111.95999908447266,112.0199966430664,112.0199966430664,5007.0
2025-11-25T16:42:00Z,112.0199966430664,112.0199966430664,112.0,112.0199966430664,112.0199966430664,1431.0
2025-11-25T16:43:00Z,112.02999877929688,112.05999755859375,112.02999877929688,112.05999755859375,112.05999755859375,1283.0
2025-11-25T16:44:00Z,112.05999755859375,112.05999755859375,112.0199966430664,112.04000091552734,112.04000091552734,1756.0
2025-11-25T16:45:00Z,112.0250015258789,112.02999877929688,112.0,112.0,112.0,2534.0
2025-11-25T16:46:00Z,112.02999877929688,112.02999877929688,112.02999877929688,112.02999877929688,112.02999877929688,622.0
2025-11-25T16:47:00Z,112.04000091552734,112.05999755859375,112.02999877929688,112.05999755859375,112.05999755859375,2029.0
2025-11-25T16:48:00Z,112.08000183105469,112.12999725341797,112.08000183105469,112.12000274658203,112.12000274658203,3523.0
2025-11-25T16:49:00Z,112.11000061035156,112.1500015258789,112.0999984741211,112.1500015258789,112.1500015258789,1682.0
2025-11-25T16:50:00Z,112.1500015258789,112.16000366210938,112.12000274658203,112.12000274658203,112.12000274658203,4104.0
2025-11-25T16:51:00Z,112.12000274658203,112.12000274658203,112.0999984741211,112.11000061035156,112.11000061035156,3337.0
2025-11-25T16:52:00Z,112.11000061035156,112.11000061035156,112.08999633789062,112.08999633789062,112.08999633789062,2001.0
2025-11-25T16:53:00Z,112.08000183105469,112.08000183105469,112.05999755859375,112.05999755859375,112.05999755859375,2047.0
2025-11-25T16:54:00Z,112.05999755859375,112.05999755859375,112.05999755859375,112.05999755859375,112.05999755859375,460.0
2025-11-25T16:55:00Z,112.05000305175781,112.1050033569336,112.05000305175781,112.08000183105469,112.08000183105469,3892.0
2025-11-25T16:56:00Z,112.07499694824219,112.08499908447266,112.07499694824219,112.08499908447266,112.08499908447266,1332.0
2025-11-25T16:57:00Z,112.05000305175781,112.05000305175781,112.05000305175781,112.05000305175781,112.05000305175781,1018.0
2025-11-25T16:58:00Z,112.05000305175781,112.05000305175781,112.01499938964844,112.01499938964844,112.01499938964844,1458.0
2025-11-25T16:59:00Z,112.02999877929688,112.07499694824219,112.02999877929688,112.07499694824219,112.07499694824219,2142.0
2025-11-25T17:00:00Z,112.08999633789062,112.0999984741211,112.06999969482422,112.06999969482422,112.06999969482422,4874.0
2025-11-25T17:01:00Z,112.08000183105469,112.08999633789062,112.06999969482422,112.08000183105469,112.08000183105469,1726.0
2025-11-25T17:02:00Z,112.08999633789062,112.11000061035156,112.05999755859375,112.11000061035156,112.11000061035156,2545.0
2025-11-25T17:03:00Z,112.12000274658203,112.12000274658203,112.0999984741211,112.0999984741211,112.0999984741211,2021.0
2025-11-25T17:04:00Z,112.08999633789062,112.08999633789062,112.05999755859375,112.05999755859375,112.05999755859375,1532.0
2025-11-25T17:05:00Z,112.06500244140625,112.06500244140625,112.06500244140625,112.06500244140625,112.06500244140625,928.0
2025-11-25T17:06:00Z,112.06999969482422,112.09500122070312,112.06999969482422,112.06999969482422,112.06999969482422,1880.0
2025-11-25T17:07:00Z,112.06999969482422,112.07499694824219,112.05999755859375,112.06999969482422,112.06999969482422,2649.0
2025-11-25T17:08:00Z,112.06999969482422,112.08999633789062,112.04000091552734,112.04000091552734,112.04000091552734,3261.0
2025-11-25T17:09:00Z,112.0199966430664,112.06999969482422,112.0199966430664,112.06999969482422,112.06999969482422,1458.0
2025-11-25T17:10:00Z,112.06500244140625,112.0999984741211,112.06500244140625,112.06999969482422,112.06999969482422,4464.0
2025-11-25T17:11:00Z,112.05999755859375,112.06500244140625,112.02999877929688,112.05000305175781,112.05000305175781,1981.0
2025-11-25T17:12:00Z,112.04399871826172,112.05999755859375,112.04399871826172,112.05999755859375,112.05999755859375,1418.0
2025-11-25T17:13:00Z,112.05000305175781,112.05000305175781,111.9800033569336,112.01000213623047,112.01000213623047,3503.0
2025-11-25T17:14:00Z,111.98999786376953,111.98999786376953,111.9800033569336,111.9800033569336,111.9800033569336,1042.0
2025-11-25T17:15:00Z,112.0,112.00499725341797,112.0,112.0,112.0,1604.0
2025-11-25T17:16:00Z,111.98999786376953,112.05000305175781,111.98999786376953,112.05000305175781,112.05000305175781,1781.0
2025-11-25T17:17:00Z,112.05000305175781,112.06999969482422,112.05000305175781,112.06999969482422,112.06999969482422,1723.0
2025-11-25T17:18:00Z,112.05999755859375,112.05999755859375,111.99400329589844,111.99400329589844,111.99400329589844,2999.0
2025-11-25T17:19:00Z,111.98999786376953,112.0,111.98999786376953,112.0,112.0,1680.0
2025-11-25T17:20:00Z,112.01000213623047,112.04000091552734,112.0,112.0,112.0,4169.0
2025-11-25T17:21:00Z,112.0,112.01000213623047,111.98999786376953,112.0,112.0,2699.0
2025-11-25T17:22:00Z,111.98999786376953,112.0,111.98999786376953,111.99500274658203,111.99500274658203,1353.0
2025-11-25T17:23:00Z,112.0,112.0,111.95999908447266,111.95999908447266,111.95999908447266,2062.0
2025-11-25T17:24:00Z,111.97000122070312,112.01499938964844,111.97000122070312,112.01499938964844,112.01499938964844,3174.0
2025-11-25T17:25:00Z,112.0199966430664,112.03500366210938,112.0199966430664,112.03500366210938,112.03500366210938,1693.0
2025-11-25T17:26:00Z,112.04000091552734,112.04000091552734,112.02999877929688,112.02999877929688,112.02999877929688,2387.0
2025-11-25T17:27:00Z,112.02999877929688,112.02999877929688,112.0,112.01000213623047,112.01000213623047,2875.0
2025-11-25T17:28:00Z,112.0199966430664,112.0199966430664,112.0199966430664,112.0199966430664,112.0199966430664,1131.0
2025-11-25T17:29:00Z,112.05000305175781,112.12000274658203,112.01000213623047,112.04000091552734,112.04000091552734,9418.0
2025-11-25T17:30:00Z,112.03500366210938,112.08000183105469,112.03500366210938,112.06999969482422,112.06999969482422,1244.0
2025-11-25T17:31:00Z,112.08499908447266,112.08999633789062,112.05999755859375,112.05999755859375,112.05999755859375,2631.0
2025-11-25T17:32:00Z,112.04000091552734,112.04000091552734,112.0,112.0,112.0,2182.0
2025-11-25T17:33:00Z,112.03500366210938,112.07319641113281,112.0199966430664,112.0199966430664,112.0199966430664,3119.0
2025-11-25T17:34:00Z,112.02999877929688,112.02999877929688,112.02999877929688,112.02999877929688,112.02999877929688,1240.0
2025-11-25T17:35:00Z,112.01000213623047,112.01000213623047,111.95999908447266,111.95999908447266,111.95999908447266,1673.0
2025-11-25T17:36:00Z,111.95999908447266,111.97000122070312,111.94999694824219,111.94999694824219,111.94999694824219,2784.0
2025-11-25T17:37:00Z,111.94999694824219,112.0,111.94999694824219,112.0,112.0,2196.0
2025-11-25T17:38:00Z,112.0,112.0,111.97000122070312,111.9800033569336,111.9800033569336,1706.0
2025-11-25T17:39:00Z,111.97000122070312,111.97000122070312,111.97000122070312,111.97000122070312,111.97000122070312,621.0
2025-11-25T17:40:00Z,111.94999694824219,111.94999694824219,111.91000366210938,111.91000366210938,111.91000366210938,3323.0
2025-11-25T17:41:00Z,111.91000366210938,111.91000366210938,111.87999725341797,111.88999938964844,111.88999938964844,5528.0
2025-11-25T17:42:00Z,111.91000366210938,111.95500183105469,111.91000366210938,111.95500183105469,111.95500183105469,3255.0
2025-11-25T17:43:00Z,111.95999908447266,111.95999908447266,111.93000030517578,111.93000030517578,111.93000030517578,1313.0
2025-11-25T17:44:00Z,111.91000366210938,111.92500305175781,111.9000015258789,111.9000015258789,111.9000015258789,4981.0
2025-11-25T17:45:00Z,111.88999938964844,111.9000015258789,111.87999725341797,111.9000015258789,111.9000015258789,5540.0
2025-11-25T17:46:00Z,111.87999725341797,111.87999725341797,111.76000213623047,111.7699966430664,111.7699966430664,9963.0
2025-11-25T17:47:00Z,111.7699966430664,111.77999877929688,111.7699966430664,111.7699966430664,111.7699966430664,1344.0
2025-11-25T17:48:00Z,111.76000213623047,111.80000305175781,111.76000213623047,111.78720092773438,111.78720092773438,2703.0
2025-11-25T17:49:00Z,111.80000305175781,111.80660247802734,111.79000091552734,111.79000091552734,111.79000091552734,2043.0
2025-11-25T17:50:00Z,111.79499816894531,111.80000305175781,111.79000091552734,111.79000091552734,111.79000091552734,2512.0
2025-11-25T17:51:00Z,111.79000091552734,111.79000091552734,111.75,111.75,111.75,2934.0
2025-11-25T17:52:00Z,111.76499938964844,111.76499938964844,111.69999694824219,111.69999694824219,111.69999694824219,2097.0
2025-11-25T17:53:00Z,111.72000122070312,111.72000122070312,111.70999908447266,111.70999908447266,111.70999908447266,2084.0
2025-11-25T17:54:00Z,111.71499633789062,111.71499633789062,111.71499633789062,111.71499633789062,111.71499633789062,985.0
2025-11-25T17:55:00Z,111.70999908447266,111.75,111.70999908447266,111.72000122070312,111.72000122070312,6292.0
2025-11-25T17:56:00Z,111.72000122070312,111.76000213623047,111.72000122070312,111.7300033569336,111.7300033569336,4617.0
2025-11-25T17:57:00Z,111.73500061035156,111.80999755859375,111.73500061035156,111.80999755859375,111.80999755859375,3125.0
2025-11-25T17:58:00Z,111.80500030517578,111.87999725341797,111.80500030517578,111.87999725341797,111.87999725341797,3330.0
2025-11-25T17:59:00Z,111.87999725341797,111.88990020751953,111.875,111.875,111.875,1256.0
2025-11-25T18:00:00Z,111.88999938964844,111.8949966430664,111.83999633789062,111.83999633789062,111.83999633789062,4071.0
2025-11-25T18:01:00Z,111.87000274658203,111.93000030517578,111.87000274658203,111.93000030517578,111.93000030517578,2861.0
2025-11-25T18:02:00Z,111.94999694824219,111.94999694824219,111.87999725341797,111.87999725341797,111.87999725341797,2350.0
2025-11-25T18:03:00Z,111.91999816894531,111.91999816894531,111.91999816894531,111.91999816894531,111.91999816894531,1007.0
2025-11-25T18:04:00Z,111.88999938964844,111.88999938964844,111.87000274658203,111.87000274658203,111.87000274658203,1348.0
2025-11-25T18:05:00Z,111.86499786376953,111.86499786376953,111.86000061035156,111.86009979248047,111.86009979248047,1162.0
2025-11-25T18:06:00Z,111.83999633789062,111.8949966430664,111.83999633789062,111.88999938964844,111.88999938964844,3429.0
2025-11-25T18:07:00Z,111.87999725341797,111.87999725341797,111.87999725341797,111.87999725341797,111.87999725341797,444.0
2025-11-25T18:08:00Z,111.87000274658203,111.87999725341797,111.86000061035156,111.86000061035156,111.86000061035156,1674.0
2025-11-25T18:09:00Z,111.8499984741211,111.87999725341797,111.8499984741211,111.87999725341797,111.87999725341797,1682.0
2025-11-25T18:10:00Z,111.91000366210938,111.91000366210938,111.77999877929688,111.81500244140625,111.81500244140625,7506.0
2025-11-25T18:11:00Z,111.76000213623047,111.76000213623047,111.7300033569336,111.73500061035156,111.73500061035156,2428.0
2025-11-25T18:12:00Z,111.73500061035156,111.80000305175781,111.73500061035156,111.7750015258789,111.7750015258789,11689.0
2025-11-25T18:13:00Z,111.77999877929688,111.83999633789062,111.77999877929688,111.83999633789062,111.83999633789062,1955.0
2025-11-25T18:14:00Z,111.83000183105469,111.87000274658203,111.79499816894531,111.86000061035156,111.86000061035156,8030.0
2025-11-25T18:15:00Z,111.87000274658203,111.91999816894531,111.86000061035156,111.91500091552734,111.91500091552734,6122.0
2025-11-25T18:16:00Z,111.9000015258789,111.91999816894531,111.88500213623047,111.91999816894531,111.91999816894531,6283.0
2025-11-25T18:17:00Z,111.92500305175781,111.93000030517578,111.91999816894531,111.91999816894531,111.91999816894531,2402.0
2025-11-25T18:18:00Z,111.91999816894531,111.97000122070312,111.91999816894531,111.97000122070312,111.97000122070312,1725.0
2025-11-25T18:19:00Z,111.97000122070312,111.97000122070312,111.97000122070312,111.97000122070312,111.97000122070312,374.0
2025-11-25T18:20:00Z,111.98999786376953,112.0199966430664,111.98999786376953,112.0199966430664,112.0199966430664,2835.0
2025-11-25T18:21:00Z,112.04000091552734,112.08000183105469,112.04000091552734,112.05000305175781,112.05000305175781,3791.0
2025-11-25T18:22:00Z,112.05999755859375,112.06999969482422,112.0199966430664,112.05999755859375,112.05999755859375,4909.0
2025-11-25T18:23:00Z,112.0199966430664,112.0199966430664,112.01000213623047,112.0199966430664,112.0199966430664,3221.0
2025-11-25T18:24:00Z,112.0199966430664,112.05000305175781,112.0199966430664,112.04000091552734,112.04000091552734,2059.0
2025-11-25T18:25:00Z,112.05500030517578,112.08999633789062,112.05000305175781,112.08999633789062,112.08999633789062,5564.0
2025-11-25T18:26:00Z,112.08000183105469,112.0999984741211,112.08000183105469,112.0989990234375,112.0989990234375,1360.0
2025-11-25T18:27:00Z,112.11000061035156,112.20999908447266,112.11000061035156,112.18000030517578,112.18000030517578,13403.0
2025-11-25T18:28:00Z,112.19999694824219,112.2300033569336,112.19999694824219,112.20999908447266,112.20999908447266,3727.0
2025-11-25T18:29:00Z,112.22000122070312,112.22000122070312,112.19999694824219,112.19999694824219,112.19999694824219,2161.0
2025-11-25T18:30:00Z,112.19499969482422,112.20999908447266,112.19000244140625,112.19000244140625,112.19000244140625,1885.0
2025-11-25T18:31:00Z,112.19000244140625,112.2300033569336,112.16999816894531,112.2300033569336,112.2300033569336,7035.0
2025-11-25T18:32:00Z,112.22000122070312,112.2300033569336,112.20999908447266,112.20999908447266,112.20999908447266,2136.0
2025-11-25T18:33:00Z,112.20999908447266,112.20999908447266,112.1500015258789,112.1500015258789,112.1500015258789,5925.0
2025-11-25T18:34:00Z,112.12999725341797,112.18000030517578,112.11000061035156,112.18000030517578,112.18000030517578,3765.0
2025-11-25T18:36:00Z,112.16999816894531,112.19000244140625,112.16999816894531,112.16999816894531,112.16999816894531,2387.0
2025-11-25T18:37:00Z,112.18000030517578,112.18000030517578,112.18000030517578,112.18000030517578,112.18000030517578,597.0
2025-11-25T18:38:00Z,112.16999816894531,112.19000244140625,112.16999816894531,112.19000244140625,112.19000244140625,2626.0
2025-11-25T18:39:00Z,112.19999694824219,112.19999694824219,112.18000030517578,112.18000030517578,112.18000030517578,2731.0
2025-11-25T18:40:00Z,112.16999816894531,112.16999816894531,112.16000366210938,112.16000366210938,112.16000366210938,1633.0
2025-11-25T18:41:00Z,112.15499877929688,112.15499877929688,112.13999938964844,112.13999938964844,112.13999938964844,1101.0
2025-11-25T18:42:00Z,112.13500213623047,112.16999816894531,112.12999725341797,112.16999816894531,112.16999816894531,4683.0
2025-11-25T18:43:00Z,112.1500015258789,112.1500015258789,112.13999938964844,112.13999938964844,112.13999938964844,516.0
2025-11-25T18:44:00Z,112.13999938964844,112.1500015258789,112.13999938964844,112.13999938964844,112.13999938964844,2215.0
2025-11-25T18:45:00Z,112.13999938964844,112.13999938964844,112.12999725341797,112.12999725341797,112.12999725341797,2114.0
2025-11-25T18:46:00Z,112.13999938964844,112.1500015258789,112.12000274658203,112.12000274658203,112.12000274658203,4358.0
2025-11-25T18:47:00Z,112.13999938964844,112.16500091552734,112.13999938964844,112.16500091552734,112.16500091552734,2663.0
2025-11-25T18:48:00Z,112.16000366210938,112.16000366210938,112.11000061035156,112.11000061035156,112.11000061035156,2741.0
2025-11-25T18:49:00Z,112.11000061035156,112.12999725341797,112.0999984741211,112.12999725341797,112.12999725341797,3394.0
2025-11-25T18:50:00Z,112.12000274658203,112.12999725341797,112.12000274658203,112.125,112.125,1368.0
2025-11-25T18:51:00Z,112.11000061035156,112.125,112.06999969482422,112.08000183105469,112.08000183105469,2837.0
2025-11-25T18:52:00Z,112.08999633789062,112.09490203857422,112.08999633789062,112.09490203857422,112.09490203857422,2184.0
2025-11-25T18:53:00Z,112.08999633789062,112.125,112.08999633789062,112.125,112.125,4618.0
2025-11-25T18:54:00Z,112.0999984741211,112.12000274658203,112.0999984741211,112.12000274658203,112.12000274658203,2366.0
2025-11-25T18:55:00Z,112.12999725341797,112.12999725341797,112.11000061035156,112.12000274658203,112.12000274658203,1747.0
2025-11-25T18:56:00Z,112.11000061035156,112.11000061035156,112.08000183105469,112.08000183105469,112.08000183105469,2417.0
2025-11-25T18:57:00Z,112.08000183105469,112.08000183105469,112.06999969482422,112.08000183105469,112.08000183105469,2778.0
2025-11-25T18:58:00Z,112.05999755859375,112.08999633789062,112.05000305175781,112.08999633789062,112.08999633789062,3953.0
2025-11-25T18:59:00Z,112.08999633789062,112.0999984741211,112.08999633789062,112.0999984741211,112.0999984741211,1538.0
2025-11-25T19:00:00Z,112.1050033569336,112.1500015258789,112.1050033569336,112.12999725341797,112.12999725341797,5483.0
2025-11-25T19:01:00Z,112.11499786376953,112.11499786376953,112.06999969482422,112.11000061035156,112.11000061035156,6326.0
2025-11-25T19:02:00Z,112.11000061035156,112.11000061035156,112.11000061035156,112.11000061035156,112.11000061035156,810.0
2025-11-25T19:03:00Z,112.12000274658203,112.15499877929688,112.12000274658203,112.1500015258789,112.1500015258789,2447.0
2025-11-25T19:04:00Z,112.1500015258789,112.1500015258789,112.13999938964844,112.1500015258789,112.1500015258789,1781.0
2025-11-25T19:05:00Z,112.14959716796875,112.16999816894531,112.14959716796875,112.16000366210938,112.16000366210938,2863.0
2025-11-25T19:06:00Z,112.16999816894531,112.19000244140625,112.16999816894531,112.18000030517578,112.18000030517578,2880.0
2025-11-25T19:07:00Z,112.18000030517578,112.19000244140625,112.18000030517578,112.19000244140625,112.19000244140625,1388.0
2025-11-25T19:08:00Z,112.19999694824219,112.2300033569336,112.19999694824219,112.2300033569336,112.2300033569336,3974.0
2025-11-25T19:09:00Z,112.20999908447266,112.20999908447266,112.18000030517578,112.20999908447266,112.20999908447266,5136.0
2025-11-25T19:10:00Z,112.19499969482422,112.19999694824219,112.19499969482422,112.19499969482422,112.19499969482422,1713.0
2025-11-25T19:11:00Z,112.19499969482422,112.19499969482422,112.18000030517578,112.18000030517578,112.18000030517578,1213.0
2025-11-25T19:12:00Z,112.18000030517578,112.18000030517578,112.1500015258789,112.1500015258789,112.1500015258789,2945.0
2025-11-25T19:13:00Z,112.1500015258789,112.19000244140625,112.1500015258789,112.19000244140625,112.19000244140625,4032.0
2025-11-25T19:14:00Z,112.19000244140625,112.22000122070312,112.19000244140625,112.22000122070312,112.22000122070312,3448.0
2025-11-25T19:15:00Z,112.20099639892578,112.20999908447266,112.19000244140625,112.19000244140625,112.19000244140625,2907.0
2025-11-25T19:16:00Z,112.19000244140625,112.22000122070312,112.18000030517578,112.22000122070312,112.22000122070312,2779.0
2025-11-25T19:17:00Z,112.22000122070312,112.23999786376953,112.22000122070312,112.2300033569336,112.2300033569336,2000.0
2025-11-25T19:18:00Z,112.26000213623047,112.26000213623047,112.23999786376953,112.23999786376953,112.23999786376953,1950.0
2025-11-25T19:19:00Z,112.2300033569336,112.2300033569336,112.19999694824219,112.19999694824219,112.19999694824219,3560.0
2025-11-25T19:20:00Z,112.19999694824219,112.20500183105469,112.18000030517578,112.19499969482422,112.19499969482422,1513.0
2025-11-25T19:21:00Z,112.19499969482422,112.19499969482422,112.18000030517578,112.18000030517578,112.18000030517578,1306.0
2025-11-25T19:22:00Z,112.20999908447266,112.20999908447266,112.16999816894531,112.16999816894531,112.16999816894531,3853.0
2025-11-25T19:23:00Z,112.16999816894531,112.20999908447266,112.16000366210938,112.20500183105469,112.20500183105469,5046.0
2025-11-25T19:24:00Z,112.19999694824219,112.22000122070312,112.19999694824219,112.20999908447266,112.20999908447266,2826.0
2025-11-25T19:25:00Z,112.20999908447266,112.26000213623047,112.20999908447266,112.26000213623047,112.26000213623047,3286.0
2025-11-25T19:26:00Z,112.2699966430664,112.2699966430664,112.23999786376953,112.23999786376953,112.23999786376953,1654.0
2025-11-25T19:27:00Z,112.25,112.2699966430664,112.25,112.26000213623047,112.26000213623047,2088.0
2025-11-25T19:28:00Z,112.2699966430664,112.2699966430664,112.25,112.25,112.25,866.0
2025-11-25T19:29:00Z,112.25499725341797,112.27999877929688,112.25499725341797,112.27999877929688,112.27999877929688,2819.0
2025-11-25T19:30:00Z,112.27999877929688,112.30999755859375,112.27999877929688,112.30999755859375,112.30999755859375,2211.0
2025-11-25T19:31:00Z,112.30000305175781,112.30999755859375,112.30000305175781,112.30999755859375,112.30999755859375,1240.0
2025-11-25T19:32:00Z,112.30000305175781,112.30999755859375,112.30000305175781,112.30000305175781,112.30000305175781,4499.0
2025-11-25T19:33:00Z,112.30000305175781,112.30000305175781,112.2699966430664,112.2699966430664,112.2699966430664,3623.0
2025-11-25T19:34:00Z,112.27999877929688,112.27999877929688,112.26499938964844,112.26499938964844,112.26499938964844,860.0
2025-11-25T19:35:00Z,112.25,112.25,112.22799682617188,112.24500274658203,112.24500274658203,4243.0
2025-11-25T19:36:00Z,112.25,112.29000091552734,112.25,112.29000091552734,112.29000091552734,3368.0
2025-11-25T19:37:00Z,112.29000091552734,112.29000091552734,112.260498046875,112.260498046875,112.260498046875,1967.0
2025-11-25T19:38:00Z,112.2699966430664,112.29000091552734,112.2699966430664,112.27999877929688,112.27999877929688,1776.0
2025-11-25T19:39:00Z,112.27999877929688,112.30000305175781,112.27999877929688,112.27999877929688,112.27999877929688,2146.0
2025-11-25T19:40:00Z,112.2699966430664,112.2699966430664,112.2699966430664,112.2699966430664,112.2699966430664,1276.0
2025-11-25T19:41:00Z,112.2699966430664,112.27999877929688,112.2699966430664,112.27999877929688,112.27999877929688,2258.0
2025-11-25T19:42:00Z,112.2699966430664,112.27999877929688,112.2699966430664,112.27999877929688,112.27999877929688,1375.0
2025-11-25T19:43:00Z,112.2699966430664,112.30999755859375,112.26499938964844,112.30999755859375,112.30999755859375,2979.0
2025-11-25T19:44:00Z,112.30999755859375,112.30999755859375,112.30000305175781,112.30000305175781,112.30000305175781,1504.0
2025-11-25T19:45:00Z,112.29750061035156,112.30000305175781,112.29000091552734,112.29499816894531,112.29499816894531,1827.0
2025-11-25T19:46:00Z,112.30000305175781,112.30000305175781,112.30000305175781,112.30000305175781,112.30000305175781,524.0
2025-11-25T19:47:00Z,112.30999755859375,112.31999969482422,112.30999755859375,112.30999755859375,112.30999755859375,3596.0
2025-11-25T19:48:00Z,112.30000305175781,112.30999755859375,112.30000305175781,112.30999755859375,112.30999755859375,2578.0
2025-11-25T19:49:00Z,112.31500244140625,112.31999969482422,112.31500244140625,112.31500244140625,112.31500244140625,1126.0
2025-11-25T19:50:00Z,112.31999969482422,112.3499984741211,112.31999969482422,112.3499984741211,112.3499984741211,4403.0
2025-11-25T19:51:00Z,112.3499984741211,112.37999725341797,112.3499984741211,112.37999725341797,112.37999725341797,3699.0
2025-11-25T19:52:00Z,112.38999938964844,112.38999938964844,112.37000274658203,112.37779998779297,112.37779998779297,2403.0
2025-11-25T19:53:00Z,112.37999725341797,112.38500213623047,112.3499984741211,112.3499984741211,112.3499984741211,3353.0
2025-11-25T19:54:00Z,112.36000061035156,112.375,112.36000061035156,112.37000274658203,112.37000274658203,4302.0
2025-11-25T19:55:00Z,112.3499984741211,112.3499984741211,112.3302993774414,112.3499984741211,112.3499984741211,3498.0
2025-11-25T19:56:00Z,112.36000061035156,112.36000061035156,112.36000061035156,112.36000061035156,112.36000061035156,628.0
2025-11-25T19:57:00Z,112.33999633789062,112.33999633789062,112.30999755859375,112.30999755859375,112.30999755859375,2191.0
2025-11-25T19:58:00Z,112.30000305175781,112.30000305175781,112.26000213623047,112.27999877929688,112.27999877929688,13842.0
2025-11-25T19:59:00Z,112.30000305175781,112.30000305175781,112.27999877929688,112.29000091552734,112.29000091552734,3393.0
2025-11-25T20:00:00Z,112.30799865722656,112.33000183105469,112.29000091552734,112.33000183105469,112.33000183105469,3744.0
2025-11-25T20:01:00Z,112.33999633789062,112.37000274658203,112.33000183105469,112.33000183105469,112.33000183105469,3985.0
2025-11-25T20:02:00Z,112.31999969482422,112.31999969482422,112.30999755859375,112.30999755859375,112.30999755859375,3488.0
2025-11-25T20:03:00Z,112.31500244140625,112.33000183105469,112.29000091552734,112.33000183105469,112.33000183105469,3660.0
2025-11-25T20:04:00Z,112.33000183105469,112.36000061035156,112.31500244140625,112.36000061035156,112.36000061035156,4937.0
2025-11-25T20:05:00Z,112.37000274658203,112.38999938964844,112.36499786376953,112.38999938964844,112.38999938964844,2733.0
2025-11-25T20:06:00Z,112.38999938964844,112.4000015258789,112.37999725341797,112.37999725341797,112.37999725341797,2480.0
2025-11-25T20:07:00Z,112.3949966430664,112.41000366210938,112.3949966430664,112.41000366210938,112.41000366210938,1733.0
2025-11-25T20:08:00Z,112.41999816894531,112.41999816894531,112.41000366210938,112.41000366210938,112.41000366210938,1650.0
2025-11-25T20:09:00Z,112.41000366210938,112.41000366210938,112.38999938964844,112.38999938964844,112.38999938964844,4472.0
2025-11-25T20:10:00Z,112.38999938964844,112.4000015258789,112.37000274658203,112.38999938964844,112.38999938964844,3084.0
2025-11-25T20:11:00Z,112.38999938964844,112.38999938964844,112.38999938964844,112.38999938964844,112.38999938964844,2403.0
2025-11-25T20:12:00Z,112.41999816894531,112.44999694824219,112.41999816894531,112.42500305175781,112.42500305175781,3917.0
2025-11-25T20:13:00Z,112.42500305175781,112.44999694824219,112.42500305175781,112.44999694824219,112.44999694824219,2309.0
2025-11-25T20:14:00Z,112.44000244140625,112.44000244140625,112.43000030517578,112.43000030517578,112.43000030517578,3572.0
2025-11-25T20:15:00Z,112.43499755859375,112.44999694824219,112.41500091552734,112.41999816894531,112.41999816894531,4969.0
2025-11-25T20:16:00Z,112.43000030517578,112.43000030517578,112.43000030517578,112.43000030517578,112.43000030517578,398.0
2025-11-25T20:18:00Z,112.41000366210938,112.44000244140625,112.41000366210938,112.44000244140625,112.44000244140625,14024.0
2025-11-25T20:19:00Z,112.42500305175781,112.43000030517578,112.4000015258789,112.43000030517578,112.43000030517578,2184.0
2025-11-25T20:20:00Z,112.43000030517578,112.4469985961914,112.41999816894531,112.43499755859375,112.43499755859375,3716.0
2025-11-25T20:21:00Z,112.43499755859375,112.44000244140625,112.38999938964844,112.41999816894531,112.41999816894531,4746.0
2025-11-25T20:22:00Z,112.44000244140625,112.44000244140625,112.43000030517578,112.43000030517578,112.43000030517578,2102.0
2025-11-25T20:23:00Z,112.41999816894531,112.4489974975586,112.3949966430664,112.4000015258789,112.4000015258789,4524.0
2025-11-25T20:24:00Z,112.4000015258789,112.41000366210938,112.38999938964844,112.38999938964844,112.38999938964844,4281.0
2025-11-25T20:25:00Z,112.4000015258789,112.4000015258789,112.35099792480469,112.36499786376953,112.36499786376953,3885.0
2025-11-25T20:26:00Z,112.36499786376953,112.36499786376953,112.33000183105469,112.3550033569336,112.3550033569336,5877.0
2025-11-25T20:27:00Z,112.36000061035156,112.36499786376953,112.27899932861328,112.27899932861328,112.27899932861328,5555.0
2025-11-25T20:28:00Z,112.2699966430664,112.29000091552734,112.26000213623047,112.29000091552734,112.29000091552734,5281.0
2025-11-25T20:29:00Z,112.30000305175781,112.30000305175781,112.2699966430664,112.2699966430664,112.2699966430664,3695.0
2025-11-25T20:30:00Z,112.26000213623047,112.26000213623047,112.20999908447266,112.22000122070312,112.22000122070312,10197.0
2025-11-25T20:31:00Z,112.22000122070312,112.23899841308594,112.19999694824219,112.23899841308594,112.23899841308594,7062.0
2025-11-25T20:32:00Z,112.22000122070312,112.23999786376953,112.22000122070312,112.23999786376953,112.23999786376953,4269.0
2025-11-25T20:33:00Z,112.22000122070312,112.2490005493164,112.19000244140625,112.20999908447266,112.20999908447266,8558.0
2025-11-25T20:34:00Z,112.20999908447266,112.20999908447266,112.19000244140625,112.20999908447266,112.20999908447266,5323.0
2025-11-25T20:35:00Z,112.20999908447266,112.20999908447266,112.16999816894531,112.1989974975586,112.1989974975586,6491.0
2025-11-25T20:36:00Z,112.19999694824219,112.19999694824219,112.18000030517578,112.1989974975586,112.1989974975586,6287.0
2025-11-25T20:37:00Z,112.19999694824219,112.19999694824219,112.13999938964844,112.13999938964844,112.13999938964844,6210.0
2025-11-25T20:38:00Z,112.12000274658203,112.19999694824219,112.12000274658203,112.19499969482422,112.19499969482422,8981.0
2025-11-25T20:39:00Z,112.18000030517578,112.18000030517578,112.16000366210938,112.16000366210938,112.16000366210938,4990.0
2025-11-25T20:40:00Z,112.16000366210938,112.20999908447266,112.16000366210938,112.16500091552734,112.16500091552734,7392.0
2025-11-25T20:41:00Z,112.16999816894531,112.18000030517578,112.08499908447266,112.08499908447266,112.08499908447266,7813.0
2025-11-25T20:42:00Z,112.09750366210938,112.12000274658203,112.09500122070312,112.11000061035156,112.11000061035156,5418.0
2025-11-25T20:43:00Z,112.13999938964844,112.14800262451172,112.13500213623047,112.13500213623047,112.13500213623047,3124.0
2025-11-25T20:44:00Z,112.12000274658203,112.12000274658203,112.0999984741211,112.0999984741211,112.0999984741211,4219.0
2025-11-25T20:45:00Z,112.08999633789062,112.0999984741211,112.04000091552734,112.04000091552734,112.04000091552734,11616.0
2025-11-25T20:46:00Z,112.05000305175781,112.05999755859375,112.01000213623047,112.01000213623047,112.01000213623047,9943.0
2025-11-25T20:47:00Z,112.0,112.0199966430664,111.95999908447266,111.97000122070312,111.97000122070312,7900.0
2025-11-25T20:48:00Z,111.9800033569336,112.0,111.95500183105469,112.0,112.0,11846.0
2025-11-25T20:49:00Z,112.0,112.00499725341797,111.87000274658203,111.94000244140625,111.94000244140625,14229.0
2025-11-25T20:50:00Z,111.94999694824219,111.98999786376953,111.88999938964844,111.94000244140625,111.94000244140625,15413.0
2025-11-25T20:51:00Z,111.93000030517578,111.95999908447266,111.91999816894531,111.93000030517578,111.93000030517578,11119.0
2025-11-25T20:52:00Z,111.92500305175781,111.95999908447266,111.92500305175781,111.94999694824219,111.94999694824219,8944.0
2025-11-25T20:53:00Z,111.94999694824219,111.97000122070312,111.93499755859375,111.95500183105469,111.95500183105469,10188.0
2025-11-25T20:54:00Z,111.94000244140625,111.94000244140625,111.88999938964844,111.91000366210938,111.91000366210938,21509.0
2025-11-25T20:55:00Z,111.91000366210938,111.95999908447266,111.88999938964844,111.94000244140625,111.94000244140625,21281.0
2025-11-25T20:56:00Z,111.93000030517578,111.97000122070312,111.91500091552734,111.95500183105469,111.95500183105469,27461.0
2025-11-25T20:57:00Z,111.94999694824219,111.94999694824219,111.87000274658203,111.875,111.875,28808.0
2025-11-25T20:58:00Z,111.875,111.87999725341797,111.7699966430664,111.80999755859375,111.80999755859375,47449.0
2025-11-25T20:59:00Z,111.80000305175781,111.80000305175781,111.6500015258789,111.66000366210938,111.66000366210938,59540.0
2025-11-26T14:30:00Z,111.45999908447266,111.61499786376953,111.11000061035156,111.34500122070312,111.34500122070312,25373.0
2025-11-26T14:31:00Z,111.37000274658203,111.37000274658203,111.36499786376953,111.36499786376953,111.36499786376953,3337.0
2025-11-26T14:32:00Z,111.36499786376953,111.62000274658203,111.18000030517578,111.18000030517578,111.18000030517578,5193.0
2025-11-26T14:33:00Z,111.19999694824219,111.19999694824219,111.19999694824219,111.19999694824219,111.19999694824219,100.0
2025-11-26T14:34:00Z,111.19999694824219,111.19999694824219,111.06009674072266,111.125,111.125,2724.0
2025-11-26T14:35:00Z,111.17500305175781,111.2300033569336,111.12000274658203,111.16999816894531,111.16999816894531,3675.0
2025-11-26T14:36:00Z,111.17500305175781,111.21499633789062,111.12000274658203,111.21499633789062,111.21499633789062,5935.0
2025-11-26T14:37:00Z,111.21499633789062,111.25,111.16000366210938,111.16000366210938,111.16000366210938,3038.0
2025-11-26T14:38:00Z,111.25,111.26499938964844,111.19999694824219,111.23999786376953,111.23999786376953,4526.0
2025-11-26T14:39:00Z,111.24500274658203,111.24500274658203,111.23999786376953,111.23999786376953,111.23999786376953,1289.0
2025-11-26T14:40:00Z,111.22270202636719,111.23999786376953,111.19000244140625,111.2249984741211,111.2249984741211,5268.0
2025-11-26T14:41:00Z,111.19000244140625,111.26000213623047,111.13999938964844,111.23999786376953,111.23999786376953,4212.0
2025-11-26T14:42:00Z,111.26499938964844,111.375,111.26499938964844,111.3550033569336,111.3550033569336,3161.0
2025-11-26T14:43:00Z,111.3550033569336,111.43000030517578,111.3550033569336,111.41999816894531,111.41999816894531,4348.0
2025-11-26T14:44:00Z,111.41999816894531,111.56999969482422,111.41000366210938,111.41000366210938,111.41000366210938,2657.0
2025-11-26T14:45:00Z,111.4000015258789,111.4000015258789,111.25,111.28500366210938,111.28500366210938,1948.0
2025-11-26T14:46:00Z,111.28500366210938,111.28500366210938,111.19000244140625,111.19000244140625,111.19000244140625,2824.0
2025-11-26T14:47:00Z,111.27999877929688,111.3499984741211,111.2699966430664,111.2699966430664,111.2699966430664,2973.0
2025-11-26T14:48:00Z,111.23419952392578,111.44000244140625,111.23419952392578,111.4000015258789,111.4000015258789,7100.0
2025-11-26T14:49:00Z,111.44000244140625,111.4800033569336,111.375,111.44000244140625,111.44000244140625,2829.0
2025-11-26T14:50:00Z,111.41500091552734,111.44499969482422,111.41000366210938,111.41999816894531,111.41999816894531,1166.0
2025-11-26T14:51:00Z,111.37000274658203,111.40499877929688,111.20999908447266,111.25749969482422,111.25749969482422,4009.0
2025-11-26T14:52:00Z,111.25,111.31999969482422,111.20999908447266,111.31999969482422,111.31999969482422,3675.0
2025-11-26T14:53:00Z,111.37999725341797,111.38999938964844,111.27999877929688,111.27999877929688,111.27999877929688,4159.0
2025-11-26T14:54:00Z,111.26000213623047,111.30999755859375,111.25,111.25,111.25,1583.0
2025-11-26T14:55:00Z,111.3499984741211,111.41000366210938,111.33000183105469,111.37000274658203,111.37000274658203,3590.0
2025-11-26T14:56:00Z,111.37999725341797,111.41000366210938,111.31999969482422,111.36499786376953,111.36499786376953,3282.0
2025-11-26T14:57:00Z,111.38999938964844,111.38999938964844,111.33000183105469,111.3499984741211,111.3499984741211,3938.0
2025-11-26T14:58:00Z,111.3499984741211,111.44000244140625,111.3499984741211,111.43000030517578,111.43000030517578,2936.0
2025-11-26T14:59:00Z,111.43000030517578,111.44000244140625,111.38999938964844,111.38999938964844,111.38999938964844,2690.0
2025-11-26T15:00:00Z,111.4000015258789,111.41999816894531,111.36000061035156,111.36000061035156,111.36000061035156,1326.0
2025-11-26T15:01:00Z,111.41999816894531,111.41999816894531,111.41999816894531,111.41999816894531,111.41999816894531,1621.0
2025-11-26T15:02:00Z,111.36000061035156,111.39330291748047,111.29499816894531,111.29499816894531,111.29499816894531,6024.0
2025-11-26T15:03:00Z,111.32990264892578,111.33000183105469,111.23999786376953,111.32499694824219,111.32499694824219,3117.0
2025-11-26T15:04:00Z,111.33000183105469,111.41000366210938,111.31999969482422,111.31999969482422,111.31999969482422,4977.0
2025-11-26T15:05:00Z,111.33999633789062,111.44999694824219,111.30000305175781,111.43000030517578,111.43000030517578,4817.0
2025-11-26T15:06:00Z,111.37999725341797,111.37999725341797,111.2699966430664,111.2699966430664,111.2699966430664,1480.0
2025-11-26T15:07:00Z,111.25,111.27999877929688,111.18000030517578,111.18499755859375,111.18499755859375,2719.0
2025-11-26T15:08:00Z,111.21499633789062,111.26000213623047,111.05999755859375,111.08999633789062,111.08999633789062,4784.0
2025-11-26T15:09:00Z,111.08999633789062,111.13999938964844,111.05999755859375,111.13999938964844,111.13999938964844,3920.0
2025-11-26T15:10:00Z,111.0999984741211,111.12000274658203,111.02059936523438,111.0999984741211,111.0999984741211,5276.0
2025-11-26T15:11:00Z,111.11000061035156,111.11000061035156,111.02999877929688,111.02999877929688,111.02999877929688,3169.0
2025-11-26T15:12:00Z,111.0199966430664,111.08000183105469,111.0199966430664,111.08000183105469,111.08000183105469,1183.0
2025-11-26T15:13:00Z,111.04000091552734,111.13999938964844,111.04000091552734,111.08000183105469,111.08000183105469,8784.0
2025-11-26T15:14:00Z,111.06999969482422,111.06999969482422,111.02999877929688,111.06999969482422,111.06999969482422,1088.0
2025-11-26T15:15:00Z,111.04000091552734,111.04000091552734,110.93000030517578,110.98999786376953,110.98999786376953,3065.0
2025-11-26T15:16:00Z,110.9800033569336,110.9800033569336,110.94999694824219,110.97000122070312,110.97000122070312,3491.0
2025-11-26T15:17:00Z,110.94000244140625,111.02999877929688,110.94000244140625,110.97000122070312,110.97000122070312,4898.0
2025-11-26T15:18:00Z,111.0199966430664,111.04000091552734,110.95999908447266,111.02169799804688,111.02169799804688,2418.0
2025-11-26T15:19:00Z,111.0199966430664,111.05000305175781,111.01000213623047,111.0199966430664,111.0199966430664,2116.0
2025-11-26T15:20:00Z,110.95999908447266,110.98999786376953,110.95999908447266,110.9800033569336,110.9800033569336,2035.0
2025-11-26T15:21:00Z,110.95999908447266,110.97000122070312,110.9000015258789,110.94999694824219,110.94999694824219,4257.0
2025-11-26T15:22:00Z,110.94999694824219,111.0,110.91000366210938,110.95999908447266,110.95999908447266,5041.0
2025-11-26T15:23:00Z,111.01000213623047,111.06999969482422,111.0,111.06999969482422,111.06999969482422,4974.0
2025-11-26T15:24:00Z,111.05999755859375,111.08999633789062,111.05000305175781,111.08000183105469,111.08000183105469,3623.0
2025-11-26T15:25:00Z,111.05500030517578,111.13999938964844,111.04000091552734,111.12000274658203,111.12000274658203,2122.0
2025-11-26T15:26:00Z,111.12999725341797,111.25,111.12999725341797,111.13999938964844,111.13999938964844,5582.0
2025-11-26T15:27:00Z,111.1500015258789,111.1500015258789,111.08999633789062,111.0999984741211,111.0999984741211,3604.0
2025-11-26T15:28:00Z,111.12999725341797,111.19999694824219,111.11000061035156,111.19999694824219,111.19999694824219,4848.0
2025-11-26T15:29:00Z,111.22000122070312,111.23999786376953,111.19999694824219,111.20999908447266,111.20999908447266,1973.0
2025-11-26T15:30:00Z,111.20500183105469,111.33000183105469,111.20500183105469,111.33000183105469,111.33000183105469,6376.0
2025-11-26T15:31:00Z,111.33999633789062,111.43000030517578,111.31999969482422,111.31999969482422,111.31999969482422,2859.0
2025-11-26T15:32:00Z,111.30999755859375,111.30999755859375,111.29000091552734,111.29000091552734,111.29000091552734,1819.0
2025-11-26T15:33:00Z,111.30000305175781,111.37999725341797,111.30000305175781,111.37999725341797,111.37999725341797,2903.0
2025-11-26T15:34:00Z,111.33999633789062,111.36499786376953,111.30999755859375,111.36499786376953,111.36499786376953,3491.0
2025-11-26T15:35:00Z,111.36000061035156,111.36499786376953,111.31999969482422,111.31999969482422,111.31999969482422,3298.0
2025-11-26T15:36:00Z,111.31999969482422,111.31999969482422,111.2699966430664,111.2699966430664,111.2699966430664,2063.0
2025-11-26T15:37:00Z,111.25,111.29000091552734,111.25,111.29000091552734,111.29000091552734,1385.0
2025-11-26T15:38:00Z,111.27999877929688,111.27999877929688,111.27999877929688,111.27999877929688,111.27999877929688,279.0
2025-11-26T15:39:00Z,111.25,111.25,111.18499755859375,111.18730163574219,111.18730163574219,1553.0
2025-11-26T15:40:00Z,111.19000244140625,111.20999908447266,111.13999938964844,111.16999816894531,111.16999816894531,2160.0
2025-11-26T15:41:00Z,111.12999725341797,111.13999938964844,111.08000183105469,111.08000183105469,111.08000183105469,2906.0
2025-11-26T15:42:00Z,111.05000305175781,111.19000244140625,111.05000305175781,111.19000244140625,111.19000244140625,5546.0
2025-11-26T15:43:00Z,111.20999908447266,111.2300033569336,111.19999694824219,111.2300033569336,111.2300033569336,1618.0
2025-11-26T15:44:00Z,111.2300033569336,111.2300033569336,111.18499755859375,111.18499755859375,111.18499755859375,1802.0
2025-11-26T15:45:00Z,111.19999694824219,111.19999694824219,111.16999816894531,111.19000244140625,111.19000244140625,2147.0
2025-11-26T15:46:00Z,111.19999694824219,111.2699966430664,111.18000030517578,111.2699966430664,111.2699966430664,2661.0
2025-11-26T15:47:00Z,111.2699966430664,111.2699966430664,111.24500274658203,111.25,111.25,1460.0
2025-11-26T15:48:00Z,111.2300033569336,111.25,111.2300033569336,111.2300033569336,111.2300033569336,930.0
2025-11-26T15:49:00Z,111.2249984741211,111.2699966430664,111.2249984741211,111.23999786376953,111.23999786376953,2914.0
2025-11-26T15:50:00Z,111.2300033569336,111.2300033569336,111.20999908447266,111.20999908447266,111.20999908447266,1237.0
2025-11-26T15:51:00Z,111.20999908447266,111.26000213623047,111.20999908447266,111.26000213623047,111.26000213623047,2238.0
2025-11-26T15:52:00Z,111.2699966430664,111.31999969482422,111.26000213623047,111.26000213623047,111.26000213623047,7482.0
2025-11-26T15:53:00Z,111.25,111.26000213623047,111.23999786376953,111.25,111.25,3707.0
2025-11-26T15:54:00Z,111.25,111.26000213623047,111.23400115966797,111.25,111.25,1539.0
2025-11-26T15:55:00Z,111.2249984741211,111.25,111.19000244140625,111.19000244140625,111.19000244140625,3954.0
2025-11-26T15:56:00Z,111.19999694824219,111.23999786376953,111.19499969482422,111.23999786376953,111.23999786376953,1824.0
2025-11-26T15:57:00Z,111.2300033569336,111.25,111.20999908447266,111.20999908447266,111.20999908447266,3616.0
2025-11-26T15:58:00Z,111.19999694824219,111.22000122070312,111.19999694824219,111.22000122070312,111.22000122070312,1273.0
2025-11-26T15:59:00Z,111.20999908447266,111.26000213623047,111.20999908447266,111.22000122070312,111.22000122070312,2702.0
2025-11-26T16:00:00Z,111.23999786376953,111.26000213623047,111.22000122070312,111.26000213623047,111.26000213623047,2309.0
2025-11-26T16:01:00Z,111.2300033569336,111.2300033569336,111.2300033569336,111.2300033569336,111.2300033569336,1193.0
2025-11-26T16:02:00Z,111.2249984741211,111.2249984741211,111.19000244140625,111.19000244140625,111.19000244140625,1814.0
2025-11-26T16:03:00Z,111.18000030517578,111.18000030517578,111.16500091552734,111.16500091552734,111.16500091552734,759.0
2025-11-26T16:04:00Z,111.1500015258789,111.1500015258789,111.12000274658203,111.1500015258789,111.1500015258789,3572.0
2025-11-26T16:05:00Z,111.12999725341797,111.16999816894531,111.12999725341797,111.15499877929688,111.15499877929688,2663.0
2025-11-26T16:06:00Z,111.1449966430664,111.16000366210938,111.1449966430664,111.16000366210938,111.16000366210938,848.0
2025-11-26T16:07:00Z,111.12000274658203,111.16999816894531,111.12000274658203,111.16999816894531,111.16999816894531,2505.0
2025-11-26T16:08:00Z,111.17500305175781,111.18000030517578,111.17500305175781,111.18000030517578,111.18000030517578,1328.0
2025-11-26T16:09:00Z,111.16500091552734,111.16500091552734,111.1500015258789,111.15499877929688,111.15499877929688,1284.0
2025-11-26T16:10:00Z,111.1500015258789,111.20999908447266,111.1500015258789,111.20999908447266,111.20999908447266,4568.0
2025-11-26T16:11:00Z,111.2300033569336,111.26599884033203,111.2300033569336,111.26000213623047,111.26000213623047,1967.0
2025-11-26T16:12:00Z,111.27999877929688,111.31999969482422,111.27999877929688,111.31999969482422,111.31999969482422,1780.0
2025-11-26T16:13:00Z,111.30000305175781,111.36000061035156,111.29000091552734,111.36000061035156,111.36000061035156,3542.0
2025-11-26T16:14:00Z,111.37999725341797,111.37999725341797,111.36499786376953,111.36499786376953,111.36499786376953,683.0
2025-11-26T16:15:00Z,111.36000061035156,111.36000061035156,111.33000183105469,111.33000183105469,111.33000183105469,2318.0
2025-11-26T16:16:00Z,111.36000061035156,111.37999725341797,111.36000061035156,111.37999725341797,111.37999725341797,913.0
2025-11-26T16:17:00Z,111.375,111.375,111.33000183105469,111.33000183105469,111.33000183105469,1220.0
2025-11-26T16:18:00Z,111.33000183105469,111.33999633789062,111.30500030517578,111.30999755859375,111.30999755859375,2050.0
2025-11-26T16:19:00Z,111.30000305175781,111.36000061035156,111.29000091552734,111.36000061035156,111.36000061035156,3184.0
2025-11-26T16:20:00Z,111.33000183105469,111.33999633789062,111.30999755859375,111.33999633789062,111.33999633789062,1228.0
2025-11-26T16:21:00Z,111.33000183105469,111.33499908447266,111.30000305175781,111.33000183105469,111.33000183105469,1042.0
2025-11-26T16:22:00Z,111.31999969482422,111.33000183105469,111.31999969482422,111.33000183105469,111.33000183105469,1882.0
2025-11-26T16:23:00Z,111.30000305175781,111.33999633789062,111.30000305175781,111.30999755859375,111.30999755859375,2790.0
2025-11-26T16:24:00Z,111.30999755859375,111.30999755859375,111.20999908447266,111.2249984741211,111.2249984741211,4818.0
2025-11-26T16:25:00Z,111.22000122070312,111.22000122070312,111.16000366210938,111.16000366210938,111.16000366210938,2738.0
2025-11-26T16:26:00Z,111.13999938964844,111.15499877929688,111.08999633789062,111.1500015258789,111.1500015258789,6257.0
2025-11-26T16:27:00Z,111.1500015258789,111.1500015258789,111.11000061035156,111.12999725341797,111.12999725341797,5328.0
2025-11-26T16:28:00Z,111.13999938964844,111.13999938964844,111.11000061035156,111.11060333251953,111.11060333251953,2085.0
2025-11-26T16:29:00Z,111.11000061035156,111.11000061035156,111.08999633789062,111.08999633789062,111.08999633789062,1782.0
2025-11-26T16:30:00Z,111.04000091552734,111.05999755859375,111.04000091552734,111.05999755859375,111.05999755859375,1884.0
2025-11-26T16:31:00Z,111.02999877929688,111.06500244140625,111.02999877929688,111.06500244140625,111.06500244140625,1390.0
2025-11-26T16:32:00Z,111.05000305175781,111.05000305175781,111.0,111.04000091552734,111.04000091552734,3052.0
2025-11-26T16:33:00Z,111.05000305175781,111.06999969482422,111.05000305175781,111.05999755859375,111.05999755859375,1997.0
2025-11-26T16:34:00Z,111.05999755859375,111.12999725341797,111.05999755859375,111.12000274658203,111.12000274658203,3913.0
2025-11-26T16:35:00Z,111.12000274658203,111.12000274658203,111.12000274658203,111.12000274658203,111.12000274658203,1773.0
2025-11-26T16:36:00Z,111.12000274658203,111.12999725341797,111.11000061035156,111.11000061035156,111.11000061035156,1423.0
2025-11-26T16:37:00Z,111.1050033569336,111.11000061035156,111.08999633789062,111.11000061035156,111.11000061035156,2775.0
2025-11-26T16:38:00Z,111.08999633789062,111.11000061035156,111.06999969482422,111.06999969482422,111.06999969482422,1612.0
2025-11-26T16:39:00Z,111.08000183105469,111.11000061035156,111.08000183105469,111.11000061035156,111.11000061035156,1195.0
2025-11-26T16:40:00Z,111.11000061035156,111.12999725341797,111.0999984741211,111.0999984741211,111.0999984741211,3935.0
2025-11-26T16:41:00Z,111.09500122070312,111.12000274658203,111.09500122070312,111.11000061035156,111.11000061035156,1400.0
2025-11-26T16:42:00Z,111.11499786376953,111.12000274658203,111.11000061035156,111.11000061035156,111.11000061035156,1672.0
2025-11-26T16:43:00Z,111.125,111.12999725341797,111.08999633789062,111.11000061035156,111.11000061035156,3983.0
2025-11-26T16:44:00Z,111.11000061035156,111.12000274658203,111.11000061035156,111.12000274658203,111.12000274658203,1283.0
2025-11-26T16:45:00Z,111.12999725341797,111.13999938964844,111.0999984741211,111.0999984741211,111.0999984741211,1848.0
2025-11-26T16:46:00Z,111.0999984741211,111.11000061035156,111.09339904785156,111.11000061035156,111.11000061035156,3178.0
2025-11-26T16:47:00Z,111.11000061035156,111.1500015258789,111.1050033569336,111.13999938964844,111.13999938964844,5217.0
2025-11-26T16:48:00Z,111.13999938964844,111.1449966430664,111.12999725341797,111.1449966430664,111.1449966430664,1634.0
2025-11-26T16:49:00Z,111.1500015258789,111.1500015258789,111.12999725341797,111.13500213623047,111.13500213623047,5236.0
2025-11-26T16:50:00Z,111.12999725341797,111.1500015258789,111.12999725341797,111.13999938964844,111.13999938964844,1243.0
2025-11-26T16:51:00Z,111.1500015258789,111.16000366210938,111.12999725341797,111.1500015258789,111.1500015258789,4030.0
2025-11-26T16:52:00Z,111.1500015258789,111.22000122070312,111.1500015258789,111.20999908447266,111.20999908447266,7813.0
2025-11-26T16:53:00Z,111.20999908447266,111.21499633789062,111.20939636230469,111.20939636230469,111.20939636230469,3887.0
2025-11-26T16:54:00Z,111.20999908447266,111.22000122070312,111.20999908447266,111.22000122070312,111.22000122070312,4433.0
2025-11-26T16:55:00Z,111.22000122070312,111.26000213623047,111.22000122070312,111.26000213623047,111.26000213623047,2987.0
2025-11-26T16:56:00Z,111.26000213623047,111.26000213623047,111.25,111.25,111.25,807.0
2025-11-26T16:57:00Z,111.25,111.26719665527344,111.25,111.26719665527344,111.26719665527344,2439.0
2025-11-26T16:58:00Z,111.2699966430664,111.2699966430664,111.26499938964844,111.2699966430664,111.2699966430664,2004.0
2025-11-26T16:59:00Z,111.28500366210938,111.30000305175781,111.28500366210938,111.29499816894531,111.29499816894531,1771.0
2025-11-26T17:00:00Z,111.27999877929688,111.31999969482422,111.23999786376953,111.31999969482422,111.31999969482422,3673.0
2025-11-26T17:01:00Z,111.33000183105469,111.36499786376953,111.33000183105469,111.36499786376953,111.36499786376953,4022.0
2025-11-26T17:02:00Z,111.38500213623047,111.41000366210938,111.38500213623047,111.4000015258789,111.4000015258789,2712.0
2025-11-26T17:03:00Z,111.4000015258789,111.41999816894531,111.37999725341797,111.37999725341797,111.37999725341797,1713.0
2025-11-26T17:04:00Z,111.37999725341797,111.41000366210938,111.37999725341797,111.38999938964844,111.38999938964844,1840.0
2025-11-26T17:05:00Z,111.38999938964844,111.38999938964844,111.36499786376953,111.3729019165039,111.3729019165039,2729.0
2025-11-26T17:06:00Z,111.36000061035156,111.36000061035156,111.36000061035156,111.36000061035156,111.36000061035156,1497.0
2025-11-26T17:07:00Z,111.36000061035156,111.41000366210938,111.36000061035156,111.41000366210938,111.41000366210938,3551.0
2025-11-26T17:08:00Z,111.4000015258789,111.4000015258789,111.3949966430664,111.3949966430664,111.3949966430664,1031.0
2025-11-26T17:09:00Z,111.38999938964844,111.38999938964844,111.3499984741211,111.37999725341797,111.37999725341797,2710.0
2025-11-26T17:10:00Z,111.38500213623047,111.40499877929688,111.38500213623047,111.40499877929688,111.40499877929688,1536.0
2025-11-26T17:11:00Z,111.41000366210938,111.44000244140625,111.41000366210938,111.44000244140625,111.44000244140625,1966.0
2025-11-26T17:12:00Z,111.44000244140625,111.44999694824219,111.37750244140625,111.38999938964844,111.38999938964844,2986.0
2025-11-26T17:13:00Z,111.38500213623047,111.4000015258789,111.37999725341797,111.38500213623047,111.38500213623047,2603.0
2025-11-26T17:14:00Z,111.37000274658203,111.37000274658203,111.33000183105469,111.33000183105469,111.33000183105469,1318.0
2025-11-26T17:15:00Z,111.33000183105469,111.33000183105469,111.27999877929688,111.29000091552734,111.29000091552734,3205.0
2025-11-26T17:16:00Z,111.29499816894531,111.30999755859375,111.2926025390625,111.2926025390625,111.2926025390625,2966.0
2025-11-26T17:17:00Z,111.30500030517578,111.31999969482422,111.30500030517578,111.30999755859375,111.30999755859375,2805.0
2025-11-26T17:18:00Z,111.29000091552734,111.29000091552734,111.27999877929688,111.27999877929688,111.27999877929688,962.0
2025-11-26T17:19:00Z,111.2699966430664,111.2699966430664,111.2300033569336,111.2300033569336,111.2300033569336,1813.0
2025-11-26T17:20:00Z,111.20999908447266,111.23999786376953,111.20999908447266,111.23999786376953,111.23999786376953,3046.0
2025-11-26T17:21:00Z,111.23500061035156,111.2750015258789,111.23500061035156,111.2750015258789,111.2750015258789,2231.0
2025-11-26T17:22:00Z,111.20999908447266,111.20999908447266,111.19499969482422,111.19499969482422,111.19499969482422,578.0
2025-11-26T17:23:00Z,111.20999908447266,111.25,111.20999908447266,111.2300033569336,111.2300033569336,1680.0
2025-11-26T17:24:00Z,111.23999786376953,111.23999786376953,111.23999786376953,111.23999786376953,111.23999786376953,227.0
2025-11-26T17:25:00Z,111.23999786376953,111.23999786376953,111.22000122070312,111.22000122070312,111.22000122070312,1141.0
2025-11-26T17:26:00Z,111.2249984741211,111.2249984741211,111.1449966430664,111.16000366210938,111.16000366210938,3085.0
2025-11-26T17:27:00Z,111.16999816894531,111.16999816894531,111.11000061035156,111.12999725341797,111.12999725341797,4290.0
2025-11-26T17:28:00Z,111.12999725341797,111.19999694824219,111.12999725341797,111.19999694824219,111.19999694824219,5291.0
2025-11-26T17:29:00Z,111.20999908447266,111.23999786376953,111.20999908447266,111.2300033569336,111.2300033569336,3378.0
2025-11-26T17:30:00Z,111.25499725341797,111.29000091552734,111.25499725341797,111.27999877929688,111.27999877929688,2456.0
2025-11-26T17:31:00Z,111.29000091552734,111.34500122070312,111.29000091552734,111.33999633789062,111.33999633789062,2712.0
2025-11-26T17:32:00Z,111.33000183105469,111.33000183105469,111.33000183105469,111.33000183105469,111.33000183105469,1359.0
2025-11-26T17:33:00Z,111.31999969482422,111.3499984741211,111.31999969482422,111.3499984741211,111.3499984741211,3202.0
2025-11-26T17:34:00Z,111.37000274658203,111.375,111.37000274658203,111.375,111.375,1812.0
2025-11-26T17:35:00Z,111.37000274658203,111.41999816894531,111.37000274658203,111.41999816894531,111.41999816894531,3402.0
2025-11-26T17:36:00Z,111.38999938964844,111.38999938964844,111.31999969482422,111.31999969482422,111.31999969482422,3092.0
2025-11-26T17:37:00Z,111.30000305175781,111.30000305175781,111.25,111.25,111.25,2402.0
2025-11-26T17:38:00Z,111.25,111.26000213623047,111.25,111.26000213623047,111.26000213623047,1423.0
2025-11-26T17:39:00Z,111.27999877929688,111.32499694824219,111.27999877929688,111.31009674072266,111.31009674072266,3947.0
2025-11-26T17:40:00Z,111.33999633789062,111.35079956054688,111.29499816894531,111.30000305175781,111.30000305175781,4994.0
2025-11-26T17:41:00Z,111.27999877929688,111.29000091552734,111.26000213623047,111.2656021118164,111.2656021118164,2639.0
2025-11-26T17:42:00Z,111.2699966430664,111.2699966430664,111.25,111.25,111.25,844.0
2025-11-26T17:43:00Z,111.25,111.26000213623047,111.25,111.26000213623047,111.26000213623047,735.0
2025-11-26T17:44:00Z,111.26000213623047,111.2699966430664,111.26000213623047,111.26000213623047,111.26000213623047,2445.0
2025-11-26T17:45:00Z,111.2300033569336,111.25,111.19499969482422,111.25,111.25,2534.0
2025-11-26T17:46:00Z,111.2699966430664,111.2699966430664,111.2699966430664,111.2699966430664,111.2699966430664,975.0
2025-11-26T17:47:00Z,111.29000091552734,111.29000091552734,111.22000122070312,111.22000122070312,111.22000122070312,2625.0
2025-11-26T17:48:00Z,111.2249984741211,111.2699966430664,111.2249984741211,111.2699966430664,111.2699966430664,3062.0
2025-11-26T17:49:00Z,111.2699966430664,111.2699966430664,111.2699966430664,111.2699966430664,111.2699966430664,634.0
2025-11-26T17:50:00Z,111.2699966430664,111.27999877929688,111.25499725341797,111.27999877929688,111.27999877929688,2480.0
2025-11-26T17:51:00Z,111.29000091552734,111.30000305175781,111.29000091552734,111.29499816894531,111.29499816894531,1897.0
2025-11-26T17:52:00Z,111.30000305175781,111.30000305175781,111.28500366210938,111.28500366210938,111.28500366210938,1746.0
2025-11-26T17:53:00Z,111.2699966430664,111.2699966430664,111.26000213623047,111.26000213623047,111.26000213623047,2007.0
2025-11-26T17:54:00Z,111.26000213623047,111.27999877929688,111.26000213623047,111.27999877929688,111.27999877929688,1575.0
2025-11-26T17:55:00Z,111.29499816894531,111.29499816894531,111.26000213623047,111.2699966430664,111.2699966430664,2257.0
2025-11-26T17:56:00Z,111.2750015258789,111.27999877929688,111.26499938964844,111.27999877929688,111.27999877929688,1765.0
2025-11-26T17:57:00Z,111.27999877929688,111.33000183105469,111.27999877929688,111.33000183105469,111.33000183105469,2910.0
2025-11-26T17:58:00Z,111.33000183105469,111.33000183105469,111.30000305175781,111.30000305175781,111.30000305175781,1700.0
2025-11-26T17:59:00Z,111.31500244140625,111.31500244140625,111.29499816894531,111.29499816894531,111.29499816894531,767.0
2025-11-26T18:00:00Z,111.31999969482422,111.31999969482422,111.30000305175781,111.30500030517578,111.30500030517578,2425.0
2025-11-26T18:01:00Z,111.31999969482422,111.31999969482422,111.30999755859375,111.31999969482422,111.31999969482422,1308.0
2025-11-26T18:02:00Z,111.36000061035156,111.37000274658203,111.36000061035156,111.37000274658203,111.37000274658203,1147.0
2025-11-26T18:03:00Z,111.37999725341797,111.37999725341797,111.3499984741211,111.37000274658203,111.37000274658203,2784.0
2025-11-26T18:04:00Z,111.37000274658203,111.38999938964844,111.37000274658203,111.38500213623047,111.38500213623047,2890.0
2025-11-26T18:05:00Z,111.38999938964844,111.41000366210938,111.38999938964844,111.41000366210938,111.41000366210938,1557.0
2025-11-26T18:06:00Z,111.40499877929688,111.44000244140625,111.40499877929688,111.42500305175781,111.42500305175781,2172.0
2025-11-26T18:07:00Z,111.41000366210938,111.41000366210938,111.38999938964844,111.4000015258789,111.4000015258789,3108.0
2025-11-26T18:08:00Z,111.4000015258789,111.41999816894531,111.38040161132812,111.38040161132812,111.38040161132812,1091.0
2025-11-26T18:09:00Z,111.37999725341797,111.38999938964844,111.2300033569336,111.23999786376953,111.23999786376953,8958.0
2025-11-26T18:10:00Z,111.23500061035156,111.29000091552734,111.23500061035156,111.29000091552734,111.29000091552734,3334.0
2025-11-26T18:11:00Z,111.29000091552734,111.29000091552734,111.2300033569336,111.2300033569336,111.2300033569336,2574.0
2025-11-26T18:12:00Z,111.23999786376953,111.24500274658203,111.20936584472656,111.24500274658203,111.24500274658203,1690.0
2025-11-26T18:13:00Z,111.22010040283203,111.25,111.22010040283203,111.25,111.25,600.0
2025-11-26T18:14:00Z,111.25,111.25,111.24500274658203,111.24500274658203,111.24500274658203,603.0
2025-11-26T18:15:00Z,111.24500274658203,111.24500274658203,111.19000244140625,111.19000244140625,111.19000244140625,972.0
2025-11-26T18:16:00Z,111.20999908447266,111.2300033569336,111.20999908447266,111.2300033569336,111.2300033569336,854.0
2025-11-26T18:17:00Z,111.22000122070312,111.22000122070312,111.16500091552734,111.18000030517578,111.18000030517578,3090.0
2025-11-26T18:18:00Z,111.1980972290039,111.20999908447266,111.1980972290039,111.20999908447266,111.20999908447266,1969.0
2025-11-26T18:19:00Z,111.20999908447266,111.20999908447266,111.19999694824219,111.2051010131836,111.2051010131836,953.0
2025-11-26T18:20:00Z,111.16999816894531,111.19000244140625,111.13999938964844,111.13999938964844,111.13999938964844,2480.0
2025-11-26T18:21:00Z,111.1500015258789,111.16000366210938,111.13999938964844,111.1500015258789,111.1500015258789,3479.0
2025-11-26T18:22:00Z,111.16999816894531,111.19000244140625,111.16999816894531,111.19000244140625,111.19000244140625,2602.0
2025-11-26T18:23:00Z,111.22000122070312,111.23999786376953,111.22000122070312,111.23999786376953,111.23999786376953,659.0
2025-11-26T18:24:00Z,111.2300033569336,111.26000213623047,111.2300033569336,111.23999786376953,111.23999786376953,1360.0
2025-11-26T18:25:00Z,111.24500274658203,111.24500274658203,111.2249984741211,111.23999786376953,111.23999786376953,2031.0
2025-11-26T18:26:00Z,111.23999786376953,111.26000213623047,111.23999786376953,111.26000213623047,111.26000213623047,1255.0
2025-11-26T18:27:00Z,111.2699966430664,111.30000305175781,111.26499938964844,111.29000091552734,111.29000091552734,4657.0
2025-11-26T18:28:00Z,111.29000091552734,111.29000091552734,111.25499725341797,111.25499725341797,111.25499725341797,3710.0
2025-11-26T18:29:00Z,111.25,111.26000213623047,111.25,111.26000213623047,111.26000213623047,884.0
2025-11-26T18:30:00Z,111.25,111.25,111.22000122070312,111.22000122070312,111.22000122070312,3228.0
2025-11-26T18:31:00Z,111.22000122070312,111.22000122070312,111.19499969482422,111.19499969482422,111.19499969482422,1464.0
2025-11-26T18:32:00Z,111.19999694824219,111.20999908447266,111.19499969482422,111.19999694824219,111.19999694824219,1784.0
2025-11-26T18:33:00Z,111.19999694824219,111.21499633789062,111.19999694824219,111.20999908447266,111.20999908447266,1276.0
2025-11-26T18:34:00Z,111.19999694824219,111.19999694824219,111.19999694824219,111.19999694824219,111.19999694824219,1268.0
2025-11-26T18:35:00Z,111.19499969482422,111.2300033569336,111.19499969482422,111.22000122070312,111.22000122070312,2952.0
2025-11-26T18:36:00Z,111.21499633789062,111.22000122070312,111.21499633789062,111.22000122070312,111.22000122070312,771.0
2025-11-26T18:37:00Z,111.20999908447266,111.20999908447266,111.19000244140625,111.19999694824219,111.19999694824219,1786.0
2025-11-26T18:38:00Z,111.18000030517578,111.25,111.18000030517578,111.25,111.25,3854.0
2025-11-26T18:39:00Z,111.23500061035156,111.23999786376953,111.22799682617188,111.23999786376953,111.23999786376953,2354.0
2025-11-26T18:40:00Z,111.2300033569336,111.23999786376953,111.2300033569336,111.2300033569336,111.2300033569336,1208.0
2025-11-26T18:41:00Z,111.2300033569336,111.2300033569336,111.22000122070312,111.22509765625,111.22509765625,3124.0
2025-11-26T18:42:00Z,111.2300033569336,111.23999786376953,111.2300033569336,111.23999786376953,111.23999786376953,1905.0
2025-11-26T18:43:00Z,111.20999908447266,111.20999908447266,111.19999694824219,111.20500183105469,111.20500183105469,1571.0
2025-11-26T18:44:00Z,111.19000244140625,111.19000244140625,111.16000366210938,111.16000366210938,111.16000366210938,2131.0
2025-11-26T18:45:00Z,111.13999938964844,111.13999938964844,111.1050033569336,111.1050033569336,111.1050033569336,1034.0
2025-11-26T18:46:00Z,111.12000274658203,111.13999938964844,111.12000274658203,111.125,111.125,3116.0
2025-11-26T18:47:00Z,111.13999938964844,111.1500015258789,111.13999938964844,111.1500015258789,111.1500015258789,1464.0
2025-11-26T18:48:00Z,111.1500015258789,111.19999694824219,111.1500015258789,111.19000244140625,111.19000244140625,2907.0
2025-11-26T18:49:00Z,111.19999694824219,111.23999786376953,111.19999694824219,111.23999786376953,111.23999786376953,2339.0
2025-11-26T18:51:00Z,111.19999694824219,111.2249984741211,111.19999694824219,111.2249984741211,111.2249984741211,1254.0
2025-11-26T18:52:00Z,111.22000122070312,111.22000122070312,111.18499755859375,111.18499755859375,111.18499755859375,5663.0
2025-11-26T18:53:00Z,111.18000030517578,111.19000244140625,111.18000030517578,111.19000244140625,111.19000244140625,1132.0
2025-11-26T18:54:00Z,111.19000244140625,111.19999694824219,111.18499755859375,111.19999694824219,111.19999694824219,2379.0
2025-11-26T18:55:00Z,111.19000244140625,111.19000244140625,111.15499877929688,111.15499877929688,111.15499877929688,1052.0
2025-11-26T18:56:00Z,111.16000366210938,111.16000366210938,111.16000366210938,111.16000366210938,111.16000366210938,611.0
2025-11-26T18:57:00Z,111.1449966430664,111.19000244140625,111.1449966430664,111.19000244140625,111.19000244140625,3511.0
2025-11-26T18:58:00Z,111.19000244140625,111.19499969482422,111.18000030517578,111.18000030517578,111.18000030517578,1944.0
2025-11-26T18:59:00Z,111.18280029296875,111.19499969482422,111.16999816894531,111.19499969482422,111.19499969482422,1386.0
2025-11-26T19:00:00Z,111.19000244140625,111.22000122070312,111.18499755859375,111.22000122070312,111.22000122070312,2643.0
2025-11-26T19:01:00Z,111.2300033569336,111.28500366210938,111.2300033569336,111.28500366210938,111.28500366210938,2660.0
2025-11-26T19:02:00Z,111.29000091552734,111.30000305175781,111.29000091552734,111.30000305175781,111.30000305175781,1528.0
2025-11-26T19:03:00Z,111.30000305175781,111.31999969482422,111.29000091552734,111.29000091552734,111.29000091552734,4379.0
2025-11-26T19:05:00Z,111.2750015258789,111.2750015258789,111.2699966430664,111.2699966430664,111.2699966430664,532.0
2025-11-26T19:06:00Z,111.2699966430664,111.2699966430664,111.21009826660156,111.25,111.25,3956.0
2025-11-26T19:07:00Z,111.27999877929688,111.30500030517578,111.27999877929688,111.30000305175781,111.30000305175781,2287.0
2025-11-26T19:08:00Z,111.29000091552734,111.29000091552734,111.27999877929688,111.27999877929688,111.27999877929688,565.0
2025-11-26T19:09:00Z,111.29000091552734,111.29000091552734,111.29000091552734,111.29000091552734,111.29000091552734,159.0
2025-11-26T19:13:00Z,111.2699966430664,111.2699966430664,111.2699966430664,111.2699966430664,111.2699966430664,8992.0
2025-11-26T19:14:00Z,111.27999877929688,111.29000091552734,111.26000213623047,111.2699966430664,111.2699966430664,5250.0
2025-11-26T19:15:00Z,111.2699966430664,111.27999877929688,111.26499938964844,111.26499938964844,111.26499938964844,1603.0
2025-11-26T19:16:00Z,111.26000213623047,111.29499816894531,111.26000213623047,111.29499816894531,111.29499816894531,1912.0
2025-11-26T19:17:00Z,111.31999969482422,111.33000183105469,111.31999969482422,111.33000183105469,111.33000183105469,1012.0
2025-11-26T19:18:00Z,111.33999633789062,111.3499984741211,111.33999633789062,111.3499984741211,111.3499984741211,2066.0
2025-11-26T19:19:00Z,111.36000061035156,111.36499786376953,111.36000061035156,111.36000061035156,111.36000061035156,2029.0
2025-11-26T19:20:00Z,111.3550033569336,111.3550033569336,111.34500122070312,111.3499984741211,111.3499984741211,2457.0
2025-11-26T19:22:00Z,111.36000061035156,111.38999938964844,111.3499984741211,111.38999938964844,111.38999938964844,2479.0
2025-11-26T19:23:00Z,111.4000015258789,111.40499877929688,111.4000015258789,111.4000015258789,111.4000015258789,1411.0
2025-11-26T19:24:00Z,111.38999938964844,111.38999938964844,111.38999938964844,111.38999938964844,111.38999938964844,1190.0
2025-11-26T19:25:00Z,111.4000015258789,111.41000366210938,111.38999938964844,111.38999938964844,111.38999938964844,1558.0
2025-11-26T19:26:00Z,111.38999938964844,111.38999938964844,111.38999938964844,111.38999938964844,111.38999938964844,1405.0
2025-11-26T19:27:00Z,111.37999725341797,111.37999725341797,111.37000274658203,111.37000274658203,111.37000274658203,779.0
2025-11-26T19:28:00Z,111.36009979248047,111.38500213623047,111.36009979248047,111.37999725341797,111.37999725341797,1589.0
2025-11-26T19:29:00Z,111.37999725341797,111.37999725341797,111.36000061035156,111.36000061035156,111.36000061035156,1986.0
2025-11-26T19:30:00Z,111.3550033569336,111.36000061035156,111.3550033569336,111.36000061035156,111.36000061035156,1790.0
2025-11-26T19:31:00Z,111.33000183105469,111.33000183105469,111.33000183105469,111.33000183105469,111.33000183105469,1560.0
2025-11-26T19:32:00Z,111.32499694824219,111.36000061035156,111.32499694824219,111.3550033569336,111.3550033569336,3628.0
2025-11-26T19:33:00Z,111.36000061035156,111.37000274658203,111.36000061035156,111.37000274658203,111.37000274658203,2807.0
2025-11-26T19:34:00Z,111.37000274658203,111.37000274658203,111.3550033569336,111.3550033569336,111.3550033569336,2034.0
2025-11-26T19:35:00Z,111.33999633789062,111.3499984741211,111.33000183105469,111.3499984741211,111.3499984741211,4091.0
2025-11-26T19:36:00Z,111.33999633789062,111.33999633789062,111.33999633789062,111.33999633789062,111.33999633789062,1193.0
2025-11-26T19:37:00Z,111.31999969482422,111.31999969482422,111.31500244140625,111.31500244140625,111.31500244140625,1484.0
2025-11-26T19:38:00Z,111.30999755859375,111.31999969482422,111.30000305175781,111.30000305175781,111.30000305175781,1262.0
2025-11-26T19:39:00Z,111.30000305175781,111.30000305175781,111.27999877929688,111.27999877929688,111.27999877929688,2927.0
2025-11-26T19:40:00Z,111.2699966430664,111.30000305175781,111.26499938964844,111.30000305175781,111.30000305175781,3164.0
2025-11-26T19:41:00Z,111.30000305175781,111.30000305175781,111.27999877929688,111.29000091552734,111.29000091552734,4270.0
2025-11-26T19:42:00Z,111.30999755859375,111.3499984741211,111.30999755859375,111.34500122070312,111.34500122070312,3748.0
2025-11-26T19:43:00Z,111.30999755859375,111.30999755859375,111.30999755859375,111.30999755859375,111.30999755859375,878.0
2025-11-26T19:44:00Z,111.29000091552734,111.30000305175781,111.28500366210938,111.30000305175781,111.30000305175781,1297.0
2025-11-26T19:45:00Z,111.30000305175781,111.33999633789062,111.29000091552734,111.33999633789062,111.33999633789062,3291.0
2025-11-26T19:46:00Z,111.33999633789062,111.33999633789062,111.31999969482422,111.31999969482422,111.31999969482422,1017.0
2025-11-26T19:47:00Z,111.30999755859375,111.33000183105469,111.30999755859375,111.33000183105469,111.33000183105469,3552.0
2025-11-26T19:48:00Z,111.33000183105469,111.36000061035156,111.33000183105469,111.36000061035156,111.36000061035156,1851.0
2025-11-26T19:49:00Z,111.34500122070312,111.34500122070312,111.33000183105469,111.33000183105469,111.33000183105469,1531.0
2025-11-26T19:50:00Z,111.33000183105469,111.33000183105469,111.32499694824219,111.32499694824219,111.32499694824219,1632.0
2025-11-26T19:51:00Z,111.33000183105469,111.33000183105469,111.29000091552734,111.30000305175781,111.30000305175781,2752.0
2025-11-26T19:52:00Z,111.30000305175781,111.33000183105469,111.30000305175781,111.33000183105469,111.33000183105469,3448.0
2025-11-26T19:53:00Z,111.33999633789062,111.3499984741211,111.33999633789062,111.3499984741211,111.3499984741211,1018.0
2025-11-26T19:54:00Z,111.36000061035156,111.36000061035156,111.3499984741211,111.36000061035156,111.36000061035156,1731.0
2025-11-26T19:55:00Z,111.37000274658203,111.37000274658203,111.31999969482422,111.33499908447266,111.33499908447266,2075.0
2025-11-26T19:56:00Z,111.33499908447266,111.33499908447266,111.30999755859375,111.30999755859375,111.30999755859375,1797.0
2025-11-26T19:57:00Z,111.30999755859375,111.30999755859375,111.29000091552734,111.29000091552734,111.29000091552734,1983.0
2025-11-26T19:58:00Z,111.29499816894531,111.30999755859375,111.29000091552734,111.29499816894531,111.29499816894531,2802.0
2025-11-26T19:59:00Z,111.29499816894531,111.33000183105469,111.29499816894531,111.30000305175781,111.30000305175781,8741.0
2025-11-26T20:00:00Z,111.30000305175781,111.30000305175781,111.29000091552734,111.30000305175781,111.30000305175781,2326.0
2025-11-26T20:01:00Z,111.29000091552734,111.30000305175781,111.29000091552734,111.29000091552734,111.29000091552734,1599.0
2025-11-26T20:02:00Z,111.27999877929688,111.29000091552734,111.2750015258789,111.2750015258789,111.2750015258789,1820.0
2025-11-26T20:03:00Z,111.27999877929688,111.30000305175781,111.2699966430664,111.29560089111328,111.29560089111328,2526.0
2025-11-26T20:04:00Z,111.29499816894531,111.30000305175781,111.27999877929688,111.28500366210938,111.28500366210938,5263.0
2025-11-26T20:05:00Z,111.29000091552734,111.30000305175781,111.29000091552734,111.29499816894531,111.29499816894531,5050.0
2025-11-26T20:06:00Z,111.30000305175781,111.33999633789062,111.29000091552734,111.33999633789062,111.33999633789062,6580.0
2025-11-26T20:07:00Z,111.3301010131836,111.33999633789062,111.2699966430664,111.2699966430664,111.2699966430664,5838.0
2025-11-26T20:08:00Z,111.25,111.27999877929688,111.25,111.27999877929688,111.27999877929688,2354.0
2025-11-26T20:09:00Z,111.26000213623047,111.26000213623047,111.25,111.25,111.25,1505.0
2025-11-26T20:10:00Z,111.23999786376953,111.25,111.23999786376953,111.23999786376953,111.23999786376953,2591.0
2025-11-26T20:11:00Z,111.23999786376953,111.23999786376953,111.19000244140625,111.19000244140625,111.19000244140625,3177.0
2025-11-26T20:12:00Z,111.18000030517578,111.18000030517578,111.18000030517578,111.18000030517578,111.18000030517578,1407.0
2025-11-26T20:13:00Z,111.19000244140625,111.19999694824219,111.17500305175781,111.18000030517578,111.18000030517578,2521.0
2025-11-26T20:14:00Z,111.18000030517578,111.20999908447266,111.18000030517578,111.18000030517578,111.18000030517578,3445.0
2025-11-26T20:15:00Z,111.16999816894531,111.16999816894531,111.16999816894531,111.16999816894531,111.16999816894531,488.0
2025-11-26T20:16:00Z,111.18000030517578,111.19000244140625,111.18000030517578,111.19000244140625,111.19000244140625,2268.0
2025-11-26T20:17:00Z,111.19000244140625,111.20999908447266,111.19000244140625,111.19999694824219,111.19999694824219,2212.0
2025-11-26T20:18:00Z,111.19999694824219,111.19999694824219,111.1500015258789,111.1500015258789,111.1500015258789,4240.0
2025-11-26T20:19:00Z,111.1500015258789,111.1500015258789,111.12999725341797,111.13999938964844,111.13999938964844,3845.0
2025-11-26T20:20:00Z,111.1500015258789,111.16000366210938,111.11599731445312,111.11599731445312,111.11599731445312,4521.0
2025-11-26T20:21:00Z,111.12000274658203,111.13999938964844,111.12000274658203,111.125,111.125,4467.0
2025-11-26T20:22:00Z,111.12999725341797,111.1500015258789,111.12999725341797,111.1500015258789,111.1500015258789,2651.0
2025-11-26T20:23:00Z,111.16000366210938,111.16500091552734,111.1500015258789,111.1500015258789,111.1500015258789,4325.0
2025-11-26T20:24:00Z,111.13819885253906,111.1449966430664,111.13819885253906,111.13999938964844,111.13999938964844,2522.0
2025-11-26T20:25:00Z,111.13999938964844,111.13999938964844,111.11299896240234,111.12999725341797,111.12999725341797,5302.0
2025-11-26T20:26:00Z,111.12999725341797,111.13999938964844,111.12999725341797,111.13500213623047,111.13500213623047,2256.0
2025-11-26T20:27:00Z,111.12999725341797,111.13999938964844,111.11000061035156,111.11000061035156,111.11000061035156,3150.0
2025-11-26T20:28:00Z,111.11000061035156,111.12000274658203,111.1050033569336,111.11000061035156,111.11000061035156,3894.0
2025-11-26T20:29:00Z,111.11000061035156,111.11000061035156,111.08999633789062,111.08999633789062,111.08999633789062,3455.0
2025-11-26T20:30:00Z,111.0999984741211,111.0999984741211,111.08000183105469,111.08000183105469,111.08000183105469,3699.0
2025-11-26T20:31:00Z,111.06500244140625,111.06999969482422,111.05000305175781,111.05000305175781,111.05000305175781,3554.0
2025-11-26T20:32:00Z,111.04000091552734,111.05000305175781,111.02999877929688,111.05000305175781,111.05000305175781,5137.0
2025-11-26T20:33:00Z,111.05000305175781,111.05000305175781,111.00499725341797,111.0199966430664,111.0199966430664,5938.0
2025-11-26T20:34:00Z,111.02999877929688,111.05999755859375,111.01750183105469,111.05999755859375,111.05999755859375,7308.0
2025-11-26T20:35:00Z,111.06999969482422,111.07499694824219,111.06999969482422,111.06999969482422,111.06999969482422,3309.0
2025-11-26T20:36:00Z,111.06999969482422,111.06999969482422,111.05000305175781,111.05999755859375,111.05999755859375,3423.0
2025-11-26T20:37:00Z,111.05999755859375,111.11000061035156,111.05999755859375,111.11000061035156,111.11000061035156,6988.0
2025-11-26T20:38:00Z,111.12000274658203,111.13500213623047,111.12000274658203,111.12999725341797,111.12999725341797,3150.0
2025-11-26T20:39:00Z,111.13500213623047,111.13999938964844,111.125,111.12999725341797,111.12999725341797,2823.0
2025-11-26T20:40:00Z,111.12999725341797,111.12999725341797,111.1050033569336,111.11000061035156,111.11000061035156,6366.0
2025-11-26T20:41:00Z,111.0999984741211,111.12999725341797,111.0999984741211,111.11499786376953,111.11499786376953,2807.0
2025-11-26T20:42:00Z,111.12000274658203,111.13999938964844,111.12000274658203,111.12999725341797,111.12999725341797,3944.0
2025-11-26T20:43:00Z,111.12999725341797,111.16000366210938,111.12999725341797,111.16000366210938,111.16000366210938,5645.0
2025-11-26T20:44:00Z,111.1500015258789,111.1500015258789,111.12000274658203,111.12999725341797,111.12999725341797,4703.0
2025-11-26T20:45:00Z,111.12000274658203,111.12000274658203,111.07499694824219,111.08999633789062,111.08999633789062,9155.0
2025-11-26T20:46:00Z,111.08999633789062,111.12999725341797,111.07499694824219,111.11499786376953,111.11499786376953,9668.0
2025-11-26T20:47:00Z,111.12000274658203,111.12000274658203,111.02999877929688,111.02999877929688,111.02999877929688,6766.0
2025-11-26T20:48:00Z,111.04000091552734,111.05000305175781,111.04000091552734,111.04000091552734,111.04000091552734,4518.0
2025-11-26T20:49:00Z,111.02999877929688,111.04000091552734,111.0,111.01000213623047,111.01000213623047,19612.0
2025-11-26T20:50:00Z,110.98999786376953,111.06999969482422,110.94000244140625,110.94000244140625,110.94000244140625,20227.0
2025-11-26T20:51:00Z,110.94000244140625,110.94000244140625,110.87999725341797,110.9000015258789,110.9000015258789,7621.0
2025-11-26T20:52:00Z,110.9000015258789,110.93000030517578,110.86000061035156,110.87000274658203,110.87000274658203,10449.0
2025-11-26T20:53:00Z,110.87000274658203,110.87000274658203,110.7699966430664,110.7699966430664,110.7699966430664,15978.0
2025-11-26T20:54:00Z,110.76000213623047,110.76000213623047,110.62000274658203,110.6449966430664,110.6449966430664,33477.0
2025-11-26T20:55:00Z,110.62999725341797,110.69999694824219,110.61000061035156,110.69999694824219,110.69999694824219,22989.0
2025-11-26T20:56:00Z,110.69000244140625,110.69999694824219,110.63999938964844,110.66500091552734,110.66500091552734,29297.0
2025-11-26T20:57:00Z,110.66999816894531,110.67500305175781,110.62000274658203,110.66999816894531,110.66999816894531,21011.0
2025-11-26T20:58:00Z,110.68000030517578,110.69999694824219,110.62999725341797,110.6500015258789,110.6500015258789,35350.0
2025-11-26T20:59:00Z,110.66000366210938,110.69999694824219,110.54000091552734,110.54499816894531,110.54499816894531,61075.0
2025-11-28T14:30:00Z,110.47000122070312,110.75,110.0999984741211,110.55500030517578,110.55500030517578,13301.0
2025-11-28T14:32:00Z,110.76000213623047,110.98500061035156,110.58000183105469,110.68000030517578,110.68000030517578,5198.0
2025-11-28T14:33:00Z,110.52999877929688,110.83999633789062,110.52999877929688,110.79000091552734,110.79000091552734,1577.0
2025-11-28T14:34:00Z,110.80000305175781,110.80000305175781,110.7699966430664,110.7699966430664,110.7699966430664,946.0
2025-11-28T14:35:00Z,110.78500366210938,110.78500366210938,110.63999938964844,110.72000122070312,110.72000122070312,2903.0
2025-11-28T14:36:00Z,110.7300033569336,110.81999969482422,110.66999816894531,110.76000213623047,110.76000213623047,6674.0
2025-11-28T14:37:00Z,110.7300033569336,110.80000305175781,110.72000122070312,110.72000122070312,110.72000122070312,3043.0
2025-11-28T14:38:00Z,110.76000213623047,110.88999938964844,110.76000213623047,110.87999725341797,110.87999725341797,4884.0
2025-11-28T14:39:00Z,110.86499786376953,110.94999694824219,110.86499786376953,110.91999816894531,110.91999816894531,3311.0
2025-11-28T14:40:00Z,110.93389892578125,111.05000305175781,110.92500305175781,111.05000305175781,111.05000305175781,4863.0
2025-11-28T14:41:00Z,111.02999877929688,111.05999755859375,110.98999786376953,111.05999755859375,111.05999755859375,3700.0
2025-11-28T14:42:00Z,111.02999877929688,111.06999969482422,110.91500091552734,111.06999969482422,111.06999969482422,4040.0
2025-11-28T14:43:00Z,111.08999633789062,111.08999633789062,111.08999633789062,111.08999633789062,111.08999633789062,1380.0
2025-11-28T14:44:00Z,111.06999969482422,111.25499725341797,111.06999969482422,111.25499725341797,111.25499725341797,4364.0
2025-11-28T14:45:00Z,111.23999786376953,111.29499816894531,111.23999786376953,111.23999786376953,111.23999786376953,3422.0
2025-11-28T14:46:00Z,111.2300033569336,111.2300033569336,111.19000244140625,111.19999694824219,111.19999694824219,2304.0
2025-11-28T14:47:00Z,111.19999694824219,111.19999694824219,111.1500015258789,111.16000366210938,111.16000366210938,2402.0
2025-11-28T14:48:00Z,111.13999938964844,111.20500183105469,111.13999938964844,111.16999816894531,111.16999816894531,2311.0
2025-11-28T14:49:00Z,111.18499755859375,111.26000213623047,111.18499755859375,111.2300033569336,111.2300033569336,2266.0
2025-11-28T14:50:00Z,111.26000213623047,111.27999877929688,111.25,111.2699966430664,111.2699966430664,1912.0
2025-11-28T14:51:00Z,111.26000213623047,111.26000213623047,111.20999908447266,111.20999908447266,111.20999908447266,1537.0
2025-11-28T14:52:00Z,111.19000244140625,111.25,111.19000244140625,111.2249984741211,111.2249984741211,1794.0
2025-11-28T14:53:00Z,111.2699966430664,111.2699966430664,111.22000122070312,111.22000122070312,111.22000122070312,2054.0
2025-11-28T14:54:00Z,111.2300033569336,111.30000305175781,111.22000122070312,111.30000305175781,111.30000305175781,2211.0
2025-11-28T14:55:00Z,111.30000305175781,111.30000305175781,111.2300033569336,111.2699966430664,111.2699966430664,2230.0
2025-11-28T14:56:00Z,111.26000213623047,111.26000213623047,111.22000122070312,111.22000122070312,111.22000122070312,2897.0
2025-11-28T14:57:00Z,111.26000213623047,111.31999969482422,111.26000213623047,111.30000305175781,111.30000305175781,2135.0
2025-11-28T14:58:00Z,111.29000091552734,111.375,111.29000091552734,111.37000274658203,111.37000274658203,2875.0
2025-11-28T14:59:00Z,111.375,111.3949966430664,111.36000061035156,111.38999938964844,111.38999938964844,2446.0
2025-11-28T15:00:00Z,111.41000366210938,111.4749984741211,111.38999938964844,111.43499755859375,111.43499755859375,4466.0
2025-11-28T15:01:00Z,111.45999908447266,111.51000213623047,111.45860290527344,111.47000122070312,111.47000122070312,7247.0
2025-11-28T15:02:00Z,111.48500061035156,111.52999877929688,111.46499633789062,111.4800033569336,111.4800033569336,4835.0
2025-11-28T15:03:00Z,111.4749984741211,111.55999755859375,111.44000244140625,111.4800033569336,111.4800033569336,9718.0
2025-11-28T15:04:00Z,111.51000213623047,111.51000213623047,111.47000122070312,111.47000122070312,111.47000122070312,2726.0
2025-11-28T15:05:00Z,111.4749984741211,111.4749984741211,111.30999755859375,111.43000030517578,111.43000030517578,6742.0
2025-11-28T15:06:00Z,111.45999908447266,111.45999908447266,111.4000015258789,111.41000366210938,111.41000366210938,1995.0
2025-11-28T15:07:00Z,111.38999938964844,111.4000015258789,111.37999725341797,111.37999725341797,111.37999725341797,2029.0
2025-11-28T15:08:00Z,111.37000274658203,111.37000274658203,111.31999969482422,111.3499984741211,111.3499984741211,4610.0
2025-11-28T15:09:00Z,111.33999633789062,111.41000366210938,111.33999633789062,111.37999725341797,111.37999725341797,3677.0
2025-11-28T15:10:00Z,111.37999725341797,111.44999694824219,111.37000274658203,111.44000244140625,111.44000244140625,3023.0
2025-11-28T15:11:00Z,111.45500183105469,111.45500183105469,111.42500305175781,111.43000030517578,111.43000030517578,3691.0
2025-11-28T15:12:00Z,111.44000244140625,111.44000244140625,111.37000274658203,111.37000274658203,111.37000274658203,2089.0
2025-11-28T15:13:00Z,111.3499984741211,111.4000015258789,111.3499984741211,111.38999938964844,111.38999938964844,2564.0
2025-11-28T15:14:00Z,111.36000061035156,111.36000061035156,111.30999755859375,111.31999969482422,111.31999969482422,2801.0
2025-11-28T15:15:00Z,111.31999969482422,111.33999633789062,111.30000305175781,111.30000305175781,111.30000305175781,2562.0
2025-11-28T15:16:00Z,111.2699966430664,111.3499984741211,111.2699966430664,111.33999633789062,111.33999633789062,2540.0
2025-11-28T15:17:00Z,111.33499908447266,111.33499908447266,111.2699966430664,111.2699966430664,111.2699966430664,2142.0
2025-11-28T15:18:00Z,111.2699966430664,111.2699966430664,111.2300033569336,111.25,111.25,4234.0
2025-11-28T15:19:00Z,111.26000213623047,111.26000213623047,111.25,111.26000213623047,111.26000213623047,1185.0
2025-11-28T15:20:00Z,111.2750015258789,111.33999633789062,111.2750015258789,111.33999633789062,111.33999633789062,3397.0
2025-11-28T15:21:00Z,111.3499984741211,111.3499984741211,111.30000305175781,111.30999755859375,111.30999755859375,4163.0
2025-11-28T15:22:00Z,111.30999755859375,111.33000183105469,111.29499816894531,111.30000305175781,111.30000305175781,2396.0
2025-11-28T15:23:00Z,111.30000305175781,111.31999969482422,111.30000305175781,111.31999969482422,111.31999969482422,2048.0
2025-11-28T15:24:00Z,111.30999755859375,111.30999755859375,111.23999786376953,111.29000091552734,111.29000091552734,3768.0
2025-11-28T15:25:00Z,111.25,111.27999877929688,111.23999786376953,111.2699966430664,111.2699966430664,3196.0
2025-11-28T15:26:00Z,111.30000305175781,111.30000305175781,111.26000213623047,111.2699966430664,111.2699966430664,1863.0
2025-11-28T15:27:00Z,111.27999877929688,111.29000091552734,111.2699966430664,111.2699966430664,111.2699966430664,2867.0
2025-11-28T15:28:00Z,111.27999877929688,111.33999633789062,111.2699966430664,111.33999633789062,111.33999633789062,4641.0
2025-11-28T15:29:00Z,111.36000061035156,111.37000274658203,111.3499984741211,111.36000061035156,111.36000061035156,3796.0
2025-11-28T15:30:00Z,111.37000274658203,111.43000030517578,111.37000274658203,111.38999938964844,111.38999938964844,4426.0
2025-11-28T15:31:00Z,111.4000015258789,111.44499969482422,111.4000015258789,111.41000366210938,111.41000366210938,3384.0
2025-11-28T15:32:00Z,111.43000030517578,111.45999908447266,111.43000030517578,111.45999908447266,111.45999908447266,3386.0
2025-11-28T15:33:00Z,111.47000122070312,111.47000122070312,111.44999694824219,111.44999694824219,111.44999694824219,4640.0
2025-11-28T15:34:00Z,111.41999816894531,111.43000030517578,111.3499984741211,111.3499984741211,111.3499984741211,3426.0
2025-11-28T15:35:00Z,111.36000061035156,111.36000061035156,111.3499984741211,111.3550033569336,111.3550033569336,2447.0
2025-11-28T15:36:00Z,111.33999633789062,111.38500213623047,111.31999969482422,111.38500213623047,111.38500213623047,4267.0
2025-11-28T15:37:00Z,111.38999938964844,111.38999938964844,111.3499984741211,111.37000274658203,111.37000274658203,2432.0
2025-11-28T15:38:00Z,111.36499786376953,111.4000015258789,111.3499984741211,111.38999938964844,111.38999938964844,3046.0
2025-11-28T15:39:00Z,111.38999938964844,111.38999938964844,111.37000274658203,111.37000274658203,111.37000274658203,3631.0
2025-11-28T15:40:00Z,111.36000061035156,111.36000061035156,111.31999969482422,111.31999969482422,111.31999969482422,2692.0
2025-11-28T15:41:00Z,111.30000305175781,111.30000305175781,111.25,111.25,111.25,3643.0
2025-11-28T15:42:00Z,111.23999786376953,111.30999755859375,111.23999786376953,111.2699966430664,111.2699966430664,4925.0
2025-11-28T15:43:00Z,111.29000091552734,111.29000091552734,111.23999786376953,111.23999786376953,111.23999786376953,1938.0
2025-11-28T15:44:00Z,111.2699966430664,111.27999877929688,111.26000213623047,111.2750015258789,111.2750015258789,2656.0
2025-11-28T15:45:00Z,111.27999877929688,111.31999969482422,111.27999877929688,111.29000091552734,111.29000091552734,5381.0
2025-11-28T15:46:00Z,111.27999877929688,111.27999877929688,111.26439666748047,111.27999877929688,111.27999877929688,3330.0
2025-11-28T15:47:00Z,111.28500366210938,111.30999755859375,111.2699966430664,111.30000305175781,111.30000305175781,3542.0
2025-11-28T15:48:00Z,111.30999755859375,111.31500244140625,111.27999877929688,111.29000091552734,111.29000091552734,2780.0
2025-11-28T15:49:00Z,111.29000091552734,111.30500030517578,111.2699966430664,111.2699966430664,111.2699966430664,2065.0
2025-11-28T15:50:00Z,111.2750015258789,111.2750015258789,111.26000213623047,111.2699966430664,111.2699966430664,1937.0
2025-11-28T15:51:00Z,111.26000213623047,111.29000091552734,111.26000213623047,111.29000091552734,111.29000091552734,3085.0
2025-11-28T15:52:00Z,111.27999877929688,111.28500366210938,111.26000213623047,111.28500366210938,111.28500366210938,1957.0
2025-11-28T15:53:00Z,111.27999877929688,111.29000091552734,111.26000213623047,111.26499938964844,111.26499938964844,2441.0
2025-11-28T15:54:00Z,111.26499938964844,111.2699966430664,111.25,111.25499725341797,111.25499725341797,3149.0
2025-11-28T15:55:00Z,111.25499725341797,111.29000091552734,111.23999786376953,111.27999877929688,111.27999877929688,6834.0
2025-11-28T15:56:00Z,111.29000091552734,111.30000305175781,111.27999877929688,111.30000305175781,111.30000305175781,1095.0
2025-11-28T15:57:00Z,111.30999755859375,111.31500244140625,111.29000091552734,111.29000091552734,111.29000091552734,3396.0
2025-11-28T15:58:00Z,111.30999755859375,111.36000061035156,111.30999755859375,111.31999969482422,111.31999969482422,4436.0
2025-11-28T15:59:00Z,111.30999755859375,111.31999969482422,111.30999755859375,111.31999969482422,111.31999969482422,1779.0
2025-11-28T16:00:00Z,111.30999755859375,111.37000274658203,111.30999755859375,111.37000274658203,111.37000274658203,3831.0
2025-11-28T16:01:00Z,111.36499786376953,111.4000015258789,111.36000061035156,111.4000015258789,111.4000015258789,4816.0
2025-11-28T16:02:00Z,111.41000366210938,111.41000366210938,111.37999725341797,111.37999725341797,111.37999725341797,3213.0
2025-11-28T16:03:00Z,111.37000274658203,111.37000274658203,111.36000061035156,111.36000061035156,111.36000061035156,1116.0
2025-11-28T16:04:00Z,111.36000061035156,111.36000061035156,111.30999755859375,111.31500244140625,111.31500244140625,5105.0
2025-11-28T16:05:00Z,111.30999755859375,111.3499984741211,111.30999755859375,111.3499984741211,111.3499984741211,2198.0
2025-11-28T16:06:00Z,111.36000061035156,111.36000061035156,111.2699966430664,111.2699966430664,111.2699966430664,5569.0
2025-11-28T16:07:00Z,111.26000213623047,111.26499938964844,111.23999786376953,111.23999786376953,111.23999786376953,2331.0
2025-11-28T16:08:00Z,111.23500061035156,111.29000091552734,111.23500061035156,111.29000091552734,111.29000091552734,4636.0
2025-11-28T16:09:00Z,111.30999755859375,111.33999633789062,111.30999755859375,111.33999633789062,111.33999633789062,2610.0
2025-11-28T16:10:00Z,111.31999969482422,111.33000183105469,111.30000305175781,111.30000305175781,111.30000305175781,9033.0
2025-11-28T16:11:00Z,111.30999755859375,111.37000274658203,111.30999755859375,111.36100006103516,111.36100006103516,4696.0
2025-11-28T16:12:00Z,111.36000061035156,111.38999938964844,111.3550033569336,111.37999725341797,111.37999725341797,2116.0
2025-11-28T16:13:00Z,111.38500213623047,111.38500213623047,111.37000274658203,111.37000274658203,111.37000274658203,1925.0
2025-11-28T16:14:00Z,111.37999725341797,111.38999938964844,111.3499984741211,111.36000061035156,111.36000061035156,3130.0
2025-11-28T16:15:00Z,111.37999725341797,111.38500213623047,111.3499984741211,111.38500213623047,111.38500213623047,2573.0
2025-11-28T16:16:00Z,111.38500213623047,111.38999938964844,111.3499984741211,111.3499984741211,111.3499984741211,4009.0
2025-11-28T16:17:00Z,111.37000274658203,111.40989685058594,111.37000274658203,111.4000015258789,111.4000015258789,7273.0
2025-11-28T16:18:00Z,111.4000015258789,111.44999694824219,111.4000015258789,111.44999694824219,111.44999694824219,3128.0
2025-11-28T16:19:00Z,111.44999694824219,111.48999786376953,111.44999694824219,111.48999786376953,111.48999786376953,3168.0
2025-11-28T16:20:00Z,111.5,111.51000213623047,111.49500274658203,111.51000213623047,111.51000213623047,2512.0
2025-11-28T16:21:00Z,111.48999786376953,111.51000213623047,111.47000122070312,111.47000122070312,111.47000122070312,2311.0
2025-11-28T16:22:00Z,111.47000122070312,111.47000122070312,111.41999816894531,111.41999816894531,111.41999816894531,2909.0
2025-11-28T16:23:00Z,111.42500305175781,111.43000030517578,111.41000366210938,111.41999816894531,111.41999816894531,2720.0
2025-11-28T16:24:00Z,111.41999816894531,111.44499969482422,111.41999816894531,111.43499755859375,111.43499755859375,1880.0
2025-11-28T16:25:00Z,111.43499755859375,111.44999694824219,111.41000366210938,111.44000244140625,111.44000244140625,3007.0
2025-11-28T16:26:00Z,111.41999816894531,111.43000030517578,111.41999816894531,111.43000030517578,111.43000030517578,1624.0
2025-11-28T16:27:00Z,111.41000366210938,111.41000366210938,111.3949966430664,111.3949966430664,111.3949966430664,2487.0
2025-11-28T16:28:00Z,111.4000015258789,111.4000015258789,111.33999633789062,111.37999725341797,111.37999725341797,6071.0
2025-11-28T16:29:00Z,111.37999725341797,111.4000015258789,111.37999725341797,111.38999938964844,111.38999938964844,3545.0
2025-11-28T16:30:00Z,111.4000015258789,111.4000015258789,111.36000061035156,111.36000061035156,111.36000061035156,4153.0
2025-11-28T16:31:00Z,111.37999725341797,111.37999725341797,111.37000274658203,111.37000274658203,111.37000274658203,1408.0
2025-11-28T16:32:00Z,111.37000274658203,111.37999725341797,111.37000274658203,111.37999725341797,111.37999725341797,1756.0
2025-11-28T16:33:00Z,111.37999725341797,111.4000015258789,111.37999725341797,111.39140319824219,111.39140319824219,2559.0
2025-11-28T16:34:00Z,111.4000015258789,111.41000366210938,111.4000015258789,111.4000015258789,111.4000015258789,2092.0
2025-11-28T16:35:00Z,111.4000015258789,111.4000015258789,111.37000274658203,111.37999725341797,111.37999725341797,3084.0
2025-11-28T16:36:00Z,111.38030242919922,111.4000015258789,111.38030242919922,111.4000015258789,111.4000015258789,2974.0
2025-11-28T16:37:00Z,111.40149688720703,111.40149688720703,111.38500213623047,111.38500213623047,111.38500213623047,2143.0
2025-11-28T16:38:00Z,111.37000274658203,111.37999725341797,111.37000274658203,111.375,111.375,1354.0
2025-11-28T16:39:00Z,111.37999725341797,111.4000015258789,111.37999725341797,111.38999938964844,111.38999938964844,4065.0
2025-11-28T16:40:00Z,111.4000015258789,111.4000015258789,111.38999938964844,111.38999938964844,111.38999938964844,1891.0
2025-11-28T16:41:00Z,111.41999816894531,111.44999694824219,111.41000366210938,111.44499969482422,111.44499969482422,2140.0
2025-11-28T16:42:00Z,111.44999694824219,111.4800033569336,111.44999694824219,111.4800033569336,111.4800033569336,2567.0
2025-11-28T16:43:00Z,111.4800033569336,111.4800033569336,111.44499969482422,111.45500183105469,111.45500183105469,1360.0
2025-11-28T16:44:00Z,111.45999908447266,111.45999908447266,111.41999816894531,111.44000244140625,111.44000244140625,2427.0
2025-11-28T16:45:00Z,111.44000244140625,111.45999908447266,111.44000244140625,111.44000244140625,111.44000244140625,2540.0
2025-11-28T16:46:00Z,111.45999908447266,111.45999908447266,111.44000244140625,111.44999694824219,111.44999694824219,3896.0
2025-11-28T16:47:00Z,111.45999908447266,111.45999908447266,111.44499969482422,111.44999694824219,111.44999694824219,2559.0
2025-11-28T16:48:00Z,111.44999694824219,111.47000122070312,111.44499969482422,111.47000122070312,111.47000122070312,2535.0
2025-11-28T16:49:00Z,111.45999908447266,111.45999908447266,111.41000366210938,111.41500091552734,111.41500091552734,2603.0
2025-11-28T16:50:00Z,111.41500091552734,111.41500091552734,111.37999725341797,111.37999725341797,111.37999725341797,2045.0
2025-11-28T16:51:00Z,111.37000274658203,111.37999725341797,111.36499786376953,111.37999725341797,111.37999725341797,1532.0
2025-11-28T16:52:00Z,111.37000274658203,111.37000274658203,111.33999633789062,111.3499984741211,111.3499984741211,1650.0
2025-11-28T16:53:00Z,111.3499984741211,111.36000061035156,111.30000305175781,111.30000305175781,111.30000305175781,3972.0
2025-11-28T16:54:00Z,111.29000091552734,111.29000091552734,111.26000213623047,111.26000213623047,111.26000213623047,1938.0
2025-11-28T16:55:00Z,111.25,111.26000213623047,111.25,111.26000213623047,111.26000213623047,1403.0
2025-11-28T16:56:00Z,111.26000213623047,111.2699966430664,111.25,111.26000213623047,111.26000213623047,2917.0
2025-11-28T16:57:00Z,111.2699966430664,111.28500366210938,111.2699966430664,111.2750015258789,111.2750015258789,2915.0
2025-11-28T16:58:00Z,111.2699966430664,111.2699966430664,111.22000122070312,111.22000122070312,111.22000122070312,2240.0
2025-11-28T16:59:00Z,111.22000122070312,111.22000122070312,111.16999816894531,111.16999816894531,111.16999816894531,3474.0
2025-11-28T17:00:00Z,111.16999816894531,111.16999816894531,111.12999725341797,111.13500213623047,111.13500213623047,4881.0
2025-11-28T17:01:00Z,111.12000274658203,111.13999938964844,111.12000274658203,111.12999725341797,111.12999725341797,2822.0
2025-11-28T17:02:00Z,111.13999938964844,111.19000244140625,111.12999725341797,111.18000030517578,111.18000030517578,4785.0
2025-11-28T17:03:00Z,111.18000030517578,111.18000030517578,111.06999969482422,111.06999969482422,111.06999969482422,6254.0
2025-11-28T17:04:00Z,111.06999969482422,111.08000183105469,111.04000091552734,111.08000183105469,111.08000183105469,3777.0
2025-11-28T17:05:00Z,111.08000183105469,111.08000183105469,111.08000183105469,111.08000183105469,111.08000183105469,1688.0
2025-11-28T17:06:00Z,111.0999984741211,111.0999984741211,111.08000183105469,111.08000183105469,111.08000183105469,1478.0
2025-11-28T17:07:00Z,111.08000183105469,111.11000061035156,111.08000183105469,111.08999633789062,111.08999633789062,3617.0
2025-11-28T17:08:00Z,111.08999633789062,111.08999633789062,111.08049774169922,111.08049774169922,111.08049774169922,1444.0
2025-11-28T17:09:00Z,111.06999969482422,111.08999633789062,111.06999969482422,111.08000183105469,111.08000183105469,3666.0
2025-11-28T17:10:00Z,111.08000183105469,111.08000183105469,111.01000213623047,111.01000213623047,111.01000213623047,2684.0
2025-11-28T17:11:00Z,111.0199966430664,111.0199966430664,111.0199966430664,111.0199966430664,111.0199966430664,1736.0
2025-11-28T17:12:00Z,111.0199966430664,111.02999877929688,110.9800033569336,110.98999786376953,110.98999786376953,4003.0
2025-11-28T17:13:00Z,110.9800033569336,111.0,110.95999908447266,111.0,111.0,3800.0
2025-11-28T17:14:00Z,111.0,111.01000213623047,110.9749984741211,110.9800033569336,110.9800033569336,3147.0
2025-11-28T17:15:00Z,110.98999786376953,111.0,110.98500061035156,110.98500061035156,110.98500061035156,2475.0
2025-11-28T17:16:00Z,110.98999786376953,110.98999786376953,110.98500061035156,110.98999786376953,110.98999786376953,1653.0
2025-11-28T17:17:00Z,110.99500274658203,111.0199966430664,110.98999786376953,111.0,111.0,6880.0
2025-11-28T17:18:00Z,110.9800033569336,110.9800033569336,110.9000015258789,110.9000015258789,110.9000015258789,3326.0
2025-11-28T17:19:00Z,110.9000015258789,110.91999816894531,110.88999938964844,110.88999938964844,110.88999938964844,3481.0
2025-11-28T17:20:00Z,110.87999725341797,110.87999725341797,110.875,110.875,110.875,2414.0
2025-11-28T17:21:00Z,110.85009765625,110.86499786376953,110.8499984741211,110.8499984741211,110.8499984741211,2779.0
2025-11-28T17:22:00Z,110.84510040283203,110.86000061035156,110.83999633789062,110.8499984741211,110.8499984741211,4245.0
2025-11-28T17:23:00Z,110.83999633789062,110.83999633789062,110.81999969482422,110.81999969482422,110.81999969482422,2081.0
2025-11-28T17:24:00Z,110.83000183105469,110.86000061035156,110.80000305175781,110.80500030517578,110.80500030517578,5867.0
2025-11-28T17:25:00Z,110.80999755859375,110.87000274658203,110.80999755859375,110.83999633789062,110.83999633789062,5176.0
2025-11-28T17:26:00Z,110.83499908447266,110.83999633789062,110.80999755859375,110.81500244140625,110.81500244140625,5329.0
2025-11-28T17:27:00Z,110.81500244140625,110.81500244140625,110.79000091552734,110.80999755859375,110.80999755859375,2926.0
2025-11-28T17:28:00Z,110.80999755859375,110.80999755859375,110.77999877929688,110.80000305175781,110.80000305175781,3792.0
2025-11-28T17:29:00Z,110.81999969482422,110.83000183105469,110.79499816894531,110.83000183105469,110.83000183105469,3818.0
2025-11-28T17:30:00Z,110.83000183105469,110.83499908447266,110.74299621582031,110.77999877929688,110.77999877929688,6969.0
2025-11-28T17:31:00Z,110.76000213623047,110.79000091552734,110.75499725341797,110.7699966430664,110.7699966430664,5278.0
2025-11-28T17:32:00Z,110.76499938964844,110.7699966430664,110.75,110.76499938964844,110.76499938964844,1754.0
2025-11-28T17:33:00Z,110.76499938964844,110.7699966430664,110.7249984741211,110.76000213623047,110.76000213623047,4993.0
2025-11-28T17:34:00Z,110.76000213623047,110.79499816894531,110.76000213623047,110.79499816894531,110.79499816894531,2916.0
2025-11-28T17:35:00Z,110.80000305175781,110.83000183105469,110.80000305175781,110.83000183105469,110.83000183105469,4385.0
2025-11-28T17:36:00Z,110.81500244140625,110.81999969482422,110.81500244140625,110.81999969482422,110.81999969482422,1845.0
2025-11-28T17:37:00Z,110.82499694824219,110.86000061035156,110.82499694824219,110.83100128173828,110.83100128173828,4373.0
2025-11-28T17:38:00Z,110.83999633789062,110.83999633789062,110.80500030517578,110.80500030517578,110.80500030517578,6266.0
2025-11-28T17:39:00Z,110.79000091552734,110.79000091552734,110.7699966430664,110.79000091552734,110.79000091552734,5735.0
2025-11-28T17:40:00Z,110.80000305175781,110.81999969482422,110.79499816894531,110.80000305175781,110.80000305175781,4583.0
2025-11-28T17:41:00Z,110.80500030517578,110.81999969482422,110.79000091552734,110.802001953125,110.802001953125,3580.0
2025-11-28T17:42:00Z,110.81999969482422,110.81999969482422,110.79000091552734,110.80999755859375,110.80999755859375,3818.0
2025-11-28T17:43:00Z,110.80999755859375,110.80999755859375,110.76000213623047,110.76000213623047,110.76000213623047,3526.0
2025-11-28T17:44:00Z,110.76000213623047,110.79000091552734,110.76000213623047,110.77999877929688,110.77999877929688,4183.0
2025-11-28T17:45:00Z,110.7699966430664,110.77999877929688,110.63999938964844,110.63999938964844,110.63999938964844,6964.0
2025-12-01T14:30:00Z,110.30999755859375,110.61000061035156,109.33999633789062,110.61000061035156,110.61000061035156,47620.0
2025-12-01T14:31:00Z,110.68990325927734,110.68990325927734,110.36499786376953,110.48999786376953,110.48999786376953,1980.0
2025-12-01T14:32:00Z,110.48999786376953,110.55000305175781,110.18000030517578,110.41999816894531,110.41999816894531,4746.0
2025-12-01T14:33:00Z,110.29000091552734,110.32499694824219,110.29000091552734,110.31999969482422,110.31999969482422,2101.0
2025-12-01T14:34:00Z,110.31999969482422,110.31999969482422,110.19999694824219,110.27999877929688,110.27999877929688,2166.0
2025-12-01T14:35:00Z,110.33000183105469,110.37999725341797,110.2699966430664,110.33999633789062,110.33999633789062,2674.0
2025-12-01T14:36:00Z,110.33999633789062,110.33999633789062,110.33999633789062,110.33999633789062,110.33999633789062,685.0
2025-12-01T14:37:00Z,110.33999633789062,110.38999938964844,110.33999633789062,110.38500213623047,110.38500213623047,2222.0
2025-12-01T14:38:00Z,110.38500213623047,110.48310089111328,110.38500213623047,110.41500091552734,110.41500091552734,3210.0
2025-12-01T14:39:00Z,110.41500091552734,110.41999816894531,110.41000366210938,110.41999816894531,110.41999816894531,1983.0
2025-12-01T14:40:00Z,110.42500305175781,110.5,110.42500305175781,110.44999694824219,110.44999694824219,2096.0
2025-12-01T14:41:00Z,110.47000122070312,110.55999755859375,110.47000122070312,110.5199966430664,110.5199966430664,2119.0
2025-12-01T14:42:00Z,110.55000305175781,110.63999938964844,110.55000305175781,110.63999938964844,110.63999938964844,2113.0
2025-12-01T14:43:00Z,110.62999725341797,110.6500015258789,110.62999725341797,110.63999938964844,110.63999938964844,1536.0
2025-12-01T14:44:00Z,110.5999984741211,110.63999938964844,110.56999969482422,110.63999938964844,110.63999938964844,1711.0
2025-12-01T14:45:00Z,110.58999633789062,110.62000274658203,110.55999755859375,110.58000183105469,110.58000183105469,4560.0
2025-12-01T14:46:00Z,110.62000274658203,110.62000274658203,110.57499694824219,110.58000183105469,110.58000183105469,2814.0
2025-12-01T14:47:00Z,110.54000091552734,110.5999984741211,110.54000091552734,110.5999984741211,110.5999984741211,1950.0
2025-12-01T14:48:00Z,110.5999984741211,110.7699966430664,110.5999984741211,110.7300033569336,110.7300033569336,5602.0
2025-12-01T14:49:00Z,110.7300033569336,110.7300033569336,110.66000366210938,110.67500305175781,110.67500305175781,4367.0
2025-12-01T14:50:00Z,110.72989654541016,110.72989654541016,110.58999633789062,110.5999984741211,110.5999984741211,2096.0
2025-12-01T14:51:00Z,110.5999984741211,110.5999984741211,110.55500030517578,110.57499694824219,110.57499694824219,4079.0
2025-12-01T14:52:00Z,110.58000183105469,110.61000061035156,110.56999969482422,110.56999969482422,110.56999969482422,7841.0
2025-12-01T14:53:00Z,110.55999755859375,110.55999755859375,110.38999938964844,110.48999786376953,110.48999786376953,19491.0
2025-12-01T14:54:00Z,110.47000122070312,110.54499816894531,110.47000122070312,110.50499725341797,110.50499725341797,1594.0
2025-12-01T14:55:00Z,110.47000122070312,110.54000091552734,110.47000122070312,110.51000213623047,110.51000213623047,1432.0
2025-12-01T14:56:00Z,110.5,110.66500091552734,110.5,110.63999938964844,110.63999938964844,2977.0
2025-12-01T14:57:00Z,110.58000183105469,110.58000183105469,110.5,110.55000305175781,110.55000305175781,1783.0
2025-12-01T14:58:00Z,110.55999755859375,110.6500015258789,110.55999755859375,110.63999938964844,110.63999938964844,1037.0
2025-12-01T14:59:00Z,110.63999938964844,110.67500305175781,110.62999725341797,110.63999938964844,110.63999938964844,2509.0
2025-12-01T15:00:00Z,110.63999938964844,110.63999938964844,110.56999969482422,110.61499786376953,110.61499786376953,4169.0
2025-12-01T15:01:00Z,110.58999633789062,110.58999633789062,110.58000183105469,110.58999633789062,110.58999633789062,2022.0
2025-12-01T15:02:00Z,110.61920166015625,110.61920166015625,110.55999755859375,110.58999633789062,110.58999633789062,6135.0
2025-12-01T15:03:00Z,110.55999755859375,110.55999755859375,110.5,110.5199966430664,110.5199966430664,5201.0
2025-12-01T15:04:00Z,110.55000305175781,110.58000183105469,110.52999877929688,110.56999969482422,110.56999969482422,2374.0
2025-12-01T15:05:00Z,110.54000091552734,110.55999755859375,110.5199966430664,110.552001953125,110.552001953125,4470.0
2025-12-01T15:06:00Z,110.55999755859375,110.5999984741211,110.54000091552734,110.5999984741211,110.5999984741211,3989.0
2025-12-01T15:07:00Z,110.58999633789062,110.61000061035156,110.58999633789062,110.61000061035156,110.61000061035156,1926.0
2025-12-01T15:08:00Z,110.56999969482422,110.61000061035156,110.55000305175781,110.56999969482422,110.56999969482422,4618.0
2025-12-01T15:09:00Z,110.56500244140625,110.65499877929688,110.55000305175781,110.58000183105469,110.58000183105469,13533.0
2025-12-01T15:10:00Z,110.57499694824219,110.61000061035156,110.57499694824219,110.58000183105469,110.58000183105469,3121.0
2025-12-01T15:11:00Z,110.58000183105469,110.58999633789062,110.55999755859375,110.57499694824219,110.57499694824219,3482.0
2025-12-01T15:12:00Z,110.61000061035156,110.61499786376953,110.5,110.5,110.5,8648.0
2025-12-01T15:13:00Z,110.47000122070312,110.55000305175781,110.44000244140625,110.55000305175781,110.55000305175781,5426.0
2025-12-01T15:14:00Z,110.55999755859375,110.61000061035156,110.55000305175781,110.61000061035156,110.61000061035156,3583.0
2025-12-01T15:15:00Z,110.625,110.625,110.50499725341797,110.54499816894531,110.54499816894531,2826.0
2025-12-01T15:16:00Z,110.54499816894531,110.55000305175781,110.47000122070312,110.5199966430664,110.5199966430664,3788.0
2025-12-01T15:17:00Z,110.48999786376953,110.5,110.48999786376953,110.48999786376953,110.48999786376953,6252.0
2025-12-01T15:18:00Z,110.51000213623047,110.62000274658203,110.51000213623047,110.56999969482422,110.56999969482422,11329.0
2025-12-01T15:19:00Z,110.57499694824219,110.57499694824219,110.55000305175781,110.57499694824219,110.57499694824219,3245.0
2025-12-01T15:20:00Z,110.57499694824219,110.57499694824219,110.48999786376953,110.49500274658203,110.49500274658203,6194.0
2025-12-01T15:21:00Z,110.48999786376953,110.55999755859375,110.48999786376953,110.55999755859375,110.55999755859375,3916.0
2025-12-01T15:22:00Z,110.52999877929688,110.56500244140625,110.48999786376953,110.55500030517578,110.55500030517578,3521.0
2025-12-01T15:23:00Z,110.55000305175781,110.57499694824219,110.5250015258789,110.54499816894531,110.54499816894531,3898.0
2025-12-01T15:24:00Z,110.55999755859375,110.58000183105469,110.55999755859375,110.55999755859375,110.55999755859375,1996.0
2025-12-01T15:25:00Z,110.55000305175781,110.55000305175781,110.48999786376953,110.48999786376953,110.48999786376953,5933.0
2025-12-01T15:26:00Z,110.48999786376953,110.48999786376953,110.45999908447266,110.4800033569336,110.4800033569336,1785.0
2025-12-01T15:27:00Z,110.48999786376953,110.5250015258789,110.47000122070312,110.47000122070312,110.47000122070312,4614.0
2025-12-01T15:28:00Z,110.47219848632812,110.53500366210938,110.47219848632812,110.53500366210938,110.53500366210938,3924.0
2025-12-01T15:29:00Z,110.55000305175781,110.55000305175781,110.4800033569336,110.48999786376953,110.48999786376953,3562.0
2025-12-01T15:30:00Z,110.51000213623047,110.51000213623047,110.4749984741211,110.49500274658203,110.49500274658203,1600.0
2025-12-01T15:31:00Z,110.5,110.55000305175781,110.4800033569336,110.54000091552734,110.54000091552734,4038.0
2025-12-01T15:32:00Z,110.52999877929688,110.55999755859375,110.5199966430664,110.52999877929688,110.52999877929688,4629.0
2025-12-01T15:33:00Z,110.52999877929688,110.58000183105469,110.5199966430664,110.5199966430664,110.5199966430664,5218.0
2025-12-01T15:34:00Z,110.51000213623047,110.5199966430664,110.47000122070312,110.47000122070312,110.47000122070312,4790.0
2025-12-01T15:35:00Z,110.47000122070312,110.51000213623047,110.44000244140625,110.44000244140625,110.44000244140625,5598.0
2025-12-01T15:36:00Z,110.44000244140625,110.5,110.43499755859375,110.5,110.5,3996.0
2025-12-01T15:37:00Z,110.51000213623047,110.52999877929688,110.47000122070312,110.47000122070312,110.47000122070312,2477.0
2025-12-01T15:38:00Z,110.4800033569336,110.48999786376953,110.45999908447266,110.45999908447266,110.45999908447266,1914.0
2025-12-01T15:39:00Z,110.45999908447266,110.53050231933594,110.45999908447266,110.5199966430664,110.5199966430664,3074.0
2025-12-01T15:40:00Z,110.51499938964844,110.55999755859375,110.51499938964844,110.55999755859375,110.55999755859375,3859.0
2025-12-01T15:41:00Z,110.55000305175781,110.56999969482422,110.52999877929688,110.52999877929688,110.52999877929688,3797.0
2025-12-01T15:42:00Z,110.52999877929688,110.58999633789062,110.52999877929688,110.58999633789062,110.58999633789062,3563.0
2025-12-01T15:43:00Z,110.56999969482422,110.57499694824219,110.52999877929688,110.57499694824219,110.57499694824219,3466.0
2025-12-01T15:44:00Z,110.52999877929688,110.52999877929688,110.51000213623047,110.52999877929688,110.52999877929688,1980.0
2025-12-01T15:45:00Z,110.56999969482422,110.5999984741211,110.56999969482422,110.5999984741211,110.5999984741211,1169.0
2025-12-01T15:46:00Z,110.5999984741211,110.62000274658203,110.58999633789062,110.6001968383789,110.6001968383789,3036.0
2025-12-01T15:47:00Z,110.58000183105469,110.58999633789062,110.55999755859375,110.58999633789062,110.58999633789062,2662.0
2025-12-01T15:48:00Z,110.5999984741211,110.67500305175781,110.5999984741211,110.67500305175781,110.67500305175781,3708.0
2025-12-01T15:49:00Z,110.66999816894531,110.67500305175781,110.62999725341797,110.67500305175781,110.67500305175781,3231.0
2025-12-01T15:50:00Z,110.66999816894531,110.69000244140625,110.6500015258789,110.69000244140625,110.69000244140625,2895.0
2025-12-01T15:51:00Z,110.69499969482422,110.69499969482422,110.68000030517578,110.68000030517578,110.68000030517578,1354.0
2025-12-01T15:52:00Z,110.69999694824219,110.7300033569336,110.69999694824219,110.72000122070312,110.72000122070312,4399.0
2025-12-01T15:53:00Z,110.7300033569336,110.77999877929688,110.7300033569336,110.77999877929688,110.77999877929688,4324.0
2025-12-01T15:54:00Z,110.80000305175781,110.80000305175781,110.75,110.75,110.75,4583.0
2025-12-01T15:55:00Z,110.76000213623047,110.81999969482422,110.75,110.81999969482422,110.81999969482422,4404.0
2025-12-01T15:56:00Z,110.83000183105469,110.8499984741211,110.81999969482422,110.83000183105469,110.83000183105469,3807.0
2025-12-01T15:57:00Z,110.83999633789062,110.83999633789062,110.83000183105469,110.83499908447266,110.83499908447266,1251.0
2025-12-01T15:58:00Z,110.8499984741211,110.8499984741211,110.83000183105469,110.8499984741211,110.8499984741211,1720.0
2025-12-01T15:59:00Z,110.8499984741211,110.8499984741211,110.81999969482422,110.81999969482422,110.81999969482422,2967.0
2025-12-01T16:00:00Z,110.83000183105469,110.8499984741211,110.83000183105469,110.8499984741211,110.8499984741211,2891.0
2025-12-01T16:01:00Z,110.8499984741211,110.8499984741211,110.83000183105469,110.8499984741211,110.8499984741211,4259.0
2025-12-01T16:02:00Z,110.8499984741211,110.88500213623047,110.8499984741211,110.88500213623047,110.88500213623047,2374.0
2025-12-01T16:03:00Z,110.88999938964844,110.95999908447266,110.87999725341797,110.94999694824219,110.94999694824219,3787.0
2025-12-01T16:04:00Z,110.94000244140625,110.95999908447266,110.94000244140625,110.95999908447266,110.95999908447266,1981.0
2025-12-01T16:05:00Z,110.95999908447266,110.9800033569336,110.93000030517578,110.93000030517578,110.93000030517578,7364.0
2025-12-01T16:06:00Z,110.91999816894531,110.93499755859375,110.91000366210938,110.91000366210938,110.91000366210938,3520.0
2025-12-01T16:07:00Z,110.88999938964844,110.88999938964844,110.8499984741211,110.8499984741211,110.8499984741211,1412.0
2025-12-01T16:08:00Z,110.87000274658203,110.88999938964844,110.8499984741211,110.88500213623047,110.88500213623047,3064.0
2025-12-01T16:09:00Z,110.88999938964844,110.91000366210938,110.88999938964844,110.91000366210938,110.91000366210938,1208.0
2025-12-01T16:10:00Z,110.91999816894531,110.94999694824219,110.9000015258789,110.9000015258789,110.9000015258789,4607.0
2025-12-01T16:11:00Z,110.90499877929688,110.91500091552734,110.88999938964844,110.9000015258789,110.9000015258789,1993.0
2025-12-01T16:12:00Z,110.88500213623047,110.9000015258789,110.87999725341797,110.9000015258789,110.9000015258789,2304.0
2025-12-01T16:13:00Z,110.9000015258789,110.93499755859375,110.9000015258789,110.91999816894531,110.91999816894531,2105.0
2025-12-01T16:14:00Z,110.91999816894531,110.91999816894531,110.91999816894531,110.91999816894531,110.91999816894531,663.0
2025-12-01T16:15:00Z,110.91999816894531,110.91999816894531,110.87000274658203,110.87000274658203,110.87000274658203,3737.0
2025-12-01T16:16:00Z,110.86000061035156,110.91000366210938,110.86000061035156,110.91000366210938,110.91000366210938,4626.0
2025-12-01T16:17:00Z,110.91000366210938,110.91000366210938,110.88999938964844,110.88999938964844,110.88999938964844,3695.0
2025-12-01T16:18:00Z,110.87999725341797,110.87999725341797,110.86000061035156,110.87100219726562,110.87100219726562,2204.0
2025-12-01T16:19:00Z,110.87000274658203,110.87999725341797,110.87000274658203,110.87000274658203,110.87000274658203,1816.0
2025-12-01T16:20:00Z,110.87999725341797,110.91999816894531,110.87999725341797,110.91999816894531,110.91999816894531,1912.0
2025-12-01T16:21:00Z,110.91999816894531,110.92500305175781,110.91999816894531,110.91999816894531,110.91999816894531,1072.0
2025-12-01T16:22:00Z,110.92500305175781,110.92500305175781,110.8499984741211,110.8499984741211,110.8499984741211,3378.0
2025-12-01T16:23:00Z,110.83000183105469,110.83000183105469,110.81999969482422,110.81999969482422,110.81999969482422,1358.0
2025-12-01T16:24:00Z,110.83000183105469,110.8550033569336,110.81999969482422,110.8499984741211,110.8499984741211,3487.0
2025-12-01T16:25:00Z,110.86499786376953,110.87999725341797,110.86499786376953,110.87000274658203,110.87000274658203,2316.0
2025-12-01T16:26:00Z,110.86000061035156,110.86000061035156,110.8499984741211,110.8550033569336,110.8550033569336,1852.0
2025-12-01T16:27:00Z,110.8499984741211,110.8499984741211,110.83000183105469,110.83000183105469,110.83000183105469,1467.0
2025-12-01T16:28:00Z,110.83499908447266,110.83499908447266,110.79000091552734,110.79000091552734,110.79000091552734,2846.0
2025-12-01T16:29:00Z,110.7699966430664,110.7699966430664,110.72000122070312,110.7300033569336,110.7300033569336,3298.0
2025-12-01T16:30:00Z,110.7416000366211,110.7416000366211,110.73999786376953,110.73999786376953,110.73999786376953,1669.0
2025-12-01T16:31:00Z,110.73999786376953,110.75,110.68000030517578,110.68000030517578,110.68000030517578,4592.0
2025-12-01T16:32:00Z,110.68000030517578,110.68000030517578,110.6500015258789,110.68000030517578,110.68000030517578,3379.0
2025-12-01T16:33:00Z,110.66000366210938,110.66000366210938,110.61000061035156,110.61000061035156,110.61000061035156,1099.0
2025-12-01T16:34:00Z,110.62000274658203,110.6500015258789,110.62000274658203,110.6500015258789,110.6500015258789,5308.0
2025-12-01T16:35:00Z,110.66999816894531,110.66999816894531,110.63999938964844,110.66000366210938,110.66000366210938,2759.0
2025-12-01T16:36:00Z,110.66000366210938,110.68000030517578,110.63999938964844,110.63999938964844,110.63999938964844,1642.0
2025-12-01T16:37:00Z,110.68000030517578,110.68000030517578,110.62000274658203,110.63999938964844,110.63999938964844,2461.0
2025-12-01T16:38:00Z,110.62000274658203,110.66000366210938,110.62000274658203,110.66000366210938,110.66000366210938,2611.0
2025-12-01T16:39:00Z,110.68000030517578,110.70999908447266,110.68000030517578,110.70999908447266,110.70999908447266,2720.0
2025-12-01T16:40:00Z,110.69000244140625,110.69999694824219,110.69000244140625,110.69999694824219,110.69999694824219,1532.0
2025-12-01T16:41:00Z,110.70500183105469,110.72000122070312,110.70500183105469,110.72000122070312,110.72000122070312,1122.0
2025-12-01T16:42:00Z,110.7249984741211,110.75,110.70999908447266,110.7300033569336,110.7300033569336,5238.0
2025-12-01T16:43:00Z,110.75,110.76000213623047,110.73999786376953,110.73999786376953,110.73999786376953,2062.0
2025-12-01T16:44:00Z,110.73999786376953,110.7699966430664,110.73999786376953,110.7699966430664,110.7699966430664,1436.0
2025-12-01T16:45:00Z,110.7699966430664,110.79000091552734,110.7699966430664,110.79000091552734,110.79000091552734,2356.0
2025-12-01T16:46:00Z,110.76000213623047,110.76000213623047,110.7300033569336,110.73999786376953,110.73999786376953,2338.0
2025-12-01T16:47:00Z,110.72000122070312,110.75,110.72000122070312,110.75,110.75,2302.0
2025-12-01T16:48:00Z,110.70999908447266,110.70999908447266,110.70999908447266,110.70999908447266,110.70999908447266,1469.0
2025-12-01T16:49:00Z,110.72000122070312,110.72000122070312,110.66999816894531,110.67500305175781,110.67500305175781,9428.0
2025-12-01T16:50:00Z,110.66500091552734,110.66500091552734,110.63999938964844,110.6449966430664,110.6449966430664,2100.0
2025-12-01T16:51:00Z,110.6449966430664,110.6449966430664,110.58000183105469,110.58000183105469,110.58000183105469,4419.0
2025-12-01T16:52:00Z,110.59500122070312,110.62000274658203,110.56999969482422,110.62000274658203,110.62000274658203,4121.0
2025-12-01T16:53:00Z,110.61000061035156,110.61000061035156,110.54000091552734,110.5999984741211,110.5999984741211,4356.0
2025-12-01T16:54:00Z,110.61000061035156,110.61000061035156,110.58000183105469,110.58499908447266,110.58499908447266,2794.0
2025-12-01T16:55:00Z,110.58000183105469,110.58100128173828,110.56999969482422,110.58100128173828,110.58100128173828,1770.0
2025-12-01T16:56:00Z,110.56999969482422,110.58999633789062,110.56999969482422,110.58999633789062,110.58999633789062,2105.0
2025-12-01T16:57:00Z,110.62000274658203,110.6500015258789,110.62000274658203,110.63999938964844,110.63999938964844,2413.0
2025-12-01T16:58:00Z,110.62999725341797,110.62999725341797,110.62000274658203,110.62000274658203,110.62000274658203,2881.0
2025-12-01T16:59:00Z,110.62000274658203,110.63999938964844,110.62000274658203,110.63999938964844,110.63999938964844,2097.0
2025-12-01T17:00:00Z,110.63500213623047,110.68000030517578,110.63500213623047,110.63999938964844,110.63999938964844,5196.0
2025-12-01T17:01:00Z,110.6500015258789,110.6500015258789,110.62000274658203,110.62000274658203,110.62000274658203,1330.0
2025-12-01T17:02:00Z,110.61000061035156,110.61000061035156,110.56500244140625,110.56500244140625,110.56500244140625,2090.0
2025-12-01T17:03:00Z,110.58999633789062,110.58999633789062,110.56999969482422,110.56999969482422,110.56999969482422,2293.0
2025-12-01T17:04:00Z,110.58000183105469,110.58999633789062,110.58000183105469,110.58999633789062,110.58999633789062,1330.0
2025-12-01T17:05:00Z,110.62000274658203,110.63500213623047,110.62000274658203,110.62000274658203,110.62000274658203,2353.0
2025-12-01T17:06:00Z,110.63999938964844,110.63999938964844,110.62000274658203,110.62000274658203,110.62000274658203,2170.0
2025-12-01T17:07:00Z,110.62999725341797,110.63999938964844,110.62999725341797,110.63999938964844,110.63999938964844,1631.0
2025-12-01T17:08:00Z,110.62999725341797,110.6500015258789,110.62999725341797,110.63999938964844,110.63999938964844,2587.0
2025-12-01T17:09:00Z,110.62999725341797,110.62999725341797,110.62999725341797,110.62999725341797,110.62999725341797,451.0
2025-12-01T17:10:00Z,110.62999725341797,110.66000366210938,110.62000274658203,110.66000366210938,110.66000366210938,4125.0
2025-12-01T17:11:00Z,110.6500015258789,110.6500015258789,110.63999938964844,110.6500015258789,110.6500015258789,817.0
2025-12-01T17:12:00Z,110.66000366210938,110.66000366210938,110.63999938964844,110.66000366210938,110.66000366210938,3062.0
2025-12-01T17:13:00Z,110.6500015258789,110.6500015258789,110.625,110.63999938964844,110.63999938964844,3923.0
2025-12-01T17:14:00Z,110.63999938964844,110.63999938964844,110.5999984741211,110.5999984741211,110.5999984741211,4457.0
2025-12-01T17:15:00Z,110.58999633789062,110.58999633789062,110.54029846191406,110.55500030517578,110.55500030517578,2606.0
2025-12-01T17:16:00Z,110.56999969482422,110.58000183105469,110.56500244140625,110.58000183105469,110.58000183105469,2953.0
2025-12-01T17:17:00Z,110.58000183105469,110.58999633789062,110.55000305175781,110.55000305175781,110.55000305175781,2984.0
2025-12-01T17:18:00Z,110.54000091552734,110.54000091552734,110.54000091552734,110.54000091552734,110.54000091552734,279.0
2025-12-01T17:19:00Z,110.54000091552734,110.54000091552734,110.5199966430664,110.5199966430664,110.5199966430664,2131.0
2025-12-01T17:20:00Z,110.5,110.54000091552734,110.49500274658203,110.5199966430664,110.5199966430664,3414.0
2025-12-01T17:21:00Z,110.52999877929688,110.56999969482422,110.5199966430664,110.56500244140625,110.56500244140625,2328.0
2025-12-01T17:22:00Z,110.57499694824219,110.58999633789062,110.55999755859375,110.57499694824219,110.57499694824219,2459.0
2025-12-01T17:23:00Z,110.58000183105469,110.58000183105469,110.55000305175781,110.55000305175781,110.55000305175781,2352.0
2025-12-01T17:24:00Z,110.54000091552734,110.55999755859375,110.54000091552734,110.55000305175781,110.55000305175781,2208.0
2025-12-01T17:25:00Z,110.54000091552734,110.54000091552734,110.52999877929688,110.52999877929688,110.52999877929688,1192.0
2025-12-01T17:26:00Z,110.54000091552734,110.58999633789062,110.52999877929688,110.58999633789062,110.58999633789062,3115.0
2025-12-01T17:27:00Z,110.58999633789062,110.61000061035156,110.58999633789062,110.5999984741211,110.5999984741211,1672.0
2025-12-01T17:28:00Z,110.58999633789062,110.58999633789062,110.58499908447266,110.58499908447266,110.58499908447266,1226.0
2025-12-01T17:29:00Z,110.58999633789062,110.62000274658203,110.58999633789062,110.62000274658203,110.62000274658203,1888.0
2025-12-01T17:30:00Z,110.62000274658203,110.67500305175781,110.62000274658203,110.6500015258789,110.6500015258789,4074.0
2025-12-01T17:31:00Z,110.63999938964844,110.63999938964844,110.61329650878906,110.62000274658203,110.62000274658203,3408.0
2025-12-01T17:32:00Z,110.61000061035156,110.62000274658203,110.58999633789062,110.58999633789062,110.58999633789062,3871.0
2025-12-01T17:33:00Z,110.58999633789062,110.58999633789062,110.58000183105469,110.58499908447266,110.58499908447266,2273.0
2025-12-01T17:34:00Z,110.58499908447266,110.59559631347656,110.56999969482422,110.56999969482422,110.56999969482422,4509.0
2025-12-01T17:35:00Z,110.55000305175781,110.55500030517578,110.55000305175781,110.55500030517578,110.55500030517578,2227.0
2025-12-01T17:36:00Z,110.54000091552734,110.55999755859375,110.52999877929688,110.55999755859375,110.55999755859375,3306.0
2025-12-01T17:37:00Z,110.55999755859375,110.55999755859375,110.54000091552734,110.55999755859375,110.55999755859375,1660.0
2025-12-01T17:38:00Z,110.55999755859375,110.56999969482422,110.54000091552734,110.54000091552734,110.54000091552734,2676.0
2025-12-01T17:39:00Z,110.52999877929688,110.55999755859375,110.52999877929688,110.55999755859375,110.55999755859375,1951.0
2025-12-01T17:40:00Z,110.57649993896484,110.58999633789062,110.57499694824219,110.58999633789062,110.58999633789062,2244.0
2025-12-01T17:41:00Z,110.59200286865234,110.61000061035156,110.59200286865234,110.61000061035156,110.61000061035156,2239.0
2025-12-01T17:42:00Z,110.61000061035156,110.68000030517578,110.5999984741211,110.66999816894531,110.66999816894531,5478.0
2025-12-01T17:43:00Z,110.69000244140625,110.69000244140625,110.66000366210938,110.66000366210938,110.66000366210938,2471.0
2025-12-01T17:44:00Z,110.68499755859375,110.70999908447266,110.68499755859375,110.70999908447266,110.70999908447266,2317.0
2025-12-01T17:45:00Z,110.71499633789062,110.7249984741211,110.70999908447266,110.72000122070312,110.72000122070312,1557.0
2025-12-01T17:46:00Z,110.72000122070312,110.72000122070312,110.6500015258789,110.6500015258789,110.6500015258789,5946.0
2025-12-01T17:47:00Z,110.63999938964844,110.6500015258789,110.63999938964844,110.63999938964844,110.63999938964844,1049.0
2025-12-01T17:48:00Z,110.63500213623047,110.66000366210938,110.63500213623047,110.66000366210938,110.66000366210938,2461.0
2025-12-01T17:49:00Z,110.66000366210938,110.66500091552734,110.63999938964844,110.6500015258789,110.6500015258789,2210.0
2025-12-01T17:50:00Z,110.6500015258789,110.6500015258789,110.63999938964844,110.63999938964844,110.63999938964844,2087.0
2025-12-01T17:51:00Z,110.6449966430664,110.6449966430664,110.63999938964844,110.63999938964844,110.63999938964844,1280.0
2025-12-01T17:52:00Z,110.6500015258789,110.68000030517578,110.6500015258789,110.66999816894531,110.66999816894531,2688.0
2025-12-01T17:53:00Z,110.67500305175781,110.67500305175781,110.66000366210938,110.66999816894531,110.66999816894531,950.0
2025-12-01T17:54:00Z,110.66999816894531,110.66999816894531,110.6500015258789,110.6500015258789,110.6500015258789,1409.0
2025-12-01T17:55:00Z,110.66999816894531,110.68000030517578,110.66999816894531,110.68000030517578,110.68000030517578,2470.0
2025-12-01T17:56:00Z,110.68000030517578,110.68000030517578,110.66000366210938,110.66000366210938,110.66000366210938,2445.0
2025-12-01T17:57:00Z,110.66999816894531,110.67500305175781,110.66999816894531,110.67500305175781,110.67500305175781,1500.0
2025-12-01T17:58:00Z,110.69000244140625,110.69999694824219,110.68000030517578,110.68000030517578,110.68000030517578,4352.0
2025-12-01T17:59:00Z,110.68000030517578,110.69499969482422,110.68000030517578,110.69499969482422,110.69499969482422,1724.0
2025-12-01T18:00:00Z,110.70999908447266,110.73999786376953,110.69999694824219,110.73999786376953,110.73999786376953,2368.0
2025-12-01T18:01:00Z,110.72000122070312,110.7300033569336,110.70999908447266,110.7300033569336,110.7300033569336,2101.0
2025-12-01T18:02:00Z,110.72000122070312,110.72000122070312,110.69999694824219,110.70999908447266,110.70999908447266,2115.0
2025-12-01T18:03:00Z,110.71499633789062,110.71499633789062,110.70999908447266,110.70999908447266,110.70999908447266,1326.0
2025-12-01T18:04:00Z,110.70999908447266,110.70999908447266,110.70999908447266,110.70999908447266,110.70999908447266,1047.0
2025-12-01T18:05:00Z,110.69999694824219,110.70999908447266,110.69999694824219,110.69999694824219,110.69999694824219,3834.0
2025-12-01T18:06:00Z,110.69000244140625,110.69000244140625,110.68000030517578,110.68499755859375,110.68499755859375,2748.0
2025-12-01T18:07:00Z,110.68499755859375,110.69999694824219,110.68499755859375,110.69999694824219,110.69999694824219,1880.0
2025-12-01T18:08:00Z,110.7249984741211,110.73999786376953,110.7249984741211,110.73999786376953,110.73999786376953,2014.0
2025-12-01T18:09:00Z,110.7300033569336,110.75,110.7300033569336,110.75,110.75,3543.0
2025-12-01T18:10:00Z,110.73999786376953,110.74500274658203,110.73999786376953,110.73999786376953,110.73999786376953,1820.0
2025-12-01T18:11:00Z,110.75,110.7699966430664,110.75,110.76499938964844,110.76499938964844,2056.0
2025-12-01T18:12:00Z,110.76000213623047,110.76000213623047,110.7300033569336,110.73999786376953,110.73999786376953,7058.0
2025-12-01T18:13:00Z,110.73999786376953,110.76000213623047,110.73999786376953,110.73999786376953,110.73999786376953,5342.0
2025-12-01T18:14:00Z,110.75,110.75,110.73999786376953,110.73999786376953,110.73999786376953,1976.0
2025-12-01T18:15:00Z,110.73999786376953,110.76000213623047,110.73999786376953,110.76000213623047,110.76000213623047,1911.0
2025-12-01T18:16:00Z,110.75,110.75499725341797,110.73999786376953,110.75499725341797,110.75499725341797,1404.0
2025-12-01T18:17:00Z,110.75499725341797,110.75499725341797,110.73999786376953,110.73999786376953,110.73999786376953,2689.0
2025-12-01T18:18:00Z,110.73999786376953,110.73999786376953,110.7300033569336,110.7300033569336,110.7300033569336,1343.0
2025-12-01T18:19:00Z,110.7300033569336,110.73999786376953,110.7300033569336,110.73249816894531,110.73249816894531,3494.0
2025-12-01T18:20:00Z,110.7300033569336,110.7300033569336,110.7300033569336,110.7300033569336,110.7300033569336,812.0
2025-12-01T18:21:00Z,110.7300033569336,110.7300033569336,110.71499633789062,110.72000122070312,110.72000122070312,4385.0
2025-12-01T18:22:00Z,110.72000122070312,110.72000122070312,110.72000122070312,110.72000122070312,110.72000122070312,763.0
2025-12-01T18:23:00Z,110.72000122070312,110.7300033569336,110.70999908447266,110.70999908447266,110.70999908447266,3695.0
2025-12-01T18:24:00Z,110.70999908447266,110.7300033569336,110.70999908447266,110.7300033569336,110.7300033569336,1766.0
2025-12-01T18:25:00Z,110.7300033569336,110.7300033569336,110.72000122070312,110.72000122070312,110.72000122070312,2052.0
2025-12-01T18:26:00Z,110.71009826660156,110.72000122070312,110.71009826660156,110.72000122070312,110.72000122070312,1208.0
2025-12-01T18:27:00Z,110.72000122070312,110.7249984741211,110.72000122070312,110.7249984741211,110.7249984741211,1524.0
2025-12-01T18:28:00Z,110.72000122070312,110.72000122070312,110.69999694824219,110.69999694824219,110.69999694824219,4664.0
2025-12-01T18:29:00Z,110.69999694824219,110.72000122070312,110.69999694824219,110.70999908447266,110.70999908447266,4151.0
2025-12-01T18:30:00Z,110.72000122070312,110.7300033569336,110.69999694824219,110.69999694824219,110.69999694824219,4213.0
2025-12-01T18:31:00Z,110.70999908447266,110.70999908447266,110.69999694824219,110.69999694824219,110.69999694824219,1440.0
2025-12-01T18:32:00Z,110.69999694824219,110.72000122070312,110.69000244140625,110.69000244140625,110.69000244140625,4233.0
2025-12-01T18:33:00Z,110.70999908447266,110.72000122070312,110.70999908447266,110.72000122070312,110.72000122070312,1834.0
2025-12-01T18:34:00Z,110.72000122070312,110.72000122070312,110.70999908447266,110.70999908447266,110.70999908447266,1716.0
2025-12-01T18:35:00Z,110.70999908447266,110.72000122070312,110.70999908447266,110.70999908447266,110.70999908447266,2267.0
2025-12-01T18:36:00Z,110.70999908447266,110.70999908447266,110.69499969482422,110.69999694824219,110.69999694824219,2415.0
2025-12-01T18:37:00Z,110.69999694824219,110.70500183105469,110.68000030517578,110.68000030517578,110.68000030517578,2771.0
2025-12-01T18:38:00Z,110.68000030517578,110.69999694824219,110.68000030517578,110.69000244140625,110.69000244140625,3452.0
2025-12-01T18:39:00Z,110.68499755859375,110.70500183105469,110.68499755859375,110.70500183105469,110.70500183105469,2288.0
2025-12-01T18:40:00Z,110.70500183105469,110.70999908447266,110.69000244140625,110.69000244140625,110.69000244140625,1539.0
2025-12-01T18:41:00Z,110.68499755859375,110.68499755859375,110.66999816894531,110.67500305175781,110.67500305175781,2619.0
2025-12-01T18:42:00Z,110.68000030517578,110.68499755859375,110.68000030517578,110.68000030517578,110.68000030517578,1834.0
2025-12-01T18:43:00Z,110.67500305175781,110.68000030517578,110.66999816894531,110.68000030517578,110.68000030517578,4255.0
2025-12-01T18:44:00Z,110.68499755859375,110.69499969482422,110.68000030517578,110.69499969482422,110.69499969482422,2409.0
2025-12-01T18:45:00Z,110.70500183105469,110.70500183105469,110.69000244140625,110.69000244140625,110.69000244140625,3166.0
2025-12-01T18:46:00Z,110.69499969482422,110.70999908447266,110.69499969482422,110.70500183105469,110.70500183105469,3757.0
2025-12-01T18:47:00Z,110.69999694824219,110.69999694824219,110.69999694824219,110.69999694824219,110.69999694824219,1357.0
2025-12-01T18:48:00Z,110.69000244140625,110.69000244140625,110.69000244140625,110.69000244140625,110.69000244140625,1653.0
2025-12-01T18:49:00Z,110.68299865722656,110.70249938964844,110.68299865722656,110.69999694824219,110.69999694824219,2090.0
2025-12-01T18:50:00Z,110.69499969482422,110.76499938964844,110.69499969482422,110.76000213623047,110.76000213623047,4355.0
2025-12-01T18:51:00Z,110.76000213623047,110.76000213623047,110.73999786376953,110.73999786376953,110.73999786376953,3781.0
2025-12-01T18:52:00Z,110.73999786376953,110.7699966430664,110.73999786376953,110.76000213623047,110.76000213623047,1962.0
2025-12-01T18:53:00Z,110.76000213623047,110.76000213623047,110.75,110.76000213623047,110.76000213623047,1863.0
2025-12-01T18:54:00Z,110.75,110.75,110.73999786376953,110.75,110.75,1811.0
2025-12-01T18:55:00Z,110.76499938964844,110.76499938964844,110.73999786376953,110.73999786376953,110.73999786376953,2395.0
2025-12-01T18:56:00Z,110.75,110.75,110.69499969482422,110.72029876708984,110.72029876708984,4243.0
2025-12-01T18:57:00Z,110.72000122070312,110.73999786376953,110.72000122070312,110.73999786376953,110.73999786376953,2295.0
2025-12-01T18:58:00Z,110.7300033569336,110.7300033569336,110.72000122070312,110.72000122070312,110.72000122070312,1045.0
2025-12-01T18:59:00Z,110.70999908447266,110.70999908447266,110.70999908447266,110.70999908447266,110.70999908447266,2078.0
2025-12-01T19:00:00Z,110.71499633789062,110.71499633789062,110.66000366210938,110.66000366210938,110.66000366210938,2935.0
2025-12-01T19:01:00Z,110.66000366210938,110.66000366210938,110.63500213623047,110.63500213623047,110.63500213623047,1314.0
2025-12-01T19:02:00Z,110.62000274658203,110.62000274658203,110.6050033569336,110.6050033569336,110.6050033569336,2651.0
2025-12-01T19:03:00Z,110.6050033569336,110.6500015258789,110.6050033569336,110.62999725341797,110.62999725341797,4429.0
2025-12-01T19:04:00Z,110.62999725341797,110.62999725341797,110.61499786376953,110.62999725341797,110.62999725341797,1571.0
2025-12-01T19:05:00Z,110.62999725341797,110.62999725341797,110.625,110.625,110.625,1721.0
2025-12-01T19:06:00Z,110.61000061035156,110.62000274658203,110.61000061035156,110.62000274658203,110.62000274658203,2659.0
2025-12-01T19:07:00Z,110.62000274658203,110.63999938964844,110.62000274658203,110.63999938964844,110.63999938964844,689.0
2025-12-01T19:08:00Z,110.62999725341797,110.62999725341797,110.5999984741211,110.5999984741211,110.5999984741211,2639.0
2025-12-01T19:09:00Z,110.5999984741211,110.5999984741211,110.58999633789062,110.58999633789062,110.58999633789062,2435.0
2025-12-01T19:10:00Z,110.58999633789062,110.58999633789062,110.52999877929688,110.52999877929688,110.52999877929688,3642.0
2025-12-01T19:11:00Z,110.51000213623047,110.51000213623047,110.5,110.5,110.5,1244.0
2025-12-01T19:12:00Z,110.47000122070312,110.47000122070312,110.45999908447266,110.45999908447266,110.45999908447266,1227.0
2025-12-01T19:13:00Z,110.45500183105469,110.45500183105469,110.45089721679688,110.45089721679688,110.45089721679688,850.0
2025-12-01T19:14:00Z,110.47000122070312,110.47000122070312,110.45030212402344,110.45500183105469,110.45500183105469,3235.0
2025-12-01T19:15:00Z,110.44000244140625,110.44999694824219,110.44000244140625,110.44999694824219,110.44999694824219,2339.0
2025-12-01T19:16:00Z,110.44000244140625,110.44999694824219,110.43499755859375,110.44000244140625,110.44000244140625,3554.0
2025-12-01T19:17:00Z,110.44999694824219,110.44999694824219,110.44999694824219,110.44999694824219,110.44999694824219,625.0
2025-12-01T19:18:00Z,110.45999908447266,110.45999908447266,110.43499755859375,110.43499755859375,110.43499755859375,2726.0
2025-12-01T19:19:00Z,110.43499755859375,110.43499755859375,110.41000366210938,110.41000366210938,110.41000366210938,3222.0
2025-12-01T19:20:00Z,110.43000030517578,110.43000030517578,110.43000030517578,110.43000030517578,110.43000030517578,1065.0
2025-12-01T19:21:00Z,110.41999816894531,110.41999816894531,110.29000091552734,110.30500030517578,110.30500030517578,8040.0
2025-12-01T19:22:00Z,110.30999755859375,110.30999755859375,110.30999755859375,110.30999755859375,110.30999755859375,578.0
2025-12-01T19:23:00Z,110.29000091552734,110.30000305175781,110.27999877929688,110.29000091552734,110.29000091552734,3602.0
2025-12-01T19:24:00Z,110.2699966430664,110.27999877929688,110.25499725341797,110.27999877929688,110.27999877929688,8238.0
2025-12-01T19:25:00Z,110.26000213623047,110.26000213623047,110.20999908447266,110.20999908447266,110.20999908447266,2528.0
2025-12-01T19:26:00Z,110.20500183105469,110.20500183105469,110.18000030517578,110.18000030517578,110.18000030517578,1206.0
2025-12-01T19:27:00Z,110.18000030517578,110.22000122070312,110.18000030517578,110.19010162353516,110.19010162353516,4072.0
2025-12-01T19:28:00Z,110.19619750976562,110.19619750976562,110.16999816894531,110.16999816894531,110.16999816894531,2771.0
2025-12-01T19:29:00Z,110.16000366210938,110.16000366210938,110.12999725341797,110.13999938964844,110.13999938964844,3392.0
2025-12-01T19:30:00Z,110.1500015258789,110.16500091552734,110.1500015258789,110.1500015258789,110.1500015258789,2686.0
2025-12-01T19:31:00Z,110.1500015258789,110.16999816894531,110.13999938964844,110.14749908447266,110.14749908447266,4055.0
2025-12-01T19:32:00Z,110.13999938964844,110.1500015258789,110.13999938964844,110.13999938964844,110.13999938964844,2514.0
2025-12-01T19:33:00Z,110.12999725341797,110.12999725341797,110.08499908447266,110.11499786376953,110.11499786376953,4398.0
2025-12-01T19:34:00Z,110.0999984741211,110.11499786376953,110.0999984741211,110.10359954833984,110.10359954833984,3957.0
2025-12-01T19:35:00Z,110.0999984741211,110.12000274658203,110.08999633789062,110.12000274658203,110.12000274658203,3082.0
2025-12-01T19:36:00Z,110.11000061035156,110.16999816894531,110.11000061035156,110.16999816894531,110.16999816894531,7254.0
2025-12-01T19:37:00Z,110.17359924316406,110.18000030517578,110.16000366210938,110.16000366210938,110.16000366210938,3026.0
2025-12-01T19:38:00Z,110.16500091552734,110.16999816894531,110.1500015258789,110.16000366210938,110.16000366210938,2739.0
2025-12-01T19:39:00Z,110.12999725341797,110.1449966430664,110.12999725341797,110.1449966430664,110.1449966430664,4099.0
2025-12-01T19:40:00Z,110.12999725341797,110.16500091552734,110.12999725341797,110.16500091552734,110.16500091552734,2682.0
2025-12-01T19:41:00Z,110.16999816894531,110.18000030517578,110.12999725341797,110.12999725341797,110.12999725341797,4885.0
2025-12-01T19:42:00Z,110.11000061035156,110.12000274658203,110.08999633789062,110.08999633789062,110.08999633789062,1824.0
2025-12-01T19:43:00Z,110.11000061035156,110.11000061035156,110.1050033569336,110.1050033569336,110.1050033569336,1986.0
2025-12-01T19:44:00Z,110.1050033569336,110.11000061035156,110.1050033569336,110.11000061035156,110.11000061035156,2138.0
2025-12-01T19:45:00Z,110.12999725341797,110.16999816894531,110.12999725341797,110.16999816894531,110.16999816894531,2718.0
2025-12-01T19:46:00Z,110.1500015258789,110.16000366210938,110.13999938964844,110.16000366210938,110.16000366210938,2750.0
2025-12-01T19:47:00Z,110.1500015258789,110.19000244140625,110.1500015258789,110.16999816894531,110.16999816894531,2782.0
2025-12-01T19:48:00Z,110.16999816894531,110.16999816894531,110.16000366210938,110.16999816894531,110.16999816894531,2656.0
2025-12-01T19:49:00Z,110.16999816894531,110.16999816894531,110.16000366210938,110.16000366210938,110.16000366210938,3036.0
2025-12-01T19:50:00Z,110.16000366210938,110.16000366210938,110.12999725341797,110.12999725341797,110.12999725341797,2993.0
2025-12-01T19:51:00Z,110.13500213623047,110.13999938964844,110.13500213623047,110.13999938964844,110.13999938964844,1121.0
2025-12-01T19:52:00Z,110.12999725341797,110.13999938964844,110.12000274658203,110.125,110.125,4573.0
2025-12-01T19:53:00Z,110.12000274658203,110.13999938964844,110.11000061035156,110.13999938964844,110.13999938964844,2830.0
2025-12-01T19:54:00Z,110.1500015258789,110.1500015258789,110.12000274658203,110.12000274658203,110.12000274658203,3548.0
2025-12-01T19:55:00Z,110.11499786376953,110.12000274658203,110.06500244140625,110.06999969482422,110.06999969482422,3746.0
2025-12-01T19:56:00Z,110.08000183105469,110.1500015258789,110.08000183105469,110.1500015258789,110.1500015258789,7292.0
2025-12-01T19:57:00Z,110.1500015258789,110.15260314941406,110.13999938964844,110.13999938964844,110.13999938964844,3116.0
2025-12-01T19:58:00Z,110.12000274658203,110.13999938964844,110.12000274658203,110.13999938964844,110.13999938964844,1759.0
2025-12-01T19:59:00Z,110.13999938964844,110.13999938964844,110.12999725341797,110.13999938964844,110.13999938964844,3639.0
2025-12-01T20:00:00Z,110.12999725341797,110.12999725341797,110.1050033569336,110.12000274658203,110.12000274658203,3841.0
2025-12-01T20:01:00Z,110.11000061035156,110.12000274658203,110.11000061035156,110.12000274658203,110.12000274658203,1871.0
2025-12-01T20:02:00Z,110.12999725341797,110.12999725341797,110.11509704589844,110.12000274658203,110.12000274658203,2928.0
2025-12-01T20:03:00Z,110.11599731445312,110.13999938964844,110.11000061035156,110.13999938964844,110.13999938964844,6675.0
2025-12-01T20:04:00Z,110.12999725341797,110.12999725341797,110.11499786376953,110.12000274658203,110.12000274658203,2709.0
2025-12-01T20:05:00Z,110.12000274658203,110.13999938964844,110.12000274658203,110.1281967163086,110.1281967163086,4322.0
2025-12-01T20:06:00Z,110.125,110.13999938964844,110.12000274658203,110.13999938964844,110.13999938964844,3329.0
2025-12-01T20:07:00Z,110.12999725341797,110.12999725341797,110.12000274658203,110.12999725341797,110.12999725341797,2098.0
2025-12-01T20:08:00Z,110.12000274658203,110.13999938964844,110.11000061035156,110.12999725341797,110.12999725341797,4280.0
2025-12-01T20:09:00Z,110.13999938964844,110.13999938964844,110.12999725341797,110.13999938964844,110.13999938964844,1577.0
2025-12-01T20:10:00Z,110.13500213623047,110.13999938964844,110.1050033569336,110.13999938964844,110.13999938964844,7151.0
2025-12-01T20:11:00Z,110.1500015258789,110.16000366210938,110.13999938964844,110.15499877929688,110.15499877929688,3611.0
2025-12-01T20:12:00Z,110.1500015258789,110.19499969482422,110.1500015258789,110.18499755859375,110.18499755859375,5963.0
2025-12-01T20:13:00Z,110.18499755859375,110.18499755859375,110.1500015258789,110.1500015258789,110.1500015258789,3783.0
2025-12-01T20:14:00Z,110.13999938964844,110.16000366210938,110.12000274658203,110.16000366210938,110.16000366210938,7004.0
2025-12-01T20:15:00Z,110.16999816894531,110.19999694824219,110.16999816894531,110.19999694824219,110.19999694824219,8845.0
2025-12-01T20:16:00Z,110.20999908447266,110.20999908447266,110.20999908447266,110.20999908447266,110.20999908447266,1394.0
2025-12-01T20:17:00Z,110.19999694824219,110.19999694824219,110.13999938964844,110.1449966430664,110.1449966430664,7191.0
2025-12-01T20:18:00Z,110.12999725341797,110.13500213623047,110.0999984741211,110.0999984741211,110.0999984741211,3711.0
2025-12-01T20:19:00Z,110.0999984741211,110.0999984741211,110.06999969482422,110.08000183105469,110.08000183105469,5952.0
2025-12-01T20:20:00Z,110.08499908447266,110.11000061035156,110.08499908447266,110.09500122070312,110.09500122070312,5198.0
2025-12-01T20:21:00Z,110.09500122070312,110.09500122070312,110.09500122070312,110.09500122070312,110.09500122070312,757.0
2025-12-01T20:22:00Z,110.0999984741211,110.0999984741211,110.09329986572266,110.09510040283203,110.09510040283203,3697.0
2025-12-01T20:23:00Z,110.09500122070312,110.09500122070312,110.06500244140625,110.08999633789062,110.08999633789062,6936.0
2025-12-01T20:24:00Z,110.09500122070312,110.12000274658203,110.08499908447266,110.12000274658203,110.12000274658203,3674.0
2025-12-01T20:25:00Z,110.11000061035156,110.11000061035156,110.04499816894531,110.04499816894531,110.04499816894531,6504.0
2025-12-01T20:26:00Z,110.04000091552734,110.08999633789062,110.04000091552734,110.08999633789062,110.08999633789062,6608.0
2025-12-01T20:27:00Z,110.08000183105469,110.08999633789062,110.06999969482422,110.08000183105469,110.08000183105469,3444.0
2025-12-01T20:28:00Z,110.06999969482422,110.06999969482422,110.04499816894531,110.06999969482422,110.06999969482422,3920.0
2025-12-01T20:29:00Z,110.05500030517578,110.06999969482422,110.05500030517578,110.05999755859375,110.05999755859375,3793.0
2025-12-01T20:30:00Z,110.06999969482422,110.06999969482422,110.0199966430664,110.0199966430664,110.0199966430664,5021.0
2025-12-01T20:31:00Z,110.01000213623047,110.0199966430664,109.98999786376953,109.98999786376953,109.98999786376953,5637.0
2025-12-01T20:32:00Z,109.9800033569336,109.9800033569336,109.96499633789062,109.97000122070312,109.97000122070312,2785.0
2025-12-01T20:33:00Z,109.96029663085938,109.97000122070312,109.94999694824219,109.95999908447266,109.95999908447266,3790.0
2025-12-01T20:34:00Z,109.95500183105469,109.97000122070312,109.94200134277344,109.95999908447266,109.95999908447266,5078.0
2025-12-01T20:35:00Z,109.97000122070312,109.97010040283203,109.94999694824219,109.97000122070312,109.97000122070312,5242.0
2025-12-01T20:36:00Z,109.9800033569336,110.0,109.9800033569336,110.0,110.0,5800.0
2025-12-01T20:37:00Z,110.0199966430664,110.0199966430664,109.91000366210938,109.91000366210938,109.91000366210938,9159.0
2025-12-01T20:38:00Z,109.9000015258789,109.9000015258789,109.88999938964844,109.88999938964844,109.88999938964844,3833.0
2025-12-01T20:39:00Z,109.88999938964844,109.88999938964844,109.87000274658203,109.875,109.875,6561.0
2025-12-01T20:40:00Z,109.87999725341797,109.87999725341797,109.79000091552734,109.80999755859375,109.80999755859375,8999.0
2025-12-01T20:41:00Z,109.81510162353516,109.81510162353516,109.7699966430664,109.77999877929688,109.77999877929688,10629.0
2025-12-01T20:42:00Z,109.7699966430664,109.77999877929688,109.7300033569336,109.7699966430664,109.7699966430664,7209.0
2025-12-01T20:43:00Z,109.77999877929688,109.81999969482422,109.77999877929688,109.81999969482422,109.81999969482422,6421.0
2025-12-01T20:44:00Z,109.81999969482422,109.83999633789062,109.81999969482422,109.81999969482422,109.81999969482422,5754.0
2025-12-01T20:45:00Z,109.81999969482422,109.81999969482422,109.7300033569336,109.7300033569336,109.7300033569336,8307.0
2025-12-01T20:46:00Z,109.70999908447266,109.70999908447266,109.65499877929688,109.65499877929688,109.65499877929688,3707.0
2025-12-01T20:47:00Z,109.6500015258789,109.66000366210938,109.62999725341797,109.62999725341797,109.62999725341797,8067.0
2025-12-01T20:48:00Z,109.62999725341797,109.6500015258789,109.61000061035156,109.63999938964844,109.63999938964844,5576.0
2025-12-01T20:49:00Z,109.6500015258789,109.68000030517578,109.6500015258789,109.6500015258789,109.6500015258789,8326.0
2025-12-01T20:50:00Z,109.66000366210938,109.69650268554688,109.61000061035156,109.66000366210938,109.66000366210938,18205.0
2025-12-01T20:51:00Z,109.66000366210938,109.68000030517578,109.62999725341797,109.6343994140625,109.6343994140625,9514.0
2025-12-01T20:52:00Z,109.6500015258789,109.66000366210938,109.5999984741211,109.62000274658203,109.62000274658203,12633.0
2025-12-01T20:53:00Z,109.61499786376953,109.61499786376953,109.52999877929688,109.52999877929688,109.52999877929688,9665.0
2025-12-01T20:54:00Z,109.52999877929688,109.54000091552734,109.3499984741211,109.41000366210938,109.41000366210938,29644.0
2025-12-01T20:55:00Z,109.41999816894531,109.55000305175781,109.41999816894531,109.55000305175781,109.55000305175781,20944.0
2025-12-01T20:56:00Z,109.52999877929688,109.55000305175781,109.51000213623047,109.52999877929688,109.52999877929688,18020.0
2025-12-01T20:57:00Z,109.5199966430664,109.55000305175781,109.5,109.53500366210938,109.53500366210938,25699.0
2025-12-01T20:58:00Z,109.52999877929688,109.61000061035156,109.52999877929688,109.61000061035156,109.61000061035156,40553.0
2025-12-01T20:59:00Z,109.61000061035156,109.63500213623047,109.51750183105469,109.56999969482422,109.56999969482422,137540.0
2025-12-02T14:30:00Z,109.58999633789062,109.78500366210938,109.5,109.69000244140625,109.69000244140625,20885.0
2025-12-02T14:31:00Z,109.55000305175781,109.71499633789062,109.4749984741211,109.4749984741211,109.4749984741211,1468.0
2025-12-02T14:32:00Z,109.58000183105469,109.75,109.45999908447266,109.45999908447266,109.45999908447266,2288.0
2025-12-02T14:33:00Z,109.45999908447266,109.5199966430664,109.41000366210938,109.45999908447266,109.45999908447266,3353.0
2025-12-02T14:34:00Z,109.36000061035156,109.38500213623047,109.30000305175781,109.30000305175781,109.30000305175781,2539.0
2025-12-02T14:35:00Z,109.20999908447266,109.29000091552734,109.19999694824219,109.29000091552734,109.29000091552734,643.0
2025-12-02T14:36:00Z,109.22000122070312,109.26000213623047,109.0999984741211,109.26000213623047,109.26000213623047,3986.0
2025-12-02T14:37:00Z,109.2249984741211,109.2249984741211,109.2249984741211,109.2249984741211,109.2249984741211,563.0
2025-12-02T14:38:00Z,109.19000244140625,109.19999694824219,109.18000030517578,109.18000030517578,109.18000030517578,1208.0
2025-12-02T14:39:00Z,109.19000244140625,109.19000244140625,109.12000274658203,109.12000274658203,109.12000274658203,2095.0
2025-12-02T14:40:00Z,109.13059997558594,109.13059997558594,109.08000183105469,109.08000183105469,109.08000183105469,2783.0
2025-12-02T14:41:00Z,109.08499908447266,109.0999984741211,108.98999786376953,109.0999984741211,109.0999984741211,1908.0
2025-12-02T14:42:00Z,109.0999984741211,109.0999984741211,108.9800033569336,108.9800033569336,108.9800033569336,2022.0
2025-12-02T14:43:00Z,109.0,109.05000305175781,108.99500274658203,109.04000091552734,109.04000091552734,3067.0
2025-12-02T14:44:00Z,109.04000091552734,109.08999633789062,109.04000091552734,109.06999969482422,109.06999969482422,1994.0
2025-12-02T14:45:00Z,109.11000061035156,109.18499755859375,109.11000061035156,109.18499755859375,109.18499755859375,3494.0
2025-12-02T14:46:00Z,109.1500015258789,109.16000366210938,109.1500015258789,109.16000366210938,109.16000366210938,1683.0
2025-12-02T14:47:00Z,109.16999816894531,109.16999816894531,109.11000061035156,109.12999725341797,109.12999725341797,1639.0
2025-12-02T14:48:00Z,109.12999725341797,109.16000366210938,109.05999755859375,109.06999969482422,109.06999969482422,2729.0
2025-12-02T14:49:00Z,109.05500030517578,109.07499694824219,109.0199966430664,109.0250015258789,109.0250015258789,6673.0
2025-12-02T14:50:00Z,109.0,109.05500030517578,109.0,109.05500030517578,109.05500030517578,2361.0
2025-12-02T14:51:00Z,109.05999755859375,109.05999755859375,109.02999877929688,109.02999877929688,109.02999877929688,1197.0
2025-12-02T14:52:00Z,108.97000122070312,109.06500244140625,108.94000244140625,109.06500244140625,109.06500244140625,2491.0
2025-12-02T14:53:00Z,109.05999755859375,109.11000061035156,109.05999755859375,109.08000183105469,109.08000183105469,5266.0
2025-12-02T14:54:00Z,109.0,109.125,109.0,109.125,109.125,2037.0
2025-12-02T14:55:00Z,109.08999633789062,109.12000274658203,109.0250015258789,109.12000274658203,109.12000274658203,3425.0
2025-12-02T14:56:00Z,109.12999725341797,109.18499755859375,109.12999725341797,109.18499755859375,109.18499755859375,1264.0
2025-12-02T14:57:00Z,109.19000244140625,109.23999786376953,109.16000366210938,109.23999786376953,109.23999786376953,2755.0
2025-12-02T14:58:00Z,109.23500061035156,109.24849700927734,109.2300033569336,109.23500061035156,109.23500061035156,1325.0
2025-12-02T14:59:00Z,109.25,109.26000213623047,109.16000366210938,109.25,109.25,1872.0
2025-12-02T15:00:00Z,109.26000213623047,109.30999755859375,109.26000213623047,109.2750015258789,109.2750015258789,3361.0
2025-12-02T15:01:00Z,109.2699966430664,109.2699966430664,109.16000366210938,109.19999694824219,109.19999694824219,2020.0
2025-12-02T15:02:00Z,109.1500015258789,109.25,109.1500015258789,109.25,109.25,1959.0
2025-12-02T15:03:00Z,109.2300033569336,109.2300033569336,109.20999908447266,109.20999908447266,109.20999908447266,1290.0
2025-12-02T15:04:00Z,109.23999786376953,109.25499725341797,109.20249938964844,109.2300033569336,109.2300033569336,2343.0
2025-12-02T15:05:00Z,109.2300033569336,109.23999786376953,109.22000122070312,109.23999786376953,109.23999786376953,2338.0
2025-12-02T15:06:00Z,109.2249984741211,109.2249984741211,109.1500015258789,109.1500015258789,109.1500015258789,5045.0
2025-12-02T15:07:00Z,109.06999969482422,109.08999633789062,109.0250015258789,109.0250015258789,109.0250015258789,2716.0
2025-12-02T15:08:00Z,109.05999755859375,109.12999725341797,109.05999755859375,109.0999984741211,109.0999984741211,3100.0
2025-12-02T15:09:00Z,109.11499786376953,109.18000030517578,109.11499786376953,109.18000030517578,109.18000030517578,2053.0
2025-12-02T15:10:00Z,109.2300033569336,109.2300033569336,109.12000274658203,109.12000274658203,109.12000274658203,2991.0
2025-12-02T15:11:00Z,109.05999755859375,109.05999755859375,109.0,109.0,109.0,2378.0
2025-12-02T15:12:00Z,109.02999877929688,109.03500366210938,109.0,109.02999877929688,109.02999877929688,1489.0
2025-12-02T15:13:00Z,109.05000305175781,109.0999984741211,109.02999877929688,109.04000091552734,109.04000091552734,3837.0
2025-12-02T15:14:00Z,109.06999969482422,109.06999969482422,109.0,109.05000305175781,109.05000305175781,3499.0
2025-12-02T15:15:00Z,109.04750061035156,109.11000061035156,109.02999877929688,109.06999969482422,109.06999969482422,2524.0
2025-12-02T15:16:00Z,109.05999755859375,109.05999755859375,108.99500274658203,108.99500274658203,108.99500274658203,1682.0
2025-12-02T15:17:00Z,108.98999786376953,109.0,108.94000244140625,109.0,109.0,4518.0
2025-12-02T15:18:00Z,109.0199966430664,109.02999877929688,109.0,109.0,109.0,1326.0
2025-12-02T15:19:00Z,108.95500183105469,109.0199966430664,108.95500183105469,108.9749984741211,108.9749984741211,2755.0
2025-12-02T15:20:00Z,109.04000091552734,109.0999984741211,109.02999877929688,109.08000183105469,109.08000183105469,3177.0
2025-12-02T15:21:00Z,109.08000183105469,109.08000183105469,108.91999816894531,108.91999816894531,108.91999816894531,3823.0
2025-12-02T15:22:00Z,108.91999816894531,108.91999816894531,108.88999938964844,108.91999816894531,108.91999816894531,2088.0
2025-12-02T15:23:00Z,108.91000366210938,108.91000366210938,108.83999633789062,108.88999938964844,108.88999938964844,5032.0
2025-12-02T15:24:00Z,108.86000061035156,108.97000122070312,108.8550033569336,108.97000122070312,108.97000122070312,9542.0
2025-12-02T15:25:00Z,108.94999694824219,109.04000091552734,108.94999694824219,108.98999786376953,108.98999786376953,10053.0
2025-12-02T15:26:00Z,108.97000122070312,108.97000122070312,108.9000015258789,108.9000015258789,108.9000015258789,1060.0
2025-12-02T15:28:00Z,108.9800033569336,108.9800033569336,108.9800033569336,108.9800033569336,108.9800033569336,9303.0
2025-12-02T15:29:00Z,108.95999908447266,108.98999786376953,108.92500305175781,108.95999908447266,108.95999908447266,4121.0
2025-12-02T15:30:00Z,108.95999908447266,108.99500274658203,108.94999694824219,108.99500274658203,108.99500274658203,3616.0
2025-12-02T15:31:00Z,108.99500274658203,109.04000091552734,108.97000122070312,109.00499725341797,109.00499725341797,6127.0
2025-12-02T15:32:00Z,108.95500183105469,109.01499938964844,108.95500183105469,109.01499938964844,109.01499938964844,1721.0
2025-12-02T15:33:00Z,109.02999877929688,109.05500030517578,109.0199966430664,109.05500030517578,109.05500030517578,4431.0
2025-12-02T15:34:00Z,109.02999877929688,109.05000305175781,109.02999877929688,109.02999877929688,109.02999877929688,1297.0
2025-12-02T15:35:00Z,109.04000091552734,109.05000305175781,108.98999786376953,109.0,109.0,2637.0
2025-12-02T15:36:00Z,108.9800033569336,109.05000305175781,108.9800033569336,109.04000091552734,109.04000091552734,4896.0
2025-12-02T15:37:00Z,109.05999755859375,109.05999755859375,108.98500061035156,108.98500061035156,108.98500061035156,1407.0
2025-12-02T15:38:00Z,109.02999877929688,109.04000091552734,109.00499725341797,109.01000213623047,109.01000213623047,991.0
2025-12-02T15:39:00Z,108.97000122070312,109.01499938964844,108.95999908447266,109.01499938964844,109.01499938964844,2685.0
2025-12-02T15:40:00Z,109.0,109.01499938964844,108.96499633789062,109.01499938964844,109.01499938964844,1380.0
2025-12-02T15:41:00Z,109.0199966430664,109.04000091552734,109.01000213623047,109.04000091552734,109.04000091552734,2681.0
2025-12-02T15:42:00Z,109.06999969482422,109.1500015258789,109.06999969482422,109.1500015258789,109.1500015258789,3102.0
2025-12-02T15:43:00Z,109.13999938964844,109.1449966430664,109.13999938964844,109.1449966430664,109.1449966430664,1062.0
2025-12-02T15:44:00Z,109.12000274658203,109.12999725341797,109.02999877929688,109.05999755859375,109.05999755859375,3216.0
2025-12-02T15:45:00Z,109.05999755859375,109.11000061035156,109.05999755859375,109.11000061035156,109.11000061035156,1727.0
2025-12-02T15:46:00Z,109.12999725341797,109.12999725341797,109.1050033569336,109.11000061035156,109.11000061035156,970.0
2025-12-02T15:47:00Z,109.0999984741211,109.11000061035156,109.08999633789062,109.09500122070312,109.09500122070312,1869.0
2025-12-02T15:48:00Z,109.09500122070312,109.09500122070312,109.0250015258789,109.05000305175781,109.05000305175781,1996.0
2025-12-02T15:49:00Z,109.0199966430664,109.04000091552734,109.0199966430664,109.02999877929688,109.02999877929688,1694.0
2025-12-02T15:50:00Z,109.05000305175781,109.05000305175781,109.00499725341797,109.00499725341797,109.00499725341797,2303.0
2025-12-02T15:51:00Z,109.0,109.0199966430664,108.97000122070312,108.97000122070312,108.97000122070312,3385.0
2025-12-02T15:52:00Z,108.97000122070312,108.97000122070312,108.94000244140625,108.94999694824219,108.94999694824219,3522.0
2025-12-02T15:53:00Z,108.94000244140625,108.94999694824219,108.93000030517578,108.94999694824219,108.94999694824219,2199.0
2025-12-02T15:54:00Z,108.94000244140625,108.94000244140625,108.94000244140625,108.94000244140625,108.94000244140625,736.0
2025-12-02T15:55:00Z,108.95999908447266,109.04000091552734,108.95999908447266,109.04000091552734,109.04000091552734,4707.0
2025-12-02T15:56:00Z,109.05000305175781,109.08000183105469,109.04000091552734,109.08000183105469,109.08000183105469,2329.0
2025-12-02T15:57:00Z,109.05999755859375,109.08000183105469,109.05999755859375,109.08000183105469,109.08000183105469,2343.0
2025-12-02T15:58:00Z,109.05999755859375,109.06999969482422,109.02999877929688,109.02999877929688,109.02999877929688,4579.0
2025-12-02T15:59:00Z,109.05000305175781,109.05000305175781,109.01499938964844,109.02999877929688,109.02999877929688,3558.0
2025-12-02T16:00:00Z,109.02999877929688,109.02999877929688,108.9800033569336,108.9800033569336,108.9800033569336,5145.0
2025-12-02T16:01:00Z,108.97000122070312,108.97000122070312,108.86000061035156,108.87999725341797,108.87999725341797,4150.0
2025-12-02T16:02:00Z,108.9000015258789,108.9000015258789,108.83999633789062,108.8499984741211,108.8499984741211,4518.0
2025-12-02T16:03:00Z,108.85700225830078,108.88999938964844,108.85700225830078,108.87000274658203,108.87000274658203,3661.0
2025-12-02T16:04:00Z,108.87000274658203,108.93000030517578,108.87000274658203,108.93000030517578,108.93000030517578,2118.0
2025-12-02T16:05:00Z,108.95500183105469,109.0,108.95500183105469,108.98999786376953,108.98999786376953,2738.0
2025-12-02T16:06:00Z,108.98500061035156,109.0,108.98500061035156,109.0,109.0,1867.0
2025-12-02T16:07:00Z,109.0,109.02999877929688,108.98999786376953,108.98999786376953,108.98999786376953,5683.0
2025-12-02T16:08:00Z,108.98999786376953,109.06500244140625,108.98999786376953,109.06500244140625,109.06500244140625,7138.0
2025-12-02T16:09:00Z,109.12999725341797,109.19000244140625,109.125,109.19000244140625,109.19000244140625,6001.0
2025-12-02T16:10:00Z,109.1500015258789,109.19999694824219,109.1500015258789,109.18000030517578,109.18000030517578,2885.0
2025-12-02T16:11:00Z,109.16999816894531,109.21499633789062,109.16999816894531,109.21499633789062,109.21499633789062,1442.0
2025-12-02T16:12:00Z,109.22000122070312,109.25,109.19999694824219,109.22000122070312,109.22000122070312,2281.0
2025-12-02T16:13:00Z,109.19000244140625,109.19000244140625,109.12000274658203,109.13500213623047,109.13500213623047,2475.0
2025-12-02T16:14:00Z,109.11000061035156,109.1500015258789,109.08999633789062,109.1500015258789,109.1500015258789,2462.0
2025-12-02T16:15:00Z,109.16999816894531,109.17649841308594,109.11000061035156,109.11499786376953,109.11499786376953,3700.0
2025-12-02T16:16:00Z,109.0999984741211,109.12999725341797,109.09500122070312,109.09500122070312,109.09500122070312,1051.0
2025-12-02T16:17:00Z,109.08999633789062,109.1050033569336,109.08999633789062,109.1050033569336,109.1050033569336,1871.0
2025-12-02T16:18:00Z,109.11000061035156,109.11000061035156,109.0250015258789,109.04000091552734,109.04000091552734,3261.0
2025-12-02T16:19:00Z,109.0199966430664,109.05999755859375,109.0199966430664,109.05999755859375,109.05999755859375,1479.0
2025-12-02T16:20:00Z,109.08000183105469,109.11000061035156,109.06999969482422,109.11000061035156,109.11000061035156,4520.0
2025-12-02T16:21:00Z,109.12000274658203,109.12999725341797,109.09500122070312,109.12000274658203,109.12000274658203,2496.0
2025-12-02T16:22:00Z,109.08999633789062,109.0999984741211,109.05500030517578,109.05500030517578,109.05500030517578,1358.0
2025-12-02T16:23:00Z,109.0199966430664,109.06999969482422,109.01499938964844,109.05000305175781,109.05000305175781,2950.0
2025-12-02T16:24:00Z,109.06330108642578,109.06330108642578,109.06330108642578,109.06330108642578,109.06330108642578,1270.0
2025-12-02T16:25:00Z,109.06999969482422,109.06999969482422,108.9800033569336,108.98999786376953,108.98999786376953,2318.0
2025-12-02T16:26:00Z,108.94999694824219,109.01750183105469,108.94000244140625,109.01499938964844,109.01499938964844,3388.0
2025-12-02T16:27:00Z,109.01499938964844,109.0199966430664,108.96009826660156,108.96009826660156,108.96009826660156,2098.0
2025-12-02T16:28:00Z,108.98999786376953,109.01000213623047,108.98999786376953,109.0,109.0,2060.0
2025-12-02T16:29:00Z,109.0,109.0,108.95999908447266,108.95999908447266,108.95999908447266,2177.0
2025-12-02T16:30:00Z,108.95999908447266,109.0199966430664,108.95999908447266,109.0199966430664,109.0199966430664,2536.0
2025-12-02T16:31:00Z,109.0199966430664,109.0199966430664,108.97000122070312,109.01000213623047,109.01000213623047,2351.0
2025-12-02T16:32:00Z,108.98999786376953,109.0,108.9800033569336,108.9800033569336,108.9800033569336,1873.0
2025-12-02T16:33:00Z,108.97000122070312,108.98500061035156,108.94999694824219,108.94999694824219,108.94999694824219,1850.0
2025-12-02T16:34:00Z,108.94999694824219,109.01499938964844,108.94999694824219,108.97000122070312,108.97000122070312,2445.0
2025-12-02T16:35:00Z,108.9800033569336,108.98999786376953,108.95999908447266,108.95999908447266,108.95999908447266,1755.0
2025-12-02T16:36:00Z,108.9800033569336,108.98999786376953,108.97000122070312,108.98999786376953,108.98999786376953,2943.0
2025-12-02T16:37:00Z,108.97000122070312,108.97000122070312,108.93000030517578,108.95999908447266,108.95999908447266,2305.0
2025-12-02T16:38:00Z,108.93000030517578,108.93000030517578,108.87999725341797,108.91999816894531,108.91999816894531,2188.0
2025-12-02T16:39:00Z,108.94999694824219,108.95999908447266,108.93000030517578,108.93000030517578,108.93000030517578,2237.0
2025-12-02T16:40:00Z,108.93000030517578,108.95999908447266,108.92009735107422,108.95999908447266,108.95999908447266,2103.0
2025-12-02T16:41:00Z,108.93499755859375,108.94010162353516,108.91999816894531,108.93000030517578,108.93000030517578,1425.0
2025-12-02T16:42:00Z,108.91000366210938,108.91000366210938,108.88999938964844,108.88999938964844,108.88999938964844,2030.0
2025-12-02T16:43:00Z,108.87999725341797,108.88999938964844,108.87000274658203,108.87000274658203,108.87000274658203,1623.0
2025-12-02T16:44:00Z,108.8550033569336,108.8550033569336,108.83000183105469,108.83000183105469,108.83000183105469,673.0
2025-12-02T16:45:00Z,108.83499908447266,108.87000274658203,108.81999969482422,108.86000061035156,108.86000061035156,4723.0
2025-12-02T16:46:00Z,108.86000061035156,108.875,108.81999969482422,108.875,108.875,1477.0
2025-12-02T16:47:00Z,108.875,108.94999694824219,108.875,108.94999694824219,108.94999694824219,2636.0
2025-12-02T16:48:00Z,108.93000030517578,108.94000244140625,108.91999816894531,108.92500305175781,108.92500305175781,829.0
2025-12-02T16:49:00Z,108.93000030517578,108.93000030517578,108.90499877929688,108.91999816894531,108.91999816894531,1046.0
2025-12-02T16:50:00Z,108.93000030517578,108.95999908447266,108.93000030517578,108.94000244140625,108.94000244140625,2995.0
2025-12-02T16:51:00Z,108.94999694824219,108.9800033569336,108.94999694824219,108.9749984741211,108.9749984741211,1376.0
2025-12-02T16:52:00Z,108.98999786376953,108.98999786376953,108.94999694824219,108.94999694824219,108.94999694824219,1434.0
2025-12-02T16:53:00Z,108.93000030517578,108.94999694824219,108.93000030517578,108.94999694824219,108.94999694824219,1901.0
2025-12-02T16:54:00Z,108.95999908447266,108.97000122070312,108.94989776611328,108.97000122070312,108.97000122070312,1114.0
2025-12-02T16:55:00Z,108.9800033569336,109.0,108.95999908447266,108.95999908447266,108.95999908447266,2567.0
2025-12-02T16:56:00Z,108.97000122070312,108.97000122070312,108.94000244140625,108.94999694824219,108.94999694824219,1650.0
2025-12-02T16:57:00Z,108.93000030517578,108.94999694824219,108.93000030517578,108.94999694824219,108.94999694824219,952.0
2025-12-02T16:58:00Z,108.93499755859375,108.94000244140625,108.91999816894531,108.94000244140625,108.94000244140625,1249.0
2025-12-02T16:59:00Z,108.94000244140625,108.94499969482422,108.92500305175781,108.94499969482422,108.94499969482422,1926.0
2025-12-02T17:00:00Z,108.94499969482422,108.9800033569336,108.94499969482422,108.9800033569336,108.9800033569336,2592.0
2025-12-02T17:01:00Z,109.0,109.0,108.98999786376953,108.98999786376953,108.98999786376953,1212.0
2025-12-02T17:02:00Z,108.98999786376953,109.0250015258789,108.98999786376953,109.01000213623047,109.01000213623047,2086.0
2025-12-02T17:03:00Z,108.9800033569336,108.98999786376953,108.9800033569336,108.9800033569336,108.9800033569336,1040.0
2025-12-02T17:04:00Z,108.97000122070312,108.99089813232422,108.97000122070312,108.97000122070312,108.97000122070312,2175.0
2025-12-02T17:05:00Z,108.95999908447266,108.9800033569336,108.95999908447266,108.95999908447266,108.95999908447266,2444.0
2025-12-02T17:06:00Z,108.95999908447266,108.96499633789062,108.94000244140625,108.94000244140625,108.94000244140625,3347.0
2025-12-02T17:07:00Z,108.93000030517578,108.94000244140625,108.91999816894531,108.94000244140625,108.94000244140625,1376.0
2025-12-02T17:08:00Z,108.92500305175781,108.92500305175781,108.91000366210938,108.91000366210938,108.91000366210938,1740.0
2025-12-02T17:09:00Z,108.87999725341797,108.87999725341797,108.86000061035156,108.86000061035156,108.86000061035156,888.0
2025-12-02T17:10:00Z,108.86250305175781,108.91000366210938,108.86250305175781,108.88999938964844,108.88999938964844,3251.0
2025-12-02T17:12:00Z,108.94000244140625,108.94000244140625,108.93000030517578,108.94000244140625,108.94000244140625,1670.0
2025-12-02T17:13:00Z,108.94999694824219,109.01000213623047,108.94999694824219,109.0,109.0,2699.0
2025-12-02T17:14:00Z,108.98999786376953,109.0,108.9749984741211,109.0,109.0,1421.0
2025-12-02T17:15:00Z,109.0,109.0,108.97000122070312,108.97000122070312,108.97000122070312,1308.0
2025-12-02T17:16:00Z,108.95999908447266,108.98999786376953,108.93000030517578,108.9749984741211,108.9749984741211,2047.0
2025-12-02T17:17:00Z,109.0,109.01499938964844,109.0,109.01000213623047,109.01000213623047,1896.0
2025-12-02T17:18:00Z,109.01000213623047,109.0199966430664,108.98999786376953,109.0199966430664,109.0199966430664,2011.0
2025-12-02T17:19:00Z,109.02999877929688,109.02999877929688,109.01010131835938,109.02999877929688,109.02999877929688,3493.0
2025-12-02T17:20:00Z,109.04000091552734,109.04000091552734,109.0199966430664,109.0199966430664,109.0199966430664,1411.0
2025-12-02T17:21:00Z,109.0199966430664,109.02999877929688,109.0000991821289,109.01000213623047,109.01000213623047,1355.0
2025-12-02T17:22:00Z,109.0,109.01000213623047,108.9801025390625,108.99500274658203,108.99500274658203,1935.0
2025-12-02T17:23:00Z,108.98999786376953,109.0199966430664,108.98999786376953,109.0199966430664,109.0199966430664,802.0
2025-12-02T17:24:00Z,109.04000091552734,109.05000305175781,109.01000213623047,109.01000213623047,109.01000213623047,2698.0
2025-12-02T17:25:00Z,109.0199966430664,109.02999877929688,109.00499725341797,109.02999877929688,109.02999877929688,1558.0
2025-12-02T17:26:00Z,109.04000091552734,109.05000305175781,109.0199966430664,109.0199966430664,109.0199966430664,2413.0
2025-12-02T17:27:00Z,109.04000091552734,109.04000091552734,109.02999877929688,109.04000091552734,109.04000091552734,686.0
2025-12-02T17:28:00Z,109.04499816894531,109.04499816894531,109.04000091552734,109.04000091552734,109.04000091552734,1260.0
2025-12-02T17:29:00Z,109.0199966430664,109.0199966430664,109.01499938964844,109.01499938964844,109.01499938964844,1353.0
2025-12-02T17:30:00Z,109.02999877929688,109.05000305175781,109.02999877929688,109.04499816894531,109.04499816894531,1446.0
2025-12-02T17:31:00Z,109.05999755859375,109.05999755859375,109.04499816894531,109.05999755859375,109.05999755859375,3627.0
2025-12-02T17:32:00Z,109.05999755859375,109.08000183105469,109.05999755859375,109.08000183105469,109.08000183105469,1115.0
2025-12-02T17:33:00Z,109.08000183105469,109.08000183105469,109.07499694824219,109.07499694824219,109.07499694824219,1151.0
2025-12-02T17:34:00Z,109.06999969482422,109.06999969482422,109.02999877929688,109.04000091552734,109.04000091552734,3145.0
2025-12-02T17:35:00Z,109.02999877929688,109.02999877929688,109.01000213623047,109.01000213623047,109.01000213623047,2217.0
2025-12-02T17:36:00Z,108.98999786376953,109.0,108.98999786376953,109.0,109.0,1053.0
2025-12-02T17:37:00Z,109.01000213623047,109.0199966430664,109.01000213623047,109.01000213623047,109.01000213623047,1637.0
2025-12-02T17:38:00Z,109.0199966430664,109.0199966430664,108.98999786376953,108.98999786376953,108.98999786376953,1532.0
2025-12-02T17:39:00Z,108.9749984741211,108.9749984741211,108.91999816894531,108.91999816894531,108.91999816894531,2347.0
2025-12-02T17:40:00Z,108.93000030517578,108.95999908447266,108.9000015258789,108.90499877929688,108.90499877929688,3250.0
2025-12-02T17:41:00Z,108.91000366210938,108.91999816894531,108.91000366210938,108.91999816894531,108.91999816894531,1207.0
2025-12-02T17:42:00Z,108.91999816894531,108.91999816894531,108.88999938964844,108.88999938964844,108.88999938964844,1882.0
2025-12-02T17:43:00Z,108.91999816894531,108.91999816894531,108.91000366210938,108.91000366210938,108.91000366210938,714.0
2025-12-02T17:44:00Z,108.91999816894531,108.91999816894531,108.86499786376953,108.86499786376953,108.86499786376953,1342.0
2025-12-02T17:45:00Z,108.86000061035156,108.86000061035156,108.83000183105469,108.83999633789062,108.83999633789062,3397.0
2025-12-02T17:46:00Z,108.83999633789062,108.86009979248047,108.83999633789062,108.8499984741211,108.8499984741211,870.0
2025-12-02T17:47:00Z,108.83000183105469,108.83000183105469,108.81999969482422,108.81999969482422,108.81999969482422,1437.0
2025-12-02T17:48:00Z,108.80000305175781,108.80000305175781,108.79000091552734,108.79000091552734,108.79000091552734,1495.0
2025-12-02T17:49:00Z,108.77999877929688,108.80999755859375,108.77999877929688,108.80999755859375,108.80999755859375,1745.0
2025-12-02T17:50:00Z,108.80999755859375,108.80999755859375,108.79000091552734,108.80000305175781,108.80000305175781,1961.0
2025-12-02T17:51:00Z,108.7699966430664,108.77999877929688,108.7699966430664,108.77999877929688,108.77999877929688,1701.0
2025-12-02T17:52:00Z,108.75,108.75,108.70999908447266,108.70999908447266,108.70999908447266,2662.0
2025-12-02T17:53:00Z,108.69000244140625,108.70999908447266,108.69000244140625,108.70999908447266,108.70999908447266,1467.0
2025-12-02T17:54:00Z,108.70999908447266,108.70999908447266,108.66619873046875,108.68000030517578,108.68000030517578,1916.0
2025-12-02T17:55:00Z,108.69000244140625,108.69000244140625,108.6500015258789,108.6500015258789,108.6500015258789,1242.0
2025-12-02T17:56:00Z,108.62999725341797,108.62999725341797,108.59500122070312,108.59500122070312,108.59500122070312,1908.0
2025-12-02T17:57:00Z,108.59500122070312,108.61000061035156,108.58000183105469,108.61000061035156,108.61000061035156,2394.0
2025-12-02T17:58:00Z,108.5999984741211,108.5999984741211,108.55999755859375,108.55999755859375,108.55999755859375,1583.0
2025-12-02T17:59:00Z,108.5999984741211,108.5999984741211,108.58999633789062,108.5999984741211,108.5999984741211,1457.0
2025-12-02T18:00:00Z,108.58999633789062,108.61000061035156,108.58999633789062,108.61000061035156,108.61000061035156,1842.0
2025-12-02T18:01:00Z,108.62000274658203,108.62000274658203,108.62000274658203,108.62000274658203,108.62000274658203,224.0
2025-12-02T18:02:00Z,108.61000061035156,108.62000274658203,108.5999984741211,108.62000274658203,108.62000274658203,1789.0
2025-12-02T18:03:00Z,108.62999725341797,108.63999938964844,108.62000274658203,108.63999938964844,108.63999938964844,1675.0
2025-12-02T18:04:00Z,108.63500213623047,108.63999938964844,108.5999984741211,108.5999984741211,108.5999984741211,1496.0
2025-12-02T18:05:00Z,108.61000061035156,108.61000061035156,108.58000183105469,108.58000183105469,108.58000183105469,969.0
2025-12-02T18:06:00Z,108.58999633789062,108.5999984741211,108.58999633789062,108.59919738769531,108.59919738769531,2066.0
2025-12-02T18:07:00Z,108.62000274658203,108.62000274658203,108.5999984741211,108.5999984741211,108.5999984741211,1953.0
2025-12-02T18:08:00Z,108.60399627685547,108.62120056152344,108.58000183105469,108.58000183105469,108.58000183105469,3109.0
2025-12-02T18:09:00Z,108.58000183105469,108.58999633789062,108.55000305175781,108.55000305175781,108.55000305175781,2182.0
2025-12-02T18:10:00Z,108.55999755859375,108.59500122070312,108.55999755859375,108.59500122070312,108.59500122070312,1108.0
2025-12-02T18:11:00Z,108.5999984741211,108.61000061035156,108.5999984741211,108.61000061035156,108.61000061035156,852.0
2025-12-02T18:12:00Z,108.62000274658203,108.6500015258789,108.61000061035156,108.63999938964844,108.63999938964844,4760.0
2025-12-02T18:13:00Z,108.62999725341797,108.62999725341797,108.61000061035156,108.61000061035156,108.61000061035156,2110.0
2025-12-02T18:14:00Z,108.62999725341797,108.6500015258789,108.62999725341797,108.63999938964844,108.63999938964844,2048.0
2025-12-02T18:15:00Z,108.63999938964844,108.63999938964844,108.61000061035156,108.61000061035156,108.61000061035156,1509.0
2025-12-02T18:16:00Z,108.62999725341797,108.69999694824219,108.62999725341797,108.69999694824219,108.69999694824219,2562.0
2025-12-02T18:17:00Z,108.69999694824219,108.69999694824219,108.66999816894531,108.66999816894531,108.66999816894531,1741.0
2025-12-02T18:18:00Z,108.69000244140625,108.69000244140625,108.68000030517578,108.69000244140625,108.69000244140625,865.0
2025-12-02T18:19:00Z,108.69999694824219,108.69999694824219,108.69000244140625,108.69999694824219,108.69999694824219,2534.0
2025-12-02T18:20:00Z,108.69000244140625,108.70899963378906,108.66000366210938,108.70899963378906,108.70899963378906,1882.0
2025-12-02T18:21:00Z,108.70999908447266,108.72000122070312,108.69999694824219,108.72000122070312,108.72000122070312,2070.0
2025-12-02T18:22:00Z,108.71499633789062,108.79000091552734,108.71499633789062,108.79000091552734,108.79000091552734,2755.0
2025-12-02T18:23:00Z,108.82499694824219,108.83000183105469,108.81999969482422,108.83000183105469,108.83000183105469,1227.0
2025-12-02T18:24:00Z,108.81999969482422,108.81999969482422,108.80999755859375,108.81999969482422,108.81999969482422,1546.0
2025-12-02T18:25:00Z,108.80999755859375,108.80999755859375,108.7699966430664,108.7699966430664,108.7699966430664,2897.0
2025-12-02T18:26:00Z,108.7699966430664,108.7699966430664,108.73999786376953,108.73999786376953,108.73999786376953,2251.0
2025-12-02T18:27:00Z,108.74500274658203,108.7699966430664,108.74500274658203,108.7699966430664,108.7699966430664,1052.0
2025-12-02T18:28:00Z,108.75650024414062,108.76000213623047,108.73999786376953,108.76000213623047,108.76000213623047,3482.0
2025-12-02T18:29:00Z,108.7699966430664,108.80000305175781,108.7699966430664,108.80000305175781,108.80000305175781,2401.0
2025-12-02T18:30:00Z,108.80999755859375,108.94000244140625,108.80999755859375,108.94000244140625,108.94000244140625,5804.0
2025-12-02T18:31:00Z,108.93000030517578,108.93000030517578,108.9000015258789,108.9000015258789,108.9000015258789,2249.0
2025-12-02T18:32:00Z,108.91000366210938,108.91000366210938,108.88999938964844,108.88999938964844,108.88999938964844,746.0
2025-12-02T18:33:00Z,108.89099884033203,108.91999816894531,108.89099884033203,108.91999816894531,108.91999816894531,2594.0
2025-12-02T18:34:00Z,108.9000015258789,108.91000366210938,108.88999938964844,108.91000366210938,108.91000366210938,1974.0
2025-12-02T18:35:00Z,108.90499877929688,108.93000030517578,108.90499877929688,108.91999816894531,108.91999816894531,996.0
2025-12-02T18:36:00Z,108.93000030517578,108.94999694824219,108.93000030517578,108.94000244140625,108.94000244140625,3103.0
2025-12-02T18:37:00Z,108.94999694824219,108.95069885253906,108.93000030517578,108.93000030517578,108.93000030517578,2988.0
2025-12-02T18:38:00Z,108.94000244140625,108.94499969482422,108.91999816894531,108.92500305175781,108.92500305175781,3415.0
2025-12-02T18:39:00Z,108.91000366210938,108.91000366210938,108.88999938964844,108.88999938964844,108.88999938964844,1847.0
2025-12-02T18:40:00Z,108.87999725341797,108.91999816894531,108.87999725341797,108.91999816894531,108.91999816894531,1392.0
2025-12-02T18:41:00Z,108.9000015258789,108.91999816894531,108.9000015258789,108.91000366210938,108.91000366210938,694.0
2025-12-02T18:42:00Z,108.91000366210938,108.93000030517578,108.9000015258789,108.93000030517578,108.93000030517578,2957.0
2025-12-02T18:43:00Z,108.93000030517578,108.93000030517578,108.93000030517578,108.93000030517578,108.93000030517578,798.0
2025-12-02T18:44:00Z,108.94000244140625,108.96499633789062,108.91999816894531,108.93000030517578,108.93000030517578,3028.0
2025-12-02T18:45:00Z,108.91000366210938,108.91999816894531,108.9000015258789,108.91000366210938,108.91000366210938,2813.0
2025-12-02T18:46:00Z,108.91000366210938,108.94000244140625,108.91000366210938,108.92500305175781,108.92500305175781,3398.0
2025-12-02T18:47:00Z,108.94999694824219,108.94999694824219,108.90499877929688,108.90499877929688,108.90499877929688,2258.0
2025-12-02T18:48:00Z,108.9000015258789,108.9000015258789,108.9000015258789,108.9000015258789,108.9000015258789,619.0
2025-12-02T18:49:00Z,108.9000015258789,108.94000244140625,108.9000015258789,108.94000244140625,108.94000244140625,1230.0
2025-12-02T18:50:00Z,108.91999816894531,108.93000030517578,108.91999816894531,108.92009735107422,108.92009735107422,1514.0
2025-12-02T18:51:00Z,108.91999816894531,108.94000244140625,108.91000366210938,108.94000244140625,108.94000244140625,1735.0
2025-12-02T18:52:00Z,108.94999694824219,108.97000122070312,108.94000244140625,108.96499633789062,108.96499633789062,2844.0
2025-12-02T18:53:00Z,108.95999908447266,108.97000122070312,108.95999908447266,108.95999908447266,108.95999908447266,998.0
2025-12-02T18:54:00Z,108.95999908447266,108.95999908447266,108.94999694824219,108.95999908447266,108.95999908447266,1502.0
2025-12-02T18:55:00Z,108.98999786376953,109.01000213623047,108.98999786376953,109.01000213623047,109.01000213623047,2046.0
2025-12-02T18:56:00Z,108.98999786376953,109.0,108.95999908447266,109.0,109.0,3841.0
2025-12-02T18:57:00Z,109.0,109.0,108.93000030517578,108.97000122070312,108.97000122070312,2810.0
2025-12-02T18:58:00Z,108.97000122070312,108.9800033569336,108.94999694824219,108.94999694824219,108.94999694824219,2277.0
2025-12-02T18:59:00Z,108.95999908447266,108.98999786376953,108.95999908447266,108.98999786376953,108.98999786376953,2261.0
2025-12-02T19:00:00Z,108.98999786376953,108.98999786376953,108.9884033203125,108.9884033203125,108.9884033203125,1970.0
2025-12-02T19:01:00Z,108.9800033569336,109.0,108.9800033569336,109.0,109.0,1601.0
2025-12-02T19:02:00Z,109.0199966430664,109.04000091552734,109.0199966430664,109.04000091552734,109.04000091552734,2540.0
2025-12-02T19:03:00Z,109.02999877929688,109.02999877929688,109.02999877929688,109.02999877929688,109.02999877929688,1134.0
2025-12-02T19:04:00Z,109.04000091552734,109.08999633789062,109.04000091552734,109.06999969482422,109.06999969482422,3304.0
2025-12-02T19:05:00Z,109.06999969482422,109.08999633789062,109.06999969482422,109.06999969482422,109.06999969482422,2076.0
2025-12-02T19:06:00Z,109.08000183105469,109.09500122070312,109.0199966430664,109.02999877929688,109.02999877929688,2851.0
2025-12-02T19:07:00Z,109.02999877929688,109.04000091552734,109.02999877929688,109.04000091552734,109.04000091552734,2151.0
2025-12-02T19:08:00Z,109.06999969482422,109.06999969482422,109.06999969482422,109.06999969482422,109.06999969482422,645.0
2025-12-02T19:09:00Z,109.05999755859375,109.06400299072266,109.05000305175781,109.05000305175781,109.05000305175781,1545.0
2025-12-02T19:10:00Z,109.05000305175781,109.06449890136719,109.0199966430664,109.04000091552734,109.04000091552734,3127.0
2025-12-02T19:11:00Z,109.04000091552734,109.04000091552734,109.0,109.0,109.0,2362.0
2025-12-02T19:12:00Z,109.0,109.0,108.99500274658203,108.99500274658203,108.99500274658203,1181.0
2025-12-02T19:13:00Z,109.0,109.01000213623047,109.0,109.0,109.0,1051.0
2025-12-02T19:14:00Z,108.98999786376953,108.98999786376953,108.9800033569336,108.9800033569336,108.9800033569336,1910.0
2025-12-02T19:15:00Z,108.97000122070312,108.97000122070312,108.95500183105469,108.95500183105469,108.95500183105469,1282.0
2025-12-02T19:16:00Z,108.95999908447266,109.0,108.95999908447266,108.98410034179688,108.98410034179688,3041.0
2025-12-02T19:17:00Z,108.95999908447266,108.97000122070312,108.93000030517578,108.93000030517578,108.93000030517578,1798.0
2025-12-02T19:18:00Z,108.91000366210938,108.94499969482422,108.91000366210938,108.94499969482422,108.94499969482422,1884.0
2025-12-02T19:19:00Z,108.94999694824219,108.94999694824219,108.88500213623047,108.9000015258789,108.9000015258789,7034.0
2025-12-02T19:20:00Z,108.91000366210938,108.91000366210938,108.86000061035156,108.86000061035156,108.86000061035156,1878.0
2025-12-02T19:21:00Z,108.83000183105469,108.83000183105469,108.80999755859375,108.80999755859375,108.80999755859375,1301.0
2025-12-02T19:22:00Z,108.80650329589844,108.83999633789062,108.80650329589844,108.83999633789062,108.83999633789062,1104.0
2025-12-02T19:23:00Z,108.83000183105469,108.83000183105469,108.82499694824219,108.82499694824219,108.82499694824219,535.0
2025-12-02T19:24:00Z,108.82499694824219,108.82499694824219,108.80999755859375,108.80999755859375,108.80999755859375,2311.0
2025-12-02T19:26:00Z,108.80000305175781,108.80000305175781,108.79000091552734,108.80000305175781,108.80000305175781,2736.0
2025-12-02T19:27:00Z,108.81999969482422,108.81999969482422,108.81999969482422,108.81999969482422,108.81999969482422,1139.0
2025-12-02T19:28:00Z,108.80000305175781,108.80000305175781,108.77999877929688,108.80000305175781,108.80000305175781,1964.0
2025-12-02T19:29:00Z,108.80999755859375,108.83499908447266,108.80999755859375,108.83499908447266,108.83499908447266,1774.0
2025-12-02T19:30:00Z,108.8499984741211,108.8499984741211,108.83000183105469,108.83000183105469,108.83000183105469,1118.0
2025-12-02T19:31:00Z,108.8499984741211,108.87000274658203,108.8499984741211,108.86000061035156,108.86000061035156,1755.0
2025-12-02T19:32:00Z,108.86000061035156,108.86000061035156,108.83000183105469,108.83000183105469,108.83000183105469,2719.0
2025-12-02T19:33:00Z,108.81999969482422,108.81999969482422,108.80000305175781,108.80000305175781,108.80000305175781,1776.0
2025-12-02T19:34:00Z,108.79000091552734,108.80999755859375,108.79000091552734,108.80500030517578,108.80500030517578,2348.0
2025-12-02T19:35:00Z,108.79730224609375,108.79730224609375,108.77999877929688,108.77999877929688,108.77999877929688,969.0
2025-12-02T19:36:00Z,108.77999877929688,108.79000091552734,108.77999877929688,108.79000091552734,108.79000091552734,2053.0
2025-12-02T19:37:00Z,108.79000091552734,108.80000305175781,108.77999877929688,108.77999877929688,108.77999877929688,1411.0
2025-12-02T19:38:00Z,108.77999877929688,108.79000091552734,108.7699966430664,108.79000091552734,108.79000091552734,2227.0
2025-12-02T19:39:00Z,108.80000305175781,108.80999755859375,108.79000091552734,108.79000091552734,108.79000091552734,1374.0
2025-12-02T19:40:00Z,108.79000091552734,108.79000091552734,108.79000091552734,108.79000091552734,108.79000091552734,1688.0
2025-12-02T19:41:00Z,108.79000091552734,108.79000091552734,108.79000091552734,108.79000091552734,108.79000091552734,456.0
2025-12-02T19:42:00Z,108.79000091552734,108.83000183105469,108.79000091552734,108.83000183105469,108.83000183105469,1786.0
2025-12-02T19:43:00Z,108.83499908447266,108.83999633789062,108.81999969482422,108.83000183105469,108.83000183105469,3478.0
2025-12-02T19:44:00Z,108.80999755859375,108.83999633789062,108.80999755859375,108.83999633789062,108.83999633789062,1895.0
2025-12-02T19:45:00Z,108.8499984741211,108.8499984741211,108.8499984741211,108.8499984741211,108.8499984741211,1585.0
2025-12-02T19:46:00Z,108.86000061035156,108.86000061035156,108.83999633789062,108.83999633789062,108.83999633789062,1862.0
2025-12-02T19:47:00Z,108.83999633789062,108.83999633789062,108.83999633789062,108.83999633789062,108.83999633789062,1397.0
2025-12-02T19:48:00Z,108.84500122070312,108.86499786376953,108.84500122070312,108.86000061035156,108.86000061035156,3336.0
2025-12-02T19:49:00Z,108.87999725341797,108.88999938964844,108.87650299072266,108.87650299072266,108.87650299072266,1516.0
2025-12-02T19:50:00Z,108.88999938964844,108.88999938964844,108.87000274658203,108.87000274658203,108.87000274658203,1308.0
2025-12-02T19:51:00Z,108.87999725341797,108.94999694824219,108.87999725341797,108.94999694824219,108.94999694824219,1825.0
2025-12-02T19:52:00Z,108.97000122070312,108.97000122070312,108.95999908447266,108.95999908447266,108.95999908447266,1717.0
2025-12-02T19:53:00Z,108.9800033569336,108.9800033569336,108.9800033569336,108.9800033569336,108.9800033569336,846.0
2025-12-02T19:54:00Z,108.97000122070312,108.97000122070312,108.95674133300781,108.95999908447266,108.95999908447266,1972.0
2025-12-02T19:55:00Z,108.94999694824219,108.95999908447266,108.94999694824219,108.94999694824219,108.94999694824219,3050.0
2025-12-02T19:56:00Z,108.94999694824219,108.94999694824219,108.93000030517578,108.93000030517578,108.93000030517578,2082.0
2025-12-02T19:57:00Z,108.93000030517578,108.94000244140625,108.93000030517578,108.93000030517578,108.93000030517578,2363.0
2025-12-02T19:58:00Z,108.94000244140625,108.94000244140625,108.93000030517578,108.94000244140625,108.94000244140625,1754.0
2025-12-02T19:59:00Z,108.94000244140625,108.94000244140625,108.91999816894531,108.91999816894531,108.91999816894531,2232.0
2025-12-02T20:00:00Z,108.91999816894531,108.94000244140625,108.91999816894531,108.93000030517578,108.93000030517578,2332.0
2025-12-02T20:01:00Z,108.94000244140625,108.94000244140625,108.91000366210938,108.91000366210938,108.91000366210938,3860.0
2025-12-02T20:02:00Z,108.88999938964844,108.91000366210938,108.88999938964844,108.91000366210938,108.91000366210938,1453.0
2025-12-02T20:03:00Z,108.91000366210938,108.91500091552734,108.90499877929688,108.91500091552734,108.91500091552734,1957.0
2025-12-02T20:04:00Z,108.91000366210938,108.91000366210938,108.87000274658203,108.87000274658203,108.87000274658203,9520.0
2025-12-02T20:05:00Z,108.87000274658203,108.87000274658203,108.83000183105469,108.83000183105469,108.83000183105469,2224.0
2025-12-02T20:06:00Z,108.81999969482422,108.83399963378906,108.80999755859375,108.80999755859375,108.80999755859375,2889.0
2025-12-02T20:07:00Z,108.81999969482422,108.83999633789062,108.81999969482422,108.83999633789062,108.83999633789062,2393.0
2025-12-02T20:08:00Z,108.8499984741211,108.8499984741211,108.8219985961914,108.83999633789062,108.83999633789062,4690.0
2025-12-02T20:09:00Z,108.83999633789062,108.87000274658203,108.83999633789062,108.87000274658203,108.87000274658203,1225.0
2025-12-02T20:10:00Z,108.87999725341797,108.91000366210938,108.87999725341797,108.91000366210938,108.91000366210938,4041.0
2025-12-02T20:11:00Z,108.9000015258789,108.91000366210938,108.9000015258789,108.91000366210938,108.91000366210938,2203.0
2025-12-02T20:12:00Z,108.9000015258789,108.91999816894531,108.88999938964844,108.88999938964844,108.88999938964844,2544.0
2025-12-02T20:13:00Z,108.9000015258789,108.94999694824219,108.9000015258789,108.94000244140625,108.94000244140625,2363.0
2025-12-02T20:14:00Z,108.92990112304688,108.94000244140625,108.92990112304688,108.93000030517578,108.93000030517578,2549.0
2025-12-02T20:15:00Z,108.94000244140625,108.98999786376953,108.94000244140625,108.98500061035156,108.98500061035156,2540.0
2025-12-02T20:16:00Z,108.9800033569336,109.02999877929688,108.9800033569336,109.02999877929688,109.02999877929688,2696.0
2025-12-02T20:17:00Z,109.02999877929688,109.02999877929688,109.01000213623047,109.0199966430664,109.0199966430664,5068.0
2025-12-02T20:18:00Z,109.02999877929688,109.05999755859375,109.02999877929688,109.04499816894531,109.04499816894531,6491.0
2025-12-02T20:19:00Z,109.04000091552734,109.04000091552734,109.04000091552734,109.04000091552734,109.04000091552734,3160.0
2025-12-02T20:20:00Z,109.05000305175781,109.05000305175781,109.04309844970703,109.04309844970703,109.04309844970703,1485.0
2025-12-02T20:21:00Z,109.0250015258789,109.0250015258789,109.00499725341797,109.00499725341797,109.00499725341797,2154.0
2025-12-02T20:22:00Z,109.0,109.0,108.9800033569336,108.98999786376953,108.98999786376953,4195.0
2025-12-02T20:23:00Z,108.98999786376953,108.98999786376953,108.98999786376953,108.98999786376953,108.98999786376953,2382.0
2025-12-02T20:24:00Z,108.98999786376953,108.98999786376953,108.97000122070312,108.9800033569336,108.9800033569336,2905.0
2025-12-02T20:25:00Z,108.98999786376953,109.01000213623047,108.98999786376953,109.01000213623047,109.01000213623047,1343.0
2025-12-02T20:26:00Z,109.0,109.0,108.99500274658203,108.99500274658203,108.99500274658203,1155.0
2025-12-02T20:27:00Z,109.0,109.01000213623047,109.0,109.01000213623047,109.01000213623047,1715.0
2025-12-02T20:28:00Z,109.0,109.0,108.97000122070312,108.97000122070312,108.97000122070312,3608.0
2025-12-02T20:29:00Z,108.97000122070312,108.9800033569336,108.95999908447266,108.9800033569336,108.9800033569336,2797.0
2025-12-02T20:30:00Z,108.9800033569336,109.0199966430664,108.9800033569336,109.0199966430664,109.0199966430664,3362.0
2025-12-02T20:31:00Z,109.02999877929688,109.08499908447266,109.02999877929688,109.08499908447266,109.08499908447266,3081.0
2025-12-02T20:32:00Z,109.06999969482422,109.08000183105469,109.05999755859375,109.07499694824219,109.07499694824219,4432.0
2025-12-02T20:33:00Z,109.07499694824219,109.07499694824219,109.06999969482422,109.06999969482422,109.06999969482422,2048.0
2025-12-02T20:34:00Z,109.08999633789062,109.0999984741211,109.08999633789062,109.0999984741211,109.0999984741211,2268.0
2025-12-02T20:35:00Z,109.11000061035156,109.16500091552734,109.11000061035156,109.16500091552734,109.16500091552734,3878.0
2025-12-02T20:36:00Z,109.18000030517578,109.19000244140625,109.18000030517578,109.19000244140625,109.19000244140625,1337.0
2025-12-02T20:37:00Z,109.19000244140625,109.19999694824219,109.16999816894531,109.19999694824219,109.19999694824219,4753.0
2025-12-02T20:38:00Z,109.19999694824219,109.19999694824219,109.16000366210938,109.19000244140625,109.19000244140625,6198.0
2025-12-02T20:39:00Z,109.16999816894531,109.18000030517578,109.16999816894531,109.18000030517578,109.18000030517578,1196.0
2025-12-02T20:40:00Z,109.18000030517578,109.23500061035156,109.18000030517578,109.23500061035156,109.23500061035156,4215.0
2025-12-02T20:41:00Z,109.22000122070312,109.2300033569336,109.19999694824219,109.20999908447266,109.20999908447266,4499.0
2025-12-02T20:42:00Z,109.19499969482422,109.19499969482422,109.17500305175781,109.17500305175781,109.17500305175781,2199.0
2025-12-02T20:43:00Z,109.16000366210938,109.16000366210938,109.125,109.125,109.125,2939.0
2025-12-02T20:44:00Z,109.12100219726562,109.12999725341797,109.12000274658203,109.12000274658203,109.12000274658203,3361.0
2025-12-02T20:45:00Z,109.11000061035156,109.11000061035156,109.06999969482422,109.06999969482422,109.06999969482422,3961.0
2025-12-02T20:46:00Z,109.06999969482422,109.08999633789062,109.06999969482422,109.08999633789062,109.08999633789062,3738.0
2025-12-02T20:47:00Z,109.08000183105469,109.11000061035156,109.08000183105469,109.08000183105469,109.08000183105469,4341.0
2025-12-02T20:48:00Z,109.08000183105469,109.08999633789062,109.06999969482422,109.08499908447266,109.08499908447266,5543.0
2025-12-02T20:49:00Z,109.06999969482422,109.06999969482422,109.02999877929688,109.06999969482422,109.06999969482422,8632.0
2025-12-02T20:50:00Z,109.05999755859375,109.12999725341797,109.04000091552734,109.05000305175781,109.05000305175781,11829.0
2025-12-02T20:51:00Z,109.05000305175781,109.05999755859375,109.02999877929688,109.05999755859375,109.05999755859375,10129.0
2025-12-02T20:52:00Z,109.05999755859375,109.09500122070312,109.05000305175781,109.06999969482422,109.06999969482422,10796.0
2025-12-02T20:53:00Z,109.06500244140625,109.06500244140625,109.05000305175781,109.05500030517578,109.05500030517578,6368.0
2025-12-02T20:54:00Z,109.05000305175781,109.06999969482422,108.95999908447266,108.98999786376953,108.98999786376953,18357.0
2025-12-02T20:55:00Z,108.98500061035156,109.0,108.94999694824219,108.9800033569336,108.9800033569336,13917.0
2025-12-02T20:56:00Z,108.9800033569336,108.9800033569336,108.91500091552734,108.91999816894531,108.91999816894531,15913.0
2025-12-02T20:57:00Z,108.92500305175781,108.93499755859375,108.87999725341797,108.9000015258789,108.9000015258789,23195.0
2025-12-02T20:58:00Z,108.9000015258789,108.9000015258789,108.83999633789062,108.88999938964844,108.88999938964844,25833.0
2025-12-02T20:59:00Z,108.88999938964844,108.88999938964844,108.81999969482422,108.83000183105469,108.83000183105469,37728.0
2025-12-03T14:30:00Z,108.83000183105469,108.87000274658203,108.29000091552734,108.83000183105469,108.83000183105469,73726.0
2025-12-03T14:32:00Z,109.22000122070312,109.27999877929688,109.08999633789062,109.13999938964844,109.13999938964844,3077.0
2025-12-03T14:33:00Z,109.1500015258789,109.1500015258789,109.06999969482422,109.1500015258789,109.1500015258789,489.0
2025-12-03T14:34:00Z,109.16999816894531,109.19999694824219,109.13999938964844,109.19000244140625,109.19000244140625,2517.0
2025-12-03T14:35:00Z,109.1500015258789,109.33999633789062,109.1500015258789,109.27999877929688,109.27999877929688,5849.0
2025-12-03T14:36:00Z,109.23999786376953,109.33000183105469,109.23999786376953,109.30999755859375,109.30999755859375,1900.0
2025-12-03T14:37:00Z,109.33000183105469,109.33999633789062,109.26000213623047,109.26000213623047,109.26000213623047,2336.0
2025-12-03T14:38:00Z,109.31999969482422,109.38999938964844,109.29730224609375,109.38999938964844,109.38999938964844,1681.0
2025-12-03T14:39:00Z,109.4000015258789,109.44000244140625,109.37999725341797,109.44000244140625,109.44000244140625,2147.0
2025-12-03T14:40:00Z,109.37999725341797,109.4800033569336,109.37999725341797,109.4800033569336,109.4800033569336,1325.0
2025-12-03T14:41:00Z,109.43000030517578,109.43000030517578,109.43000030517578,109.43000030517578,109.43000030517578,124.0
2025-12-03T14:43:00Z,109.41000366210938,109.41000366210938,109.41000366210938,109.41000366210938,109.41000366210938,4704.0
2025-12-03T14:44:00Z,109.4000015258789,109.4000015258789,109.4000015258789,109.4000015258789,109.4000015258789,605.0
2025-12-03T14:45:00Z,109.3949966430664,109.44000244140625,109.23999786376953,109.23999786376953,109.23999786376953,1561.0
2025-12-03T14:46:00Z,109.16999816894531,109.19999694824219,108.98999786376953,108.98999786376953,108.98999786376953,1744.0
2025-12-03T14:47:00Z,109.06999969482422,109.11000061035156,109.00499725341797,109.03250122070312,109.03250122070312,3653.0
2025-12-03T14:48:00Z,109.08999633789062,109.1500015258789,109.05500030517578,109.1500015258789,109.1500015258789,1474.0
2025-12-03T14:49:00Z,109.19000244140625,109.21499633789062,109.06999969482422,109.08999633789062,109.08999633789062,2341.0
2025-12-03T14:50:00Z,109.04499816894531,109.04499816894531,109.01000213623047,109.03500366210938,109.03500366210938,1477.0
2025-12-03T14:51:00Z,109.08219909667969,109.08219909667969,109.06999969482422,109.06999969482422,109.06999969482422,1425.0
2025-12-03T14:52:00Z,108.94999694824219,108.94999694824219,108.71499633789062,108.75,108.75,4035.0
2025-12-03T14:53:00Z,108.80000305175781,108.87100219726562,108.80000305175781,108.87000274658203,108.87000274658203,2975.0
2025-12-03T14:54:00Z,108.87000274658203,108.87000274658203,108.83999633789062,108.83999633789062,108.83999633789062,1214.0
2025-12-03T14:55:00Z,108.81999969482422,108.94999694824219,108.81999969482422,108.91000366210938,108.91000366210938,4454.0
2025-12-03T14:56:00Z,108.94999694824219,108.94999694824219,108.91999816894531,108.93000030517578,108.93000030517578,2490.0
2025-12-03T14:57:00Z,108.97000122070312,108.9800033569336,108.86000061035156,108.97000122070312,108.97000122070312,10314.0
2025-12-03T14:58:00Z,108.93499755859375,108.97000122070312,108.93499755859375,108.97000122070312,108.97000122070312,950.0
2025-12-03T14:59:00Z,108.8949966430664,108.95999908447266,108.8499984741211,108.94999694824219,108.94999694824219,5577.0
2025-12-03T15:00:00Z,108.94999694824219,109.05000305175781,108.89250183105469,108.94000244140625,108.94000244140625,5913.0
2025-12-03T15:01:00Z,108.93000030517578,109.04979705810547,108.93000030517578,109.04979705810547,109.04979705810547,8035.0
2025-12-03T15:02:00Z,109.05000305175781,109.05000305175781,108.99030303955078,109.01499938964844,109.01499938964844,5056.0
2025-12-03T15:03:00Z,109.01000213623047,109.01490020751953,108.94999694824219,109.01000213623047,109.01000213623047,3769.0
2025-12-03T15:04:00Z,109.0199966430664,109.06999969482422,108.98999786376953,109.0199966430664,109.0199966430664,2563.0
2025-12-03T15:05:00Z,109.0199966430664,109.0250015258789,108.9000015258789,108.91000366210938,108.91000366210938,7423.0
2025-12-03T15:06:00Z,108.9000015258789,108.91999816894531,108.86000061035156,108.88999938964844,108.88999938964844,9033.0
2025-12-03T15:07:00Z,108.87000274658203,108.88999938964844,108.83999633789062,108.83999633789062,108.83999633789062,3021.0
2025-12-03T15:08:00Z,108.81999969482422,108.875,108.7300033569336,108.86000061035156,108.86000061035156,8720.0
2025-12-03T15:09:00Z,108.83499908447266,108.8499984741211,108.80000305175781,108.81999969482422,108.81999969482422,3616.0
2025-12-03T15:10:00Z,108.80000305175781,108.80000305175781,108.69999694824219,108.70999908447266,108.70999908447266,5218.0
2025-12-03T15:11:00Z,108.69999694824219,108.71410369873047,108.68000030517578,108.69499969482422,108.69499969482422,2997.0
2025-12-03T15:12:00Z,108.7300033569336,108.7300033569336,108.63500213623047,108.63500213623047,108.63500213623047,5009.0
2025-12-03T15:13:00Z,108.61000061035156,108.73999786376953,108.58999633789062,108.71499633789062,108.71499633789062,5744.0
2025-12-03T15:14:00Z,108.73999786376953,108.73999786376953,108.73999786376953,108.73999786376953,108.73999786376953,1271.0
2025-12-03T15:15:00Z,108.73999786376953,108.73999786376953,108.69999694824219,108.69999694824219,108.69999694824219,828.0
2025-12-03T15:16:00Z,108.70999908447266,108.80000305175781,108.70999908447266,108.80000305175781,108.80000305175781,3652.0
2025-12-03T15:17:00Z,108.7699966430664,108.77999877929688,108.7699966430664,108.77999877929688,108.77999877929688,901.0
2025-12-03T15:18:00Z,108.76000213623047,108.80000305175781,108.74500274658203,108.74500274658203,108.74500274658203,5181.0
2025-12-03T15:19:00Z,108.76000213623047,108.81999969482422,108.75,108.81500244140625,108.81500244140625,3121.0
2025-12-03T15:20:00Z,108.81999969482422,108.86499786376953,108.81999969482422,108.81999969482422,108.81999969482422,3345.0
2025-12-03T15:21:00Z,108.81999969482422,108.87000274658203,108.79499816894531,108.87000274658203,108.87000274658203,3832.0
2025-12-03T15:22:00Z,108.87999725341797,108.88999938964844,108.81999969482422,108.81999969482422,108.81999969482422,3801.0
2025-12-03T15:23:00Z,108.83000183105469,108.83999633789062,108.80000305175781,108.80000305175781,108.80000305175781,1998.0
2025-12-03T15:24:00Z,108.80000305175781,108.80000305175781,108.73999786376953,108.77999877929688,108.77999877929688,2318.0
2025-12-03T15:25:00Z,108.77999877929688,108.94499969482422,108.77999877929688,108.94000244140625,108.94000244140625,8823.0
2025-12-03T15:26:00Z,108.94000244140625,108.94000244140625,108.87999725341797,108.88999938964844,108.88999938964844,4229.0
2025-12-03T15:27:00Z,108.87999725341797,108.97000122070312,108.87999725341797,108.95999908447266,108.95999908447266,3378.0
2025-12-03T15:28:00Z,108.95999908447266,108.9800033569336,108.9520034790039,108.97000122070312,108.97000122070312,2591.0
2025-12-03T15:29:00Z,108.95999908447266,108.95999908447266,108.91999816894531,108.94999694824219,108.94999694824219,9577.0
2025-12-03T15:30:00Z,108.94000244140625,108.94499969482422,108.9000015258789,108.93000030517578,108.93000030517578,3652.0
2025-12-03T15:31:00Z,108.97000122070312,109.02999877929688,108.97000122070312,109.02999877929688,109.02999877929688,3164.0
2025-12-03T15:32:00Z,109.0250015258789,109.04000091552734,109.0199966430664,109.02999877929688,109.02999877929688,1995.0
2025-12-03T15:33:00Z,109.02999877929688,109.04000091552734,108.94999694824219,108.97000122070312,108.97000122070312,9804.0
2025-12-03T15:34:00Z,108.95999908447266,108.97000122070312,108.91000366210938,108.94999694824219,108.94999694824219,3761.0
2025-12-03T15:35:00Z,108.95999908447266,108.9749984741211,108.8949966430664,108.8949966430664,108.8949966430664,4833.0
2025-12-03T15:36:00Z,108.87000274658203,108.87000274658203,108.86000061035156,108.86000061035156,108.86000061035156,1342.0
2025-12-03T15:37:00Z,108.86499786376953,108.86499786376953,108.81999969482422,108.83999633789062,108.83999633789062,5085.0
2025-12-03T15:38:00Z,108.87999725341797,108.87999725341797,108.77999877929688,108.77999877929688,108.77999877929688,2968.0
2025-12-03T15:39:00Z,108.77999877929688,108.77999877929688,108.75,108.75,108.75,2130.0
2025-12-03T15:40:00Z,108.75,108.75,108.72000122070312,108.75,108.75,1915.0
2025-12-03T15:41:00Z,108.69999694824219,108.75,108.69999694824219,108.69999694824219,108.69999694824219,2590.0
2025-12-03T15:42:00Z,108.75,108.75,108.69000244140625,108.69000244140625,108.69000244140625,1550.0
2025-12-03T15:43:00Z,108.70999908447266,108.75499725341797,108.69000244140625,108.75,108.75,2720.0
2025-12-03T15:44:00Z,108.7300033569336,108.7300033569336,108.70999908447266,108.70999908447266,108.70999908447266,1131.0
2025-12-03T15:45:00Z,108.73999786376953,108.76000213623047,108.7300033569336,108.76000213623047,108.76000213623047,2852.0
2025-12-03T15:46:00Z,108.77999877929688,108.77999877929688,108.7699966430664,108.7699966430664,108.7699966430664,1423.0
2025-12-03T15:47:00Z,108.77999877929688,108.80000305175781,108.77999877929688,108.80000305175781,108.80000305175781,1809.0
2025-12-03T15:48:00Z,108.80000305175781,108.80249786376953,108.73320007324219,108.75,108.75,3590.0
2025-12-03T15:49:00Z,108.72000122070312,108.72750091552734,108.69000244140625,108.69000244140625,108.69000244140625,3291.0
2025-12-03T15:50:00Z,108.68000030517578,108.69499969482422,108.67500305175781,108.69499969482422,108.69499969482422,1694.0
2025-12-03T15:51:00Z,108.69999694824219,108.74500274658203,108.66000366210938,108.74500274658203,108.74500274658203,2370.0
2025-12-03T15:52:00Z,108.76000213623047,108.76000213623047,108.7300033569336,108.75,108.75,1575.0
2025-12-03T15:53:00Z,108.75849914550781,108.7699966430664,108.75,108.76000213623047,108.76000213623047,970.0
2025-12-03T15:54:00Z,108.79000091552734,108.80999755859375,108.7750015258789,108.80999755859375,108.80999755859375,3309.0
2025-12-03T15:55:00Z,108.79000091552734,108.80000305175781,108.71499633789062,108.71499633789062,108.71499633789062,4152.0
2025-12-03T15:56:00Z,108.69499969482422,108.74960327148438,108.69499969482422,108.7300033569336,108.7300033569336,1742.0
2025-12-03T15:57:00Z,108.73999786376953,108.76000213623047,108.6500015258789,108.69000244140625,108.69000244140625,3648.0
2025-12-03T15:58:00Z,108.69999694824219,108.7699966430664,108.69010162353516,108.76000213623047,108.76000213623047,4604.0
2025-12-03T15:59:00Z,108.7699966430664,108.80500030517578,108.75,108.75,108.75,2964.0
2025-12-03T16:00:00Z,108.73999786376953,108.75,108.71499633789062,108.75,108.75,3112.0
2025-12-03T16:01:00Z,108.7699966430664,108.80999755859375,108.76000213623047,108.76000213623047,108.76000213623047,2683.0
2025-12-03T16:02:00Z,108.73999786376953,108.73999786376953,108.73999786376953,108.73999786376953,108.73999786376953,528.0
2025-12-03T16:03:00Z,108.7699966430664,108.7699966430664,108.75499725341797,108.7699966430664,108.7699966430664,1739.0
2025-12-03T16:04:00Z,108.73999786376953,108.73999786376953,108.69999694824219,108.69999694824219,108.69999694824219,2656.0
2025-12-03T16:05:00Z,108.70999908447266,108.7300033569336,108.70999908447266,108.70999908447266,108.70999908447266,3370.0
2025-12-03T16:06:00Z,108.72000122070312,108.7300033569336,108.69750213623047,108.72000122070312,108.72000122070312,2457.0
2025-12-03T16:07:00Z,108.73999786376953,108.75,108.73999786376953,108.75,108.75,1108.0
2025-12-03T16:08:00Z,108.7300033569336,108.7699966430664,108.7300033569336,108.74500274658203,108.74500274658203,3674.0
2025-12-03T16:09:00Z,108.74500274658203,108.81999969482422,108.74500274658203,108.81999969482422,108.81999969482422,7774.0
2025-12-03T16:10:00Z,108.81999969482422,108.87999725341797,108.81999969482422,108.87999725341797,108.87999725341797,1912.0
2025-12-03T16:11:00Z,108.88500213623047,108.88500213623047,108.76000213623047,108.76499938964844,108.76499938964844,8102.0
2025-12-03T16:12:00Z,108.76000213623047,108.76000213623047,108.73999786376953,108.73999786376953,108.73999786376953,5469.0
2025-12-03T16:13:00Z,108.72000122070312,108.76000213623047,108.71499633789062,108.76000213623047,108.76000213623047,1749.0
2025-12-03T16:14:00Z,108.75,108.79000091552734,108.75,108.79000091552734,108.79000091552734,2229.0
2025-12-03T16:15:00Z,108.77999877929688,108.77999877929688,108.76000213623047,108.76000213623047,108.76000213623047,1690.0
2025-12-03T16:16:00Z,108.7699966430664,108.81999969482422,108.7699966430664,108.79499816894531,108.79499816894531,3168.0
2025-12-03T16:17:00Z,108.80999755859375,108.8385009765625,108.80999755859375,108.80999755859375,108.80999755859375,2089.0
2025-12-03T16:18:00Z,108.80999755859375,108.80999755859375,108.7300033569336,108.77999877929688,108.77999877929688,6111.0
2025-12-03T16:19:00Z,108.7750015258789,108.77999877929688,108.76000213623047,108.76000213623047,108.76000213623047,2642.0
2025-12-03T16:20:00Z,108.75,108.75,108.72000122070312,108.72000122070312,108.72000122070312,3383.0
2025-12-03T16:21:00Z,108.72000122070312,108.7300033569336,108.70500183105469,108.72000122070312,108.72000122070312,2177.0
2025-12-03T16:22:00Z,108.73999786376953,108.77999877929688,108.73999786376953,108.7750015258789,108.7750015258789,3347.0
2025-12-03T16:23:00Z,108.81999969482422,108.83000183105469,108.81999969482422,108.83000183105469,108.83000183105469,949.0
2025-12-03T16:24:00Z,108.8499984741211,108.88500213623047,108.8499984741211,108.87999725341797,108.87999725341797,2382.0
2025-12-03T16:25:00Z,108.88999938964844,108.9000015258789,108.88999938964844,108.88999938964844,108.88999938964844,1551.0
2025-12-03T16:26:00Z,108.88999938964844,108.91000366210938,108.88999938964844,108.91000366210938,108.91000366210938,970.0
2025-12-03T16:27:00Z,108.9000015258789,108.9000015258789,108.83999633789062,108.83999633789062,108.83999633789062,4250.0
2025-12-03T16:28:00Z,108.82499694824219,108.83000183105469,108.80999755859375,108.80999755859375,108.80999755859375,2062.0
2025-12-03T16:29:00Z,108.80000305175781,108.80000305175781,108.79000091552734,108.79000091552734,108.79000091552734,849.0
2025-12-03T16:30:00Z,108.77999877929688,108.79000091552734,108.70999908447266,108.75,108.75,6422.0
2025-12-03T16:31:00Z,108.79000091552734,108.79000091552734,108.76599884033203,108.76599884033203,108.76599884033203,708.0
2025-12-03T16:32:00Z,108.77999877929688,108.77999877929688,108.77999877929688,108.77999877929688,108.77999877929688,1026.0
2025-12-03T16:33:00Z,108.7699966430664,108.80000305175781,108.75,108.80000305175781,108.80000305175781,3664.0
2025-12-03T16:34:00Z,108.80000305175781,108.80000305175781,108.78500366210938,108.79000091552734,108.79000091552734,2778.0
2025-12-03T16:35:00Z,108.80000305175781,108.80000305175781,108.7699966430664,108.77999877929688,108.77999877929688,2402.0
2025-12-03T16:36:00Z,108.7699966430664,108.7699966430664,108.73999786376953,108.74130249023438,108.74130249023438,3013.0
2025-12-03T16:37:00Z,108.75,108.76000213623047,108.75,108.76000213623047,108.76000213623047,1463.0
2025-12-03T16:38:00Z,108.74500274658203,108.74500274658203,108.69000244140625,108.69000244140625,108.69000244140625,2543.0
2025-12-03T16:39:00Z,108.66500091552734,108.68000030517578,108.61000061035156,108.62000274658203,108.62000274658203,3311.0
2025-12-03T16:40:00Z,108.62999725341797,108.66999816894531,108.58000183105469,108.66999816894531,108.66999816894531,5059.0
2025-12-03T16:41:00Z,108.63999938964844,108.63999938964844,108.58999633789062,108.58999633789062,108.58999633789062,1262.0
2025-12-03T16:42:00Z,108.55000305175781,108.58999633789062,108.52999877929688,108.58000183105469,108.58000183105469,3846.0
2025-12-03T16:43:00Z,108.58999633789062,108.58999633789062,108.57499694824219,108.58999633789062,108.58999633789062,2541.0
2025-12-03T16:44:00Z,108.5999984741211,108.62000274658203,108.5999984741211,108.6050033569336,108.6050033569336,3448.0
2025-12-03T16:45:00Z,108.61000061035156,108.61000061035156,108.58000183105469,108.5999984741211,108.5999984741211,2521.0
2025-12-03T16:46:00Z,108.61000061035156,108.67500305175781,108.5999984741211,108.67500305175781,108.67500305175781,4719.0
2025-12-03T16:47:00Z,108.69000244140625,108.7300033569336,108.69000244140625,108.72000122070312,108.72000122070312,1508.0
2025-12-03T16:48:00Z,108.69499969482422,108.70999908447266,108.69499969482422,108.70999908447266,108.70999908447266,1923.0
2025-12-03T16:49:00Z,108.72000122070312,108.72000122070312,108.70999908447266,108.71499633789062,108.71499633789062,647.0
2025-12-03T16:50:00Z,108.69999694824219,108.72000122070312,108.69999694824219,108.69999694824219,108.69999694824219,2604.0
2025-12-03T16:51:00Z,108.69999694824219,108.69999694824219,108.68000030517578,108.69000244140625,108.69000244140625,3000.0
2025-12-03T16:52:00Z,108.70999908447266,108.75,108.70999908447266,108.75,108.75,2707.0
2025-12-03T16:53:00Z,108.73999786376953,108.73999786376953,108.70999908447266,108.70999908447266,108.70999908447266,2735.0
2025-12-03T16:54:00Z,108.70999908447266,108.70999908447266,108.69999694824219,108.69999694824219,108.69999694824219,1467.0
2025-12-03T16:55:00Z,108.70500183105469,108.73999786376953,108.69999694824219,108.73999786376953,108.73999786376953,1929.0
2025-12-03T16:56:00Z,108.72000122070312,108.72000122070312,108.68000030517578,108.69000244140625,108.69000244140625,2799.0
2025-12-03T16:57:00Z,108.69999694824219,108.69999694824219,108.69499969482422,108.69999694824219,108.69999694824219,1158.0
2025-12-03T16:58:00Z,108.69999694824219,108.7249984741211,108.69000244140625,108.7249984741211,108.7249984741211,2218.0
2025-12-03T16:59:00Z,108.7300033569336,108.75,108.7300033569336,108.75,108.75,1451.0
2025-12-03T17:00:00Z,108.75,108.7699966430664,108.75,108.76499938964844,108.76499938964844,2272.0
2025-12-03T17:01:00Z,108.75,108.7699966430664,108.72000122070312,108.7300033569336,108.7300033569336,4217.0
2025-12-03T17:02:00Z,108.72000122070312,108.7699966430664,108.72000122070312,108.76000213623047,108.76000213623047,1523.0
2025-12-03T17:03:00Z,108.76000213623047,108.76000213623047,108.76000213623047,108.76000213623047,108.76000213623047,872.0
2025-12-03T17:04:00Z,108.77999877929688,108.80000305175781,108.7699966430664,108.7699966430664,108.7699966430664,1973.0
2025-12-03T17:05:00Z,108.76100158691406,108.77999877929688,108.76100158691406,108.77999877929688,108.77999877929688,2226.0
2025-12-03T17:06:00Z,108.77320098876953,108.77999877929688,108.7300033569336,108.7300033569336,108.7300033569336,2187.0
2025-12-03T17:07:00Z,108.73500061035156,108.73999786376953,108.69999694824219,108.69999694824219,108.69999694824219,1736.0
2025-12-03T17:08:00Z,108.7300033569336,108.73999786376953,108.7300033569336,108.73999786376953,108.73999786376953,924.0
2025-12-03T17:09:00Z,108.73999786376953,108.73999786376953,108.72000122070312,108.72000122070312,108.72000122070312,875.0
2025-12-03T17:10:00Z,108.7249984741211,108.7300033569336,108.70999908447266,108.70999908447266,108.70999908447266,1324.0
2025-12-03T17:11:00Z,108.73999786376953,108.75,108.70999908447266,108.71499633789062,108.71499633789062,2489.0
2025-12-03T17:12:00Z,108.7300033569336,108.73999786376953,108.7300033569336,108.7300033569336,108.7300033569336,1772.0
2025-12-03T17:13:00Z,108.7300033569336,108.73500061035156,108.7300033569336,108.73500061035156,108.73500061035156,1171.0
2025-12-03T17:14:00Z,108.75499725341797,108.76000213623047,108.75499725341797,108.76000213623047,108.76000213623047,838.0
2025-12-03T17:15:00Z,108.76000213623047,108.77999877929688,108.75499725341797,108.76000213623047,108.76000213623047,2581.0
2025-12-03T17:16:00Z,108.7699966430664,108.80000305175781,108.76499938964844,108.80000305175781,108.80000305175781,3611.0
2025-12-03T17:17:00Z,108.80500030517578,108.80999755859375,108.77999877929688,108.80999755859375,108.80999755859375,6515.0
2025-12-03T17:18:00Z,108.80500030517578,108.80999755859375,108.80000305175781,108.80999755859375,108.80999755859375,1930.0
2025-12-03T17:19:00Z,108.80999755859375,108.80999755859375,108.80999755859375,108.80999755859375,108.80999755859375,210.0
2025-12-03T17:20:00Z,108.80000305175781,108.8499984741211,108.80000305175781,108.8499984741211,108.8499984741211,3126.0
2025-12-03T17:21:00Z,108.8499984741211,108.87000274658203,108.8499984741211,108.87000274658203,108.87000274658203,1529.0
2025-12-03T17:22:00Z,108.86499786376953,108.875,108.83999633789062,108.86000061035156,108.86000061035156,4904.0
2025-12-03T17:23:00Z,108.86000061035156,108.86000061035156,108.86000061035156,108.86000061035156,108.86000061035156,1310.0
2025-12-03T17:24:00Z,108.87000274658203,108.875,108.87000274658203,108.87000274658203,108.87000274658203,1335.0
2025-12-03T17:25:00Z,108.86000061035156,108.88999938964844,108.86000061035156,108.88999938964844,108.88999938964844,2095.0
2025-12-03T17:26:00Z,108.91000366210938,108.94000244140625,108.91000366210938,108.91500091552734,108.91500091552734,3680.0
2025-12-03T17:27:00Z,108.91500091552734,108.93900299072266,108.91000366210938,108.93900299072266,108.93900299072266,1829.0
2025-12-03T17:28:00Z,108.94000244140625,108.9749984741211,108.94000244140625,108.97000122070312,108.97000122070312,2898.0
2025-12-03T17:29:00Z,108.94999694824219,108.94999694824219,108.92739868164062,108.92739868164062,108.92739868164062,797.0
2025-12-03T17:30:00Z,108.94000244140625,108.98500061035156,108.94000244140625,108.98500061035156,108.98500061035156,1884.0
2025-12-03T17:31:00Z,108.98999786376953,109.06999969482422,108.98999786376953,109.05999755859375,109.05999755859375,5558.0
2025-12-03T17:32:00Z,109.05999755859375,109.07499694824219,109.05999755859375,109.05999755859375,109.05999755859375,6257.0
2025-12-03T17:33:00Z,109.06500244140625,109.06500244140625,109.0199966430664,109.02999877929688,109.02999877929688,5488.0
2025-12-03T17:34:00Z,109.02999877929688,109.05000305175781,109.02999877929688,109.05000305175781,109.05000305175781,3341.0
2025-12-03T17:35:00Z,109.05000305175781,109.05000305175781,109.04000091552734,109.04000091552734,109.04000091552734,2188.0
2025-12-03T17:36:00Z,109.05000305175781,109.05999755859375,109.0199966430664,109.0199966430664,109.0199966430664,6938.0
2025-12-03T17:37:00Z,109.01000213623047,109.08350372314453,108.98999786376953,109.08350372314453,109.08350372314453,4139.0
2025-12-03T17:38:00Z,109.0999984741211,109.0999984741211,109.08999633789062,109.08999633789062,109.08999633789062,1301.0
2025-12-03T17:39:00Z,109.12000274658203,109.12999725341797,109.08999633789062,109.08999633789062,109.08999633789062,2409.0
2025-12-03T17:40:00Z,109.08000183105469,109.08000183105469,109.05500030517578,109.08000183105469,109.08000183105469,1073.0
2025-12-03T17:41:00Z,109.06999969482422,109.06999969482422,109.05999755859375,109.06999969482422,109.06999969482422,3056.0
2025-12-03T17:42:00Z,109.08000183105469,109.08000183105469,109.05999755859375,109.05999755859375,109.05999755859375,2849.0
2025-12-03T17:43:00Z,109.05999755859375,109.08000183105469,109.05999755859375,109.08000183105469,109.08000183105469,1653.0
2025-12-03T17:44:00Z,109.08999633789062,109.12000274658203,109.08999633789062,109.12000274658203,109.12000274658203,1490.0
2025-12-03T17:45:00Z,109.12000274658203,109.12000274658203,109.08000183105469,109.08000183105469,109.08000183105469,1288.0
2025-12-03T17:46:00Z,109.08000183105469,109.08000183105469,109.05000305175781,109.05000305175781,109.05000305175781,3381.0
2025-12-03T17:47:00Z,109.04499816894531,109.08000183105469,109.04499816894531,109.08000183105469,109.08000183105469,1389.0
2025-12-03T17:48:00Z,109.08999633789062,109.12999725341797,109.08999633789062,109.11000061035156,109.11000061035156,2173.0
2025-12-03T17:49:00Z,109.12999725341797,109.12999725341797,109.12999725341797,109.12999725341797,109.12999725341797,1224.0
2025-12-03T17:50:00Z,109.12000274658203,109.12000274658203,109.05999755859375,109.07499694824219,109.07499694824219,1496.0
2025-12-03T17:51:00Z,109.06999969482422,109.06999969482422,109.06999969482422,109.06999969482422,109.06999969482422,819.0
2025-12-03T17:52:00Z,109.05000305175781,109.05999755859375,109.02999877929688,109.02999877929688,109.02999877929688,3481.0
2025-12-03T17:53:00Z,109.02999877929688,109.02999877929688,109.02999877929688,109.02999877929688,109.02999877929688,1085.0
2025-12-03T17:54:00Z,109.05999755859375,109.05999755859375,109.04000091552734,109.04000091552734,109.04000091552734,1920.0
2025-12-03T17:55:00Z,109.05000305175781,109.05000305175781,109.04000091552734,109.04000091552734,109.04000091552734,1104.0
2025-12-03T17:56:00Z,109.05500030517578,109.08000183105469,109.04000091552734,109.05000305175781,109.05000305175781,3800.0
2025-12-03T17:57:00Z,109.05999755859375,109.05999755859375,109.05999755859375,109.05999755859375,109.05999755859375,619.0
2025-12-03T17:58:00Z,109.04000091552734,109.05000305175781,109.03500366210938,109.05000305175781,109.05000305175781,1109.0
2025-12-03T17:59:00Z,109.05999755859375,109.05999755859375,109.03800201416016,109.05999755859375,109.05999755859375,3228.0
2025-12-03T18:00:00Z,109.08000183105469,109.08999633789062,109.06999969482422,109.06999969482422,109.06999969482422,1233.0
2025-12-03T18:01:00Z,109.05500030517578,109.05500030517578,109.05500030517578,109.05500030517578,109.05500030517578,497.0
2025-12-03T18:02:00Z,109.05999755859375,109.08000183105469,109.05999755859375,109.08000183105469,109.08000183105469,1493.0
2025-12-03T18:03:00Z,109.08999633789062,109.0999984741211,109.08999633789062,109.08999633789062,109.08999633789062,2104.0
2025-12-03T18:04:00Z,109.08999633789062,109.08999633789062,109.08999633789062,109.08999633789062,109.08999633789062,398.0
2025-12-03T18:05:00Z,109.09159851074219,109.09159851074219,109.06999969482422,109.06999969482422,109.06999969482422,2168.0
2025-12-03T18:06:00Z,109.08000183105469,109.08000183105469,109.08000183105469,109.08000183105469,109.08000183105469,1163.0
2025-12-03T18:07:00Z,109.08000183105469,109.11000061035156,109.07499694824219,109.11000061035156,109.11000061035156,3294.0
2025-12-03T18:08:00Z,109.12000274658203,109.12999725341797,109.12000274658203,109.12999725341797,109.12999725341797,871.0
2025-12-03T18:09:00Z,109.12000274658203,109.16000366210938,109.11000061035156,109.16000366210938,109.16000366210938,2880.0
2025-12-03T18:10:00Z,109.16000366210938,109.16000366210938,109.16000366210938,109.16000366210938,109.16000366210938,876.0
2025-12-03T18:12:00Z,109.16999816894531,109.16999816894531,109.16000366210938,109.16500091552734,109.16500091552734,1220.0
2025-12-03T18:13:00Z,109.1500015258789,109.1500015258789,109.12999725341797,109.12999725341797,109.12999725341797,956.0
2025-12-03T18:14:00Z,109.13999938964844,109.13999938964844,109.12000274658203,109.12000274658203,109.12000274658203,2006.0
2025-12-03T18:15:00Z,109.12999725341797,109.13999938964844,109.0999984741211,109.0999984741211,109.0999984741211,2387.0
2025-12-03T18:16:00Z,109.12000274658203,109.12999725341797,109.11000061035156,109.12999725341797,109.12999725341797,1965.0
2025-12-03T18:17:00Z,109.12999725341797,109.12999725341797,109.12000274658203,109.12999725341797,109.12999725341797,1295.0
2025-12-03T18:18:00Z,109.12999725341797,109.12999725341797,109.12999725341797,109.12999725341797,109.12999725341797,747.0
2025-12-03T18:19:00Z,109.12000274658203,109.12000274658203,109.11000061035156,109.11000061035156,109.11000061035156,1154.0
2025-12-03T18:20:00Z,109.0999984741211,109.13990020751953,109.08999633789062,109.13990020751953,109.13990020751953,1776.0
2025-12-03T18:21:00Z,109.13999938964844,109.13999938964844,109.13999938964844,109.13999938964844,109.13999938964844,657.0
2025-12-03T18:26:00Z,109.12999725341797,109.12999725341797,109.11499786376953,109.11499786376953,109.11499786376953,10770.0
2025-12-03T18:27:00Z,109.12000274658203,109.12999725341797,109.12000274658203,109.12999725341797,109.12999725341797,1302.0
2025-12-03T18:28:00Z,109.12999725341797,109.13999938964844,109.12999725341797,109.13999938964844,109.13999938964844,1304.0
2025-12-03T18:29:00Z,109.16000366210938,109.16999816894531,109.16000366210938,109.16999816894531,109.16999816894531,1703.0
2025-12-03T18:30:00Z,109.18000030517578,109.18000030517578,109.16500091552734,109.16500091552734,109.16500091552734,1980.0
2025-12-03T18:31:00Z,109.16999816894531,109.16999816894531,109.16000366210938,109.16000366210938,109.16000366210938,1211.0
2025-12-03T18:32:00Z,109.16000366210938,109.16000366210938,109.16000366210938,109.16000366210938,109.16000366210938,205.0
2025-12-03T18:33:00Z,109.16500091552734,109.16999816894531,109.1500015258789,109.16999816894531,109.16999816894531,3479.0
2025-12-03T18:34:00Z,109.16999816894531,109.18000030517578,109.16000366210938,109.18000030517578,109.18000030517578,1642.0
2025-12-03T18:35:00Z,109.18000030517578,109.19000244140625,109.18000030517578,109.19000244140625,109.19000244140625,1859.0
2025-12-03T18:36:00Z,109.19010162353516,109.19010162353516,109.19010162353516,109.19010162353516,109.19010162353516,369.0
2025-12-03T18:37:00Z,109.19000244140625,109.19999694824219,109.18000030517578,109.19999694824219,109.19999694824219,2259.0
2025-12-03T18:38:00Z,109.20999908447266,109.20999908447266,109.20999908447266,109.20999908447266,109.20999908447266,1330.0
2025-12-03T18:39:00Z,109.19999694824219,109.22000122070312,109.19999694824219,109.22000122070312,109.22000122070312,1252.0
2025-12-03T18:40:00Z,109.2300033569336,109.23999786376953,109.2300033569336,109.23999786376953,109.23999786376953,1526.0
2025-12-03T18:41:00Z,109.22000122070312,109.22000122070312,109.19999694824219,109.20999908447266,109.20999908447266,3465.0
2025-12-03T18:42:00Z,109.21499633789062,109.2300033569336,109.21499633789062,109.2300033569336,109.2300033569336,1595.0
2025-12-03T18:43:00Z,109.23999786376953,109.26000213623047,109.23999786376953,109.25,109.25,2919.0
2025-12-03T18:44:00Z,109.25,109.25,109.23999786376953,109.23999786376953,109.23999786376953,848.0
2025-12-03T18:45:00Z,109.23999786376953,109.23999786376953,109.2300033569336,109.23500061035156,109.23500061035156,832.0
2025-12-03T18:46:00Z,109.2300033569336,109.23999786376953,109.2300033569336,109.2300033569336,109.2300033569336,2713.0
2025-12-03T18:47:00Z,109.2300033569336,109.2300033569336,109.2300033569336,109.2300033569336,109.2300033569336,107.0
2025-12-03T18:48:00Z,109.2300033569336,109.25,109.2300033569336,109.24500274658203,109.24500274658203,2359.0
2025-12-03T18:49:00Z,109.25,109.25,109.23999786376953,109.23999786376953,109.23999786376953,978.0
2025-12-03T18:50:00Z,109.25,109.25,109.2300033569336,109.2300033569336,109.2300033569336,1079.0
2025-12-03T18:51:00Z,109.2300033569336,109.2300033569336,109.22000122070312,109.2300033569336,109.2300033569336,1929.0
2025-12-03T18:52:00Z,109.22000122070312,109.22000122070312,109.21499633789062,109.22000122070312,109.22000122070312,2381.0
2025-12-03T18:53:00Z,109.2249984741211,109.2249984741211,109.2249984741211,109.2249984741211,109.2249984741211,306.0
2025-12-03T18:54:00Z,109.2300033569336,109.2300033569336,109.19000244140625,109.19000244140625,109.19000244140625,2280.0
2025-12-03T18:55:00Z,109.19000244140625,109.19999694824219,109.18000030517578,109.18000030517578,109.18000030517578,1747.0
2025-12-03T18:56:00Z,109.16999816894531,109.16999816894531,109.12999725341797,109.12999725341797,109.12999725341797,2286.0
2025-12-03T18:57:00Z,109.10350036621094,109.10649871826172,109.08999633789062,109.08999633789062,109.08999633789062,1832.0
2025-12-03T18:58:00Z,109.0999984741211,109.11000061035156,109.0999984741211,109.11000061035156,109.11000061035156,1040.0
2025-12-03T18:59:00Z,109.09500122070312,109.12000274658203,109.09500122070312,109.12000274658203,109.12000274658203,2781.0
2025-12-03T19:00:00Z,109.0999984741211,109.1500015258789,109.08999633789062,109.13999938964844,109.13999938964844,6370.0
2025-12-03T19:01:00Z,109.1449966430664,109.1500015258789,109.14399719238281,109.1500015258789,109.1500015258789,2396.0
2025-12-03T19:02:00Z,109.1500015258789,109.1500015258789,109.12999725341797,109.12999725341797,109.12999725341797,1887.0
2025-12-03T19:03:00Z,109.13300323486328,109.16000366210938,109.13300323486328,109.16000366210938,109.16000366210938,1834.0
2025-12-03T19:04:00Z,109.16999816894531,109.16999816894531,109.12999725341797,109.12999725341797,109.12999725341797,2332.0
2025-12-03T19:05:00Z,109.13999938964844,109.13999938964844,109.05000305175781,109.05000305175781,109.05000305175781,2642.0
2025-12-03T19:06:00Z,109.04000091552734,109.05999755859375,109.04000091552734,109.05999755859375,109.05999755859375,3564.0
2025-12-03T19:07:00Z,109.05000305175781,109.05000305175781,109.02999877929688,109.02999877929688,109.02999877929688,1731.0
2025-12-03T19:08:00Z,109.01000213623047,109.0199966430664,109.01000213623047,109.0199966430664,109.0199966430664,1236.0
2025-12-03T19:09:00Z,109.02999877929688,109.05999755859375,109.02999877929688,109.05999755859375,109.05999755859375,2263.0
2025-12-03T19:10:00Z,109.06999969482422,109.06999969482422,109.05500030517578,109.05500030517578,109.05500030517578,2517.0
2025-12-03T19:11:00Z,109.05000305175781,109.05999755859375,109.05000305175781,109.05999755859375,109.05999755859375,2121.0
2025-12-03T19:12:00Z,109.05999755859375,109.05999755859375,109.04000091552734,109.04000091552734,109.04000091552734,2954.0
2025-12-03T19:13:00Z,109.0199966430664,109.0199966430664,109.0199966430664,109.0199966430664,109.0199966430664,550.0
2025-12-03T19:14:00Z,109.0199966430664,109.02999877929688,109.0199966430664,109.0250015258789,109.0250015258789,1700.0
2025-12-03T19:15:00Z,109.0250015258789,109.02999877929688,109.0250015258789,109.02999877929688,109.02999877929688,1819.0
2025-12-03T19:16:00Z,109.02999877929688,109.02999877929688,109.0,109.0,109.0,1191.0
2025-12-03T19:17:00Z,108.98999786376953,108.98999786376953,108.94000244140625,108.94999694824219,108.94999694824219,2424.0
2025-12-03T19:18:00Z,108.94000244140625,108.94999694824219,108.91999816894531,108.94999694824219,108.94999694824219,1387.0
2025-12-03T19:19:00Z,108.91999816894531,108.94999694824219,108.91999816894531,108.94999694824219,108.94999694824219,1149.0
2025-12-03T19:20:00Z,108.93499755859375,108.95999908447266,108.93499755859375,108.95999908447266,108.95999908447266,1837.0
2025-12-03T19:21:00Z,108.97000122070312,108.97000122070312,108.94999694824219,108.94999694824219,108.94999694824219,2723.0
2025-12-03T19:22:00Z,108.94000244140625,108.94000244140625,108.93000030517578,108.93000030517578,108.93000030517578,1940.0
2025-12-03T19:23:00Z,108.9280014038086,108.95500183105469,108.91500091552734,108.95500183105469,108.95500183105469,2653.0
2025-12-03T19:24:00Z,108.94999694824219,108.95999908447266,108.94999694824219,108.95999908447266,108.95999908447266,682.0
2025-12-03T19:25:00Z,108.95999908447266,108.95999908447266,108.95500183105469,108.95500183105469,108.95500183105469,1503.0
2025-12-03T19:26:00Z,108.95999908447266,108.95999908447266,108.94999694824219,108.94999694824219,108.94999694824219,844.0
2025-12-03T19:27:00Z,108.94999694824219,108.95500183105469,108.94999694824219,108.94999694824219,108.94999694824219,1478.0
2025-12-03T19:28:00Z,108.94999694824219,108.94999694824219,108.91500091552734,108.91500091552734,108.91500091552734,1879.0
2025-12-03T19:29:00Z,108.94000244140625,108.94999694824219,108.94000244140625,108.94999694824219,108.94999694824219,862.0
2025-12-03T19:30:00Z,108.94999694824219,108.97000122070312,108.94999694824219,108.95999908447266,108.95999908447266,3302.0
2025-12-03T19:31:00Z,108.95999908447266,108.96499633789062,108.94999694824219,108.96499633789062,108.96499633789062,1545.0
2025-12-03T19:32:00Z,108.95999908447266,108.95999908447266,108.94999694824219,108.94999694824219,108.94999694824219,1993.0
2025-12-03T19:33:00Z,108.94499969482422,108.94999694824219,108.94499969482422,108.94999694824219,108.94999694824219,1633.0
2025-12-03T19:34:00Z,108.94999694824219,108.95999908447266,108.94999694824219,108.95999908447266,108.95999908447266,1360.0
2025-12-03T19:35:00Z,108.97000122070312,108.97000122070312,108.95999908447266,108.95999908447266,108.95999908447266,2217.0
2025-12-03T19:36:00Z,108.97000122070312,108.98999786376953,108.97000122070312,108.98500061035156,108.98500061035156,1204.0
2025-12-03T19:37:00Z,108.98999786376953,109.04000091552734,108.98999786376953,109.02999877929688,109.02999877929688,2875.0
2025-12-03T19:38:00Z,109.04000091552734,109.04000091552734,109.02999877929688,109.02999877929688,109.02999877929688,1107.0
2025-12-03T19:39:00Z,109.03019714355469,109.03500366210938,109.03019714355469,109.03500366210938,109.03500366210938,1230.0
2025-12-03T19:40:00Z,109.02999877929688,109.05999755859375,109.02999877929688,109.05999755859375,109.05999755859375,2742.0
2025-12-03T19:41:00Z,109.06999969482422,109.08999633789062,109.06999969482422,109.08000183105469,109.08000183105469,2241.0
2025-12-03T19:42:00Z,109.06999969482422,109.07499694824219,109.06999969482422,109.06999969482422,109.06999969482422,1572.0
2025-12-03T19:43:00Z,109.06999969482422,109.06999969482422,109.06999969482422,109.06999969482422,109.06999969482422,923.0
2025-12-03T19:44:00Z,109.08000183105469,109.08999633789062,109.0739974975586,109.0739974975586,109.0739974975586,1364.0
2025-12-03T19:45:00Z,109.08000183105469,109.08000183105469,109.05999755859375,109.08000183105469,109.08000183105469,3878.0
2025-12-03T19:46:00Z,109.06999969482422,109.08999633789062,109.06999969482422,109.08999633789062,109.08999633789062,2922.0
2025-12-03T19:47:00Z,109.09500122070312,109.09500122070312,109.05999755859375,109.05999755859375,109.05999755859375,1643.0
2025-12-03T19:48:00Z,109.05999755859375,109.06999969482422,109.05000305175781,109.06999969482422,109.06999969482422,2383.0
2025-12-03T19:49:00Z,109.06500244140625,109.06500244140625,109.05000305175781,109.05000305175781,109.05000305175781,2007.0
2025-12-03T19:50:00Z,109.05999755859375,109.08000183105469,109.05999755859375,109.07499694824219,109.07499694824219,1545.0
2025-12-03T19:51:00Z,109.07499694824219,109.08000183105469,109.07499694824219,109.07499694824219,109.07499694824219,1343.0
2025-12-03T19:52:00Z,109.08499908447266,109.08499908447266,109.05999755859375,109.05999755859375,109.05999755859375,1765.0
2025-12-03T19:53:00Z,109.05000305175781,109.05000305175781,109.01499938964844,109.0199966430664,109.0199966430664,2188.0
2025-12-03T19:54:00Z,109.02999877929688,109.02999877929688,109.0,109.0,109.0,2073.0
2025-12-03T19:55:00Z,109.01000213623047,109.02999877929688,109.01000213623047,109.02999877929688,109.02999877929688,2286.0
2025-12-03T19:56:00Z,109.02999877929688,109.02999877929688,109.02999877929688,109.02999877929688,109.02999877929688,1285.0
2025-12-03T19:57:00Z,109.02999877929688,109.02999877929688,109.0166015625,109.0166015625,109.0166015625,1196.0
2025-12-03T19:58:00Z,109.0250015258789,109.0250015258789,109.01000213623047,109.01000213623047,109.01000213623047,1781.0
2025-12-03T19:59:00Z,109.01000213623047,109.01000213623047,109.0,109.01000213623047,109.01000213623047,2615.0
2025-12-03T20:00:00Z,109.01000213623047,109.01000213623047,109.0,109.00499725341797,109.00499725341797,3051.0
2025-12-03T20:01:00Z,108.9990005493164,109.02999877929688,108.9990005493164,109.01000213623047,109.01000213623047,3274.0
2025-12-03T20:02:00Z,109.0,109.02999877929688,109.0,109.02999877929688,109.02999877929688,3343.0
2025-12-03T20:03:00Z,109.0199966430664,109.05000305175781,109.0199966430664,109.05000305175781,109.05000305175781,2057.0
2025-12-03T20:04:00Z,109.05999755859375,109.08000183105469,109.05999755859375,109.06500244140625,109.06500244140625,1989.0
2025-12-03T20:05:00Z,109.07499694824219,109.08999633789062,109.07499694824219,109.08999633789062,109.08999633789062,1934.0
2025-12-03T20:06:00Z,109.11000061035156,109.15499877929688,109.11000061035156,109.13999938964844,109.13999938964844,3673.0
2025-12-03T20:07:00Z,109.13999938964844,109.13999938964844,109.12000274658203,109.12000274658203,109.12000274658203,2350.0
2025-12-03T20:08:00Z,109.12000274658203,109.12000274658203,109.0999984741211,109.12000274658203,109.12000274658203,1898.0
2025-12-03T20:09:00Z,109.11499786376953,109.11499786376953,109.08999633789062,109.08999633789062,109.08999633789062,4561.0
2025-12-03T20:10:00Z,109.0999984741211,109.13999938964844,109.0999984741211,109.12999725341797,109.12999725341797,3479.0
2025-12-03T20:11:00Z,109.12000274658203,109.12999725341797,109.12000274658203,109.12000274658203,109.12000274658203,2707.0
2025-12-03T20:12:00Z,109.12999725341797,109.12999725341797,109.0999984741211,109.0999984741211,109.0999984741211,2061.0
2025-12-03T20:13:00Z,109.06999969482422,109.06999969482422,109.05999755859375,109.06999969482422,109.06999969482422,6122.0
2025-12-03T20:14:00Z,109.08000183105469,109.08000183105469,109.05500030517578,109.08000183105469,109.08000183105469,2543.0
2025-12-03T20:15:00Z,109.08999633789062,109.1500015258789,109.08999633789062,109.13999938964844,109.13999938964844,3246.0
2025-12-03T20:16:00Z,109.13500213623047,109.13999938964844,109.11499786376953,109.12000274658203,109.12000274658203,2692.0
2025-12-03T20:17:00Z,109.0999984741211,109.11000061035156,109.06999969482422,109.11000061035156,109.11000061035156,2630.0
2025-12-03T20:18:00Z,109.0999984741211,109.0999984741211,109.09100341796875,109.09100341796875,109.09100341796875,1622.0
2025-12-03T20:19:00Z,109.09500122070312,109.1050033569336,109.08999633789062,109.1050033569336,109.1050033569336,1768.0
2025-12-03T20:20:00Z,109.0999984741211,109.12000274658203,109.08999633789062,109.12000274658203,109.12000274658203,4265.0
2025-12-03T20:21:00Z,109.1050033569336,109.13999938964844,109.1050033569336,109.12000274658203,109.12000274658203,3582.0
2025-12-03T20:22:00Z,109.11000061035156,109.13500213623047,109.11000061035156,109.12999725341797,109.12999725341797,3854.0
2025-12-03T20:23:00Z,109.11000061035156,109.11000061035156,109.06099700927734,109.06099700927734,109.06099700927734,2331.0
2025-12-03T20:24:00Z,109.0615005493164,109.0615005493164,109.05999755859375,109.05999755859375,109.05999755859375,2103.0
2025-12-03T20:25:00Z,109.05000305175781,109.08000183105469,109.04000091552734,109.06999969482422,109.06999969482422,3361.0
2025-12-03T20:26:00Z,109.05000305175781,109.05000305175781,109.01100158691406,109.01100158691406,109.01100158691406,2770.0
2025-12-03T20:27:00Z,109.01000213623047,109.01000213623047,108.95999908447266,108.95999908447266,108.95999908447266,1592.0
2025-12-03T20:28:00Z,109.0,109.0199966430664,108.9800033569336,109.01300048828125,109.01300048828125,3314.0
2025-12-03T20:29:00Z,109.01000213623047,109.01000213623047,108.98999786376953,109.00499725341797,109.00499725341797,1905.0
2025-12-03T20:30:00Z,109.0199966430664,109.05000305175781,109.0199966430664,109.05000305175781,109.05000305175781,2998.0
2025-12-03T20:31:00Z,109.06999969482422,109.08000183105469,109.02999877929688,109.02999877929688,109.02999877929688,8131.0
2025-12-03T20:32:00Z,109.01499938964844,109.0199966430664,109.01000213623047,109.0199966430664,109.0199966430664,1937.0
2025-12-03T20:33:00Z,109.01000213623047,109.0199966430664,108.98999786376953,109.0199966430664,109.0199966430664,3700.0
2025-12-03T20:34:00Z,109.02999877929688,109.04000091552734,109.02999877929688,109.03099822998047,109.03099822998047,1740.0
2025-12-03T20:35:00Z,109.02999877929688,109.04000091552734,109.0199966430664,109.04000091552734,109.04000091552734,3113.0
2025-12-03T20:36:00Z,109.04000091552734,109.04000091552734,108.9800033569336,108.9800033569336,108.9800033569336,5624.0
2025-12-03T20:37:00Z,108.98200225830078,108.98999786376953,108.95999908447266,108.98999786376953,108.98999786376953,4260.0
2025-12-03T20:38:00Z,109.0,109.0199966430664,109.0,109.01000213623047,109.01000213623047,2805.0
2025-12-03T20:39:00Z,109.0,109.01000213623047,109.0,109.01000213623047,109.01000213623047,1674.0
2025-12-03T20:40:00Z,109.0199966430664,109.0199966430664,109.01000213623047,109.0199966430664,109.0199966430664,2044.0
2025-12-03T20:41:00Z,109.01000213623047,109.0199966430664,109.0,109.0199966430664,109.0199966430664,6203.0
2025-12-03T20:42:00Z,109.01000213623047,109.01000213623047,108.9800033569336,108.9800033569336,108.9800033569336,3841.0
2025-12-03T20:43:00Z,108.9800033569336,109.0,108.9749984741211,108.98500061035156,108.98500061035156,8081.0
2025-12-03T20:44:00Z,108.98500061035156,108.98999786376953,108.9749984741211,108.98999786376953,108.98999786376953,3990.0
2025-12-03T20:45:00Z,108.98500061035156,109.0199966430664,108.98500061035156,109.01000213623047,109.01000213623047,4101.0
2025-12-03T20:46:00Z,109.0199966430664,109.05439758300781,109.0199966430664,109.04000091552734,109.04000091552734,3291.0
2025-12-03T20:47:00Z,109.04000091552734,109.05000305175781,109.04000091552734,109.04000091552734,109.04000091552734,2656.0
2025-12-03T20:48:00Z,109.0250015258789,109.03500366210938,109.0250015258789,109.03500366210938,109.03500366210938,3063.0
2025-12-03T20:49:00Z,109.04000091552734,109.06999969482422,109.02999877929688,109.04000091552734,109.04000091552734,6071.0
2025-12-03T20:50:00Z,109.04000091552734,109.08000183105469,108.98999786376953,108.98999786376953,108.98999786376953,14100.0
2025-12-03T20:51:00Z,108.98999786376953,109.02999877929688,108.98200225830078,109.0199966430664,109.0199966430664,11031.0
2025-12-03T20:52:00Z,109.00499725341797,109.0199966430664,108.98999786376953,109.0199966430664,109.0199966430664,9694.0
2025-12-03T20:53:00Z,109.0,109.01000213623047,108.97000122070312,108.97000122070312,108.97000122070312,8370.0
2025-12-03T20:54:00Z,108.95999908447266,108.95999908447266,108.86499786376953,108.93000030517578,108.93000030517578,23190.0
2025-12-03T20:55:00Z,108.94999694824219,109.0,108.94000244140625,108.9749984741211,108.9749984741211,15717.0
2025-12-03T20:56:00Z,108.97000122070312,109.0,108.94999694824219,108.95999908447266,108.95999908447266,13641.0
2025-12-03T20:57:00Z,108.95999908447266,108.99500274658203,108.94999694824219,108.9800033569336,108.9800033569336,16585.0
2025-12-03T20:58:00Z,108.98999786376953,109.02999877929688,108.9800033569336,109.02999877929688,109.02999877929688,17526.0
2025-12-03T20:59:00Z,109.03500366210938,109.08499908447266,108.98999786376953,109.05999755859375,109.05999755859375,53108.0
2025-12-04T14:30:00Z,109.04000091552734,109.27999877929688,109.01000213623047,109.25,109.25,71607.0
2025-12-04T14:32:00Z,109.72000122070312,109.79499816894531,109.72000122070312,109.79000091552734,109.79000091552734,2982.0
2025-12-04T14:33:00Z,109.83000183105469,110.04000091552734,109.83000183105469,110.04000091552734,110.04000091552734,4720.0
2025-12-04T14:34:00Z,110.05999755859375,110.13500213623047,110.05999755859375,110.13500213623047,110.13500213623047,2863.0
2025-12-04T14:35:00Z,110.04000091552734,110.05000305175781,109.94999694824219,109.97010040283203,109.97010040283203,3893.0
2025-12-04T14:36:00Z,109.9000015258789,109.93499755859375,109.9000015258789,109.93499755859375,109.93499755859375,1434.0
2025-12-04T14:37:00Z,109.94000244140625,109.94000244140625,109.90499877929688,109.91000366210938,109.91000366210938,1283.0
2025-12-04T14:38:00Z,109.94000244140625,109.94999694824219,109.86499786376953,109.91000366210938,109.91000366210938,2100.0
2025-12-04T14:39:00Z,109.91000366210938,109.95999908447266,109.83000183105469,109.875,109.875,2617.0
2025-12-04T14:40:00Z,109.88500213623047,109.91000366210938,109.87999725341797,109.91000366210938,109.91000366210938,837.0
2025-12-04T14:41:00Z,109.94999694824219,110.03500366210938,109.93000030517578,109.93000030517578,109.93000030517578,3123.0
2025-12-04T14:42:00Z,109.87999725341797,109.8949966430664,109.77999877929688,109.8949966430664,109.8949966430664,3424.0
2025-12-04T14:43:00Z,109.87000274658203,109.87000274658203,109.80500030517578,109.8499984741211,109.8499984741211,1974.0
2025-12-04T14:44:00Z,109.80000305175781,109.8499984741211,109.80000305175781,109.83999633789062,109.83999633789062,2220.0
2025-12-04T14:45:00Z,109.80500030517578,109.81999969482422,109.80000305175781,109.81999969482422,109.81999969482422,742.0
2025-12-04T14:46:00Z,109.80500030517578,109.80500030517578,109.7300033569336,109.74500274658203,109.74500274658203,3386.0
2025-12-04T14:47:00Z,109.73999786376953,109.81999969482422,109.73999786376953,109.81999969482422,109.81999969482422,3465.0
2025-12-04T14:48:00Z,109.81700134277344,109.81700134277344,109.7699966430664,109.77999877929688,109.77999877929688,1778.0
2025-12-04T14:49:00Z,109.77999877929688,109.81999969482422,109.7750015258789,109.7750015258789,109.7750015258789,1469.0
2025-12-04T14:50:00Z,109.7750015258789,109.7750015258789,109.51499938964844,109.56999969482422,109.56999969482422,3869.0
2025-12-04T14:51:00Z,109.56999969482422,109.56999969482422,109.5,109.55999755859375,109.55999755859375,4453.0
2025-12-04T14:52:00Z,109.55999755859375,109.55999755859375,109.48999786376953,109.55000305175781,109.55000305175781,1779.0
2025-12-04T14:53:00Z,109.55000305175781,109.56510162353516,109.51000213623047,109.55000305175781,109.55000305175781,2543.0
2025-12-04T14:54:00Z,109.55000305175781,109.55000305175781,109.55000305175781,109.55000305175781,109.55000305175781,611.0
2025-12-04T14:55:00Z,109.55000305175781,109.62999725341797,109.55000305175781,109.61000061035156,109.61000061035156,2616.0
2025-12-04T14:56:00Z,109.61000061035156,109.61000061035156,109.5999984741211,109.6050033569336,109.6050033569336,1195.0
2025-12-04T14:57:00Z,109.5999984741211,109.6050033569336,109.52999877929688,109.57499694824219,109.57499694824219,2753.0
2025-12-04T14:58:00Z,109.5999984741211,109.67500305175781,109.5999984741211,109.66999816894531,109.66999816894531,2397.0
2025-12-04T14:59:00Z,109.68499755859375,109.69000244140625,109.66000366210938,109.69000244140625,109.69000244140625,1688.0
2025-12-04T15:00:00Z,109.69999694824219,109.80999755859375,109.69999694824219,109.80999755859375,109.80999755859375,2084.0
2025-12-04T15:01:00Z,109.79000091552734,109.79499816894531,109.7300033569336,109.7699966430664,109.7699966430664,4101.0
2025-12-04T15:02:00Z,109.71869659423828,109.80999755859375,109.71869659423828,109.73500061035156,109.73500061035156,2753.0
2025-12-04T15:03:00Z,109.69000244140625,109.7300033569336,109.69000244140625,109.7300033569336,109.7300033569336,1284.0
2025-12-04T15:04:00Z,109.72000122070312,109.72000122070312,109.66000366210938,109.68000030517578,109.68000030517578,2859.0
2025-12-04T15:05:00Z,109.68399810791016,109.69000244140625,109.66000366210938,109.68000030517578,109.68000030517578,2058.0
2025-12-04T15:06:00Z,109.70999908447266,109.74500274658203,109.67500305175781,109.73500061035156,109.73500061035156,2084.0
2025-12-04T15:07:00Z,109.73999786376953,109.75,109.71499633789062,109.7249984741211,109.7249984741211,2001.0
2025-12-04T15:08:00Z,109.73750305175781,109.76000213623047,109.7300033569336,109.73999786376953,109.73999786376953,1822.0
2025-12-04T15:09:00Z,109.7300033569336,109.76000213623047,109.7300033569336,109.73999786376953,109.73999786376953,2232.0
2025-12-04T15:10:00Z,109.74500274658203,109.77999877929688,109.74500274658203,109.76000213623047,109.76000213623047,3427.0
2025-12-04T15:11:00Z,109.75499725341797,109.80999755859375,109.72000122070312,109.73999786376953,109.73999786376953,3312.0
2025-12-04T15:12:00Z,109.73999786376953,109.75,109.72000122070312,109.73500061035156,109.73500061035156,2375.0
2025-12-04T15:13:00Z,109.73500061035156,109.73500061035156,109.69000244140625,109.70999908447266,109.70999908447266,2181.0
2025-12-04T15:14:00Z,109.70999908447266,109.72000122070312,109.68000030517578,109.72000122070312,109.72000122070312,2702.0
2025-12-04T15:15:00Z,109.7300033569336,109.78500366210938,109.69999694824219,109.7300033569336,109.7300033569336,3607.0
2025-12-04T15:16:00Z,109.73480224609375,109.73999786376953,109.72000122070312,109.73999786376953,109.73999786376953,1507.0
2025-12-04T15:17:00Z,109.75,109.7699966430664,109.73999786376953,109.75,109.75,1746.0
2025-12-04T15:18:00Z,109.78500366210938,109.79499816894531,109.7699966430664,109.7699966430664,109.7699966430664,2264.0
2025-12-04T15:19:00Z,109.7750015258789,109.83000183105469,109.7750015258789,109.83000183105469,109.83000183105469,2436.0
2025-12-04T15:20:00Z,109.83000183105469,109.83000183105469,109.75,109.75,109.75,1937.0
2025-12-04T15:21:00Z,109.77999877929688,109.86000061035156,109.77999877929688,109.86000061035156,109.86000061035156,5491.0
2025-12-04T15:22:00Z,109.87999725341797,109.92500305175781,109.86000061035156,109.88500213623047,109.88500213623047,11731.0
2025-12-04T15:23:00Z,109.86000061035156,109.91500091552734,109.86000061035156,109.91500091552734,109.91500091552734,1516.0
2025-12-04T15:24:00Z,109.8949966430664,109.8949966430664,109.81999969482422,109.81999969482422,109.81999969482422,3580.0
2025-12-04T15:25:00Z,109.83000183105469,109.83000183105469,109.79000091552734,109.83000183105469,109.83000183105469,2242.0
2025-12-04T15:26:00Z,109.81999969482422,109.83000183105469,109.7699966430664,109.7699966430664,109.7699966430664,2350.0
2025-12-04T15:27:00Z,109.7699966430664,109.80000305175781,109.75,109.80000305175781,109.80000305175781,3388.0
2025-12-04T15:28:00Z,109.80000305175781,109.80000305175781,109.79000091552734,109.79000091552734,109.79000091552734,1515.0
2025-12-04T15:29:00Z,109.79000091552734,109.79000091552734,109.73500061035156,109.73500061035156,109.73500061035156,2610.0
2025-12-04T15:30:00Z,109.74500274658203,109.91999816894531,109.74500274658203,109.91999816894531,109.91999816894531,20778.0
2025-12-04T15:31:00Z,109.91999816894531,109.94000244140625,109.9000015258789,109.9000015258789,109.9000015258789,11363.0
2025-12-04T15:32:00Z,109.92500305175781,109.93000030517578,109.91999816894531,109.91999816894531,109.91999816894531,1153.0
2025-12-04T15:33:00Z,109.93000030517578,109.96499633789062,109.91999816894531,109.96499633789062,109.96499633789062,2433.0
2025-12-04T15:34:00Z,110.0,110.0199966430664,109.98999786376953,110.0199966430664,110.0199966430664,4984.0
2025-12-04T15:35:00Z,110.00499725341797,110.05000305175781,109.98999786376953,110.0199966430664,110.0199966430664,2604.0
2025-12-04T15:36:00Z,109.98999786376953,109.98999786376953,109.93499755859375,109.93499755859375,109.93499755859375,2035.0
2025-12-04T15:37:00Z,109.93499755859375,109.97000122070312,109.93499755859375,109.97000122070312,109.97000122070312,1999.0
2025-12-04T15:38:00Z,109.95999908447266,110.01499938964844,109.95999908447266,110.01000213623047,110.01000213623047,2190.0
2025-12-04T15:39:00Z,109.99500274658203,110.00499725341797,109.9800033569336,110.00499725341797,110.00499725341797,2342.0
2025-12-04T15:40:00Z,110.0199966430664,110.03500366210938,110.00499725341797,110.00499725341797,110.00499725341797,2312.0
2025-12-04T15:41:00Z,110.00499725341797,110.0199966430664,110.0,110.01000213623047,110.01000213623047,2008.0
2025-12-04T15:42:00Z,110.02999877929688,110.04000091552734,110.01000213623047,110.04000091552734,110.04000091552734,1901.0
2025-12-04T15:43:00Z,110.02999877929688,110.05000305175781,110.00250244140625,110.00250244140625,110.00250244140625,3821.0
2025-12-04T15:44:00Z,110.0199966430664,110.0199966430664,109.9800033569336,109.9800033569336,109.9800033569336,3049.0
2025-12-04T15:45:00Z,109.94999694824219,109.94999694824219,109.91500091552734,109.93499755859375,109.93499755859375,2210.0
2025-12-04T15:48:00Z,109.97000122070312,109.9749984741211,109.97000122070312,109.97000122070312,109.97000122070312,7109.0
2025-12-04T15:49:00Z,109.96900177001953,109.9749984741211,109.94999694824219,109.95999908447266,109.95999908447266,2223.0
2025-12-04T15:50:00Z,109.97000122070312,109.9800033569336,109.94999694824219,109.96499633789062,109.96499633789062,2890.0
2025-12-04T15:51:00Z,109.95500183105469,110.02999877929688,109.95500183105469,110.01000213623047,110.01000213623047,4082.0
2025-12-04T15:52:00Z,109.9800033569336,109.9800033569336,109.95999908447266,109.95999908447266,109.95999908447266,1719.0
2025-12-04T15:53:00Z,109.95999908447266,109.98500061035156,109.94000244140625,109.98500061035156,109.98500061035156,2692.0
2025-12-04T15:54:00Z,109.98999786376953,109.98999786376953,109.95999908447266,109.97000122070312,109.97000122070312,1591.0
2025-12-04T15:55:00Z,109.95999908447266,110.0250015258789,109.95999908447266,110.01499938964844,110.01499938964844,3344.0
2025-12-04T15:56:00Z,110.01000213623047,110.0199966430664,110.0,110.01499938964844,110.01499938964844,2503.0
2025-12-04T15:57:00Z,110.0199966430664,110.04499816894531,110.01000213623047,110.0250015258789,110.0250015258789,3105.0
2025-12-04T15:58:00Z,110.0199966430664,110.0199966430664,109.9800033569336,109.99500274658203,109.99500274658203,1764.0
2025-12-04T15:59:00Z,110.00499725341797,110.04000091552734,110.0,110.04000091552734,110.04000091552734,2809.0
2025-12-04T16:00:00Z,110.0199966430664,110.06500244140625,110.0199966430664,110.05000305175781,110.05000305175781,4575.0
2025-12-04T16:01:00Z,110.05999755859375,110.08999633789062,110.05999755859375,110.08000183105469,110.08000183105469,2454.0
2025-12-04T16:02:00Z,110.06999969482422,110.06999969482422,110.01000213623047,110.01000213623047,110.01000213623047,3863.0
2025-12-04T16:03:00Z,109.97000122070312,109.97000122070312,109.88500213623047,109.91999816894531,109.91999816894531,3190.0
2025-12-04T16:04:00Z,109.94000244140625,109.97000122070312,109.92500305175781,109.97000122070312,109.97000122070312,2564.0
2025-12-04T16:05:00Z,109.94999694824219,109.97000122070312,109.94999694824219,109.97000122070312,109.97000122070312,1928.0
2025-12-04T16:06:00Z,109.9800033569336,109.9800033569336,109.97000122070312,109.97000122070312,109.97000122070312,1907.0
2025-12-04T16:07:00Z,109.98999786376953,110.0199966430664,109.9800033569336,110.01499938964844,110.01499938964844,1747.0
2025-12-04T16:08:00Z,110.0199966430664,110.02999877929688,110.0199966430664,110.02999877929688,110.02999877929688,2354.0
2025-12-04T16:09:00Z,110.05000305175781,110.08999633789062,110.05000305175781,110.08000183105469,110.08000183105469,2335.0
2025-12-04T16:10:00Z,110.06800079345703,110.06800079345703,110.00199890136719,110.02999877929688,110.02999877929688,4122.0
2025-12-04T16:11:00Z,110.02999877929688,110.02999877929688,109.9749984741211,110.02999877929688,110.02999877929688,4969.0
2025-12-04T16:12:00Z,110.03500366210938,110.04000091552734,110.0199966430664,110.0199966430664,110.0199966430664,1581.0
2025-12-04T16:13:00Z,110.01000213623047,110.0199966430664,109.95999908447266,109.95999908447266,109.95999908447266,3870.0
2025-12-04T16:14:00Z,109.97000122070312,109.9800033569336,109.91999816894531,109.91999816894531,109.91999816894531,2258.0
2025-12-04T16:15:00Z,109.94000244140625,109.9800033569336,109.91000366210938,109.91000366210938,109.91000366210938,4248.0
2025-12-04T16:16:00Z,109.88500213623047,109.91000366210938,109.80000305175781,109.80999755859375,109.80999755859375,3839.0
2025-12-04T16:17:00Z,109.80000305175781,109.80000305175781,109.76000213623047,109.7699966430664,109.7699966430664,1868.0
2025-12-04T16:18:00Z,109.77999877929688,109.82499694824219,109.77999877929688,109.80999755859375,109.80999755859375,4971.0
2025-12-04T16:19:00Z,109.8499984741211,109.86000061035156,109.8499984741211,109.8550033569336,109.8550033569336,690.0
2025-12-04T16:20:00Z,109.83000183105469,109.83000183105469,109.80999755859375,109.80999755859375,109.80999755859375,1511.0
2025-12-04T16:21:00Z,109.80000305175781,109.81999969482422,109.80000305175781,109.80999755859375,109.80999755859375,1980.0
2025-12-04T16:22:00Z,109.80999755859375,109.81999969482422,109.79499816894531,109.80999755859375,109.80999755859375,7924.0
2025-12-04T16:23:00Z,109.81999969482422,109.81999969482422,109.75,109.77999877929688,109.77999877929688,4363.0
2025-12-04T16:24:00Z,109.77999877929688,109.79000091552734,109.76000213623047,109.76000213623047,109.76000213623047,1571.0
2025-12-04T16:25:00Z,109.7699966430664,109.77999877929688,109.73999786376953,109.73999786376953,109.73999786376953,2958.0
2025-12-04T16:26:00Z,109.74500274658203,109.74500274658203,109.69999694824219,109.69999694824219,109.69999694824219,3196.0
2025-12-04T16:27:00Z,109.69999694824219,109.69999694824219,109.68000030517578,109.69999694824219,109.69999694824219,2159.0
2025-12-04T16:28:00Z,109.68000030517578,109.70999908447266,109.68000030517578,109.69000244140625,109.69000244140625,4023.0
2025-12-04T16:29:00Z,109.67500305175781,109.69000244140625,109.67500305175781,109.69000244140625,109.69000244140625,3281.0
2025-12-04T16:30:00Z,109.69000244140625,109.69000244140625,109.63999938964844,109.63999938964844,109.63999938964844,3832.0
2025-12-04T16:31:00Z,109.5999984741211,109.62000274658203,109.58000183105469,109.5999984741211,109.5999984741211,4619.0
2025-12-04T16:32:00Z,109.61009979248047,109.66999816894531,109.61009979248047,109.66500091552734,109.66500091552734,4526.0
2025-12-04T16:33:00Z,109.66000366210938,109.66000366210938,109.63999938964844,109.63999938964844,109.63999938964844,2435.0
2025-12-04T16:34:00Z,109.62999725341797,109.62999725341797,109.62000274658203,109.62000274658203,109.62000274658203,2450.0
2025-12-04T16:35:00Z,109.63999938964844,109.66500091552734,109.62999725341797,109.66500091552734,109.66500091552734,4219.0
2025-12-04T16:36:00Z,109.66500091552734,109.68000030517578,109.6500015258789,109.6500015258789,109.6500015258789,3420.0
2025-12-04T16:37:00Z,109.66000366210938,109.75,109.66000366210938,109.74500274658203,109.74500274658203,4498.0
2025-12-04T16:38:00Z,109.73999786376953,109.73999786376953,109.69499969482422,109.69499969482422,109.69499969482422,3911.0
2025-12-04T16:39:00Z,109.69499969482422,109.69499969482422,109.6688003540039,109.69000244140625,109.69000244140625,3265.0
2025-12-04T16:40:00Z,109.66999816894531,109.66999816894531,109.61499786376953,109.61499786376953,109.61499786376953,2869.0
2025-12-04T16:41:00Z,109.58999633789062,109.62000274658203,109.58999633789062,109.62000274658203,109.62000274658203,3777.0
2025-12-04T16:42:00Z,109.625,109.62999725341797,109.5999984741211,109.62999725341797,109.62999725341797,1951.0
2025-12-04T16:43:00Z,109.62999725341797,109.62999725341797,109.62000274658203,109.62000274658203,109.62000274658203,1542.0
2025-12-04T16:44:00Z,109.62000274658203,109.62000274658203,109.57499694824219,109.61000061035156,109.61000061035156,3832.0
2025-12-04T16:45:00Z,109.6050033569336,109.66000366210938,109.6050033569336,109.66000366210938,109.66000366210938,4157.0
2025-12-04T16:46:00Z,109.66000366210938,109.69499969482422,109.66000366210938,109.69499969482422,109.69499969482422,4036.0
2025-12-04T16:47:00Z,109.72000122070312,109.73999786376953,109.72000122070312,109.73999786376953,109.73999786376953,1537.0
2025-12-04T16:48:00Z,109.73999786376953,109.73999786376953,109.72000122070312,109.72000122070312,109.72000122070312,2928.0
2025-12-04T16:49:00Z,109.72000122070312,109.72000122070312,109.70999908447266,109.70999908447266,109.70999908447266,670.0
2025-12-04T16:50:00Z,109.71499633789062,109.7699966430664,109.71499633789062,109.7699966430664,109.7699966430664,3524.0
2025-12-04T16:51:00Z,109.77999877929688,109.78500366210938,109.76499938964844,109.7699966430664,109.7699966430664,3257.0
2025-12-04T16:52:00Z,109.7699966430664,109.7699966430664,109.7699966430664,109.7699966430664,109.7699966430664,1184.0
2025-12-04T16:53:00Z,109.7699966430664,109.77999877929688,109.76000213623047,109.76000213623047,109.76000213623047,4914.0
2025-12-04T16:54:00Z,109.75,109.76000213623047,109.73999786376953,109.76000213623047,109.76000213623047,3502.0
2025-12-04T16:55:00Z,109.76000213623047,109.7699966430664,109.76000213623047,109.7699966430664,109.7699966430664,2300.0
2025-12-04T16:56:00Z,109.7699966430664,109.80999755859375,109.7699966430664,109.79499816894531,109.79499816894531,4135.0
2025-12-04T16:57:00Z,109.80500030517578,109.80999755859375,109.79499816894531,109.80999755859375,109.80999755859375,1473.0
2025-12-04T16:58:00Z,109.80000305175781,109.80000305175781,109.76010131835938,109.76010131835938,109.76010131835938,2517.0
2025-12-04T16:59:00Z,109.76499938964844,109.79000091552734,109.76000213623047,109.76000213623047,109.76000213623047,2662.0
2025-12-04T17:00:00Z,109.75,109.81999969482422,109.75,109.80000305175781,109.80000305175781,6309.0
2025-12-04T17:01:00Z,109.77999877929688,109.77999877929688,109.73999786376953,109.73999786376953,109.73999786376953,2228.0
2025-12-04T17:02:00Z,109.72000122070312,109.72000122070312,109.66999816894531,109.68000030517578,109.68000030517578,2583.0
2025-12-04T17:03:00Z,109.69999694824219,109.70999908447266,109.69999694824219,109.70999908447266,109.70999908447266,1173.0
2025-12-04T17:04:00Z,109.70999908447266,109.70999908447266,109.68499755859375,109.68499755859375,109.68499755859375,905.0
2025-12-04T17:05:00Z,109.69999694824219,109.7300033569336,109.69999694824219,109.7300033569336,109.7300033569336,3447.0
2025-12-04T17:06:00Z,109.76000213623047,109.7750015258789,109.68000030517578,109.68000030517578,109.68000030517578,2341.0
2025-12-04T17:07:00Z,109.68000030517578,109.70999908447266,109.67500305175781,109.70999908447266,109.70999908447266,3661.0
2025-12-04T17:08:00Z,109.70999908447266,109.72000122070312,109.70999908447266,109.72000122070312,109.72000122070312,687.0
2025-12-04T17:09:00Z,109.70999908447266,109.70999908447266,109.69000244140625,109.69999694824219,109.69999694824219,1364.0
2025-12-04T17:10:00Z,109.69499969482422,109.70999908447266,109.68000030517578,109.69999694824219,109.69999694824219,5406.0
2025-12-04T17:11:00Z,109.68000030517578,109.68000030517578,109.6500015258789,109.66999816894531,109.66999816894531,2446.0
2025-12-04T17:12:00Z,109.66500091552734,109.72000122070312,109.66500091552734,109.70999908447266,109.70999908447266,4606.0
2025-12-04T17:13:00Z,109.69999694824219,109.72000122070312,109.69999694824219,109.71499633789062,109.71499633789062,1140.0
2025-12-04T17:14:00Z,109.7300033569336,109.75749969482422,109.7300033569336,109.75749969482422,109.75749969482422,3761.0
2025-12-04T17:15:00Z,109.79499816894531,109.80999755859375,109.76000213623047,109.76000213623047,109.76000213623047,3396.0
2025-12-04T17:16:00Z,109.73500061035156,109.7699966430664,109.73500061035156,109.76000213623047,109.76000213623047,2860.0
2025-12-04T17:17:00Z,109.7699966430664,109.77999877929688,109.76000213623047,109.77999877929688,109.77999877929688,1836.0
2025-12-04T17:18:00Z,109.79000091552734,109.79000091552734,109.76000213623047,109.79000091552734,109.79000091552734,2992.0
2025-12-04T17:19:00Z,109.79000091552734,109.79000091552734,109.7699966430664,109.7750015258789,109.7750015258789,1312.0
2025-12-04T17:20:00Z,109.75499725341797,109.80999755859375,109.75499725341797,109.79000091552734,109.79000091552734,5584.0
2025-12-04T17:21:00Z,109.80000305175781,109.80500030517578,109.79499816894531,109.79499816894531,109.79499816894531,1360.0
2025-12-04T17:22:00Z,109.80000305175781,109.80999755859375,109.80000305175781,109.80000305175781,109.80000305175781,2305.0
2025-12-04T17:23:00Z,109.80000305175781,109.86499786376953,109.80000305175781,109.86499786376953,109.86499786376953,3280.0
2025-12-04T17:24:00Z,109.87000274658203,109.88999938964844,109.87000274658203,109.87999725341797,109.87999725341797,4042.0
2025-12-04T17:25:00Z,109.88999938964844,109.9000015258789,109.86499786376953,109.88500213623047,109.88500213623047,5155.0
2025-12-04T17:26:00Z,109.88500213623047,109.9000015258789,109.88500213623047,109.9000015258789,109.9000015258789,2708.0
2025-12-04T17:27:00Z,109.9000015258789,109.91000366210938,109.9000015258789,109.91000366210938,109.91000366210938,1101.0
2025-12-04T17:28:00Z,109.93499755859375,109.94819641113281,109.93499755859375,109.94000244140625,109.94000244140625,2260.0
2025-12-04T17:29:00Z,109.93000030517578,109.94000244140625,109.91999816894531,109.91999816894531,109.91999816894531,2905.0
2025-12-04T17:30:00Z,109.91000366210938,109.91000366210938,109.88500213623047,109.88870239257812,109.88870239257812,3906.0
2025-12-04T17:31:00Z,109.9000015258789,109.91000366210938,109.875,109.875,109.875,3903.0
2025-12-04T17:32:00Z,109.87000274658203,109.87000274658203,109.8499984741211,109.8499984741211,109.8499984741211,533.0
2025-12-04T17:33:00Z,109.87000274658203,109.87000274658203,109.80999755859375,109.83999633789062,109.83999633789062,5565.0
2025-12-04T17:34:00Z,109.83999633789062,109.86000061035156,109.83999633789062,109.86000061035156,109.86000061035156,3245.0
2025-12-04T17:35:00Z,109.86000061035156,109.86499786376953,109.84400177001953,109.84400177001953,109.84400177001953,1403.0
2025-12-04T17:36:00Z,109.8499984741211,109.8550033569336,109.8499984741211,109.8550033569336,109.8550033569336,915.0
2025-12-04T17:37:00Z,109.86000061035156,109.87999725341797,109.83999633789062,109.87000274658203,109.87000274658203,4847.0
2025-12-04T17:38:00Z,109.87999725341797,109.88999938964844,109.875,109.875,109.875,3470.0
2025-12-04T17:39:00Z,109.875,109.875,109.83000183105469,109.83000183105469,109.83000183105469,2734.0
2025-12-04T17:40:00Z,109.83000183105469,109.83000183105469,109.81999969482422,109.82499694824219,109.82499694824219,995.0
2025-12-04T17:41:00Z,109.81999969482422,109.82499694824219,109.80999755859375,109.80999755859375,109.80999755859375,1698.0
2025-12-04T17:42:00Z,109.79000091552734,109.80999755859375,109.79000091552734,109.79499816894531,109.79499816894531,2064.0
2025-12-04T17:43:00Z,109.77999877929688,109.79000091552734,109.7750015258789,109.7750015258789,109.7750015258789,2019.0
2025-12-04T17:44:00Z,109.7750015258789,109.79000091552734,109.7750015258789,109.77999877929688,109.77999877929688,4693.0
2025-12-04T17:45:00Z,109.7750015258789,109.7750015258789,109.7699966430664,109.7699966430664,109.7699966430664,891.0
2025-12-04T17:46:00Z,109.7750015258789,109.80000305175781,109.75499725341797,109.79000091552734,109.79000091552734,5511.0
2025-12-04T17:47:00Z,109.80000305175781,109.80000305175781,109.78099822998047,109.78520202636719,109.78520202636719,2370.0
2025-12-04T17:48:00Z,109.77999877929688,109.79000091552734,109.76000213623047,109.76000213623047,109.76000213623047,4200.0
2025-12-04T17:49:00Z,109.75,109.75,109.72000122070312,109.7300033569336,109.7300033569336,11828.0
2025-12-04T17:50:00Z,109.73999786376953,109.75,109.7300033569336,109.7300033569336,109.7300033569336,3693.0
2025-12-04T17:51:00Z,109.75,109.79000091552734,109.75,109.79000091552734,109.79000091552734,3455.0
2025-12-04T17:52:00Z,109.79000091552734,109.79000091552734,109.77999877929688,109.77999877929688,109.77999877929688,1753.0
2025-12-04T17:53:00Z,109.79000091552734,109.79499816894531,109.7699966430664,109.7750015258789,109.7750015258789,2217.0
2025-12-04T17:54:00Z,109.77999877929688,109.80000305175781,109.77999877929688,109.80000305175781,109.80000305175781,3361.0
2025-12-04T17:55:00Z,109.80000305175781,109.83000183105469,109.80000305175781,109.83000183105469,109.83000183105469,5039.0
2025-12-04T17:56:00Z,109.83999633789062,109.86000061035156,109.83999633789062,109.86000061035156,109.86000061035156,2014.0
2025-12-04T17:57:00Z,109.86000061035156,109.86000061035156,109.83999633789062,109.83999633789062,109.83999633789062,1875.0
2025-12-04T17:58:00Z,109.83999633789062,109.8499984741211,109.83999633789062,109.83999633789062,109.83999633789062,4990.0
2025-12-04T18:00:00Z,109.83499908447266,109.83999633789062,109.83499908447266,109.83999633789062,109.83999633789062,1511.0
2025-12-04T18:01:00Z,109.8499984741211,109.8499984741211,109.84500122070312,109.84500122070312,109.84500122070312,1231.0
2025-12-04T18:02:00Z,109.8499984741211,109.87999725341797,109.8499984741211,109.87999725341797,109.87999725341797,4763.0
2025-12-04T18:03:00Z,109.87999725341797,109.88500213623047,109.8499984741211,109.8499984741211,109.8499984741211,3902.0
2025-12-04T18:04:00Z,109.84200286865234,109.87000274658203,109.81999969482422,109.81999969482422,109.81999969482422,3213.0
2025-12-04T18:06:00Z,109.83999633789062,109.83999633789062,109.80500030517578,109.81999969482422,109.81999969482422,2887.0
2025-12-04T18:07:00Z,109.82499694824219,109.82499694824219,109.73999786376953,109.73999786376953,109.73999786376953,2667.0
2025-12-04T18:08:00Z,109.73999786376953,109.73999786376953,109.73680114746094,109.73680114746094,109.73680114746094,708.0
2025-12-04T18:09:00Z,109.74500274658203,109.74500274658203,109.7300033569336,109.7300033569336,109.7300033569336,2862.0
2025-12-04T18:10:00Z,109.7300033569336,109.7300033569336,109.70999908447266,109.70999908447266,109.70999908447266,2066.0
2025-12-04T18:11:00Z,109.70999908447266,109.70999908447266,109.66999816894531,109.66999816894531,109.66999816894531,4836.0
2025-12-04T18:12:00Z,109.67500305175781,109.67500305175781,109.66999816894531,109.67500305175781,109.67500305175781,2335.0
2025-12-04T18:13:00Z,109.68000030517578,109.70999908447266,109.68000030517578,109.69999694824219,109.69999694824219,5021.0
2025-12-04T18:14:00Z,109.70999908447266,109.73999786376953,109.70999908447266,109.7249984741211,109.7249984741211,3974.0
2025-12-04T18:15:00Z,109.72000122070312,109.73999786376953,109.72000122070312,109.7300033569336,109.7300033569336,2069.0
2025-12-04T18:16:00Z,109.72000122070312,109.72000122070312,109.72000122070312,109.72000122070312,109.72000122070312,775.0
2025-12-04T18:17:00Z,109.7300033569336,109.7300033569336,109.7300033569336,109.7300033569336,109.7300033569336,1055.0
2025-12-04T18:18:00Z,109.73999786376953,109.73999786376953,109.72000122070312,109.72000122070312,109.72000122070312,2451.0
2025-12-04T18:19:00Z,109.71499633789062,109.71499633789062,109.70999908447266,109.70999908447266,109.70999908447266,1433.0
2025-12-04T18:20:00Z,109.72000122070312,109.72000122070312,109.70999908447266,109.71099853515625,109.71099853515625,2073.0
2025-12-04T18:21:00Z,109.72000122070312,109.75,109.72000122070312,109.73999786376953,109.73999786376953,6551.0
2025-12-04T18:22:00Z,109.73999786376953,109.73999786376953,109.73600006103516,109.73999786376953,109.73999786376953,2799.0
2025-12-04T18:23:00Z,109.73500061035156,109.73999786376953,109.72000122070312,109.73999786376953,109.73999786376953,2795.0
2025-12-04T18:24:00Z,109.75,109.7699966430664,109.75,109.76000213623047,109.76000213623047,2389.0
2025-12-04T18:25:00Z,109.75,109.75,109.73500061035156,109.73999786376953,109.73999786376953,3711.0
2025-12-04T18:26:00Z,109.73500061035156,109.73999786376953,109.73500061035156,109.73999786376953,109.73999786376953,847.0
2025-12-04T18:27:00Z,109.75,109.76000213623047,109.75,109.76000213623047,109.76000213623047,3739.0
2025-12-04T18:28:00Z,109.75,109.75,109.75,109.75,109.75,988.0
2025-12-04T18:29:00Z,109.75,109.79499816894531,109.75,109.79000091552734,109.79000091552734,3377.0
2025-12-04T18:30:00Z,109.79000091552734,109.79000091552734,109.77999877929688,109.77999877929688,109.77999877929688,1894.0
2025-12-04T18:31:00Z,109.76000213623047,109.76000213623047,109.75,109.75,109.75,2149.0
2025-12-04T18:32:00Z,109.75499725341797,109.75499725341797,109.7300033569336,109.73999786376953,109.73999786376953,3033.0
2025-12-04T18:33:00Z,109.7300033569336,109.7300033569336,109.69999694824219,109.69999694824219,109.69999694824219,2835.0
2025-12-04T18:34:00Z,109.69000244140625,109.70999908447266,109.69000244140625,109.70649719238281,109.70649719238281,2730.0
2025-12-04T18:35:00Z,109.70500183105469,109.70500183105469,109.66000366210938,109.66000366210938,109.66000366210938,3687.0
2025-12-04T18:36:00Z,109.6500015258789,109.6500015258789,109.61930084228516,109.61930084228516,109.61930084228516,2482.0
2025-12-04T18:37:00Z,109.63999938964844,109.63999938964844,109.62999725341797,109.62999725341797,109.62999725341797,3013.0
2025-12-04T18:38:00Z,109.62999725341797,109.63999938964844,109.625,109.63839721679688,109.63839721679688,4916.0
2025-12-04T18:39:00Z,109.6449966430664,109.67500305175781,109.6449966430664,109.66000366210938,109.66000366210938,5934.0
2025-12-04T18:40:00Z,109.6500015258789,109.6500015258789,109.62999725341797,109.62999725341797,109.62999725341797,1969.0
2025-12-04T18:41:00Z,109.61000061035156,109.61000061035156,109.54000091552734,109.55500030517578,109.55500030517578,3031.0
2025-12-04T18:42:00Z,109.55999755859375,109.55999755859375,109.55000305175781,109.55000305175781,109.55000305175781,1371.0
2025-12-04T18:43:00Z,109.55999755859375,109.56999969482422,109.55999755859375,109.56500244140625,109.56500244140625,3640.0
2025-12-04T18:44:00Z,109.55999755859375,109.55999755859375,109.55000305175781,109.55000305175781,109.55000305175781,1637.0
2025-12-04T18:45:00Z,109.55000305175781,109.55999755859375,109.55000305175781,109.55000305175781,109.55000305175781,2670.0
2025-12-04T18:46:00Z,109.55999755859375,109.55999755859375,109.55000305175781,109.55999755859375,109.55999755859375,3558.0
2025-12-04T18:47:00Z,109.55999755859375,109.58000183105469,109.55999755859375,109.58000183105469,109.58000183105469,3228.0
2025-12-04T18:48:00Z,109.58499908447266,109.58999633789062,109.57499694824219,109.58999633789062,109.58999633789062,2895.0
2025-12-04T18:49:00Z,109.5999984741211,109.5999984741211,109.56999969482422,109.56999969482422,109.56999969482422,2562.0
2025-12-04T18:50:00Z,109.55999755859375,109.56999969482422,109.55999755859375,109.56999969482422,109.56999969482422,4167.0
2025-12-04T18:51:00Z,109.58000183105469,109.58999633789062,109.56999969482422,109.56999969482422,109.56999969482422,3302.0
2025-12-04T18:52:00Z,109.55999755859375,109.58000183105469,109.55999755859375,109.57499694824219,109.57499694824219,1615.0
2025-12-04T18:53:00Z,109.58000183105469,109.58999633789062,109.56999969482422,109.58999633789062,109.58999633789062,3309.0
2025-12-04T18:54:00Z,109.58999633789062,109.5999984741211,109.56500244140625,109.58999633789062,109.58999633789062,2625.0
2025-12-04T18:55:00Z,109.5801010131836,109.58999633789062,109.58000183105469,109.58000183105469,109.58000183105469,2952.0
2025-12-04T18:56:00Z,109.58999633789062,109.58999633789062,109.58000183105469,109.58000183105469,109.58000183105469,780.0
2025-12-04T18:57:00Z,109.58499908447266,109.5999984741211,109.58499908447266,109.5999984741211,109.5999984741211,4072.0
2025-12-04T18:58:00Z,109.58999633789062,109.58999633789062,109.55999755859375,109.58000183105469,109.58000183105469,4675.0
2025-12-04T18:59:00Z,109.58499908447266,109.58499908447266,109.58000183105469,109.58000183105469,109.58000183105469,1206.0
2025-12-04T19:00:00Z,109.58000183105469,109.625,109.58000183105469,109.625,109.625,3044.0
2025-12-04T19:01:00Z,109.625,109.64550018310547,109.58999633789062,109.63999938964844,109.63999938964844,7034.0
2025-12-04T19:02:00Z,109.63500213623047,109.63999938964844,109.61000061035156,109.63500213623047,109.63500213623047,2676.0
2025-12-04T19:03:00Z,109.6449966430664,109.66999816894531,109.6449966430664,109.66999816894531,109.66999816894531,2504.0
2025-12-04T19:04:00Z,109.66999816894531,109.69000244140625,109.66999816894531,109.69000244140625,109.69000244140625,2391.0
2025-12-04T19:05:00Z,109.69000244140625,109.72000122070312,109.69000244140625,109.72000122070312,109.72000122070312,5022.0
2025-12-04T19:06:00Z,109.72000122070312,109.73999786376953,109.72000122070312,109.73999786376953,109.73999786376953,2974.0
2025-12-04T19:07:00Z,109.7300033569336,109.7300033569336,109.66000366210938,109.66999816894531,109.66999816894531,5038.0
2025-12-04T19:08:00Z,109.66999816894531,109.66999816894531,109.66000366210938,109.66000366210938,109.66000366210938,4642.0
2025-12-04T19:09:00Z,109.63999938964844,109.66000366210938,109.62999725341797,109.62999725341797,109.62999725341797,6251.0
2025-12-04T19:10:00Z,109.62000274658203,109.62000274658203,109.54000091552734,109.54000091552734,109.54000091552734,2034.0
2025-12-04T19:11:00Z,109.55149841308594,109.55500030517578,109.54499816894531,109.55000305175781,109.55000305175781,1554.0
2025-12-04T19:12:00Z,109.55000305175781,109.55999755859375,109.55000305175781,109.55999755859375,109.55999755859375,2852.0
2025-12-04T19:13:00Z,109.55999755859375,109.56500244140625,109.55000305175781,109.55999755859375,109.55999755859375,4405.0
2025-12-04T19:14:00Z,109.55999755859375,109.55999755859375,109.5199966430664,109.52999877929688,109.52999877929688,3728.0
2025-12-04T19:15:00Z,109.5199966430664,109.5250015258789,109.48999786376953,109.51000213623047,109.51000213623047,2225.0
2025-12-04T19:16:00Z,109.4800033569336,109.4800033569336,109.44999694824219,109.44999694824219,109.44999694824219,2024.0
2025-12-04T19:17:00Z,109.44499969482422,109.48999786376953,109.44499969482422,109.46499633789062,109.46499633789062,6443.0
2025-12-04T19:18:00Z,109.46499633789062,109.46499633789062,109.44999694824219,109.44999694824219,109.44999694824219,2285.0
2025-12-04T19:19:00Z,109.44999694824219,109.44999694824219,109.43000030517578,109.43000030517578,109.43000030517578,11185.0
2025-12-04T19:20:00Z,109.41999816894531,109.41999816894531,109.38500213623047,109.38500213623047,109.38500213623047,3109.0
2025-12-04T19:21:00Z,109.37000274658203,109.37000274658203,109.31500244140625,109.37000274658203,109.37000274658203,6036.0
2025-12-04T19:22:00Z,109.37000274658203,109.375,109.3499984741211,109.3499984741211,109.3499984741211,2011.0
2025-12-04T19:23:00Z,109.33000183105469,109.33000183105469,109.27999877929688,109.30500030517578,109.30500030517578,2399.0
2025-12-04T19:24:00Z,109.30999755859375,109.33999633789062,109.30500030517578,109.33999633789062,109.33999633789062,4213.0
2025-12-04T19:25:00Z,109.3375015258789,109.34500122070312,109.31999969482422,109.31999969482422,109.31999969482422,2654.0
2025-12-04T19:26:00Z,109.32499694824219,109.36000061035156,109.32499694824219,109.34500122070312,109.34500122070312,3836.0
2025-12-04T19:27:00Z,109.3499984741211,109.3499984741211,109.33999633789062,109.33999633789062,109.33999633789062,1113.0
2025-12-04T19:28:00Z,109.3499984741211,109.3499984741211,109.3302001953125,109.3302001953125,109.3302001953125,1372.0
2025-12-04T19:29:00Z,109.33999633789062,109.33999633789062,109.28500366210938,109.29000091552734,109.29000091552734,6563.0
2025-12-04T19:30:00Z,109.28500366210938,109.31999969482422,109.28500366210938,109.31999969482422,109.31999969482422,5498.0
2025-12-04T19:31:00Z,109.31999969482422,109.36000061035156,109.31999969482422,109.36000061035156,109.36000061035156,4120.0
2025-12-04T19:32:00Z,109.37999725341797,109.37999725341797,109.37999725341797,109.37999725341797,109.37999725341797,1645.0
2025-12-04T19:33:00Z,109.42500305175781,109.42500305175781,109.41999816894531,109.41999816894531,109.41999816894531,2871.0
2025-12-04T19:34:00Z,109.41999816894531,109.42500305175781,109.37999725341797,109.38999938964844,109.38999938964844,5206.0
2025-12-04T19:35:00Z,109.4000015258789,109.43000030517578,109.4000015258789,109.43000030517578,109.43000030517578,4971.0
2025-12-04T19:36:00Z,109.44999694824219,109.45500183105469,109.44999694824219,109.44999694824219,109.44999694824219,3021.0
2025-12-04T19:37:00Z,109.44999694824219,109.47000122070312,109.44999694824219,109.47000122070312,109.47000122070312,3863.0
2025-12-04T19:38:00Z,109.45999908447266,109.4749984741211,109.44999694824219,109.44999694824219,109.44999694824219,2676.0
2025-12-04T19:39:00Z,109.43000030517578,109.44999694824219,109.43000030517578,109.44000244140625,109.44000244140625,2767.0
2025-12-04T19:40:00Z,109.43000030517578,109.43000030517578,109.38999938964844,109.38999938964844,109.38999938964844,3101.0
2025-12-04T19:41:00Z,109.38500213623047,109.38999938964844,109.37999725341797,109.38999938964844,109.38999938964844,6108.0
2025-12-04T19:42:00Z,109.4000015258789,109.44000244140625,109.4000015258789,109.44000244140625,109.44000244140625,6162.0
2025-12-04T19:43:00Z,109.43499755859375,109.44999694824219,109.43000030517578,109.43000030517578,109.43000030517578,2007.0
2025-12-04T19:44:00Z,109.43000030517578,109.44000244140625,109.41999816894531,109.41999816894531,109.41999816894531,2898.0
2025-12-04T19:45:00Z,109.41999816894531,109.44000244140625,109.4000015258789,109.43000030517578,109.43000030517578,1937.0
2025-12-04T19:46:00Z,109.41999816894531,109.41999816894531,109.38500213623047,109.41000366210938,109.41000366210938,4621.0
2025-12-04T19:47:00Z,109.43000030517578,109.43000030517578,109.42500305175781,109.42500305175781,109.42500305175781,1881.0
2025-12-04T19:48:00Z,109.43000030517578,109.43000030517578,109.40499877929688,109.40499877929688,109.40499877929688,2155.0
2025-12-04T19:49:00Z,109.4000015258789,109.4000015258789,109.37000274658203,109.37000274658203,109.37000274658203,1903.0
2025-12-04T19:50:00Z,109.38999938964844,109.38999938964844,109.36000061035156,109.36000061035156,109.36000061035156,2577.0
2025-12-04T19:51:00Z,109.36000061035156,109.36000061035156,109.31500244140625,109.31999969482422,109.31999969482422,5183.0
2025-12-04T19:52:00Z,109.30000305175781,109.33999633789062,109.29000091552734,109.33999633789062,109.33999633789062,7764.0
2025-12-04T19:53:00Z,109.33000183105469,109.33000183105469,109.2699966430664,109.2699966430664,109.2699966430664,3282.0
2025-12-04T19:54:00Z,109.2699966430664,109.30999755859375,109.2699966430664,109.30999755859375,109.30999755859375,2641.0
2025-12-04T19:55:00Z,109.30999755859375,109.31099700927734,109.30000305175781,109.30999755859375,109.30999755859375,2898.0
2025-12-04T19:56:00Z,109.31999969482422,109.31999969482422,109.29000091552734,109.29000091552734,109.29000091552734,3494.0
2025-12-04T19:57:00Z,109.27999877929688,109.29000091552734,109.26499938964844,109.26499938964844,109.26499938964844,2765.0
2025-12-04T19:58:00Z,109.25,109.25,109.2300033569336,109.2300033569336,109.2300033569336,2454.0
2025-12-04T19:59:00Z,109.20999908447266,109.20999908447266,109.20500183105469,109.20500183105469,109.20500183105469,3019.0
2025-12-04T20:00:00Z,109.19000244140625,109.22000122070312,109.19000244140625,109.19999694824219,109.19999694824219,9095.0
2025-12-04T20:01:00Z,109.19999694824219,109.19999694824219,109.19000244140625,109.19000244140625,109.19000244140625,1476.0
2025-12-04T20:02:00Z,109.19000244140625,109.19000244140625,109.18000030517578,109.19000244140625,109.19000244140625,5686.0
2025-12-04T20:03:00Z,109.18000030517578,109.20999908447266,109.16500091552734,109.19000244140625,109.19000244140625,10301.0
2025-12-04T20:04:00Z,109.18000030517578,109.19000244140625,109.16999816894531,109.18000030517578,109.18000030517578,3332.0
2025-12-04T20:05:00Z,109.18000030517578,109.20999908447266,109.16999816894531,109.20999908447266,109.20999908447266,4777.0
2025-12-04T20:06:00Z,109.20999908447266,109.20999908447266,109.16000366210938,109.19000244140625,109.19000244140625,3081.0
2025-12-04T20:07:00Z,109.19000244140625,109.22000122070312,109.16000366210938,109.22000122070312,109.22000122070312,7182.0
2025-12-04T20:08:00Z,109.22000122070312,109.2300033569336,109.22000122070312,109.2300033569336,109.2300033569336,4169.0
2025-12-04T20:09:00Z,109.23999786376953,109.25,109.22000122070312,109.23999786376953,109.23999786376953,4522.0
2025-12-04T20:10:00Z,109.24500274658203,109.28500366210938,109.24500274658203,109.28500366210938,109.28500366210938,3697.0
2025-12-04T20:11:00Z,109.28500366210938,109.28500366210938,109.19999694824219,109.19999694824219,109.19999694824219,9212.0
2025-12-04T20:12:00Z,109.19999694824219,109.23999786376953,109.19999694824219,109.23999786376953,109.23999786376953,7000.0
2025-12-04T20:13:00Z,109.23999786376953,109.30999755859375,109.23999786376953,109.30000305175781,109.30000305175781,5561.0
2025-12-04T20:14:00Z,109.30500030517578,109.30500030517578,109.26000213623047,109.26000213623047,109.26000213623047,2063.0
2025-12-04T20:15:00Z,109.2699966430664,109.2699966430664,109.26499938964844,109.2699966430664,109.2699966430664,1883.0
2025-12-04T20:16:00Z,109.26000213623047,109.28500366210938,109.26000213623047,109.28500366210938,109.28500366210938,5560.0
2025-12-04T20:17:00Z,109.29499816894531,109.30000305175781,109.27999877929688,109.30000305175781,109.30000305175781,6273.0
2025-12-04T20:18:00Z,109.30000305175781,109.33000183105469,109.30000305175781,109.33000183105469,109.33000183105469,5150.0
2025-12-04T20:19:00Z,109.33499908447266,109.3499984741211,109.33499908447266,109.33999633789062,109.33999633789062,3432.0
2025-12-04T20:20:00Z,109.33999633789062,109.3550033569336,109.32499694824219,109.32499694824219,109.32499694824219,5905.0
2025-12-04T20:21:00Z,109.32499694824219,109.33999633789062,109.32499694824219,109.33650207519531,109.33650207519531,3705.0
2025-12-04T20:22:00Z,109.33499908447266,109.37999725341797,109.33499908447266,109.37999725341797,109.37999725341797,7801.0
2025-12-04T20:23:00Z,109.37999725341797,109.43499755859375,109.37999725341797,109.43000030517578,109.43000030517578,10712.0
2025-12-04T20:24:00Z,109.43000030517578,109.43499755859375,109.4000015258789,109.41999816894531,109.41999816894531,15086.0
2025-12-04T20:25:00Z,109.41500091552734,109.41500091552734,109.38999938964844,109.38999938964844,109.38999938964844,6328.0
2025-12-04T20:26:00Z,109.38999938964844,109.38999938964844,109.36000061035156,109.36000061035156,109.36000061035156,4056.0
2025-12-04T20:27:00Z,109.36000061035156,109.37000274658203,109.31999969482422,109.31999969482422,109.31999969482422,4913.0
2025-12-04T20:28:00Z,109.3270034790039,109.33999633789062,109.31999969482422,109.31999969482422,109.31999969482422,4969.0
2025-12-04T20:29:00Z,109.30999755859375,109.30999755859375,109.26000213623047,109.27999877929688,109.27999877929688,5981.0
2025-12-04T20:30:00Z,109.28500366210938,109.33499908447266,109.28500366210938,109.33000183105469,109.33000183105469,19046.0
2025-12-04T20:31:00Z,109.33000183105469,109.3499984741211,109.31999969482422,109.3499984741211,109.3499984741211,6594.0
2025-12-04T20:32:00Z,109.36000061035156,109.38500213623047,109.3499984741211,109.38500213623047,109.38500213623047,5850.0
2025-12-04T20:33:00Z,109.38999938964844,109.4083023071289,109.38999938964844,109.40499877929688,109.40499877929688,4004.0
2025-12-04T20:34:00Z,109.4000015258789,109.41999816894531,109.37999725341797,109.37999725341797,109.37999725341797,7348.0
2025-12-04T20:35:00Z,109.37999725341797,109.4000015258789,109.37999725341797,109.37999725341797,109.37999725341797,6435.0
2025-12-04T20:36:00Z,109.38999938964844,109.38999938964844,109.37999725341797,109.38999938964844,109.38999938964844,8353.0
2025-12-04T20:37:00Z,109.4000015258789,109.41000366210938,109.38999938964844,109.4000015258789,109.4000015258789,6032.0
2025-12-04T20:38:00Z,109.3949966430664,109.41000366210938,109.37999725341797,109.41000366210938,109.41000366210938,7812.0
2025-12-04T20:39:00Z,109.41000366210938,109.43000030517578,109.41000366210938,109.41000366210938,109.41000366210938,10320.0
2025-12-04T20:40:00Z,109.4000015258789,109.42649841308594,109.38999938964844,109.38999938964844,109.38999938964844,5656.0
2025-12-04T20:41:00Z,109.4000015258789,109.4000015258789,109.34500122070312,109.36000061035156,109.36000061035156,6899.0
2025-12-04T20:42:00Z,109.3550033569336,109.3550033569336,109.33499908447266,109.3499984741211,109.3499984741211,3502.0
2025-12-04T20:43:00Z,109.33999633789062,109.33999633789062,109.29000091552734,109.29000091552734,109.29000091552734,7504.0
2025-12-04T20:44:00Z,109.29000091552734,109.29000091552734,109.2300033569336,109.23999786376953,109.23999786376953,5863.0
2025-12-04T20:45:00Z,109.2300033569336,109.2300033569336,109.18000030517578,109.18099975585938,109.18099975585938,14938.0
2025-12-04T20:46:00Z,109.18000030517578,109.19999694824219,109.16999816894531,109.19000244140625,109.19000244140625,7785.0
2025-12-04T20:47:00Z,109.18000030517578,109.18000030517578,109.13999938964844,109.1500015258789,109.1500015258789,5372.0
2025-12-04T20:48:00Z,109.1500015258789,109.1500015258789,109.03500366210938,109.03500366210938,109.03500366210938,14007.0
2025-12-04T20:49:00Z,109.04000091552734,109.05000305175781,109.00499725341797,109.04000091552734,109.04000091552734,12705.0
2025-12-04T20:50:00Z,109.04000091552734,109.26000213623047,109.04000091552734,109.25,109.25,34298.0
2025-12-04T20:51:00Z,109.25499725341797,109.30999755859375,109.23999786376953,109.30999755859375,109.30999755859375,9102.0
2025-12-04T20:52:00Z,109.31500244140625,109.33000183105469,109.30000305175781,109.33000183105469,109.33000183105469,7314.0
2025-12-04T20:53:00Z,109.33000183105469,109.33000183105469,109.2750015258789,109.27999877929688,109.27999877929688,11842.0
2025-12-04T20:54:00Z,109.27999877929688,109.27999877929688,109.22000122070312,109.25,109.25,22119.0
2025-12-04T20:55:00Z,109.26000213623047,109.30000305175781,109.25,109.26000213623047,109.26000213623047,26872.0
2025-12-04T20:56:00Z,109.2699966430664,109.2699966430664,109.2300033569336,109.25499725341797,109.25499725341797,21369.0
2025-12-04T20:57:00Z,109.26000213623047,109.2699966430664,109.23999786376953,109.25499725341797,109.25499725341797,31171.0
2025-12-04T20:58:00Z,109.26000213623047,109.26000213623047,109.17500305175781,109.18499755859375,109.18499755859375,35280.0
2025-12-04T20:59:00Z,109.19999694824219,109.25,109.18000030517578,109.25,109.25,64911.0
2025-12-05T14:30:00Z,108.94000244140625,108.9800033569336,108.93000030517578,108.93000030517578,108.93000030517578,9431.0
2025-12-05T14:31:00Z,108.94000244140625,109.0199966430664,108.68209838867188,109.0199966430664,109.0199966430664,3788.0
2025-12-05T14:32:00Z,108.91000366210938,109.16000366210938,108.91000366210938,109.04000091552734,109.04000091552734,2052.0
2025-12-05T14:33:00Z,109.0,109.05000305175781,108.95999908447266,108.97000122070312,108.97000122070312,1799.0
2025-12-05T14:34:00Z,109.04499816894531,109.11000061035156,108.98500061035156,109.0790023803711,109.0790023803711,2375.0
2025-12-05T14:35:00Z,109.0999984741211,109.19000244140625,109.0199966430664,109.1500015258789,109.1500015258789,2787.0
2025-12-05T14:36:00Z,109.16999816894531,109.16999816894531,109.05000305175781,109.05000305175781,109.05000305175781,2567.0
2025-12-05T14:37:00Z,109.05999755859375,109.07499694824219,109.02999877929688,109.03500366210938,109.03500366210938,2481.0
2025-12-05T14:38:00Z,108.9800033569336,109.04000091552734,108.95999908447266,109.02249908447266,109.02249908447266,2348.0
2025-12-05T14:39:00Z,109.05999755859375,109.16999816894531,109.05999755859375,109.16999816894531,109.16999816894531,1678.0
2025-12-05T14:40:00Z,109.15249633789062,109.23999786376953,109.15249633789062,109.23500061035156,109.23500061035156,2788.0
2025-12-05T14:41:00Z,109.26609802246094,109.3499984741211,109.26609802246094,109.33999633789062,109.33999633789062,1583.0
2025-12-05T14:42:00Z,109.3499984741211,109.36000061035156,109.33999633789062,109.36000061035156,109.36000061035156,1084.0
2025-12-05T14:43:00Z,109.26000213623047,109.4000015258789,109.25,109.37000274658203,109.37000274658203,1620.0
2025-12-05T14:44:00Z,109.33999633789062,109.3499984741211,109.25499725341797,109.25499725341797,109.25499725341797,1164.0
2025-12-05T14:45:00Z,109.25,109.2699966430664,109.24500274658203,109.24500274658203,109.24500274658203,1343.0
2025-12-05T14:46:00Z,109.21499633789062,109.29000091552734,109.21499633789062,109.29000091552734,109.29000091552734,2111.0
2025-12-05T14:47:00Z,109.29299926757812,109.29299926757812,109.2750015258789,109.28500366210938,109.28500366210938,3158.0
2025-12-05T14:48:00Z,109.30999755859375,109.36499786376953,109.30000305175781,109.30000305175781,109.30000305175781,1743.0
2025-12-05T14:49:00Z,109.31500244140625,109.31500244140625,109.2300033569336,109.29000091552734,109.29000091552734,3392.0
2025-12-05T14:50:00Z,109.23500061035156,109.26000213623047,109.18000030517578,109.18000030517578,109.18000030517578,2413.0
2025-12-05T14:51:00Z,109.19000244140625,109.19000244140625,109.1500015258789,109.18000030517578,109.18000030517578,1919.0
2025-12-05T14:52:00Z,109.12999725341797,109.2699966430664,109.12999725341797,109.20999908447266,109.20999908447266,2877.0
2025-12-05T14:53:00Z,109.2300033569336,109.2300033569336,109.11000061035156,109.13999938964844,109.13999938964844,1900.0
2025-12-05T14:54:00Z,109.13999938964844,109.16000366210938,109.08499908447266,109.15499877929688,109.15499877929688,1671.0
2025-12-05T14:55:00Z,109.22000122070312,109.26000213623047,109.22000122070312,109.26000213623047,109.26000213623047,996.0
2025-12-05T14:56:00Z,109.20999908447266,109.23999786376953,109.20999908447266,109.22000122070312,109.22000122070312,896.0
2025-12-05T14:57:00Z,109.22000122070312,109.22000122070312,109.13999938964844,109.13999938964844,109.13999938964844,1342.0
2025-12-05T14:58:00Z,109.1050033569336,109.12000274658203,109.09500122070312,109.11000061035156,109.11000061035156,1230.0
2025-12-05T14:59:00Z,109.12000274658203,109.13999938964844,109.12000274658203,109.12999725341797,109.12999725341797,1649.0
2025-12-05T15:00:00Z,109.13999938964844,109.2384033203125,109.1050033569336,109.2384033203125,109.2384033203125,2425.0
2025-12-05T15:01:00Z,109.23999786376953,109.26000213623047,109.19000244140625,109.25,109.25,2568.0
2025-12-05T15:02:00Z,109.2300033569336,109.2300033569336,109.18000030517578,109.18000030517578,109.18000030517578,2973.0
2025-12-05T15:03:00Z,109.2699966430664,109.2699966430664,109.25,109.25,109.25,1180.0
2025-12-05T15:04:00Z,109.22000122070312,109.22000122070312,109.19499969482422,109.20999908447266,109.20999908447266,1053.0
2025-12-05T15:05:00Z,109.1500015258789,109.21499633789062,109.125,109.21499633789062,109.21499633789062,2960.0
2025-12-05T15:06:00Z,109.20999908447266,109.22000122070312,109.17500305175781,109.17500305175781,109.17500305175781,2295.0
2025-12-05T15:07:00Z,109.18499755859375,109.19999694824219,109.16999816894531,109.16999816894531,109.16999816894531,1891.0
2025-12-05T15:08:00Z,109.17410278320312,109.17410278320312,109.15499877929688,109.15499877929688,109.15499877929688,1051.0
2025-12-05T15:09:00Z,109.13999938964844,109.13999938964844,109.06999969482422,109.13999938964844,109.13999938964844,4160.0
2025-12-05T15:10:00Z,109.12999725341797,109.18000030517578,109.12000274658203,109.18000030517578,109.18000030517578,2466.0
2025-12-05T15:11:00Z,109.18000030517578,109.18000030517578,109.06999969482422,109.06999969482422,109.06999969482422,1912.0
2025-12-05T15:12:00Z,109.06999969482422,109.06999969482422,109.05000305175781,109.05000305175781,109.05000305175781,989.0
2025-12-05T15:13:00Z,109.02999877929688,109.05000305175781,108.99500274658203,109.02999877929688,109.02999877929688,2527.0
2025-12-05T15:14:00Z,109.00350189208984,109.00350189208984,108.91500091552734,108.91500091552734,108.91500091552734,1502.0
2025-12-05T15:15:00Z,108.91000366210938,108.91999816894531,108.9000015258789,108.9000015258789,108.9000015258789,1160.0
2025-12-05T15:16:00Z,108.91000366210938,108.93000030517578,108.91000366210938,108.91000366210938,108.91000366210938,1380.0
2025-12-05T15:17:00Z,108.88999938964844,108.88999938964844,108.82499694824219,108.8499984741211,108.8499984741211,2449.0
2025-12-05T15:18:00Z,108.88999938964844,108.91000366210938,108.88999938964844,108.9000015258789,108.9000015258789,1768.0
2025-12-05T15:19:00Z,108.91500091552734,108.91999816894531,108.87999725341797,108.88999938964844,108.88999938964844,2545.0
2025-12-05T15:20:00Z,108.91000366210938,108.91000366210938,108.8499984741211,108.86000061035156,108.86000061035156,3291.0
2025-12-05T15:21:00Z,108.8499984741211,108.87000274658203,108.80000305175781,108.81999969482422,108.81999969482422,3741.0
2025-12-05T15:22:00Z,108.78500366210938,108.81999969482422,108.75,108.75,108.75,2361.0
2025-12-05T15:23:00Z,108.7699966430664,108.80999755859375,108.76000213623047,108.76000213623047,108.76000213623047,3336.0
2025-12-05T15:24:00Z,108.77999877929688,108.77999877929688,108.7396011352539,108.7396011352539,108.7396011352539,741.0
2025-12-05T15:25:00Z,108.79000091552734,108.81999969482422,108.77999877929688,108.80999755859375,108.80999755859375,2091.0
2025-12-05T15:26:00Z,108.79000091552734,108.79000091552734,108.74500274658203,108.76000213623047,108.76000213623047,2067.0
2025-12-05T15:27:00Z,108.76000213623047,108.7699966430664,108.72000122070312,108.75,108.75,2308.0
2025-12-05T15:28:00Z,108.7300033569336,108.80000305175781,108.7300033569336,108.80000305175781,108.80000305175781,1713.0
2025-12-05T15:29:00Z,108.80999755859375,108.87999725341797,108.7970962524414,108.87999725341797,108.87999725341797,4876.0
2025-12-05T15:30:00Z,108.87000274658203,108.87000274658203,108.87000274658203,108.87000274658203,108.87000274658203,2159.0
2025-12-05T15:31:00Z,108.8499984741211,108.86000061035156,108.8499984741211,108.8499984741211,108.8499984741211,1461.0
2025-12-05T15:32:00Z,108.8499984741211,108.87000274658203,108.83200073242188,108.83200073242188,108.83200073242188,2854.0
2025-12-05T15:33:00Z,108.83999633789062,108.88999938964844,108.81999969482422,108.81999969482422,108.81999969482422,2261.0
2025-12-05T15:34:00Z,108.81999969482422,108.83000183105469,108.80999755859375,108.80999755859375,108.80999755859375,1486.0
2025-12-05T15:35:00Z,108.80999755859375,108.83999633789062,108.79000091552734,108.81999969482422,108.81999969482422,2279.0
2025-12-05T15:36:00Z,108.83999633789062,108.83999633789062,108.81999969482422,108.81999969482422,108.81999969482422,1650.0
2025-12-05T15:37:00Z,108.80999755859375,108.83000183105469,108.79000091552734,108.83000183105469,108.83000183105469,3098.0
2025-12-05T15:38:00Z,108.84500122070312,108.8499984741211,108.80000305175781,108.80999755859375,108.80999755859375,2416.0
2025-12-05T15:39:00Z,108.81999969482422,108.81999969482422,108.79499816894531,108.80000305175781,108.80000305175781,1920.0
2025-12-05T15:40:00Z,108.80500030517578,108.8499984741211,108.80500030517578,108.8499984741211,108.8499984741211,2477.0
2025-12-05T15:41:00Z,108.86000061035156,108.86000061035156,108.81999969482422,108.83999633789062,108.83999633789062,4933.0
2025-12-05T15:42:00Z,108.8499984741211,108.91000366210938,108.8499984741211,108.91000366210938,108.91000366210938,3586.0
2025-12-05T15:43:00Z,108.87000274658203,108.91999816894531,108.87000274658203,108.87000274658203,108.87000274658203,2517.0
2025-12-05T15:44:00Z,108.88999938964844,108.88999938964844,108.875,108.875,108.875,1618.0
2025-12-05T15:45:00Z,108.87999725341797,108.91000366210938,108.87999725341797,108.88500213623047,108.88500213623047,2474.0
2025-12-05T15:46:00Z,108.86000061035156,108.86000061035156,108.7699966430664,108.79000091552734,108.79000091552734,3366.0
2025-12-05T15:47:00Z,108.77999877929688,108.80000305175781,108.76499938964844,108.79000091552734,108.79000091552734,2169.0
2025-12-05T15:48:00Z,108.79000091552734,108.79000091552734,108.72000122070312,108.72000122070312,108.72000122070312,2834.0
2025-12-05T15:49:00Z,108.73629760742188,108.7699966430664,108.73629760742188,108.7699966430664,108.7699966430664,1455.0
2025-12-05T15:50:00Z,108.77999877929688,108.80999755859375,108.7699966430664,108.80999755859375,108.80999755859375,1752.0
2025-12-05T15:51:00Z,108.83000183105469,108.83000183105469,108.78500366210938,108.78500366210938,108.78500366210938,3040.0
2025-12-05T15:52:00Z,108.76000213623047,108.80000305175781,108.74500274658203,108.77999877929688,108.77999877929688,2731.0
2025-12-05T15:53:00Z,108.79000091552734,108.80000305175781,108.79000091552734,108.80000305175781,108.80000305175781,2308.0
2025-12-05T15:54:00Z,108.80000305175781,108.83999633789062,108.80000305175781,108.83999633789062,108.83999633789062,1249.0
2025-12-05T15:55:00Z,108.8499984741211,108.8499984741211,108.83000183105469,108.83000183105469,108.83000183105469,1989.0
2025-12-05T15:56:00Z,108.83000183105469,108.83499908447266,108.77999877929688,108.81999969482422,108.81999969482422,2405.0
2025-12-05T15:57:00Z,108.83000183105469,108.83000183105469,108.80000305175781,108.80999755859375,108.80999755859375,1192.0
2025-12-05T15:58:00Z,108.83999633789062,108.83999633789062,108.79499816894531,108.80000305175781,108.80000305175781,1945.0
2025-12-05T15:59:00Z,108.80500030517578,108.81999969482422,108.75,108.75,108.75,2663.0
2025-12-05T16:00:00Z,108.79000091552734,108.79000091552734,108.73999786376953,108.76000213623047,108.76000213623047,6801.0
2025-12-05T16:01:00Z,108.7699966430664,108.81999969482422,108.76069641113281,108.80999755859375,108.80999755859375,3518.0
2025-12-05T16:02:00Z,108.81999969482422,108.81999969482422,108.7699966430664,108.79499816894531,108.79499816894531,5077.0
2025-12-05T16:03:00Z,108.80999755859375,108.8499984741211,108.79499816894531,108.81999969482422,108.81999969482422,2883.0
2025-12-05T16:04:00Z,108.80999755859375,108.8550033569336,108.80999755859375,108.8550033569336,108.8550033569336,1743.0
2025-12-05T16:05:00Z,108.8499984741211,108.8499984741211,108.80999755859375,108.83000183105469,108.83000183105469,2477.0
2025-12-05T16:06:00Z,108.8499984741211,108.86499786376953,108.8499984741211,108.86000061035156,108.86000061035156,1179.0
2025-12-05T16:07:00Z,108.8499984741211,108.86000061035156,108.8499984741211,108.86000061035156,108.86000061035156,1980.0
2025-12-05T16:08:00Z,108.87999725341797,108.91000366210938,108.87999725341797,108.91000366210938,108.91000366210938,2413.0
2025-12-05T16:09:00Z,108.94000244140625,108.94999694824219,108.87000274658203,108.87000274658203,108.87000274658203,3592.0
2025-12-05T16:10:00Z,108.86000061035156,108.87999725341797,108.83999633789062,108.87999725341797,108.87999725341797,1668.0
2025-12-05T16:11:00Z,108.88500213623047,108.97000122070312,108.88500213623047,108.97000122070312,108.97000122070312,7672.0
2025-12-05T16:12:00Z,108.94999694824219,108.94999694824219,108.93000030517578,108.93499755859375,108.93499755859375,2844.0
2025-12-05T16:13:00Z,108.93000030517578,108.94000244140625,108.93000030517578,108.94000244140625,108.94000244140625,1465.0
2025-12-05T16:14:00Z,108.97000122070312,109.08000183105469,108.97000122070312,109.08000183105469,109.08000183105469,8579.0
2025-12-05T16:15:00Z,109.08000183105469,109.0999984741211,109.06999969482422,109.0999984741211,109.0999984741211,2725.0
2025-12-05T16:16:00Z,109.08999633789062,109.12999725341797,109.08000183105469,109.12999725341797,109.12999725341797,3159.0
2025-12-05T16:17:00Z,109.12999725341797,109.12999725341797,109.08000183105469,109.08000183105469,109.08000183105469,4335.0
2025-12-05T16:18:00Z,109.11000061035156,109.11000061035156,109.11000061035156,109.11000061035156,109.11000061035156,886.0
2025-12-05T16:19:00Z,109.11000061035156,109.11000061035156,109.06999969482422,109.08499908447266,109.08499908447266,3699.0
2025-12-05T16:20:00Z,109.06999969482422,109.06999969482422,109.01000213623047,109.01000213623047,109.01000213623047,2396.0
2025-12-05T16:21:00Z,109.0,109.0,108.98999786376953,108.98999786376953,108.98999786376953,2219.0
2025-12-05T16:26:00Z,108.94499969482422,108.94499969482422,108.88999938964844,108.9000015258789,108.9000015258789,10963.0
2025-12-05T16:27:00Z,108.87999725341797,108.87999725341797,108.8499984741211,108.87999725341797,108.87999725341797,1943.0
2025-12-05T16:28:00Z,108.88999938964844,108.9000015258789,108.88500213623047,108.9000015258789,108.9000015258789,1155.0
2025-12-05T16:29:00Z,108.91000366210938,108.91000366210938,108.83000183105469,108.83999633789062,108.83999633789062,2850.0
2025-12-05T16:30:00Z,108.86000061035156,108.86000061035156,108.77999877929688,108.80999755859375,108.80999755859375,1904.0
2025-12-05T16:31:00Z,108.80400085449219,108.80999755859375,108.76000213623047,108.77999877929688,108.77999877929688,2183.0
2025-12-05T16:32:00Z,108.79000091552734,108.79000091552734,108.73999786376953,108.74500274658203,108.74500274658203,2399.0
2025-12-05T16:33:00Z,108.7699966430664,108.80000305175781,108.75,108.80000305175781,108.80000305175781,4823.0
2025-12-05T16:34:00Z,108.77999877929688,108.79000091552734,108.73999786376953,108.75,108.75,4434.0
2025-12-05T16:35:00Z,108.7699966430664,108.77999877929688,108.76000213623047,108.77999877929688,108.77999877929688,1584.0
2025-12-05T16:36:00Z,108.76000213623047,108.80999755859375,108.76000213623047,108.76000213623047,108.76000213623047,4368.0
2025-12-05T16:37:00Z,108.73500061035156,108.73500061035156,108.68499755859375,108.69999694824219,108.69999694824219,2274.0
2025-12-05T16:38:00Z,108.69999694824219,108.69999694824219,108.66000366210938,108.66999816894531,108.66999816894531,1848.0
2025-12-05T16:39:00Z,108.66000366210938,108.66500091552734,108.63999938964844,108.66000366210938,108.66000366210938,753.0
2025-12-05T16:40:00Z,108.66000366210938,108.66000366210938,108.63999938964844,108.66000366210938,108.66000366210938,1223.0
2025-12-05T16:41:00Z,108.6500015258789,108.6500015258789,108.62000274658203,108.62000274658203,108.62000274658203,1215.0
2025-12-05T16:42:00Z,108.61000061035156,108.62000274658203,108.56999969482422,108.62000274658203,108.62000274658203,3034.0
2025-12-05T16:43:00Z,108.62999725341797,108.66000366210938,108.62999725341797,108.66000366210938,108.66000366210938,1440.0
2025-12-05T16:44:00Z,108.63999938964844,108.6500015258789,108.62999725341797,108.6500015258789,108.6500015258789,2968.0
2025-12-05T16:45:00Z,108.66999816894531,108.66999816894531,108.66999816894531,108.66999816894531,108.66999816894531,456.0
2025-12-05T16:46:00Z,108.68000030517578,108.71499633789062,108.67559814453125,108.71499633789062,108.71499633789062,2240.0
2025-12-05T16:47:00Z,108.7300033569336,108.7300033569336,108.66999816894531,108.68840026855469,108.68840026855469,4103.0
2025-12-05T16:48:00Z,108.68000030517578,108.68000030517578,108.66000366210938,108.66000366210938,108.66000366210938,1308.0
2025-12-05T16:49:00Z,108.68000030517578,108.70999908447266,108.68000030517578,108.70999908447266,108.70999908447266,1028.0
2025-12-05T16:50:00Z,108.70500183105469,108.7301025390625,108.69999694824219,108.69999694824219,108.69999694824219,3355.0
2025-12-05T16:51:00Z,108.70999908447266,108.70999908447266,108.65499877929688,108.66500091552734,108.66500091552734,2357.0
2025-12-05T16:52:00Z,108.68000030517578,108.69000244140625,108.68000030517578,108.69000244140625,108.69000244140625,867.0
2025-12-05T16:53:00Z,108.69999694824219,108.70999908447266,108.66999816894531,108.66999816894531,108.66999816894531,3527.0
2025-12-05T16:54:00Z,108.68000030517578,108.68000030517578,108.65499877929688,108.65499877929688,108.65499877929688,1586.0
2025-12-05T16:55:00Z,108.63999938964844,108.63999938964844,108.62000274658203,108.63999938964844,108.63999938964844,2410.0
2025-12-05T16:56:00Z,108.6449966430664,108.6500015258789,108.6449966430664,108.6500015258789,108.6500015258789,1473.0
2025-12-05T16:57:00Z,108.63999938964844,108.66000366210938,108.63999938964844,108.6500015258789,108.6500015258789,3037.0
2025-12-05T16:58:00Z,108.66999816894531,108.68499755859375,108.66999816894531,108.68000030517578,108.68000030517578,1522.0
2025-12-05T16:59:00Z,108.68000030517578,108.70500183105469,108.66000366210938,108.70500183105469,108.70500183105469,3635.0
2025-12-05T17:00:00Z,108.69999694824219,108.69999694824219,108.68499755859375,108.69000244140625,108.69000244140625,4370.0
2025-12-05T17:01:00Z,108.66999816894531,108.69000244140625,108.63500213623047,108.6500015258789,108.6500015258789,5458.0
2025-12-05T17:02:00Z,108.6500015258789,108.69000244140625,108.6500015258789,108.68000030517578,108.68000030517578,4516.0
2025-12-05T17:03:00Z,108.69000244140625,108.71499633789062,108.69000244140625,108.70999908447266,108.70999908447266,2436.0
2025-12-05T17:04:00Z,108.72000122070312,108.7300033569336,108.70999908447266,108.70999908447266,108.70999908447266,2085.0
2025-12-05T17:05:00Z,108.70999908447266,108.70999908447266,108.69000244140625,108.69999694824219,108.69999694824219,2786.0
2025-12-05T17:08:00Z,108.58999633789062,108.61000061035156,108.58999633789062,108.59929656982422,108.59929656982422,8301.0
2025-12-05T17:09:00Z,108.58999633789062,108.63999938964844,108.58000183105469,108.62000274658203,108.62000274658203,6697.0
2025-12-05T17:10:00Z,108.625,108.625,108.61000061035156,108.62000274658203,108.62000274658203,2174.0
2025-12-05T17:11:00Z,108.6449966430664,108.6449966430664,108.6050033569336,108.62999725341797,108.62999725341797,4330.0
2025-12-05T17:12:00Z,108.64749908447266,108.6500015258789,108.63999938964844,108.63999938964844,108.63999938964844,3150.0
2025-12-05T17:13:00Z,108.62999725341797,108.62999725341797,108.62000274658203,108.62999725341797,108.62999725341797,2786.0
2025-12-05T17:14:00Z,108.63999938964844,108.66000366210938,108.63999938964844,108.66000366210938,108.66000366210938,3333.0
2025-12-05T17:15:00Z,108.6500015258789,108.6500015258789,108.62000274658203,108.62000274658203,108.62000274658203,5417.0
2025-12-05T17:16:00Z,108.62000274658203,108.68000030517578,108.62000274658203,108.68000030517578,108.68000030517578,3990.0
2025-12-05T17:17:00Z,108.68000030517578,108.68000030517578,108.66999816894531,108.66999816894531,108.66999816894531,1946.0
2025-12-05T17:18:00Z,108.66000366210938,108.66000366210938,108.63999938964844,108.63999938964844,108.63999938964844,2787.0
2025-12-05T17:19:00Z,108.6449966430664,108.65499877929688,108.64019775390625,108.65499877929688,108.65499877929688,2349.0
2025-12-05T17:20:00Z,108.66000366210938,108.69000244140625,108.66000366210938,108.66999816894531,108.66999816894531,13576.0
2025-12-05T17:21:00Z,108.66000366210938,108.66000366210938,108.62000274658203,108.63999938964844,108.63999938964844,5611.0
2025-12-05T17:22:00Z,108.61000061035156,108.69000244140625,108.58999633789062,108.6500015258789,108.6500015258789,6535.0
2025-12-05T17:23:00Z,108.6500015258789,108.6500015258789,108.62000274658203,108.62000274658203,108.62000274658203,1204.0
2025-12-05T17:24:00Z,108.61000061035156,108.61000061035156,108.5999984741211,108.5999984741211,108.5999984741211,586.0
2025-12-05T17:25:00Z,108.61000061035156,108.62000274658203,108.56999969482422,108.58999633789062,108.58999633789062,2746.0
2025-12-05T17:26:00Z,108.61000061035156,108.6500015258789,108.6050033569336,108.63999938964844,108.63999938964844,2286.0
2025-12-05T17:27:00Z,108.62999725341797,108.62999725341797,108.58000183105469,108.58000183105469,108.58000183105469,2434.0
2025-12-05T17:28:00Z,108.58000183105469,108.61000061035156,108.58000183105469,108.58999633789062,108.58999633789062,2070.0
2025-12-05T17:29:00Z,108.55999755859375,108.56999969482422,108.55999755859375,108.56999969482422,108.56999969482422,629.0
2025-12-05T17:30:00Z,108.58999633789062,108.61000061035156,108.58999633789062,108.5999984741211,108.5999984741211,1872.0
2025-12-05T17:31:00Z,108.5999984741211,108.61000061035156,108.58999633789062,108.61000061035156,108.61000061035156,927.0
2025-12-05T17:32:00Z,108.58000183105469,108.58000183105469,108.52999877929688,108.52999877929688,108.52999877929688,2622.0
2025-12-05T17:33:00Z,108.5250015258789,108.54000091552734,108.5250015258789,108.54000091552734,108.54000091552734,1716.0
2025-12-05T17:34:00Z,108.54000091552734,108.54000091552734,108.5199966430664,108.5199966430664,108.5199966430664,1423.0
2025-12-05T17:35:00Z,108.5199966430664,108.5199966430664,108.5,108.51000213623047,108.51000213623047,1978.0
2025-12-05T17:36:00Z,108.50499725341797,108.51000213623047,108.5,108.5,108.5,1813.0
2025-12-05T17:37:00Z,108.51000213623047,108.56999969482422,108.51000213623047,108.56999969482422,108.56999969482422,1959.0
2025-12-05T17:38:00Z,108.58999633789062,108.61000061035156,108.58999633789062,108.5999984741211,108.5999984741211,1910.0
2025-12-05T17:39:00Z,108.58999633789062,108.58999633789062,108.58000183105469,108.58999633789062,108.58999633789062,1449.0
2025-12-05T17:40:00Z,108.58000183105469,108.58000183105469,108.55000305175781,108.55000305175781,108.55000305175781,2303.0
2025-12-05T17:41:00Z,108.54000091552734,108.55000305175781,108.52999877929688,108.54049682617188,108.54049682617188,1815.0
2025-12-05T17:42:00Z,108.55000305175781,108.55999755859375,108.55000305175781,108.55500030517578,108.55500030517578,1566.0
2025-12-05T17:43:00Z,108.56999969482422,108.61000061035156,108.56999969482422,108.61000061035156,108.61000061035156,1574.0
2025-12-05T17:44:00Z,108.5999984741211,108.61000061035156,108.58999633789062,108.58999633789062,108.58999633789062,2592.0
2025-12-05T17:45:00Z,108.58999633789062,108.61000061035156,108.58999633789062,108.5999984741211,108.5999984741211,2267.0
2025-12-05T17:46:00Z,108.61000061035156,108.61000061035156,108.61000061035156,108.61000061035156,108.61000061035156,489.0
2025-12-05T17:47:00Z,108.61000061035156,108.62000274658203,108.61000061035156,108.62000274658203,108.62000274658203,662.0
2025-12-05T17:48:00Z,108.62999725341797,108.6500015258789,108.62999725341797,108.62999725341797,108.62999725341797,2657.0
2025-12-05T17:49:00Z,108.62000274658203,108.66000366210938,108.62000274658203,108.66000366210938,108.66000366210938,2642.0
2025-12-05T17:50:00Z,108.66999816894531,108.70999908447266,108.66999816894531,108.70999908447266,108.70999908447266,1854.0
2025-12-05T17:51:00Z,108.71499633789062,108.83000183105469,108.70999908447266,108.81999969482422,108.81999969482422,3607.0
2025-12-05T17:52:00Z,108.83999633789062,108.875,108.83000183105469,108.87000274658203,108.87000274658203,1741.0
2025-12-05T17:53:00Z,108.8499984741211,108.87999725341797,108.83999633789062,108.87999725341797,108.87999725341797,3484.0
2025-12-05T17:54:00Z,108.88999938964844,108.91000366210938,108.88999938964844,108.91000366210938,108.91000366210938,1388.0
2025-12-05T17:55:00Z,108.91000366210938,108.91000366210938,108.87999725341797,108.87999725341797,108.87999725341797,2649.0
2025-12-05T17:56:00Z,108.91500091552734,108.95999908447266,108.91500091552734,108.95999908447266,108.95999908447266,4421.0
2025-12-05T17:57:00Z,108.97000122070312,108.99500274658203,108.94999694824219,108.99500274658203,108.99500274658203,4654.0
2025-12-05T17:58:00Z,109.0,109.04000091552734,109.0,109.00499725341797,109.00499725341797,3547.0
2025-12-05T17:59:00Z,109.0199966430664,109.02999877929688,109.01000213623047,109.0199966430664,109.0199966430664,2225.0
2025-12-05T18:00:00Z,109.05000305175781,109.08999633789062,109.05000305175781,109.08999633789062,109.08999633789062,3247.0
2025-12-05T18:01:00Z,109.08879852294922,109.16000366210938,109.08879852294922,109.1449966430664,109.1449966430664,3389.0
2025-12-05T18:02:00Z,109.16000366210938,109.18000030517578,109.16000366210938,109.18000030517578,109.18000030517578,2874.0
2025-12-05T18:03:00Z,109.18499755859375,109.20999908447266,109.18499755859375,109.19999694824219,109.19999694824219,1869.0
2025-12-05T18:04:00Z,109.19999694824219,109.19999694824219,109.12999725341797,109.12999725341797,109.12999725341797,2745.0
2025-12-05T18:05:00Z,109.12000274658203,109.1500015258789,109.12000274658203,109.1500015258789,109.1500015258789,1283.0
2025-12-05T18:06:00Z,109.16000366210938,109.18000030517578,109.16000366210938,109.16000366210938,109.16000366210938,1684.0
2025-12-05T18:07:00Z,109.16999816894531,109.18000030517578,109.16500091552734,109.18000030517578,109.18000030517578,2239.0
2025-12-05T18:08:00Z,109.18000030517578,109.22000122070312,109.16999816894531,109.16999816894531,109.16999816894531,4438.0
2025-12-05T18:09:00Z,109.18000030517578,109.20999908447266,109.18000030517578,109.19999694824219,109.19999694824219,1858.0
2025-12-05T18:10:00Z,109.20999908447266,109.23999786376953,109.20999908447266,109.23999786376953,109.23999786376953,1897.0
2025-12-05T18:11:00Z,109.25,109.26000213623047,109.25,109.25,109.25,3052.0
2025-12-05T18:12:00Z,109.25,109.26499938964844,109.25,109.25,109.25,2518.0
2025-12-05T18:13:00Z,109.26000213623047,109.26000213623047,109.2300033569336,109.2300033569336,109.2300033569336,1639.0
2025-12-05T18:14:00Z,109.22000122070312,109.22000122070312,109.19499969482422,109.19499969482422,109.19499969482422,2234.0
2025-12-05T18:15:00Z,109.18000030517578,109.19000244140625,109.12000274658203,109.12000274658203,109.12000274658203,3654.0
2025-12-05T18:16:00Z,109.11000061035156,109.11000061035156,109.11000061035156,109.11000061035156,109.11000061035156,994.0
2025-12-05T18:17:00Z,109.12000274658203,109.12000274658203,109.11000061035156,109.11000061035156,109.11000061035156,752.0
2025-12-05T18:18:00Z,109.12000274658203,109.12000274658203,109.08000183105469,109.08000183105469,109.08000183105469,1308.0
2025-12-05T18:19:00Z,109.08999633789062,109.08999633789062,109.07749938964844,109.07749938964844,109.07749938964844,1962.0
2025-12-05T18:20:00Z,109.08999633789062,109.08999633789062,109.04000091552734,109.04000091552734,109.04000091552734,2671.0
2025-12-05T18:21:00Z,109.04000091552734,109.04000091552734,109.01000213623047,109.01000213623047,109.01000213623047,1814.0
2025-12-05T18:22:00Z,109.01000213623047,109.02999877929688,109.00670623779297,109.02999877929688,109.02999877929688,2034.0
2025-12-05T18:23:00Z,109.02999877929688,109.11000061035156,109.02999877929688,109.0999984741211,109.0999984741211,5018.0
2025-12-05T18:24:00Z,109.08999633789062,109.0999984741211,109.06999969482422,109.06999969482422,109.06999969482422,7369.0
2025-12-05T18:25:00Z,109.05000305175781,109.05000305175781,109.0,109.04000091552734,109.04000091552734,1229.0
2025-12-05T18:26:00Z,109.05999755859375,109.12000274658203,109.05500030517578,109.12000274658203,109.12000274658203,5976.0
2025-12-05T18:27:00Z,109.125,109.125,109.06500244140625,109.06500244140625,109.06500244140625,7287.0
2025-12-05T18:28:00Z,109.07499694824219,109.08499908447266,109.07499694824219,109.08499908447266,109.08499908447266,1704.0
2025-12-05T18:29:00Z,109.08999633789062,109.12999725341797,109.08999633789062,109.12999725341797,109.12999725341797,3259.0
2025-12-05T18:30:00Z,109.13999938964844,109.18000030517578,109.13999938964844,109.18000030517578,109.18000030517578,3883.0
2025-12-05T18:31:00Z,109.18000030517578,109.20999908447266,109.18000030517578,109.19999694824219,109.19999694824219,1918.0
2025-12-05T18:32:00Z,109.18000030517578,109.18000030517578,109.16999816894531,109.16999816894531,109.16999816894531,2609.0
2025-12-05T18:33:00Z,109.18000030517578,109.19999694824219,109.18000030517578,109.19999694824219,109.19999694824219,1073.0
2025-12-05T18:34:00Z,109.20999908447266,109.25,109.20999908447266,109.2300033569336,109.2300033569336,2690.0
2025-12-05T18:35:00Z,109.22000122070312,109.22000122070312,109.18000030517578,109.18000030517578,109.18000030517578,1941.0
2025-12-05T18:36:00Z,109.18000030517578,109.18000030517578,109.16000366210938,109.16999816894531,109.16999816894531,1909.0
2025-12-05T18:37:00Z,109.18000030517578,109.20500183105469,109.18000030517578,109.20500183105469,109.20500183105469,1641.0
2025-12-05T18:38:00Z,109.20999908447266,109.20999908447266,109.19000244140625,109.19999694824219,109.19999694824219,1730.0
2025-12-05T18:39:00Z,109.19999694824219,109.20999908447266,109.18499755859375,109.18499755859375,109.18499755859375,2077.0
2025-12-05T18:40:00Z,109.19000244140625,109.19499969482422,109.18000030517578,109.18000030517578,109.18000030517578,1926.0
2025-12-05T18:41:00Z,109.19999694824219,109.20999908447266,109.16999816894531,109.16999816894531,109.16999816894531,3746.0
2025-12-05T18:42:00Z,109.16999816894531,109.18000030517578,109.16999816894531,109.17500305175781,109.17500305175781,2051.0
2025-12-05T18:43:00Z,109.17500305175781,109.19999694824219,109.17500305175781,109.19499969482422,109.19499969482422,2480.0
2025-12-05T18:44:00Z,109.22000122070312,109.25,109.22000122070312,109.25,109.25,2165.0
2025-12-05T18:45:00Z,109.25,109.25,109.23999786376953,109.23999786376953,109.23999786376953,1861.0
2025-12-05T18:46:00Z,109.23999786376953,109.23999786376953,109.21499633789062,109.21499633789062,109.21499633789062,2276.0
2025-12-05T18:47:00Z,109.21499633789062,109.2249984741211,109.20999908447266,109.22000122070312,109.22000122070312,2367.0
2025-12-05T18:48:00Z,109.22000122070312,109.22000122070312,109.20500183105469,109.22000122070312,109.22000122070312,2302.0
2025-12-05T18:49:00Z,109.2300033569336,109.26499938964844,109.2300033569336,109.25,109.25,2783.0
2025-12-05T18:50:00Z,109.26000213623047,109.26000213623047,109.24500274658203,109.26000213623047,109.26000213623047,2133.0
2025-12-05T18:51:00Z,109.27999877929688,109.29000091552734,109.2699966430664,109.2699966430664,109.2699966430664,1458.0
2025-12-05T18:52:00Z,109.29000091552734,109.29010009765625,109.27999877929688,109.29010009765625,109.29010009765625,1070.0
2025-12-05T18:53:00Z,109.30000305175781,109.30999755859375,109.30000305175781,109.30999755859375,109.30999755859375,2431.0
2025-12-05T18:54:00Z,109.30999755859375,109.30999755859375,109.29000091552734,109.30500030517578,109.30500030517578,2332.0
2025-12-05T18:55:00Z,109.30999755859375,109.30999755859375,109.30000305175781,109.30500030517578,109.30500030517578,2043.0
2025-12-05T18:56:00Z,109.32499694824219,109.3499984741211,109.32499694824219,109.3499984741211,109.3499984741211,1278.0
2025-12-05T18:57:00Z,109.3550033569336,109.3550033569336,109.32499694824219,109.32499694824219,109.32499694824219,1613.0
2025-12-05T18:58:00Z,109.33000183105469,109.33000183105469,109.30999755859375,109.30999755859375,109.30999755859375,2221.0
2025-12-05T18:59:00Z,109.30500030517578,109.31999969482422,109.30500030517578,109.31999969482422,109.31999969482422,1526.0
2025-12-05T19:00:00Z,109.30999755859375,109.31999969482422,109.29000091552734,109.29000091552734,109.29000091552734,2053.0
2025-12-05T19:01:00Z,109.27999877929688,109.27999877929688,109.26000213623047,109.27999877929688,109.27999877929688,1631.0
2025-12-05T19:02:00Z,109.26499938964844,109.27999877929688,109.26499938964844,109.27999877929688,109.27999877929688,1495.0
2025-12-05T19:03:00Z,109.29000091552734,109.30999755859375,109.27999877929688,109.27999877929688,109.27999877929688,1816.0
2025-12-05T19:04:00Z,109.29499816894531,109.30000305175781,109.28500366210938,109.28500366210938,109.28500366210938,1918.0
2025-12-05T19:05:00Z,109.27999877929688,109.30000305175781,109.27999877929688,109.30000305175781,109.30000305175781,1469.0
2025-12-05T19:06:00Z,109.29000091552734,109.30999755859375,109.29000091552734,109.30000305175781,109.30000305175781,1394.0
2025-12-05T19:07:00Z,109.2699966430664,109.2750015258789,109.23999786376953,109.23999786376953,109.23999786376953,2587.0
2025-12-05T19:08:00Z,109.2300033569336,109.23999786376953,109.22000122070312,109.22000122070312,109.22000122070312,2605.0
2025-12-05T19:09:00Z,109.24500274658203,109.26000213623047,109.24500274658203,109.26000213623047,109.26000213623047,981.0
2025-12-05T19:10:00Z,109.2699966430664,109.2699966430664,109.26000213623047,109.26000213623047,109.26000213623047,2122.0
2025-12-05T19:11:00Z,109.2699966430664,109.2750015258789,109.2699966430664,109.2750015258789,109.2750015258789,1382.0
2025-12-05T19:12:00Z,109.27999877929688,109.28500366210938,109.26499938964844,109.26499938964844,109.26499938964844,2107.0
2025-12-05T19:13:00Z,109.2699966430664,109.30000305175781,109.2699966430664,109.29499816894531,109.29499816894531,1757.0
2025-12-05T19:14:00Z,109.29000091552734,109.29499816894531,109.29000091552734,109.29499816894531,109.29499816894531,703.0
2025-12-05T19:15:00Z,109.29000091552734,109.29000091552734,109.26000213623047,109.26000213623047,109.26000213623047,2149.0
2025-12-05T19:16:00Z,109.25350189208984,109.2699966430664,109.23999786376953,109.24500274658203,109.24500274658203,3862.0
2025-12-05T19:17:00Z,109.22000122070312,109.23999786376953,109.22000122070312,109.23999786376953,109.23999786376953,586.0
2025-12-05T19:18:00Z,109.23999786376953,109.26000213623047,109.23999786376953,109.24500274658203,109.24500274658203,3325.0
2025-12-05T19:19:00Z,109.25,109.25,109.20999908447266,109.22000122070312,109.22000122070312,1302.0
2025-12-05T19:20:00Z,109.20999908447266,109.23999786376953,109.19999694824219,109.23999786376953,109.23999786376953,3915.0
2025-12-05T19:21:00Z,109.25,109.25,109.2300033569336,109.2300033569336,109.2300033569336,2420.0
2025-12-05T19:22:00Z,109.2249984741211,109.2249984741211,109.19000244140625,109.19000244140625,109.19000244140625,2068.0
2025-12-05T19:23:00Z,109.19000244140625,109.19000244140625,109.17500305175781,109.18499755859375,109.18499755859375,2683.0
2025-12-05T19:24:00Z,109.19000244140625,109.19000244140625,109.19000244140625,109.19000244140625,109.19000244140625,719.0
2025-12-05T19:25:00Z,109.19000244140625,109.19000244140625,109.15499877929688,109.16999816894531,109.16999816894531,1977.0
2025-12-05T19:26:00Z,109.18000030517578,109.20500183105469,109.18000030517578,109.18000030517578,109.18000030517578,3162.0
2025-12-05T19:27:00Z,109.18499755859375,109.19000244140625,109.13999938964844,109.18000030517578,109.18000030517578,4466.0
2025-12-05T19:28:00Z,109.19000244140625,109.19999694824219,109.15499877929688,109.15499877929688,109.15499877929688,5674.0
2025-12-05T19:29:00Z,109.1500015258789,109.1500015258789,109.13500213623047,109.1500015258789,109.1500015258789,3345.0
2025-12-05T19:30:00Z,109.16000366210938,109.19999694824219,109.16000366210938,109.18499755859375,109.18499755859375,2293.0
2025-12-05T19:31:00Z,109.19000244140625,109.19000244140625,109.12999725341797,109.12999725341797,109.12999725341797,3210.0
2025-12-05T19:32:00Z,109.13999938964844,109.13999938964844,109.08999633789062,109.0999984741211,109.0999984741211,2054.0
2025-12-05T19:33:00Z,109.11000061035156,109.13500213623047,109.11000061035156,109.12999725341797,109.12999725341797,2827.0
2025-12-05T19:34:00Z,109.12000274658203,109.12000274658203,109.0999984741211,109.0999984741211,109.0999984741211,1528.0
2025-12-05T19:35:00Z,109.0999984741211,109.12000274658203,109.08999633789062,109.08999633789062,109.08999633789062,2940.0
2025-12-05T19:36:00Z,109.08499908447266,109.11000061035156,109.08499908447266,109.08999633789062,109.08999633789062,3845.0
2025-12-05T19:37:00Z,109.08999633789062,109.08999633789062,109.08999633789062,109.08999633789062,109.08999633789062,613.0
2025-12-05T19:38:00Z,109.11000061035156,109.12999725341797,109.11000061035156,109.12000274658203,109.12000274658203,1670.0
2025-12-05T19:39:00Z,109.11000061035156,109.12999725341797,109.11000061035156,109.125,109.125,2805.0
2025-12-05T19:40:00Z,109.12999725341797,109.12999725341797,109.0999984741211,109.11000061035156,109.11000061035156,2540.0
2025-12-05T19:41:00Z,109.11000061035156,109.11499786376953,109.1050033569336,109.11000061035156,109.11000061035156,2366.0
2025-12-05T19:42:00Z,109.0999984741211,109.11000061035156,109.0999984741211,109.0999984741211,109.0999984741211,2671.0
2025-12-05T19:43:00Z,109.11000061035156,109.11000061035156,109.0999984741211,109.0999984741211,109.0999984741211,810.0
2025-12-05T19:44:00Z,109.11000061035156,109.12000274658203,109.0999984741211,109.12000274658203,109.12000274658203,2594.0
2025-12-05T19:45:00Z,109.11000061035156,109.11499786376953,109.0999984741211,109.11499786376953,109.11499786376953,2165.0
2025-12-05T19:46:00Z,109.12000274658203,109.12999725341797,109.1050033569336,109.1050033569336,109.1050033569336,3235.0
2025-12-05T19:47:00Z,109.1050033569336,109.12999725341797,109.1050033569336,109.12000274658203,109.12000274658203,4664.0
2025-12-05T19:48:00Z,109.12000274658203,109.16899871826172,109.11000061035156,109.16500091552734,109.16500091552734,15042.0
2025-12-05T19:49:00Z,109.16500091552734,109.18000030517578,109.12000274658203,109.12999725341797,109.12999725341797,4837.0
2025-12-05T19:50:00Z,109.13500213623047,109.1500015258789,109.13500213623047,109.1500015258789,109.1500015258789,1605.0
2025-12-05T19:51:00Z,109.16000366210938,109.18000030517578,109.16000366210938,109.18000030517578,109.18000030517578,1975.0
2025-12-05T19:52:00Z,109.19000244140625,109.19000244140625,109.1500015258789,109.1500015258789,109.1500015258789,5688.0
2025-12-05T19:53:00Z,109.1500015258789,109.16999816894531,109.13999938964844,109.13999938964844,109.13999938964844,6540.0
2025-12-05T19:54:00Z,109.1500015258789,109.2249984741211,109.1500015258789,109.2249984741211,109.2249984741211,8194.0
2025-12-05T19:55:00Z,109.2300033569336,109.2300033569336,109.22000122070312,109.22000122070312,109.22000122070312,2008.0
2025-12-05T19:56:00Z,109.20999908447266,109.22000122070312,109.19499969482422,109.19499969482422,109.19499969482422,2328.0
2025-12-05T19:57:00Z,109.19499969482422,109.19499969482422,109.16999816894531,109.16999816894531,109.16999816894531,1569.0
2025-12-05T19:58:00Z,109.16000366210938,109.16500091552734,109.16000366210938,109.16000366210938,109.16000366210938,1720.0
2025-12-05T19:59:00Z,109.1500015258789,109.16999816894531,109.12999725341797,109.16999816894531,109.16999816894531,3543.0
2025-12-05T20:00:00Z,109.16000366210938,109.16000366210938,109.1449966430664,109.1449966430664,109.1449966430664,1187.0
2025-12-05T20:01:00Z,109.12999725341797,109.13999938964844,109.12999725341797,109.13999938964844,109.13999938964844,541.0
2025-12-05T20:02:00Z,109.1500015258789,109.1500015258789,109.0999984741211,109.0999984741211,109.0999984741211,3859.0
2025-12-05T20:03:00Z,109.0999984741211,109.125,109.08999633789062,109.125,109.125,2619.0
2025-12-05T20:04:00Z,109.125,109.125,109.12000274658203,109.12000274658203,109.12000274658203,2293.0
2025-12-05T20:05:00Z,109.11000061035156,109.12999725341797,109.0999984741211,109.12999725341797,109.12999725341797,2551.0
2025-12-05T20:06:00Z,109.12999725341797,109.13990020751953,109.08999633789062,109.08999633789062,109.08999633789062,2633.0
2025-12-05T20:07:00Z,109.08000183105469,109.08000183105469,109.05999755859375,109.07499694824219,109.07499694824219,3187.0
2025-12-05T20:08:00Z,109.08499908447266,109.11000061035156,109.08499908447266,109.11000061035156,109.11000061035156,2641.0
2025-12-05T20:09:00Z,109.12000274658203,109.12999725341797,109.12000274658203,109.12999725341797,109.12999725341797,2263.0
2025-12-05T20:10:00Z,109.13500213623047,109.1449966430664,109.12000274658203,109.12000274658203,109.12000274658203,2372.0
2025-12-05T20:11:00Z,109.12999725341797,109.22000122070312,109.12999725341797,109.22000122070312,109.22000122070312,3218.0
2025-12-05T20:12:00Z,109.2249984741211,109.23999786376953,109.2249984741211,109.23999786376953,109.23999786376953,1151.0
2025-12-05T20:13:00Z,109.23999786376953,109.24500274658203,109.2300033569336,109.23999786376953,109.23999786376953,3585.0
2025-12-05T20:14:00Z,109.23999786376953,109.25,109.2300033569336,109.23750305175781,109.23750305175781,5097.0
2025-12-05T20:15:00Z,109.25,109.25,109.20600128173828,109.20600128173828,109.20600128173828,2970.0
2025-12-05T20:16:00Z,109.20999908447266,109.26000213623047,109.20999908447266,109.23999786376953,109.23999786376953,5390.0
2025-12-05T20:17:00Z,109.24500274658203,109.24500274658203,109.2300033569336,109.2300033569336,109.2300033569336,4993.0
2025-12-05T20:18:00Z,109.2300033569336,109.27999877929688,109.22000122070312,109.27999877929688,109.27999877929688,3620.0
2025-12-05T20:19:00Z,109.29000091552734,109.32499694824219,109.26499938964844,109.26499938964844,109.26499938964844,7022.0
2025-12-05T20:20:00Z,109.26499938964844,109.27999877929688,109.26000213623047,109.27999877929688,109.27999877929688,1808.0
2025-12-05T20:21:00Z,109.30999755859375,109.30999755859375,109.29000091552734,109.30000305175781,109.30000305175781,2595.0
2025-12-05T20:22:00Z,109.30000305175781,109.30000305175781,109.27999877929688,109.30000305175781,109.30000305175781,3188.0
2025-12-05T20:23:00Z,109.29499816894531,109.30999755859375,109.29499816894531,109.30999755859375,109.30999755859375,2711.0
2025-12-05T20:24:00Z,109.31500244140625,109.36000061035156,109.31500244140625,109.3499984741211,109.3499984741211,6611.0
2025-12-05T20:25:00Z,109.3499984741211,109.38999938964844,109.3499984741211,109.38999938964844,109.38999938964844,4234.0
2025-12-05T20:26:00Z,109.3949966430664,109.4000015258789,109.37000274658203,109.38999938964844,109.38999938964844,6676.0
2025-12-05T20:27:00Z,109.38999938964844,109.4000015258789,109.38999938964844,109.4000015258789,109.4000015258789,2404.0
2025-12-05T20:28:00Z,109.3949966430664,109.41000366210938,109.37999725341797,109.38999938964844,109.38999938964844,5032.0
2025-12-05T20:29:00Z,109.4000015258789,109.42500305175781,109.4000015258789,109.41999816894531,109.41999816894531,4033.0
2025-12-05T20:30:00Z,109.41000366210938,109.42500305175781,109.39009857177734,109.42500305175781,109.42500305175781,6410.0
2025-12-05T20:31:00Z,109.43000030517578,109.45999908447266,109.43000030517578,109.45999908447266,109.45999908447266,6415.0
2025-12-05T20:32:00Z,109.44999694824219,109.44999694824219,109.40499877929688,109.43679809570312,109.43679809570312,9953.0
2025-12-05T20:33:00Z,109.44000244140625,109.44000244140625,109.3949966430664,109.41500091552734,109.41500091552734,7233.0
2025-12-05T20:34:00Z,109.41999816894531,109.41999816894531,109.41000366210938,109.41000366210938,109.41000366210938,4637.0
2025-12-05T20:35:00Z,109.41000366210938,109.42900085449219,109.38999938964844,109.41999816894531,109.41999816894531,8098.0
2025-12-05T20:36:00Z,109.41999816894531,109.44000244140625,109.41000366210938,109.42500305175781,109.42500305175781,7814.0
2025-12-05T20:37:00Z,109.43000030517578,109.44000244140625,109.41000366210938,109.42500305175781,109.42500305175781,6637.0
2025-12-05T20:38:00Z,109.43000030517578,109.44000244140625,109.41999816894531,109.41999816894531,109.41999816894531,7665.0
2025-12-05T20:39:00Z,109.41999816894531,109.43499755859375,109.41999816894531,109.41999816894531,109.41999816894531,7212.0
2025-12-05T20:40:00Z,109.41999816894531,109.41999816894531,109.38999938964844,109.4000015258789,109.4000015258789,8623.0
2025-12-05T20:41:00Z,109.4000015258789,109.41000366210938,109.35749816894531,109.36000061035156,109.36000061035156,12902.0
2025-12-05T20:42:00Z,109.36000061035156,109.38999938964844,109.3499984741211,109.38999938964844,109.38999938964844,7463.0
2025-12-05T20:43:00Z,109.38999938964844,109.41000366210938,109.3499984741211,109.3499984741211,109.3499984741211,5951.0
2025-12-05T20:44:00Z,109.33999633789062,109.3499984741211,109.33999633789062,109.3499984741211,109.3499984741211,2177.0
2025-12-05T20:45:00Z,109.33999633789062,109.33999633789062,109.32099914550781,109.33499908447266,109.33499908447266,3516.0
2025-12-05T20:46:00Z,109.33499908447266,109.33499908447266,109.2699966430664,109.2699966430664,109.2699966430664,9356.0
2025-12-05T20:47:00Z,109.26000213623047,109.2699966430664,109.23999786376953,109.25,109.25,11725.0
2025-12-05T20:48:00Z,109.23999786376953,109.29000091552734,109.23999786376953,109.26499938964844,109.26499938964844,5864.0
2025-12-05T20:49:00Z,109.2699966430664,109.30000305175781,109.2699966430664,109.27999877929688,109.27999877929688,4994.0
2025-12-05T20:50:00Z,109.29000091552734,109.33000183105469,109.28500366210938,109.28500366210938,109.28500366210938,12652.0
2025-12-05T20:51:00Z,109.27999877929688,109.27999877929688,109.25,109.25,109.25,8206.0
2025-12-05T20:52:00Z,109.25499725341797,109.31500244140625,109.25,109.31500244140625,109.31500244140625,8668.0
2025-12-05T20:53:00Z,109.31999969482422,109.33499908447266,109.30999755859375,109.31999969482422,109.31999969482422,15642.0
2025-12-05T20:54:00Z,109.32499694824219,109.32499694824219,109.19999694824219,109.22000122070312,109.22000122070312,14265.0
2025-12-05T20:55:00Z,109.2300033569336,109.24150085449219,109.18000030517578,109.18000030517578,109.18000030517578,15056.0
2025-12-05T20:56:00Z,109.18000030517578,109.19000244140625,109.16000366210938,109.16500091552734,109.16500091552734,17735.0
2025-12-05T20:57:00Z,109.16000366210938,109.19999694824219,109.1500015258789,109.19499969482422,109.19499969482422,20311.0
2025-12-05T20:58:00Z,109.19000244140625,109.26499938964844,109.18499755859375,109.23500061035156,109.23500061035156,30966.0
2025-12-05T20:59:00Z,109.26000213623047,109.30500030517578,109.23500061035156,109.26000213623047,109.26000213623047,59601.0
2025-12-08T14:31:00Z,108.30999755859375,108.30999755859375,107.98999786376953,108.12000274658203,108.12000274658203,6643.0
2025-12-08T14:32:00Z,108.12000274658203,108.12000274658203,107.95999908447266,107.99250030517578,107.99250030517578,13367.0
2025-12-08T14:33:00Z,108.00749969482422,108.05999755859375,107.8499984741211,107.94999694824219,107.94999694824219,7298.0
2025-12-08T14:34:00Z,107.94999694824219,108.0,107.91500091552734,107.94000244140625,107.94000244140625,5514.0
2025-12-08T14:35:00Z,107.91000366210938,108.12000274658203,107.91000366210938,108.12000274658203,108.12000274658203,3304.0
2025-12-08T14:36:00Z,107.95999908447266,108.33499908447266,107.95999908447266,108.27999877929688,108.27999877929688,3786.0
2025-12-08T14:37:00Z,108.36000061035156,108.38999938964844,108.27999877929688,108.38999938964844,108.38999938964844,2163.0
2025-12-08T14:38:00Z,108.2300033569336,108.41999816894531,108.19999694824219,108.41999816894531,108.41999816894531,5931.0
2025-12-08T14:39:00Z,108.44499969482422,108.5199966430664,108.44499969482422,108.5199966430664,108.5199966430664,1410.0
2025-12-08T14:40:00Z,108.54000091552734,108.54000091552734,108.375,108.375,108.375,3683.0
2025-12-08T14:41:00Z,108.41000366210938,108.41000366210938,108.31999969482422,108.31999969482422,108.31999969482422,1422.0
2025-12-08T14:42:00Z,108.43000030517578,108.5802001953125,108.43000030517578,108.5199966430664,108.5199966430664,5187.0
2025-12-08T14:43:00Z,108.44010162353516,108.48999786376953,108.44010162353516,108.48999786376953,108.48999786376953,1413.0
2025-12-08T14:44:00Z,108.5199966430664,108.58200073242188,108.44999694824219,108.51000213623047,108.51000213623047,7575.0
2025-12-08T14:45:00Z,108.44999694824219,108.4749984741211,108.38999938964844,108.38999938964844,108.38999938964844,2379.0
2025-12-08T14:46:00Z,108.41000366210938,108.51000213623047,108.41000366210938,108.51000213623047,108.51000213623047,2806.0
2025-12-08T14:47:00Z,108.62000274658203,108.62000274658203,108.62000274658203,108.62000274658203,108.62000274658203,911.0
2025-12-08T14:48:00Z,108.72000122070312,108.7750015258789,108.72000122070312,108.7750015258789,108.7750015258789,1752.0
2025-12-08T14:49:00Z,108.79000091552734,108.87999725341797,108.70999908447266,108.70999908447266,108.70999908447266,3943.0
2025-12-08T14:50:00Z,108.76499938964844,108.80000305175781,108.76000213623047,108.7699966430664,108.7699966430664,3499.0
2025-12-08T14:51:00Z,108.75,108.7699966430664,108.73500061035156,108.73500061035156,108.73500061035156,3419.0
2025-12-08T14:52:00Z,108.73500061035156,108.80999755859375,108.73500061035156,108.77999877929688,108.77999877929688,3890.0
2025-12-08T14:53:00Z,108.75,108.77999877929688,108.75,108.7699966430664,108.7699966430664,1748.0
2025-12-08T14:54:00Z,108.76000213623047,108.83999633789062,108.76000213623047,108.83999633789062,108.83999633789062,2648.0
2025-12-08T14:55:00Z,108.86000061035156,108.91000366210938,108.80999755859375,108.88999938964844,108.88999938964844,2856.0
2025-12-08T14:56:00Z,108.8550033569336,108.86000061035156,108.81999969482422,108.83999633789062,108.83999633789062,2546.0
2025-12-08T14:57:00Z,108.81999969482422,108.83000183105469,108.80999755859375,108.80999755859375,108.80999755859375,952.0
2025-12-08T14:58:00Z,108.82499694824219,108.91999816894531,108.82499694824219,108.91000366210938,108.91000366210938,4019.0
2025-12-08T14:59:00Z,108.91000366210938,108.91000366210938,108.80999755859375,108.80999755859375,108.80999755859375,2208.0
2025-12-08T15:00:00Z,108.81999969482422,108.8550033569336,108.75,108.80999755859375,108.80999755859375,3812.0
2025-12-08T15:01:00Z,108.77999877929688,108.80000305175781,108.7125015258789,108.79000091552734,108.79000091552734,2287.0
2025-12-08T15:02:00Z,108.67949676513672,108.7300033569336,108.67949676513672,108.7300033569336,108.7300033569336,2133.0
2025-12-08T15:03:00Z,108.69000244140625,108.69000244140625,108.62000274658203,108.62000274658203,108.62000274658203,2215.0
2025-12-08T15:04:00Z,108.58999633789062,108.62000274658203,108.48999786376953,108.51000213623047,108.51000213623047,10588.0
2025-12-08T15:05:00Z,108.51000213623047,108.53500366210938,108.41500091552734,108.48999786376953,108.48999786376953,7522.0
2025-12-08T15:06:00Z,108.47000122070312,108.4800033569336,108.42639923095703,108.4800033569336,108.4800033569336,2954.0
2025-12-08T15:07:00Z,108.47000122070312,108.47000122070312,108.44999694824219,108.44999694824219,108.44999694824219,2411.0
2025-12-08T15:08:00Z,108.41999816894531,108.5,108.41999816894531,108.5,108.5,3949.0
2025-12-08T15:09:00Z,108.47000122070312,108.47000122070312,108.42250061035156,108.44499969482422,108.44499969482422,2492.0
2025-12-08T15:10:00Z,108.44499969482422,108.45079803466797,108.44499969482422,108.44499969482422,108.44499969482422,2629.0
2025-12-08T15:11:00Z,108.4800033569336,108.48999786376953,108.36000061035156,108.36000061035156,108.36000061035156,6352.0
2025-12-08T15:12:00Z,108.37000274658203,108.37000274658203,108.26000213623047,108.31999969482422,108.31999969482422,7316.0
2025-12-08T15:13:00Z,108.29000091552734,108.29000091552734,108.20999908447266,108.2698974609375,108.2698974609375,6265.0
2025-12-08T15:14:00Z,108.30000305175781,108.30000305175781,108.30000305175781,108.30000305175781,108.30000305175781,2285.0
2025-12-08T15:15:00Z,108.30000305175781,108.31999969482422,108.29060363769531,108.30000305175781,108.30000305175781,1254.0
2025-12-08T15:16:00Z,108.31999969482422,108.37000274658203,108.31999969482422,108.3550033569336,108.3550033569336,4886.0
2025-12-08T15:17:00Z,108.34349822998047,108.37000274658203,108.30999755859375,108.37000274658203,108.37000274658203,7998.0
2025-12-08T15:18:00Z,108.4000015258789,108.41999816894531,108.37999725341797,108.3949966430664,108.3949966430664,1769.0
2025-12-08T15:19:00Z,108.38999938964844,108.43000030517578,108.38999938964844,108.43000030517578,108.43000030517578,2261.0
2025-12-08T15:20:00Z,108.45999908447266,108.4800033569336,108.45999908447266,108.47000122070312,108.47000122070312,1483.0
2025-12-08T15:21:00Z,108.4749984741211,108.48999786376953,108.41999816894531,108.4800033569336,108.4800033569336,7635.0
2025-12-08T15:22:00Z,108.4749984741211,108.5,108.4749984741211,108.48500061035156,108.48500061035156,4030.0
2025-12-08T15:23:00Z,108.48999786376953,108.58000183105469,108.4800033569336,108.56500244140625,108.56500244140625,10424.0
2025-12-08T15:24:00Z,108.58000183105469,108.62000274658203,108.56999969482422,108.62000274658203,108.62000274658203,2144.0
2025-12-08T15:25:00Z,108.66999816894531,108.7300033569336,108.66000366210938,108.72000122070312,108.72000122070312,6669.0
2025-12-08T15:26:00Z,108.73999786376953,108.75499725341797,108.66999816894531,108.66999816894531,108.66999816894531,5600.0
2025-12-08T15:27:00Z,108.69000244140625,108.69000244140625,108.62000274658203,108.62000274658203,108.62000274658203,3046.0
2025-12-08T15:28:00Z,108.62000274658203,108.62999725341797,108.61000061035156,108.61000061035156,108.61000061035156,1321.0
2025-12-08T15:29:00Z,108.62000274658203,108.62999725341797,108.62000274658203,108.62999725341797,108.62999725341797,1252.0
2025-12-08T15:30:00Z,108.63999938964844,108.72000122070312,108.63999938964844,108.69999694824219,108.69999694824219,5943.0
2025-12-08T15:31:00Z,108.70999908447266,108.70999908447266,108.68000030517578,108.68000030517578,108.68000030517578,1459.0
2025-12-08T15:32:00Z,108.66999816894531,108.66999816894531,108.62000274658203,108.625,108.625,4546.0
2025-12-08T15:33:00Z,108.6500015258789,108.69999694824219,108.6500015258789,108.69999694824219,108.69999694824219,2153.0
2025-12-08T15:34:00Z,108.68499755859375,108.68499755859375,108.66999816894531,108.67500305175781,108.67500305175781,3226.0
2025-12-08T15:35:00Z,108.67500305175781,108.76000213623047,108.66999816894531,108.75,108.75,5404.0
2025-12-08T15:36:00Z,108.73999786376953,108.73999786376953,108.68000030517578,108.69000244140625,108.69000244140625,4956.0
2025-12-08T15:37:00Z,108.69999694824219,108.69999694824219,108.63999938964844,108.68000030517578,108.68000030517578,2298.0
2025-12-08T15:38:00Z,108.69000244140625,108.70999908447266,108.68000030517578,108.68000030517578,108.68000030517578,1860.0
2025-12-08T15:39:00Z,108.69999694824219,108.73709869384766,108.69499969482422,108.73709869384766,108.73709869384766,2934.0
2025-12-08T15:40:00Z,108.75,108.75,108.72000122070312,108.72000122070312,108.72000122070312,1029.0
2025-12-08T15:41:00Z,108.72339630126953,108.72339630126953,108.69999694824219,108.70999908447266,108.70999908447266,2369.0
2025-12-08T15:42:00Z,108.69999694824219,108.69999694824219,108.66000366210938,108.66000366210938,108.66000366210938,3744.0
2025-12-08T15:43:00Z,108.63999938964844,108.68000030517578,108.63999938964844,108.63999938964844,108.63999938964844,4466.0
2025-12-08T15:44:00Z,108.6500015258789,108.6500015258789,108.625,108.63500213623047,108.63500213623047,2298.0
2025-12-08T15:45:00Z,108.63500213623047,108.63500213623047,108.5999984741211,108.5999984741211,108.5999984741211,1633.0
2025-12-08T15:46:00Z,108.61000061035156,108.6500015258789,108.61000061035156,108.6500015258789,108.6500015258789,1745.0
2025-12-08T15:47:00Z,108.62999725341797,108.62999725341797,108.61000061035156,108.62999725341797,108.62999725341797,3255.0
2025-12-08T15:48:00Z,108.6500015258789,108.66999816894531,108.6500015258789,108.66999816894531,108.66999816894531,1836.0
2025-12-08T15:49:00Z,108.66000366210938,108.66999816894531,108.63999938964844,108.66500091552734,108.66500091552734,3219.0
2025-12-08T15:50:00Z,108.66999816894531,108.68499755859375,108.6500015258789,108.66999816894531,108.66999816894531,4081.0
2025-12-08T15:51:00Z,108.68000030517578,108.69000244140625,108.58999633789062,108.58999633789062,108.58999633789062,5604.0
2025-12-08T15:52:00Z,108.61000061035156,108.62000274658203,108.56999969482422,108.56999969482422,108.56999969482422,2015.0
2025-12-08T15:53:00Z,108.56999969482422,108.58000183105469,108.51000213623047,108.51000213623047,108.51000213623047,1699.0
2025-12-08T15:54:00Z,108.51000213623047,108.55000305175781,108.51000213623047,108.55000305175781,108.55000305175781,3044.0
2025-12-08T15:55:00Z,108.55999755859375,108.56999969482422,108.54499816894531,108.54499816894531,108.54499816894531,1663.0
2025-12-08T15:56:00Z,108.55500030517578,108.58999633789062,108.55000305175781,108.58000183105469,108.58000183105469,2720.0
2025-12-08T15:57:00Z,108.56999969482422,108.56999969482422,108.4800033569336,108.4800033569336,108.4800033569336,2352.0
2025-12-08T15:58:00Z,108.48999786376953,108.61000061035156,108.47000122070312,108.58000183105469,108.58000183105469,14917.0
2025-12-08T15:59:00Z,108.56999969482422,108.56999969482422,108.45999908447266,108.4800033569336,108.4800033569336,5394.0
2025-12-08T16:00:00Z,108.4000015258789,108.41000366210938,108.38500213623047,108.41000366210938,108.41000366210938,3265.0
2025-12-08T16:01:00Z,108.38999938964844,108.38999938964844,108.31999969482422,108.32499694824219,108.32499694824219,2640.0
2025-12-08T16:02:00Z,108.33999633789062,108.37000274658203,108.33999633789062,108.37000274658203,108.37000274658203,1892.0
2025-12-08T16:03:00Z,108.36000061035156,108.37000274658203,108.36000061035156,108.36000061035156,108.36000061035156,990.0
2025-12-08T16:04:00Z,108.33000183105469,108.33000183105469,108.2750015258789,108.29000091552734,108.29000091552734,2574.0
2025-12-08T16:05:00Z,108.25,108.33000183105469,108.25,108.33000183105469,108.33000183105469,2899.0
2025-12-08T16:06:00Z,108.30999755859375,108.37000274658203,108.30999755859375,108.37000274658203,108.37000274658203,4219.0
2025-12-08T16:07:00Z,108.38999938964844,108.41999816894531,108.3499984741211,108.3499984741211,108.3499984741211,3865.0
2025-12-08T16:08:00Z,108.37999725341797,108.37999725341797,108.31999969482422,108.33000183105469,108.33000183105469,7187.0
2025-12-08T16:09:00Z,108.31999969482422,108.3499984741211,108.31999969482422,108.3499984741211,108.3499984741211,2332.0
2025-12-08T16:10:00Z,108.37999725341797,108.37999725341797,108.3499984741211,108.3499984741211,108.3499984741211,2142.0
2025-12-08T16:11:00Z,108.34500122070312,108.34500122070312,108.33999633789062,108.33999633789062,108.33999633789062,1057.0
2025-12-08T16:12:00Z,108.3499984741211,108.3499984741211,108.30000305175781,108.3499984741211,108.3499984741211,6878.0
2025-12-08T16:13:00Z,108.37000274658203,108.37000274658203,108.36000061035156,108.37000274658203,108.37000274658203,824.0
2025-12-08T16:14:00Z,108.33999633789062,108.33999633789062,108.31500244140625,108.33999633789062,108.33999633789062,2667.0
2025-12-08T16:15:00Z,108.37999725341797,108.41000366210938,108.37999725341797,108.37999725341797,108.37999725341797,3116.0
2025-12-08T16:16:00Z,108.4000015258789,108.4000015258789,108.37999725341797,108.38999938964844,108.38999938964844,1743.0
2025-12-08T16:17:00Z,108.4000015258789,108.4000015258789,108.37000274658203,108.37000274658203,108.37000274658203,3804.0
2025-12-08T16:18:00Z,108.37999725341797,108.41000366210938,108.37000274658203,108.41000366210938,108.41000366210938,3296.0
2025-12-08T16:19:00Z,108.41000366210938,108.44000244140625,108.37000274658203,108.37000274658203,108.37000274658203,4380.0
2025-12-08T16:20:00Z,108.37000274658203,108.43000030517578,108.37000274658203,108.41000366210938,108.41000366210938,2774.0
2025-12-08T16:21:00Z,108.4000015258789,108.4000015258789,108.36000061035156,108.37999725341797,108.37999725341797,2053.0
2025-12-08T16:22:00Z,108.42520141601562,108.42520141601562,108.3499984741211,108.3499984741211,108.3499984741211,2135.0
2025-12-08T16:23:00Z,108.37000274658203,108.37000274658203,108.3499984741211,108.3550033569336,108.3550033569336,2646.0
2025-12-08T16:24:00Z,108.36000061035156,108.3949966430664,108.34349822998047,108.38500213623047,108.38500213623047,7779.0
2025-12-08T16:25:00Z,108.38500213623047,108.44999694824219,108.36000061035156,108.44999694824219,108.44999694824219,7975.0
2025-12-08T16:26:00Z,108.45999908447266,108.4800033569336,108.41999816894531,108.41999816894531,108.41999816894531,3542.0
2025-12-08T16:27:00Z,108.42500305175781,108.42500305175781,108.41999816894531,108.41999816894531,108.41999816894531,1060.0
2025-12-08T16:28:00Z,108.43000030517578,108.44999694824219,108.40049743652344,108.41999816894531,108.41999816894531,3107.0
2025-12-08T16:29:00Z,108.44000244140625,108.45999908447266,108.43000030517578,108.44999694824219,108.44999694824219,5106.0
2025-12-08T16:30:00Z,108.44499969482422,108.46499633789062,108.44499969482422,108.46499633789062,108.46499633789062,3091.0
2025-12-08T16:31:00Z,108.47000122070312,108.48500061035156,108.47000122070312,108.4800033569336,108.4800033569336,1374.0
2025-12-08T16:32:00Z,108.47000122070312,108.47000122070312,108.47000122070312,108.47000122070312,108.47000122070312,663.0
2025-12-08T16:33:00Z,108.5,108.55000305175781,108.5,108.5199966430664,108.5199966430664,3574.0
2025-12-08T16:34:00Z,108.52999877929688,108.55000305175781,108.52999877929688,108.55000305175781,108.55000305175781,2652.0
2025-12-08T16:35:00Z,108.54000091552734,108.55500030517578,108.54000091552734,108.55500030517578,108.55500030517578,1986.0
2025-12-08T16:36:00Z,108.61000061035156,108.61000061035156,108.58000183105469,108.58000183105469,108.58000183105469,5642.0
2025-12-08T16:37:00Z,108.58999633789062,108.5999984741211,108.58999633789062,108.5999984741211,108.5999984741211,1477.0
2025-12-08T16:38:00Z,108.61000061035156,108.61199951171875,108.58000183105469,108.58000183105469,108.58000183105469,1259.0
2025-12-08T16:39:00Z,108.5999984741211,108.66999816894531,108.58999633789062,108.66999816894531,108.66999816894531,3673.0
2025-12-08T16:40:00Z,108.6500015258789,108.66000366210938,108.62999725341797,108.6500015258789,108.6500015258789,2263.0
2025-12-08T16:41:00Z,108.6500015258789,108.67500305175781,108.6500015258789,108.67500305175781,108.67500305175781,1267.0
2025-12-08T16:42:00Z,108.66999816894531,108.69999694824219,108.66999816894531,108.69999694824219,108.69999694824219,1967.0
2025-12-08T16:43:00Z,108.72000122070312,108.72000122070312,108.69999694824219,108.69999694824219,108.69999694824219,1516.0
2025-12-08T16:44:00Z,108.73999786376953,108.73999786376953,108.68009948730469,108.68009948730469,108.68009948730469,1449.0
2025-12-08T16:45:00Z,108.72000122070312,108.73999786376953,108.72000122070312,108.7300033569336,108.7300033569336,1206.0
2025-12-08T16:46:00Z,108.73999786376953,108.74500274658203,108.72350311279297,108.72350311279297,108.72350311279297,4660.0
2025-12-08T16:47:00Z,108.7249984741211,108.7249984741211,108.7249984741211,108.7249984741211,108.7249984741211,309.0
2025-12-08T16:48:00Z,108.70999908447266,108.72000122070312,108.69999694824219,108.72000122070312,108.72000122070312,2315.0
2025-12-08T16:49:00Z,108.75,108.7699966430664,108.75,108.75,108.75,2239.0
2025-12-08T16:50:00Z,108.75,108.75,108.7249984741211,108.7249984741211,108.7249984741211,2641.0
2025-12-08T16:51:00Z,108.72850036621094,108.75,108.69000244140625,108.69000244140625,108.69000244140625,4408.0
2025-12-08T16:52:00Z,108.68000030517578,108.68000030517578,108.62999725341797,108.66999816894531,108.66999816894531,3585.0
2025-12-08T16:53:00Z,108.63999938964844,108.66999816894531,108.625,108.66999816894531,108.66999816894531,3760.0
2025-12-08T16:54:00Z,108.70999908447266,108.70999908447266,108.70999908447266,108.70999908447266,108.70999908447266,369.0
2025-12-08T16:55:00Z,108.72000122070312,108.72000122070312,108.69010162353516,108.69999694824219,108.69999694824219,1871.0
2025-12-08T16:56:00Z,108.69000244140625,108.69999694824219,108.68000030517578,108.68000030517578,108.68000030517578,1739.0
2025-12-08T16:57:00Z,108.63500213623047,108.66999816894531,108.63500213623047,108.66000366210938,108.66000366210938,1589.0
2025-12-08T16:58:00Z,108.68000030517578,108.69000244140625,108.68000030517578,108.69000244140625,108.69000244140625,1509.0
2025-12-08T16:59:00Z,108.69999694824219,108.70999908447266,108.69999694824219,108.70999908447266,108.70999908447266,1238.0
2025-12-08T17:00:00Z,108.70999908447266,108.77999877929688,108.70999908447266,108.77999877929688,108.77999877929688,9527.0
2025-12-08T17:01:00Z,108.79000091552734,108.79000091552734,108.7699966430664,108.7699966430664,108.7699966430664,1887.0
2025-12-08T17:02:00Z,108.7750015258789,108.7750015258789,108.72000122070312,108.72000122070312,108.72000122070312,2236.0
2025-12-08T17:03:00Z,108.69999694824219,108.72000122070312,108.69999694824219,108.72000122070312,108.72000122070312,1284.0
2025-12-08T17:04:00Z,108.72699737548828,108.72699737548828,108.69999694824219,108.69999694824219,108.69999694824219,1787.0
2025-12-08T17:05:00Z,108.69999694824219,108.69999694824219,108.69999694824219,108.69999694824219,108.69999694824219,397.0
2025-12-08T17:06:00Z,108.68000030517578,108.73699951171875,108.68000030517578,108.71499633789062,108.71499633789062,2335.0
2025-12-08T17:07:00Z,108.72000122070312,108.7300033569336,108.72000122070312,108.7249984741211,108.7249984741211,1313.0
2025-12-08T17:08:00Z,108.7249984741211,108.73999786376953,108.70999908447266,108.73999786376953,108.73999786376953,2368.0
2025-12-08T17:09:00Z,108.76000213623047,108.7699966430664,108.73999786376953,108.7699966430664,108.7699966430664,2601.0
2025-12-08T17:10:00Z,108.7699966430664,108.7699966430664,108.75,108.76000213623047,108.76000213623047,2502.0
2025-12-08T17:11:00Z,108.79000091552734,108.80000305175781,108.79000091552734,108.79000091552734,108.79000091552734,1614.0
2025-12-08T17:12:00Z,108.78500366210938,108.78500366210938,108.75,108.76000213623047,108.76000213623047,2021.0
2025-12-08T17:13:00Z,108.76899719238281,108.76899719238281,108.72000122070312,108.72000122070312,108.72000122070312,5661.0
2025-12-08T17:14:00Z,108.73500061035156,108.73500061035156,108.70999908447266,108.70999908447266,108.70999908447266,2207.0
2025-12-08T17:16:00Z,108.70999908447266,108.7300033569336,108.68099975585938,108.72000122070312,108.72000122070312,3018.0
2025-12-08T17:17:00Z,108.72000122070312,108.7249984741211,108.68499755859375,108.68499755859375,108.68499755859375,1379.0
2025-12-08T17:18:00Z,108.66000366210938,108.68000030517578,108.66000366210938,108.68000030517578,108.68000030517578,1574.0
2025-12-08T17:19:00Z,108.68000030517578,108.71379852294922,108.68000030517578,108.70999908447266,108.70999908447266,2098.0
2025-12-08T17:20:00Z,108.7300033569336,108.7300033569336,108.69000244140625,108.70999908447266,108.70999908447266,1835.0
2025-12-08T17:21:00Z,108.69999694824219,108.69999694824219,108.69000244140625,108.69000244140625,108.69000244140625,978.0
2025-12-08T17:22:00Z,108.69000244140625,108.70989990234375,108.66000366210938,108.69999694824219,108.69999694824219,2084.0
2025-12-08T17:23:00Z,108.69999694824219,108.7300033569336,108.69999694824219,108.72000122070312,108.72000122070312,2428.0
2025-12-08T17:24:00Z,108.70999908447266,108.70999908447266,108.6404037475586,108.6404037475586,108.6404037475586,2341.0
2025-12-08T17:25:00Z,108.63999938964844,108.63999938964844,108.6050033569336,108.61750030517578,108.61750030517578,2110.0
2025-12-08T17:26:00Z,108.63999938964844,108.6500015258789,108.61000061035156,108.61000061035156,108.61000061035156,2355.0
2025-12-08T17:27:00Z,108.61270141601562,108.63999938964844,108.61270141601562,108.63500213623047,108.63500213623047,2531.0
2025-12-08T17:28:00Z,108.63500213623047,108.63500213623047,108.62000274658203,108.62000274658203,108.62000274658203,1655.0
2025-12-08T17:29:00Z,108.58999633789062,108.62999725341797,108.58999633789062,108.61499786376953,108.61499786376953,2342.0
2025-12-08T17:30:00Z,108.61000061035156,108.62999725341797,108.58000183105469,108.61000061035156,108.61000061035156,1688.0
2025-12-08T17:31:00Z,108.61000061035156,108.62000274658203,108.58999633789062,108.62000274658203,108.62000274658203,2302.0
2025-12-08T17:32:00Z,108.63999938964844,108.63999938964844,108.62000274658203,108.62000274658203,108.62000274658203,452.0
2025-12-08T17:33:00Z,108.63999938964844,108.63999938964844,108.61000061035156,108.61499786376953,108.61499786376953,2890.0
2025-12-08T17:35:00Z,108.62000274658203,108.63999938964844,108.62000274658203,108.63999938964844,108.63999938964844,3507.0
2025-12-08T17:36:00Z,108.6449966430664,108.6449966430664,108.5999984741211,108.61000061035156,108.61000061035156,2606.0
2025-12-08T17:37:00Z,108.61000061035156,108.61000061035156,108.61000061035156,108.61000061035156,108.61000061035156,1060.0
2025-12-08T17:38:00Z,108.61000061035156,108.61000061035156,108.61000061035156,108.61000061035156,108.61000061035156,611.0
2025-12-08T17:39:00Z,108.58999633789062,108.58999633789062,108.58000183105469,108.58000183105469,108.58000183105469,2031.0
2025-12-08T17:40:00Z,108.55000305175781,108.55000305175781,108.5,108.5009994506836,108.5009994506836,3696.0
2025-12-08T17:41:00Z,108.5250015258789,108.52999877929688,108.5250015258789,108.52999877929688,108.52999877929688,1212.0
2025-12-08T17:42:00Z,108.55000305175781,108.55000305175781,108.53500366210938,108.53500366210938,108.53500366210938,1855.0
2025-12-08T17:43:00Z,108.54000091552734,108.55999755859375,108.54000091552734,108.54000091552734,108.54000091552734,3515.0
2025-12-08T17:44:00Z,108.55999755859375,108.57499694824219,108.55999755859375,108.55999755859375,108.55999755859375,1808.0
2025-12-08T17:45:00Z,108.55000305175781,108.56999969482422,108.55000305175781,108.56999969482422,108.56999969482422,1114.0
2025-12-08T17:46:00Z,108.55999755859375,108.58499908447266,108.55999755859375,108.58499908447266,108.58499908447266,2043.0
2025-12-08T17:47:00Z,108.58499908447266,108.58999633789062,108.58000183105469,108.58999633789062,108.58999633789062,2874.0
2025-12-08T17:48:00Z,108.58999633789062,108.58999633789062,108.58000183105469,108.58000183105469,108.58000183105469,1683.0
2025-12-08T17:49:00Z,108.5999984741211,108.62000274658203,108.58999633789062,108.58999633789062,108.58999633789062,2905.0
2025-12-08T17:50:00Z,108.58999633789062,108.61000061035156,108.58999633789062,108.5999984741211,108.5999984741211,3066.0
2025-12-08T17:51:00Z,108.5999984741211,108.61000061035156,108.5999984741211,108.61000061035156,108.61000061035156,587.0
2025-12-08T17:52:00Z,108.61000061035156,108.61000061035156,108.5999984741211,108.5999984741211,108.5999984741211,1322.0
2025-12-08T17:53:00Z,108.5999984741211,108.5999984741211,108.55000305175781,108.55000305175781,108.55000305175781,3200.0
2025-12-08T17:54:00Z,108.58000183105469,108.62000274658203,108.57420349121094,108.62000274658203,108.62000274658203,2328.0
2025-12-08T17:55:00Z,108.6500015258789,108.6500015258789,108.6449966430664,108.6449966430664,108.6449966430664,1502.0
2025-12-08T17:56:00Z,108.63999938964844,108.63999938964844,108.62000274658203,108.62000274658203,108.62000274658203,2280.0
2025-12-08T17:57:00Z,108.58999633789062,108.5999984741211,108.56999969482422,108.56999969482422,108.56999969482422,2042.0
2025-12-08T17:58:00Z,108.5469970703125,108.58000183105469,108.5469970703125,108.58000183105469,108.58000183105469,2026.0
2025-12-08T17:59:00Z,108.58000183105469,108.58000183105469,108.52999877929688,108.52999877929688,108.52999877929688,2510.0
2025-12-08T18:00:00Z,108.52999877929688,108.55999755859375,108.4800033569336,108.4800033569336,108.4800033569336,2658.0
2025-12-08T18:01:00Z,108.4749984741211,108.4749984741211,108.43499755859375,108.45999908447266,108.45999908447266,2287.0
2025-12-08T18:02:00Z,108.44400024414062,108.45999908447266,108.38999938964844,108.41999816894531,108.41999816894531,1866.0
2025-12-08T18:03:00Z,108.4000015258789,108.41999816894531,108.39009857177734,108.4000015258789,108.4000015258789,2535.0
2025-12-08T18:04:00Z,108.43000030517578,108.43000030517578,108.41000366210938,108.41000366210938,108.41000366210938,2873.0
2025-12-08T18:05:00Z,108.41999816894531,108.43000030517578,108.41999816894531,108.41999816894531,108.41999816894531,1838.0
2025-12-08T18:06:00Z,108.41000366210938,108.41000366210938,108.38999938964844,108.38999938964844,108.38999938964844,1555.0
2025-12-08T18:07:00Z,108.37999725341797,108.37999725341797,108.37000274658203,108.37000274658203,108.37000274658203,815.0
2025-12-08T18:08:00Z,108.37000274658203,108.37999725341797,108.36000061035156,108.37000274658203,108.37000274658203,2760.0
2025-12-08T18:09:00Z,108.36000061035156,108.37000274658203,108.3499984741211,108.3499984741211,108.3499984741211,2555.0
2025-12-08T18:10:00Z,108.3499984741211,108.4000015258789,108.33999633789062,108.4000015258789,108.4000015258789,3304.0
2025-12-08T18:11:00Z,108.41000366210938,108.41000366210938,108.3550033569336,108.3550033569336,108.3550033569336,2188.0
2025-12-08T18:12:00Z,108.37000274658203,108.37000274658203,108.36000061035156,108.36000061035156,108.36000061035156,1223.0
2025-12-08T18:13:00Z,108.33999633789062,108.37999725341797,108.33999633789062,108.37999725341797,108.37999725341797,3073.0
2025-12-08T18:14:00Z,108.38500213623047,108.4000015258789,108.37999725341797,108.37999725341797,108.37999725341797,3012.0
2025-12-08T18:15:00Z,108.36499786376953,108.36499786376953,108.3499984741211,108.3499984741211,108.3499984741211,1078.0
2025-12-08T18:16:00Z,108.33999633789062,108.3499984741211,108.33999633789062,108.33999633789062,108.33999633789062,1868.0
2025-12-08T18:17:00Z,108.33000183105469,108.3499984741211,108.30999755859375,108.3499984741211,108.3499984741211,2693.0
2025-12-08T18:18:00Z,108.36000061035156,108.37000274658203,108.36000061035156,108.37000274658203,108.37000274658203,1157.0
2025-12-08T18:19:00Z,108.37999725341797,108.37999725341797,108.37999725341797,108.37999725341797,108.37999725341797,1530.0
2025-12-08T18:20:00Z,108.41000366210938,108.41999816894531,108.38999938964844,108.41000366210938,108.41000366210938,2527.0
2025-12-08T18:21:00Z,108.38999938964844,108.3949966430664,108.38099670410156,108.3949966430664,108.3949966430664,1801.0
2025-12-08T18:22:00Z,108.4000015258789,108.4000015258789,108.38999938964844,108.38999938964844,108.38999938964844,2082.0
2025-12-08T18:24:00Z,108.38999938964844,108.41000366210938,108.37999725341797,108.41000366210938,108.41000366210938,2897.0
2025-12-08T18:25:00Z,108.41999816894531,108.43000030517578,108.41999816894531,108.42500305175781,108.42500305175781,2086.0
2025-12-08T18:26:00Z,108.42500305175781,108.42500305175781,108.4000015258789,108.4000015258789,108.4000015258789,1737.0
2025-12-08T18:27:00Z,108.41000366210938,108.41000366210938,108.4000015258789,108.4000015258789,108.4000015258789,2420.0
2025-12-08T18:28:00Z,108.4000015258789,108.4000015258789,108.37000274658203,108.37000274658203,108.37000274658203,1461.0
2025-12-08T18:29:00Z,108.3550033569336,108.3550033569336,108.31999969482422,108.31999969482422,108.31999969482422,2406.0
2025-12-08T18:30:00Z,108.32499694824219,108.32499694824219,108.29000091552734,108.30999755859375,108.30999755859375,2200.0
2025-12-08T18:31:00Z,108.30999755859375,108.30999755859375,108.29000091552734,108.29000091552734,108.29000091552734,1948.0
2025-12-08T18:32:00Z,108.30000305175781,108.30000305175781,108.26000213623047,108.30000305175781,108.30000305175781,2943.0
2025-12-08T18:33:00Z,108.30999755859375,108.30999755859375,108.27999877929688,108.27999877929688,108.27999877929688,2987.0
2025-12-08T18:34:00Z,108.27999877929688,108.30000305175781,108.27999877929688,108.30000305175781,108.30000305175781,1550.0
2025-12-08T18:35:00Z,108.29000091552734,108.30999755859375,108.28500366210938,108.29000091552734,108.29000091552734,2081.0
2025-12-08T18:36:00Z,108.30000305175781,108.31999969482422,108.30000305175781,108.31999969482422,108.31999969482422,1260.0
2025-12-08T18:37:00Z,108.30999755859375,108.31999969482422,108.30999755859375,108.31420135498047,108.31420135498047,2548.0
2025-12-08T18:38:00Z,108.33000183105469,108.36000061035156,108.33000183105469,108.36000061035156,108.36000061035156,1976.0
2025-12-08T18:39:00Z,108.36000061035156,108.37999725341797,108.36000061035156,108.375,108.375,1738.0
2025-12-08T18:40:00Z,108.375,108.375,108.3499984741211,108.3499984741211,108.3499984741211,3182.0
2025-12-08T18:41:00Z,108.33999633789062,108.33999633789062,108.30999755859375,108.33999633789062,108.33999633789062,2571.0
2025-12-08T18:42:00Z,108.33999633789062,108.4000015258789,108.33999633789062,108.4000015258789,108.4000015258789,3905.0
2025-12-08T18:43:00Z,108.41000366210938,108.44499969482422,108.41000366210938,108.44000244140625,108.44000244140625,2152.0
2025-12-08T18:44:00Z,108.43000030517578,108.44000244140625,108.43000030517578,108.44000244140625,108.44000244140625,2293.0
2025-12-08T18:45:00Z,108.44999694824219,108.4800033569336,108.44999694824219,108.4749984741211,108.4749984741211,2416.0
2025-12-08T18:46:00Z,108.48999786376953,108.48999786376953,108.43000030517578,108.43000030517578,108.43000030517578,2083.0
2025-12-08T18:47:00Z,108.4000015258789,108.41490173339844,108.37999725341797,108.37999725341797,108.37999725341797,2113.0
2025-12-08T18:48:00Z,108.36000061035156,108.36000061035156,108.31999969482422,108.31999969482422,108.31999969482422,3261.0
2025-12-08T18:49:00Z,108.33000183105469,108.33000183105469,108.33000183105469,108.33000183105469,108.33000183105469,311.0
2025-12-08T18:50:00Z,108.31500244140625,108.31500244140625,108.29000091552734,108.30000305175781,108.30000305175781,3404.0
2025-12-08T18:52:00Z,108.29000091552734,108.29000091552734,108.25,108.27999877929688,108.27999877929688,2819.0
2025-12-08T18:53:00Z,108.27999877929688,108.30000305175781,108.27999877929688,108.27999877929688,108.27999877929688,1752.0
2025-12-08T18:54:00Z,108.30000305175781,108.30000305175781,108.27999877929688,108.27999877929688,108.27999877929688,3220.0
2025-12-08T18:55:00Z,108.27999877929688,108.30000305175781,108.26000213623047,108.30000305175781,108.30000305175781,2290.0
2025-12-08T18:56:00Z,108.29199981689453,108.30000305175781,108.27999877929688,108.29499816894531,108.29499816894531,1774.0
2025-12-08T18:57:00Z,108.28299713134766,108.30000305175781,108.28299713134766,108.30000305175781,108.30000305175781,1258.0
2025-12-08T18:58:00Z,108.30999755859375,108.31999969482422,108.27999877929688,108.27999877929688,108.27999877929688,3937.0
2025-12-08T18:59:00Z,108.30000305175781,108.33000183105469,108.30000305175781,108.31999969482422,108.31999969482422,2686.0
2025-12-08T19:00:00Z,108.30000305175781,108.37000274658203,108.30000305175781,108.37000274658203,108.37000274658203,3639.0
2025-12-08T19:01:00Z,108.37999725341797,108.37999725341797,108.3499984741211,108.3499984741211,108.3499984741211,2279.0
2025-12-08T19:02:00Z,108.33999633789062,108.4000015258789,108.33999633789062,108.37000274658203,108.37000274658203,1976.0
2025-12-08T19:03:00Z,108.4000015258789,108.4000015258789,108.4000015258789,108.4000015258789,108.4000015258789,1373.0
2025-12-08T19:04:00Z,108.41999816894531,108.43000030517578,108.41999816894531,108.43000030517578,108.43000030517578,1895.0
2025-12-08T19:05:00Z,108.41999816894531,108.43000030517578,108.4000015258789,108.4000015258789,108.4000015258789,2519.0
2025-12-08T19:06:00Z,108.38999938964844,108.38999938964844,108.38999938964844,108.38999938964844,108.38999938964844,759.0
2025-12-08T19:07:00Z,108.37999725341797,108.38999938964844,108.3499984741211,108.3499984741211,108.3499984741211,3793.0
2025-12-08T19:08:00Z,108.3499984741211,108.3499984741211,108.34500122070312,108.34500122070312,108.34500122070312,1045.0
2025-12-08T19:09:00Z,108.36000061035156,108.36000061035156,108.33000183105469,108.36000061035156,108.36000061035156,1764.0
2025-12-08T19:10:00Z,108.36000061035156,108.36000061035156,108.30000305175781,108.31510162353516,108.31510162353516,3066.0
2025-12-08T19:11:00Z,108.31999969482422,108.31999969482422,108.27999877929688,108.27999877929688,108.27999877929688,1309.0
2025-12-08T19:12:00Z,108.30999755859375,108.31999969482422,108.30999755859375,108.31999969482422,108.31999969482422,1222.0
2025-12-08T19:13:00Z,108.3219985961914,108.33000183105469,108.30000305175781,108.30000305175781,108.30000305175781,1740.0
2025-12-08T19:14:00Z,108.30000305175781,108.30999755859375,108.30000305175781,108.30999755859375,108.30999755859375,1470.0
2025-12-08T19:15:00Z,108.30999755859375,108.36000061035156,108.30500030517578,108.36000061035156,108.36000061035156,3101.0
2025-12-08T19:16:00Z,108.36000061035156,108.37999725341797,108.36000061035156,108.37000274658203,108.37000274658203,2352.0
2025-12-08T19:17:00Z,108.37999725341797,108.37999725341797,108.36000061035156,108.36000061035156,108.36000061035156,2078.0
2025-12-08T19:18:00Z,108.36000061035156,108.375,108.36000061035156,108.375,108.375,1713.0
2025-12-08T19:19:00Z,108.38999938964844,108.43000030517578,108.38999938964844,108.43000030517578,108.43000030517578,2001.0
2025-12-08T19:20:00Z,108.41999816894531,108.44000244140625,108.39009857177734,108.43000030517578,108.43000030517578,3067.0
2025-12-08T19:21:00Z,108.43000030517578,108.43000030517578,108.43000030517578,108.43000030517578,108.43000030517578,894.0
2025-12-08T19:22:00Z,108.45999908447266,108.45999908447266,108.43000030517578,108.43000030517578,108.43000030517578,3473.0
2025-12-08T19:23:00Z,108.44999694824219,108.4800033569336,108.44999694824219,108.46499633789062,108.46499633789062,2246.0
2025-12-08T19:24:00Z,108.4800033569336,108.5,108.47000122070312,108.47000122070312,108.47000122070312,2479.0
2025-12-08T19:25:00Z,108.45999908447266,108.47000122070312,108.4000015258789,108.43000030517578,108.43000030517578,3296.0
2025-12-08T19:26:00Z,108.37999725341797,108.37999725341797,108.37999725341797,108.37999725341797,108.37999725341797,375.0
2025-12-08T19:27:00Z,108.40499877929688,108.41999816894531,108.4000015258789,108.4000015258789,108.4000015258789,4083.0
2025-12-08T19:28:00Z,108.41000366210938,108.44999694824219,108.41000366210938,108.43000030517578,108.43000030517578,4377.0
2025-12-08T19:29:00Z,108.43000030517578,108.45999908447266,108.43000030517578,108.44999694824219,108.44999694824219,1338.0
2025-12-08T19:30:00Z,108.44000244140625,108.45999908447266,108.43000030517578,108.45999908447266,108.45999908447266,3007.0
2025-12-08T19:31:00Z,108.45999908447266,108.49500274658203,108.45999908447266,108.4749984741211,108.4749984741211,3578.0
2025-12-08T19:32:00Z,108.48999786376953,108.48999786376953,108.47000122070312,108.47000122070312,108.47000122070312,2092.0
2025-12-08T19:33:00Z,108.4800033569336,108.48500061035156,108.4800033569336,108.48500061035156,108.48500061035156,2327.0
2025-12-08T19:34:00Z,108.4800033569336,108.51499938964844,108.4800033569336,108.51000213623047,108.51000213623047,3771.0
2025-12-08T19:35:00Z,108.48999786376953,108.5,108.4800033569336,108.48999786376953,108.48999786376953,3508.0
2025-12-08T19:36:00Z,108.4800033569336,108.55000305175781,108.4800033569336,108.55000305175781,108.55000305175781,1964.0
2025-12-08T19:37:00Z,108.55000305175781,108.58000183105469,108.55000305175781,108.56999969482422,108.56999969482422,1508.0
2025-12-08T19:38:00Z,108.58999633789062,108.58999633789062,108.55999755859375,108.55999755859375,108.55999755859375,5397.0
2025-12-08T19:39:00Z,108.58000183105469,108.58999633789062,108.56999969482422,108.58999633789062,108.58999633789062,2934.0
2025-12-08T19:40:00Z,108.61000061035156,108.625,108.58000183105469,108.5999984741211,108.5999984741211,3182.0
2025-12-08T19:41:00Z,108.59100341796875,108.61000061035156,108.58999633789062,108.58999633789062,108.58999633789062,2004.0
2025-12-08T19:42:00Z,108.62000274658203,108.62000274658203,108.5999984741211,108.5999984741211,108.5999984741211,1353.0
2025-12-08T19:43:00Z,108.6050033569336,108.62000274658203,108.5999984741211,108.6050033569336,108.6050033569336,2456.0
2025-12-08T19:44:00Z,108.60160064697266,108.61000061035156,108.5999984741211,108.6050033569336,108.6050033569336,2412.0
2025-12-08T19:45:00Z,108.61380004882812,108.61380004882812,108.58999633789062,108.58999633789062,108.58999633789062,2048.0
2025-12-08T19:46:00Z,108.58000183105469,108.5999984741211,108.51000213623047,108.51000213623047,108.51000213623047,9046.0
2025-12-08T19:47:00Z,108.5199966430664,108.5199966430664,108.5,108.5199966430664,108.5199966430664,3901.0
2025-12-08T19:48:00Z,108.51000213623047,108.51000213623047,108.5,108.5,108.5,2479.0
2025-12-08T19:49:00Z,108.5,108.5,108.46499633789062,108.46499633789062,108.46499633789062,2562.0
2025-12-08T19:50:00Z,108.45999908447266,108.45999908447266,108.44999694824219,108.44999694824219,108.44999694824219,2073.0
2025-12-08T19:51:00Z,108.44999694824219,108.45999908447266,108.43000030517578,108.43000030517578,108.43000030517578,2201.0
2025-12-08T19:52:00Z,108.44499969482422,108.45500183105469,108.43000030517578,108.44000244140625,108.44000244140625,3815.0
2025-12-08T19:53:00Z,108.44499969482422,108.44499969482422,108.41000366210938,108.41000366210938,108.41000366210938,2543.0
2025-12-08T19:54:00Z,108.4000015258789,108.4000015258789,108.375,108.38999938964844,108.38999938964844,1335.0
2025-12-08T19:55:00Z,108.375,108.375,108.3499984741211,108.3499984741211,108.3499984741211,2636.0
2025-12-08T19:56:00Z,108.3499984741211,108.3499984741211,108.29000091552734,108.30999755859375,108.30999755859375,5449.0
2025-12-08T19:57:00Z,108.31999969482422,108.36000061035156,108.31999969482422,108.36000061035156,108.36000061035156,3963.0
2025-12-08T19:58:00Z,108.36000061035156,108.36000061035156,108.3499984741211,108.3499984741211,108.3499984741211,2030.0
2025-12-08T19:59:00Z,108.3550033569336,108.37000274658203,108.3499984741211,108.37000274658203,108.37000274658203,1250.0
2025-12-08T20:00:00Z,108.37000274658203,108.41999816894531,108.37000274658203,108.40499877929688,108.40499877929688,4087.0
2025-12-08T20:01:00Z,108.40550231933594,108.41999816894531,108.36000061035156,108.36000061035156,108.36000061035156,3914.0
2025-12-08T20:02:00Z,108.33999633789062,108.33999633789062,108.30999755859375,108.30999755859375,108.30999755859375,3152.0
2025-12-08T20:03:00Z,108.33000183105469,108.33499908447266,108.33000183105469,108.33000183105469,108.33000183105469,2506.0
2025-12-08T20:04:00Z,108.32099914550781,108.33000183105469,108.31999969482422,108.33000183105469,108.33000183105469,2846.0
2025-12-08T20:05:00Z,108.31999969482422,108.3499984741211,108.31999969482422,108.3499984741211,108.3499984741211,3586.0
2025-12-08T20:06:00Z,108.3499984741211,108.37000274658203,108.33999633789062,108.36000061035156,108.36000061035156,4597.0
2025-12-08T20:07:00Z,108.3499984741211,108.37999725341797,108.3499984741211,108.36499786376953,108.36499786376953,4220.0
2025-12-08T20:08:00Z,108.37000274658203,108.43000030517578,108.37000274658203,108.43000030517578,108.43000030517578,3107.0
2025-12-08T20:09:00Z,108.41999816894531,108.41999816894531,108.37999725341797,108.37999725341797,108.37999725341797,5856.0
2025-12-08T20:10:00Z,108.38999938964844,108.41999816894531,108.38500213623047,108.41999816894531,108.41999816894531,6900.0
2025-12-08T20:11:00Z,108.44000244140625,108.44000244140625,108.43000030517578,108.43000030517578,108.43000030517578,3633.0
2025-12-08T20:12:00Z,108.41000366210938,108.41000366210938,108.38999938964844,108.38999938964844,108.38999938964844,2968.0
2025-12-08T20:13:00Z,108.37999725341797,108.37999725341797,108.30999755859375,108.33999633789062,108.33999633789062,4188.0
2025-12-08T20:14:00Z,108.33999633789062,108.33999633789062,108.30999755859375,108.31999969482422,108.31999969482422,3510.0
2025-12-08T20:15:00Z,108.30999755859375,108.31999969482422,108.30999755859375,108.30999755859375,108.30999755859375,3626.0
2025-12-08T20:16:00Z,108.31999969482422,108.31999969482422,108.29000091552734,108.29000091552734,108.29000091552734,3179.0
2025-12-08T20:17:00Z,108.29000091552734,108.30000305175781,108.26000213623047,108.26200103759766,108.26200103759766,5678.0
2025-12-08T20:18:00Z,108.2699966430664,108.2699966430664,108.25,108.25499725341797,108.25499725341797,3934.0
2025-12-08T20:19:00Z,108.23999786376953,108.2699966430664,108.23999786376953,108.25,108.25,1649.0
2025-12-08T20:20:00Z,108.26000213623047,108.30000305175781,108.26000213623047,108.2699966430664,108.2699966430664,6264.0
2025-12-08T20:21:00Z,108.27999877929688,108.27999877929688,108.26000213623047,108.26000213623047,108.26000213623047,2543.0
2025-12-08T20:22:00Z,108.23999786376953,108.25,108.2300033569336,108.25,108.25,5661.0
2025-12-08T20:23:00Z,108.25,108.26000213623047,108.2249984741211,108.2249984741211,108.2249984741211,4443.0
2025-12-08T20:24:00Z,108.23999786376953,108.23999786376953,108.20999908447266,108.21499633789062,108.21499633789062,3612.0
2025-12-08T20:25:00Z,108.2300033569336,108.2699966430664,108.2300033569336,108.2699966430664,108.2699966430664,7973.0
2025-12-08T20:26:00Z,108.27999877929688,108.30999755859375,108.2699966430664,108.27999877929688,108.27999877929688,5449.0
2025-12-08T20:27:00Z,108.26000213623047,108.26499938964844,108.19999694824219,108.19999694824219,108.19999694824219,6135.0
2025-12-08T20:28:00Z,108.19999694824219,108.19999694824219,108.16950225830078,108.19000244140625,108.19000244140625,6536.0
2025-12-08T20:29:00Z,108.18499755859375,108.19999694824219,108.16999816894531,108.18000030517578,108.18000030517578,7619.0
2025-12-08T20:30:00Z,108.19000244140625,108.19999694824219,108.18000030517578,108.19000244140625,108.19000244140625,5497.0
2025-12-08T20:31:00Z,108.18000030517578,108.19000244140625,108.1500015258789,108.16999816894531,108.16999816894531,7054.0
2025-12-08T20:32:00Z,108.16500091552734,108.18000030517578,108.1500015258789,108.16999816894531,108.16999816894531,8269.0
2025-12-08T20:33:00Z,108.16000366210938,108.16000366210938,108.13999938964844,108.13999938964844,108.13999938964844,8136.0
2025-12-08T20:34:00Z,108.13999938964844,108.16000366210938,108.13999938964844,108.16000366210938,108.16000366210938,6236.0
2025-12-08T20:35:00Z,108.16999816894531,108.18000030517578,108.1500015258789,108.16500091552734,108.16500091552734,8376.0
2025-12-08T20:36:00Z,108.16500091552734,108.19999694824219,108.1500015258789,108.16000366210938,108.16000366210938,8872.0
2025-12-08T20:37:00Z,108.16000366210938,108.19000244140625,108.16000366210938,108.18000030517578,108.18000030517578,7114.0
2025-12-08T20:38:00Z,108.18000030517578,108.19999694824219,108.18000030517578,108.19499969482422,108.19499969482422,9719.0
2025-12-08T20:39:00Z,108.19000244140625,108.19000244140625,108.16100311279297,108.18000030517578,108.18000030517578,8775.0
2025-12-08T20:40:00Z,108.18000030517578,108.19000244140625,108.13999938964844,108.18000030517578,108.18000030517578,7467.0
2025-12-08T20:41:00Z,108.16999816894531,108.18000030517578,108.1500015258789,108.1500015258789,108.1500015258789,4891.0
2025-12-08T20:42:00Z,108.16000366210938,108.16000366210938,108.08999633789062,108.08999633789062,108.08999633789062,10664.0
2025-12-08T20:43:00Z,108.08999633789062,108.0999984741211,108.08000183105469,108.08999633789062,108.08999633789062,5598.0
2025-12-08T20:44:00Z,108.08999633789062,108.12000274658203,108.07499694824219,108.12000274658203,108.12000274658203,8107.0
2025-12-08T20:45:00Z,108.12000274658203,108.1500015258789,108.12000274658203,108.13999938964844,108.13999938964844,4506.0
2025-12-08T20:46:00Z,108.12999725341797,108.16999816894531,108.12000274658203,108.12000274658203,108.12000274658203,12283.0
2025-12-08T20:47:00Z,108.13500213623047,108.13999938964844,108.08000183105469,108.08000183105469,108.08000183105469,5683.0
2025-12-08T20:48:00Z,108.08499908447266,108.0999984741211,108.06099700927734,108.0999984741211,108.0999984741211,9611.0
2025-12-08T20:49:00Z,108.0999984741211,108.12000274658203,108.08999633789062,108.11000061035156,108.11000061035156,7299.0
2025-12-08T20:50:00Z,108.12999725341797,108.12999725341797,108.05999755859375,108.11000061035156,108.11000061035156,20628.0
2025-12-08T20:51:00Z,108.12000274658203,108.12000274658203,108.05000305175781,108.05000305175781,108.05000305175781,10646.0
2025-12-08T20:52:00Z,108.05000305175781,108.05999755859375,108.0199966430664,108.05000305175781,108.05000305175781,12779.0
2025-12-08T20:53:00Z,108.05000305175781,108.06999969482422,108.02999877929688,108.03500366210938,108.03500366210938,12336.0
2025-12-08T20:54:00Z,108.02999877929688,108.02999877929688,107.94999694824219,107.9800033569336,107.9800033569336,22709.0
2025-12-08T20:55:00Z,107.98999786376953,107.98999786376953,107.88999938964844,107.88999938964844,107.88999938964844,22699.0
2025-12-08T20:56:00Z,107.88999938964844,107.94000244140625,107.8499984741211,107.9000015258789,107.9000015258789,37981.0
2025-12-08T20:57:00Z,107.9000015258789,107.94999694824219,107.88999938964844,107.94000244140625,107.94000244140625,36221.0
2025-12-08T20:58:00Z,107.94000244140625,107.97000122070312,107.92500305175781,107.93499755859375,107.93499755859375,37074.0
2025-12-08T20:59:00Z,107.94499969482422,108.08000183105469,107.94499969482422,108.08000183105469,108.08000183105469,69956.0
