timestamp,open,high,low,close,adj_close,volume,open_adj,high_adj,low_adj,close_adj
2025-11-11T14:31:00Z,4.289999961853027,4.289999961853027,4.264999866485596,4.264999866485596,4.264999866485596,13993.0,4.289999961853027,4.289999961853027,4.264999866485596,4.264999866485596
2025-11-11T14:32:00Z,4.260000228881836,4.284999847412109,4.255000114440918,4.284999847412109,4.284999847412109,12052.0,4.260000228881836,4.284999847412109,4.255000114440918,4.284999847412109
2025-11-11T14:33:00Z,4.284999847412109,4.289999961853027,4.280200004577637,4.289999961853027,4.289999961853027,4465.0,4.284999847412109,4.289999961853027,4.280200004577637,4.289999961853027
2025-11-11T14:38:00Z,4.284999847412109,4.296500205993652,4.28000020980835,4.296500205993652,4.296500205993652,10214.0,4.284999847412109,4.296500205993652,4.28000020980835,4.296500205993652
2025-11-11T14:54:00Z,4.304999828338623,4.315000057220459,4.304999828338623,4.304999828338623,4.304999828338623,23105.0,4.304999828338623,4.315000057220459,4.304999828338623,4.304999828338623
2025-11-11T17:34:00Z,4.235000133514404,4.25,4.235000133514404,4.249899864196777,4.249899864196777,85068.0,4.235000133514404,4.25,4.235000133514404,4.249899864196777
2025-11-11T17:37:00Z,4.244999885559082,4.244999885559082,4.240099906921387,4.244999885559082,4.244999885559082,8829.0,4.244999885559082,4.244999885559082,4.240099906921387,4.244999885559082
2025-11-11T19:08:00Z,4.295000076293945,4.304999828338623,4.295000076293945,4.295000076293945,4.295000076293945,36165.0,4.295000076293945,4.304999828338623,4.295000076293945,4.295000076293945
2025-11-11T19:14:00Z,4.275000095367432,4.28000020980835,4.275000095367432,4.28000020980835,4.28000020980835,6630.0,4.275000095367432,4.28000020980835,4.275000095367432,4.28000020980835
2025-11-11T19:17:00Z,4.284999847412109,4.289999961853027,4.284999847412109,4.289999961853027,4.289999961853027,8475.0,4.284999847412109,4.289999961853027,4.284999847412109,4.289999961853027
2025-11-11T19:43:00Z,4.266200065612793,4.269999980926514,4.260000228881836,4.269899845123291,4.269899845123291,11329.0,4.266200065612793,4.269999980926514,4.260000228881836,4.269899845123291
2025-11-12T14:31:00Z,4.304999828338623,4.305200099945068,4.294000148773193,4.294000148773193,4.294000148773193,6994.0,4.304999828338623,4.305200099945068,4.294000148773193,4.294000148773193
2025-11-12T14:36:00Z,4.34499979019165,4.364999771118164,4.340000152587891,4.349999904632568,4.349999904632568,12055.0,4.34499979019165,4.364999771118164,4.340000152587891,4.349999904632568
2025-11-12T14:46:00Z,4.355000019073486,4.375500202178955,4.355000019073486,4.360000133514404,4.360000133514404,38604.0,4.355000019073486,4.375500202178955,4.355000019073486,4.360000133514404
2025-11-12T14:48:00Z,4.354499816894531,4.360000133514404,4.354499816894531,4.355000019073486,4.355000019073486,9017.0,4.354499816894531,4.360000133514404,4.354499816894531,4.355000019073486
2025-11-12T14:50:00Z,4.355000019073486,4.360000133514404,4.349999904632568,4.360000133514404,4.360000133514404,10211.0,4.355000019073486,4.360000133514404,4.349999904632568,4.360000133514404
2025-11-12T16:54:00Z,4.192599773406982,4.192599773406982,4.192599773406982,4.192599773406982,4.192599773406982,876.0,4.192599773406982,4.192599773406982,4.192599773406982,4.192599773406982
2025-11-12T17:56:00Z,4.210000038146973,4.21999979019165,4.210000038146973,4.21999979019165,4.21999979019165,1713.0,4.210000038146973,4.21999979019165,4.210000038146973,4.21999979019165
2025-11-12T18:00:00Z,4.230000019073486,4.230000019073486,4.224999904632568,4.230000019073486,4.230000019073486,4511.0,4.230000019073486,4.230000019073486,4.224999904632568,4.230000019073486
2025-11-12T18:19:00Z,4.215000152587891,4.2154998779296875,4.213200092315674,4.213200092315674,4.213200092315674,3744.0,4.215000152587891,4.2154998779296875,4.213200092315674,4.213200092315674
2025-11-12T18:24:00Z,4.199999809265137,4.199999809265137,4.190000057220459,4.190199851989746,4.190199851989746,11437.0,4.199999809265137,4.199999809265137,4.190000057220459,4.190199851989746
2025-11-12T18:25:00Z,4.190000057220459,4.204999923706055,4.190000057220459,4.203499794006348,4.203499794006348,19973.0,4.190000057220459,4.204999923706055,4.190000057220459,4.203499794006348
2025-11-12T18:44:00Z,4.195000171661377,4.199999809265137,4.190000057220459,4.190000057220459,4.190000057220459,10472.0,4.195000171661377,4.199999809265137,4.190000057220459,4.190000057220459
2025-11-13T14:52:00Z,4.239999771118164,4.25,4.230000019073486,4.235000133514404,4.235000133514404,43641.0,4.239999771118164,4.25,4.230000019073486,4.235000133514404
2025-11-13T15:36:00Z,4.25,4.25,4.240099906921387,4.244999885559082,4.244999885559082,5933.0,4.25,4.25,4.240099906921387,4.244999885559082
2025-11-13T16:31:00Z,4.2281999588012695,4.235000133514404,4.224999904632568,4.235000133514404,4.235000133514404,18046.0,4.2281999588012695,4.235000133514404,4.224999904632568,4.235000133514404
2025-11-13T16:52:00Z,4.239999771118164,4.239999771118164,4.230000019073486,4.230000019073486,4.230000019073486,13003.0,4.239999771118164,4.239999771118164,4.230000019073486,4.230000019073486
2025-11-13T16:54:00Z,4.224800109863281,4.229899883270264,4.21999979019165,4.21999979019165,4.21999979019165,10914.0,4.224800109863281,4.229899883270264,4.21999979019165,4.21999979019165
2025-11-13T17:49:00Z,4.2118000984191895,4.213900089263916,4.210000038146973,4.213900089263916,4.213900089263916,9207.0,4.2118000984191895,4.213900089263916,4.210000038146973,4.213900089263916
2025-11-13T18:21:00Z,4.186200141906738,4.189899921417236,4.179999828338623,4.179999828338623,4.179999828338623,4722.0,4.186200141906738,4.189899921417236,4.179999828338623,4.179999828338623
2025-11-13T19:10:00Z,4.139999866485596,4.139999866485596,4.130000114440918,4.134500026702881,4.134500026702881,4921.0,4.139999866485596,4.139999866485596,4.130000114440918,4.134500026702881
2025-11-13T19:57:00Z,4.135000228881836,4.139999866485596,4.135000228881836,4.135000228881836,4.135000228881836,69193.0,4.135000228881836,4.139999866485596,4.135000228881836,4.135000228881836
2025-11-14T16:55:00Z,4.074999809265137,4.099999904632568,4.070000171661377,4.099999904632568,4.099999904632568,60496.0,4.074999809265137,4.099999904632568,4.070000171661377,4.099999904632568
2025-11-14T17:23:00Z,4.085000038146973,4.090000152587891,4.0817999839782715,4.085000038146973,4.085000038146973,11691.0,4.085000038146973,4.090000152587891,4.0817999839782715,4.085000038146973
2025-11-14T17:26:00Z,4.084499835968018,4.085000038146973,4.074999809265137,4.074999809265137,4.074999809265137,28203.0,4.084499835968018,4.085000038146973,4.074999809265137,4.074999809265137
2025-11-14T18:13:00Z,4.099999904632568,4.099999904632568,4.093500137329102,4.099899768829346,4.099899768829346,6461.0,4.099999904632568,4.099999904632568,4.093500137329102,4.099899768829346
2025-11-14T18:45:00Z,4.065000057220459,4.066500186920166,4.065000057220459,4.065000057220459,4.065000057220459,6517.0,4.065000057220459,4.066500186920166,4.065000057220459,4.065000057220459
2025-11-14T19:14:00Z,4.070099830627441,4.076499938964844,4.070099830627441,4.076499938964844,4.076499938964844,6298.0,4.070099830627441,4.076499938964844,4.070099830627441,4.076499938964844
2025-11-14T19:54:00Z,4.079999923706055,4.079999923706055,4.074999809265137,4.074999809265137,4.074999809265137,5564.0,4.079999923706055,4.079999923706055,4.074999809265137,4.074999809265137
2025-11-17T14:31:00Z,4.059899806976318,4.074999809265137,4.059899806976318,4.059999942779541,4.059999942779541,14839.0,4.059899806976318,4.074999809265137,4.059899806976318,4.059999942779541
2025-11-17T14:43:00Z,4.086900234222412,4.099999904632568,4.084000110626221,4.09499979019165,4.09499979019165,18054.0,4.086900234222412,4.099999904632568,4.084000110626221,4.09499979019165
2025-11-17T14:55:00Z,4.085000038146973,4.085000038146973,4.079999923706055,4.079999923706055,4.079999923706055,7215.0,4.085000038146973,4.085000038146973,4.079999923706055,4.079999923706055
2025-11-17T14:57:00Z,4.059999942779541,4.065000057220459,4.059999942779541,4.065000057220459,4.065000057220459,9981.0,4.059999942779541,4.065000057220459,4.059999942779541,4.065000057220459
2025-11-17T15:09:00Z,4.013500213623047,4.01609992980957,4.010000228881836,4.014800071716309,4.014800071716309,10966.0,4.013500213623047,4.01609992980957,4.010000228881836,4.014800071716309
2025-11-17T15:27:00Z,4.014999866485596,4.019999980926514,4.013999938964844,4.014500141143799,4.014500141143799,3365.0,4.014999866485596,4.019999980926514,4.013999938964844,4.014500141143799
2025-11-17T15:29:00Z,4.025000095367432,4.03000020980835,4.020100116729736,4.024400234222412,4.024400234222412,8034.0,4.025000095367432,4.03000020980835,4.020100116729736,4.024400234222412
2025-11-17T15:39:00Z,3.984999895095825,3.9899001121520996,3.9800000190734863,3.9844000339508057,3.9844000339508057,30733.0,3.984999895095825,3.9899001121520996,3.9800000190734863,3.9844000339508057
2025-11-17T15:46:00Z,3.990000009536743,3.99429988861084,3.9800000190734863,3.99429988861084,3.99429988861084,12681.0,3.990000009536743,3.99429988861084,3.9800000190734863,3.99429988861084
2025-11-17T15:50:00Z,3.986799955368042,3.990000009536743,3.9834001064300537,3.9879000186920166,3.9879000186920166,43576.0,3.986799955368042,3.990000009536743,3.9834001064300537,3.9879000186920166
2025-11-17T16:37:00Z,3.9700000286102295,3.9700000286102295,3.9600000381469727,3.9649999141693115,3.9649999141693115,14450.0,3.9700000286102295,3.9700000286102295,3.9600000381469727,3.9649999141693115
2025-11-17T16:53:00Z,3.9900999069213867,3.9999001026153564,3.984999895095825,3.984999895095825,3.984999895095825,27434.0,3.9900999069213867,3.9999001026153564,3.984999895095825,3.984999895095825
2025-11-17T17:08:00Z,3.9649999141693115,3.9667999744415283,3.9600000381469727,3.9600000381469727,3.9600000381469727,7954.0,3.9649999141693115,3.9667999744415283,3.9600000381469727,3.9600000381469727
2025-11-17T17:38:00Z,3.940000057220459,3.944999933242798,3.940000057220459,3.944999933242798,3.944999933242798,3455.0,3.940000057220459,3.944999933242798,3.940000057220459,3.944999933242798
2025-11-17T17:39:00Z,3.944999933242798,3.944999933242798,3.930000066757202,3.940000057220459,3.940000057220459,1641224.0,3.944999933242798,3.944999933242798,3.930000066757202,3.940000057220459
2025-11-17T17:58:00Z,3.9100000858306885,3.9200000762939453,3.9100000858306885,3.9100000858306885,3.9100000858306885,19405.0,3.9100000858306885,3.9200000762939453,3.9100000858306885,3.9100000858306885
2025-11-17T18:00:00Z,3.9198999404907227,3.9200000762939453,3.910099983215332,3.9200000762939453,3.9200000762939453,9825.0,3.9198999404907227,3.9200000762939453,3.910099983215332,3.9200000762939453
2025-11-17T18:02:00Z,3.9100000858306885,3.9154999256134033,3.9100000858306885,3.9100000858306885,3.9100000858306885,6940.0,3.9100000858306885,3.9154999256134033,3.9100000858306885,3.9100000858306885
2025-11-17T18:04:00Z,3.9156999588012695,3.9198999404907227,3.9107000827789307,3.9149999618530273,3.9149999618530273,13180.0,3.9156999588012695,3.9198999404907227,3.9107000827789307,3.9149999618530273
2025-11-17T18:16:00Z,3.9000000953674316,3.9100000858306885,3.9000000953674316,3.9049999713897705,3.9049999713897705,24695.0,3.9000000953674316,3.9100000858306885,3.9000000953674316,3.9049999713897705
2025-11-17T18:19:00Z,3.909899950027466,3.9100000858306885,3.9049999713897705,3.9049999713897705,3.9049999713897705,5412.0,3.909899950027466,3.9100000858306885,3.9049999713897705,3.9049999713897705
2025-11-17T19:00:00Z,3.8499999046325684,3.859999895095825,3.8499999046325684,3.859999895095825,3.859999895095825,16119.0,3.8499999046325684,3.859999895095825,3.8499999046325684,3.859999895095825
2025-11-25T14:31:00Z,3.8450000286102295,3.8499999046325684,3.8399999141693115,3.8499999046325684,3.8499999046325684,14740.0,3.8450000286102295,3.8499999046325684,3.8399999141693115,3.8499999046325684
2025-11-25T14:32:00Z,3.8450000286102295,3.859999895095825,3.8450000286102295,3.859999895095825,3.859999895095825,644.0,3.8450000286102295,3.859999895095825,3.8450000286102295,3.859999895095825
2025-11-25T14:33:00Z,3.859999895095825,3.875,3.8550000190734863,3.859999895095825,3.859999895095825,13967.0,3.859999895095825,3.875,3.8550000190734863,3.859999895095825
2025-11-25T14:34:00Z,3.869999885559082,3.869999885559082,3.8450000286102295,3.8450000286102295,3.8450000286102295,5879.0,3.869999885559082,3.869999885559082,3.8450000286102295,3.8450000286102295
2025-11-25T14:35:00Z,3.841399908065796,3.8450000286102295,3.8399999141693115,3.8450000286102295,3.8450000286102295,6022.0,3.841399908065796,3.8450000286102295,3.8399999141693115,3.8450000286102295
2025-11-25T14:36:00Z,3.8450000286102295,3.8499999046325684,3.8350000381469727,3.8350000381469727,3.8350000381469727,19154.0,3.8450000286102295,3.8499999046325684,3.8350000381469727,3.8350000381469727
2025-11-25T14:37:00Z,3.8350000381469727,3.8399999141693115,3.809999942779541,3.809999942779541,3.809999942779541,7742.0,3.8350000381469727,3.8399999141693115,3.809999942779541,3.809999942779541
2025-11-25T14:38:00Z,3.815000057220459,3.8287999629974365,3.815000057220459,3.825000047683716,3.825000047683716,74903.0,3.815000057220459,3.8287999629974365,3.815000057220459,3.825000047683716
2025-11-25T14:39:00Z,3.8299999237060547,3.8299999237060547,3.819999933242798,3.825000047683716,3.825000047683716,21775.0,3.8299999237060547,3.8299999237060547,3.819999933242798,3.825000047683716
2025-11-25T14:40:00Z,3.8282999992370605,3.8282999992370605,3.809999942779541,3.809999942779541,3.809999942779541,25622.0,3.8282999992370605,3.8282999992370605,3.809999942779541,3.809999942779541
2025-11-25T14:41:00Z,3.809999942779541,3.819999933242798,3.805000066757202,3.8117001056671143,3.8117001056671143,27226.0,3.809999942779541,3.819999933242798,3.805000066757202,3.8117001056671143
2025-11-25T14:42:00Z,3.815000057220459,3.8185999393463135,3.7799999713897705,3.7850000858306885,3.7850000858306885,21270.0,3.815000057220459,3.8185999393463135,3.7799999713897705,3.7850000858306885
2025-11-25T14:43:00Z,3.7899999618530273,3.7899999618530273,3.7799999713897705,3.7799999713897705,3.7799999713897705,196463.0,3.7899999618530273,3.7899999618530273,3.7799999713897705,3.7799999713897705
2025-11-25T14:45:00Z,3.7850000858306885,3.7850000858306885,3.759999990463257,3.765000104904175,3.765000104904175,15591.0,3.7850000858306885,3.7850000858306885,3.759999990463257,3.765000104904175
2025-11-25T14:46:00Z,3.7669999599456787,3.7750000953674316,3.759999990463257,3.7699999809265137,3.7699999809265137,22692.0,3.7669999599456787,3.7750000953674316,3.759999990463257,3.7699999809265137
2025-11-25T14:47:00Z,3.7750000953674316,3.7799999713897705,3.7699999809265137,3.7699999809265137,3.7699999809265137,273228.0,3.7750000953674316,3.7799999713897705,3.7699999809265137,3.7699999809265137
2025-11-25T14:49:00Z,3.7799999713897705,3.7799999713897705,3.7699999809265137,3.7699999809265137,3.7699999809265137,4448.0,3.7799999713897705,3.7799999713897705,3.7699999809265137,3.7699999809265137
2025-11-25T14:50:00Z,3.7750000953674316,3.7799999713897705,3.759999990463257,3.7799999713897705,3.7799999713897705,23878.0,3.7750000953674316,3.7799999713897705,3.759999990463257,3.7799999713897705
2025-11-25T14:51:00Z,3.7799999713897705,3.799999952316284,3.7799999713897705,3.7950000762939453,3.7950000762939453,15796.0,3.7799999713897705,3.799999952316284,3.7799999713897705,3.7950000762939453
2025-11-25T14:52:00Z,3.799999952316284,3.819999933242798,3.799999952316284,3.815000057220459,3.815000057220459,17091.0,3.799999952316284,3.819999933242798,3.799999952316284,3.815000057220459
2025-11-25T14:53:00Z,3.815000057220459,3.826900005340576,3.809999942779541,3.819999933242798,3.819999933242798,18505.0,3.815000057220459,3.826900005340576,3.809999942779541,3.819999933242798
2025-11-25T14:54:00Z,3.815000057220459,3.8299999237060547,3.815000057220459,3.815000057220459,3.815000057220459,24936.0,3.815000057220459,3.8299999237060547,3.815000057220459,3.815000057220459
2025-11-25T14:55:00Z,3.819999933242798,3.8299999237060547,3.819999933242798,3.8299999237060547,3.8299999237060547,6379.0,3.819999933242798,3.8299999237060547,3.819999933242798,3.8299999237060547
2025-11-25T14:56:00Z,3.825000047683716,3.8299999237060547,3.815000057220459,3.825000047683716,3.825000047683716,23970.0,3.825000047683716,3.8299999237060547,3.815000057220459,3.825000047683716
2025-11-25T14:57:00Z,3.8241000175476074,3.825000047683716,3.819999933242798,3.825000047683716,3.825000047683716,6869.0,3.8241000175476074,3.825000047683716,3.819999933242798,3.825000047683716
2025-11-25T14:58:00Z,3.825000047683716,3.8399999141693115,3.825000047683716,3.8299999237060547,3.8299999237060547,11094.0,3.825000047683716,3.8399999141693115,3.825000047683716,3.8299999237060547
2025-11-25T14:59:00Z,3.8399999141693115,3.8450000286102295,3.8399999141693115,3.8399999141693115,3.8399999141693115,17515.0,3.8399999141693115,3.8450000286102295,3.8399999141693115,3.8399999141693115
2025-11-25T15:00:00Z,3.8399999141693115,3.859999895095825,3.8399999141693115,3.859999895095825,3.859999895095825,18311.0,3.8399999141693115,3.859999895095825,3.8399999141693115,3.859999895095825
2025-11-25T15:01:00Z,3.8550000190734863,3.8598999977111816,3.8450000286102295,3.8499999046325684,3.8499999046325684,27388.0,3.8550000190734863,3.8598999977111816,3.8450000286102295,3.8499999046325684
2025-11-25T15:02:00Z,3.850100040435791,3.859999895095825,3.8399999141693115,3.8434998989105225,3.8434998989105225,9262.0,3.850100040435791,3.859999895095825,3.8399999141693115,3.8434998989105225
2025-11-25T15:03:00Z,3.8399999141693115,3.8399999141693115,3.8299999237060547,3.8350000381469727,3.8350000381469727,21685.0,3.8399999141693115,3.8399999141693115,3.8299999237060547,3.8350000381469727
2025-11-25T15:04:00Z,3.8301000595092773,3.8301000595092773,3.819999933242798,3.825000047683716,3.825000047683716,15497.0,3.8301000595092773,3.8301000595092773,3.819999933242798,3.825000047683716
2025-11-25T15:05:00Z,3.825000047683716,3.8399999141693115,3.819999933242798,3.8399999141693115,3.8399999141693115,14765.0,3.825000047683716,3.8399999141693115,3.819999933242798,3.8399999141693115
2025-11-25T15:06:00Z,3.8362998962402344,3.8362998962402344,3.8350000381469727,3.8350000381469727,3.8350000381469727,8952.0,3.8362998962402344,3.8362998962402344,3.8350000381469727,3.8350000381469727
2025-11-25T15:07:00Z,3.8399999141693115,3.8450000286102295,3.8350000381469727,3.8450000286102295,3.8450000286102295,29355.0,3.8399999141693115,3.8450000286102295,3.8350000381469727,3.8450000286102295
2025-11-25T15:08:00Z,3.843899965286255,3.8450000286102295,3.8399999141693115,3.8450000286102295,3.8450000286102295,3609.0,3.843899965286255,3.8450000286102295,3.8399999141693115,3.8450000286102295
2025-11-25T15:09:00Z,3.8399999141693115,3.8499999046325684,3.8399999141693115,3.8499999046325684,3.8499999046325684,13689.0,3.8399999141693115,3.8499999046325684,3.8399999141693115,3.8499999046325684
2025-11-25T15:10:00Z,3.8450000286102295,3.8499999046325684,3.840100049972534,3.8499999046325684,3.8499999046325684,12701.0,3.8450000286102295,3.8499999046325684,3.840100049972534,3.8499999046325684
2025-11-25T15:11:00Z,3.8450000286102295,3.8450000286102295,3.8299999237060547,3.8350000381469727,3.8350000381469727,17598.0,3.8450000286102295,3.8450000286102295,3.8299999237060547,3.8350000381469727
2025-11-25T15:12:00Z,3.8350000381469727,3.8399999141693115,3.833899974822998,3.8399999141693115,3.8399999141693115,26738.0,3.8350000381469727,3.8399999141693115,3.833899974822998,3.8399999141693115
2025-11-25T15:13:00Z,3.844399929046631,3.8499999046325684,3.844399929046631,3.847599983215332,3.847599983215332,4573.0,3.844399929046631,3.8499999046325684,3.844399929046631,3.847599983215332
2025-11-25T15:14:00Z,3.8399999141693115,3.8450000286102295,3.8299999237060547,3.8350000381469727,3.8350000381469727,15259.0,3.8399999141693115,3.8450000286102295,3.8299999237060547,3.8350000381469727
2025-11-25T15:15:00Z,3.8299999237060547,3.8399999141693115,3.8299999237060547,3.8350000381469727,3.8350000381469727,31822.0,3.8299999237060547,3.8399999141693115,3.8299999237060547,3.8350000381469727
2025-11-25T15:16:00Z,3.8350000381469727,3.849900007247925,3.8350000381469727,3.849900007247925,3.849900007247925,15893.0,3.8350000381469727,3.849900007247925,3.8350000381469727,3.849900007247925
2025-11-25T15:17:00Z,3.8399999141693115,3.8499999046325684,3.8350000381469727,3.849900007247925,3.849900007247925,34561.0,3.8399999141693115,3.8499999046325684,3.8350000381469727,3.849900007247925
2025-11-25T15:18:00Z,3.8399999141693115,3.8450000286102295,3.8399999141693115,3.8450000286102295,3.8450000286102295,1945.0,3.8399999141693115,3.8450000286102295,3.8399999141693115,3.8450000286102295
2025-11-25T15:19:00Z,3.8450000286102295,3.848299980163574,3.8399999141693115,3.8399999141693115,3.8399999141693115,3460.0,3.8450000286102295,3.848299980163574,3.8399999141693115,3.8399999141693115
2025-11-25T15:20:00Z,3.8399999141693115,3.840100049972534,3.8350000381469727,3.8350000381469727,3.8350000381469727,14139.0,3.8399999141693115,3.840100049972534,3.8350000381469727,3.8350000381469727
2025-11-25T15:21:00Z,3.8350000381469727,3.8399999141693115,3.8299999237060547,3.8399999141693115,3.8399999141693115,7695.0,3.8350000381469727,3.8399999141693115,3.8299999237060547,3.8399999141693115
2025-11-25T15:22:00Z,3.8399999141693115,3.8399999141693115,3.8299999237060547,3.8299999237060547,3.8299999237060547,17746.0,3.8399999141693115,3.8399999141693115,3.8299999237060547,3.8299999237060547
2025-11-25T15:23:00Z,3.8299999237060547,3.8299999237060547,3.819999933242798,3.8299999237060547,3.8299999237060547,19927.0,3.8299999237060547,3.8299999237060547,3.819999933242798,3.8299999237060547
2025-11-25T15:24:00Z,3.835700035095215,3.835700035095215,3.8350000381469727,3.8350000381469727,3.8350000381469727,5880.0,3.835700035095215,3.835700035095215,3.8350000381469727,3.8350000381469727
2025-11-25T15:25:00Z,3.8399999141693115,3.849900007247925,3.8399999141693115,3.849900007247925,3.849900007247925,5809.0,3.8399999141693115,3.849900007247925,3.8399999141693115,3.849900007247925
2025-11-25T15:26:00Z,3.8450000286102295,3.8499999046325684,3.840100049972534,3.8450000286102295,3.8450000286102295,9405.0,3.8450000286102295,3.8499999046325684,3.840100049972534,3.8450000286102295
2025-11-25T15:27:00Z,3.8450000286102295,3.8450000286102295,3.840100049972534,3.8450000286102295,3.8450000286102295,3481.0,3.8450000286102295,3.8450000286102295,3.840100049972534,3.8450000286102295
2025-11-25T15:28:00Z,3.8399999141693115,3.8499999046325684,3.8399999141693115,3.8499999046325684,3.8499999046325684,18658.0,3.8399999141693115,3.8499999046325684,3.8399999141693115,3.8499999046325684
2025-11-25T15:29:00Z,3.8499999046325684,3.865000009536743,3.8450000286102295,3.865000009536743,3.865000009536743,24006.0,3.8499999046325684,3.865000009536743,3.8450000286102295,3.865000009536743
2025-11-25T15:30:00Z,3.865000009536743,3.8750998973846436,3.865000009536743,3.875,3.875,27673.0,3.865000009536743,3.8750998973846436,3.865000009536743,3.875
2025-11-25T15:31:00Z,3.869999885559082,3.875,3.869999885559082,3.8701000213623047,3.8701000213623047,11645.0,3.869999885559082,3.875,3.869999885559082,3.8701000213623047
2025-11-25T15:32:00Z,3.875,3.899899959564209,3.8701000213623047,3.890000104904175,3.890000104904175,36924.0,3.875,3.899899959564209,3.8701000213623047,3.890000104904175
2025-11-25T15:33:00Z,3.890000104904175,3.890000104904175,3.880000114440918,3.880000114440918,3.880000114440918,30630.0,3.890000104904175,3.890000104904175,3.880000114440918,3.880000114440918
2025-11-25T15:34:00Z,3.8824000358581543,3.8824000358581543,3.880000114440918,3.880000114440918,3.880000114440918,4154.0,3.8824000358581543,3.8824000358581543,3.880000114440918,3.880000114440918
2025-11-25T15:35:00Z,3.880000114440918,3.880000114440918,3.869999885559082,3.875,3.875,37637.0,3.880000114440918,3.880000114440918,3.869999885559082,3.875
2025-11-25T15:36:00Z,3.875,3.8798999786376953,3.869999885559082,3.8798999786376953,3.8798999786376953,13927.0,3.875,3.8798999786376953,3.869999885559082,3.8798999786376953
2025-11-25T15:37:00Z,3.880000114440918,3.884999990463257,3.875,3.884999990463257,3.884999990463257,42388.0,3.880000114440918,3.884999990463257,3.875,3.884999990463257
2025-11-25T15:38:00Z,3.883500099182129,3.885999917984009,3.880000114440918,3.880000114440918,3.880000114440918,3297.0,3.883500099182129,3.885999917984009,3.880000114440918,3.880000114440918
2025-11-25T15:39:00Z,3.884999990463257,3.890000104904175,3.880000114440918,3.884999990463257,3.884999990463257,16475.0,3.884999990463257,3.890000104904175,3.880000114440918,3.884999990463257
2025-11-25T15:40:00Z,3.884999990463257,3.890000104904175,3.8819000720977783,3.884999990463257,3.884999990463257,2725.0,3.884999990463257,3.890000104904175,3.8819000720977783,3.884999990463257
2025-11-25T15:41:00Z,3.889899969100952,3.890000104904175,3.8801000118255615,3.890000104904175,3.890000104904175,21461.0,3.889899969100952,3.890000104904175,3.8801000118255615,3.890000104904175
2025-11-25T15:42:00Z,3.884999990463257,3.890000104904175,3.884999990463257,3.884999990463257,3.884999990463257,12272.0,3.884999990463257,3.890000104904175,3.884999990463257,3.884999990463257
2025-11-25T15:43:00Z,3.880000114440918,3.8949999809265137,3.880000114440918,3.890000104904175,3.890000104904175,75164.0,3.880000114440918,3.8949999809265137,3.880000114440918,3.890000104904175
2025-11-25T15:44:00Z,3.890000104904175,3.890000104904175,3.884999990463257,3.890000104904175,3.890000104904175,14316.0,3.890000104904175,3.890000104904175,3.884999990463257,3.890000104904175
2025-11-25T15:45:00Z,3.8949999809265137,3.8949999809265137,3.8949999809265137,3.8949999809265137,3.8949999809265137,6197.0,3.8949999809265137,3.8949999809265137,3.8949999809265137,3.8949999809265137
2025-11-25T15:46:00Z,3.8933000564575195,3.9049999713897705,3.8901000022888184,3.9049999713897705,3.9049999713897705,27645.0,3.8933000564575195,3.9049999713897705,3.8901000022888184,3.9049999713897705
2025-11-25T15:47:00Z,3.9086999893188477,3.9100000858306885,3.9035000801086426,3.9049999713897705,3.9049999713897705,11609.0,3.9086999893188477,3.9100000858306885,3.9035000801086426,3.9049999713897705
2025-11-25T15:48:00Z,3.9049999713897705,3.9058001041412354,3.890000104904175,3.8949999809265137,3.8949999809265137,22043.0,3.9049999713897705,3.9058001041412354,3.890000104904175,3.8949999809265137
2025-11-25T15:49:00Z,3.9000000953674316,3.9000000953674316,3.884999990463257,3.884999990463257,3.884999990463257,11762.0,3.9000000953674316,3.9000000953674316,3.884999990463257,3.884999990463257
2025-11-25T15:50:00Z,3.889899969100952,3.889899969100952,3.880000114440918,3.8801000118255615,3.8801000118255615,15205.0,3.889899969100952,3.889899969100952,3.880000114440918,3.8801000118255615
2025-11-25T15:51:00Z,3.880000114440918,3.880000114440918,3.880000114440918,3.880000114440918,3.880000114440918,4562.0,3.880000114440918,3.880000114440918,3.880000114440918,3.880000114440918
2025-11-25T15:52:00Z,3.880000114440918,3.884999990463257,3.880000114440918,3.8801000118255615,3.8801000118255615,14238.0,3.880000114440918,3.884999990463257,3.880000114440918,3.8801000118255615
2025-11-25T15:53:00Z,3.880000114440918,3.884999990463257,3.880000114440918,3.884999990463257,3.884999990463257,2243.0,3.880000114440918,3.884999990463257,3.880000114440918,3.884999990463257
2025-11-25T15:54:00Z,3.880000114440918,3.880000114440918,3.869999885559082,3.872299909591675,3.872299909591675,1095854.0,3.880000114440918,3.880000114440918,3.869999885559082,3.872299909591675
2025-11-25T15:56:00Z,3.875,3.875,3.865000009536743,3.8661999702453613,3.8661999702453613,15320.0,3.875,3.875,3.865000009536743,3.8661999702453613
2025-11-25T15:57:00Z,3.869999885559082,3.880000114440918,3.865000009536743,3.880000114440918,3.880000114440918,19207.0,3.869999885559082,3.880000114440918,3.865000009536743,3.880000114440918
2025-11-25T15:58:00Z,3.884999990463257,3.890000104904175,3.884999990463257,3.884999990463257,3.884999990463257,4975.0,3.884999990463257,3.890000104904175,3.884999990463257,3.884999990463257
2025-11-25T15:59:00Z,3.890000104904175,3.890000104904175,3.884999990463257,3.884999990463257,3.884999990463257,7735.0,3.890000104904175,3.890000104904175,3.884999990463257,3.884999990463257
2025-11-25T16:00:00Z,3.884999990463257,3.890000104904175,3.884999990463257,3.884999990463257,3.884999990463257,4158.0,3.884999990463257,3.890000104904175,3.884999990463257,3.884999990463257
2025-11-25T16:01:00Z,3.884999990463257,3.884999990463257,3.884999990463257,3.884999990463257,3.884999990463257,5663.0,3.884999990463257,3.884999990463257,3.884999990463257,3.884999990463257
2025-11-25T16:02:00Z,3.884999990463257,3.884999990463257,3.884999990463257,3.884999990463257,3.884999990463257,3263.0,3.884999990463257,3.884999990463257,3.884999990463257,3.884999990463257
2025-11-25T16:03:00Z,3.884999990463257,3.890000104904175,3.884999990463257,3.884999990463257,3.884999990463257,10307.0,3.884999990463257,3.890000104904175,3.884999990463257,3.884999990463257
2025-11-25T16:04:00Z,3.890000104904175,3.890000104904175,3.880000114440918,3.890000104904175,3.890000104904175,6451.0,3.890000104904175,3.890000104904175,3.880000114440918,3.890000104904175
2025-11-25T16:05:00Z,3.884999990463257,3.890000104904175,3.880000114440918,3.8842999935150146,3.8842999935150146,39720.0,3.884999990463257,3.890000104904175,3.880000114440918,3.8842999935150146
2025-11-25T16:06:00Z,3.8808999061584473,3.884999990463257,3.880000114440918,3.884999990463257,3.884999990463257,4877.0,3.8808999061584473,3.884999990463257,3.880000114440918,3.884999990463257
2025-11-25T16:07:00Z,3.884999990463257,3.884999990463257,3.884999990463257,3.884999990463257,3.884999990463257,7209.0,3.884999990463257,3.884999990463257,3.884999990463257,3.884999990463257
2025-11-25T16:08:00Z,3.884999990463257,3.884999990463257,3.884999990463257,3.884999990463257,3.884999990463257,1537.0,3.884999990463257,3.884999990463257,3.884999990463257,3.884999990463257
2025-11-25T16:09:00Z,3.884999990463257,3.890000104904175,3.869999885559082,3.869999885559082,3.869999885559082,15799.0,3.884999990463257,3.890000104904175,3.869999885559082,3.869999885559082
2025-11-25T16:10:00Z,3.878700017929077,3.8798999786376953,3.869999885559082,3.875,3.875,9753.0,3.878700017929077,3.8798999786376953,3.869999885559082,3.875
2025-11-25T16:11:00Z,3.869999885559082,3.880000114440918,3.869999885559082,3.8701000213623047,3.8701000213623047,4068.0,3.869999885559082,3.880000114440918,3.869999885559082,3.8701000213623047
2025-11-25T16:12:00Z,3.875,3.890000104904175,3.875,3.8801000118255615,3.8801000118255615,41889.0,3.875,3.890000104904175,3.875,3.8801000118255615
2025-11-25T16:13:00Z,3.884999990463257,3.884999990463257,3.884999990463257,3.884999990463257,3.884999990463257,1565.0,3.884999990463257,3.884999990463257,3.884999990463257,3.884999990463257
2025-11-25T16:14:00Z,3.890000104904175,3.890000104904175,3.880000114440918,3.889899969100952,3.889899969100952,3917.0,3.890000104904175,3.890000104904175,3.880000114440918,3.889899969100952
2025-11-25T16:15:00Z,3.884999990463257,3.890000104904175,3.880000114440918,3.884999990463257,3.884999990463257,13363.0,3.884999990463257,3.890000104904175,3.880000114440918,3.884999990463257
2025-11-25T16:16:00Z,3.884999990463257,3.890000104904175,3.880000114440918,3.890000104904175,3.890000104904175,4402.0,3.884999990463257,3.890000104904175,3.880000114440918,3.890000104904175
2025-11-25T16:17:00Z,3.884999990463257,3.890000104904175,3.884999990463257,3.884999990463257,3.884999990463257,6704.0,3.884999990463257,3.890000104904175,3.884999990463257,3.884999990463257
2025-11-25T16:18:00Z,3.884999990463257,3.890000104904175,3.884999990463257,3.890000104904175,3.890000104904175,9445.0,3.884999990463257,3.890000104904175,3.884999990463257,3.890000104904175
2025-11-25T16:19:00Z,3.88700008392334,3.890000104904175,3.8835999965667725,3.884999990463257,3.884999990463257,26197.0,3.88700008392334,3.890000104904175,3.8835999965667725,3.884999990463257
2025-11-25T16:20:00Z,3.890000104904175,3.890000104904175,3.884500026702881,3.890000104904175,3.890000104904175,17180.0,3.890000104904175,3.890000104904175,3.884500026702881,3.890000104904175
2025-11-25T16:21:00Z,3.884999990463257,3.890000104904175,3.8801000118255615,3.884999990463257,3.884999990463257,20860.0,3.884999990463257,3.890000104904175,3.8801000118255615,3.884999990463257
2025-11-25T16:22:00Z,3.890000104904175,3.890000104904175,3.880000114440918,3.884999990463257,3.884999990463257,13289.0,3.890000104904175,3.890000104904175,3.880000114440918,3.884999990463257
2025-11-25T16:23:00Z,3.884999990463257,3.890000104904175,3.884500026702881,3.884999990463257,3.884999990463257,7281.0,3.884999990463257,3.890000104904175,3.884500026702881,3.884999990463257
2025-11-25T16:24:00Z,3.884999990463257,3.890000104904175,3.884999990463257,3.884999990463257,3.884999990463257,5573.0,3.884999990463257,3.890000104904175,3.884999990463257,3.884999990463257
2025-11-25T16:25:00Z,3.884999990463257,3.890000104904175,3.884999990463257,3.884999990463257,3.884999990463257,33101.0,3.884999990463257,3.890000104904175,3.884999990463257,3.884999990463257
2025-11-25T16:26:00Z,3.884999990463257,3.884999990463257,3.8801000118255615,3.884999990463257,3.884999990463257,25218.0,3.884999990463257,3.884999990463257,3.8801000118255615,3.884999990463257
2025-11-25T16:27:00Z,3.884999990463257,3.890000104904175,3.884999990463257,3.889899969100952,3.889899969100952,6841.0,3.884999990463257,3.890000104904175,3.884999990463257,3.889899969100952
2025-11-25T16:28:00Z,3.884999990463257,3.890000104904175,3.880000114440918,3.884999990463257,3.884999990463257,7747.0,3.884999990463257,3.890000104904175,3.880000114440918,3.884999990463257
2025-11-25T16:29:00Z,3.8886001110076904,3.890000104904175,3.8801000118255615,3.884999990463257,3.884999990463257,22922.0,3.8886001110076904,3.890000104904175,3.8801000118255615,3.884999990463257
2025-11-25T16:30:00Z,3.884999990463257,3.8949999809265137,3.884999990463257,3.884999990463257,3.884999990463257,32074.0,3.884999990463257,3.8949999809265137,3.884999990463257,3.884999990463257
2025-11-25T16:31:00Z,3.884999990463257,3.884999990463257,3.880000114440918,3.880000114440918,3.880000114440918,2857.0,3.884999990463257,3.884999990463257,3.880000114440918,3.880000114440918
2025-11-25T16:32:00Z,3.884999990463257,3.889899969100952,3.880000114440918,3.884999990463257,3.884999990463257,9025.0,3.884999990463257,3.889899969100952,3.880000114440918,3.884999990463257
2025-11-25T16:33:00Z,3.884999990463257,3.899399995803833,3.884999990463257,3.890000104904175,3.890000104904175,29857.0,3.884999990463257,3.899399995803833,3.884999990463257,3.890000104904175
2025-11-25T16:34:00Z,3.8854000568389893,3.8949999809265137,3.884999990463257,3.8901000022888184,3.8901000022888184,11036.0,3.8854000568389893,3.8949999809265137,3.884999990463257,3.8901000022888184
2025-11-25T16:35:00Z,3.890000104904175,3.8949999809265137,3.890000104904175,3.8949999809265137,3.8949999809265137,2939.0,3.890000104904175,3.8949999809265137,3.890000104904175,3.8949999809265137
2025-11-25T16:36:00Z,3.9000000953674316,3.9000000953674316,3.884999990463257,3.884999990463257,3.884999990463257,11229.0,3.9000000953674316,3.9000000953674316,3.884999990463257,3.884999990463257
2025-11-25T16:37:00Z,3.884999990463257,3.890000104904175,3.8842999935150146,3.884999990463257,3.884999990463257,11583.0,3.884999990463257,3.890000104904175,3.8842999935150146,3.884999990463257
2025-11-25T16:38:00Z,3.884999990463257,3.8949999809265137,3.884999990463257,3.8949999809265137,3.8949999809265137,14619.0,3.884999990463257,3.8949999809265137,3.884999990463257,3.8949999809265137
2025-11-25T16:39:00Z,3.8949999809265137,3.8949999809265137,3.8940999507904053,3.8949999809265137,3.8949999809265137,1873.0,3.8949999809265137,3.8949999809265137,3.8940999507904053,3.8949999809265137
2025-11-25T16:40:00Z,3.8949999809265137,3.8951001167297363,3.890000104904175,3.8951001167297363,3.8951001167297363,7615.0,3.8949999809265137,3.8951001167297363,3.890000104904175,3.8951001167297363
2025-11-25T16:41:00Z,3.8965001106262207,3.9000000953674316,3.890000104904175,3.8949999809265137,3.8949999809265137,25046.0,3.8965001106262207,3.9000000953674316,3.890000104904175,3.8949999809265137
2025-11-25T16:42:00Z,3.8949999809265137,3.9100000858306885,3.8949999809265137,3.9042999744415283,3.9042999744415283,23009.0,3.8949999809265137,3.9100000858306885,3.8949999809265137,3.9042999744415283
2025-11-25T16:43:00Z,3.9049999713897705,3.9100000858306885,3.9000000953674316,3.9049999713897705,3.9049999713897705,7015.0,3.9049999713897705,3.9100000858306885,3.9000000953674316,3.9049999713897705
2025-11-25T16:44:00Z,3.902400016784668,3.9049999713897705,3.901099920272827,3.9049999713897705,3.9049999713897705,7808.0,3.902400016784668,3.9049999713897705,3.901099920272827,3.9049999713897705
2025-11-25T16:45:00Z,3.9000000953674316,3.9000000953674316,3.890000104904175,3.890000104904175,3.890000104904175,20294.0,3.9000000953674316,3.9000000953674316,3.890000104904175,3.890000104904175
2025-11-25T16:46:00Z,3.899899959564209,3.899899959564209,3.8949999809265137,3.8949999809265137,3.8949999809265137,1931.0,3.899899959564209,3.899899959564209,3.8949999809265137,3.8949999809265137
2025-11-25T16:47:00Z,3.890000104904175,3.8949999809265137,3.890000104904175,3.8949999809265137,3.8949999809265137,3797.0,3.890000104904175,3.8949999809265137,3.890000104904175,3.8949999809265137
2025-11-25T16:48:00Z,3.890000104904175,3.890000104904175,3.890000104904175,3.890000104904175,3.890000104904175,2335.0,3.890000104904175,3.890000104904175,3.890000104904175,3.890000104904175
2025-11-25T16:49:00Z,3.890000104904175,3.890000104904175,3.884999990463257,3.884999990463257,3.884999990463257,30437.0,3.890000104904175,3.890000104904175,3.884999990463257,3.884999990463257
2025-11-25T16:50:00Z,3.890000104904175,3.8949999809265137,3.884999990463257,3.8949999809265137,3.8949999809265137,18521.0,3.890000104904175,3.8949999809265137,3.884999990463257,3.8949999809265137
2025-11-25T16:51:00Z,3.8949999809265137,3.8949999809265137,3.8949999809265137,3.8949999809265137,3.8949999809265137,3677.0,3.8949999809265137,3.8949999809265137,3.8949999809265137,3.8949999809265137
2025-11-25T16:52:00Z,3.8949999809265137,3.9000000953674316,3.8949999809265137,3.9000000953674316,3.9000000953674316,9751.0,3.8949999809265137,3.9000000953674316,3.8949999809265137,3.9000000953674316
2025-11-25T16:53:00Z,3.8949999809265137,3.900099992752075,3.8949999809265137,3.900099992752075,3.900099992752075,17462.0,3.8949999809265137,3.900099992752075,3.8949999809265137,3.900099992752075
2025-11-25T16:54:00Z,3.9000000953674316,3.9049999713897705,3.9000000953674316,3.9000000953674316,3.9000000953674316,3898.0,3.9000000953674316,3.9049999713897705,3.9000000953674316,3.9000000953674316
2025-11-25T16:55:00Z,3.9000000953674316,3.9000000953674316,3.890000104904175,3.8949999809265137,3.8949999809265137,9819.0,3.9000000953674316,3.9000000953674316,3.890000104904175,3.8949999809265137
2025-11-25T16:56:00Z,3.890000104904175,3.8949999809265137,3.890000104904175,3.8949999809265137,3.8949999809265137,21247.0,3.890000104904175,3.8949999809265137,3.890000104904175,3.8949999809265137
2025-11-25T16:57:00Z,3.8949999809265137,3.8996999263763428,3.8949999809265137,3.8996999263763428,3.8996999263763428,1176.0,3.8949999809265137,3.8996999263763428,3.8949999809265137,3.8996999263763428
2025-11-25T16:58:00Z,3.8949999809265137,3.9000000953674316,3.890000104904175,3.8949999809265137,3.8949999809265137,9087.0,3.8949999809265137,3.9000000953674316,3.890000104904175,3.8949999809265137
2025-11-25T16:59:00Z,3.890000104904175,3.899899959564209,3.890000104904175,3.890000104904175,3.890000104904175,3261.0,3.890000104904175,3.899899959564209,3.890000104904175,3.890000104904175
2025-11-25T17:00:00Z,3.8949999809265137,3.909899950027466,3.8949999809265137,3.9047000408172607,3.9047000408172607,19809.0,3.8949999809265137,3.909899950027466,3.8949999809265137,3.9047000408172607
2025-11-25T17:01:00Z,3.9000000953674316,3.9000000953674316,3.9000000953674316,3.9000000953674316,3.9000000953674316,16424.0,3.9000000953674316,3.9000000953674316,3.9000000953674316,3.9000000953674316
2025-11-25T17:02:00Z,3.9049999713897705,3.9049999713897705,3.900099992752075,3.9049999713897705,3.9049999713897705,2763.0,3.9049999713897705,3.9049999713897705,3.900099992752075,3.9049999713897705
2025-11-25T17:03:00Z,3.9049999713897705,3.9100000858306885,3.9000000953674316,3.9049999713897705,3.9049999713897705,20526.0,3.9049999713897705,3.9100000858306885,3.9000000953674316,3.9049999713897705
2025-11-25T17:04:00Z,3.9049999713897705,3.9049999713897705,3.9000000953674316,3.9049999713897705,3.9049999713897705,3200.0,3.9049999713897705,3.9049999713897705,3.9000000953674316,3.9049999713897705
2025-11-25T17:05:00Z,3.9049999713897705,3.9100000858306885,3.9000000953674316,3.9000000953674316,3.9000000953674316,76581.0,3.9049999713897705,3.9100000858306885,3.9000000953674316,3.9000000953674316
2025-11-25T17:06:00Z,3.9049999713897705,3.9149999618530273,3.9017999172210693,3.9149999618530273,3.9149999618530273,93240.0,3.9049999713897705,3.9149999618530273,3.9017999172210693,3.9149999618530273
2025-11-25T17:07:00Z,3.9100000858306885,3.9200000762939453,3.9100000858306885,3.9149999618530273,3.9149999618530273,27155.0,3.9100000858306885,3.9200000762939453,3.9100000858306885,3.9149999618530273
2025-11-25T17:08:00Z,3.9149999618530273,3.9200000762939453,3.9149999618530273,3.9149999618530273,3.9149999618530273,4555.0,3.9149999618530273,3.9200000762939453,3.9149999618530273,3.9149999618530273
2025-11-25T17:09:00Z,3.9149999618530273,3.9198999404907227,3.9149999618530273,3.9149999618530273,3.9149999618530273,3807.0,3.9149999618530273,3.9198999404907227,3.9149999618530273,3.9149999618530273
2025-11-25T17:10:00Z,3.9149999618530273,3.9200000762939453,3.9100000858306885,3.9200000762939453,3.9200000762939453,10751.0,3.9149999618530273,3.9200000762939453,3.9100000858306885,3.9200000762939453
2025-11-25T17:11:00Z,3.9200000762939453,3.9200000762939453,3.9149999618530273,3.9149999618530273,3.9149999618530273,4400.0,3.9200000762939453,3.9200000762939453,3.9149999618530273,3.9149999618530273
2025-11-25T17:12:00Z,3.9149999618530273,3.9200000762939453,3.9100000858306885,3.9149999618530273,3.9149999618530273,6479.0,3.9149999618530273,3.9200000762939453,3.9100000858306885,3.9149999618530273
2025-11-25T17:13:00Z,3.9149999618530273,3.9200000762939453,3.9100000858306885,3.9200000762939453,3.9200000762939453,5806.0,3.9149999618530273,3.9200000762939453,3.9100000858306885,3.9200000762939453
2025-11-25T17:14:00Z,3.9149999618530273,3.9200000762939453,3.9100000858306885,3.9200000762939453,3.9200000762939453,5265.0,3.9149999618530273,3.9200000762939453,3.9100000858306885,3.9200000762939453
2025-11-25T17:15:00Z,3.9149999618530273,3.9200000762939453,3.9100000858306885,3.9100000858306885,3.9100000858306885,6725.0,3.9149999618530273,3.9200000762939453,3.9100000858306885,3.9100000858306885
2025-11-25T17:16:00Z,3.9100000858306885,3.9149999618530273,3.9100000858306885,3.9149999618530273,3.9149999618530273,12149.0,3.9100000858306885,3.9149999618530273,3.9100000858306885,3.9149999618530273
2025-11-25T17:17:00Z,3.9100000858306885,3.9200000762939453,3.9100000858306885,3.9100000858306885,3.9100000858306885,6340.0,3.9100000858306885,3.9200000762939453,3.9100000858306885,3.9100000858306885
2025-11-25T17:18:00Z,3.9100000858306885,3.9149999618530273,3.9100000858306885,3.9149999618530273,3.9149999618530273,14920.0,3.9100000858306885,3.9149999618530273,3.9100000858306885,3.9149999618530273
2025-11-25T17:19:00Z,3.9149999618530273,3.9179999828338623,3.9100000858306885,3.9107000827789307,3.9107000827789307,9416.0,3.9149999618530273,3.9179999828338623,3.9100000858306885,3.9107000827789307
2025-11-25T17:20:00Z,3.9100000858306885,3.9154000282287598,3.9049999713897705,3.9049999713897705,3.9049999713897705,31439.0,3.9100000858306885,3.9154000282287598,3.9049999713897705,3.9049999713897705
2025-11-25T17:21:00Z,3.9049999713897705,3.9100000858306885,3.9035000801086426,3.9035000801086426,3.9035000801086426,5507.0,3.9049999713897705,3.9100000858306885,3.9035000801086426,3.9035000801086426
2025-11-25T17:22:00Z,3.9100000858306885,3.9149999618530273,3.9100000858306885,3.9142000675201416,3.9142000675201416,26097.0,3.9100000858306885,3.9149999618530273,3.9100000858306885,3.9142000675201416
2025-11-25T17:23:00Z,3.9200000762939453,3.9200000762939453,3.9100000858306885,3.9149999618530273,3.9149999618530273,27783.0,3.9200000762939453,3.9200000762939453,3.9100000858306885,3.9149999618530273
2025-11-25T17:24:00Z,3.9149999618530273,3.9149999618530273,3.9121999740600586,3.9121999740600586,3.9121999740600586,7169.0,3.9149999618530273,3.9149999618530273,3.9121999740600586,3.9121999740600586
2025-11-25T17:25:00Z,3.9200000762939453,3.924999952316284,3.9200000762939453,3.9200000762939453,3.9200000762939453,15232.0,3.9200000762939453,3.924999952316284,3.9200000762939453,3.9200000762939453
2025-11-25T17:26:00Z,3.920099973678589,3.924999952316284,3.9149999618530273,3.9200000762939453,3.9200000762939453,16969.0,3.920099973678589,3.924999952316284,3.9149999618530273,3.9200000762939453
2025-11-25T17:27:00Z,3.9198999404907227,3.9200000762939453,3.910099983215332,3.9149999618530273,3.9149999618530273,13755.0,3.9198999404907227,3.9200000762939453,3.910099983215332,3.9149999618530273
2025-11-25T17:28:00Z,3.9198999404907227,3.9198999404907227,3.9149999618530273,3.9149999618530273,3.9149999618530273,10842.0,3.9198999404907227,3.9198999404907227,3.9149999618530273,3.9149999618530273
2025-11-25T17:29:00Z,3.9161999225616455,3.9186999797821045,3.9149999618530273,3.9149999618530273,3.9149999618530273,4847.0,3.9161999225616455,3.9186999797821045,3.9149999618530273,3.9149999618530273
2025-11-25T17:30:00Z,3.9149999618530273,3.9200000762939453,3.9149999618530273,3.9149999618530273,3.9149999618530273,12020.0,3.9149999618530273,3.9200000762939453,3.9149999618530273,3.9149999618530273
2025-11-25T17:31:00Z,3.9149999618530273,3.9200000762939453,3.9100000858306885,3.9149999618530273,3.9149999618530273,9223.0,3.9149999618530273,3.9200000762939453,3.9100000858306885,3.9149999618530273
2025-11-25T17:32:00Z,3.9200000762939453,3.930000066757202,3.9200000762939453,3.9298999309539795,3.9298999309539795,23808.0,3.9200000762939453,3.930000066757202,3.9200000762939453,3.9298999309539795
2025-11-25T17:33:00Z,3.930000066757202,3.940000057220459,3.924999952316284,3.9386000633239746,3.9386000633239746,20694.0,3.930000066757202,3.940000057220459,3.924999952316284,3.9386000633239746
2025-11-25T17:34:00Z,3.940000057220459,3.944999933242798,3.934999942779541,3.944999933242798,3.944999933242798,73332.0,3.940000057220459,3.944999933242798,3.934999942779541,3.944999933242798
2025-11-25T17:35:00Z,3.940000057220459,3.944999933242798,3.940000057220459,3.944999933242798,3.944999933242798,31629.0,3.940000057220459,3.944999933242798,3.940000057220459,3.944999933242798
2025-11-25T17:36:00Z,3.944999933242798,3.944999933242798,3.944999933242798,3.944999933242798,3.944999933242798,4469.0,3.944999933242798,3.944999933242798,3.944999933242798,3.944999933242798
2025-11-25T17:37:00Z,3.944999933242798,3.944999933242798,3.9400999546051025,3.944999933242798,3.944999933242798,8366.0,3.944999933242798,3.944999933242798,3.9400999546051025,3.944999933242798
2025-11-25T17:38:00Z,3.944999933242798,3.944999933242798,3.944999933242798,3.944999933242798,3.944999933242798,4116.0,3.944999933242798,3.944999933242798,3.944999933242798,3.944999933242798
2025-11-25T17:39:00Z,3.9400999546051025,3.949899911880493,3.940000057220459,3.944999933242798,3.944999933242798,5725.0,3.9400999546051025,3.949899911880493,3.940000057220459,3.944999933242798
2025-11-25T17:40:00Z,3.940000057220459,3.940000057220459,3.9342000484466553,3.934999942779541,3.934999942779541,13130.0,3.940000057220459,3.940000057220459,3.9342000484466553,3.934999942779541
2025-11-25T17:41:00Z,3.934999942779541,3.940000057220459,3.9344000816345215,3.934999942779541,3.934999942779541,8652.0,3.934999942779541,3.940000057220459,3.9344000816345215,3.934999942779541
2025-11-25T17:42:00Z,3.934999942779541,3.940000057220459,3.930000066757202,3.934999942779541,3.934999942779541,12372.0,3.934999942779541,3.940000057220459,3.930000066757202,3.934999942779541
2025-11-25T17:43:00Z,3.934999942779541,3.940000057220459,3.934999942779541,3.934999942779541,3.934999942779541,4864.0,3.934999942779541,3.940000057220459,3.934999942779541,3.934999942779541
2025-11-25T17:44:00Z,3.940000057220459,3.940000057220459,3.930000066757202,3.934999942779541,3.934999942779541,32130.0,3.940000057220459,3.940000057220459,3.930000066757202,3.934999942779541
2025-11-25T17:45:00Z,3.934999942779541,3.934999942779541,3.934999942779541,3.934999942779541,3.934999942779541,4476.0,3.934999942779541,3.934999942779541,3.934999942779541,3.934999942779541
2025-11-25T17:46:00Z,3.934999942779541,3.934999942779541,3.9330999851226807,3.934999942779541,3.934999942779541,2899.0,3.934999942779541,3.934999942779541,3.9330999851226807,3.934999942779541
2025-11-25T17:47:00Z,3.930000066757202,3.934999942779541,3.9200000762939453,3.920099973678589,3.920099973678589,18296.0,3.930000066757202,3.934999942779541,3.9200000762939453,3.920099973678589
2025-11-25T17:48:00Z,3.9200000762939453,3.926500082015991,3.9200000762939453,3.924999952316284,3.924999952316284,3650.0,3.9200000762939453,3.926500082015991,3.9200000762939453,3.924999952316284
2025-11-25T17:49:00Z,3.924999952316284,3.924999952316284,3.924999952316284,3.924999952316284,3.924999952316284,3113.0,3.924999952316284,3.924999952316284,3.924999952316284,3.924999952316284
2025-11-25T17:50:00Z,3.924999952316284,3.9265999794006348,3.9200000762939453,3.9265999794006348,3.9265999794006348,4086.0,3.924999952316284,3.9265999794006348,3.9200000762939453,3.9265999794006348
2025-11-25T17:51:00Z,3.924999952316284,3.9258999824523926,3.9200000762939453,3.9200000762939453,3.9200000762939453,8581.0,3.924999952316284,3.9258999824523926,3.9200000762939453,3.9200000762939453
2025-11-25T17:52:00Z,3.9200000762939453,3.930000066757202,3.9200000762939453,3.9200000762939453,3.9200000762939453,36329.0,3.9200000762939453,3.930000066757202,3.9200000762939453,3.9200000762939453
2025-11-25T17:53:00Z,3.9200000762939453,3.9298999309539795,3.9200000762939453,3.9200000762939453,3.9200000762939453,12338.0,3.9200000762939453,3.9298999309539795,3.9200000762939453,3.9200000762939453
2025-11-25T17:54:00Z,3.9231998920440674,3.924999952316284,3.9200000762939453,3.9200000762939453,3.9200000762939453,51779.0,3.9231998920440674,3.924999952316284,3.9200000762939453,3.9200000762939453
2025-11-25T17:55:00Z,3.920099973678589,3.9254000186920166,3.9200000762939453,3.9200000762939453,3.9200000762939453,52211.0,3.920099973678589,3.9254000186920166,3.9200000762939453,3.9200000762939453
2025-11-25T17:56:00Z,3.920099973678589,3.924999952316284,3.9200000762939453,3.9200000762939453,3.9200000762939453,2018851.0,3.920099973678589,3.924999952316284,3.9200000762939453,3.9200000762939453
2025-11-25T17:58:00Z,3.920099973678589,3.9254000186920166,3.9200000762939453,3.920099973678589,3.920099973678589,104797.0,3.920099973678589,3.9254000186920166,3.9200000762939453,3.920099973678589
2025-11-25T17:59:00Z,3.9230000972747803,3.924999952316284,3.9100000858306885,3.9100000858306885,3.9100000858306885,36831.0,3.9230000972747803,3.924999952316284,3.9100000858306885,3.9100000858306885
2025-11-25T18:00:00Z,3.9200000762939453,3.9200000762939453,3.9100000858306885,3.9149999618530273,3.9149999618530273,26149.0,3.9200000762939453,3.9200000762939453,3.9100000858306885,3.9149999618530273
2025-11-25T18:01:00Z,3.9149999618530273,3.9200000762939453,3.9149999618530273,3.9149999618530273,3.9149999618530273,31112.0,3.9149999618530273,3.9200000762939453,3.9149999618530273,3.9149999618530273
2025-11-25T18:02:00Z,3.9200000762939453,3.9200000762939453,3.9100000858306885,3.912899971008301,3.912899971008301,11251.0,3.9200000762939453,3.9200000762939453,3.9100000858306885,3.912899971008301
2025-11-25T18:03:00Z,3.9149999618530273,3.9168999195098877,3.9100000858306885,3.9100000858306885,3.9100000858306885,4682.0,3.9149999618530273,3.9168999195098877,3.9100000858306885,3.9100000858306885
2025-11-25T18:04:00Z,3.9149999618530273,3.9200000762939453,3.9100000858306885,3.9100000858306885,3.9100000858306885,3949.0,3.9149999618530273,3.9200000762939453,3.9100000858306885,3.9100000858306885
2025-11-25T18:05:00Z,3.9149999618530273,3.9149999618530273,3.9100000858306885,3.9100000858306885,3.9100000858306885,2556.0,3.9149999618530273,3.9149999618530273,3.9100000858306885,3.9100000858306885
2025-11-25T18:06:00Z,3.914099931716919,3.9149999618530273,3.9100000858306885,3.9149999618530273,3.9149999618530273,5226.0,3.914099931716919,3.9149999618530273,3.9100000858306885,3.9149999618530273
2025-11-25T18:07:00Z,3.9137001037597656,3.9198999404907227,3.9100000858306885,3.9100000858306885,3.9100000858306885,3944.0,3.9137001037597656,3.9198999404907227,3.9100000858306885,3.9100000858306885
2025-11-25T18:08:00Z,3.915299892425537,3.915299892425537,3.9100000858306885,3.913100004196167,3.913100004196167,6413.0,3.915299892425537,3.915299892425537,3.9100000858306885,3.913100004196167
2025-11-25T18:09:00Z,3.9149999618530273,3.918600082397461,3.9149999618530273,3.9149999618530273,3.9149999618530273,2984.0,3.9149999618530273,3.918600082397461,3.9149999618530273,3.9149999618530273
2025-11-25T18:10:00Z,3.9149999618530273,3.9149999618530273,3.9100000858306885,3.9149999618530273,3.9149999618530273,9995.0,3.9149999618530273,3.9149999618530273,3.9100000858306885,3.9149999618530273
2025-11-25T18:11:00Z,3.9100000858306885,3.9100000858306885,3.9000000953674316,3.9049999713897705,3.9049999713897705,13762.0,3.9100000858306885,3.9100000858306885,3.9000000953674316,3.9049999713897705
2025-11-25T18:12:00Z,3.9049999713897705,3.9100000858306885,3.9049999713897705,3.9049999713897705,3.9049999713897705,13887.0,3.9049999713897705,3.9100000858306885,3.9049999713897705,3.9049999713897705
2025-11-25T18:13:00Z,3.9049999713897705,3.9100000858306885,3.9000000953674316,3.9049999713897705,3.9049999713897705,13019.0,3.9049999713897705,3.9100000858306885,3.9000000953674316,3.9049999713897705
2025-11-25T18:14:00Z,3.9100000858306885,3.9100000858306885,3.9000000953674316,3.9100000858306885,3.9100000858306885,17415.0,3.9100000858306885,3.9100000858306885,3.9000000953674316,3.9100000858306885
2025-11-25T18:15:00Z,3.9049999713897705,3.9100000858306885,3.9049999713897705,3.9049999713897705,3.9049999713897705,3156.0,3.9049999713897705,3.9100000858306885,3.9049999713897705,3.9049999713897705
2025-11-25T18:16:00Z,3.9049999713897705,3.9049999713897705,3.9049999713897705,3.9049999713897705,3.9049999713897705,1791.0,3.9049999713897705,3.9049999713897705,3.9049999713897705,3.9049999713897705
2025-11-25T18:17:00Z,3.9019999504089355,3.9049999713897705,3.9000000953674316,3.9000000953674316,3.9000000953674316,12387.0,3.9019999504089355,3.9049999713897705,3.9000000953674316,3.9000000953674316
2025-11-25T18:18:00Z,3.902600049972534,3.9049999713897705,3.9000000953674316,3.9049999713897705,3.9049999713897705,516390.0,3.902600049972534,3.9049999713897705,3.9000000953674316,3.9049999713897705
2025-11-25T18:19:00Z,3.9000000953674316,3.9149999618530273,3.890000104904175,3.899899959564209,3.899899959564209,245913.0,3.9000000953674316,3.9149999618530273,3.890000104904175,3.899899959564209
2025-11-25T18:20:00Z,3.899899959564209,3.9000000953674316,3.8949999809265137,3.8949999809265137,3.8949999809265137,125726.0,3.899899959564209,3.9000000953674316,3.8949999809265137,3.8949999809265137
2025-11-25T18:21:00Z,3.8949999809265137,3.8949999809265137,3.890000104904175,3.890000104904175,3.890000104904175,7570.0,3.8949999809265137,3.8949999809265137,3.890000104904175,3.890000104904175
2025-11-25T18:22:00Z,3.8917999267578125,3.8949999809265137,3.890000104904175,3.8949999809265137,3.8949999809265137,40217.0,3.8917999267578125,3.8949999809265137,3.890000104904175,3.8949999809265137
2025-11-25T18:23:00Z,3.8949999809265137,3.8965001106262207,3.8949999809265137,3.895900011062622,3.895900011062622,5601.0,3.8949999809265137,3.8965001106262207,3.8949999809265137,3.895900011062622
2025-11-25T18:24:00Z,3.8949999809265137,3.8949999809265137,3.8949999809265137,3.8949999809265137,3.8949999809265137,2744.0,3.8949999809265137,3.8949999809265137,3.8949999809265137,3.8949999809265137
2025-11-25T18:25:00Z,3.896899938583374,3.896899938583374,3.8949999809265137,3.8949999809265137,3.8949999809265137,5995.0,3.896899938583374,3.896899938583374,3.8949999809265137,3.8949999809265137
2025-11-25T18:26:00Z,3.9000000953674316,3.9000000953674316,3.8949999809265137,3.9000000953674316,3.9000000953674316,11160.0,3.9000000953674316,3.9000000953674316,3.8949999809265137,3.9000000953674316
2025-11-25T18:27:00Z,3.9000000953674316,3.9000000953674316,3.8949999809265137,3.8949999809265137,3.8949999809265137,6833.0,3.9000000953674316,3.9000000953674316,3.8949999809265137,3.8949999809265137
2025-11-25T18:28:00Z,3.8949999809265137,3.9000000953674316,3.8949999809265137,3.899899959564209,3.899899959564209,3176.0,3.8949999809265137,3.9000000953674316,3.8949999809265137,3.899899959564209
2025-11-25T18:29:00Z,3.8982999324798584,3.9000000953674316,3.8945999145507812,3.9000000953674316,3.9000000953674316,58338.0,3.8982999324798584,3.9000000953674316,3.8945999145507812,3.9000000953674316
2025-11-25T18:30:00Z,3.8949999809265137,3.9000000953674316,3.890000104904175,3.8949999809265137,3.8949999809265137,78249.0,3.8949999809265137,3.9000000953674316,3.890000104904175,3.8949999809265137
2025-11-25T18:31:00Z,3.9000000953674316,3.9000000953674316,3.8949999809265137,3.8949999809265137,3.8949999809265137,2460886.0,3.9000000953674316,3.9000000953674316,3.8949999809265137,3.8949999809265137
2025-11-25T18:33:00Z,3.9000000953674316,3.9000000953674316,3.8949999809265137,3.9000000953674316,3.9000000953674316,5507.0,3.9000000953674316,3.9000000953674316,3.8949999809265137,3.9000000953674316
2025-11-25T18:34:00Z,3.8949999809265137,3.8951001167297363,3.8949999809265137,3.8949999809265137,3.8949999809265137,5425.0,3.8949999809265137,3.8951001167297363,3.8949999809265137,3.8949999809265137
2025-11-25T18:35:00Z,3.8949999809265137,3.8949999809265137,3.8949999809265137,3.8949999809265137,3.8949999809265137,4726.0,3.8949999809265137,3.8949999809265137,3.8949999809265137,3.8949999809265137
2025-11-25T18:36:00Z,3.8949999809265137,3.8949999809265137,3.880000114440918,3.884999990463257,3.884999990463257,29254.0,3.8949999809265137,3.8949999809265137,3.880000114440918,3.884999990463257
2025-11-25T18:37:00Z,3.884999990463257,3.8861000537872314,3.880000114440918,3.884999990463257,3.884999990463257,5860.0,3.884999990463257,3.8861000537872314,3.880000114440918,3.884999990463257
2025-11-25T18:38:00Z,3.884999990463257,3.884999990463257,3.880000114440918,3.880000114440918,3.880000114440918,2418.0,3.884999990463257,3.884999990463257,3.880000114440918,3.880000114440918
2025-11-25T18:39:00Z,3.884999990463257,3.890000104904175,3.869999885559082,3.875,3.875,33706.0,3.884999990463257,3.890000104904175,3.869999885559082,3.875
2025-11-25T18:40:00Z,3.875,3.875,3.859999895095825,3.865000009536743,3.865000009536743,28727.0,3.875,3.875,3.859999895095825,3.865000009536743
2025-11-25T18:41:00Z,3.8613998889923096,3.865000009536743,3.859999895095825,3.865000009536743,3.865000009536743,11761.0,3.8613998889923096,3.865000009536743,3.859999895095825,3.865000009536743
2025-11-25T18:42:00Z,3.8654000759124756,3.869999885559082,3.859999895095825,3.859999895095825,3.859999895095825,3640.0,3.8654000759124756,3.869999885559082,3.859999895095825,3.859999895095825
2025-11-25T18:43:00Z,3.859999895095825,3.8696999549865723,3.8499999046325684,3.854300022125244,3.854300022125244,16978.0,3.859999895095825,3.8696999549865723,3.8499999046325684,3.854300022125244
2025-11-25T18:44:00Z,3.8499999046325684,3.8517000675201416,3.8399999141693115,3.8399999141693115,3.8399999141693115,12532.0,3.8499999046325684,3.8517000675201416,3.8399999141693115,3.8399999141693115
2025-11-25T18:45:00Z,3.8450000286102295,3.8499999046325684,3.8399999141693115,3.8478000164031982,3.8478000164031982,41081.0,3.8450000286102295,3.8499999046325684,3.8399999141693115,3.8478000164031982
2025-11-25T18:46:00Z,3.8466999530792236,3.8466999530792236,3.8450000286102295,3.8450000286102295,3.8450000286102295,1254.0,3.8466999530792236,3.8466999530792236,3.8450000286102295,3.8450000286102295
2025-11-25T18:47:00Z,3.8450000286102295,3.8450000286102295,3.8450000286102295,3.8450000286102295,3.8450000286102295,4586.0,3.8450000286102295,3.8450000286102295,3.8450000286102295,3.8450000286102295
2025-11-25T18:48:00Z,3.8480000495910645,3.8480000495910645,3.8480000495910645,3.8480000495910645,3.8480000495910645,3053.0,3.8480000495910645,3.8480000495910645,3.8480000495910645,3.8480000495910645
2025-11-25T18:49:00Z,3.8450000286102295,3.849900007247925,3.8399999141693115,3.8450000286102295,3.8450000286102295,18332.0,3.8450000286102295,3.849900007247925,3.8399999141693115,3.8450000286102295
2025-11-25T18:50:00Z,3.8450000286102295,3.8450000286102295,3.8399999141693115,3.8450000286102295,3.8450000286102295,11241.0,3.8450000286102295,3.8450000286102295,3.8399999141693115,3.8450000286102295
2025-11-25T18:51:00Z,3.8466999530792236,3.8468000888824463,3.8399999141693115,3.8468000888824463,3.8468000888824463,6706.0,3.8466999530792236,3.8468000888824463,3.8399999141693115,3.8468000888824463
2025-11-25T18:52:00Z,3.8399999141693115,3.8450000286102295,3.8399999141693115,3.8420000076293945,3.8420000076293945,4838.0,3.8399999141693115,3.8450000286102295,3.8399999141693115,3.8420000076293945
2025-11-25T18:53:00Z,3.8450000286102295,3.8450000286102295,3.8399999141693115,3.8450000286102295,3.8450000286102295,5408.0,3.8450000286102295,3.8450000286102295,3.8399999141693115,3.8450000286102295
2025-11-25T18:54:00Z,3.8450000286102295,3.8450000286102295,3.8450000286102295,3.8450000286102295,3.8450000286102295,36606.0,3.8450000286102295,3.8450000286102295,3.8450000286102295,3.8450000286102295
2025-11-25T18:55:00Z,3.840100049972534,3.840100049972534,3.8399999141693115,3.840100049972534,3.840100049972534,1468.0,3.840100049972534,3.840100049972534,3.8399999141693115,3.840100049972534
2025-11-25T18:56:00Z,3.8399999141693115,3.849900007247925,3.8299999237060547,3.8450000286102295,3.8450000286102295,61483.0,3.8399999141693115,3.849900007247925,3.8299999237060547,3.8450000286102295
2025-11-25T18:57:00Z,3.8450000286102295,3.8450000286102295,3.8450000286102295,3.8450000286102295,3.8450000286102295,3331.0,3.8450000286102295,3.8450000286102295,3.8450000286102295,3.8450000286102295
2025-11-25T18:58:00Z,3.8450000286102295,3.8457000255584717,3.8427999019622803,3.8450000286102295,3.8450000286102295,3635.0,3.8450000286102295,3.8457000255584717,3.8427999019622803,3.8450000286102295
2025-11-25T18:59:00Z,3.8417000770568848,3.849900007247925,3.8417000770568848,3.8450000286102295,3.8450000286102295,5125.0,3.8417000770568848,3.849900007247925,3.8417000770568848,3.8450000286102295
2025-11-25T19:00:00Z,3.8499999046325684,3.8499999046325684,3.8450000286102295,3.849900007247925,3.849900007247925,14481.0,3.8499999046325684,3.8499999046325684,3.8450000286102295,3.849900007247925
2025-11-25T19:01:00Z,3.8499999046325684,3.8575000762939453,3.840100049972534,3.8575000762939453,3.8575000762939453,109877.0,3.8499999046325684,3.8575000762939453,3.840100049972534,3.8575000762939453
2025-11-25T19:02:00Z,3.8598999977111816,3.859999895095825,3.8512001037597656,3.8598999977111816,3.8598999977111816,15020.0,3.8598999977111816,3.859999895095825,3.8512001037597656,3.8598999977111816
2025-11-25T19:03:00Z,3.858599901199341,3.858599901199341,3.8499999046325684,3.8550000190734863,3.8550000190734863,2304.0,3.858599901199341,3.858599901199341,3.8499999046325684,3.8550000190734863
2025-11-25T19:04:00Z,3.8550000190734863,3.8550000190734863,3.8522000312805176,3.8550000190734863,3.8550000190734863,14313.0,3.8550000190734863,3.8550000190734863,3.8522000312805176,3.8550000190734863
2025-11-25T19:05:00Z,3.852099895477295,3.859999895095825,3.8499999046325684,3.8499999046325684,3.8499999046325684,17267.0,3.852099895477295,3.859999895095825,3.8499999046325684,3.8499999046325684
2025-11-25T19:06:00Z,3.8499999046325684,3.859999895095825,3.8499999046325684,3.8499999046325684,3.8499999046325684,2835.0,3.8499999046325684,3.859999895095825,3.8499999046325684,3.8499999046325684
2025-11-25T19:07:00Z,3.8499999046325684,3.859999895095825,3.8499999046325684,3.859999895095825,3.859999895095825,31474.0,3.8499999046325684,3.859999895095825,3.8499999046325684,3.859999895095825
2025-11-25T19:08:00Z,3.8499999046325684,3.8598999977111816,3.8499999046325684,3.8531999588012695,3.8531999588012695,95313.0,3.8499999046325684,3.8598999977111816,3.8499999046325684,3.8531999588012695
2025-11-25T19:09:00Z,3.850100040435791,3.8550000190734863,3.8499999046325684,3.8499999046325684,3.8499999046325684,86361.0,3.850100040435791,3.8550000190734863,3.8499999046325684,3.8499999046325684
2025-11-25T19:10:00Z,3.8499999046325684,3.859999895095825,3.8499999046325684,3.8554000854492188,3.8554000854492188,87785.0,3.8499999046325684,3.859999895095825,3.8499999046325684,3.8554000854492188
2025-11-25T19:11:00Z,3.850100040435791,3.859999895095825,3.8499999046325684,3.8499999046325684,3.8499999046325684,6816.0,3.850100040435791,3.859999895095825,3.8499999046325684,3.8499999046325684
2025-11-25T19:12:00Z,3.8499999046325684,3.859999895095825,3.8499999046325684,3.8550000190734863,3.8550000190734863,12078.0,3.8499999046325684,3.859999895095825,3.8499999046325684,3.8550000190734863
2025-11-25T19:13:00Z,3.8499999046325684,3.859999895095825,3.8499999046325684,3.8499999046325684,3.8499999046325684,2696553.0,3.8499999046325684,3.859999895095825,3.8499999046325684,3.8499999046325684
2025-11-25T19:15:00Z,3.8499999046325684,3.8550000190734863,3.8499999046325684,3.8499999046325684,3.8499999046325684,13274.0,3.8499999046325684,3.8550000190734863,3.8499999046325684,3.8499999046325684
2025-11-25T19:16:00Z,3.8499999046325684,3.8550000190734863,3.840100049972534,3.840100049972534,3.840100049972534,102933.0,3.8499999046325684,3.8550000190734863,3.840100049972534,3.840100049972534
2025-11-25T19:17:00Z,3.840100049972534,3.8466999530792236,3.8399999141693115,3.8399999141693115,3.8399999141693115,8956.0,3.840100049972534,3.8466999530792236,3.8399999141693115,3.8399999141693115
2025-11-25T19:18:00Z,3.8450000286102295,3.8550000190734863,3.8399999141693115,3.8550000190734863,3.8550000190734863,102970.0,3.8450000286102295,3.8550000190734863,3.8399999141693115,3.8550000190734863
2025-11-25T19:19:00Z,3.8550000190734863,3.865000009536743,3.8550000190734863,3.865000009536743,3.865000009536743,87269.0,3.8550000190734863,3.865000009536743,3.8550000190734863,3.865000009536743
2025-11-25T19:20:00Z,3.865000009536743,3.865000009536743,3.86299991607666,3.865000009536743,3.865000009536743,14887.0,3.865000009536743,3.865000009536743,3.86299991607666,3.865000009536743
2025-11-25T19:21:00Z,3.865000009536743,3.865000009536743,3.859999895095825,3.865000009536743,3.865000009536743,59102.0,3.865000009536743,3.865000009536743,3.859999895095825,3.865000009536743
2025-11-25T19:22:00Z,3.865000009536743,3.8768999576568604,3.864300012588501,3.869999885559082,3.869999885559082,25738.0,3.865000009536743,3.8768999576568604,3.864300012588501,3.869999885559082
2025-11-25T19:23:00Z,3.869999885559082,3.869999885559082,3.859999895095825,3.859999895095825,3.859999895095825,50914.0,3.869999885559082,3.869999885559082,3.859999895095825,3.859999895095825
2025-11-25T19:24:00Z,3.8550000190734863,3.8598999977111816,3.8550000190734863,3.8550000190734863,3.8550000190734863,2466.0,3.8550000190734863,3.8598999977111816,3.8550000190734863,3.8550000190734863
2025-11-25T19:25:00Z,3.8550000190734863,3.8550000190734863,3.8550000190734863,3.8550000190734863,3.8550000190734863,4818.0,3.8550000190734863,3.8550000190734863,3.8550000190734863,3.8550000190734863
2025-11-25T19:26:00Z,3.8550000190734863,3.8550000190734863,3.8499999046325684,3.8522000312805176,3.8522000312805176,6779.0,3.8550000190734863,3.8550000190734863,3.8499999046325684,3.8522000312805176
2025-11-25T19:27:00Z,3.8550000190734863,3.8598999977111816,3.8499999046325684,3.8499999046325684,3.8499999046325684,5682.0,3.8550000190734863,3.8598999977111816,3.8499999046325684,3.8499999046325684
2025-11-25T19:28:00Z,3.8550000190734863,3.8550000190734863,3.8499999046325684,3.8499999046325684,3.8499999046325684,3297.0,3.8550000190734863,3.8550000190734863,3.8499999046325684,3.8499999046325684
2025-11-25T19:29:00Z,3.8550000190734863,3.859999895095825,3.8499999046325684,3.8499999046325684,3.8499999046325684,68474.0,3.8550000190734863,3.859999895095825,3.8499999046325684,3.8499999046325684
2025-11-25T19:30:00Z,3.8547000885009766,3.8571999073028564,3.8499999046325684,3.8550000190734863,3.8550000190734863,77890.0,3.8547000885009766,3.8571999073028564,3.8499999046325684,3.8550000190734863
2025-11-25T19:31:00Z,3.8508999347686768,3.8550000190734863,3.8499999046325684,3.8499999046325684,3.8499999046325684,6822.0,3.8508999347686768,3.8550000190734863,3.8499999046325684,3.8499999046325684
2025-11-25T19:32:00Z,3.8499999046325684,3.8570001125335693,3.8499999046325684,3.8570001125335693,3.8570001125335693,30736.0,3.8499999046325684,3.8570001125335693,3.8499999046325684,3.8570001125335693
2025-11-25T19:33:00Z,3.8550000190734863,3.8550000190734863,3.8499999046325684,3.8550000190734863,3.8550000190734863,6057.0,3.8550000190734863,3.8550000190734863,3.8499999046325684,3.8550000190734863
2025-11-25T19:34:00Z,3.8550000190734863,3.859999895095825,3.8550000190734863,3.8550000190734863,3.8550000190734863,3401.0,3.8550000190734863,3.859999895095825,3.8550000190734863,3.8550000190734863
2025-11-25T19:35:00Z,3.8499999046325684,3.8499999046325684,3.8499999046325684,3.8499999046325684,3.8499999046325684,1754.0,3.8499999046325684,3.8499999046325684,3.8499999046325684,3.8499999046325684
2025-11-25T19:36:00Z,3.8550000190734863,3.8550000190734863,3.8350000381469727,3.839900016784668,3.839900016784668,70023.0,3.8550000190734863,3.8550000190734863,3.8350000381469727,3.839900016784668
2025-11-25T19:37:00Z,3.8350000381469727,3.8399999141693115,3.8299999237060547,3.8350000381469727,3.8350000381469727,56773.0,3.8350000381469727,3.8399999141693115,3.8299999237060547,3.8350000381469727
2025-11-25T19:38:00Z,3.8359999656677246,3.8397998809814453,3.8299999237060547,3.8350000381469727,3.8350000381469727,2164.0,3.8359999656677246,3.8397998809814453,3.8299999237060547,3.8350000381469727
2025-11-25T19:39:00Z,3.8350000381469727,3.8399999141693115,3.8350000381469727,3.8350000381469727,3.8350000381469727,1378.0,3.8350000381469727,3.8399999141693115,3.8350000381469727,3.8350000381469727
2025-11-25T19:40:00Z,3.839900016784668,3.839900016784668,3.8299999237060547,3.8299999237060547,3.8299999237060547,12783.0,3.839900016784668,3.839900016784668,3.8299999237060547,3.8299999237060547
2025-11-25T19:41:00Z,3.8299999237060547,3.8350000381469727,3.8299999237060547,3.8299999237060547,3.8299999237060547,17584.0,3.8299999237060547,3.8350000381469727,3.8299999237060547,3.8299999237060547
2025-11-25T19:42:00Z,3.8299999237060547,3.8299999237060547,3.825000047683716,3.825000047683716,3.825000047683716,19900.0,3.8299999237060547,3.8299999237060547,3.825000047683716,3.825000047683716
2025-11-25T19:43:00Z,3.825000047683716,3.829900026321411,3.8229000568389893,3.825000047683716,3.825000047683716,8454.0,3.825000047683716,3.829900026321411,3.8229000568389893,3.825000047683716
2025-11-25T19:44:00Z,3.8264999389648438,3.8350000381469727,3.819999933242798,3.8301000595092773,3.8301000595092773,46786.0,3.8264999389648438,3.8350000381469727,3.819999933242798,3.8301000595092773
2025-11-25T19:45:00Z,3.8301000595092773,3.8350000381469727,3.8299999237060547,3.8301000595092773,3.8301000595092773,22713.0,3.8301000595092773,3.8350000381469727,3.8299999237060547,3.8301000595092773
2025-11-25T19:46:00Z,3.8299999237060547,3.8399999141693115,3.8299999237060547,3.8350000381469727,3.8350000381469727,4477.0,3.8299999237060547,3.8399999141693115,3.8299999237060547,3.8350000381469727
2025-11-25T19:47:00Z,3.8350000381469727,3.8350000381469727,3.8350000381469727,3.8350000381469727,3.8350000381469727,4148.0,3.8350000381469727,3.8350000381469727,3.8350000381469727,3.8350000381469727
2025-11-25T19:48:00Z,3.8350000381469727,3.8399999141693115,3.8299999237060547,3.8350000381469727,3.8350000381469727,8319.0,3.8350000381469727,3.8399999141693115,3.8299999237060547,3.8350000381469727
2025-11-25T19:49:00Z,3.834199905395508,3.8350000381469727,3.8299999237060547,3.8350000381469727,3.8350000381469727,10247.0,3.834199905395508,3.8350000381469727,3.8299999237060547,3.8350000381469727
2025-11-25T19:50:00Z,3.8350000381469727,3.8352999687194824,3.832900047302246,3.832900047302246,3.832900047302246,9109.0,3.8350000381469727,3.8352999687194824,3.832900047302246,3.832900047302246
2025-11-25T19:51:00Z,3.8399999141693115,3.8450000286102295,3.8399999141693115,3.8450000286102295,3.8450000286102295,10540.0,3.8399999141693115,3.8450000286102295,3.8399999141693115,3.8450000286102295
2025-11-25T19:52:00Z,3.8499999046325684,3.8499999046325684,3.8450000286102295,3.8450000286102295,3.8450000286102295,11464.0,3.8499999046325684,3.8499999046325684,3.8450000286102295,3.8450000286102295
2025-11-25T19:53:00Z,3.8499999046325684,3.8499999046325684,3.8450000286102295,3.8450000286102295,3.8450000286102295,17741.0,3.8499999046325684,3.8499999046325684,3.8450000286102295,3.8450000286102295
2025-11-25T19:54:00Z,3.849299907684326,3.8499999046325684,3.8415000438690186,3.8499999046325684,3.8499999046325684,4912.0,3.849299907684326,3.8499999046325684,3.8415000438690186,3.8499999046325684
2025-11-25T19:55:00Z,3.8450000286102295,3.849900007247925,3.8450000286102295,3.8450000286102295,3.8450000286102295,11122.0,3.8450000286102295,3.849900007247925,3.8450000286102295,3.8450000286102295
2025-11-25T19:56:00Z,3.8450000286102295,3.8499999046325684,3.8450000286102295,3.8480000495910645,3.8480000495910645,14386.0,3.8450000286102295,3.8499999046325684,3.8450000286102295,3.8480000495910645
2025-11-25T19:57:00Z,3.8450000286102295,3.8550000190734863,3.8450000286102295,3.8550000190734863,3.8550000190734863,29635.0,3.8450000286102295,3.8550000190734863,3.8450000286102295,3.8550000190734863
2025-11-25T19:58:00Z,3.8550000190734863,3.865000009536743,3.8550000190734863,3.859999895095825,3.859999895095825,281782.0,3.8550000190734863,3.865000009536743,3.8550000190734863,3.859999895095825
2025-11-25T19:59:00Z,3.8550000190734863,3.869800090789795,3.8550000190734863,3.8682000637054443,3.8682000637054443,38297.0,3.8550000190734863,3.869800090789795,3.8550000190734863,3.8682000637054443
2025-11-25T20:00:00Z,3.869999885559082,3.880000114440918,3.8698999881744385,3.8717000484466553,3.8717000484466553,36467.0,3.869999885559082,3.880000114440918,3.8698999881744385,3.8717000484466553
2025-11-25T20:01:00Z,3.8701000213623047,3.8752999305725098,3.869999885559082,3.8752999305725098,3.8752999305725098,35848.0,3.8701000213623047,3.8752999305725098,3.869999885559082,3.8752999305725098
2025-11-25T20:02:00Z,3.875,3.880000114440918,3.875,3.878700017929077,3.878700017929077,40232.0,3.875,3.880000114440918,3.875,3.878700017929077
2025-11-25T20:03:00Z,3.876800060272217,3.876800060272217,3.876800060272217,3.876800060272217,3.876800060272217,3134.0,3.876800060272217,3.876800060272217,3.876800060272217,3.876800060272217
2025-11-25T20:04:00Z,3.880000114440918,3.880000114440918,3.875,3.875,3.875,9384.0,3.880000114440918,3.880000114440918,3.875,3.875
2025-11-25T20:05:00Z,3.8701000213623047,3.875,3.8701000213623047,3.875,3.875,15697.0,3.8701000213623047,3.875,3.8701000213623047,3.875
2025-11-25T20:06:00Z,3.8724000453948975,3.875,3.8724000453948975,3.875,3.875,6142.0,3.8724000453948975,3.875,3.8724000453948975,3.875
2025-11-25T20:07:00Z,3.875,3.880000114440918,3.875,3.8782999515533447,3.8782999515533447,31001.0,3.875,3.880000114440918,3.875,3.8782999515533447
2025-11-25T20:08:00Z,3.880000114440918,3.880000114440918,3.8701000213623047,3.875,3.875,5997.0,3.880000114440918,3.880000114440918,3.8701000213623047,3.875
2025-11-25T20:09:00Z,3.875,3.875,3.8701000213623047,3.8740999698638916,3.8740999698638916,15228.0,3.875,3.875,3.8701000213623047,3.8740999698638916
2025-11-25T20:10:00Z,3.875,3.875,3.865000009536743,3.869999885559082,3.869999885559082,30251.0,3.875,3.875,3.865000009536743,3.869999885559082
2025-11-25T20:11:00Z,3.860100030899048,3.865000009536743,3.859999895095825,3.859999895095825,3.859999895095825,16390.0,3.860100030899048,3.865000009536743,3.859999895095825,3.859999895095825
2025-11-25T20:12:00Z,3.865000009536743,3.865000009536743,3.859999895095825,3.860100030899048,3.860100030899048,1784.0,3.865000009536743,3.865000009536743,3.859999895095825,3.860100030899048
2025-11-25T20:13:00Z,3.859999895095825,3.865000009536743,3.859999895095825,3.865000009536743,3.865000009536743,8025.0,3.859999895095825,3.865000009536743,3.859999895095825,3.865000009536743
2025-11-25T20:14:00Z,3.865000009536743,3.875,3.859999895095825,3.875,3.875,141069.0,3.865000009536743,3.875,3.859999895095825,3.875
2025-11-25T20:15:00Z,3.875999927520752,3.880000114440918,3.865000009536743,3.875,3.875,486291.0,3.875999927520752,3.880000114440918,3.865000009536743,3.875
2025-11-25T20:16:00Z,3.880000114440918,3.890000104904175,3.875,3.8852999210357666,3.8852999210357666,32656.0,3.880000114440918,3.890000104904175,3.875,3.8852999210357666
2025-11-25T20:17:00Z,3.889899969100952,3.890000104904175,3.8845999240875244,3.890000104904175,3.890000104904175,9106.0,3.889899969100952,3.890000104904175,3.8845999240875244,3.890000104904175
2025-11-25T20:18:00Z,3.890000104904175,3.8949999809265137,3.880000114440918,3.882499933242798,3.882499933242798,124039.0,3.890000104904175,3.8949999809265137,3.880000114440918,3.882499933242798
2025-11-25T20:19:00Z,3.8801000118255615,3.890000104904175,3.880000114440918,3.884999990463257,3.884999990463257,4371.0,3.8801000118255615,3.890000104904175,3.880000114440918,3.884999990463257
2025-11-25T20:20:00Z,3.884999990463257,3.884999990463257,3.869999885559082,3.8722000122070312,3.8722000122070312,21457.0,3.884999990463257,3.884999990463257,3.869999885559082,3.8722000122070312
2025-11-25T20:21:00Z,3.875,3.890000104904175,3.875,3.884999990463257,3.884999990463257,81265.0,3.875,3.890000104904175,3.875,3.884999990463257
2025-11-25T20:22:00Z,3.890000104904175,3.8963000774383545,3.890000104904175,3.8949999809265137,3.8949999809265137,84047.0,3.890000104904175,3.8963000774383545,3.890000104904175,3.8949999809265137
2025-11-25T20:23:00Z,3.8949999809265137,3.8949999809265137,3.890000104904175,3.8949999809265137,3.8949999809265137,3942.0,3.8949999809265137,3.8949999809265137,3.890000104904175,3.8949999809265137
2025-11-25T20:24:00Z,3.8949999809265137,3.8949999809265137,3.8949999809265137,3.8949999809265137,3.8949999809265137,469.0,3.8949999809265137,3.8949999809265137,3.8949999809265137,3.8949999809265137
2025-11-25T20:25:00Z,3.9000000953674316,3.9000000953674316,3.890000104904175,3.890000104904175,3.890000104904175,107750.0,3.9000000953674316,3.9000000953674316,3.890000104904175,3.890000104904175
2025-11-25T20:26:00Z,3.890000104904175,3.8982999324798584,3.880000114440918,3.880000114440918,3.880000114440918,40234.0,3.890000104904175,3.8982999324798584,3.880000114440918,3.880000114440918
2025-11-25T20:27:00Z,3.884500026702881,3.890000104904175,3.882200002670288,3.890000104904175,3.890000104904175,4654.0,3.884500026702881,3.890000104904175,3.882200002670288,3.890000104904175
2025-11-25T20:28:00Z,3.890000104904175,3.890000104904175,3.880000114440918,3.880000114440918,3.880000114440918,3609354.0,3.890000104904175,3.890000104904175,3.880000114440918,3.880000114440918
2025-11-25T20:30:00Z,3.884999990463257,3.890000104904175,3.880000114440918,3.882200002670288,3.882200002670288,5395.0,3.884999990463257,3.890000104904175,3.880000114440918,3.882200002670288
2025-11-25T20:31:00Z,3.884999990463257,3.884999990463257,3.884999990463257,3.884999990463257,3.884999990463257,193.0,3.884999990463257,3.884999990463257,3.884999990463257,3.884999990463257
2025-11-25T20:33:00Z,3.8824000358581543,3.884999990463257,3.8824000358581543,3.884999990463257,3.884999990463257,38603.0,3.8824000358581543,3.884999990463257,3.8824000358581543,3.884999990463257
2025-11-25T20:34:00Z,3.884999990463257,3.884999990463257,3.880000114440918,3.884999990463257,3.884999990463257,5678.0,3.884999990463257,3.884999990463257,3.880000114440918,3.884999990463257
2025-11-25T20:35:00Z,3.884999990463257,3.889899969100952,3.880000114440918,3.884999990463257,3.884999990463257,11299.0,3.884999990463257,3.889899969100952,3.880000114440918,3.884999990463257
2025-11-25T20:36:00Z,3.884999990463257,3.890000104904175,3.880000114440918,3.884999990463257,3.884999990463257,9660.0,3.884999990463257,3.890000104904175,3.880000114440918,3.884999990463257
2025-11-25T20:37:00Z,3.884999990463257,3.884999990463257,3.880000114440918,3.880000114440918,3.880000114440918,10133.0,3.884999990463257,3.884999990463257,3.880000114440918,3.880000114440918
2025-11-25T20:38:00Z,3.880000114440918,3.884999990463257,3.880000114440918,3.884999990463257,3.884999990463257,11377.0,3.880000114440918,3.884999990463257,3.880000114440918,3.884999990463257
2025-11-25T20:39:00Z,3.8886001110076904,3.890000104904175,3.880000114440918,3.880000114440918,3.880000114440918,9925.0,3.8886001110076904,3.890000104904175,3.880000114440918,3.880000114440918
2025-11-25T20:40:00Z,3.884999990463257,3.890000104904175,3.880000114440918,3.884999990463257,3.884999990463257,63332.0,3.884999990463257,3.890000104904175,3.880000114440918,3.884999990463257
2025-11-25T20:41:00Z,3.884999990463257,3.884999990463257,3.880000114440918,3.884999990463257,3.884999990463257,25478.0,3.884999990463257,3.884999990463257,3.880000114440918,3.884999990463257
2025-11-25T20:42:00Z,3.880000114440918,3.884999990463257,3.880000114440918,3.884999990463257,3.884999990463257,6291.0,3.880000114440918,3.884999990463257,3.880000114440918,3.884999990463257
2025-11-25T20:43:00Z,3.880000114440918,3.889899969100952,3.880000114440918,3.884999990463257,3.884999990463257,39535.0,3.880000114440918,3.889899969100952,3.880000114440918,3.884999990463257
2025-11-25T20:44:00Z,3.880000114440918,3.890000104904175,3.880000114440918,3.884999990463257,3.884999990463257,20386.0,3.880000114440918,3.890000104904175,3.880000114440918,3.884999990463257
2025-11-25T20:45:00Z,3.890000104904175,3.890000104904175,3.880000114440918,3.884999990463257,3.884999990463257,29549.0,3.890000104904175,3.890000104904175,3.880000114440918,3.884999990463257
2025-11-25T20:46:00Z,3.884999990463257,3.9000000953674316,3.884999990463257,3.9000000953674316,3.9000000953674316,52143.0,3.884999990463257,3.9000000953674316,3.884999990463257,3.9000000953674316
2025-11-25T20:47:00Z,3.9000000953674316,3.9200000762939453,3.9000000953674316,3.9149999618530273,3.9149999618530273,269074.0,3.9000000953674316,3.9200000762939453,3.9000000953674316,3.9149999618530273
2025-11-25T20:48:00Z,3.9198999404907227,3.9200000762939453,3.9149999618530273,3.9149999618530273,3.9149999618530273,17943.0,3.9198999404907227,3.9200000762939453,3.9149999618530273,3.9149999618530273
2025-11-25T20:49:00Z,3.9200000762939453,3.930000066757202,3.9149999618530273,3.930000066757202,3.930000066757202,79219.0,3.9200000762939453,3.930000066757202,3.9149999618530273,3.930000066757202
2025-11-25T20:50:00Z,3.9200000762939453,3.949899911880493,3.9200000762939453,3.944999933242798,3.944999933242798,310108.0,3.9200000762939453,3.949899911880493,3.9200000762939453,3.944999933242798
2025-11-25T20:51:00Z,3.944999933242798,3.950000047683716,3.9402999877929688,3.944999933242798,3.944999933242798,58786.0,3.944999933242798,3.950000047683716,3.9402999877929688,3.944999933242798
2025-11-25T20:52:00Z,3.944999933242798,3.950000047683716,3.940000057220459,3.9400999546051025,3.9400999546051025,36770.0,3.944999933242798,3.950000047683716,3.940000057220459,3.9400999546051025
2025-11-25T20:53:00Z,3.944999933242798,3.944999933242798,3.934299945831299,3.934999942779541,3.934999942779541,74219.0,3.944999933242798,3.944999933242798,3.934299945831299,3.934999942779541
2025-11-25T20:54:00Z,3.934999942779541,3.936500072479248,3.920099973678589,3.933500051498413,3.933500051498413,116052.0,3.934999942779541,3.936500072479248,3.920099973678589,3.933500051498413
2025-11-25T20:55:00Z,3.934999942779541,3.947499990463257,3.9300999641418457,3.934999942779541,3.934999942779541,161402.0,3.934999942779541,3.947499990463257,3.9300999641418457,3.934999942779541
2025-11-25T20:56:00Z,3.940000057220459,3.940000057220459,3.930000066757202,3.9300999641418457,3.9300999641418457,27890.0,3.940000057220459,3.940000057220459,3.930000066757202,3.9300999641418457
2025-11-25T20:57:00Z,3.940000057220459,3.940000057220459,3.9200000762939453,3.9200000762939453,3.9200000762939453,58481.0,3.940000057220459,3.940000057220459,3.9200000762939453,3.9200000762939453
2025-11-25T20:58:00Z,3.930000066757202,3.930000066757202,3.9149999618530273,3.9200000762939453,3.9200000762939453,150134.0,3.930000066757202,3.930000066757202,3.9149999618530273,3.9200000762939453
2025-11-25T20:59:00Z,3.924999952316284,3.930000066757202,3.9100000858306885,3.930000066757202,3.930000066757202,213550.0,3.924999952316284,3.930000066757202,3.9100000858306885,3.930000066757202
2025-11-26T14:33:00Z,4.070000171661377,4.079999923706055,4.065000057220459,4.07390022277832,4.07390022277832,27415.0,4.070000171661377,4.079999923706055,4.065000057220459,4.07390022277832
2025-11-26T14:34:00Z,4.070000171661377,4.079999923706055,4.051400184631348,4.074999809265137,4.074999809265137,500908.0,4.070000171661377,4.079999923706055,4.051400184631348,4.074999809265137
2025-11-26T14:36:00Z,4.085000038146973,4.116799831390381,4.071400165557861,4.114999771118164,4.114999771118164,55816.0,4.085000038146973,4.116799831390381,4.071400165557861,4.114999771118164
2025-11-26T14:37:00Z,4.118599891662598,4.130000114440918,4.105000019073486,4.130000114440918,4.130000114440918,44339.0,4.118599891662598,4.130000114440918,4.105000019073486,4.130000114440918
2025-11-26T14:38:00Z,4.126200199127197,4.15500020980835,4.119999885559082,4.144999980926514,4.144999980926514,133052.0,4.126200199127197,4.15500020980835,4.119999885559082,4.144999980926514
2025-11-26T14:39:00Z,4.149899959564209,4.150000095367432,4.110000133514404,4.116499900817871,4.116499900817871,662585.0,4.149899959564209,4.150000095367432,4.110000133514404,4.116499900817871
2025-11-26T14:41:00Z,4.139999866485596,4.150000095367432,4.130099773406982,4.138299942016602,4.138299942016602,87838.0,4.139999866485596,4.150000095367432,4.130099773406982,4.138299942016602
2025-11-26T14:42:00Z,4.130000114440918,4.135000228881836,4.110000133514404,4.125,4.125,12596.0,4.130000114440918,4.135000228881836,4.110000133514404,4.125
2025-11-26T14:43:00Z,4.130000114440918,4.139999866485596,4.11359977722168,4.135000228881836,4.135000228881836,25711.0,4.130000114440918,4.139999866485596,4.11359977722168,4.135000228881836
2025-11-26T14:44:00Z,4.139999866485596,4.15500020980835,4.123300075531006,4.125,4.125,69855.0,4.139999866485596,4.15500020980835,4.123300075531006,4.125
2025-11-26T14:45:00Z,4.119999885559082,4.119999885559082,4.090000152587891,4.101600170135498,4.101600170135498,41302.0,4.119999885559082,4.119999885559082,4.090000152587891,4.101600170135498
2025-11-26T14:46:00Z,4.100100040435791,4.110000133514404,4.09499979019165,4.09499979019165,4.09499979019165,39088.0,4.100100040435791,4.110000133514404,4.09499979019165,4.09499979019165
2025-11-26T14:47:00Z,4.09499979019165,4.099899768829346,4.085000038146973,4.099899768829346,4.099899768829346,78213.0,4.09499979019165,4.099899768829346,4.085000038146973,4.099899768829346
2025-11-26T14:48:00Z,4.090000152587891,4.099999904632568,4.085000038146973,4.085000038146973,4.085000038146973,17075.0,4.090000152587891,4.099999904632568,4.085000038146973,4.085000038146973
2025-11-26T14:49:00Z,4.085000038146973,4.099999904632568,4.085000038146973,4.09499979019165,4.09499979019165,22383.0,4.085000038146973,4.099999904632568,4.085000038146973,4.09499979019165
2025-11-26T14:50:00Z,4.09499979019165,4.09499979019165,4.079999923706055,4.085000038146973,4.085000038146973,38227.0,4.09499979019165,4.09499979019165,4.079999923706055,4.085000038146973
2025-11-26T14:51:00Z,4.089900016784668,4.090000152587891,4.070000171661377,4.074999809265137,4.074999809265137,11760.0,4.089900016784668,4.090000152587891,4.070000171661377,4.074999809265137
2025-11-26T14:52:00Z,4.074999809265137,4.079999923706055,4.050000190734863,4.054999828338623,4.054999828338623,46194.0,4.074999809265137,4.079999923706055,4.050000190734863,4.054999828338623
2025-11-26T14:53:00Z,4.050099849700928,4.059999942779541,4.039999961853027,4.054999828338623,4.054999828338623,162397.0,4.050099849700928,4.059999942779541,4.039999961853027,4.054999828338623
2025-11-26T14:54:00Z,4.054999828338623,4.059999942779541,4.050099849700928,4.054999828338623,4.054999828338623,6840.0,4.054999828338623,4.059999942779541,4.050099849700928,4.054999828338623
2025-11-26T14:55:00Z,4.059899806976318,4.059999942779541,4.039999961853027,4.049900054931641,4.049900054931641,22977.0,4.059899806976318,4.059999942779541,4.039999961853027,4.049900054931641
2025-11-26T14:56:00Z,4.045000076293945,4.050000190734863,4.03000020980835,4.03000020980835,4.03000020980835,23326.0,4.045000076293945,4.050000190734863,4.03000020980835,4.03000020980835
2025-11-26T14:57:00Z,4.034999847412109,4.059999942779541,4.034999847412109,4.054999828338623,4.054999828338623,20781.0,4.034999847412109,4.059999942779541,4.034999847412109,4.054999828338623
2025-11-26T14:58:00Z,4.054999828338623,4.059999942779541,4.050000190734863,4.059999942779541,4.059999942779541,2269.0,4.054999828338623,4.059999942779541,4.050000190734863,4.059999942779541
2025-11-26T14:59:00Z,4.052000045776367,4.059999942779541,4.03000020980835,4.036799907684326,4.036799907684326,19117.0,4.052000045776367,4.059999942779541,4.03000020980835,4.036799907684326
2025-11-26T15:00:00Z,4.034999847412109,4.050000190734863,4.034999847412109,4.045000076293945,4.045000076293945,23801.0,4.034999847412109,4.050000190734863,4.034999847412109,4.045000076293945
2025-11-26T15:01:00Z,4.049900054931641,4.059999942779541,4.049900054931641,4.0584001541137695,4.0584001541137695,28749.0,4.049900054931641,4.059999942779541,4.049900054931641,4.0584001541137695
2025-11-26T15:02:00Z,4.054999828338623,4.070000171661377,4.054999828338623,4.065000057220459,4.065000057220459,12927.0,4.054999828338623,4.070000171661377,4.054999828338623,4.065000057220459
2025-11-26T15:03:00Z,4.070000171661377,4.079999923706055,4.063600063323975,4.063600063323975,4.063600063323975,34838.0,4.070000171661377,4.079999923706055,4.063600063323975,4.063600063323975
2025-11-26T15:04:00Z,4.059999942779541,4.059999942779541,4.053999900817871,4.059999942779541,4.059999942779541,9257.0,4.059999942779541,4.059999942779541,4.053999900817871,4.059999942779541
2025-11-26T15:05:00Z,4.050000190734863,4.059999942779541,4.030099868774414,4.039999961853027,4.039999961853027,15172.0,4.050000190734863,4.059999942779541,4.030099868774414,4.039999961853027
2025-11-26T15:06:00Z,4.045000076293945,4.059999942779541,4.04010009765625,4.059899806976318,4.059899806976318,13923.0,4.045000076293945,4.059999942779541,4.04010009765625,4.059899806976318
2025-11-26T15:07:00Z,4.059999942779541,4.070000171661377,4.059999942779541,4.064000129699707,4.064000129699707,32322.0,4.059999942779541,4.070000171661377,4.059999942779541,4.064000129699707
2025-11-26T15:08:00Z,4.068299770355225,4.079999923706055,4.065000057220459,4.070000171661377,4.070000171661377,31831.0,4.068299770355225,4.079999923706055,4.065000057220459,4.070000171661377
2025-11-26T15:09:00Z,4.065000057220459,4.079999923706055,4.065000057220459,4.079999923706055,4.079999923706055,12530.0,4.065000057220459,4.079999923706055,4.065000057220459,4.079999923706055
2025-11-26T15:10:00Z,4.079999923706055,4.090000152587891,4.070000171661377,4.074999809265137,4.074999809265137,12000.0,4.079999923706055,4.090000152587891,4.070000171661377,4.074999809265137
2025-11-26T15:11:00Z,4.079800128936768,4.079999923706055,4.050000190734863,4.050000190734863,4.050000190734863,79340.0,4.079800128936768,4.079999923706055,4.050000190734863,4.050000190734863
2025-11-26T15:12:00Z,4.054999828338623,4.059999942779541,4.050000190734863,4.059899806976318,4.059899806976318,12944.0,4.054999828338623,4.059999942779541,4.050000190734863,4.059899806976318
2025-11-26T15:13:00Z,4.054999828338623,4.059999942779541,4.043499946594238,4.049900054931641,4.049900054931641,1087044.0,4.054999828338623,4.059999942779541,4.043499946594238,4.049900054931641
2025-11-26T15:15:00Z,4.03000020980835,4.039999961853027,4.03000020980835,4.031300067901611,4.031300067901611,7747.0,4.03000020980835,4.039999961853027,4.03000020980835,4.031300067901611
2025-11-26T15:16:00Z,4.03000020980835,4.059999942779541,4.025000095367432,4.054999828338623,4.054999828338623,43655.0,4.03000020980835,4.059999942779541,4.025000095367432,4.054999828338623
2025-11-26T15:17:00Z,4.050000190734863,4.059999942779541,4.047999858856201,4.050000190734863,4.050000190734863,14548.0,4.050000190734863,4.059999942779541,4.047999858856201,4.050000190734863
2025-11-26T15:18:00Z,4.054999828338623,4.059999942779541,4.045000076293945,4.059899806976318,4.059899806976318,21950.0,4.054999828338623,4.059999942779541,4.045000076293945,4.059899806976318
2025-11-26T15:19:00Z,4.059999942779541,4.059999942779541,4.050000190734863,4.054999828338623,4.054999828338623,9115.0,4.059999942779541,4.059999942779541,4.050000190734863,4.054999828338623
2025-11-26T15:20:00Z,4.059999942779541,4.059999942779541,4.045000076293945,4.054999828338623,4.054999828338623,11077.0,4.059999942779541,4.059999942779541,4.045000076293945,4.054999828338623
2025-11-26T15:21:00Z,4.054999828338623,4.059999942779541,4.043600082397461,4.043600082397461,4.043600082397461,21458.0,4.054999828338623,4.059999942779541,4.043600082397461,4.043600082397461
2025-11-26T15:22:00Z,4.050000190734863,4.050000190734863,4.039999961853027,4.049900054931641,4.049900054931641,7704.0,4.050000190734863,4.050000190734863,4.039999961853027,4.049900054931641
2025-11-26T15:23:00Z,4.039999961853027,4.050000190734863,4.039999961853027,4.045000076293945,4.045000076293945,19519.0,4.039999961853027,4.050000190734863,4.039999961853027,4.045000076293945
2025-11-26T15:24:00Z,4.045000076293945,4.050000190734863,4.03000020980835,4.034999847412109,4.034999847412109,5295.0,4.045000076293945,4.050000190734863,4.03000020980835,4.034999847412109
2025-11-26T15:25:00Z,4.0381999015808105,4.039999961853027,4.034999847412109,4.034999847412109,4.034999847412109,4650.0,4.0381999015808105,4.039999961853027,4.034999847412109,4.034999847412109
2025-11-26T15:26:00Z,4.034999847412109,4.050000190734863,4.034999847412109,4.045000076293945,4.045000076293945,11412.0,4.034999847412109,4.050000190734863,4.034999847412109,4.045000076293945
2025-11-26T15:27:00Z,4.045000076293945,4.050000190734863,4.039999961853027,4.039999961853027,4.039999961853027,4017.0,4.045000076293945,4.050000190734863,4.039999961853027,4.039999961853027
2025-11-26T15:28:00Z,4.050000190734863,4.050000190734863,4.034999847412109,4.037899971008301,4.037899971008301,7799.0,4.050000190734863,4.050000190734863,4.034999847412109,4.037899971008301
2025-11-26T15:29:00Z,4.034999847412109,4.039999961853027,4.034999847412109,4.039999961853027,4.039999961853027,14848.0,4.034999847412109,4.039999961853027,4.034999847412109,4.039999961853027
2025-11-26T15:30:00Z,4.045000076293945,4.050000190734863,4.045000076293945,4.045000076293945,4.045000076293945,2140.0,4.045000076293945,4.050000190734863,4.045000076293945,4.045000076293945
2025-11-26T15:31:00Z,4.047699928283691,4.047699928283691,4.040999889373779,4.040999889373779,4.040999889373779,9457.0,4.047699928283691,4.047699928283691,4.040999889373779,4.040999889373779
2025-11-26T15:32:00Z,4.050000190734863,4.059999942779541,4.050000190734863,4.059999942779541,4.059999942779541,7897.0,4.050000190734863,4.059999942779541,4.050000190734863,4.059999942779541
2025-11-26T15:33:00Z,4.054999828338623,4.059999942779541,4.045000076293945,4.054999828338623,4.054999828338623,9267.0,4.054999828338623,4.059999942779541,4.045000076293945,4.054999828338623
2025-11-26T15:34:00Z,4.054999828338623,4.056600093841553,4.050099849700928,4.054500102996826,4.054500102996826,6210.0,4.054999828338623,4.056600093841553,4.050099849700928,4.054500102996826
2025-11-26T15:35:00Z,4.057499885559082,4.070000171661377,4.054999828338623,4.0696001052856445,4.0696001052856445,17459.0,4.057499885559082,4.070000171661377,4.054999828338623,4.0696001052856445
2025-11-26T15:36:00Z,4.070000171661377,4.070000171661377,4.065000057220459,4.065000057220459,4.065000057220459,1299.0,4.070000171661377,4.070000171661377,4.065000057220459,4.065000057220459
2025-11-26T15:37:00Z,4.062300205230713,4.070000171661377,4.050000190734863,4.054999828338623,4.054999828338623,31209.0,4.062300205230713,4.070000171661377,4.050000190734863,4.054999828338623
2025-11-26T15:38:00Z,4.054999828338623,4.059999942779541,4.054999828338623,4.054999828338623,4.054999828338623,8738.0,4.054999828338623,4.059999942779541,4.054999828338623,4.054999828338623
2025-11-26T15:39:00Z,4.054999828338623,4.059899806976318,4.050099849700928,4.050099849700928,4.050099849700928,2527.0,4.054999828338623,4.059899806976318,4.050099849700928,4.050099849700928
2025-11-26T15:40:00Z,4.059999942779541,4.059999942779541,4.054999828338623,4.054999828338623,4.054999828338623,3008.0,4.059999942779541,4.059999942779541,4.054999828338623,4.054999828338623
2025-11-26T15:41:00Z,4.056700229644775,4.059999942779541,4.045000076293945,4.045000076293945,4.045000076293945,15869.0,4.056700229644775,4.059999942779541,4.045000076293945,4.045000076293945
2025-11-26T15:42:00Z,4.045000076293945,4.059999942779541,4.034999847412109,4.059999942779541,4.059999942779541,47017.0,4.045000076293945,4.059999942779541,4.034999847412109,4.059999942779541
2025-11-26T15:43:00Z,4.065000057220459,4.070000171661377,4.065000057220459,4.070000171661377,4.070000171661377,10270.0,4.065000057220459,4.070000171661377,4.065000057220459,4.070000171661377
2025-11-26T15:44:00Z,4.060200214385986,4.065299987792969,4.060200214385986,4.065000057220459,4.065000057220459,29574.0,4.060200214385986,4.065299987792969,4.060200214385986,4.065000057220459
2025-11-26T15:45:00Z,4.059999942779541,4.070000171661377,4.050099849700928,4.054999828338623,4.054999828338623,10188.0,4.059999942779541,4.070000171661377,4.050099849700928,4.054999828338623
2025-11-26T15:46:00Z,4.0559000968933105,4.05649995803833,4.054999828338623,4.054999828338623,4.054999828338623,14060.0,4.0559000968933105,4.05649995803833,4.054999828338623,4.054999828338623
2025-11-26T15:47:00Z,4.054999828338623,4.059999942779541,4.050000190734863,4.054999828338623,4.054999828338623,25913.0,4.054999828338623,4.059999942779541,4.050000190734863,4.054999828338623
2025-11-26T15:48:00Z,4.058300018310547,4.059999942779541,4.053599834442139,4.053599834442139,4.053599834442139,10122.0,4.058300018310547,4.059999942779541,4.053599834442139,4.053599834442139
2025-11-26T15:49:00Z,4.054999828338623,4.068299770355225,4.054999828338623,4.065000057220459,4.065000057220459,18496.0,4.054999828338623,4.068299770355225,4.054999828338623,4.065000057220459
2025-11-26T15:50:00Z,4.060100078582764,4.070000171661377,4.054999828338623,4.059999942779541,4.059999942779541,8885.0,4.060100078582764,4.070000171661377,4.054999828338623,4.059999942779541
2025-11-26T15:51:00Z,4.054999828338623,4.059999942779541,4.050000190734863,4.059999942779541,4.059999942779541,2209.0,4.054999828338623,4.059999942779541,4.050000190734863,4.059999942779541
2025-11-26T15:52:00Z,4.059999942779541,4.07859992980957,4.059999942779541,4.074999809265137,4.074999809265137,29248.0,4.059999942779541,4.07859992980957,4.059999942779541,4.074999809265137
2025-11-26T15:53:00Z,4.076900005340576,4.079899787902832,4.074999809265137,4.079899787902832,4.079899787902832,3522.0,4.076900005340576,4.079899787902832,4.074999809265137,4.079899787902832
2025-11-26T15:54:00Z,4.079999923706055,4.079999923706055,4.070000171661377,4.079999923706055,4.079999923706055,26131.0,4.079999923706055,4.079999923706055,4.070000171661377,4.079999923706055
2025-11-26T15:55:00Z,4.079999923706055,4.079999923706055,4.073599815368652,4.075699806213379,4.075699806213379,3065.0,4.079999923706055,4.079999923706055,4.073599815368652,4.075699806213379
2025-11-26T15:56:00Z,4.074999809265137,4.079999923706055,4.070000171661377,4.079699993133545,4.079699993133545,11470.0,4.074999809265137,4.079999923706055,4.070000171661377,4.079699993133545
2025-11-26T15:57:00Z,4.0782999992370605,4.090000152587891,4.0782999992370605,4.090000152587891,4.090000152587891,15989.0,4.0782999992370605,4.090000152587891,4.0782999992370605,4.090000152587891
2025-11-26T15:58:00Z,4.085000038146973,4.090000152587891,4.084700107574463,4.084700107574463,4.084700107574463,16164.0,4.085000038146973,4.090000152587891,4.084700107574463,4.084700107574463
2025-11-26T15:59:00Z,4.086400032043457,4.090000152587891,4.085000038146973,4.085000038146973,4.085000038146973,7036.0,4.086400032043457,4.090000152587891,4.085000038146973,4.085000038146973
2025-11-26T16:00:00Z,4.089900016784668,4.090000152587891,4.085000038146973,4.090000152587891,4.090000152587891,4518.0,4.089900016784668,4.090000152587891,4.085000038146973,4.090000152587891
2025-11-26T16:01:00Z,4.090000152587891,4.090000152587891,4.083499908447266,4.087600231170654,4.087600231170654,12238.0,4.090000152587891,4.090000152587891,4.083499908447266,4.087600231170654
2025-11-26T16:02:00Z,4.086400032043457,4.090000152587891,4.079999923706055,4.085000038146973,4.085000038146973,11469.0,4.086400032043457,4.090000152587891,4.079999923706055,4.085000038146973
2025-11-26T16:03:00Z,4.085000038146973,4.090000152587891,4.085000038146973,4.085000038146973,4.085000038146973,6248.0,4.085000038146973,4.090000152587891,4.085000038146973,4.085000038146973
2025-11-26T16:04:00Z,4.085000038146973,4.090000152587891,4.079999923706055,4.083600044250488,4.083600044250488,7555.0,4.085000038146973,4.090000152587891,4.079999923706055,4.083600044250488
2025-11-26T16:05:00Z,4.079999923706055,4.090000152587891,4.079999923706055,4.085000038146973,4.085000038146973,8046.0,4.079999923706055,4.090000152587891,4.079999923706055,4.085000038146973
2025-11-26T16:06:00Z,4.079999923706055,4.090000152587891,4.079999923706055,4.085000038146973,4.085000038146973,7219.0,4.079999923706055,4.090000152587891,4.079999923706055,4.085000038146973
2025-11-26T16:07:00Z,4.085000038146973,4.0894999504089355,4.074999809265137,4.079999923706055,4.079999923706055,41817.0,4.085000038146973,4.0894999504089355,4.074999809265137,4.079999923706055
2025-11-26T16:08:00Z,4.085000038146973,4.090000152587891,4.080900192260742,4.089799880981445,4.089799880981445,7186.0,4.085000038146973,4.090000152587891,4.080900192260742,4.089799880981445
2025-11-26T16:09:00Z,4.085999965667725,4.085999965667725,4.083499908447266,4.083499908447266,4.083499908447266,4334.0,4.085999965667725,4.085999965667725,4.083499908447266,4.083499908447266
2025-11-26T16:10:00Z,4.090000152587891,4.090000152587891,4.085000038146973,4.090000152587891,4.090000152587891,2664.0,4.090000152587891,4.090000152587891,4.085000038146973,4.090000152587891
2025-11-26T16:11:00Z,4.090000152587891,4.090000152587891,4.085000038146973,4.085000038146973,4.085000038146973,13089.0,4.090000152587891,4.090000152587891,4.085000038146973,4.085000038146973
2025-11-26T16:12:00Z,4.089900016784668,4.090000152587891,4.070000171661377,4.079999923706055,4.079999923706055,28934.0,4.089900016784668,4.090000152587891,4.070000171661377,4.079999923706055
2025-11-26T16:13:00Z,4.074999809265137,4.090000152587891,4.074999809265137,4.085000038146973,4.085000038146973,33994.0,4.074999809265137,4.090000152587891,4.074999809265137,4.085000038146973
2025-11-26T16:14:00Z,4.090000152587891,4.090000152587891,4.083600044250488,4.085000038146973,4.085000038146973,2866.0,4.090000152587891,4.090000152587891,4.083600044250488,4.085000038146973
2025-11-26T16:15:00Z,4.090000152587891,4.090000152587891,4.085000038146973,4.090000152587891,4.090000152587891,25571.0,4.090000152587891,4.090000152587891,4.085000038146973,4.090000152587891
2025-11-26T16:16:00Z,4.085000038146973,4.090000152587891,4.085000038146973,4.090000152587891,4.090000152587891,4674.0,4.085000038146973,4.090000152587891,4.085000038146973,4.090000152587891
2025-11-26T16:17:00Z,4.090000152587891,4.090000152587891,4.084700107574463,4.084700107574463,4.084700107574463,3004.0,4.090000152587891,4.090000152587891,4.084700107574463,4.084700107574463
2025-11-26T16:18:00Z,4.090000152587891,4.090000152587891,4.084199905395508,4.090000152587891,4.090000152587891,6246.0,4.090000152587891,4.090000152587891,4.084199905395508,4.090000152587891
2025-11-26T16:19:00Z,4.090000152587891,4.090000152587891,4.083799839019775,4.090000152587891,4.090000152587891,5640.0,4.090000152587891,4.090000152587891,4.083799839019775,4.090000152587891
2025-11-26T16:20:00Z,4.090000152587891,4.099999904632568,4.090000152587891,4.099999904632568,4.099999904632568,26070.0,4.090000152587891,4.099999904632568,4.090000152587891,4.099999904632568
2025-11-26T16:21:00Z,4.099699974060059,4.099999904632568,4.09499979019165,4.09499979019165,4.09499979019165,4987.0,4.099699974060059,4.099999904632568,4.09499979019165,4.09499979019165
2025-11-26T16:22:00Z,4.099999904632568,4.099999904632568,4.090000152587891,4.099999904632568,4.099999904632568,12722.0,4.099999904632568,4.099999904632568,4.090000152587891,4.099999904632568
2025-11-26T16:23:00Z,4.099999904632568,4.099999904632568,4.085000038146973,4.085000038146973,4.085000038146973,21819.0,4.099999904632568,4.099999904632568,4.085000038146973,4.085000038146973
2025-11-26T16:24:00Z,4.082200050354004,4.085000038146973,4.0802998542785645,4.085000038146973,4.085000038146973,4322.0,4.082200050354004,4.085000038146973,4.0802998542785645,4.085000038146973
2025-11-26T16:25:00Z,4.082200050354004,4.090000152587891,4.079999923706055,4.085000038146973,4.085000038146973,6631.0,4.082200050354004,4.090000152587891,4.079999923706055,4.085000038146973
2025-11-26T16:26:00Z,4.085000038146973,4.090000152587891,4.070000171661377,4.085000038146973,4.085000038146973,26351.0,4.085000038146973,4.090000152587891,4.070000171661377,4.085000038146973
2025-11-26T16:27:00Z,4.085000038146973,4.085000038146973,4.079999923706055,4.079999923706055,4.079999923706055,2297.0,4.085000038146973,4.085000038146973,4.079999923706055,4.079999923706055
2025-11-26T16:28:00Z,4.079999923706055,4.090000152587891,4.070000171661377,4.074999809265137,4.074999809265137,7841.0,4.079999923706055,4.090000152587891,4.070000171661377,4.074999809265137
2025-11-26T16:29:00Z,4.079999923706055,4.079999923706055,4.074999809265137,4.074999809265137,4.074999809265137,1816.0,4.079999923706055,4.079999923706055,4.074999809265137,4.074999809265137
2025-11-26T16:30:00Z,4.074999809265137,4.079999923706055,4.070000171661377,4.079999923706055,4.079999923706055,1976.0,4.074999809265137,4.079999923706055,4.070000171661377,4.079999923706055
2025-11-26T16:31:00Z,4.079999923706055,4.079999923706055,4.077899932861328,4.079899787902832,4.079899787902832,11312.0,4.079999923706055,4.079999923706055,4.077899932861328,4.079899787902832
2025-11-26T16:32:00Z,4.074999809265137,4.079999923706055,4.072000026702881,4.074999809265137,4.074999809265137,9257.0,4.074999809265137,4.079999923706055,4.072000026702881,4.074999809265137
2025-11-26T16:33:00Z,4.075799942016602,4.079999923706055,4.070000171661377,4.070000171661377,4.070000171661377,5211.0,4.075799942016602,4.079999923706055,4.070000171661377,4.070000171661377
2025-11-26T16:34:00Z,4.076900005340576,4.079999923706055,4.074999809265137,4.079999923706055,4.079999923706055,5257.0,4.076900005340576,4.079999923706055,4.074999809265137,4.079999923706055
2025-11-26T16:35:00Z,4.074999809265137,4.079999923706055,4.074999809265137,4.079999923706055,4.079999923706055,8484.0,4.074999809265137,4.079999923706055,4.074999809265137,4.079999923706055
2025-11-26T16:36:00Z,4.079999923706055,4.079999923706055,4.074999809265137,4.074999809265137,4.074999809265137,10511.0,4.079999923706055,4.079999923706055,4.074999809265137,4.074999809265137
2025-11-26T16:37:00Z,4.074999809265137,4.079999923706055,4.059999942779541,4.060200214385986,4.060200214385986,23516.0,4.074999809265137,4.079999923706055,4.059999942779541,4.060200214385986
2025-11-26T16:38:00Z,4.060100078582764,4.065000057220459,4.060100078582764,4.065000057220459,4.065000057220459,8734.0,4.060100078582764,4.065000057220459,4.060100078582764,4.065000057220459
2025-11-26T16:39:00Z,4.065000057220459,4.070000171661377,4.050000190734863,4.054999828338623,4.054999828338623,12009.0,4.065000057220459,4.070000171661377,4.050000190734863,4.054999828338623
2025-11-26T16:40:00Z,4.059700012207031,4.070000171661377,4.059700012207031,4.059999942779541,4.059999942779541,38745.0,4.059700012207031,4.070000171661377,4.059700012207031,4.059999942779541
2025-11-26T16:41:00Z,4.065000057220459,4.070000171661377,4.054999828338623,4.059899806976318,4.059899806976318,9898.0,4.065000057220459,4.070000171661377,4.054999828338623,4.059899806976318
2025-11-26T16:42:00Z,4.059999942779541,4.059999942779541,4.054200172424316,4.054200172424316,4.054200172424316,2518.0,4.059999942779541,4.059999942779541,4.054200172424316,4.054200172424316
2025-11-26T16:43:00Z,4.059999942779541,4.065000057220459,4.059999942779541,4.059999942779541,4.059999942779541,22522.0,4.059999942779541,4.065000057220459,4.059999942779541,4.059999942779541
2025-11-26T16:44:00Z,4.061999797821045,4.070000171661377,4.059999942779541,4.059999942779541,4.059999942779541,6607.0,4.061999797821045,4.070000171661377,4.059999942779541,4.059999942779541
2025-11-26T16:45:00Z,4.063499927520752,4.070000171661377,4.059999942779541,4.070000171661377,4.070000171661377,7300.0,4.063499927520752,4.070000171661377,4.059999942779541,4.070000171661377
2025-11-26T16:46:00Z,4.059999942779541,4.059999942779541,4.054900169372559,4.059999942779541,4.059999942779541,18255.0,4.059999942779541,4.059999942779541,4.054900169372559,4.059999942779541
2025-11-26T16:47:00Z,4.059999942779541,4.065000057220459,4.059999942779541,4.0619001388549805,4.0619001388549805,30347.0,4.059999942779541,4.065000057220459,4.059999942779541,4.0619001388549805
2025-11-26T16:48:00Z,4.065000057220459,4.070000171661377,4.054999828338623,4.058000087738037,4.058000087738037,18484.0,4.065000057220459,4.070000171661377,4.054999828338623,4.058000087738037
2025-11-26T16:49:00Z,4.059899806976318,4.059899806976318,4.050000190734863,4.050000190734863,4.050000190734863,12089.0,4.059899806976318,4.059899806976318,4.050000190734863,4.050000190734863
2025-11-26T16:50:00Z,4.052700042724609,4.059999942779541,4.050000190734863,4.056000232696533,4.056000232696533,1778.0,4.052700042724609,4.059999942779541,4.050000190734863,4.056000232696533
2025-11-26T16:51:00Z,4.054999828338623,4.059899806976318,4.050000190734863,4.054999828338623,4.054999828338623,7632.0,4.054999828338623,4.059899806976318,4.050000190734863,4.054999828338623
2025-11-26T16:52:00Z,4.059999942779541,4.059999942779541,4.051700115203857,4.058300018310547,4.058300018310547,32541.0,4.059999942779541,4.059999942779541,4.051700115203857,4.058300018310547
2025-11-26T16:53:00Z,4.059899806976318,4.059999942779541,4.054699897766113,4.054999828338623,4.054999828338623,102874.0,4.059899806976318,4.059999942779541,4.054699897766113,4.054999828338623
2025-11-26T16:54:00Z,4.059999942779541,4.069900035858154,4.0528998374938965,4.065000057220459,4.065000057220459,97644.0,4.059999942779541,4.069900035858154,4.0528998374938965,4.065000057220459
2025-11-26T16:55:00Z,4.070000171661377,4.070000171661377,4.070000171661377,4.070000171661377,4.070000171661377,906.0,4.070000171661377,4.070000171661377,4.070000171661377,4.070000171661377
2025-11-26T16:56:00Z,4.070000171661377,4.076399803161621,4.064700126647949,4.076399803161621,4.076399803161621,16804.0,4.070000171661377,4.076399803161621,4.064700126647949,4.076399803161621
2025-11-26T16:57:00Z,4.074999809265137,4.079999923706055,4.065000057220459,4.065000057220459,4.065000057220459,32887.0,4.074999809265137,4.079999923706055,4.065000057220459,4.065000057220459
2025-11-26T16:58:00Z,4.065000057220459,4.070000171661377,4.065000057220459,4.065000057220459,4.065000057220459,5010.0,4.065000057220459,4.070000171661377,4.065000057220459,4.065000057220459
2025-11-26T16:59:00Z,4.066100120544434,4.075300216674805,4.065000057220459,4.074999809265137,4.074999809265137,14835.0,4.066100120544434,4.075300216674805,4.065000057220459,4.074999809265137
2025-11-26T17:00:00Z,4.074999809265137,4.079999923706055,4.065000057220459,4.065000057220459,4.065000057220459,9028.0,4.074999809265137,4.079999923706055,4.065000057220459,4.065000057220459
2025-11-26T17:01:00Z,4.070000171661377,4.070000171661377,4.065000057220459,4.069900035858154,4.069900035858154,14708.0,4.070000171661377,4.070000171661377,4.065000057220459,4.069900035858154
2025-11-26T17:02:00Z,4.065000057220459,4.069900035858154,4.059999942779541,4.060100078582764,4.060100078582764,4833.0,4.065000057220459,4.069900035858154,4.059999942779541,4.060100078582764
2025-11-26T17:03:00Z,4.065000057220459,4.065000057220459,4.060100078582764,4.065000057220459,4.065000057220459,13261.0,4.065000057220459,4.065000057220459,4.060100078582764,4.065000057220459
2025-11-26T17:04:00Z,4.065000057220459,4.070000171661377,4.051199913024902,4.054999828338623,4.054999828338623,8297.0,4.065000057220459,4.070000171661377,4.051199913024902,4.054999828338623
2025-11-26T17:05:00Z,4.054500102996826,4.059999942779541,4.054500102996826,4.059999942779541,4.059999942779541,1802.0,4.054500102996826,4.059999942779541,4.054500102996826,4.059999942779541
2025-11-26T17:06:00Z,4.054999828338623,4.054999828338623,4.053599834442139,4.054999828338623,4.054999828338623,5113.0,4.054999828338623,4.054999828338623,4.053599834442139,4.054999828338623
2025-11-26T17:07:00Z,4.054999828338623,4.059800148010254,4.050000190734863,4.054999828338623,4.054999828338623,3907.0,4.054999828338623,4.059800148010254,4.050000190734863,4.054999828338623
2025-11-26T17:08:00Z,4.054999828338623,4.059999942779541,4.039999961853027,4.045000076293945,4.045000076293945,18764.0,4.054999828338623,4.059999942779541,4.039999961853027,4.045000076293945
2025-11-26T17:09:00Z,4.050000190734863,4.050000190734863,4.039999961853027,4.045000076293945,4.045000076293945,5961.0,4.050000190734863,4.050000190734863,4.039999961853027,4.045000076293945
2025-11-26T17:10:00Z,4.045000076293945,4.050000190734863,4.045000076293945,4.045000076293945,4.045000076293945,5201.0,4.045000076293945,4.050000190734863,4.045000076293945,4.045000076293945
2025-11-26T17:11:00Z,4.045000076293945,4.050000190734863,4.045000076293945,4.045000076293945,4.045000076293945,6784.0,4.045000076293945,4.050000190734863,4.045000076293945,4.045000076293945
2025-11-26T17:12:00Z,4.045000076293945,4.050000190734863,4.045000076293945,4.050000190734863,4.050000190734863,16673.0,4.045000076293945,4.050000190734863,4.045000076293945,4.050000190734863
2025-11-26T17:13:00Z,4.045000076293945,4.050000190734863,4.039999961853027,4.045000076293945,4.045000076293945,10153.0,4.045000076293945,4.050000190734863,4.039999961853027,4.045000076293945
2025-11-26T17:14:00Z,4.039999961853027,4.050000190734863,4.039999961853027,4.04010009765625,4.04010009765625,3808.0,4.039999961853027,4.050000190734863,4.039999961853027,4.04010009765625
2025-11-26T17:15:00Z,4.050000190734863,4.050000190734863,4.039999961853027,4.039999961853027,4.039999961853027,7209.0,4.050000190734863,4.050000190734863,4.039999961853027,4.039999961853027
2025-11-26T17:16:00Z,4.045000076293945,4.050000190734863,4.039999961853027,4.045000076293945,4.045000076293945,9993.0,4.045000076293945,4.050000190734863,4.039999961853027,4.045000076293945
2025-11-26T17:17:00Z,4.045000076293945,4.050000190734863,4.039999961853027,4.045000076293945,4.045000076293945,4730.0,4.045000076293945,4.050000190734863,4.039999961853027,4.045000076293945
2025-11-26T17:18:00Z,4.045000076293945,4.050000190734863,4.03000020980835,4.034999847412109,4.034999847412109,56643.0,4.045000076293945,4.050000190734863,4.03000020980835,4.034999847412109
2025-11-26T17:19:00Z,4.034999847412109,4.039899826049805,4.034999847412109,4.034999847412109,4.034999847412109,5233.0,4.034999847412109,4.039899826049805,4.034999847412109,4.034999847412109
2025-11-26T17:20:00Z,4.034999847412109,4.039999961853027,4.034999847412109,4.034999847412109,4.034999847412109,2339.0,4.034999847412109,4.039999961853027,4.034999847412109,4.034999847412109
2025-11-26T17:21:00Z,4.038899898529053,4.050000190734863,4.034999847412109,4.049900054931641,4.049900054931641,21345.0,4.038899898529053,4.050000190734863,4.034999847412109,4.049900054931641
2025-11-26T17:22:00Z,4.045000076293945,4.049699783325195,4.04010009765625,4.045000076293945,4.045000076293945,3071.0,4.045000076293945,4.049699783325195,4.04010009765625,4.045000076293945
2025-11-26T17:23:00Z,4.045000076293945,4.050000190734863,4.045000076293945,4.045000076293945,4.045000076293945,2740.0,4.045000076293945,4.050000190734863,4.045000076293945,4.045000076293945
2025-11-26T17:24:00Z,4.04610013961792,4.050000190734863,4.045000076293945,4.045000076293945,4.045000076293945,5829.0,4.04610013961792,4.050000190734863,4.045000076293945,4.045000076293945
2025-11-26T17:25:00Z,4.050000190734863,4.050000190734863,4.045000076293945,4.045000076293945,4.045000076293945,5732.0,4.050000190734863,4.050000190734863,4.045000076293945,4.045000076293945
2025-11-26T17:26:00Z,4.046500205993652,4.050000190734863,4.045000076293945,4.049900054931641,4.049900054931641,9501.0,4.046500205993652,4.050000190734863,4.045000076293945,4.049900054931641
2025-11-26T17:27:00Z,4.050000190734863,4.050000190734863,4.045000076293945,4.050000190734863,4.050000190734863,10569.0,4.050000190734863,4.050000190734863,4.045000076293945,4.050000190734863
2025-11-26T17:28:00Z,4.050000190734863,4.059999942779541,4.049900054931641,4.054999828338623,4.054999828338623,49196.0,4.050000190734863,4.059999942779541,4.049900054931641,4.054999828338623
2025-11-26T17:29:00Z,4.050000190734863,4.059999942779541,4.050000190734863,4.053699970245361,4.053699970245361,7275.0,4.050000190734863,4.059999942779541,4.050000190734863,4.053699970245361
2025-11-26T17:30:00Z,4.054999828338623,4.059999942779541,4.050000190734863,4.059999942779541,4.059999942779541,5120.0,4.054999828338623,4.059999942779541,4.050000190734863,4.059999942779541
2025-11-26T17:31:00Z,4.054999828338623,4.059999942779541,4.054999828338623,4.059999942779541,4.059999942779541,3814.0,4.054999828338623,4.059999942779541,4.054999828338623,4.059999942779541
2025-11-26T17:32:00Z,4.054999828338623,4.059999942779541,4.050000190734863,4.050000190734863,4.050000190734863,39853.0,4.054999828338623,4.059999942779541,4.050000190734863,4.050000190734863
2025-11-26T17:33:00Z,4.050099849700928,4.054999828338623,4.050000190734863,4.050099849700928,4.050099849700928,48235.0,4.050099849700928,4.054999828338623,4.050000190734863,4.050099849700928
2025-11-26T17:34:00Z,4.054999828338623,4.059999942779541,4.04010009765625,4.045000076293945,4.045000076293945,51862.0,4.054999828338623,4.059999942779541,4.04010009765625,4.045000076293945
2025-11-26T17:35:00Z,4.045000076293945,4.058000087738037,4.045000076293945,4.054999828338623,4.054999828338623,36384.0,4.045000076293945,4.058000087738037,4.045000076293945,4.054999828338623
2025-11-26T17:36:00Z,4.054999828338623,4.059999942779541,4.045000076293945,4.049900054931641,4.049900054931641,8733.0,4.054999828338623,4.059999942779541,4.045000076293945,4.049900054931641
2025-11-26T17:37:00Z,4.045000076293945,4.045000076293945,4.039999961853027,4.04010009765625,4.04010009765625,3698.0,4.045000076293945,4.045000076293945,4.039999961853027,4.04010009765625
2025-11-26T17:38:00Z,4.045000076293945,4.050000190734863,4.039999961853027,4.04010009765625,4.04010009765625,6864.0,4.045000076293945,4.050000190734863,4.039999961853027,4.04010009765625
2025-11-26T17:39:00Z,4.045000076293945,4.050000190734863,4.045000076293945,4.050000190734863,4.050000190734863,6510.0,4.045000076293945,4.050000190734863,4.045000076293945,4.050000190734863
2025-11-26T17:40:00Z,4.050000190734863,4.050000190734863,4.045000076293945,4.045000076293945,4.045000076293945,5753.0,4.050000190734863,4.050000190734863,4.045000076293945,4.045000076293945
2025-11-26T17:41:00Z,4.050000190734863,4.050000190734863,4.04010009765625,4.045000076293945,4.045000076293945,1782.0,4.050000190734863,4.050000190734863,4.04010009765625,4.045000076293945
2025-11-26T17:42:00Z,4.045000076293945,4.050000190734863,4.039999961853027,4.039999961853027,4.039999961853027,6564.0,4.045000076293945,4.050000190734863,4.039999961853027,4.039999961853027
2025-11-26T17:43:00Z,4.050000190734863,4.050000190734863,4.045000076293945,4.050000190734863,4.050000190734863,29867.0,4.050000190734863,4.050000190734863,4.045000076293945,4.050000190734863
2025-11-26T17:44:00Z,4.045000076293945,4.059999942779541,4.045000076293945,4.0569000244140625,4.0569000244140625,42086.0,4.045000076293945,4.059999942779541,4.045000076293945,4.0569000244140625
2025-11-26T17:45:00Z,4.054999828338623,4.059999942779541,4.05210018157959,4.05210018157959,4.05210018157959,7762.0,4.054999828338623,4.059999942779541,4.05210018157959,4.05210018157959
2025-11-26T17:46:00Z,4.054999828338623,4.059999942779541,4.050000190734863,4.054999828338623,4.054999828338623,16227.0,4.054999828338623,4.059999942779541,4.050000190734863,4.054999828338623
2025-11-26T17:47:00Z,4.054999828338623,4.059999942779541,4.054999828338623,4.054999828338623,4.054999828338623,17321.0,4.054999828338623,4.059999942779541,4.054999828338623,4.054999828338623
2025-11-26T17:48:00Z,4.054999828338623,4.059999942779541,4.054999828338623,4.059999942779541,4.059999942779541,6260.0,4.054999828338623,4.059999942779541,4.054999828338623,4.059999942779541
2025-11-26T17:49:00Z,4.050099849700928,4.059999942779541,4.045000076293945,4.046000003814697,4.046000003814697,58813.0,4.050099849700928,4.059999942779541,4.045000076293945,4.046000003814697
2025-11-26T17:50:00Z,4.039999961853027,4.045000076293945,4.039999961853027,4.045000076293945,4.045000076293945,3461.0,4.039999961853027,4.045000076293945,4.039999961853027,4.045000076293945
2025-11-26T17:51:00Z,4.045000076293945,4.045000076293945,4.039999961853027,4.045000076293945,4.045000076293945,7215.0,4.045000076293945,4.045000076293945,4.039999961853027,4.045000076293945
2025-11-26T17:52:00Z,4.050000190734863,4.050000190734863,4.045000076293945,4.048600196838379,4.048600196838379,41768.0,4.050000190734863,4.050000190734863,4.045000076293945,4.048600196838379
2025-11-26T17:53:00Z,4.050000190734863,4.050000190734863,4.045000076293945,4.048600196838379,4.048600196838379,5227.0,4.050000190734863,4.050000190734863,4.045000076293945,4.048600196838379
2025-11-26T17:54:00Z,4.050000190734863,4.050000190734863,4.045000076293945,4.049900054931641,4.049900054931641,21032.0,4.050000190734863,4.050000190734863,4.045000076293945,4.049900054931641
2025-11-26T17:55:00Z,4.050000190734863,4.050000190734863,4.045000076293945,4.045000076293945,4.045000076293945,13328.0,4.050000190734863,4.050000190734863,4.045000076293945,4.045000076293945
2025-11-26T17:56:00Z,4.045000076293945,4.050000190734863,4.045000076293945,4.045000076293945,4.045000076293945,108271.0,4.045000076293945,4.050000190734863,4.045000076293945,4.045000076293945
2025-11-26T17:57:00Z,4.045000076293945,4.050000190734863,4.045000076293945,4.045000076293945,4.045000076293945,46228.0,4.045000076293945,4.050000190734863,4.045000076293945,4.045000076293945
2025-11-26T17:58:00Z,4.045899868011475,4.050000190734863,4.039999961853027,4.04010009765625,4.04010009765625,6155.0,4.045899868011475,4.050000190734863,4.039999961853027,4.04010009765625
2025-11-26T17:59:00Z,4.0447001457214355,4.050000190734863,4.039999961853027,4.04449987411499,4.04449987411499,28041.0,4.0447001457214355,4.050000190734863,4.039999961853027,4.04449987411499
2025-11-26T18:00:00Z,4.045000076293945,4.050000190734863,4.045000076293945,4.048600196838379,4.048600196838379,5130.0,4.045000076293945,4.050000190734863,4.045000076293945,4.048600196838379
2025-11-26T18:01:00Z,4.050000190734863,4.050000190734863,4.040999889373779,4.043600082397461,4.043600082397461,14732.0,4.050000190734863,4.050000190734863,4.040999889373779,4.043600082397461
2025-11-26T18:02:00Z,4.050000190734863,4.050000190734863,4.039999961853027,4.050000190734863,4.050000190734863,7438.0,4.050000190734863,4.050000190734863,4.039999961853027,4.050000190734863
2025-11-26T18:03:00Z,4.050000190734863,4.059999942779541,4.043600082397461,4.054999828338623,4.054999828338623,27105.0,4.050000190734863,4.059999942779541,4.043600082397461,4.054999828338623
2025-11-26T18:04:00Z,4.050000190734863,4.059999942779541,4.039999961853027,4.048600196838379,4.048600196838379,21065.0,4.050000190734863,4.059999942779541,4.039999961853027,4.048600196838379
2025-11-26T18:05:00Z,4.049900054931641,4.050000190734863,4.045000076293945,4.050000190734863,4.050000190734863,885.0,4.049900054931641,4.050000190734863,4.045000076293945,4.050000190734863
2025-11-26T18:06:00Z,4.04010009765625,4.050000190734863,4.04010009765625,4.045000076293945,4.045000076293945,27339.0,4.04010009765625,4.050000190734863,4.04010009765625,4.045000076293945
2025-11-26T18:07:00Z,4.0416998863220215,4.050000190734863,4.03000020980835,4.039999961853027,4.039999961853027,29297.0,4.0416998863220215,4.050000190734863,4.03000020980835,4.039999961853027
2025-11-26T18:08:00Z,4.034999847412109,4.045000076293945,4.033599853515625,4.045000076293945,4.045000076293945,63111.0,4.034999847412109,4.045000076293945,4.033599853515625,4.045000076293945
2025-11-26T18:09:00Z,4.045000076293945,4.050000190734863,4.014999866485596,4.020100116729736,4.020100116729736,55045.0,4.045000076293945,4.050000190734863,4.014999866485596,4.020100116729736
2025-11-26T18:10:00Z,4.03000020980835,4.050000190734863,4.025000095367432,4.0467000007629395,4.0467000007629395,45234.0,4.03000020980835,4.050000190734863,4.025000095367432,4.0467000007629395
2025-11-26T18:11:00Z,4.050000190734863,4.050000190734863,4.045000076293945,4.050000190734863,4.050000190734863,8397.0,4.050000190734863,4.050000190734863,4.045000076293945,4.050000190734863
2025-11-26T18:12:00Z,4.045000076293945,4.053599834442139,4.045000076293945,4.050000190734863,4.050000190734863,28748.0,4.045000076293945,4.053599834442139,4.045000076293945,4.050000190734863
2025-11-26T18:13:00Z,4.050000190734863,4.059999942779541,4.045000076293945,4.049900054931641,4.049900054931641,15031.0,4.050000190734863,4.059999942779541,4.045000076293945,4.049900054931641
2025-11-26T18:14:00Z,4.045000076293945,4.050000190734863,4.041200160980225,4.045000076293945,4.045000076293945,11791.0,4.045000076293945,4.050000190734863,4.041200160980225,4.045000076293945
2025-11-26T18:15:00Z,4.050000190734863,4.050000190734863,4.045000076293945,4.045000076293945,4.045000076293945,6924.0,4.050000190734863,4.050000190734863,4.045000076293945,4.045000076293945
2025-11-26T18:16:00Z,4.045000076293945,4.050000190734863,4.042900085449219,4.050000190734863,4.050000190734863,11237.0,4.045000076293945,4.050000190734863,4.042900085449219,4.050000190734863
2025-11-26T18:17:00Z,4.048600196838379,4.059999942779541,4.039999961853027,4.053400039672852,4.053400039672852,36462.0,4.048600196838379,4.059999942779541,4.039999961853027,4.053400039672852
2025-11-26T18:18:00Z,4.054999828338623,4.059999942779541,4.054999828338623,4.059999942779541,4.059999942779541,3688.0,4.054999828338623,4.059999942779541,4.054999828338623,4.059999942779541
2025-11-26T18:19:00Z,4.059999942779541,4.059999942779541,4.050000190734863,4.059800148010254,4.059800148010254,3508.0,4.059999942779541,4.059999942779541,4.050000190734863,4.059800148010254
2025-11-26T18:20:00Z,4.054999828338623,4.059999942779541,4.042900085449219,4.045000076293945,4.045000076293945,19701.0,4.054999828338623,4.059999942779541,4.042900085449219,4.045000076293945
2025-11-26T18:21:00Z,4.050000190734863,4.050000190734863,4.045000076293945,4.045000076293945,4.045000076293945,437.0,4.050000190734863,4.050000190734863,4.045000076293945,4.045000076293945
2025-11-26T18:22:00Z,4.050000190734863,4.050000190734863,4.045000076293945,4.050000190734863,4.050000190734863,21080.0,4.050000190734863,4.050000190734863,4.045000076293945,4.050000190734863
2025-11-26T18:23:00Z,4.047999858856201,4.050000190734863,4.039999961853027,4.049900054931641,4.049900054931641,13810.0,4.047999858856201,4.050000190734863,4.039999961853027,4.049900054931641
2025-11-26T18:24:00Z,4.049900054931641,4.049900054931641,4.049900054931641,4.049900054931641,4.049900054931641,1030.0,4.049900054931641,4.049900054931641,4.049900054931641,4.049900054931641
2025-11-26T18:25:00Z,4.045000076293945,4.050000190734863,4.045000076293945,4.045000076293945,4.045000076293945,1170.0,4.045000076293945,4.050000190734863,4.045000076293945,4.045000076293945
2025-11-26T18:26:00Z,4.050000190734863,4.050000190734863,4.043600082397461,4.045000076293945,4.045000076293945,22616.0,4.050000190734863,4.050000190734863,4.043600082397461,4.045000076293945
2025-11-26T18:27:00Z,4.050000190734863,4.050000190734863,4.039999961853027,4.045000076293945,4.045000076293945,28289.0,4.050000190734863,4.050000190734863,4.039999961853027,4.045000076293945
2025-11-26T18:28:00Z,4.045000076293945,4.050000190734863,4.04010009765625,4.050000190734863,4.050000190734863,2161782.0,4.045000076293945,4.050000190734863,4.04010009765625,4.050000190734863
2025-11-26T18:30:00Z,4.045000076293945,4.050000190734863,4.039999961853027,4.049900054931641,4.049900054931641,10011.0,4.045000076293945,4.050000190734863,4.039999961853027,4.049900054931641
2025-11-26T18:31:00Z,4.045000076293945,4.050000190734863,4.039999961853027,4.050000190734863,4.050000190734863,4905.0,4.045000076293945,4.050000190734863,4.039999961853027,4.050000190734863
2025-11-26T18:32:00Z,4.0432000160217285,4.050000190734863,4.03000020980835,4.039899826049805,4.039899826049805,28928.0,4.0432000160217285,4.050000190734863,4.03000020980835,4.039899826049805
2025-11-26T18:33:00Z,4.03000020980835,4.034999847412109,4.025000095367432,4.025000095367432,4.025000095367432,14924.0,4.03000020980835,4.034999847412109,4.025000095367432,4.025000095367432
2025-11-26T18:34:00Z,4.0279998779296875,4.029900074005127,4.023600101470947,4.025000095367432,4.025000095367432,4205.0,4.0279998779296875,4.029900074005127,4.023600101470947,4.025000095367432
2025-11-26T18:35:00Z,4.025000095367432,4.03000020980835,4.025000095367432,4.025000095367432,4.025000095367432,2079.0,4.025000095367432,4.03000020980835,4.025000095367432,4.025000095367432
2025-11-26T18:36:00Z,4.025000095367432,4.03000020980835,4.020100116729736,4.03000020980835,4.03000020980835,984.0,4.025000095367432,4.03000020980835,4.020100116729736,4.03000020980835
2025-11-26T18:37:00Z,4.025000095367432,4.03000020980835,4.019999980926514,4.019999980926514,4.019999980926514,17863.0,4.025000095367432,4.03000020980835,4.019999980926514,4.019999980926514
2025-11-26T18:38:00Z,4.020100116729736,4.03000020980835,4.019999980926514,4.019999980926514,4.019999980926514,8652.0,4.020100116729736,4.03000020980835,4.019999980926514,4.019999980926514
2025-11-26T18:39:00Z,4.025000095367432,4.03000020980835,4.019999980926514,4.03000020980835,4.03000020980835,4914.0,4.025000095367432,4.03000020980835,4.019999980926514,4.03000020980835
2025-11-26T18:40:00Z,4.019999980926514,4.03000020980835,4.019999980926514,4.019999980926514,4.019999980926514,7838.0,4.019999980926514,4.03000020980835,4.019999980926514,4.019999980926514
2025-11-26T18:41:00Z,4.03000020980835,4.03000020980835,4.019999980926514,4.025000095367432,4.025000095367432,5602.0,4.03000020980835,4.03000020980835,4.019999980926514,4.025000095367432
2025-11-26T18:42:00Z,4.025000095367432,4.03000020980835,4.023099899291992,4.025000095367432,4.025000095367432,55490.0,4.025000095367432,4.03000020980835,4.023099899291992,4.025000095367432
2025-11-26T18:43:00Z,4.03000020980835,4.03000020980835,4.019999980926514,4.03000020980835,4.03000020980835,5412.0,4.03000020980835,4.03000020980835,4.019999980926514,4.03000020980835
2025-11-26T18:44:00Z,4.025000095367432,4.03000020980835,4.019999980926514,4.019999980926514,4.019999980926514,10420.0,4.025000095367432,4.03000020980835,4.019999980926514,4.019999980926514
2025-11-26T18:45:00Z,4.024700164794922,4.03000020980835,4.019999980926514,4.025000095367432,4.025000095367432,30816.0,4.024700164794922,4.03000020980835,4.019999980926514,4.025000095367432
2025-11-26T18:46:00Z,4.025400161743164,4.03000020980835,4.020100116729736,4.025000095367432,4.025000095367432,2402.0,4.025400161743164,4.03000020980835,4.020100116729736,4.025000095367432
2025-11-26T18:47:00Z,4.025000095367432,4.039999961853027,4.019999980926514,4.0391998291015625,4.0391998291015625,68122.0,4.025000095367432,4.039999961853027,4.019999980926514,4.0391998291015625
2025-11-26T18:48:00Z,4.039999961853027,4.050000190734863,4.03000020980835,4.04610013961792,4.04610013961792,43951.0,4.039999961853027,4.050000190734863,4.03000020980835,4.04610013961792
2025-11-26T18:49:00Z,4.045000076293945,4.050000190734863,4.039999961853027,4.050000190734863,4.050000190734863,5142.0,4.045000076293945,4.050000190734863,4.039999961853027,4.050000190734863
2025-11-26T18:50:00Z,4.050000190734863,4.050000190734863,4.039999961853027,4.050000190734863,4.050000190734863,6707.0,4.050000190734863,4.050000190734863,4.039999961853027,4.050000190734863
2025-11-26T18:51:00Z,4.039999961853027,4.050000190734863,4.039999961853027,4.050000190734863,4.050000190734863,4319.0,4.039999961853027,4.050000190734863,4.039999961853027,4.050000190734863
2025-11-26T18:52:00Z,4.050000190734863,4.050000190734863,4.039999961853027,4.039999961853027,4.039999961853027,2404.0,4.050000190734863,4.050000190734863,4.039999961853027,4.039999961853027
2025-11-26T18:53:00Z,4.045000076293945,4.050000190734863,4.039999961853027,4.039999961853027,4.039999961853027,2794.0,4.045000076293945,4.050000190734863,4.039999961853027,4.039999961853027
2025-11-26T18:54:00Z,4.039999961853027,4.050000190734863,4.039999961853027,4.050000190734863,4.050000190734863,3297.0,4.039999961853027,4.050000190734863,4.039999961853027,4.050000190734863
2025-11-26T18:55:00Z,4.050000190734863,4.050000190734863,4.039999961853027,4.045000076293945,4.045000076293945,14409.0,4.050000190734863,4.050000190734863,4.039999961853027,4.045000076293945
2025-11-26T18:56:00Z,4.045000076293945,4.050000190734863,4.039999961853027,4.045000076293945,4.045000076293945,7385.0,4.045000076293945,4.050000190734863,4.039999961853027,4.045000076293945
2025-11-26T18:57:00Z,4.045000076293945,4.050000190734863,4.04010009765625,4.045000076293945,4.045000076293945,2082.0,4.045000076293945,4.050000190734863,4.04010009765625,4.045000076293945
2025-11-26T18:58:00Z,4.046599864959717,4.050000190734863,4.039999961853027,4.039999961853027,4.039999961853027,2303069.0,4.046599864959717,4.050000190734863,4.039999961853027,4.039999961853027
2025-11-26T19:00:00Z,4.045000076293945,4.050000190734863,4.039999961853027,4.039999961853027,4.039999961853027,4363.0,4.045000076293945,4.050000190734863,4.039999961853027,4.039999961853027
2025-11-26T19:01:00Z,4.049900054931641,4.059999942779541,4.049900054931641,4.059999942779541,4.059999942779541,46154.0,4.049900054931641,4.059999942779541,4.049900054931641,4.059999942779541
2025-11-26T19:02:00Z,4.059999942779541,4.059999942779541,4.050000190734863,4.054999828338623,4.054999828338623,4450.0,4.059999942779541,4.059999942779541,4.050000190734863,4.054999828338623
2025-11-26T19:03:00Z,4.054999828338623,4.059999942779541,4.054999828338623,4.059999942779541,4.059999942779541,2316457.0,4.054999828338623,4.059999942779541,4.054999828338623,4.059999942779541
2025-11-26T19:05:00Z,4.04580020904541,4.050000190734863,4.04010009765625,4.045000076293945,4.045000076293945,8332.0,4.04580020904541,4.050000190734863,4.04010009765625,4.045000076293945
2025-11-26T19:06:00Z,4.04010009765625,4.050000190734863,4.039999961853027,4.050000190734863,4.050000190734863,13545.0,4.04010009765625,4.050000190734863,4.039999961853027,4.050000190734863
2025-11-26T19:07:00Z,4.045000076293945,4.050000190734863,4.039999961853027,4.045000076293945,4.045000076293945,10185.0,4.045000076293945,4.050000190734863,4.039999961853027,4.045000076293945
2025-11-26T19:08:00Z,4.045000076293945,4.049900054931641,4.045000076293945,4.049900054931641,4.049900054931641,1580.0,4.045000076293945,4.049900054931641,4.045000076293945,4.049900054931641
2025-11-26T19:09:00Z,4.039999961853027,4.050000190734863,4.039999961853027,4.0406999588012695,4.0406999588012695,4382.0,4.039999961853027,4.050000190734863,4.039999961853027,4.0406999588012695
2025-11-26T19:10:00Z,4.050000190734863,4.050000190734863,4.039999961853027,4.050000190734863,4.050000190734863,8173.0,4.050000190734863,4.050000190734863,4.039999961853027,4.050000190734863
2025-11-26T19:11:00Z,4.039999961853027,4.050000190734863,4.034999847412109,4.034999847412109,4.034999847412109,25285.0,4.039999961853027,4.050000190734863,4.034999847412109,4.034999847412109
2025-11-26T19:12:00Z,4.035799980163574,4.039999961853027,4.0346999168396,4.039999961853027,4.039999961853027,60454.0,4.035799980163574,4.039999961853027,4.0346999168396,4.039999961853027
2025-11-26T19:13:00Z,4.039999961853027,4.039999961853027,4.034999847412109,4.039899826049805,4.039899826049805,48809.0,4.039999961853027,4.039999961853027,4.034999847412109,4.039899826049805
2025-11-26T19:14:00Z,4.039999961853027,4.039999961853027,4.034999847412109,4.039999961853027,4.039999961853027,114049.0,4.039999961853027,4.039999961853027,4.034999847412109,4.039999961853027
2025-11-26T19:15:00Z,4.039999961853027,4.039999961853027,4.034999847412109,4.039899826049805,4.039899826049805,67479.0,4.039999961853027,4.039999961853027,4.034999847412109,4.039899826049805
2025-11-26T19:16:00Z,4.034999847412109,4.039999961853027,4.034999847412109,4.039999961853027,4.039999961853027,45732.0,4.034999847412109,4.039999961853027,4.034999847412109,4.039999961853027
2025-11-26T19:17:00Z,4.034999847412109,4.050000190734863,4.034999847412109,4.049799919128418,4.049799919128418,76113.0,4.034999847412109,4.050000190734863,4.034999847412109,4.049799919128418
2025-11-26T19:18:00Z,4.045000076293945,4.050000190734863,4.039999961853027,4.050000190734863,4.050000190734863,16902.0,4.045000076293945,4.050000190734863,4.039999961853027,4.050000190734863
2025-11-26T19:19:00Z,4.050000190734863,4.050000190734863,4.045000076293945,4.050000190734863,4.050000190734863,4969.0,4.050000190734863,4.050000190734863,4.045000076293945,4.050000190734863
2025-11-26T19:20:00Z,4.045599937438965,4.050000190734863,4.039999961853027,4.039999961853027,4.039999961853027,3898.0,4.045599937438965,4.050000190734863,4.039999961853027,4.039999961853027
2025-11-26T19:21:00Z,4.050000190734863,4.050000190734863,4.039999961853027,4.050000190734863,4.050000190734863,6135.0,4.050000190734863,4.050000190734863,4.039999961853027,4.050000190734863
2025-11-26T19:22:00Z,4.050000190734863,4.050000190734863,4.043799877166748,4.050000190734863,4.050000190734863,6482.0,4.050000190734863,4.050000190734863,4.043799877166748,4.050000190734863
2025-11-26T19:23:00Z,4.050000190734863,4.050000190734863,4.039999961853027,4.050000190734863,4.050000190734863,3901.0,4.050000190734863,4.050000190734863,4.039999961853027,4.050000190734863
2025-11-26T19:24:00Z,4.050000190734863,4.050000190734863,4.045000076293945,4.050000190734863,4.050000190734863,26425.0,4.050000190734863,4.050000190734863,4.045000076293945,4.050000190734863
2025-11-26T19:29:00Z,4.050000190734863,4.050000190734863,4.039999961853027,4.045000076293945,4.045000076293945,2598857.0,4.050000190734863,4.050000190734863,4.039999961853027,4.045000076293945
2025-11-26T19:31:00Z,4.039999961853027,4.050000190734863,4.039999961853027,4.045000076293945,4.045000076293945,26304.0,4.039999961853027,4.050000190734863,4.039999961853027,4.045000076293945
2025-11-26T19:32:00Z,4.050000190734863,4.059999942779541,4.050000190734863,4.059999942779541,4.059999942779541,33308.0,4.050000190734863,4.059999942779541,4.050000190734863,4.059999942779541
2025-11-26T19:33:00Z,4.059899806976318,4.070000171661377,4.054999828338623,4.070000171661377,4.070000171661377,32852.0,4.059899806976318,4.070000171661377,4.054999828338623,4.070000171661377
2025-11-26T19:34:00Z,4.070000171661377,4.070000171661377,4.059999942779541,4.065000057220459,4.065000057220459,36518.0,4.070000171661377,4.070000171661377,4.059999942779541,4.065000057220459
2025-11-26T19:35:00Z,4.059999942779541,4.075099945068359,4.050000190734863,4.074999809265137,4.074999809265137,61246.0,4.059999942779541,4.075099945068359,4.050000190734863,4.074999809265137
2025-11-26T19:36:00Z,4.079999923706055,4.079999923706055,4.070099830627441,4.074999809265137,4.074999809265137,6263.0,4.079999923706055,4.079999923706055,4.070099830627441,4.074999809265137
2025-11-26T19:37:00Z,4.073500156402588,4.074999809265137,4.073500156402588,4.074999809265137,4.074999809265137,786.0,4.073500156402588,4.074999809265137,4.073500156402588,4.074999809265137
2025-11-26T19:38:00Z,4.074999809265137,4.075500011444092,4.074999809265137,4.075500011444092,4.075500011444092,10737.0,4.074999809265137,4.075500011444092,4.074999809265137,4.075500011444092
2025-11-26T19:39:00Z,4.070000171661377,4.079999923706055,4.064899921417236,4.070000171661377,4.070000171661377,31186.0,4.070000171661377,4.079999923706055,4.064899921417236,4.070000171661377
2025-11-26T19:40:00Z,4.070000171661377,4.070000171661377,4.065000057220459,4.070000171661377,4.070000171661377,21301.0,4.070000171661377,4.070000171661377,4.065000057220459,4.070000171661377
2025-11-26T19:41:00Z,4.066500186920166,4.074999809265137,4.065000057220459,4.074999809265137,4.074999809265137,46654.0,4.066500186920166,4.074999809265137,4.065000057220459,4.074999809265137
2025-11-26T19:42:00Z,4.079999923706055,4.079999923706055,4.074999809265137,4.074999809265137,4.074999809265137,2027.0,4.079999923706055,4.079999923706055,4.074999809265137,4.074999809265137
2025-11-26T19:43:00Z,4.078000068664551,4.079999923706055,4.070099830627441,4.070099830627441,4.070099830627441,7819.0,4.078000068664551,4.079999923706055,4.070099830627441,4.070099830627441
2025-11-26T19:44:00Z,4.074999809265137,4.079999923706055,4.074999809265137,4.074999809265137,4.074999809265137,11718.0,4.074999809265137,4.079999923706055,4.074999809265137,4.074999809265137
2025-11-26T19:45:00Z,4.079999923706055,4.079999923706055,4.070000171661377,4.074999809265137,4.074999809265137,17315.0,4.079999923706055,4.079999923706055,4.070000171661377,4.074999809265137
2025-11-26T19:46:00Z,4.074999809265137,4.079999923706055,4.074999809265137,4.079999923706055,4.079999923706055,2300.0,4.074999809265137,4.079999923706055,4.074999809265137,4.079999923706055
2025-11-26T19:47:00Z,4.079999923706055,4.079999923706055,4.070000171661377,4.074999809265137,4.074999809265137,8705.0,4.079999923706055,4.079999923706055,4.070000171661377,4.074999809265137
2025-11-26T19:48:00Z,4.074999809265137,4.079999923706055,4.074999809265137,4.074999809265137,4.074999809265137,4088.0,4.074999809265137,4.079999923706055,4.074999809265137,4.074999809265137
2025-11-26T19:49:00Z,4.070000171661377,4.079999923706055,4.070000171661377,4.079999923706055,4.079999923706055,8659.0,4.070000171661377,4.079999923706055,4.070000171661377,4.079999923706055
2025-11-26T19:50:00Z,4.074999809265137,4.079999923706055,4.074699878692627,4.074999809265137,4.074999809265137,7802.0,4.074999809265137,4.079999923706055,4.074699878692627,4.074999809265137
2025-11-26T19:51:00Z,4.079999923706055,4.079999923706055,4.070000171661377,4.074999809265137,4.074999809265137,4496.0,4.079999923706055,4.079999923706055,4.070000171661377,4.074999809265137
2025-11-26T19:52:00Z,4.07450008392334,4.079999923706055,4.070000171661377,4.074999809265137,4.074999809265137,3679.0,4.07450008392334,4.079999923706055,4.070000171661377,4.074999809265137
2025-11-26T19:53:00Z,4.079999923706055,4.079999923706055,4.070000171661377,4.079999923706055,4.079999923706055,8515.0,4.079999923706055,4.079999923706055,4.070000171661377,4.079999923706055
2025-11-26T19:54:00Z,4.077499866485596,4.079999923706055,4.070099830627441,4.070099830627441,4.070099830627441,10265.0,4.077499866485596,4.079999923706055,4.070099830627441,4.070099830627441
2025-11-26T19:55:00Z,4.079999923706055,4.079999923706055,4.074999809265137,4.074999809265137,4.074999809265137,1973.0,4.079999923706055,4.079999923706055,4.074999809265137,4.074999809265137
2025-11-26T19:56:00Z,4.079999923706055,4.079999923706055,4.074100017547607,4.074999809265137,4.074999809265137,2646207.0,4.079999923706055,4.079999923706055,4.074100017547607,4.074999809265137
2025-11-26T19:58:00Z,4.070000171661377,4.079999923706055,4.061999797821045,4.065000057220459,4.065000057220459,17424.0,4.070000171661377,4.079999923706055,4.061999797821045,4.065000057220459
2025-11-26T19:59:00Z,4.065000057220459,4.070000171661377,4.063399791717529,4.070000171661377,4.070000171661377,9401.0,4.065000057220459,4.070000171661377,4.063399791717529,4.070000171661377
2025-11-26T20:00:00Z,4.070000171661377,4.070000171661377,4.059999942779541,4.065000057220459,4.065000057220459,21781.0,4.070000171661377,4.070000171661377,4.059999942779541,4.065000057220459
2025-11-26T20:01:00Z,4.065000057220459,4.070000171661377,4.065000057220459,4.06790018081665,4.06790018081665,2688.0,4.065000057220459,4.070000171661377,4.065000057220459,4.06790018081665
2025-11-26T20:02:00Z,4.065000057220459,4.070000171661377,4.065000057220459,4.065000057220459,4.065000057220459,4672.0,4.065000057220459,4.070000171661377,4.065000057220459,4.065000057220459
2025-11-26T20:03:00Z,4.070000171661377,4.079999923706055,4.070000171661377,4.074999809265137,4.074999809265137,52119.0,4.070000171661377,4.079999923706055,4.070000171661377,4.074999809265137
2025-11-26T20:04:00Z,4.074999809265137,4.079999923706055,4.065000057220459,4.070000171661377,4.070000171661377,23278.0,4.074999809265137,4.079999923706055,4.065000057220459,4.070000171661377
2025-11-26T20:05:00Z,4.070000171661377,4.070000171661377,4.059999942779541,4.060100078582764,4.060100078582764,25070.0,4.070000171661377,4.070000171661377,4.059999942779541,4.060100078582764
2025-11-26T20:06:00Z,4.060100078582764,4.070000171661377,4.050099849700928,4.059899806976318,4.059899806976318,44747.0,4.060100078582764,4.070000171661377,4.050099849700928,4.059899806976318
2025-11-26T20:07:00Z,4.059899806976318,4.064499855041504,4.059899806976318,4.059999942779541,4.059999942779541,42202.0,4.059899806976318,4.064499855041504,4.059899806976318,4.059999942779541
2025-11-26T20:08:00Z,4.065000057220459,4.070000171661377,4.065000057220459,4.065000057220459,4.065000057220459,3329.0,4.065000057220459,4.070000171661377,4.065000057220459,4.065000057220459
2025-11-26T20:09:00Z,4.059999942779541,4.079999923706055,4.059999942779541,4.079999923706055,4.079999923706055,62377.0,4.059999942779541,4.079999923706055,4.059999942779541,4.079999923706055
2025-11-26T20:10:00Z,4.079899787902832,4.090000152587891,4.074999809265137,4.085000038146973,4.085000038146973,29634.0,4.079899787902832,4.090000152587891,4.074999809265137,4.085000038146973
2025-11-26T20:11:00Z,4.085000038146973,4.090000152587891,4.083499908447266,4.090000152587891,4.090000152587891,2798241.0,4.085000038146973,4.090000152587891,4.083499908447266,4.090000152587891
2025-11-26T20:13:00Z,4.090000152587891,4.090000152587891,4.085000038146973,4.089700222015381,4.089700222015381,5448.0,4.090000152587891,4.090000152587891,4.085000038146973,4.089700222015381
2025-11-26T20:14:00Z,4.090000152587891,4.090000152587891,4.085000038146973,4.090000152587891,4.090000152587891,2805688.0,4.090000152587891,4.090000152587891,4.085000038146973,4.090000152587891
2025-11-26T20:16:00Z,4.090000152587891,4.090000152587891,4.079999923706055,4.085000038146973,4.085000038146973,2805768.0,4.090000152587891,4.090000152587891,4.079999923706055,4.085000038146973
2025-11-26T20:18:00Z,4.085000038146973,4.090000152587891,4.085000038146973,4.090000152587891,4.090000152587891,7307.0,4.085000038146973,4.090000152587891,4.085000038146973,4.090000152587891
2025-11-26T20:19:00Z,4.085000038146973,4.090000152587891,4.079999923706055,4.090000152587891,4.090000152587891,40820.0,4.085000038146973,4.090000152587891,4.079999923706055,4.090000152587891
2025-11-26T20:20:00Z,4.085000038146973,4.090000152587891,4.085000038146973,4.085000038146973,4.085000038146973,3907.0,4.085000038146973,4.090000152587891,4.085000038146973,4.085000038146973
2025-11-26T20:21:00Z,4.085000038146973,4.090000152587891,4.085000038146973,4.090000152587891,4.090000152587891,9052.0,4.085000038146973,4.090000152587891,4.085000038146973,4.090000152587891
2025-11-26T20:22:00Z,4.090000152587891,4.090000152587891,4.079999923706055,4.090000152587891,4.090000152587891,4850.0,4.090000152587891,4.090000152587891,4.079999923706055,4.090000152587891
2025-11-26T20:23:00Z,4.090000152587891,4.090000152587891,4.085000038146973,4.085000038146973,4.085000038146973,5950.0,4.090000152587891,4.090000152587891,4.085000038146973,4.085000038146973
2025-11-26T20:24:00Z,4.090000152587891,4.090000152587891,4.079999923706055,4.085000038146973,4.085000038146973,12535.0,4.090000152587891,4.090000152587891,4.079999923706055,4.085000038146973
2025-11-26T20:25:00Z,4.090000152587891,4.090000152587891,4.079999923706055,4.0883002281188965,4.0883002281188965,5352.0,4.090000152587891,4.090000152587891,4.079999923706055,4.0883002281188965
2025-11-26T20:26:00Z,4.085000038146973,4.090000152587891,4.084499835968018,4.085000038146973,4.085000038146973,23883.0,4.085000038146973,4.090000152587891,4.084499835968018,4.085000038146973
2025-11-26T20:27:00Z,4.084499835968018,4.090000152587891,4.079999923706055,4.087100028991699,4.087100028991699,30495.0,4.084499835968018,4.090000152587891,4.079999923706055,4.087100028991699
2025-11-26T20:28:00Z,4.079999923706055,4.090000152587891,4.079999923706055,4.085000038146973,4.085000038146973,7773.0,4.079999923706055,4.090000152587891,4.079999923706055,4.085000038146973
2025-11-26T20:29:00Z,4.079999923706055,4.090000152587891,4.079999923706055,4.090000152587891,4.090000152587891,9918.0,4.079999923706055,4.090000152587891,4.079999923706055,4.090000152587891
2025-11-26T20:30:00Z,4.085000038146973,4.090000152587891,4.079999923706055,4.090000152587891,4.090000152587891,13259.0,4.085000038146973,4.090000152587891,4.079999923706055,4.090000152587891
2025-11-26T20:31:00Z,4.090000152587891,4.090000152587891,4.070000171661377,4.076600074768066,4.076600074768066,54007.0,4.090000152587891,4.090000152587891,4.070000171661377,4.076600074768066
2025-11-26T20:32:00Z,4.079999923706055,4.079999923706055,4.070000171661377,4.074999809265137,4.074999809265137,9384.0,4.079999923706055,4.079999923706055,4.070000171661377,4.074999809265137
2025-11-26T20:33:00Z,4.070000171661377,4.079999923706055,4.070000171661377,4.074999809265137,4.074999809265137,10779.0,4.070000171661377,4.079999923706055,4.070000171661377,4.074999809265137
2025-11-26T20:34:00Z,4.074999809265137,4.079999923706055,4.070000171661377,4.070000171661377,4.070000171661377,8565.0,4.074999809265137,4.079999923706055,4.070000171661377,4.070000171661377
2025-11-26T20:35:00Z,4.079999923706055,4.079999923706055,4.070000171661377,4.079999923706055,4.079999923706055,9329.0,4.079999923706055,4.079999923706055,4.070000171661377,4.079999923706055
2025-11-26T20:36:00Z,4.079999923706055,4.079999923706055,4.074999809265137,4.079999923706055,4.079999923706055,29324.0,4.079999923706055,4.079999923706055,4.074999809265137,4.079999923706055
2025-11-26T20:37:00Z,4.074999809265137,4.079999923706055,4.070000171661377,4.074999809265137,4.074999809265137,6845.0,4.074999809265137,4.079999923706055,4.070000171661377,4.074999809265137
2025-11-26T20:38:00Z,4.079999923706055,4.079999923706055,4.070000171661377,4.078100204467773,4.078100204467773,9021.0,4.079999923706055,4.079999923706055,4.070000171661377,4.078100204467773
2025-11-26T20:39:00Z,4.079999923706055,4.079999923706055,4.074999809265137,4.074999809265137,4.074999809265137,4775.0,4.079999923706055,4.079999923706055,4.074999809265137,4.074999809265137
2025-11-26T20:40:00Z,4.074999809265137,4.079999923706055,4.074999809265137,4.074999809265137,4.074999809265137,10529.0,4.074999809265137,4.079999923706055,4.074999809265137,4.074999809265137
2025-11-26T20:41:00Z,4.079999923706055,4.079999923706055,4.070099830627441,4.074999809265137,4.074999809265137,6601.0,4.079999923706055,4.079999923706055,4.070099830627441,4.074999809265137
2025-11-26T20:42:00Z,4.079999923706055,4.079999923706055,4.070000171661377,4.079999923706055,4.079999923706055,7298.0,4.079999923706055,4.079999923706055,4.070000171661377,4.079999923706055
2025-11-26T20:43:00Z,4.079999923706055,4.079999923706055,4.073599815368652,4.079999923706055,4.079999923706055,11908.0,4.079999923706055,4.079999923706055,4.073599815368652,4.079999923706055
2025-11-26T20:44:00Z,4.079999923706055,4.079999923706055,4.070000171661377,4.079999923706055,4.079999923706055,8784.0,4.079999923706055,4.079999923706055,4.070000171661377,4.079999923706055
2025-11-26T20:45:00Z,4.074999809265137,4.079999923706055,4.070000171661377,4.079999923706055,4.079999923706055,11608.0,4.074999809265137,4.079999923706055,4.070000171661377,4.079999923706055
2025-11-26T20:46:00Z,4.074999809265137,4.079999923706055,4.07450008392334,4.079899787902832,4.079899787902832,57760.0,4.074999809265137,4.079999923706055,4.07450008392334,4.079899787902832
2025-11-26T20:47:00Z,4.079999923706055,4.079999923706055,4.071700096130371,4.079999923706055,4.079999923706055,9665.0,4.079999923706055,4.079999923706055,4.071700096130371,4.079999923706055
2025-11-26T20:48:00Z,4.074999809265137,4.079999923706055,4.070000171661377,4.074999809265137,4.074999809265137,9817.0,4.074999809265137,4.079999923706055,4.070000171661377,4.074999809265137
2025-11-26T20:49:00Z,4.074999809265137,4.079999923706055,4.070000171661377,4.074999809265137,4.074999809265137,25435.0,4.074999809265137,4.079999923706055,4.070000171661377,4.074999809265137
2025-11-26T20:50:00Z,4.070000171661377,4.079999923706055,4.070000171661377,4.074999809265137,4.074999809265137,73065.0,4.070000171661377,4.079999923706055,4.070000171661377,4.074999809265137
2025-11-26T20:51:00Z,4.079999923706055,4.079999923706055,4.074999809265137,4.074999809265137,4.074999809265137,11249.0,4.079999923706055,4.079999923706055,4.074999809265137,4.074999809265137
2025-11-26T20:52:00Z,4.074999809265137,4.079999923706055,4.070000171661377,4.070000171661377,4.070000171661377,40792.0,4.074999809265137,4.079999923706055,4.070000171661377,4.070000171661377
2025-11-26T20:53:00Z,4.074999809265137,4.074999809265137,4.064899921417236,4.065000057220459,4.065000057220459,31731.0,4.074999809265137,4.074999809265137,4.064899921417236,4.065000057220459
2025-11-26T20:54:00Z,4.065000057220459,4.070000171661377,4.059999942779541,4.070000171661377,4.070000171661377,105018.0,4.065000057220459,4.070000171661377,4.059999942779541,4.070000171661377
2025-11-26T20:55:00Z,4.059999942779541,4.070000171661377,4.050899982452393,4.059999942779541,4.059999942779541,48312.0,4.059999942779541,4.070000171661377,4.050899982452393,4.059999942779541
2025-11-26T20:56:00Z,4.050000190734863,4.059999942779541,4.050000190734863,4.054999828338623,4.054999828338623,22555.0,4.050000190734863,4.059999942779541,4.050000190734863,4.054999828338623
2025-11-26T20:57:00Z,4.0507001876831055,4.059999942779541,4.034999847412109,4.048299789428711,4.048299789428711,203579.0,4.0507001876831055,4.059999942779541,4.034999847412109,4.048299789428711
2025-11-26T20:58:00Z,4.045000076293945,4.050000190734863,4.039999961853027,4.045000076293945,4.045000076293945,166431.0,4.045000076293945,4.050000190734863,4.039999961853027,4.045000076293945
2025-11-26T20:59:00Z,4.050000190734863,4.059999942779541,4.045000076293945,4.059999942779541,4.059999942779541,117350.0,4.050000190734863,4.059999942779541,4.045000076293945,4.059999942779541
2025-11-28T14:30:00Z,4.110000133514404,4.138000011444092,4.090000152587891,4.110000133514404,4.110000133514404,209816.0,4.110000133514404,4.138000011444092,4.090000152587891,4.110000133514404
2025-11-28T14:31:00Z,4.110000133514404,4.150000095367432,4.1041998863220215,4.139999866485596,4.139999866485596,71389.0,4.110000133514404,4.150000095367432,4.1041998863220215,4.139999866485596
2025-11-28T14:32:00Z,4.1392998695373535,4.150000095367432,4.1392998695373535,4.144999980926514,4.144999980926514,12105.0,4.1392998695373535,4.150000095367432,4.1392998695373535,4.144999980926514
2025-11-28T14:33:00Z,4.139999866485596,4.164999961853027,4.139999866485596,4.164999961853027,4.164999961853027,20401.0,4.139999866485596,4.164999961853027,4.139999866485596,4.164999961853027
2025-11-28T14:34:00Z,4.165500164031982,4.170000076293945,4.159999847412109,4.170000076293945,4.170000076293945,18248.0,4.165500164031982,4.170000076293945,4.159999847412109,4.170000076293945
2025-11-28T14:35:00Z,4.164999961853027,4.164999961853027,4.1321001052856445,4.14769983291626,4.14769983291626,187355.0,4.164999961853027,4.164999961853027,4.1321001052856445,4.14769983291626
2025-11-28T14:36:00Z,4.139999866485596,4.145999908447266,4.130000114440918,4.145999908447266,4.145999908447266,6980.0,4.139999866485596,4.145999908447266,4.130000114440918,4.145999908447266
2025-11-28T14:37:00Z,4.144999980926514,4.159999847412109,4.139999866485596,4.159900188446045,4.159900188446045,81205.0,4.144999980926514,4.159999847412109,4.139999866485596,4.159900188446045
2025-11-28T14:38:00Z,4.15500020980835,4.159999847412109,4.139999866485596,4.156000137329102,4.156000137329102,50330.0,4.15500020980835,4.159999847412109,4.139999866485596,4.156000137329102
2025-11-28T14:39:00Z,4.1554999351501465,4.159999847412109,4.150000095367432,4.150000095367432,4.150000095367432,25800.0,4.1554999351501465,4.159999847412109,4.150000095367432,4.150000095367432
2025-11-28T14:40:00Z,4.145999908447266,4.148600101470947,4.136000156402588,4.136000156402588,4.136000156402588,14898.0,4.145999908447266,4.148600101470947,4.136000156402588,4.136000156402588
2025-11-28T14:41:00Z,4.133600234985352,4.139999866485596,4.120100021362305,4.135000228881836,4.135000228881836,25488.0,4.133600234985352,4.139999866485596,4.120100021362305,4.135000228881836
2025-11-28T14:42:00Z,4.135000228881836,4.149899959564209,4.135000228881836,4.144999980926514,4.144999980926514,4196.0,4.135000228881836,4.149899959564209,4.135000228881836,4.144999980926514
2025-11-28T14:43:00Z,4.145999908447266,4.159999847412109,4.143499851226807,4.159999847412109,4.159999847412109,10778.0,4.145999908447266,4.159999847412109,4.143499851226807,4.159999847412109
2025-11-28T14:44:00Z,4.164999961853027,4.179999828338623,4.164999961853027,4.175000190734863,4.175000190734863,29978.0,4.164999961853027,4.179999828338623,4.164999961853027,4.175000190734863
2025-11-28T14:45:00Z,4.175000190734863,4.175000190734863,4.159999847412109,4.164999961853027,4.164999961853027,8525.0,4.175000190734863,4.175000190734863,4.159999847412109,4.164999961853027
2025-11-28T14:46:00Z,4.164999961853027,4.176000118255615,4.164999961853027,4.164999961853027,4.164999961853027,14940.0,4.164999961853027,4.176000118255615,4.164999961853027,4.164999961853027
2025-11-28T14:47:00Z,4.164999961853027,4.170000076293945,4.159999847412109,4.164999961853027,4.164999961853027,9681.0,4.164999961853027,4.170000076293945,4.159999847412109,4.164999961853027
2025-11-28T14:48:00Z,4.164999961853027,4.179999828338623,4.164999961853027,4.176700115203857,4.176700115203857,9446.0,4.164999961853027,4.179999828338623,4.164999961853027,4.176700115203857
2025-11-28T14:49:00Z,4.175000190734863,4.178599834442139,4.170100212097168,4.176000118255615,4.176000118255615,12413.0,4.175000190734863,4.178599834442139,4.170100212097168,4.176000118255615
2025-11-28T14:50:00Z,4.175000190734863,4.179999828338623,4.175000190734863,4.179999828338623,4.179999828338623,3220.0,4.175000190734863,4.179999828338623,4.175000190734863,4.179999828338623
2025-11-28T14:51:00Z,4.170000076293945,4.170000076293945,4.164999961853027,4.169899940490723,4.169899940490723,18350.0,4.170000076293945,4.170000076293945,4.164999961853027,4.169899940490723
2025-11-28T14:52:00Z,4.164999961853027,4.164999961853027,4.15500020980835,4.15500020980835,4.15500020980835,8980.0,4.164999961853027,4.164999961853027,4.15500020980835,4.15500020980835
2025-11-28T14:53:00Z,4.153600215911865,4.175000190734863,4.153600215911865,4.170000076293945,4.170000076293945,20035.0,4.153600215911865,4.175000190734863,4.153600215911865,4.170000076293945
2025-11-28T14:54:00Z,4.173600196838379,4.178599834442139,4.171999931335449,4.178599834442139,4.178599834442139,877.0,4.173600196838379,4.178599834442139,4.171999931335449,4.178599834442139
2025-11-28T14:55:00Z,4.175000190734863,4.175000190734863,4.170000076293945,4.175000190734863,4.175000190734863,33189.0,4.175000190734863,4.175000190734863,4.170000076293945,4.175000190734863
2025-11-28T14:56:00Z,4.179900169372559,4.179900169372559,4.170000076293945,4.175899982452393,4.175899982452393,5562.0,4.179900169372559,4.179900169372559,4.170000076293945,4.175899982452393
2025-11-28T14:57:00Z,4.175000190734863,4.189899921417236,4.175000190734863,4.184999942779541,4.184999942779541,14599.0,4.175000190734863,4.189899921417236,4.175000190734863,4.184999942779541
2025-11-28T14:58:00Z,4.184999942779541,4.190000057220459,4.179999828338623,4.189899921417236,4.189899921417236,5922.0,4.184999942779541,4.190000057220459,4.179999828338623,4.189899921417236
2025-11-28T14:59:00Z,4.179999828338623,4.190000057220459,4.175000190734863,4.190000057220459,4.190000057220459,65277.0,4.179999828338623,4.190000057220459,4.175000190734863,4.190000057220459
2025-11-28T15:00:00Z,4.184999942779541,4.199999809265137,4.179999828338623,4.199900150299072,4.199900150299072,22096.0,4.184999942779541,4.199999809265137,4.179999828338623,4.199900150299072
2025-11-28T15:01:00Z,4.195000171661377,4.210000038146973,4.190000057220459,4.199999809265137,4.199999809265137,16915.0,4.195000171661377,4.210000038146973,4.190000057220459,4.199999809265137
2025-11-28T15:02:00Z,4.210000038146973,4.210000038146973,4.199999809265137,4.200099945068359,4.200099945068359,15119.0,4.210000038146973,4.210000038146973,4.199999809265137,4.200099945068359
2025-11-28T15:03:00Z,4.199999809265137,4.210000038146973,4.199999809265137,4.204999923706055,4.204999923706055,6068.0,4.199999809265137,4.210000038146973,4.199999809265137,4.204999923706055
2025-11-28T15:04:00Z,4.206500053405762,4.219900131225586,4.195000171661377,4.219900131225586,4.219900131225586,45873.0,4.206500053405762,4.219900131225586,4.195000171661377,4.219900131225586
2025-11-28T15:05:00Z,4.21999979019165,4.224999904632568,4.21999979019165,4.224999904632568,4.224999904632568,7834.0,4.21999979019165,4.224999904632568,4.21999979019165,4.224999904632568
2025-11-28T15:06:00Z,4.21999979019165,4.235000133514404,4.21999979019165,4.21999979019165,4.21999979019165,26737.0,4.21999979019165,4.235000133514404,4.21999979019165,4.21999979019165
2025-11-28T15:07:00Z,4.216400146484375,4.21999979019165,4.214300155639648,4.219900131225586,4.219900131225586,10248.0,4.216400146484375,4.21999979019165,4.214300155639648,4.219900131225586
2025-11-28T15:08:00Z,4.215000152587891,4.215000152587891,4.200099945068359,4.2083001136779785,4.2083001136779785,16162.0,4.215000152587891,4.215000152587891,4.200099945068359,4.2083001136779785
2025-11-28T15:09:00Z,4.210000038146973,4.21999979019165,4.210000038146973,4.215000152587891,4.215000152587891,20323.0,4.210000038146973,4.21999979019165,4.210000038146973,4.215000152587891
2025-11-28T15:10:00Z,4.21999979019165,4.21999979019165,4.21120023727417,4.21120023727417,4.21120023727417,2215.0,4.21999979019165,4.21999979019165,4.21120023727417,4.21120023727417
2025-11-28T15:11:00Z,4.215000152587891,4.21999979019165,4.210000038146973,4.215000152587891,4.215000152587891,38670.0,4.215000152587891,4.21999979019165,4.210000038146973,4.215000152587891
2025-11-28T15:12:00Z,4.215000152587891,4.219900131225586,4.210000038146973,4.210000038146973,4.210000038146973,13372.0,4.215000152587891,4.219900131225586,4.210000038146973,4.210000038146973
2025-11-28T15:13:00Z,4.214700222015381,4.21999979019165,4.2133002281188965,4.215000152587891,4.215000152587891,7037.0,4.214700222015381,4.21999979019165,4.2133002281188965,4.215000152587891
2025-11-28T15:14:00Z,4.215000152587891,4.21999979019165,4.210000038146973,4.216400146484375,4.216400146484375,14776.0,4.215000152587891,4.21999979019165,4.210000038146973,4.216400146484375
2025-11-28T15:15:00Z,4.215000152587891,4.21999979019165,4.210000038146973,4.215000152587891,4.215000152587891,2305.0,4.215000152587891,4.21999979019165,4.210000038146973,4.215000152587891
2025-11-28T15:16:00Z,4.210100173950195,4.21999979019165,4.210000038146973,4.2164998054504395,4.2164998054504395,12944.0,4.210100173950195,4.21999979019165,4.210000038146973,4.2164998054504395
2025-11-28T15:17:00Z,4.21999979019165,4.21999979019165,4.215000152587891,4.215000152587891,4.215000152587891,7465.0,4.21999979019165,4.21999979019165,4.215000152587891,4.215000152587891
2025-11-28T15:18:00Z,4.21999979019165,4.21999979019165,4.210100173950195,4.21999979019165,4.21999979019165,10277.0,4.21999979019165,4.21999979019165,4.210100173950195,4.21999979019165
2025-11-28T15:19:00Z,4.21999979019165,4.21999979019165,4.21019983291626,4.215000152587891,4.215000152587891,27202.0,4.21999979019165,4.21999979019165,4.21019983291626,4.215000152587891
2025-11-28T15:20:00Z,4.213500022888184,4.215000152587891,4.199999809265137,4.206200122833252,4.206200122833252,18791.0,4.213500022888184,4.215000152587891,4.199999809265137,4.206200122833252
2025-11-28T15:21:00Z,4.210000038146973,4.215000152587891,4.210000038146973,4.215000152587891,4.215000152587891,12224.0,4.210000038146973,4.215000152587891,4.210000038146973,4.215000152587891
2025-11-28T15:22:00Z,4.210000038146973,4.210000038146973,4.20359992980957,4.20989990234375,4.20989990234375,11306.0,4.210000038146973,4.210000038146973,4.20359992980957,4.20989990234375
2025-11-28T15:23:00Z,4.204999923706055,4.21999979019165,4.204999923706055,4.215000152587891,4.215000152587891,18144.0,4.204999923706055,4.21999979019165,4.204999923706055,4.215000152587891
2025-11-28T15:24:00Z,4.210100173950195,4.219900131225586,4.210100173950195,4.215000152587891,4.215000152587891,13849.0,4.210100173950195,4.219900131225586,4.210100173950195,4.215000152587891
2025-11-28T15:25:00Z,4.215700149536133,4.230000019073486,4.215000152587891,4.224999904632568,4.224999904632568,10803.0,4.215700149536133,4.230000019073486,4.215000152587891,4.224999904632568
2025-11-28T15:26:00Z,4.224999904632568,4.230000019073486,4.210100173950195,4.210100173950195,4.210100173950195,11852.0,4.224999904632568,4.230000019073486,4.210100173950195,4.210100173950195
2025-11-28T15:27:00Z,4.2153000831604,4.2153000831604,4.204999923706055,4.204999923706055,4.204999923706055,9184.0,4.2153000831604,4.2153000831604,4.204999923706055,4.204999923706055
2025-11-28T15:28:00Z,4.206399917602539,4.210000038146973,4.200099945068359,4.20989990234375,4.20989990234375,151793.0,4.206399917602539,4.210000038146973,4.200099945068359,4.20989990234375
2025-11-28T15:29:00Z,4.208000183105469,4.210000038146973,4.204999923706055,4.210000038146973,4.210000038146973,9474.0,4.208000183105469,4.210000038146973,4.204999923706055,4.210000038146973
2025-11-28T15:30:00Z,4.204999923706055,4.215000152587891,4.204999923706055,4.210000038146973,4.210000038146973,7443.0,4.204999923706055,4.215000152587891,4.204999923706055,4.210000038146973
2025-11-28T15:31:00Z,4.206699848175049,4.210000038146973,4.204999923706055,4.20989990234375,4.20989990234375,5468.0,4.206699848175049,4.210000038146973,4.204999923706055,4.20989990234375
2025-11-28T15:32:00Z,4.20359992980957,4.210000038146973,4.199999809265137,4.199999809265137,4.199999809265137,5821.0,4.20359992980957,4.210000038146973,4.199999809265137,4.199999809265137
2025-11-28T15:33:00Z,4.210000038146973,4.21999979019165,4.210000038146973,4.215000152587891,4.215000152587891,10337.0,4.210000038146973,4.21999979019165,4.210000038146973,4.215000152587891
2025-11-28T15:34:00Z,4.21999979019165,4.21999979019165,4.210000038146973,4.215000152587891,4.215000152587891,8555.0,4.21999979019165,4.21999979019165,4.210000038146973,4.215000152587891
2025-11-28T15:35:00Z,4.21999979019165,4.230000019073486,4.21999979019165,4.229899883270264,4.229899883270264,14143.0,4.21999979019165,4.230000019073486,4.21999979019165,4.229899883270264
2025-11-28T15:36:00Z,4.224999904632568,4.224999904632568,4.210000038146973,4.215000152587891,4.215000152587891,5713.0,4.224999904632568,4.224999904632568,4.210000038146973,4.215000152587891
2025-11-28T15:37:00Z,4.215000152587891,4.21999979019165,4.210000038146973,4.210000038146973,4.210000038146973,29929.0,4.215000152587891,4.21999979019165,4.210000038146973,4.210000038146973
2025-11-28T15:38:00Z,4.210100173950195,4.210100173950195,4.204999923706055,4.204999923706055,4.204999923706055,9949.0,4.210100173950195,4.210100173950195,4.204999923706055,4.204999923706055
2025-11-28T15:39:00Z,4.204999923706055,4.210000038146973,4.201399803161621,4.204999923706055,4.204999923706055,6501.0,4.204999923706055,4.210000038146973,4.201399803161621,4.204999923706055
2025-11-28T15:40:00Z,4.205599784851074,4.210000038146973,4.200099945068359,4.204999923706055,4.204999923706055,3463.0,4.205599784851074,4.210000038146973,4.200099945068359,4.204999923706055
2025-11-28T15:41:00Z,4.204999923706055,4.210000038146973,4.199999809265137,4.20989990234375,4.20989990234375,4900.0,4.204999923706055,4.210000038146973,4.199999809265137,4.20989990234375
2025-11-28T15:42:00Z,4.204999923706055,4.210000038146973,4.200099945068359,4.210000038146973,4.210000038146973,7532.0,4.204999923706055,4.210000038146973,4.200099945068359,4.210000038146973
2025-11-28T15:43:00Z,4.210000038146973,4.210000038146973,4.204500198364258,4.204999923706055,4.204999923706055,7913.0,4.210000038146973,4.210000038146973,4.204500198364258,4.204999923706055
2025-11-28T15:44:00Z,4.210000038146973,4.21999979019165,4.203999996185303,4.21999979019165,4.21999979019165,38209.0,4.210000038146973,4.21999979019165,4.203999996185303,4.21999979019165
2025-11-28T15:45:00Z,4.215000152587891,4.215000152587891,4.203700065612793,4.204999923706055,4.204999923706055,20346.0,4.215000152587891,4.215000152587891,4.203700065612793,4.204999923706055
2025-11-28T15:46:00Z,4.204999923706055,4.204999923706055,4.199999809265137,4.204999923706055,4.204999923706055,2659.0,4.204999923706055,4.204999923706055,4.199999809265137,4.204999923706055
2025-11-28T15:47:00Z,4.20989990234375,4.20989990234375,4.199999809265137,4.204999923706055,4.204999923706055,11473.0,4.20989990234375,4.20989990234375,4.199999809265137,4.204999923706055
2025-11-28T15:48:00Z,4.199999809265137,4.205699920654297,4.199999809265137,4.204999923706055,4.204999923706055,5606.0,4.199999809265137,4.205699920654297,4.199999809265137,4.204999923706055
2025-11-28T15:49:00Z,4.204999923706055,4.210000038146973,4.199999809265137,4.204999923706055,4.204999923706055,8828.0,4.204999923706055,4.210000038146973,4.199999809265137,4.204999923706055
2025-11-28T15:50:00Z,4.20989990234375,4.210000038146973,4.204999923706055,4.204999923706055,4.204999923706055,13381.0,4.20989990234375,4.210000038146973,4.204999923706055,4.204999923706055
2025-11-28T15:51:00Z,4.204999923706055,4.210000038146973,4.199999809265137,4.210000038146973,4.210000038146973,13064.0,4.204999923706055,4.210000038146973,4.199999809265137,4.210000038146973
2025-11-28T15:52:00Z,4.210000038146973,4.210000038146973,4.204999923706055,4.204999923706055,4.204999923706055,3990.0,4.210000038146973,4.210000038146973,4.204999923706055,4.204999923706055
2025-11-28T15:53:00Z,4.204999923706055,4.21999979019165,4.204999923706055,4.215000152587891,4.215000152587891,16808.0,4.204999923706055,4.21999979019165,4.204999923706055,4.215000152587891
2025-11-28T15:54:00Z,4.2144999504089355,4.21999979019165,4.21120023727417,4.215000152587891,4.215000152587891,6608.0,4.2144999504089355,4.21999979019165,4.21120023727417,4.215000152587891
2025-11-28T15:55:00Z,4.215000152587891,4.2153000831604,4.215000152587891,4.215000152587891,4.215000152587891,2266.0,4.215000152587891,4.2153000831604,4.215000152587891,4.215000152587891
2025-11-28T15:56:00Z,4.215000152587891,4.21999979019165,4.210000038146973,4.215000152587891,4.215000152587891,20201.0,4.215000152587891,4.21999979019165,4.210000038146973,4.215000152587891
2025-11-28T15:57:00Z,4.21999979019165,4.224999904632568,4.21120023727417,4.215000152587891,4.215000152587891,87397.0,4.21999979019165,4.224999904632568,4.21120023727417,4.215000152587891
2025-11-28T15:58:00Z,4.215000152587891,4.21999979019165,4.210000038146973,4.210100173950195,4.210100173950195,20564.0,4.215000152587891,4.21999979019165,4.210000038146973,4.210100173950195
2025-11-28T15:59:00Z,4.210000038146973,4.218900203704834,4.210000038146973,4.210100173950195,4.210100173950195,64030.0,4.210000038146973,4.218900203704834,4.210000038146973,4.210100173950195
2025-11-28T16:00:00Z,4.210100173950195,4.21999979019165,4.210000038146973,4.215000152587891,4.215000152587891,32490.0,4.210100173950195,4.21999979019165,4.210000038146973,4.215000152587891
2025-11-28T16:01:00Z,4.215000152587891,4.215000152587891,4.210000038146973,4.215000152587891,4.215000152587891,18521.0,4.215000152587891,4.215000152587891,4.210000038146973,4.215000152587891
2025-11-28T16:02:00Z,4.210000038146973,4.21999979019165,4.204999923706055,4.215000152587891,4.215000152587891,28868.0,4.210000038146973,4.21999979019165,4.204999923706055,4.215000152587891
2025-11-28T16:03:00Z,4.215000152587891,4.215099811553955,4.210000038146973,4.215099811553955,4.215099811553955,4710.0,4.215000152587891,4.215099811553955,4.210000038146973,4.215099811553955
2025-11-28T16:04:00Z,4.215000152587891,4.215000152587891,4.215000152587891,4.215000152587891,4.215000152587891,8864.0,4.215000152587891,4.215000152587891,4.215000152587891,4.215000152587891
2025-11-28T16:05:00Z,4.219900131225586,4.21999979019165,4.213500022888184,4.213500022888184,4.213500022888184,3730.0,4.219900131225586,4.21999979019165,4.213500022888184,4.213500022888184
2025-11-28T16:06:00Z,4.213600158691406,4.21999979019165,4.213600158691406,4.21999979019165,4.21999979019165,6182.0,4.213600158691406,4.21999979019165,4.213600158691406,4.21999979019165
2025-11-28T16:07:00Z,4.21999979019165,4.230000019073486,4.21999979019165,4.226500034332275,4.226500034332275,26370.0,4.21999979019165,4.230000019073486,4.21999979019165,4.226500034332275
2025-11-28T16:08:00Z,4.224999904632568,4.230000019073486,4.21999979019165,4.224999904632568,4.224999904632568,8773.0,4.224999904632568,4.230000019073486,4.21999979019165,4.224999904632568
2025-11-28T16:09:00Z,4.224999904632568,4.230000019073486,4.224999904632568,4.229300022125244,4.229300022125244,7780.0,4.224999904632568,4.230000019073486,4.224999904632568,4.229300022125244
2025-11-28T16:10:00Z,4.226500034332275,4.230000019073486,4.220099925994873,4.230000019073486,4.230000019073486,5370.0,4.226500034332275,4.230000019073486,4.220099925994873,4.230000019073486
2025-11-28T16:11:00Z,4.224999904632568,4.230000019073486,4.224999904632568,4.230000019073486,4.230000019073486,61370.0,4.224999904632568,4.230000019073486,4.224999904632568,4.230000019073486
2025-11-28T16:12:00Z,4.229899883270264,4.235000133514404,4.2241997718811035,4.224999904632568,4.224999904632568,57932.0,4.229899883270264,4.235000133514404,4.2241997718811035,4.224999904632568
2025-11-28T16:13:00Z,4.230000019073486,4.230000019073486,4.224999904632568,4.224999904632568,4.224999904632568,11971.0,4.230000019073486,4.230000019073486,4.224999904632568,4.224999904632568
2025-11-28T16:14:00Z,4.224999904632568,4.230000019073486,4.21999979019165,4.224999904632568,4.224999904632568,2073.0,4.224999904632568,4.230000019073486,4.21999979019165,4.224999904632568
2025-11-28T16:15:00Z,4.224999904632568,4.230000019073486,4.224999904632568,4.224999904632568,4.224999904632568,4411.0,4.224999904632568,4.230000019073486,4.224999904632568,4.224999904632568
2025-11-28T16:16:00Z,4.230000019073486,4.230000019073486,4.224999904632568,4.224999904632568,4.224999904632568,1152457.0,4.230000019073486,4.230000019073486,4.224999904632568,4.224999904632568
2025-11-28T16:18:00Z,4.224999904632568,4.230000019073486,4.21999979019165,4.224999904632568,4.224999904632568,12739.0,4.224999904632568,4.230000019073486,4.21999979019165,4.224999904632568
2025-11-28T16:19:00Z,4.224999904632568,4.230000019073486,4.224999904632568,4.224999904632568,4.224999904632568,10988.0,4.224999904632568,4.230000019073486,4.224999904632568,4.224999904632568
2025-11-28T16:20:00Z,4.224999904632568,4.230000019073486,4.21999979019165,4.228600025177002,4.228600025177002,6670.0,4.224999904632568,4.230000019073486,4.21999979019165,4.228600025177002
2025-11-28T16:21:00Z,4.224999904632568,4.230000019073486,4.21999979019165,4.230000019073486,4.230000019073486,1171137.0,4.224999904632568,4.230000019073486,4.21999979019165,4.230000019073486
2025-11-28T16:22:00Z,4.227099895477295,4.230000019073486,4.210000038146973,4.210000038146973,4.210000038146973,64855.0,4.227099895477295,4.230000019073486,4.210000038146973,4.210000038146973
2025-11-28T16:24:00Z,4.215000152587891,4.21999979019165,4.210000038146973,4.215000152587891,4.215000152587891,6708.0,4.215000152587891,4.21999979019165,4.210000038146973,4.215000152587891
2025-11-28T16:25:00Z,4.21999979019165,4.224999904632568,4.21999979019165,4.224999904632568,4.224999904632568,26868.0,4.21999979019165,4.224999904632568,4.21999979019165,4.224999904632568
2025-11-28T16:26:00Z,4.223299980163574,4.230000019073486,4.223299980163574,4.224999904632568,4.224999904632568,2635.0,4.223299980163574,4.230000019073486,4.223299980163574,4.224999904632568
2025-11-28T16:27:00Z,4.224999904632568,4.224999904632568,4.215000152587891,4.219900131225586,4.219900131225586,14362.0,4.224999904632568,4.224999904632568,4.215000152587891,4.219900131225586
2025-11-28T16:28:00Z,4.21999979019165,4.21999979019165,4.215000152587891,4.215000152587891,4.215000152587891,4398.0,4.21999979019165,4.21999979019165,4.215000152587891,4.215000152587891
2025-11-28T16:29:00Z,4.21999979019165,4.230000019073486,4.21999979019165,4.224999904632568,4.224999904632568,15202.0,4.21999979019165,4.230000019073486,4.21999979019165,4.224999904632568
2025-11-28T16:30:00Z,4.21999979019165,4.21999979019165,4.210000038146973,4.215000152587891,4.215000152587891,11613.0,4.21999979019165,4.21999979019165,4.210000038146973,4.215000152587891
2025-11-28T16:31:00Z,4.215000152587891,4.215000152587891,4.215000152587891,4.215000152587891,4.215000152587891,1981.0,4.215000152587891,4.215000152587891,4.215000152587891,4.215000152587891
2025-11-28T16:32:00Z,4.21999979019165,4.224999904632568,4.210000038146973,4.224999904632568,4.224999904632568,10966.0,4.21999979019165,4.224999904632568,4.210000038146973,4.224999904632568
2025-11-28T16:33:00Z,4.223999977111816,4.230000019073486,4.21999979019165,4.229100227355957,4.229100227355957,20293.0,4.223999977111816,4.230000019073486,4.21999979019165,4.229100227355957
2025-11-28T16:34:00Z,4.224999904632568,4.230000019073486,4.224699974060059,4.224999904632568,4.224999904632568,27959.0,4.224999904632568,4.230000019073486,4.224699974060059,4.224999904632568
2025-11-28T16:35:00Z,4.21999979019165,4.230000019073486,4.21999979019165,4.224999904632568,4.224999904632568,4199.0,4.21999979019165,4.230000019073486,4.21999979019165,4.224999904632568
2025-11-28T16:36:00Z,4.230000019073486,4.230000019073486,4.224999904632568,4.224999904632568,4.224999904632568,11114.0,4.230000019073486,4.230000019073486,4.224999904632568,4.224999904632568
2025-11-28T16:37:00Z,4.225100040435791,4.225599765777588,4.224999904632568,4.224999904632568,4.224999904632568,9742.0,4.225100040435791,4.225599765777588,4.224999904632568,4.224999904632568
2025-11-28T16:38:00Z,4.224999904632568,4.224999904632568,4.21019983291626,4.215000152587891,4.215000152587891,18437.0,4.224999904632568,4.224999904632568,4.21019983291626,4.215000152587891
2025-11-28T16:39:00Z,4.215700149536133,4.219900131225586,4.215000152587891,4.215000152587891,4.215000152587891,9962.0,4.215700149536133,4.219900131225586,4.215000152587891,4.215000152587891
2025-11-28T16:40:00Z,4.215000152587891,4.21999979019165,4.215000152587891,4.21999979019165,4.21999979019165,5546.0,4.215000152587891,4.21999979019165,4.215000152587891,4.21999979019165
2025-11-28T16:41:00Z,4.21999979019165,4.21999979019165,4.210000038146973,4.213500022888184,4.213500022888184,6328.0,4.21999979019165,4.21999979019165,4.210000038146973,4.213500022888184
2025-11-28T16:42:00Z,4.215000152587891,4.21999979019165,4.210000038146973,4.219900131225586,4.219900131225586,14128.0,4.215000152587891,4.21999979019165,4.210000038146973,4.219900131225586
2025-11-28T16:43:00Z,4.21999979019165,4.21999979019165,4.215000152587891,4.215000152587891,4.215000152587891,3814.0,4.21999979019165,4.21999979019165,4.215000152587891,4.215000152587891
2025-11-28T16:44:00Z,4.216400146484375,4.21999979019165,4.214900016784668,4.21999979019165,4.21999979019165,5550.0,4.216400146484375,4.21999979019165,4.214900016784668,4.21999979019165
2025-11-28T16:45:00Z,4.21999979019165,4.230000019073486,4.215000152587891,4.230000019073486,4.230000019073486,32063.0,4.21999979019165,4.230000019073486,4.215000152587891,4.230000019073486
2025-11-28T16:46:00Z,4.224999904632568,4.224999904632568,4.224899768829346,4.224999904632568,4.224999904632568,6721.0,4.224999904632568,4.224999904632568,4.224899768829346,4.224999904632568
2025-11-28T16:47:00Z,4.230000019073486,4.230000019073486,4.224999904632568,4.224999904632568,4.224999904632568,2280.0,4.230000019073486,4.230000019073486,4.224999904632568,4.224999904632568
2025-11-28T16:48:00Z,4.224999904632568,4.230000019073486,4.220099925994873,4.230000019073486,4.230000019073486,9443.0,4.224999904632568,4.230000019073486,4.220099925994873,4.230000019073486
2025-11-28T16:49:00Z,4.230000019073486,4.230000019073486,4.224999904632568,4.224999904632568,4.224999904632568,5312.0,4.230000019073486,4.230000019073486,4.224999904632568,4.224999904632568
2025-11-28T16:50:00Z,4.224999904632568,4.230000019073486,4.224999904632568,4.226200103759766,4.226200103759766,6022.0,4.224999904632568,4.230000019073486,4.224999904632568,4.226200103759766
2025-11-28T16:51:00Z,4.230000019073486,4.230000019073486,4.224999904632568,4.230000019073486,4.230000019073486,2491.0,4.230000019073486,4.230000019073486,4.224999904632568,4.230000019073486
2025-11-28T16:52:00Z,4.224999904632568,4.239999771118164,4.224999904632568,4.224999904632568,4.224999904632568,141715.0,4.224999904632568,4.239999771118164,4.224999904632568,4.224999904632568
2025-11-28T16:53:00Z,4.230000019073486,4.230000019073486,4.224999904632568,4.224999904632568,4.224999904632568,21228.0,4.230000019073486,4.230000019073486,4.224999904632568,4.224999904632568
2025-11-28T16:54:00Z,4.224999904632568,4.224999904632568,4.21999979019165,4.224999904632568,4.224999904632568,4972.0,4.224999904632568,4.224999904632568,4.21999979019165,4.224999904632568
2025-11-28T16:55:00Z,4.224999904632568,4.224999904632568,4.215000152587891,4.215000152587891,4.215000152587891,18242.0,4.224999904632568,4.224999904632568,4.215000152587891,4.215000152587891
2025-11-28T16:56:00Z,4.21999979019165,4.21999979019165,4.215000152587891,4.215000152587891,4.215000152587891,3427.0,4.21999979019165,4.21999979019165,4.215000152587891,4.215000152587891
2025-11-28T16:57:00Z,4.219900131225586,4.219900131225586,4.210000038146973,4.215000152587891,4.215000152587891,2504.0,4.219900131225586,4.219900131225586,4.210000038146973,4.215000152587891
2025-11-28T16:58:00Z,4.215000152587891,4.215799808502197,4.215000152587891,4.215799808502197,4.215799808502197,1412.0,4.215000152587891,4.215799808502197,4.215000152587891,4.215799808502197
2025-11-28T16:59:00Z,4.210000038146973,4.215000152587891,4.210000038146973,4.215000152587891,4.215000152587891,686.0,4.210000038146973,4.215000152587891,4.210000038146973,4.215000152587891
2025-11-28T17:00:00Z,4.215000152587891,4.21999979019165,4.204999923706055,4.204999923706055,4.204999923706055,8653.0,4.215000152587891,4.21999979019165,4.204999923706055,4.204999923706055
2025-11-28T17:01:00Z,4.199999809265137,4.20989990234375,4.190100193023682,4.195000171661377,4.195000171661377,35975.0,4.199999809265137,4.20989990234375,4.190100193023682,4.195000171661377
2025-11-28T17:02:00Z,4.198800086975098,4.210000038146973,4.198800086975098,4.20989990234375,4.20989990234375,17334.0,4.198800086975098,4.210000038146973,4.198800086975098,4.20989990234375
2025-11-28T17:03:00Z,4.204999923706055,4.204999923706055,4.204999923706055,4.204999923706055,4.204999923706055,5022.0,4.204999923706055,4.204999923706055,4.204999923706055,4.204999923706055
2025-11-28T17:04:00Z,4.204999923706055,4.206699848175049,4.204999923706055,4.204999923706055,4.204999923706055,8871.0,4.204999923706055,4.206699848175049,4.204999923706055,4.204999923706055
2025-11-28T17:05:00Z,4.210000038146973,4.21999979019165,4.204999923706055,4.215000152587891,4.215000152587891,34051.0,4.210000038146973,4.21999979019165,4.204999923706055,4.215000152587891
2025-11-28T17:06:00Z,4.215000152587891,4.217100143432617,4.215000152587891,4.215000152587891,4.215000152587891,4094.0,4.215000152587891,4.217100143432617,4.215000152587891,4.215000152587891
2025-11-28T17:07:00Z,4.215000152587891,4.215000152587891,4.210000038146973,4.210000038146973,4.210000038146973,3662.0,4.215000152587891,4.215000152587891,4.210000038146973,4.210000038146973
2025-11-28T17:08:00Z,4.215000152587891,4.21999979019165,4.213600158691406,4.215000152587891,4.215000152587891,3500.0,4.215000152587891,4.21999979019165,4.213600158691406,4.215000152587891
2025-11-28T17:09:00Z,4.215000152587891,4.21999979019165,4.210000038146973,4.21999979019165,4.21999979019165,10450.0,4.215000152587891,4.21999979019165,4.210000038146973,4.21999979019165
2025-11-28T17:10:00Z,4.215000152587891,4.21999979019165,4.210000038146973,4.21999979019165,4.21999979019165,2815.0,4.215000152587891,4.21999979019165,4.210000038146973,4.21999979019165
2025-11-28T17:11:00Z,4.215000152587891,4.21999979019165,4.210000038146973,4.21999979019165,4.21999979019165,7638.0,4.215000152587891,4.21999979019165,4.210000038146973,4.21999979019165
2025-11-28T17:12:00Z,4.215000152587891,4.21999979019165,4.215000152587891,4.215000152587891,4.215000152587891,6378.0,4.215000152587891,4.21999979019165,4.215000152587891,4.215000152587891
2025-11-28T17:13:00Z,4.21999979019165,4.21999979019165,4.210000038146973,4.21999979019165,4.21999979019165,4591.0,4.21999979019165,4.21999979019165,4.210000038146973,4.21999979019165
2025-11-28T17:14:00Z,4.219900131225586,4.21999979019165,4.210000038146973,4.215000152587891,4.215000152587891,6143.0,4.219900131225586,4.21999979019165,4.210000038146973,4.215000152587891
2025-11-28T17:15:00Z,4.215000152587891,4.21999979019165,4.215000152587891,4.21999979019165,4.21999979019165,5039.0,4.215000152587891,4.21999979019165,4.215000152587891,4.21999979019165
2025-11-28T17:16:00Z,4.21999979019165,4.21999979019165,4.210000038146973,4.210000038146973,4.210000038146973,9632.0,4.21999979019165,4.21999979019165,4.210000038146973,4.210000038146973
2025-11-28T17:17:00Z,4.215000152587891,4.215000152587891,4.210000038146973,4.210000038146973,4.210000038146973,6552.0,4.215000152587891,4.215000152587891,4.210000038146973,4.210000038146973
2025-11-28T17:18:00Z,4.215000152587891,4.2153000831604,4.210100173950195,4.215000152587891,4.215000152587891,7116.0,4.215000152587891,4.2153000831604,4.210100173950195,4.215000152587891
2025-11-28T17:19:00Z,4.215000152587891,4.219900131225586,4.210000038146973,4.215000152587891,4.215000152587891,8701.0,4.215000152587891,4.219900131225586,4.210000038146973,4.215000152587891
2025-11-28T17:20:00Z,4.2129998207092285,4.215000152587891,4.20359992980957,4.204999923706055,4.204999923706055,9964.0,4.2129998207092285,4.215000152587891,4.20359992980957,4.204999923706055
2025-11-28T17:21:00Z,4.204999923706055,4.20989990234375,4.199999809265137,4.199999809265137,4.199999809265137,11631.0,4.204999923706055,4.20989990234375,4.199999809265137,4.199999809265137
2025-11-28T17:22:00Z,4.204999923706055,4.210000038146973,4.199999809265137,4.2083001136779785,4.2083001136779785,7151.0,4.204999923706055,4.210000038146973,4.199999809265137,4.2083001136779785
2025-11-28T17:23:00Z,4.204999923706055,4.208000183105469,4.204999923706055,4.204999923706055,4.204999923706055,194017.0,4.204999923706055,4.208000183105469,4.204999923706055,4.204999923706055
2025-11-28T17:24:00Z,4.204999923706055,4.204999923706055,4.199999809265137,4.200099945068359,4.200099945068359,6728.0,4.204999923706055,4.204999923706055,4.199999809265137,4.200099945068359
2025-11-28T17:25:00Z,4.204999923706055,4.210000038146973,4.204999923706055,4.210000038146973,4.210000038146973,8848.0,4.204999923706055,4.210000038146973,4.204999923706055,4.210000038146973
2025-11-28T17:26:00Z,4.204999923706055,4.215000152587891,4.199999809265137,4.211900234222412,4.211900234222412,14333.0,4.204999923706055,4.215000152587891,4.199999809265137,4.211900234222412
2025-11-28T17:27:00Z,4.215000152587891,4.215000152587891,4.210000038146973,4.215000152587891,4.215000152587891,6125.0,4.215000152587891,4.215000152587891,4.210000038146973,4.215000152587891
2025-11-28T17:28:00Z,4.215000152587891,4.21999979019165,4.210000038146973,4.215000152587891,4.215000152587891,2845.0,4.215000152587891,4.21999979019165,4.210000038146973,4.215000152587891
2025-11-28T17:29:00Z,4.215000152587891,4.21999979019165,4.210000038146973,4.215000152587891,4.215000152587891,3287.0,4.215000152587891,4.21999979019165,4.210000038146973,4.215000152587891
2025-11-28T17:30:00Z,4.215000152587891,4.215700149536133,4.204899787902832,4.215000152587891,4.215000152587891,47571.0,4.215000152587891,4.215700149536133,4.204899787902832,4.215000152587891
2025-11-28T17:31:00Z,4.215000152587891,4.21999979019165,4.2144999504089355,4.215000152587891,4.215000152587891,7486.0,4.215000152587891,4.21999979019165,4.2144999504089355,4.215000152587891
2025-11-28T17:32:00Z,4.215000152587891,4.215000152587891,4.210100173950195,4.215000152587891,4.215000152587891,3427.0,4.215000152587891,4.215000152587891,4.210100173950195,4.215000152587891
2025-11-28T17:33:00Z,4.215000152587891,4.215000152587891,4.199999809265137,4.199999809265137,4.199999809265137,11799.0,4.215000152587891,4.215000152587891,4.199999809265137,4.199999809265137
2025-11-28T17:34:00Z,4.199999809265137,4.204999923706055,4.199999809265137,4.204999923706055,4.204999923706055,12795.0,4.199999809265137,4.204999923706055,4.199999809265137,4.204999923706055
2025-11-28T17:35:00Z,4.204999923706055,4.20989990234375,4.199999809265137,4.204999923706055,4.204999923706055,17720.0,4.204999923706055,4.20989990234375,4.199999809265137,4.204999923706055
2025-11-28T17:36:00Z,4.204999923706055,4.20989990234375,4.199999809265137,4.199999809265137,4.199999809265137,4316.0,4.204999923706055,4.20989990234375,4.199999809265137,4.199999809265137
2025-11-28T17:37:00Z,4.204999923706055,4.204999923706055,4.199999809265137,4.204999923706055,4.204999923706055,4941.0,4.204999923706055,4.204999923706055,4.199999809265137,4.204999923706055
2025-11-28T17:38:00Z,4.210000038146973,4.21999979019165,4.204999923706055,4.215000152587891,4.215000152587891,40424.0,4.210000038146973,4.21999979019165,4.204999923706055,4.215000152587891
2025-11-28T17:39:00Z,4.215000152587891,4.21999979019165,4.210000038146973,4.215000152587891,4.215000152587891,4745.0,4.215000152587891,4.21999979019165,4.210000038146973,4.215000152587891
2025-11-28T17:40:00Z,4.21999979019165,4.21999979019165,4.210000038146973,4.215000152587891,4.215000152587891,8522.0,4.21999979019165,4.21999979019165,4.210000038146973,4.215000152587891
2025-11-28T17:41:00Z,4.215000152587891,4.21999979019165,4.210000038146973,4.215000152587891,4.215000152587891,8768.0,4.215000152587891,4.21999979019165,4.210000038146973,4.215000152587891
2025-11-28T17:42:00Z,4.215000152587891,4.21999979019165,4.210000038146973,4.219900131225586,4.219900131225586,5190.0,4.215000152587891,4.21999979019165,4.210000038146973,4.219900131225586
2025-11-28T17:43:00Z,4.215000152587891,4.21999979019165,4.210000038146973,4.215000152587891,4.215000152587891,5738.0,4.215000152587891,4.21999979019165,4.210000038146973,4.215000152587891
2025-11-28T17:44:00Z,4.215000152587891,4.21999979019165,4.210000038146973,4.215000152587891,4.215000152587891,9959.0,4.215000152587891,4.21999979019165,4.210000038146973,4.215000152587891
2025-11-28T17:45:00Z,4.215000152587891,4.21999979019165,4.210000038146973,4.215000152587891,4.215000152587891,7396.0,4.215000152587891,4.21999979019165,4.210000038146973,4.215000152587891
2025-11-28T17:46:00Z,4.215000152587891,4.216700077056885,4.210000038146973,4.215000152587891,4.215000152587891,17994.0,4.215000152587891,4.216700077056885,4.210000038146973,4.215000152587891
2025-11-28T17:47:00Z,4.215000152587891,4.215000152587891,4.204999923706055,4.204999923706055,4.204999923706055,28725.0,4.215000152587891,4.215000152587891,4.204999923706055,4.204999923706055
2025-11-28T17:48:00Z,4.204999923706055,4.204999923706055,4.199999809265137,4.204100131988525,4.204100131988525,14252.0,4.204999923706055,4.204999923706055,4.199999809265137,4.204100131988525
2025-11-28T17:49:00Z,4.204999923706055,4.210000038146973,4.199999809265137,4.204999923706055,4.204999923706055,6230.0,4.204999923706055,4.210000038146973,4.199999809265137,4.204999923706055
2025-11-28T17:50:00Z,4.199999809265137,4.204999923706055,4.190000057220459,4.190000057220459,4.190000057220459,77935.0,4.199999809265137,4.204999923706055,4.190000057220459,4.190000057220459
2025-11-28T17:51:00Z,4.190100193023682,4.195400238037109,4.190000057220459,4.195000171661377,4.195000171661377,13877.0,4.190100193023682,4.195400238037109,4.190000057220459,4.195000171661377
2025-11-28T17:52:00Z,4.195000171661377,4.195000171661377,4.190000057220459,4.195000171661377,4.195000171661377,7857.0,4.195000171661377,4.195000171661377,4.190000057220459,4.195000171661377
2025-11-28T17:53:00Z,4.190000057220459,4.199999809265137,4.179999828338623,4.184999942779541,4.184999942779541,26440.0,4.190000057220459,4.199999809265137,4.179999828338623,4.184999942779541
2025-11-28T17:54:00Z,4.184999942779541,4.195000171661377,4.179999828338623,4.195000171661377,4.195000171661377,72595.0,4.184999942779541,4.195000171661377,4.179999828338623,4.195000171661377
2025-11-28T17:55:00Z,4.195000171661377,4.195000171661377,4.150000095367432,4.164999961853027,4.164999961853027,125275.0,4.195000171661377,4.195000171661377,4.150000095367432,4.164999961853027
2025-11-28T17:56:00Z,4.170000076293945,4.179999828338623,4.170000076293945,4.175000190734863,4.175000190734863,62553.0,4.170000076293945,4.179999828338623,4.170000076293945,4.175000190734863
2025-11-28T17:57:00Z,4.179999828338623,4.179999828338623,4.170000076293945,4.175000190734863,4.175000190734863,127603.0,4.179999828338623,4.179999828338623,4.170000076293945,4.175000190734863
2025-11-28T17:58:00Z,4.179999828338623,4.199999809265137,4.179999828338623,4.199999809265137,4.199999809265137,148399.0,4.179999828338623,4.199999809265137,4.179999828338623,4.199999809265137
2025-11-28T17:59:00Z,4.195000171661377,4.210000038146973,4.190000057220459,4.210000038146973,4.210000038146973,359280.0,4.195000171661377,4.210000038146973,4.190000057220459,4.210000038146973
2025-12-01T14:33:00Z,4.050000190734863,4.059999942779541,4.050000190734863,4.054999828338623,4.054999828338623,10476.0,4.050000190734863,4.059999942779541,4.050000190734863,4.054999828338623
2025-12-01T14:34:00Z,4.051799774169922,4.06820011138916,4.050000190734863,4.06820011138916,4.06820011138916,19447.0,4.051799774169922,4.06820011138916,4.050000190734863,4.06820011138916
2025-12-01T14:35:00Z,4.070000171661377,4.070000171661377,4.054999828338623,4.054999828338623,4.054999828338623,10269.0,4.070000171661377,4.070000171661377,4.054999828338623,4.054999828338623
2025-12-01T14:36:00Z,4.059999942779541,4.070000171661377,4.050000190734863,4.063000202178955,4.063000202178955,11553.0,4.059999942779541,4.070000171661377,4.050000190734863,4.063000202178955
2025-12-01T14:37:00Z,4.066500186920166,4.070000171661377,4.059999942779541,4.070000171661377,4.070000171661377,12161.0,4.066500186920166,4.070000171661377,4.059999942779541,4.070000171661377
2025-12-01T14:38:00Z,4.069699764251709,4.070000171661377,4.050099849700928,4.050300121307373,4.050300121307373,38947.0,4.069699764251709,4.070000171661377,4.050099849700928,4.050300121307373
2025-12-01T14:39:00Z,4.054999828338623,4.059999942779541,4.050000190734863,4.050000190734863,4.050000190734863,13004.0,4.054999828338623,4.059999942779541,4.050000190734863,4.050000190734863
2025-12-01T14:40:00Z,4.050000190734863,4.070000171661377,4.050000190734863,4.065000057220459,4.065000057220459,19229.0,4.050000190734863,4.070000171661377,4.050000190734863,4.065000057220459
2025-12-01T14:41:00Z,4.070000171661377,4.074999809265137,4.065000057220459,4.074999809265137,4.074999809265137,14804.0,4.070000171661377,4.074999809265137,4.065000057220459,4.074999809265137
2025-12-01T14:42:00Z,4.074999809265137,4.085000038146973,4.074999809265137,4.085000038146973,4.085000038146973,14292.0,4.074999809265137,4.085000038146973,4.074999809265137,4.085000038146973
2025-12-01T14:43:00Z,4.085000038146973,4.090000152587891,4.085000038146973,4.085000038146973,4.085000038146973,11822.0,4.085000038146973,4.090000152587891,4.085000038146973,4.085000038146973
2025-12-01T14:44:00Z,4.085000038146973,4.090000152587891,4.085000038146973,4.085000038146973,4.085000038146973,8295.0,4.085000038146973,4.090000152587891,4.085000038146973,4.085000038146973
2025-12-01T14:45:00Z,4.085000038146973,4.090000152587891,4.079999923706055,4.088399887084961,4.088399887084961,17010.0,4.085000038146973,4.090000152587891,4.079999923706055,4.088399887084961
2025-12-01T14:46:00Z,4.090000152587891,4.09499979019165,4.084799766540527,4.09499979019165,4.09499979019165,7753.0,4.090000152587891,4.09499979019165,4.084799766540527,4.09499979019165
2025-12-01T14:47:00Z,4.09630012512207,4.110000133514404,4.09630012512207,4.105000019073486,4.105000019073486,11952.0,4.09630012512207,4.110000133514404,4.09630012512207,4.105000019073486
2025-12-01T14:48:00Z,4.110000133514404,4.110000133514404,4.090000152587891,4.099999904632568,4.099999904632568,21261.0,4.110000133514404,4.110000133514404,4.090000152587891,4.099999904632568
2025-12-01T14:49:00Z,4.102799892425537,4.105400085449219,4.099999904632568,4.105000019073486,4.105000019073486,4384.0,4.102799892425537,4.105400085449219,4.099999904632568,4.105000019073486
2025-12-01T14:50:00Z,4.105000019073486,4.119999885559082,4.105000019073486,4.119999885559082,4.119999885559082,16320.0,4.105000019073486,4.119999885559082,4.105000019073486,4.119999885559082
2025-12-01T14:51:00Z,4.113900184631348,4.119900226593018,4.110000133514404,4.114999771118164,4.114999771118164,4116.0,4.113900184631348,4.119900226593018,4.110000133514404,4.114999771118164
2025-12-01T14:52:00Z,4.114999771118164,4.119699954986572,4.112599849700928,4.119699954986572,4.119699954986572,5457.0,4.114999771118164,4.119699954986572,4.112599849700928,4.119699954986572
2025-12-01T14:53:00Z,4.114999771118164,4.119999885559082,4.110000133514404,4.114999771118164,4.114999771118164,13532.0,4.114999771118164,4.119999885559082,4.110000133514404,4.114999771118164
2025-12-01T14:54:00Z,4.110000133514404,4.119999885559082,4.104499816894531,4.105000019073486,4.105000019073486,12962.0,4.110000133514404,4.119999885559082,4.104499816894531,4.105000019073486
2025-12-01T14:55:00Z,4.108500003814697,4.118599891662598,4.105000019073486,4.114999771118164,4.114999771118164,22835.0,4.108500003814697,4.118599891662598,4.105000019073486,4.114999771118164
2025-12-01T14:56:00Z,4.114999771118164,4.119800090789795,4.114999771118164,4.114999771118164,4.114999771118164,16043.0,4.114999771118164,4.119800090789795,4.114999771118164,4.114999771118164
2025-12-01T14:57:00Z,4.119800090789795,4.119999885559082,4.114799976348877,4.114999771118164,4.114999771118164,13803.0,4.119800090789795,4.119999885559082,4.114799976348877,4.114999771118164
2025-12-01T14:58:00Z,4.114999771118164,4.114999771118164,4.110000133514404,4.110000133514404,4.110000133514404,4344.0,4.114999771118164,4.114999771118164,4.110000133514404,4.110000133514404
2025-12-01T14:59:00Z,4.110000133514404,4.110000133514404,4.099999904632568,4.099999904632568,4.099999904632568,30763.0,4.110000133514404,4.110000133514404,4.099999904632568,4.099999904632568
2025-12-01T15:00:00Z,4.110000133514404,4.114999771118164,4.099999904632568,4.110000133514404,4.110000133514404,50472.0,4.110000133514404,4.114999771118164,4.099999904632568,4.110000133514404
2025-12-01T15:01:00Z,4.114999771118164,4.114999771118164,4.105000019073486,4.105000019073486,4.105000019073486,28209.0,4.114999771118164,4.114999771118164,4.105000019073486,4.105000019073486
2025-12-01T15:02:00Z,4.105100154876709,4.1097002029418945,4.101099967956543,4.105000019073486,4.105000019073486,12490.0,4.105100154876709,4.1097002029418945,4.101099967956543,4.105000019073486
2025-12-01T15:03:00Z,4.103499889373779,4.105500221252441,4.099999904632568,4.105000019073486,4.105000019073486,1952.0,4.103499889373779,4.105500221252441,4.099999904632568,4.105000019073486
2025-12-01T15:04:00Z,4.099999904632568,4.109899997711182,4.099999904632568,4.105000019073486,4.105000019073486,1721.0,4.099999904632568,4.109899997711182,4.099999904632568,4.105000019073486
2025-12-01T15:05:00Z,4.099999904632568,4.105000019073486,4.09499979019165,4.099999904632568,4.099999904632568,12438.0,4.099999904632568,4.105000019073486,4.09499979019165,4.099999904632568
2025-12-01T15:06:00Z,4.09499979019165,4.09499979019165,4.085000038146973,4.085000038146973,4.085000038146973,13465.0,4.09499979019165,4.09499979019165,4.085000038146973,4.085000038146973
2025-12-01T15:07:00Z,4.085000038146973,4.090000152587891,4.079999923706055,4.085000038146973,4.085000038146973,18145.0,4.085000038146973,4.090000152587891,4.079999923706055,4.085000038146973
2025-12-01T15:08:00Z,4.085000038146973,4.085000038146973,4.079999923706055,4.080100059509277,4.080100059509277,3246.0,4.085000038146973,4.085000038146973,4.079999923706055,4.080100059509277
2025-12-01T15:09:00Z,4.089900016784668,4.099899768829346,4.074999809265137,4.09499979019165,4.09499979019165,41880.0,4.089900016784668,4.099899768829346,4.074999809265137,4.09499979019165
2025-12-01T15:10:00Z,4.09499979019165,4.09499979019165,4.090000152587891,4.09499979019165,4.09499979019165,4508.0,4.09499979019165,4.09499979019165,4.090000152587891,4.09499979019165
2025-12-01T15:11:00Z,4.09499979019165,4.098800182342529,4.09499979019165,4.09499979019165,4.09499979019165,2369.0,4.09499979019165,4.098800182342529,4.09499979019165,4.09499979019165
2025-12-01T15:12:00Z,4.090000152587891,4.090000152587891,4.083399772644043,4.085000038146973,4.085000038146973,9795.0,4.090000152587891,4.090000152587891,4.083399772644043,4.085000038146973
2025-12-01T15:13:00Z,4.085000038146973,4.085000038146973,4.079999923706055,4.08489990234375,4.08489990234375,11913.0,4.085000038146973,4.085000038146973,4.079999923706055,4.08489990234375
2025-12-01T15:14:00Z,4.083700180053711,4.083700180053711,4.059999942779541,4.064599990844727,4.064599990844727,28946.0,4.083700180053711,4.083700180053711,4.059999942779541,4.064599990844727
2025-12-01T15:15:00Z,4.059999942779541,4.059999942779541,4.050000190734863,4.054999828338623,4.054999828338623,38270.0,4.059999942779541,4.059999942779541,4.050000190734863,4.054999828338623
2025-12-01T15:16:00Z,4.050000190734863,4.059899806976318,4.050000190734863,4.059899806976318,4.059899806976318,17333.0,4.050000190734863,4.059899806976318,4.050000190734863,4.059899806976318
2025-12-01T15:17:00Z,4.050000190734863,4.054999828338623,4.050000190734863,4.051400184631348,4.051400184631348,6421.0,4.050000190734863,4.054999828338623,4.050000190734863,4.051400184631348
2025-12-01T15:18:00Z,4.054999828338623,4.064499855041504,4.054999828338623,4.064499855041504,4.064499855041504,12817.0,4.054999828338623,4.064499855041504,4.054999828338623,4.064499855041504
2025-12-01T15:19:00Z,4.065100193023682,4.065100193023682,4.059999942779541,4.059999942779541,4.059999942779541,4098.0,4.065100193023682,4.065100193023682,4.059999942779541,4.059999942779541
2025-12-01T15:20:00Z,4.059999942779541,4.059999942779541,4.050000190734863,4.054999828338623,4.054999828338623,13232.0,4.059999942779541,4.059999942779541,4.050000190734863,4.054999828338623
2025-12-01T15:21:00Z,4.050000190734863,4.054999828338623,4.034999847412109,4.034999847412109,4.034999847412109,32775.0,4.050000190734863,4.054999828338623,4.034999847412109,4.034999847412109
2025-12-01T15:22:00Z,4.0335001945495605,4.039999961853027,4.03000020980835,4.034999847412109,4.034999847412109,11441.0,4.0335001945495605,4.039999961853027,4.03000020980835,4.034999847412109
2025-12-01T15:23:00Z,4.031799793243408,4.034999847412109,4.025000095367432,4.034999847412109,4.034999847412109,63637.0,4.031799793243408,4.034999847412109,4.025000095367432,4.034999847412109
2025-12-01T15:24:00Z,4.034999847412109,4.034999847412109,4.03000020980835,4.03000020980835,4.03000020980835,94510.0,4.034999847412109,4.034999847412109,4.03000020980835,4.03000020980835
2025-12-01T15:25:00Z,4.03000020980835,4.034999847412109,4.03000020980835,4.03000020980835,4.03000020980835,9730.0,4.03000020980835,4.034999847412109,4.03000020980835,4.03000020980835
2025-12-01T15:26:00Z,4.031599998474121,4.034999847412109,4.03000020980835,4.0320000648498535,4.0320000648498535,20851.0,4.031599998474121,4.034999847412109,4.03000020980835,4.0320000648498535
2025-12-01T15:27:00Z,4.03000020980835,4.03000020980835,4.020100116729736,4.020100116729736,4.020100116729736,22188.0,4.03000020980835,4.03000020980835,4.020100116729736,4.020100116729736
2025-12-01T15:28:00Z,4.025000095367432,4.029900074005127,4.025000095367432,4.025000095367432,4.025000095367432,26379.0,4.025000095367432,4.029900074005127,4.025000095367432,4.025000095367432
2025-12-01T15:29:00Z,4.019999980926514,4.034999847412109,4.014999866485596,4.025000095367432,4.025000095367432,329451.0,4.019999980926514,4.034999847412109,4.014999866485596,4.025000095367432
2025-12-01T15:30:00Z,4.025000095367432,4.025000095367432,4.019999980926514,4.019999980926514,4.019999980926514,5900.0,4.025000095367432,4.025000095367432,4.019999980926514,4.019999980926514
2025-12-01T15:31:00Z,4.025000095367432,4.039999961853027,4.019999980926514,4.03000020980835,4.03000020980835,51169.0,4.025000095367432,4.039999961853027,4.019999980926514,4.03000020980835
2025-12-01T15:32:00Z,4.039299964904785,4.039299964904785,4.030099868774414,4.036399841308594,4.036399841308594,8958.0,4.039299964904785,4.039299964904785,4.030099868774414,4.036399841308594
2025-12-01T15:33:00Z,4.034999847412109,4.050000190734863,4.034999847412109,4.045000076293945,4.045000076293945,17322.0,4.034999847412109,4.050000190734863,4.034999847412109,4.045000076293945
2025-12-01T15:34:00Z,4.045000076293945,4.045000076293945,4.042600154876709,4.045000076293945,4.045000076293945,2464.0,4.045000076293945,4.045000076293945,4.042600154876709,4.045000076293945
2025-12-01T15:35:00Z,4.045000076293945,4.049699783325195,4.039999961853027,4.045000076293945,4.045000076293945,11211.0,4.045000076293945,4.049699783325195,4.039999961853027,4.045000076293945
2025-12-01T15:36:00Z,4.045000076293945,4.054999828338623,4.045000076293945,4.054999828338623,4.054999828338623,24902.0,4.045000076293945,4.054999828338623,4.045000076293945,4.054999828338623
2025-12-01T15:37:00Z,4.054999828338623,4.059999942779541,4.054999828338623,4.059999942779541,4.059999942779541,3228.0,4.054999828338623,4.059999942779541,4.054999828338623,4.059999942779541
2025-12-01T15:38:00Z,4.054999828338623,4.065000057220459,4.054999828338623,4.059999942779541,4.059999942779541,11171.0,4.054999828338623,4.065000057220459,4.054999828338623,4.059999942779541
2025-12-01T15:39:00Z,4.065000057220459,4.070000171661377,4.061999797821045,4.065000057220459,4.065000057220459,4162.0,4.065000057220459,4.070000171661377,4.061999797821045,4.065000057220459
2025-12-01T15:40:00Z,4.070000171661377,4.070000171661377,4.050000190734863,4.050000190734863,4.050000190734863,58091.0,4.070000171661377,4.070000171661377,4.050000190734863,4.050000190734863
2025-12-01T15:41:00Z,4.054999828338623,4.054999828338623,4.045000076293945,4.045000076293945,4.045000076293945,8791.0,4.054999828338623,4.054999828338623,4.045000076293945,4.045000076293945
2025-12-01T15:42:00Z,4.049900054931641,4.049900054931641,4.039999961853027,4.045000076293945,4.045000076293945,8615.0,4.049900054931641,4.049900054931641,4.039999961853027,4.045000076293945
2025-12-01T15:43:00Z,4.039999961853027,4.049900054931641,4.03000020980835,4.03000020980835,4.03000020980835,10886.0,4.039999961853027,4.049900054931641,4.03000020980835,4.03000020980835
2025-12-01T15:44:00Z,4.034999847412109,4.034999847412109,4.03000020980835,4.03000020980835,4.03000020980835,7326.0,4.034999847412109,4.034999847412109,4.03000020980835,4.03000020980835
2025-12-01T15:45:00Z,4.034999847412109,4.039999961853027,4.03000020980835,4.034999847412109,4.034999847412109,21406.0,4.034999847412109,4.039999961853027,4.03000020980835,4.034999847412109
2025-12-01T15:46:00Z,4.039899826049805,4.039999961853027,4.031700134277344,4.034999847412109,4.034999847412109,10595.0,4.039899826049805,4.039999961853027,4.031700134277344,4.034999847412109
2025-12-01T15:47:00Z,4.03000020980835,4.03000020980835,4.019999980926514,4.025599956512451,4.025599956512451,8408.0,4.03000020980835,4.03000020980835,4.019999980926514,4.025599956512451
2025-12-01T15:48:00Z,4.023499965667725,4.029900074005127,4.019999980926514,4.019999980926514,4.019999980926514,9859.0,4.023499965667725,4.029900074005127,4.019999980926514,4.019999980926514
2025-12-01T15:49:00Z,4.025000095367432,4.034999847412109,4.019999980926514,4.034999847412109,4.034999847412109,22070.0,4.025000095367432,4.034999847412109,4.019999980926514,4.034999847412109
2025-12-01T15:50:00Z,4.039999961853027,4.039999961853027,4.034999847412109,4.039999961853027,4.039999961853027,22612.0,4.039999961853027,4.039999961853027,4.034999847412109,4.039999961853027
2025-12-01T15:51:00Z,4.045000076293945,4.045000076293945,4.045000076293945,4.045000076293945,4.045000076293945,1889.0,4.045000076293945,4.045000076293945,4.045000076293945,4.045000076293945
2025-12-01T15:52:00Z,4.045000076293945,4.050000190734863,4.045000076293945,4.050000190734863,4.050000190734863,14088.0,4.045000076293945,4.050000190734863,4.045000076293945,4.050000190734863
2025-12-01T15:53:00Z,4.045599937438965,4.050000190734863,4.04010009765625,4.042399883270264,4.042399883270264,9378.0,4.045599937438965,4.050000190734863,4.04010009765625,4.042399883270264
2025-12-01T15:54:00Z,4.050000190734863,4.054200172424316,4.045000076293945,4.054200172424316,4.054200172424316,30516.0,4.050000190734863,4.054200172424316,4.045000076293945,4.054200172424316
2025-12-01T15:55:00Z,4.0524001121521,4.059999942779541,4.051400184631348,4.059999942779541,4.059999942779541,10378.0,4.0524001121521,4.059999942779541,4.051400184631348,4.059999942779541
2025-12-01T15:56:00Z,4.054999828338623,4.055300235748291,4.050000190734863,4.050000190734863,4.050000190734863,4112.0,4.054999828338623,4.055300235748291,4.050000190734863,4.050000190734863
2025-12-01T15:57:00Z,4.055099964141846,4.059999942779541,4.050000190734863,4.050000190734863,4.050000190734863,3898.0,4.055099964141846,4.059999942779541,4.050000190734863,4.050000190734863
2025-12-01T15:58:00Z,4.050000190734863,4.054999828338623,4.050000190734863,4.054999828338623,4.054999828338623,3773.0,4.050000190734863,4.054999828338623,4.050000190734863,4.054999828338623
2025-12-01T15:59:00Z,4.054999828338623,4.059899806976318,4.050000190734863,4.055799961090088,4.055799961090088,30475.0,4.054999828338623,4.059899806976318,4.050000190734863,4.055799961090088
2025-12-01T16:00:00Z,4.054999828338623,4.070000171661377,4.054999828338623,4.059999942779541,4.059999942779541,59822.0,4.054999828338623,4.070000171661377,4.054999828338623,4.059999942779541
2025-12-01T16:01:00Z,4.065000057220459,4.065000057220459,4.059999942779541,4.065000057220459,4.065000057220459,3729.0,4.065000057220459,4.065000057220459,4.059999942779541,4.065000057220459
2025-12-01T16:02:00Z,4.065000057220459,4.065000057220459,4.060200214385986,4.065000057220459,4.065000057220459,4022.0,4.065000057220459,4.065000057220459,4.060200214385986,4.065000057220459
2025-12-01T16:03:00Z,4.065000057220459,4.069900035858154,4.065000057220459,4.065000057220459,4.065000057220459,12689.0,4.065000057220459,4.069900035858154,4.065000057220459,4.065000057220459
2025-12-01T16:04:00Z,4.065000057220459,4.065800189971924,4.065000057220459,4.065000057220459,4.065000057220459,7915.0,4.065000057220459,4.065800189971924,4.065000057220459,4.065000057220459
2025-12-01T16:05:00Z,4.068600177764893,4.068600177764893,4.065000057220459,4.065000057220459,4.065000057220459,6105.0,4.068600177764893,4.068600177764893,4.065000057220459,4.065000057220459
2025-12-01T16:06:00Z,4.065000057220459,4.065000057220459,4.059999942779541,4.065000057220459,4.065000057220459,6011.0,4.065000057220459,4.065000057220459,4.059999942779541,4.065000057220459
2025-12-01T16:07:00Z,4.059999942779541,4.059999942779541,4.050000190734863,4.050000190734863,4.050000190734863,18106.0,4.059999942779541,4.059999942779541,4.050000190734863,4.050000190734863
2025-12-01T16:08:00Z,4.050000190734863,4.054999828338623,4.050000190734863,4.050000190734863,4.050000190734863,3961.0,4.050000190734863,4.054999828338623,4.050000190734863,4.050000190734863
2025-12-01T16:09:00Z,4.051199913024902,4.059899806976318,4.050099849700928,4.054500102996826,4.054500102996826,17460.0,4.051199913024902,4.059899806976318,4.050099849700928,4.054500102996826
2025-12-01T16:10:00Z,4.054999828338623,4.059999942779541,4.053500175476074,4.053500175476074,4.053500175476074,9212.0,4.054999828338623,4.059999942779541,4.053500175476074,4.053500175476074
2025-12-01T16:11:00Z,4.050000190734863,4.054999828338623,4.050000190734863,4.054999828338623,4.054999828338623,7512.0,4.050000190734863,4.054999828338623,4.050000190734863,4.054999828338623
2025-12-01T16:12:00Z,4.050000190734863,4.054999828338623,4.039999961853027,4.045000076293945,4.045000076293945,46554.0,4.050000190734863,4.054999828338623,4.039999961853027,4.045000076293945
2025-12-01T16:13:00Z,4.045000076293945,4.050000190734863,4.045000076293945,4.045000076293945,4.045000076293945,13088.0,4.045000076293945,4.050000190734863,4.045000076293945,4.045000076293945
2025-12-01T16:14:00Z,4.045000076293945,4.045000076293945,4.039999961853027,4.045000076293945,4.045000076293945,6088.0,4.045000076293945,4.045000076293945,4.039999961853027,4.045000076293945
2025-12-01T16:15:00Z,4.04010009765625,4.050000190734863,4.039999961853027,4.039999961853027,4.039999961853027,15367.0,4.04010009765625,4.050000190734863,4.039999961853027,4.039999961853027
2025-12-01T16:16:00Z,4.045000076293945,4.050000190734863,4.045000076293945,4.045000076293945,4.045000076293945,10617.0,4.045000076293945,4.050000190734863,4.045000076293945,4.045000076293945
2025-12-01T16:17:00Z,4.045000076293945,4.045000076293945,4.045000076293945,4.045000076293945,4.045000076293945,2890.0,4.045000076293945,4.045000076293945,4.045000076293945,4.045000076293945
2025-12-01T16:18:00Z,4.045000076293945,4.059999942779541,4.045000076293945,4.053400039672852,4.053400039672852,35721.0,4.045000076293945,4.059999942779541,4.045000076293945,4.053400039672852
2025-12-01T16:19:00Z,4.050000190734863,4.054999828338623,4.050000190734863,4.050099849700928,4.050099849700928,6737.0,4.050000190734863,4.054999828338623,4.050000190734863,4.050099849700928
2025-12-01T16:20:00Z,4.054999828338623,4.059999942779541,4.050099849700928,4.056000232696533,4.056000232696533,19800.0,4.054999828338623,4.059999942779541,4.050099849700928,4.056000232696533
2025-12-01T16:21:00Z,4.054999828338623,4.059999942779541,4.054999828338623,4.059999942779541,4.059999942779541,17973.0,4.054999828338623,4.059999942779541,4.054999828338623,4.059999942779541
2025-12-01T16:22:00Z,4.059999942779541,4.059999942779541,4.053299903869629,4.059999942779541,4.059999942779541,16708.0,4.059999942779541,4.059999942779541,4.053299903869629,4.059999942779541
2025-12-01T16:23:00Z,4.054100036621094,4.059999942779541,4.054100036621094,4.054999828338623,4.054999828338623,4316.0,4.054100036621094,4.059999942779541,4.054100036621094,4.054999828338623
2025-12-01T16:24:00Z,4.054999828338623,4.059999942779541,4.053899765014648,4.054999828338623,4.054999828338623,3724.0,4.054999828338623,4.059999942779541,4.053899765014648,4.054999828338623
2025-12-01T16:25:00Z,4.054999828338623,4.059999942779541,4.054999828338623,4.054999828338623,4.054999828338623,50041.0,4.054999828338623,4.059999942779541,4.054999828338623,4.054999828338623
2025-12-01T16:26:00Z,4.059999942779541,4.070000171661377,4.059999942779541,4.065899848937988,4.065899848937988,11254.0,4.059999942779541,4.070000171661377,4.059999942779541,4.065899848937988
2025-12-01T16:27:00Z,4.069900035858154,4.070000171661377,4.059999942779541,4.065000057220459,4.065000057220459,9596.0,4.069900035858154,4.070000171661377,4.059999942779541,4.065000057220459
2025-12-01T16:28:00Z,4.059999942779541,4.065000057220459,4.059999942779541,4.0619001388549805,4.0619001388549805,4932.0,4.059999942779541,4.065000057220459,4.059999942779541,4.0619001388549805
2025-12-01T16:29:00Z,4.065000057220459,4.065000057220459,4.065000057220459,4.065000057220459,4.065000057220459,3367.0,4.065000057220459,4.065000057220459,4.065000057220459,4.065000057220459
2025-12-01T16:30:00Z,4.065000057220459,4.070000171661377,4.065000057220459,4.065000057220459,4.065000057220459,13197.0,4.065000057220459,4.070000171661377,4.065000057220459,4.065000057220459
2025-12-01T16:31:00Z,4.065000057220459,4.074999809265137,4.059999942779541,4.074999809265137,4.074999809265137,36283.0,4.065000057220459,4.074999809265137,4.059999942779541,4.074999809265137
2025-12-01T16:32:00Z,4.070099830627441,4.079999923706055,4.070099830627441,4.079999923706055,4.079999923706055,10481.0,4.070099830627441,4.079999923706055,4.070099830627441,4.079999923706055
2025-12-01T16:33:00Z,4.074999809265137,4.079999923706055,4.070000171661377,4.079999923706055,4.079999923706055,12290.0,4.074999809265137,4.079999923706055,4.070000171661377,4.079999923706055
2025-12-01T16:34:00Z,4.074999809265137,4.079899787902832,4.070000171661377,4.074999809265137,4.074999809265137,6988.0,4.074999809265137,4.079899787902832,4.070000171661377,4.074999809265137
2025-12-01T16:35:00Z,4.079999923706055,4.079999923706055,4.070000171661377,4.076399803161621,4.076399803161621,27302.0,4.079999923706055,4.079999923706055,4.070000171661377,4.076399803161621
2025-12-01T16:36:00Z,4.079999923706055,4.079999923706055,4.074999809265137,4.074999809265137,4.074999809265137,13860.0,4.079999923706055,4.079999923706055,4.074999809265137,4.074999809265137
2025-12-01T16:37:00Z,4.070099830627441,4.079999923706055,4.070000171661377,4.070000171661377,4.070000171661377,120089.0,4.070099830627441,4.079999923706055,4.070000171661377,4.070000171661377
2025-12-01T16:38:00Z,4.059999942779541,4.0655999183654785,4.054999828338623,4.0655999183654785,4.0655999183654785,75238.0,4.059999942779541,4.0655999183654785,4.054999828338623,4.0655999183654785
2025-12-01T16:39:00Z,4.059999942779541,4.065000057220459,4.054999828338623,4.059999942779541,4.059999942779541,108196.0,4.059999942779541,4.065000057220459,4.054999828338623,4.059999942779541
2025-12-01T16:40:00Z,4.065000057220459,4.070000171661377,4.054999828338623,4.054999828338623,4.054999828338623,305168.0,4.065000057220459,4.070000171661377,4.054999828338623,4.054999828338623
2025-12-01T16:41:00Z,4.054999828338623,4.065000057220459,4.054999828338623,4.059999942779541,4.059999942779541,21997.0,4.054999828338623,4.065000057220459,4.054999828338623,4.059999942779541
2025-12-01T16:42:00Z,4.065000057220459,4.065000057220459,4.054999828338623,4.054999828338623,4.054999828338623,18422.0,4.065000057220459,4.065000057220459,4.054999828338623,4.054999828338623
2025-12-01T16:43:00Z,4.054999828338623,4.070000171661377,4.054999828338623,4.065000057220459,4.065000057220459,19821.0,4.054999828338623,4.070000171661377,4.054999828338623,4.065000057220459
2025-12-01T16:44:00Z,4.063799858093262,4.074999809265137,4.063799858093262,4.070000171661377,4.070000171661377,33214.0,4.063799858093262,4.074999809265137,4.063799858093262,4.070000171661377
2025-12-01T16:45:00Z,4.074999809265137,4.074999809265137,4.070000171661377,4.074999809265137,4.074999809265137,7082.0,4.074999809265137,4.074999809265137,4.070000171661377,4.074999809265137
2025-12-01T16:46:00Z,4.070099830627441,4.074999809265137,4.070000171661377,4.074999809265137,4.074999809265137,17027.0,4.070099830627441,4.074999809265137,4.070000171661377,4.074999809265137
2025-12-01T16:47:00Z,4.070099830627441,4.074999809265137,4.070099830627441,4.074999809265137,4.074999809265137,5432.0,4.070099830627441,4.074999809265137,4.070099830627441,4.074999809265137
2025-12-01T16:48:00Z,4.079999923706055,4.079999923706055,4.0742998123168945,4.079899787902832,4.079899787902832,13745.0,4.079999923706055,4.079999923706055,4.0742998123168945,4.079899787902832
2025-12-01T16:49:00Z,4.079999923706055,4.079999923706055,4.072999954223633,4.077099800109863,4.077099800109863,4995.0,4.079999923706055,4.079999923706055,4.072999954223633,4.077099800109863
2025-12-01T16:50:00Z,4.079999923706055,4.079999923706055,4.074999809265137,4.074999809265137,4.074999809265137,15696.0,4.079999923706055,4.079999923706055,4.074999809265137,4.074999809265137
2025-12-01T16:51:00Z,4.074999809265137,4.074999809265137,4.070000171661377,4.074999809265137,4.074999809265137,11137.0,4.074999809265137,4.074999809265137,4.070000171661377,4.074999809265137
2025-12-01T16:52:00Z,4.074999809265137,4.074999809265137,4.074999809265137,4.074999809265137,4.074999809265137,9293.0,4.074999809265137,4.074999809265137,4.074999809265137,4.074999809265137
2025-12-01T16:53:00Z,4.074999809265137,4.074999809265137,4.059999942779541,4.059999942779541,4.059999942779541,20786.0,4.074999809265137,4.074999809265137,4.059999942779541,4.059999942779541
2025-12-01T16:54:00Z,4.069900035858154,4.069900035858154,4.050099849700928,4.050099849700928,4.050099849700928,21383.0,4.069900035858154,4.069900035858154,4.050099849700928,4.050099849700928
2025-12-01T16:55:00Z,4.059899806976318,4.059999942779541,4.050000190734863,4.054999828338623,4.054999828338623,57287.0,4.059899806976318,4.059999942779541,4.050000190734863,4.054999828338623
2025-12-01T16:56:00Z,4.059999942779541,4.059999942779541,4.054999828338623,4.054999828338623,4.054999828338623,10931.0,4.059999942779541,4.059999942779541,4.054999828338623,4.054999828338623
2025-12-01T16:57:00Z,4.054999828338623,4.059999942779541,4.050000190734863,4.054999828338623,4.054999828338623,16078.0,4.054999828338623,4.059999942779541,4.050000190734863,4.054999828338623
2025-12-01T16:58:00Z,4.050000190734863,4.054999828338623,4.050000190734863,4.054999828338623,4.054999828338623,7904.0,4.050000190734863,4.054999828338623,4.050000190734863,4.054999828338623
2025-12-01T16:59:00Z,4.050000190734863,4.059999942779541,4.050000190734863,4.050000190734863,4.050000190734863,7220.0,4.050000190734863,4.059999942779541,4.050000190734863,4.050000190734863
2025-12-01T17:00:00Z,4.059999942779541,4.059999942779541,4.050000190734863,4.054999828338623,4.054999828338623,17833.0,4.059999942779541,4.059999942779541,4.050000190734863,4.054999828338623
2025-12-01T17:01:00Z,4.050000190734863,4.059999942779541,4.050000190734863,4.059999942779541,4.059999942779541,28409.0,4.050000190734863,4.059999942779541,4.050000190734863,4.059999942779541
2025-12-01T17:02:00Z,4.059999942779541,4.059999942779541,4.050000190734863,4.054999828338623,4.054999828338623,7258.0,4.059999942779541,4.059999942779541,4.050000190734863,4.054999828338623
2025-12-01T17:03:00Z,4.054999828338623,4.059999942779541,4.050000190734863,4.050000190734863,4.050000190734863,14251.0,4.054999828338623,4.059999942779541,4.050000190734863,4.050000190734863
2025-12-01T17:04:00Z,4.054999828338623,4.059999942779541,4.050000190734863,4.054999828338623,4.054999828338623,16489.0,4.054999828338623,4.059999942779541,4.050000190734863,4.054999828338623
2025-12-01T17:05:00Z,4.050000190734863,4.059999942779541,4.050000190734863,4.050000190734863,4.050000190734863,11540.0,4.050000190734863,4.059999942779541,4.050000190734863,4.050000190734863
2025-12-01T17:06:00Z,4.054999828338623,4.054999828338623,4.050000190734863,4.050000190734863,4.050000190734863,9025.0,4.054999828338623,4.054999828338623,4.050000190734863,4.050000190734863
2025-12-01T17:07:00Z,4.054999828338623,4.059999942779541,4.050000190734863,4.054999828338623,4.054999828338623,11517.0,4.054999828338623,4.059999942779541,4.050000190734863,4.054999828338623
2025-12-01T17:08:00Z,4.054999828338623,4.065000057220459,4.045000076293945,4.065000057220459,4.065000057220459,117124.0,4.054999828338623,4.065000057220459,4.045000076293945,4.065000057220459
2025-12-01T17:09:00Z,4.070000171661377,4.070000171661377,4.054800033569336,4.054800033569336,4.054800033569336,19032.0,4.070000171661377,4.070000171661377,4.054800033569336,4.054800033569336
2025-12-01T17:10:00Z,4.054999828338623,4.055799961090088,4.051499843597412,4.054999828338623,4.054999828338623,4741.0,4.054999828338623,4.055799961090088,4.051499843597412,4.054999828338623
2025-12-01T17:11:00Z,4.054999828338623,4.059899806976318,4.054999828338623,4.059700012207031,4.059700012207031,5011.0,4.054999828338623,4.059899806976318,4.054999828338623,4.059700012207031
2025-12-01T17:12:00Z,4.054999828338623,4.059899806976318,4.050000190734863,4.050000190734863,4.050000190734863,19432.0,4.054999828338623,4.059899806976318,4.050000190734863,4.050000190734863
2025-12-01T17:13:00Z,4.054999828338623,4.054999828338623,4.050000190734863,4.050000190734863,4.050000190734863,6673.0,4.054999828338623,4.054999828338623,4.050000190734863,4.050000190734863
2025-12-01T17:14:00Z,4.0543999671936035,4.054999828338623,4.039999961853027,4.039999961853027,4.039999961853027,16870.0,4.0543999671936035,4.054999828338623,4.039999961853027,4.039999961853027
2025-12-01T17:15:00Z,4.039999961853027,4.049900054931641,4.03000020980835,4.03000020980835,4.03000020980835,12591.0,4.039999961853027,4.049900054931641,4.03000020980835,4.03000020980835
2025-12-01T17:16:00Z,4.035200119018555,4.039999961853027,4.03000020980835,4.039999961853027,4.039999961853027,7669.0,4.035200119018555,4.039999961853027,4.03000020980835,4.039999961853027
2025-12-01T17:17:00Z,4.03000020980835,4.039999961853027,4.03000020980835,4.034999847412109,4.034999847412109,76039.0,4.03000020980835,4.039999961853027,4.03000020980835,4.034999847412109
2025-12-01T17:18:00Z,4.034999847412109,4.039999961853027,4.03000020980835,4.039999961853027,4.039999961853027,22351.0,4.034999847412109,4.039999961853027,4.03000020980835,4.039999961853027
2025-12-01T17:19:00Z,4.039999961853027,4.039999961853027,4.034999847412109,4.039999961853027,4.039999961853027,49164.0,4.039999961853027,4.039999961853027,4.034999847412109,4.039999961853027
2025-12-01T17:20:00Z,4.034999847412109,4.039999961853027,4.03000020980835,4.034999847412109,4.034999847412109,4580.0,4.034999847412109,4.039999961853027,4.03000020980835,4.034999847412109
2025-12-01T17:21:00Z,4.034999847412109,4.039999961853027,4.03000020980835,4.03000020980835,4.03000020980835,139188.0,4.034999847412109,4.039999961853027,4.03000020980835,4.03000020980835
2025-12-01T17:22:00Z,4.034999847412109,4.034999847412109,4.03000020980835,4.032899856567383,4.032899856567383,6399.0,4.034999847412109,4.034999847412109,4.03000020980835,4.032899856567383
2025-12-01T17:23:00Z,4.039999961853027,4.039999961853027,4.03000020980835,4.034999847412109,4.034999847412109,7458.0,4.039999961853027,4.039999961853027,4.03000020980835,4.034999847412109
2025-12-01T17:24:00Z,4.034999847412109,4.039999961853027,4.03000020980835,4.034999847412109,4.034999847412109,16402.0,4.034999847412109,4.039999961853027,4.03000020980835,4.034999847412109
2025-12-01T17:25:00Z,4.034999847412109,4.039999961853027,4.03000020980835,4.03000020980835,4.03000020980835,15223.0,4.034999847412109,4.039999961853027,4.03000020980835,4.03000020980835
2025-12-01T17:26:00Z,4.03000020980835,4.039999961853027,4.03000020980835,4.034999847412109,4.034999847412109,14873.0,4.03000020980835,4.039999961853027,4.03000020980835,4.034999847412109
2025-12-01T17:27:00Z,4.039999961853027,4.050000190734863,4.039999961853027,4.039999961853027,4.039999961853027,57071.0,4.039999961853027,4.050000190734863,4.039999961853027,4.039999961853027
2025-12-01T17:28:00Z,4.043700218200684,4.050000190734863,4.043700218200684,4.045000076293945,4.045000076293945,5659.0,4.043700218200684,4.050000190734863,4.043700218200684,4.045000076293945
2025-12-01T17:29:00Z,4.045000076293945,4.045000076293945,4.039999961853027,4.039999961853027,4.039999961853027,4236.0,4.045000076293945,4.045000076293945,4.039999961853027,4.039999961853027
2025-12-01T17:30:00Z,4.045000076293945,4.050000190734863,4.039999961853027,4.045000076293945,4.045000076293945,9071.0,4.045000076293945,4.050000190734863,4.039999961853027,4.045000076293945
2025-12-01T17:31:00Z,4.042699813842773,4.045000076293945,4.03000020980835,4.034999847412109,4.034999847412109,15181.0,4.042699813842773,4.045000076293945,4.03000020980835,4.034999847412109
2025-12-01T17:32:00Z,4.03000020980835,4.034999847412109,4.03000020980835,4.03000020980835,4.03000020980835,10513.0,4.03000020980835,4.034999847412109,4.03000020980835,4.03000020980835
2025-12-01T17:33:00Z,4.03000020980835,4.034999847412109,4.03000020980835,4.031300067901611,4.031300067901611,9135.0,4.03000020980835,4.034999847412109,4.03000020980835,4.031300067901611
2025-12-01T17:34:00Z,4.03000020980835,4.034999847412109,4.03000020980835,4.034999847412109,4.034999847412109,4771.0,4.03000020980835,4.034999847412109,4.03000020980835,4.034999847412109
2025-12-01T17:35:00Z,4.03000020980835,4.034999847412109,4.03000020980835,4.03000020980835,4.03000020980835,6166.0,4.03000020980835,4.034999847412109,4.03000020980835,4.03000020980835
2025-12-01T17:36:00Z,4.034999847412109,4.034999847412109,4.03000020980835,4.03000020980835,4.03000020980835,5265.0,4.034999847412109,4.034999847412109,4.03000020980835,4.03000020980835
2025-12-01T17:37:00Z,4.034999847412109,4.034999847412109,4.03000020980835,4.03000020980835,4.03000020980835,6912.0,4.034999847412109,4.034999847412109,4.03000020980835,4.03000020980835
2025-12-01T17:38:00Z,4.03000020980835,4.034999847412109,4.03000020980835,4.034999847412109,4.034999847412109,2625.0,4.03000020980835,4.034999847412109,4.03000020980835,4.034999847412109
2025-12-01T17:39:00Z,4.03000020980835,4.034999847412109,4.03000020980835,4.030099868774414,4.030099868774414,4230.0,4.03000020980835,4.034999847412109,4.03000020980835,4.030099868774414
2025-12-01T17:40:00Z,4.03000020980835,4.034999847412109,4.03000020980835,4.034999847412109,4.034999847412109,3826.0,4.03000020980835,4.034999847412109,4.03000020980835,4.034999847412109
2025-12-01T17:41:00Z,4.03000020980835,4.034999847412109,4.03000020980835,4.03000020980835,4.03000020980835,15134.0,4.03000020980835,4.034999847412109,4.03000020980835,4.03000020980835
2025-12-01T17:42:00Z,4.03000020980835,4.034999847412109,4.03000020980835,4.03000020980835,4.03000020980835,8126.0,4.03000020980835,4.034999847412109,4.03000020980835,4.03000020980835
2025-12-01T17:43:00Z,4.03000020980835,4.039999961853027,4.03000020980835,4.034999847412109,4.034999847412109,43922.0,4.03000020980835,4.039999961853027,4.03000020980835,4.034999847412109
2025-12-01T17:44:00Z,4.03000020980835,4.039999961853027,4.03000020980835,4.034999847412109,4.034999847412109,12620.0,4.03000020980835,4.039999961853027,4.03000020980835,4.034999847412109
2025-12-01T17:45:00Z,4.03000020980835,4.039999961853027,4.03000020980835,4.03000020980835,4.03000020980835,25285.0,4.03000020980835,4.039999961853027,4.03000020980835,4.03000020980835
2025-12-01T17:46:00Z,4.03000020980835,4.039999961853027,4.03000020980835,4.034999847412109,4.034999847412109,2995.0,4.03000020980835,4.039999961853027,4.03000020980835,4.034999847412109
2025-12-01T17:47:00Z,4.039999961853027,4.039999961853027,4.03000020980835,4.039999961853027,4.039999961853027,11839.0,4.039999961853027,4.039999961853027,4.03000020980835,4.039999961853027
2025-12-01T17:48:00Z,4.039999961853027,4.039999961853027,4.03000020980835,4.034999847412109,4.034999847412109,16970.0,4.039999961853027,4.039999961853027,4.03000020980835,4.034999847412109
2025-12-01T17:49:00Z,4.03000020980835,4.039999961853027,4.03000020980835,4.039999961853027,4.039999961853027,34920.0,4.03000020980835,4.039999961853027,4.03000020980835,4.039999961853027
2025-12-01T17:50:00Z,4.03000020980835,4.039999961853027,4.03000020980835,4.039999961853027,4.039999961853027,9380.0,4.03000020980835,4.039999961853027,4.03000020980835,4.039999961853027
2025-12-01T17:51:00Z,4.034999847412109,4.039999961853027,4.034999847412109,4.034999847412109,4.034999847412109,4365.0,4.034999847412109,4.039999961853027,4.034999847412109,4.034999847412109
2025-12-01T17:52:00Z,4.034999847412109,4.039999961853027,4.03000020980835,4.034999847412109,4.034999847412109,10840.0,4.034999847412109,4.039999961853027,4.03000020980835,4.034999847412109
2025-12-01T17:53:00Z,4.03000020980835,4.039899826049805,4.03000020980835,4.0346999168396,4.0346999168396,8114.0,4.03000020980835,4.039899826049805,4.03000020980835,4.0346999168396
2025-12-01T17:54:00Z,4.039999961853027,4.039999961853027,4.03000020980835,4.034999847412109,4.034999847412109,9405.0,4.039999961853027,4.039999961853027,4.03000020980835,4.034999847412109
2025-12-01T17:55:00Z,4.034999847412109,4.039999961853027,4.03000020980835,4.039999961853027,4.039999961853027,8020.0,4.034999847412109,4.039999961853027,4.03000020980835,4.039999961853027
2025-12-01T17:56:00Z,4.03000020980835,4.039999961853027,4.03000020980835,4.034999847412109,4.034999847412109,5995.0,4.03000020980835,4.039999961853027,4.03000020980835,4.034999847412109
2025-12-01T17:57:00Z,4.034999847412109,4.039999961853027,4.03000020980835,4.034999847412109,4.034999847412109,6108.0,4.034999847412109,4.039999961853027,4.03000020980835,4.034999847412109
2025-12-01T17:58:00Z,4.03000020980835,4.039999961853027,4.03000020980835,4.034999847412109,4.034999847412109,5965.0,4.03000020980835,4.039999961853027,4.03000020980835,4.034999847412109
2025-12-01T17:59:00Z,4.039999961853027,4.039999961853027,4.03000020980835,4.034999847412109,4.034999847412109,3890.0,4.039999961853027,4.039999961853027,4.03000020980835,4.034999847412109
2025-12-01T18:00:00Z,4.034999847412109,4.039999961853027,4.03000020980835,4.03000020980835,4.03000020980835,6775.0,4.034999847412109,4.039999961853027,4.03000020980835,4.03000020980835
2025-12-01T18:01:00Z,4.03000020980835,4.045000076293945,4.03000020980835,4.045000076293945,4.045000076293945,64083.0,4.03000020980835,4.045000076293945,4.03000020980835,4.045000076293945
2025-12-01T18:02:00Z,4.045000076293945,4.050000190734863,4.039999961853027,4.039999961853027,4.039999961853027,13131.0,4.045000076293945,4.050000190734863,4.039999961853027,4.039999961853027
2025-12-01T18:03:00Z,4.045000076293945,4.050000190734863,4.039999961853027,4.039999961853027,4.039999961853027,4911.0,4.045000076293945,4.050000190734863,4.039999961853027,4.039999961853027
2025-12-01T18:04:00Z,4.050000190734863,4.059999942779541,4.045000076293945,4.045000076293945,4.045000076293945,32065.0,4.050000190734863,4.059999942779541,4.045000076293945,4.045000076293945
2025-12-01T18:05:00Z,4.045000076293945,4.045000076293945,4.045000076293945,4.045000076293945,4.045000076293945,1299.0,4.045000076293945,4.045000076293945,4.045000076293945,4.045000076293945
2025-12-01T18:06:00Z,4.045000076293945,4.050000190734863,4.039999961853027,4.045499801635742,4.045499801635742,9829.0,4.045000076293945,4.050000190734863,4.039999961853027,4.045499801635742
2025-12-01T18:07:00Z,4.050000190734863,4.050000190734863,4.039999961853027,4.045000076293945,4.045000076293945,7267.0,4.050000190734863,4.050000190734863,4.039999961853027,4.045000076293945
2025-12-01T18:08:00Z,4.045000076293945,4.050000190734863,4.039999961853027,4.045000076293945,4.045000076293945,3716.0,4.045000076293945,4.050000190734863,4.039999961853027,4.045000076293945
2025-12-01T18:09:00Z,4.039999961853027,4.050000190734863,4.039999961853027,4.045000076293945,4.045000076293945,4567.0,4.039999961853027,4.050000190734863,4.039999961853027,4.045000076293945
2025-12-01T18:10:00Z,4.039999961853027,4.050000190734863,4.039999961853027,4.039999961853027,4.039999961853027,7287.0,4.039999961853027,4.050000190734863,4.039999961853027,4.039999961853027
2025-12-01T18:11:00Z,4.039999961853027,4.050000190734863,4.039999961853027,4.045000076293945,4.045000076293945,14638.0,4.039999961853027,4.050000190734863,4.039999961853027,4.045000076293945
2025-12-01T18:12:00Z,4.039999961853027,4.050000190734863,4.039999961853027,4.050000190734863,4.050000190734863,2084078.0,4.039999961853027,4.050000190734863,4.039999961853027,4.050000190734863
2025-12-01T18:14:00Z,4.065000057220459,4.070000171661377,4.059999942779541,4.065000057220459,4.065000057220459,10293.0,4.065000057220459,4.070000171661377,4.059999942779541,4.065000057220459
2025-12-01T18:15:00Z,4.070000171661377,4.070000171661377,4.059999942779541,4.059999942779541,4.059999942779541,6916.0,4.070000171661377,4.070000171661377,4.059999942779541,4.059999942779541
2025-12-01T18:16:00Z,4.065000057220459,4.065000057220459,4.059999942779541,4.059999942779541,4.059999942779541,18578.0,4.065000057220459,4.065000057220459,4.059999942779541,4.059999942779541
2025-12-01T18:17:00Z,4.059999942779541,4.070000171661377,4.059999942779541,4.065000057220459,4.065000057220459,6446.0,4.059999942779541,4.070000171661377,4.059999942779541,4.065000057220459
2025-12-01T18:18:00Z,4.059999942779541,4.065000057220459,4.059999942779541,4.065000057220459,4.065000057220459,1767.0,4.059999942779541,4.065000057220459,4.059999942779541,4.065000057220459
2025-12-01T18:19:00Z,4.070000171661377,4.070000171661377,4.050000190734863,4.050000190734863,4.050000190734863,25418.0,4.070000171661377,4.070000171661377,4.050000190734863,4.050000190734863
2025-12-01T18:20:00Z,4.054999828338623,4.059999942779541,4.054999828338623,4.054999828338623,4.054999828338623,10018.0,4.054999828338623,4.059999942779541,4.054999828338623,4.054999828338623
2025-12-01T18:21:00Z,4.050000190734863,4.059999942779541,4.050000190734863,4.050000190734863,4.050000190734863,3997.0,4.050000190734863,4.059999942779541,4.050000190734863,4.050000190734863
2025-12-01T18:22:00Z,4.059899806976318,4.059999942779541,4.050000190734863,4.059999942779541,4.059999942779541,6187.0,4.059899806976318,4.059999942779541,4.050000190734863,4.059999942779541
2025-12-01T18:23:00Z,4.050000190734863,4.050000190734863,4.050000190734863,4.050000190734863,4.050000190734863,1593.0,4.050000190734863,4.050000190734863,4.050000190734863,4.050000190734863
2025-12-01T18:24:00Z,4.050000190734863,4.055500030517578,4.050000190734863,4.055500030517578,4.055500030517578,9852.0,4.050000190734863,4.055500030517578,4.050000190734863,4.055500030517578
2025-12-01T18:25:00Z,4.059899806976318,4.059999942779541,4.050000190734863,4.054999828338623,4.054999828338623,4792.0,4.059899806976318,4.059999942779541,4.050000190734863,4.054999828338623
2025-12-01T18:26:00Z,4.054999828338623,4.054999828338623,4.050000190734863,4.054999828338623,4.054999828338623,6408.0,4.054999828338623,4.054999828338623,4.050000190734863,4.054999828338623
2025-12-01T18:27:00Z,4.054999828338623,4.056700229644775,4.050000190734863,4.054999828338623,4.054999828338623,5796.0,4.054999828338623,4.056700229644775,4.050000190734863,4.054999828338623
2025-12-01T18:28:00Z,4.054999828338623,4.059999942779541,4.050000190734863,4.059999942779541,4.059999942779541,61245.0,4.054999828338623,4.059999942779541,4.050000190734863,4.059999942779541
2025-12-01T18:29:00Z,4.054999828338623,4.054999828338623,4.050000190734863,4.050000190734863,4.050000190734863,4858.0,4.054999828338623,4.054999828338623,4.050000190734863,4.050000190734863
2025-12-01T18:30:00Z,4.054999828338623,4.059999942779541,4.050000190734863,4.054999828338623,4.054999828338623,8896.0,4.054999828338623,4.059999942779541,4.050000190734863,4.054999828338623
2025-12-01T18:31:00Z,4.054999828338623,4.059899806976318,4.050000190734863,4.059899806976318,4.059899806976318,4762.0,4.054999828338623,4.059899806976318,4.050000190734863,4.059899806976318
2025-12-01T18:32:00Z,4.050099849700928,4.059999942779541,4.050000190734863,4.050000190734863,4.050000190734863,7687.0,4.050099849700928,4.059999942779541,4.050000190734863,4.050000190734863
2025-12-01T18:33:00Z,4.050000190734863,4.059999942779541,4.050000190734863,4.054999828338623,4.054999828338623,7948.0,4.050000190734863,4.059999942779541,4.050000190734863,4.054999828338623
2025-12-01T18:34:00Z,4.050000190734863,4.059999942779541,4.050000190734863,4.059999942779541,4.059999942779541,14682.0,4.050000190734863,4.059999942779541,4.050000190734863,4.059999942779541
2025-12-01T18:35:00Z,4.050000190734863,4.054999828338623,4.050000190734863,4.054999828338623,4.054999828338623,10313.0,4.050000190734863,4.054999828338623,4.050000190734863,4.054999828338623
2025-12-01T18:36:00Z,4.050000190734863,4.059999942779541,4.050000190734863,4.054999828338623,4.054999828338623,15936.0,4.050000190734863,4.059999942779541,4.050000190734863,4.054999828338623
2025-12-01T18:37:00Z,4.054999828338623,4.059999942779541,4.051400184631348,4.059999942779541,4.059999942779541,2995.0,4.054999828338623,4.059999942779541,4.051400184631348,4.059999942779541
2025-12-01T18:38:00Z,4.053999900817871,4.054999828338623,4.050000190734863,4.054999828338623,4.054999828338623,6292.0,4.053999900817871,4.054999828338623,4.050000190734863,4.054999828338623
2025-12-01T18:39:00Z,4.054999828338623,4.059999942779541,4.050000190734863,4.054999828338623,4.054999828338623,9297.0,4.054999828338623,4.059999942779541,4.050000190734863,4.054999828338623
2025-12-01T18:40:00Z,4.050000190734863,4.059999942779541,4.050000190734863,4.054999828338623,4.054999828338623,6306.0,4.050000190734863,4.059999942779541,4.050000190734863,4.054999828338623
2025-12-01T18:41:00Z,4.054999828338623,4.059999942779541,4.039999961853027,4.054999828338623,4.054999828338623,102560.0,4.054999828338623,4.059999942779541,4.039999961853027,4.054999828338623
2025-12-01T18:42:00Z,4.059999942779541,4.059999942779541,4.054999828338623,4.054999828338623,4.054999828338623,6408.0,4.059999942779541,4.059999942779541,4.054999828338623,4.054999828338623
2025-12-01T18:43:00Z,4.054999828338623,4.055099964141846,4.050000190734863,4.050000190734863,4.050000190734863,4130.0,4.054999828338623,4.055099964141846,4.050000190734863,4.050000190734863
2025-12-01T18:44:00Z,4.059999942779541,4.059999942779541,4.054999828338623,4.054999828338623,4.054999828338623,5526.0,4.059999942779541,4.059999942779541,4.054999828338623,4.054999828338623
2025-12-01T18:45:00Z,4.054100036621094,4.059999942779541,4.050000190734863,4.050000190734863,4.050000190734863,54497.0,4.054100036621094,4.059999942779541,4.050000190734863,4.050000190734863
2025-12-01T18:46:00Z,4.050000190734863,4.059999942779541,4.039999961853027,4.050000190734863,4.050000190734863,143620.0,4.050000190734863,4.059999942779541,4.039999961853027,4.050000190734863
2025-12-01T18:47:00Z,4.045000076293945,4.050000190734863,4.039999961853027,4.039999961853027,4.039999961853027,26999.0,4.045000076293945,4.050000190734863,4.039999961853027,4.039999961853027
2025-12-01T18:48:00Z,4.039999961853027,4.050000190734863,4.039999961853027,4.045000076293945,4.045000076293945,530644.0,4.039999961853027,4.050000190734863,4.039999961853027,4.045000076293945
2025-12-01T18:49:00Z,4.039999961853027,4.050000190734863,4.039999961853027,4.045000076293945,4.045000076293945,13956.0,4.039999961853027,4.050000190734863,4.039999961853027,4.045000076293945
2025-12-01T18:50:00Z,4.039999961853027,4.050000190734863,4.039999961853027,4.045000076293945,4.045000076293945,11377.0,4.039999961853027,4.050000190734863,4.039999961853027,4.045000076293945
2025-12-01T18:51:00Z,4.039999961853027,4.049900054931641,4.039999961853027,4.039999961853027,4.039999961853027,25440.0,4.039999961853027,4.049900054931641,4.039999961853027,4.039999961853027
2025-12-01T18:52:00Z,4.050000190734863,4.059999942779541,4.039999961853027,4.054999828338623,4.054999828338623,47247.0,4.050000190734863,4.059999942779541,4.039999961853027,4.054999828338623
2025-12-01T18:53:00Z,4.054999828338623,4.065000057220459,4.054999828338623,4.065000057220459,4.065000057220459,33643.0,4.054999828338623,4.065000057220459,4.054999828338623,4.065000057220459
2025-12-01T18:54:00Z,4.065000057220459,4.070000171661377,4.065000057220459,4.065000057220459,4.065000057220459,5590.0,4.065000057220459,4.070000171661377,4.065000057220459,4.065000057220459
2025-12-01T18:55:00Z,4.065000057220459,4.070000171661377,4.065000057220459,4.065000057220459,4.065000057220459,15515.0,4.065000057220459,4.070000171661377,4.065000057220459,4.065000057220459
2025-12-01T18:56:00Z,4.065000057220459,4.065000057220459,4.065000057220459,4.065000057220459,4.065000057220459,773.0,4.065000057220459,4.065000057220459,4.065000057220459,4.065000057220459
2025-12-01T18:57:00Z,4.059999942779541,4.069699764251709,4.059999942779541,4.065000057220459,4.065000057220459,6680.0,4.059999942779541,4.069699764251709,4.059999942779541,4.065000057220459
2025-12-01T18:58:00Z,4.059999942779541,4.065000057220459,4.059999942779541,4.059999942779541,4.059999942779541,11701.0,4.059999942779541,4.065000057220459,4.059999942779541,4.059999942779541
2025-12-01T18:59:00Z,4.065000057220459,4.065000057220459,4.065000057220459,4.065000057220459,4.065000057220459,5274.0,4.065000057220459,4.065000057220459,4.065000057220459,4.065000057220459
2025-12-01T19:00:00Z,4.059999942779541,4.065000057220459,4.059999942779541,4.059999942779541,4.059999942779541,5218.0,4.059999942779541,4.065000057220459,4.059999942779541,4.059999942779541
2025-12-01T19:01:00Z,4.070000171661377,4.070000171661377,4.059999942779541,4.059999942779541,4.059999942779541,7152.0,4.070000171661377,4.070000171661377,4.059999942779541,4.059999942779541
2025-12-01T19:02:00Z,4.059999942779541,4.059999942779541,4.045000076293945,4.054999828338623,4.054999828338623,351108.0,4.059999942779541,4.059999942779541,4.045000076293945,4.054999828338623
2025-12-01T19:03:00Z,4.054999828338623,4.054999828338623,4.050000190734863,4.054999828338623,4.054999828338623,28732.0,4.054999828338623,4.054999828338623,4.050000190734863,4.054999828338623
2025-12-01T19:04:00Z,4.054999828338623,4.054999828338623,4.050000190734863,4.050000190734863,4.050000190734863,22204.0,4.054999828338623,4.054999828338623,4.050000190734863,4.050000190734863
2025-12-01T19:05:00Z,4.054999828338623,4.059999942779541,4.045000076293945,4.050000190734863,4.050000190734863,242772.0,4.054999828338623,4.059999942779541,4.045000076293945,4.050000190734863
2025-12-01T19:06:00Z,4.039999961853027,4.050000190734863,4.039999961853027,4.045000076293945,4.045000076293945,45728.0,4.039999961853027,4.050000190734863,4.039999961853027,4.045000076293945
2025-12-01T19:07:00Z,4.045000076293945,4.045000076293945,4.045000076293945,4.045000076293945,4.045000076293945,1980.0,4.045000076293945,4.045000076293945,4.045000076293945,4.045000076293945
2025-12-01T19:08:00Z,4.050000190734863,4.050000190734863,4.042200088500977,4.042200088500977,4.042200088500977,5634.0,4.050000190734863,4.050000190734863,4.042200088500977,4.042200088500977
2025-12-01T19:09:00Z,4.039999961853027,4.045000076293945,4.039999961853027,4.045000076293945,4.045000076293945,13112.0,4.039999961853027,4.045000076293945,4.039999961853027,4.045000076293945
2025-12-01T19:10:00Z,4.045000076293945,4.04580020904541,4.045000076293945,4.045000076293945,4.045000076293945,11834.0,4.045000076293945,4.04580020904541,4.045000076293945,4.045000076293945
2025-12-01T19:11:00Z,4.039999961853027,4.045000076293945,4.039999961853027,4.045000076293945,4.045000076293945,3456.0,4.039999961853027,4.045000076293945,4.039999961853027,4.045000076293945
2025-12-01T19:12:00Z,4.045000076293945,4.045000076293945,4.039999961853027,4.045000076293945,4.045000076293945,6055.0,4.045000076293945,4.045000076293945,4.039999961853027,4.045000076293945
2025-12-01T19:13:00Z,4.045000076293945,4.048799991607666,4.045000076293945,4.045000076293945,4.045000076293945,7263.0,4.045000076293945,4.048799991607666,4.045000076293945,4.045000076293945
2025-12-01T19:14:00Z,4.045000076293945,4.045000076293945,4.039999961853027,4.043799877166748,4.043799877166748,6347.0,4.045000076293945,4.045000076293945,4.039999961853027,4.043799877166748
2025-12-01T19:15:00Z,4.045000076293945,4.050000190734863,4.039999961853027,4.045000076293945,4.045000076293945,13888.0,4.045000076293945,4.050000190734863,4.039999961853027,4.045000076293945
2025-12-01T19:16:00Z,4.039999961853027,4.045499801635742,4.039999961853027,4.039999961853027,4.039999961853027,9182.0,4.039999961853027,4.045499801635742,4.039999961853027,4.039999961853027
2025-12-01T19:17:00Z,4.039999961853027,4.045000076293945,4.039999961853027,4.039999961853027,4.039999961853027,4258.0,4.039999961853027,4.045000076293945,4.039999961853027,4.039999961853027
2025-12-01T19:18:00Z,4.039999961853027,4.045000076293945,4.03000020980835,4.03000020980835,4.03000020980835,28576.0,4.039999961853027,4.045000076293945,4.03000020980835,4.03000020980835
2025-12-01T19:19:00Z,4.03000020980835,4.034999847412109,4.03000020980835,4.034999847412109,4.034999847412109,6617.0,4.03000020980835,4.034999847412109,4.03000020980835,4.034999847412109
2025-12-01T19:20:00Z,4.03000020980835,4.034999847412109,4.03000020980835,4.034999847412109,4.034999847412109,7257.0,4.03000020980835,4.034999847412109,4.03000020980835,4.034999847412109
2025-12-01T19:21:00Z,4.03000020980835,4.039899826049805,4.03000020980835,4.03000020980835,4.03000020980835,4605.0,4.03000020980835,4.039899826049805,4.03000020980835,4.03000020980835
2025-12-01T19:22:00Z,4.03000020980835,4.039899826049805,4.03000020980835,4.03000020980835,4.03000020980835,7631.0,4.03000020980835,4.039899826049805,4.03000020980835,4.03000020980835
2025-12-01T19:23:00Z,4.03000020980835,4.03000020980835,4.019999980926514,4.019999980926514,4.019999980926514,21500.0,4.03000020980835,4.03000020980835,4.019999980926514,4.019999980926514
2025-12-01T19:24:00Z,4.020100116729736,4.020100116729736,4.020100116729736,4.020100116729736,4.020100116729736,3135.0,4.020100116729736,4.020100116729736,4.020100116729736,4.020100116729736
2025-12-01T19:25:00Z,4.019999980926514,4.025000095367432,4.010000228881836,4.010000228881836,4.010000228881836,25177.0,4.019999980926514,4.025000095367432,4.010000228881836,4.010000228881836
2025-12-01T19:26:00Z,4.010000228881836,4.019999980926514,4.0,4.0,4.0,42948.0,4.010000228881836,4.019999980926514,4.0,4.0
2025-12-01T19:27:00Z,4.005000114440918,4.019999980926514,4.0,4.014999866485596,4.014999866485596,91849.0,4.005000114440918,4.019999980926514,4.0,4.014999866485596
2025-12-01T19:28:00Z,4.014999866485596,4.014999866485596,4.005000114440918,4.005000114440918,4.005000114440918,15204.0,4.014999866485596,4.014999866485596,4.005000114440918,4.005000114440918
2025-12-01T19:29:00Z,4.005000114440918,4.005000114440918,4.000100135803223,4.005000114440918,4.005000114440918,4318.0,4.005000114440918,4.005000114440918,4.000100135803223,4.005000114440918
2025-12-01T19:30:00Z,4.0,4.005000114440918,3.994999885559082,3.994999885559082,3.994999885559082,40001.0,4.0,4.005000114440918,3.994999885559082,3.994999885559082
2025-12-01T19:31:00Z,3.996299982070923,4.0,3.994999885559082,3.994999885559082,3.994999885559082,17718.0,3.996299982070923,4.0,3.994999885559082,3.994999885559082
2025-12-01T19:32:00Z,3.990000009536743,3.994999885559082,3.990000009536743,3.994999885559082,3.994999885559082,3034.0,3.990000009536743,3.994999885559082,3.990000009536743,3.994999885559082
2025-12-01T19:33:00Z,3.9900999069213867,4.0,3.9900999069213867,3.994999885559082,3.994999885559082,5103.0,3.9900999069213867,4.0,3.9900999069213867,3.994999885559082
2025-12-01T19:34:00Z,4.0,4.005000114440918,3.994999885559082,4.0,4.0,55473.0,4.0,4.005000114440918,3.994999885559082,4.0
2025-12-01T19:35:00Z,4.005000114440918,4.005000114440918,4.005000114440918,4.005000114440918,4.005000114440918,1926.0,4.005000114440918,4.005000114440918,4.005000114440918,4.005000114440918
2025-12-01T19:36:00Z,4.005000114440918,4.010000228881836,4.005000114440918,4.005199909210205,4.005199909210205,6341.0,4.005000114440918,4.010000228881836,4.005000114440918,4.005199909210205
2025-12-01T19:37:00Z,4.005000114440918,4.008200168609619,4.005000114440918,4.005000114440918,4.005000114440918,17292.0,4.005000114440918,4.008200168609619,4.005000114440918,4.005000114440918
2025-12-01T19:38:00Z,4.005000114440918,4.005000114440918,4.0,4.005000114440918,4.005000114440918,6954.0,4.005000114440918,4.005000114440918,4.0,4.005000114440918
2025-12-01T19:39:00Z,4.005000114440918,4.005000114440918,4.0,4.005000114440918,4.005000114440918,4510.0,4.005000114440918,4.005000114440918,4.0,4.005000114440918
2025-12-01T19:40:00Z,4.005000114440918,4.010000228881836,4.0,4.0,4.0,13068.0,4.005000114440918,4.010000228881836,4.0,4.0
2025-12-01T19:41:00Z,4.005000114440918,4.005000114440918,4.0,4.005000114440918,4.005000114440918,13026.0,4.005000114440918,4.005000114440918,4.0,4.005000114440918
2025-12-01T19:42:00Z,4.0,4.010000228881836,3.9939000606536865,3.994999885559082,3.994999885559082,61031.0,4.0,4.010000228881836,3.9939000606536865,3.994999885559082
2025-12-01T19:43:00Z,3.994999885559082,4.0,3.994999885559082,3.994999885559082,3.994999885559082,32676.0,3.994999885559082,4.0,3.994999885559082,3.994999885559082
2025-12-01T19:44:00Z,3.994999885559082,4.0,3.990000009536743,3.994999885559082,3.994999885559082,23759.0,3.994999885559082,4.0,3.990000009536743,3.994999885559082
2025-12-01T19:45:00Z,3.994999885559082,3.9999001026153564,3.990000009536743,3.994999885559082,3.994999885559082,10030.0,3.994999885559082,3.9999001026153564,3.990000009536743,3.994999885559082
2025-12-01T19:46:00Z,3.9928998947143555,4.0,3.990000009536743,3.994999885559082,3.994999885559082,10650.0,3.9928998947143555,4.0,3.990000009536743,3.994999885559082
2025-12-01T19:47:00Z,3.994999885559082,4.0,3.990000009536743,3.994999885559082,3.994999885559082,12272.0,3.994999885559082,4.0,3.990000009536743,3.994999885559082
2025-12-01T19:48:00Z,3.994999885559082,4.0,3.990000009536743,3.990000009536743,3.990000009536743,17287.0,3.994999885559082,4.0,3.990000009536743,3.990000009536743
2025-12-01T19:49:00Z,3.990000009536743,4.0,3.990000009536743,3.994999885559082,3.994999885559082,31966.0,3.990000009536743,4.0,3.990000009536743,3.994999885559082
2025-12-01T19:50:00Z,3.994999885559082,4.0,3.994999885559082,3.994999885559082,3.994999885559082,5161.0,3.994999885559082,4.0,3.994999885559082,3.994999885559082
2025-12-01T19:51:00Z,3.9981000423431396,4.0,3.990000009536743,3.994999885559082,3.994999885559082,8117.0,3.9981000423431396,4.0,3.990000009536743,3.994999885559082
2025-12-01T19:52:00Z,3.990000009536743,4.0,3.990000009536743,3.990000009536743,3.990000009536743,18237.0,3.990000009536743,4.0,3.990000009536743,3.990000009536743
2025-12-01T19:53:00Z,3.994999885559082,4.0,3.990000009536743,4.0,4.0,11210.0,3.994999885559082,4.0,3.990000009536743,4.0
2025-12-01T19:54:00Z,3.994999885559082,4.0,3.990000009536743,3.994999885559082,3.994999885559082,14344.0,3.994999885559082,4.0,3.990000009536743,3.994999885559082
2025-12-01T19:55:00Z,3.994999885559082,4.0,3.990000009536743,3.9900999069213867,3.9900999069213867,6793.0,3.994999885559082,4.0,3.990000009536743,3.9900999069213867
2025-12-01T19:56:00Z,3.994999885559082,4.0,3.990000009536743,3.990000009536743,3.990000009536743,9145.0,3.994999885559082,4.0,3.990000009536743,3.990000009536743
2025-12-01T19:57:00Z,3.990000009536743,4.0,3.990000009536743,3.990000009536743,3.990000009536743,16313.0,3.990000009536743,4.0,3.990000009536743,3.990000009536743
2025-12-01T19:58:00Z,3.990000009536743,4.0,3.990000009536743,3.990000009536743,3.990000009536743,15202.0,3.990000009536743,4.0,3.990000009536743,3.990000009536743
2025-12-01T19:59:00Z,3.990000009536743,4.0,3.990000009536743,3.994999885559082,3.994999885559082,12533.0,3.990000009536743,4.0,3.990000009536743,3.994999885559082
2025-12-01T20:00:00Z,3.994999885559082,4.0,3.990000009536743,3.994999885559082,3.994999885559082,58495.0,3.994999885559082,4.0,3.990000009536743,3.994999885559082
2025-12-01T20:01:00Z,4.0,4.0,3.9939000606536865,3.994999885559082,3.994999885559082,14047.0,4.0,4.0,3.9939000606536865,3.994999885559082
2025-12-01T20:02:00Z,3.994999885559082,4.0,3.990000009536743,3.994999885559082,3.994999885559082,10389.0,3.994999885559082,4.0,3.990000009536743,3.994999885559082
2025-12-01T20:03:00Z,3.994999885559082,4.0,3.990000009536743,3.994999885559082,3.994999885559082,8554.0,3.994999885559082,4.0,3.990000009536743,3.994999885559082
2025-12-01T20:04:00Z,3.994999885559082,4.0,3.990000009536743,3.994999885559082,3.994999885559082,6478.0,3.994999885559082,4.0,3.990000009536743,3.994999885559082
2025-12-01T20:05:00Z,3.994999885559082,4.0,3.990000009536743,3.994999885559082,3.994999885559082,128235.0,3.994999885559082,4.0,3.990000009536743,3.994999885559082
2025-12-01T20:06:00Z,3.994999885559082,4.0,3.994999885559082,3.994999885559082,3.994999885559082,19091.0,3.994999885559082,4.0,3.994999885559082,3.994999885559082
2025-12-01T20:07:00Z,3.994999885559082,4.0,3.990000009536743,3.994999885559082,3.994999885559082,14344.0,3.994999885559082,4.0,3.990000009536743,3.994999885559082
2025-12-01T20:08:00Z,3.9941000938415527,4.0,3.9935998916625977,4.0,4.0,11430.0,3.9941000938415527,4.0,3.9935998916625977,4.0
2025-12-01T20:09:00Z,3.990000009536743,4.0,3.990000009536743,3.994999885559082,3.994999885559082,19241.0,3.990000009536743,4.0,3.990000009536743,3.994999885559082
2025-12-01T20:10:00Z,3.990000009536743,3.994999885559082,3.990000009536743,3.990000009536743,3.990000009536743,6457.0,3.990000009536743,3.994999885559082,3.990000009536743,3.990000009536743
2025-12-01T20:11:00Z,3.990000009536743,3.9999001026153564,3.990000009536743,3.990000009536743,3.990000009536743,7755.0,3.990000009536743,3.9999001026153564,3.990000009536743,3.990000009536743
2025-12-01T20:12:00Z,3.994999885559082,4.0,3.990000009536743,3.990000009536743,3.990000009536743,27723.0,3.994999885559082,4.0,3.990000009536743,3.990000009536743
2025-12-01T20:13:00Z,3.994499921798706,3.994999885559082,3.990000009536743,3.990000009536743,3.990000009536743,4425.0,3.994499921798706,3.994999885559082,3.990000009536743,3.990000009536743
2025-12-01T20:14:00Z,3.994999885559082,4.0,3.990000009536743,3.990000009536743,3.990000009536743,12445.0,3.994999885559082,4.0,3.990000009536743,3.990000009536743
2025-12-01T20:15:00Z,3.994999885559082,3.994999885559082,3.990000009536743,3.990000009536743,3.990000009536743,5298.0,3.994999885559082,3.994999885559082,3.990000009536743,3.990000009536743
2025-12-01T20:16:00Z,3.990000009536743,3.9981000423431396,3.990000009536743,3.994999885559082,3.994999885559082,8221.0,3.990000009536743,3.9981000423431396,3.990000009536743,3.994999885559082
2025-12-01T20:17:00Z,3.9900999069213867,4.0,3.9800000190734863,3.994999885559082,3.994999885559082,75023.0,3.9900999069213867,4.0,3.9800000190734863,3.994999885559082
2025-12-01T20:18:00Z,3.990000009536743,4.0,3.990000009536743,3.990000009536743,3.990000009536743,13857.0,3.990000009536743,4.0,3.990000009536743,3.990000009536743
2025-12-01T20:19:00Z,3.994999885559082,4.0,3.990000009536743,3.994999885559082,3.994999885559082,16676.0,3.994999885559082,4.0,3.990000009536743,3.994999885559082
2025-12-01T20:20:00Z,3.990000009536743,4.0,3.990000009536743,4.0,4.0,10074.0,3.990000009536743,4.0,3.990000009536743,4.0
2025-12-01T20:21:00Z,3.994999885559082,3.9983999729156494,3.990000009536743,3.994999885559082,3.994999885559082,6861.0,3.994999885559082,3.9983999729156494,3.990000009536743,3.994999885559082
2025-12-01T20:22:00Z,3.990000009536743,4.0,3.990000009536743,3.9941999912261963,3.9941999912261963,19305.0,3.990000009536743,4.0,3.990000009536743,3.9941999912261963
2025-12-01T20:23:00Z,3.993000030517578,3.9965999126434326,3.990000009536743,3.9965999126434326,3.9965999126434326,19804.0,3.993000030517578,3.9965999126434326,3.990000009536743,3.9965999126434326
2025-12-01T20:24:00Z,3.994999885559082,3.994999885559082,3.990000009536743,3.994999885559082,3.994999885559082,17920.0,3.994999885559082,3.994999885559082,3.990000009536743,3.994999885559082
2025-12-01T20:25:00Z,3.990000009536743,4.0,3.990000009536743,3.994999885559082,3.994999885559082,12549.0,3.990000009536743,4.0,3.990000009536743,3.994999885559082
2025-12-01T20:26:00Z,3.9999001026153564,4.0,3.990000009536743,4.0,4.0,13553.0,3.9999001026153564,4.0,3.990000009536743,4.0
2025-12-01T20:27:00Z,3.994999885559082,4.0,3.990000009536743,3.994999885559082,3.994999885559082,20190.0,3.994999885559082,4.0,3.990000009536743,3.994999885559082
2025-12-01T20:28:00Z,3.994999885559082,3.994999885559082,3.994999885559082,3.994999885559082,3.994999885559082,15641.0,3.994999885559082,3.994999885559082,3.994999885559082,3.994999885559082
2025-12-01T20:29:00Z,3.994999885559082,4.010000228881836,3.994999885559082,4.005000114440918,4.005000114440918,100814.0,3.994999885559082,4.010000228881836,3.994999885559082,4.005000114440918
2025-12-01T20:30:00Z,4.005000114440918,4.010000228881836,4.0,4.005000114440918,4.005000114440918,10002.0,4.005000114440918,4.010000228881836,4.0,4.005000114440918
2025-12-01T20:31:00Z,4.0,4.005000114440918,4.0,4.005000114440918,4.005000114440918,8858.0,4.0,4.005000114440918,4.0,4.005000114440918
2025-12-01T20:32:00Z,4.0,4.005000114440918,4.0,4.005000114440918,4.005000114440918,13176.0,4.0,4.005000114440918,4.0,4.005000114440918
2025-12-01T20:33:00Z,4.0,4.010000228881836,4.0,4.0,4.0,12331.0,4.0,4.010000228881836,4.0,4.0
2025-12-01T20:34:00Z,4.0,4.010000228881836,3.990000009536743,4.005000114440918,4.005000114440918,84978.0,4.0,4.010000228881836,3.990000009536743,4.005000114440918
2025-12-01T20:35:00Z,4.005000114440918,4.010000228881836,4.005000114440918,4.005000114440918,4.005000114440918,15038.0,4.005000114440918,4.010000228881836,4.005000114440918,4.005000114440918
2025-12-01T20:36:00Z,4.005000114440918,4.005300045013428,4.000100135803223,4.005000114440918,4.005000114440918,11998.0,4.005000114440918,4.005300045013428,4.000100135803223,4.005000114440918
2025-12-01T20:37:00Z,4.005000114440918,4.005000114440918,4.005000114440918,4.005000114440918,4.005000114440918,12941.0,4.005000114440918,4.005000114440918,4.005000114440918,4.005000114440918
2025-12-01T20:38:00Z,4.005000114440918,4.010000228881836,4.004199981689453,4.005000114440918,4.005000114440918,37138.0,4.005000114440918,4.010000228881836,4.004199981689453,4.005000114440918
2025-12-01T20:39:00Z,4.005000114440918,4.010000228881836,4.005000114440918,4.005000114440918,4.005000114440918,16570.0,4.005000114440918,4.010000228881836,4.005000114440918,4.005000114440918
2025-12-01T20:40:00Z,4.005000114440918,4.005000114440918,4.003900051116943,4.005000114440918,4.005000114440918,13836.0,4.005000114440918,4.005000114440918,4.003900051116943,4.005000114440918
2025-12-01T20:41:00Z,4.005000114440918,4.010000228881836,3.9900999069213867,3.994999885559082,3.994999885559082,67230.0,4.005000114440918,4.010000228881836,3.9900999069213867,3.994999885559082
2025-12-01T20:42:00Z,3.9971001148223877,4.0,3.990000009536743,3.994999885559082,3.994999885559082,45266.0,3.9971001148223877,4.0,3.990000009536743,3.994999885559082
2025-12-01T20:43:00Z,3.994999885559082,4.0,3.99399995803833,3.994999885559082,3.994999885559082,64449.0,3.994999885559082,4.0,3.99399995803833,3.994999885559082
2025-12-01T20:44:00Z,3.994999885559082,4.0,3.994999885559082,3.9999001026153564,3.9999001026153564,26273.0,3.994999885559082,4.0,3.994999885559082,3.9999001026153564
2025-12-01T20:45:00Z,3.994999885559082,4.0,3.994499921798706,3.994999885559082,3.994999885559082,25559.0,3.994999885559082,4.0,3.994499921798706,3.994999885559082
2025-12-01T20:46:00Z,3.994999885559082,4.0,3.9800000190734863,3.994999885559082,3.994999885559082,143105.0,3.994999885559082,4.0,3.9800000190734863,3.994999885559082
2025-12-01T20:47:00Z,3.994999885559082,3.9960999488830566,3.994999885559082,3.994999885559082,3.994999885559082,27096.0,3.994999885559082,3.9960999488830566,3.994999885559082,3.994999885559082
2025-12-01T20:48:00Z,3.994999885559082,4.0,3.9941000938415527,3.994999885559082,3.994999885559082,25419.0,3.994999885559082,4.0,3.9941000938415527,3.994999885559082
2025-12-01T20:49:00Z,3.994999885559082,4.0,3.990000009536743,3.994999885559082,3.994999885559082,13262.0,3.994999885559082,4.0,3.990000009536743,3.994999885559082
2025-12-01T20:50:00Z,3.994999885559082,4.0,3.990000009536743,3.994999885559082,3.994999885559082,35833.0,3.994999885559082,4.0,3.990000009536743,3.994999885559082
2025-12-01T20:51:00Z,3.994999885559082,4.0,3.990000009536743,3.994999885559082,3.994999885559082,26591.0,3.994999885559082,4.0,3.990000009536743,3.994999885559082
2025-12-01T20:52:00Z,3.994999885559082,3.994999885559082,3.990000009536743,3.9900999069213867,3.9900999069213867,25763.0,3.994999885559082,3.994999885559082,3.990000009536743,3.9900999069213867
2025-12-01T20:53:00Z,3.994999885559082,4.0,3.990000009536743,3.99180006980896,3.99180006980896,39359.0,3.994999885559082,4.0,3.990000009536743,3.99180006980896
2025-12-01T20:54:00Z,3.990000009536743,3.9955999851226807,3.990000009536743,3.990000009536743,3.990000009536743,58212.0,3.990000009536743,3.9955999851226807,3.990000009536743,3.990000009536743
2025-12-01T20:55:00Z,3.990000009536743,3.990000009536743,3.9700000286102295,3.9800000190734863,3.9800000190734863,92847.0,3.990000009536743,3.990000009536743,3.9700000286102295,3.9800000190734863
2025-12-01T20:56:00Z,3.9700000286102295,3.9800000190734863,3.9649999141693115,3.9749999046325684,3.9749999046325684,380035.0,3.9700000286102295,3.9800000190734863,3.9649999141693115,3.9749999046325684
2025-12-01T20:57:00Z,3.9800000190734863,3.9800000190734863,3.9700000286102295,3.9800000190734863,3.9800000190734863,41350.0,3.9800000190734863,3.9800000190734863,3.9700000286102295,3.9800000190734863
2025-12-01T20:58:00Z,3.9700000286102295,3.9800000190734863,3.9700000286102295,3.9749999046325684,3.9749999046325684,277026.0,3.9700000286102295,3.9800000190734863,3.9700000286102295,3.9749999046325684
2025-12-01T20:59:00Z,3.9800000190734863,4.005000114440918,3.9700000286102295,3.990000009536743,3.990000009536743,640460.0,3.9800000190734863,4.005000114440918,3.9700000286102295,3.990000009536743
2025-12-02T14:30:00Z,4.010000228881836,4.039899826049805,4.010000228881836,4.019999980926514,4.019999980926514,206253.0,4.010000228881836,4.039899826049805,4.010000228881836,4.019999980926514
2025-12-02T14:31:00Z,4.03000020980835,4.034999847412109,4.014999866485596,4.030300140380859,4.030300140380859,12991.0,4.03000020980835,4.034999847412109,4.014999866485596,4.030300140380859
2025-12-02T14:32:00Z,4.031400203704834,4.039899826049805,4.028600215911865,4.034999847412109,4.034999847412109,7553.0,4.031400203704834,4.039899826049805,4.028600215911865,4.034999847412109
2025-12-02T14:33:00Z,4.034999847412109,4.050000190734863,4.034999847412109,4.050000190734863,4.050000190734863,26376.0,4.034999847412109,4.050000190734863,4.034999847412109,4.050000190734863
2025-12-02T14:35:00Z,4.059999942779541,4.070000171661377,4.059999942779541,4.070000171661377,4.070000171661377,7000.0,4.059999942779541,4.070000171661377,4.059999942779541,4.070000171661377
2025-12-02T14:36:00Z,4.064700126647949,4.070000171661377,4.059999942779541,4.065000057220459,4.065000057220459,15082.0,4.064700126647949,4.070000171661377,4.059999942779541,4.065000057220459
2025-12-02T14:37:00Z,4.065000057220459,4.074999809265137,4.060100078582764,4.065000057220459,4.065000057220459,9511.0,4.065000057220459,4.074999809265137,4.060100078582764,4.065000057220459
2025-12-02T14:38:00Z,4.059999942779541,4.070000171661377,4.054999828338623,4.059999942779541,4.059999942779541,43733.0,4.059999942779541,4.070000171661377,4.054999828338623,4.059999942779541
2025-12-02T14:39:00Z,4.065000057220459,4.065000057220459,4.050000190734863,4.054999828338623,4.054999828338623,6740.0,4.065000057220459,4.065000057220459,4.050000190734863,4.054999828338623
2025-12-02T14:40:00Z,4.054999828338623,4.059999942779541,4.045000076293945,4.059999942779541,4.059999942779541,26258.0,4.054999828338623,4.059999942779541,4.045000076293945,4.059999942779541
2025-12-02T14:41:00Z,4.065000057220459,4.079999923706055,4.059999942779541,4.059999942779541,4.059999942779541,48825.0,4.065000057220459,4.079999923706055,4.059999942779541,4.059999942779541
2025-12-02T14:42:00Z,4.065000057220459,4.070000171661377,4.060100078582764,4.070000171661377,4.070000171661377,6563.0,4.065000057220459,4.070000171661377,4.060100078582764,4.070000171661377
2025-12-02T14:43:00Z,4.070000171661377,4.070000171661377,4.065000057220459,4.070000171661377,4.070000171661377,2575.0,4.070000171661377,4.070000171661377,4.065000057220459,4.070000171661377
2025-12-02T14:44:00Z,4.070000171661377,4.070000171661377,4.059999942779541,4.065000057220459,4.065000057220459,3881.0,4.070000171661377,4.070000171661377,4.059999942779541,4.065000057220459
2025-12-02T14:45:00Z,4.059999942779541,4.059999942779541,4.050000190734863,4.050000190734863,4.050000190734863,56617.0,4.059999942779541,4.059999942779541,4.050000190734863,4.050000190734863
2025-12-02T14:46:00Z,4.039999961853027,4.039999961853027,4.034999847412109,4.039999961853027,4.039999961853027,24098.0,4.039999961853027,4.039999961853027,4.034999847412109,4.039999961853027
2025-12-02T14:47:00Z,4.039999961853027,4.058599948883057,4.039999961853027,4.058599948883057,4.058599948883057,14183.0,4.039999961853027,4.058599948883057,4.039999961853027,4.058599948883057
2025-12-02T14:48:00Z,4.059999942779541,4.065000057220459,4.054699897766113,4.059999942779541,4.059999942779541,18904.0,4.059999942779541,4.065000057220459,4.054699897766113,4.059999942779541
2025-12-02T14:49:00Z,4.059999942779541,4.059999942779541,4.050000190734863,4.054999828338623,4.054999828338623,8784.0,4.059999942779541,4.059999942779541,4.050000190734863,4.054999828338623
2025-12-02T14:50:00Z,4.054999828338623,4.054999828338623,4.050099849700928,4.054999828338623,4.054999828338623,5553.0,4.054999828338623,4.054999828338623,4.050099849700928,4.054999828338623
2025-12-02T14:51:00Z,4.053500175476074,4.059999942779541,4.053500175476074,4.059999942779541,4.059999942779541,1133.0,4.053500175476074,4.059999942779541,4.053500175476074,4.059999942779541
2025-12-02T14:52:00Z,4.059999942779541,4.059999942779541,4.050000190734863,4.054999828338623,4.054999828338623,14080.0,4.059999942779541,4.059999942779541,4.050000190734863,4.054999828338623
2025-12-02T14:53:00Z,4.054999828338623,4.054999828338623,4.045000076293945,4.050099849700928,4.050099849700928,52089.0,4.054999828338623,4.054999828338623,4.045000076293945,4.050099849700928
2025-12-02T14:54:00Z,4.054999828338623,4.079999923706055,4.054999828338623,4.074999809265137,4.074999809265137,32852.0,4.054999828338623,4.079999923706055,4.054999828338623,4.074999809265137
2025-12-02T14:55:00Z,4.079999923706055,4.079999923706055,4.074999809265137,4.079999923706055,4.079999923706055,6390.0,4.079999923706055,4.079999923706055,4.074999809265137,4.079999923706055
2025-12-02T14:56:00Z,4.079999923706055,4.079999923706055,4.070000171661377,4.070199966430664,4.070199966430664,21495.0,4.079999923706055,4.079999923706055,4.070000171661377,4.070199966430664
2025-12-02T14:57:00Z,4.070099830627441,4.105000019073486,4.070099830627441,4.099999904632568,4.099999904632568,18703.0,4.070099830627441,4.105000019073486,4.070099830627441,4.099999904632568
2025-12-02T14:58:00Z,4.110000133514404,4.119999885559082,4.100100040435791,4.119999885559082,4.119999885559082,31041.0,4.110000133514404,4.119999885559082,4.100100040435791,4.119999885559082
2025-12-02T14:59:00Z,4.119999885559082,4.119999885559082,4.110000133514404,4.110000133514404,4.110000133514404,20582.0,4.119999885559082,4.119999885559082,4.110000133514404,4.110000133514404
2025-12-02T15:00:00Z,4.105000019073486,4.110000133514404,4.099999904632568,4.1082000732421875,4.1082000732421875,122995.0,4.105000019073486,4.110000133514404,4.099999904632568,4.1082000732421875
2025-12-02T15:01:00Z,4.105000019073486,4.105000019073486,4.090099811553955,4.095300197601318,4.095300197601318,35473.0,4.105000019073486,4.105000019073486,4.090099811553955,4.095300197601318
2025-12-02T15:02:00Z,4.090000152587891,4.09499979019165,4.084099769592285,4.084099769592285,4.084099769592285,304405.0,4.090000152587891,4.09499979019165,4.084099769592285,4.084099769592285
2025-12-02T15:03:00Z,4.090000152587891,4.110000133514404,4.079999923706055,4.105000019073486,4.105000019073486,87839.0,4.090000152587891,4.110000133514404,4.079999923706055,4.105000019073486
2025-12-02T15:04:00Z,4.105000019073486,4.110000133514404,4.104400157928467,4.108699798583984,4.108699798583984,38610.0,4.105000019073486,4.110000133514404,4.104400157928467,4.108699798583984
2025-12-02T15:05:00Z,4.109899997711182,4.110000133514404,4.105000019073486,4.110000133514404,4.110000133514404,10149.0,4.109899997711182,4.110000133514404,4.105000019073486,4.110000133514404
2025-12-02T15:06:00Z,4.105000019073486,4.110000133514404,4.103499889373779,4.105000019073486,4.105000019073486,6045.0,4.105000019073486,4.110000133514404,4.103499889373779,4.105000019073486
2025-12-02T15:07:00Z,4.105000019073486,4.114799976348877,4.099999904632568,4.114799976348877,4.114799976348877,34414.0,4.105000019073486,4.114799976348877,4.099999904632568,4.114799976348877
2025-12-02T15:08:00Z,4.111800193786621,4.119999885559082,4.110099792480469,4.119999885559082,4.119999885559082,3514.0,4.111800193786621,4.119999885559082,4.110099792480469,4.119999885559082
2025-12-02T15:09:00Z,4.114999771118164,4.119999885559082,4.111400127410889,4.119999885559082,4.119999885559082,5960.0,4.114999771118164,4.119999885559082,4.111400127410889,4.119999885559082
2025-12-02T15:10:00Z,4.119999885559082,4.119999885559082,4.099999904632568,4.105100154876709,4.105100154876709,14698.0,4.119999885559082,4.119999885559082,4.099999904632568,4.105100154876709
2025-12-02T15:11:00Z,4.099999904632568,4.099999904632568,4.090000152587891,4.093900203704834,4.093900203704834,22661.0,4.099999904632568,4.099999904632568,4.090000152587891,4.093900203704834
2025-12-02T15:12:00Z,4.09499979019165,4.109899997711182,4.090000152587891,4.109899997711182,4.109899997711182,20118.0,4.09499979019165,4.109899997711182,4.090000152587891,4.109899997711182
2025-12-02T15:13:00Z,4.100100040435791,4.110000133514404,4.100100040435791,4.1041998863220215,4.1041998863220215,5953.0,4.100100040435791,4.110000133514404,4.100100040435791,4.1041998863220215
2025-12-02T15:14:00Z,4.110000133514404,4.110000133514404,4.105000019073486,4.110000133514404,4.110000133514404,8038.0,4.110000133514404,4.110000133514404,4.105000019073486,4.110000133514404
2025-12-02T15:15:00Z,4.119999885559082,4.119999885559082,4.110000133514404,4.119999885559082,4.119999885559082,5597.0,4.119999885559082,4.119999885559082,4.110000133514404,4.119999885559082
2025-12-02T15:16:00Z,4.119999885559082,4.130000114440918,4.119999885559082,4.129899978637695,4.129899978637695,44092.0,4.119999885559082,4.130000114440918,4.119999885559082,4.129899978637695
2025-12-02T15:17:00Z,4.130000114440918,4.150000095367432,4.130000114440918,4.144000053405762,4.144000053405762,16646.0,4.130000114440918,4.150000095367432,4.130000114440918,4.144000053405762
2025-12-02T15:18:00Z,4.139999866485596,4.139999866485596,4.135000228881836,4.139999866485596,4.139999866485596,8969.0,4.139999866485596,4.139999866485596,4.135000228881836,4.139999866485596
2025-12-02T15:19:00Z,4.135000228881836,4.139999866485596,4.125,4.129899978637695,4.129899978637695,5975.0,4.135000228881836,4.139999866485596,4.125,4.129899978637695
2025-12-02T15:20:00Z,4.125199794769287,4.125199794769287,4.114999771118164,4.114999771118164,4.114999771118164,7732.0,4.125199794769287,4.125199794769287,4.114999771118164,4.114999771118164
2025-12-02T15:21:00Z,4.119999885559082,4.119999885559082,4.110000133514404,4.118000030517578,4.118000030517578,14638.0,4.119999885559082,4.119999885559082,4.110000133514404,4.118000030517578
2025-12-02T15:22:00Z,4.119999885559082,4.119999885559082,4.110000133514404,4.114999771118164,4.114999771118164,27043.0,4.119999885559082,4.119999885559082,4.110000133514404,4.114999771118164
2025-12-02T15:23:00Z,4.114999771118164,4.119999885559082,4.110000133514404,4.114999771118164,4.114999771118164,49869.0,4.114999771118164,4.119999885559082,4.110000133514404,4.114999771118164
2025-12-02T15:24:00Z,4.110000133514404,4.114999771118164,4.110000133514404,4.110000133514404,4.110000133514404,3856.0,4.110000133514404,4.114999771118164,4.110000133514404,4.110000133514404
2025-12-02T15:25:00Z,4.114999771118164,4.119999885559082,4.110000133514404,4.110000133514404,4.110000133514404,17991.0,4.114999771118164,4.119999885559082,4.110000133514404,4.110000133514404
2025-12-02T15:26:00Z,4.119900226593018,4.119999885559082,4.105000019073486,4.119999885559082,4.119999885559082,33619.0,4.119900226593018,4.119999885559082,4.105000019073486,4.119999885559082
2025-12-02T15:27:00Z,4.114999771118164,4.114999771118164,4.110000133514404,4.110000133514404,4.110000133514404,4592.0,4.114999771118164,4.114999771118164,4.110000133514404,4.110000133514404
2025-12-02T15:28:00Z,4.114999771118164,4.119999885559082,4.110000133514404,4.114999771118164,4.114999771118164,2650.0,4.114999771118164,4.119999885559082,4.110000133514404,4.114999771118164
2025-12-02T15:29:00Z,4.110000133514404,4.119999885559082,4.110000133514404,4.118000030517578,4.118000030517578,3037.0,4.110000133514404,4.119999885559082,4.110000133514404,4.118000030517578
2025-12-02T15:30:00Z,4.114999771118164,4.114999771118164,4.105000019073486,4.110099792480469,4.110099792480469,24127.0,4.114999771118164,4.114999771118164,4.105000019073486,4.110099792480469
2025-12-02T15:31:00Z,4.119900226593018,4.119999885559082,4.110000133514404,4.114999771118164,4.114999771118164,10145.0,4.119900226593018,4.119999885559082,4.110000133514404,4.114999771118164
2025-12-02T15:32:00Z,4.114999771118164,4.114999771118164,4.110000133514404,4.110000133514404,4.110000133514404,1959.0,4.114999771118164,4.114999771118164,4.110000133514404,4.110000133514404
2025-12-02T15:33:00Z,4.114999771118164,4.119999885559082,4.105000019073486,4.105000019073486,4.105000019073486,16905.0,4.114999771118164,4.119999885559082,4.105000019073486,4.105000019073486
2025-12-02T15:34:00Z,4.105000019073486,4.108500003814697,4.099999904632568,4.099999904632568,4.099999904632568,8956.0,4.105000019073486,4.108500003814697,4.099999904632568,4.099999904632568
2025-12-02T15:35:00Z,4.105000019073486,4.110000133514404,4.099999904632568,4.110000133514404,4.110000133514404,18087.0,4.105000019073486,4.110000133514404,4.099999904632568,4.110000133514404
2025-12-02T15:36:00Z,4.114999771118164,4.114999771118164,4.114999771118164,4.114999771118164,4.114999771118164,127.0,4.114999771118164,4.114999771118164,4.114999771118164,4.114999771118164
2025-12-02T15:37:00Z,4.114999771118164,4.119999885559082,4.114999771118164,4.114999771118164,4.114999771118164,1584.0,4.114999771118164,4.119999885559082,4.114999771118164,4.114999771118164
2025-12-02T15:38:00Z,4.110099792480469,4.119900226593018,4.110000133514404,4.119900226593018,4.119900226593018,1348.0,4.110099792480469,4.119900226593018,4.110000133514404,4.119900226593018
2025-12-02T15:39:00Z,4.110000133514404,4.114999771118164,4.105000019073486,4.105000019073486,4.105000019073486,67102.0,4.110000133514404,4.114999771118164,4.105000019073486,4.105000019073486
2025-12-02T15:40:00Z,4.105000019073486,4.125,4.105000019073486,4.114999771118164,4.114999771118164,53980.0,4.105000019073486,4.125,4.105000019073486,4.114999771118164
2025-12-02T15:43:00Z,4.119999885559082,4.119999885559082,4.114999771118164,4.114999771118164,4.114999771118164,112204.0,4.119999885559082,4.119999885559082,4.114999771118164,4.114999771118164
2025-12-02T15:44:00Z,4.110000133514404,4.110000133514404,4.110000133514404,4.110000133514404,4.110000133514404,570.0,4.110000133514404,4.110000133514404,4.110000133514404,4.110000133514404
2025-12-02T15:45:00Z,4.110000133514404,4.114999771118164,4.105000019073486,4.114999771118164,4.114999771118164,71343.0,4.110000133514404,4.114999771118164,4.105000019073486,4.114999771118164
2025-12-02T15:46:00Z,4.119900226593018,4.119900226593018,4.119900226593018,4.119900226593018,4.119900226593018,441.0,4.119900226593018,4.119900226593018,4.119900226593018,4.119900226593018
2025-12-02T15:47:00Z,4.114999771118164,4.114999771118164,4.110000133514404,4.114999771118164,4.114999771118164,8904.0,4.114999771118164,4.114999771118164,4.110000133514404,4.114999771118164
2025-12-02T15:48:00Z,4.114999771118164,4.127099990844727,4.110000133514404,4.127099990844727,4.127099990844727,25004.0,4.114999771118164,4.127099990844727,4.110000133514404,4.127099990844727
2025-12-02T15:49:00Z,4.130000114440918,4.130000114440918,4.119999885559082,4.119999885559082,4.119999885559082,13427.0,4.130000114440918,4.130000114440918,4.119999885559082,4.119999885559082
2025-12-02T15:50:00Z,4.130000114440918,4.130000114440918,4.125,4.125,4.125,11332.0,4.130000114440918,4.130000114440918,4.125,4.125
2025-12-02T15:51:00Z,4.125,4.130000114440918,4.1230998039245605,4.125,4.125,16969.0,4.125,4.130000114440918,4.1230998039245605,4.125
2025-12-02T15:52:00Z,4.130000114440918,4.130000114440918,4.125,4.125,4.125,8463.0,4.130000114440918,4.130000114440918,4.125,4.125
2025-12-02T15:53:00Z,4.125,4.130000114440918,4.124599933624268,4.125,4.125,5615.0,4.125,4.130000114440918,4.124599933624268,4.125
2025-12-02T15:54:00Z,4.130000114440918,4.130000114440918,4.120100021362305,4.125500202178955,4.125500202178955,4780.0,4.130000114440918,4.130000114440918,4.120100021362305,4.125500202178955
2025-12-02T15:55:00Z,4.125,4.125500202178955,4.105000019073486,4.105000019073486,4.105000019073486,21053.0,4.125,4.125500202178955,4.105000019073486,4.105000019073486
2025-12-02T15:56:00Z,4.099999904632568,4.105100154876709,4.099999904632568,4.105000019073486,4.105000019073486,36663.0,4.099999904632568,4.105100154876709,4.099999904632568,4.105000019073486
2025-12-02T15:57:00Z,4.099999904632568,4.105000019073486,4.099999904632568,4.102499961853027,4.102499961853027,7696.0,4.099999904632568,4.105000019073486,4.099999904632568,4.102499961853027
2025-12-02T15:58:00Z,4.099999904632568,4.105000019073486,4.091800212860107,4.105000019073486,4.105000019073486,37981.0,4.099999904632568,4.105000019073486,4.091800212860107,4.105000019073486
2025-12-02T15:59:00Z,4.099999904632568,4.105000019073486,4.099999904632568,4.105000019073486,4.105000019073486,1432.0,4.099999904632568,4.105000019073486,4.099999904632568,4.105000019073486
2025-12-02T16:00:00Z,4.105000019073486,4.110000133514404,4.09499979019165,4.105000019073486,4.105000019073486,28236.0,4.105000019073486,4.110000133514404,4.09499979019165,4.105000019073486
2025-12-02T16:01:00Z,4.105599880218506,4.110000133514404,4.100100040435791,4.105000019073486,4.105000019073486,3818.0,4.105599880218506,4.110000133514404,4.100100040435791,4.105000019073486
2025-12-02T16:02:00Z,4.110000133514404,4.110000133514404,4.105000019073486,4.105000019073486,4.105000019073486,4604.0,4.110000133514404,4.110000133514404,4.105000019073486,4.105000019073486
2025-12-02T16:03:00Z,4.110000133514404,4.110000133514404,4.104499816894531,4.105000019073486,4.105000019073486,33533.0,4.110000133514404,4.110000133514404,4.104499816894531,4.105000019073486
2025-12-02T16:04:00Z,4.107999801635742,4.107999801635742,4.099999904632568,4.099999904632568,4.099999904632568,32239.0,4.107999801635742,4.107999801635742,4.099999904632568,4.099999904632568
2025-12-02T16:05:00Z,4.105000019073486,4.105000019073486,4.090000152587891,4.090000152587891,4.090000152587891,32169.0,4.105000019073486,4.105000019073486,4.090000152587891,4.090000152587891
2025-12-02T16:06:00Z,4.09499979019165,4.099999904632568,4.090000152587891,4.090000152587891,4.090000152587891,5249.0,4.09499979019165,4.099999904632568,4.090000152587891,4.090000152587891
2025-12-02T16:07:00Z,4.09499979019165,4.09499979019165,4.090000152587891,4.09499979019165,4.09499979019165,4950.0,4.09499979019165,4.09499979019165,4.090000152587891,4.09499979019165
2025-12-02T16:08:00Z,4.099999904632568,4.099999904632568,4.09499979019165,4.09499979019165,4.09499979019165,13769.0,4.099999904632568,4.099999904632568,4.09499979019165,4.09499979019165
2025-12-02T16:09:00Z,4.09499979019165,4.099999904632568,4.079999923706055,4.0817999839782715,4.0817999839782715,40129.0,4.09499979019165,4.099999904632568,4.079999923706055,4.0817999839782715
2025-12-02T16:10:00Z,4.079999923706055,4.085000038146973,4.079999923706055,4.081399917602539,4.081399917602539,9849.0,4.079999923706055,4.085000038146973,4.079999923706055,4.081399917602539
2025-12-02T16:11:00Z,4.079999923706055,4.085000038146973,4.079999923706055,4.085000038146973,4.085000038146973,2487.0,4.079999923706055,4.085000038146973,4.079999923706055,4.085000038146973
2025-12-02T16:12:00Z,4.079999923706055,4.079999923706055,4.065000057220459,4.065000057220459,4.065000057220459,21985.0,4.079999923706055,4.079999923706055,4.065000057220459,4.065000057220459
2025-12-02T16:13:00Z,4.060100078582764,4.070000171661377,4.059999942779541,4.059999942779541,4.059999942779541,1139954.0,4.060100078582764,4.070000171661377,4.059999942779541,4.059999942779541
2025-12-02T16:15:00Z,4.065000057220459,4.065299987792969,4.059999942779541,4.059999942779541,4.059999942779541,11547.0,4.065000057220459,4.065299987792969,4.059999942779541,4.059999942779541
2025-12-02T16:16:00Z,4.059999942779541,4.070000171661377,4.059999942779541,4.065000057220459,4.065000057220459,17841.0,4.059999942779541,4.070000171661377,4.059999942779541,4.065000057220459
2025-12-02T16:17:00Z,4.059999942779541,4.070000171661377,4.059999942779541,4.065000057220459,4.065000057220459,2509.0,4.059999942779541,4.070000171661377,4.059999942779541,4.065000057220459
2025-12-02T16:18:00Z,4.059999942779541,4.065000057220459,4.059999942779541,4.065000057220459,4.065000057220459,4812.0,4.059999942779541,4.065000057220459,4.059999942779541,4.065000057220459
2025-12-02T16:19:00Z,4.059999942779541,4.065000057220459,4.050000190734863,4.054999828338623,4.054999828338623,22586.0,4.059999942779541,4.065000057220459,4.050000190734863,4.054999828338623
2025-12-02T16:20:00Z,4.050000190734863,4.055200099945068,4.050000190734863,4.050000190734863,4.050000190734863,1922.0,4.050000190734863,4.055200099945068,4.050000190734863,4.050000190734863
2025-12-02T16:21:00Z,4.054999828338623,4.059999942779541,4.050000190734863,4.050000190734863,4.050000190734863,7317.0,4.054999828338623,4.059999942779541,4.050000190734863,4.050000190734863
2025-12-02T16:22:00Z,4.050000190734863,4.050000190734863,4.03000020980835,4.034999847412109,4.034999847412109,13139.0,4.050000190734863,4.050000190734863,4.03000020980835,4.034999847412109
2025-12-02T16:23:00Z,4.034999847412109,4.036200046539307,4.019999980926514,4.019999980926514,4.019999980926514,18244.0,4.034999847412109,4.036200046539307,4.019999980926514,4.019999980926514
2025-12-02T16:24:00Z,4.019999980926514,4.0254998207092285,4.019999980926514,4.0254998207092285,4.0254998207092285,12092.0,4.019999980926514,4.0254998207092285,4.019999980926514,4.0254998207092285
2025-12-02T16:25:00Z,4.03000020980835,4.03000020980835,4.019999980926514,4.020100116729736,4.020100116729736,10934.0,4.03000020980835,4.03000020980835,4.019999980926514,4.020100116729736
2025-12-02T16:26:00Z,4.025000095367432,4.03000020980835,4.019999980926514,4.025000095367432,4.025000095367432,2480.0,4.025000095367432,4.03000020980835,4.019999980926514,4.025000095367432
2025-12-02T16:27:00Z,4.019999980926514,4.029900074005127,4.019999980926514,4.019999980926514,4.019999980926514,6880.0,4.019999980926514,4.029900074005127,4.019999980926514,4.019999980926514
2025-12-02T16:28:00Z,4.019999980926514,4.025000095367432,4.019999980926514,4.019999980926514,4.019999980926514,1591.0,4.019999980926514,4.025000095367432,4.019999980926514,4.019999980926514
2025-12-02T16:29:00Z,4.019999980926514,4.025000095367432,4.019999980926514,4.022200107574463,4.022200107574463,1411.0,4.019999980926514,4.025000095367432,4.019999980926514,4.022200107574463
2025-12-02T16:30:00Z,4.025000095367432,4.03000020980835,4.019999980926514,4.029900074005127,4.029900074005127,21909.0,4.025000095367432,4.03000020980835,4.019999980926514,4.029900074005127
2025-12-02T16:31:00Z,4.019999980926514,4.025000095367432,4.019999980926514,4.025000095367432,4.025000095367432,4895.0,4.019999980926514,4.025000095367432,4.019999980926514,4.025000095367432
2025-12-02T16:32:00Z,4.025000095367432,4.025199890136719,4.014999866485596,4.019999980926514,4.019999980926514,130350.0,4.025000095367432,4.025199890136719,4.014999866485596,4.019999980926514
2025-12-02T16:33:00Z,4.019899845123291,4.03000020980835,4.019899845123291,4.025000095367432,4.025000095367432,36738.0,4.019899845123291,4.03000020980835,4.019899845123291,4.025000095367432
2025-12-02T16:34:00Z,4.025000095367432,4.03000020980835,4.019999980926514,4.019999980926514,4.019999980926514,6218.0,4.025000095367432,4.03000020980835,4.019999980926514,4.019999980926514
2025-12-02T16:35:00Z,4.03000020980835,4.034999847412109,4.019999980926514,4.034999847412109,4.034999847412109,20092.0,4.03000020980835,4.034999847412109,4.019999980926514,4.034999847412109
2025-12-02T16:36:00Z,4.039899826049805,4.046999931335449,4.0345001220703125,4.045000076293945,4.045000076293945,10710.0,4.039899826049805,4.046999931335449,4.0345001220703125,4.045000076293945
2025-12-02T16:37:00Z,4.039999961853027,4.050000190734863,4.039999961853027,4.045000076293945,4.045000076293945,5031.0,4.039999961853027,4.050000190734863,4.039999961853027,4.045000076293945
2025-12-02T16:38:00Z,4.050000190734863,4.050000190734863,4.045000076293945,4.045000076293945,4.045000076293945,1344248.0,4.050000190734863,4.050000190734863,4.045000076293945,4.045000076293945
2025-12-02T16:40:00Z,4.045000076293945,4.048699855804443,4.045000076293945,4.045000076293945,4.045000076293945,21813.0,4.045000076293945,4.048699855804443,4.045000076293945,4.045000076293945
2025-12-02T16:41:00Z,4.045000076293945,4.054999828338623,4.040200233459473,4.045000076293945,4.045000076293945,46853.0,4.045000076293945,4.054999828338623,4.040200233459473,4.045000076293945
2025-12-02T16:42:00Z,4.045000076293945,4.045400142669678,4.041800022125244,4.041800022125244,4.041800022125244,7167.0,4.045000076293945,4.045400142669678,4.041800022125244,4.041800022125244
2025-12-02T16:43:00Z,4.039999961853027,4.045000076293945,4.039999961853027,4.039999961853027,4.039999961853027,630.0,4.039999961853027,4.045000076293945,4.039999961853027,4.039999961853027
2025-12-02T16:44:00Z,4.043600082397461,4.043600082397461,4.039999961853027,4.039999961853027,4.039999961853027,5172.0,4.043600082397461,4.043600082397461,4.039999961853027,4.039999961853027
2025-12-02T16:45:00Z,4.039999961853027,4.050000190734863,4.034999847412109,4.045000076293945,4.045000076293945,54992.0,4.039999961853027,4.050000190734863,4.034999847412109,4.045000076293945
2025-12-02T16:46:00Z,4.045000076293945,4.050000190734863,4.039999961853027,4.045000076293945,4.045000076293945,6637.0,4.045000076293945,4.050000190734863,4.039999961853027,4.045000076293945
2025-12-02T16:47:00Z,4.039999961853027,4.045000076293945,4.039999961853027,4.039999961853027,4.039999961853027,3115.0,4.039999961853027,4.045000076293945,4.039999961853027,4.039999961853027
2025-12-02T16:48:00Z,4.045000076293945,4.045000076293945,4.039999961853027,4.039999961853027,4.039999961853027,3688.0,4.045000076293945,4.045000076293945,4.039999961853027,4.039999961853027
2025-12-02T16:49:00Z,4.039999961853027,4.039999961853027,4.0335001945495605,4.034999847412109,4.034999847412109,9459.0,4.039999961853027,4.039999961853027,4.0335001945495605,4.034999847412109
2025-12-02T16:50:00Z,4.034999847412109,4.03849983215332,4.034999847412109,4.034999847412109,4.034999847412109,4361.0,4.034999847412109,4.03849983215332,4.034999847412109,4.034999847412109
2025-12-02T16:51:00Z,4.034999847412109,4.034999847412109,4.03000020980835,4.034999847412109,4.034999847412109,14004.0,4.034999847412109,4.034999847412109,4.03000020980835,4.034999847412109
2025-12-02T16:52:00Z,4.039999961853027,4.039999961853027,4.034999847412109,4.034999847412109,4.034999847412109,27319.0,4.039999961853027,4.039999961853027,4.034999847412109,4.034999847412109
2025-12-02T16:53:00Z,4.034999847412109,4.039999961853027,4.030300140380859,4.039899826049805,4.039899826049805,56251.0,4.034999847412109,4.039999961853027,4.030300140380859,4.039899826049805
2025-12-02T16:54:00Z,4.034999847412109,4.045000076293945,4.034999847412109,4.04010009765625,4.04010009765625,29794.0,4.034999847412109,4.045000076293945,4.034999847412109,4.04010009765625
2025-12-02T16:55:00Z,4.045000076293945,4.0457000732421875,4.04449987411499,4.04449987411499,4.04449987411499,3528.0,4.045000076293945,4.0457000732421875,4.04449987411499,4.04449987411499
2025-12-02T16:56:00Z,4.045000076293945,4.050000190734863,4.04449987411499,4.045000076293945,4.045000076293945,10298.0,4.045000076293945,4.050000190734863,4.04449987411499,4.045000076293945
2025-12-02T16:57:00Z,4.045000076293945,4.045000076293945,4.039999961853027,4.039999961853027,4.039999961853027,8030.0,4.045000076293945,4.045000076293945,4.039999961853027,4.039999961853027
2025-12-02T16:58:00Z,4.039999961853027,4.0457000732421875,4.039999961853027,4.0457000732421875,4.0457000732421875,6714.0,4.039999961853027,4.0457000732421875,4.039999961853027,4.0457000732421875
2025-12-02T16:59:00Z,4.04010009765625,4.049900054931641,4.030099868774414,4.039999961853027,4.039999961853027,39550.0,4.04010009765625,4.049900054931641,4.030099868774414,4.039999961853027
2025-12-02T17:00:00Z,4.045000076293945,4.045000076293945,4.04010009765625,4.045000076293945,4.045000076293945,6954.0,4.045000076293945,4.045000076293945,4.04010009765625,4.045000076293945
2025-12-02T17:01:00Z,4.050000190734863,4.055500030517578,4.045000076293945,4.050000190734863,4.050000190734863,25673.0,4.050000190734863,4.055500030517578,4.045000076293945,4.050000190734863
2025-12-02T17:02:00Z,4.054999828338623,4.054999828338623,4.054999828338623,4.054999828338623,4.054999828338623,1758.0,4.054999828338623,4.054999828338623,4.054999828338623,4.054999828338623
2025-12-02T17:03:00Z,4.054999828338623,4.059999942779541,4.050099849700928,4.059999942779541,4.059999942779541,11784.0,4.054999828338623,4.059999942779541,4.050099849700928,4.059999942779541
2025-12-02T17:04:00Z,4.054999828338623,4.059999942779541,4.054999828338623,4.054999828338623,4.054999828338623,1356.0,4.054999828338623,4.059999942779541,4.054999828338623,4.054999828338623
2025-12-02T17:05:00Z,4.054999828338623,4.054999828338623,4.054999828338623,4.054999828338623,4.054999828338623,1886.0,4.054999828338623,4.054999828338623,4.054999828338623,4.054999828338623
2025-12-02T17:06:00Z,4.054999828338623,4.059999942779541,4.050000190734863,4.052499771118164,4.052499771118164,2825.0,4.054999828338623,4.059999942779541,4.050000190734863,4.052499771118164
2025-12-02T17:07:00Z,4.054999828338623,4.054999828338623,4.04010009765625,4.045000076293945,4.045000076293945,16390.0,4.054999828338623,4.054999828338623,4.04010009765625,4.045000076293945
2025-12-02T17:08:00Z,4.045000076293945,4.045000076293945,4.042300224304199,4.045000076293945,4.045000076293945,6626.0,4.045000076293945,4.045000076293945,4.042300224304199,4.045000076293945
2025-12-02T17:09:00Z,4.045000076293945,4.045000076293945,4.039999961853027,4.039999961853027,4.039999961853027,1182.0,4.045000076293945,4.045000076293945,4.039999961853027,4.039999961853027
2025-12-02T17:10:00Z,4.045000076293945,4.045000076293945,4.039999961853027,4.045000076293945,4.045000076293945,2371.0,4.045000076293945,4.045000076293945,4.039999961853027,4.045000076293945
2025-12-02T17:11:00Z,4.045000076293945,4.049900054931641,4.039999961853027,4.0447998046875,4.0447998046875,6307.0,4.045000076293945,4.049900054931641,4.039999961853027,4.0447998046875
2025-12-02T17:12:00Z,4.050000190734863,4.050000190734863,4.039999961853027,4.048600196838379,4.048600196838379,1430.0,4.050000190734863,4.050000190734863,4.039999961853027,4.048600196838379
2025-12-02T17:13:00Z,4.050000190734863,4.050000190734863,4.039999961853027,4.045400142669678,4.045400142669678,52830.0,4.050000190734863,4.050000190734863,4.039999961853027,4.045400142669678
2025-12-02T17:14:00Z,4.050000190734863,4.050000190734863,4.0406999588012695,4.041500091552734,4.041500091552734,6792.0,4.050000190734863,4.050000190734863,4.0406999588012695,4.041500091552734
2025-12-02T17:15:00Z,4.045000076293945,4.049900054931641,4.04010009765625,4.049900054931641,4.049900054931641,497.0,4.045000076293945,4.049900054931641,4.04010009765625,4.049900054931641
2025-12-02T17:16:00Z,4.045000076293945,4.050000190734863,4.045000076293945,4.050000190734863,4.050000190734863,9146.0,4.045000076293945,4.050000190734863,4.045000076293945,4.050000190734863
2025-12-02T17:17:00Z,4.050000190734863,4.059999942779541,4.045000076293945,4.050000190734863,4.050000190734863,39515.0,4.050000190734863,4.059999942779541,4.045000076293945,4.050000190734863
2025-12-02T17:18:00Z,4.059999942779541,4.059999942779541,4.050000190734863,4.059999942779541,4.059999942779541,6434.0,4.059999942779541,4.059999942779541,4.050000190734863,4.059999942779541
2025-12-02T17:19:00Z,4.059999942779541,4.059999942779541,4.050000190734863,4.054500102996826,4.054500102996826,13695.0,4.059999942779541,4.059999942779541,4.050000190734863,4.054500102996826
2025-12-02T17:20:00Z,4.059999942779541,4.070000171661377,4.059999942779541,4.059999942779541,4.059999942779541,17188.0,4.059999942779541,4.070000171661377,4.059999942779541,4.059999942779541
2025-12-02T17:21:00Z,4.059999942779541,4.070000171661377,4.059999942779541,4.059999942779541,4.059999942779541,8570.0,4.059999942779541,4.070000171661377,4.059999942779541,4.059999942779541
2025-12-02T17:22:00Z,4.065000057220459,4.070000171661377,4.059999942779541,4.059999942779541,4.059999942779541,4963.0,4.065000057220459,4.070000171661377,4.059999942779541,4.059999942779541
2025-12-02T17:23:00Z,4.065000057220459,4.070000171661377,4.059999942779541,4.059999942779541,4.059999942779541,2877.0,4.065000057220459,4.070000171661377,4.059999942779541,4.059999942779541
2025-12-02T17:24:00Z,4.065000057220459,4.070000171661377,4.059999942779541,4.059999942779541,4.059999942779541,8998.0,4.065000057220459,4.070000171661377,4.059999942779541,4.059999942779541
2025-12-02T17:25:00Z,4.065000057220459,4.065000057220459,4.059999942779541,4.059999942779541,4.059999942779541,1940.0,4.065000057220459,4.065000057220459,4.059999942779541,4.059999942779541
2025-12-02T17:26:00Z,4.059999942779541,4.065999984741211,4.059999942779541,4.060100078582764,4.060100078582764,5712.0,4.059999942779541,4.065999984741211,4.059999942779541,4.060100078582764
2025-12-02T17:27:00Z,4.059999942779541,4.070000171661377,4.059999942779541,4.065000057220459,4.065000057220459,12396.0,4.059999942779541,4.070000171661377,4.059999942779541,4.065000057220459
2025-12-02T17:28:00Z,4.065000057220459,4.065000057220459,4.059999942779541,4.059999942779541,4.059999942779541,1850.0,4.065000057220459,4.065000057220459,4.059999942779541,4.059999942779541
2025-12-02T17:29:00Z,4.070000171661377,4.070000171661377,4.059999942779541,4.059999942779541,4.059999942779541,3186.0,4.070000171661377,4.070000171661377,4.059999942779541,4.059999942779541
2025-12-02T17:30:00Z,4.065000057220459,4.070000171661377,4.059999942779541,4.059999942779541,4.059999942779541,8142.0,4.065000057220459,4.070000171661377,4.059999942779541,4.059999942779541
2025-12-02T17:31:00Z,4.066500186920166,4.070000171661377,4.059999942779541,4.070000171661377,4.070000171661377,5026.0,4.066500186920166,4.070000171661377,4.059999942779541,4.070000171661377
2025-12-02T17:32:00Z,4.065000057220459,4.070000171661377,4.059999942779541,4.059999942779541,4.059999942779541,40926.0,4.065000057220459,4.070000171661377,4.059999942779541,4.059999942779541
2025-12-02T17:33:00Z,4.070000171661377,4.070000171661377,4.059999942779541,4.065000057220459,4.065000057220459,6140.0,4.070000171661377,4.070000171661377,4.059999942779541,4.065000057220459
2025-12-02T17:34:00Z,4.070000171661377,4.070000171661377,4.059999942779541,4.065000057220459,4.065000057220459,19975.0,4.070000171661377,4.070000171661377,4.059999942779541,4.065000057220459
2025-12-02T17:35:00Z,4.065000057220459,4.070000171661377,4.059999942779541,4.065000057220459,4.065000057220459,1690224.0,4.065000057220459,4.070000171661377,4.059999942779541,4.065000057220459
2025-12-02T17:37:00Z,4.060100078582764,4.070000171661377,4.059999942779541,4.070000171661377,4.070000171661377,1685556.0,4.060100078582764,4.070000171661377,4.059999942779541,4.070000171661377
2025-12-02T17:39:00Z,4.054999828338623,4.059999942779541,4.050000190734863,4.054999828338623,4.054999828338623,45864.0,4.054999828338623,4.059999942779541,4.050000190734863,4.054999828338623
2025-12-02T17:40:00Z,4.054999828338623,4.059999942779541,4.050000190734863,4.054999828338623,4.054999828338623,5945.0,4.054999828338623,4.059999942779541,4.050000190734863,4.054999828338623
2025-12-02T17:41:00Z,4.051799774169922,4.079999923706055,4.050000190734863,4.070000171661377,4.070000171661377,45765.0,4.051799774169922,4.079999923706055,4.050000190734863,4.070000171661377
2025-12-02T17:42:00Z,4.070000171661377,4.079999923706055,4.070000171661377,4.070000171661377,4.070000171661377,11906.0,4.070000171661377,4.079999923706055,4.070000171661377,4.070000171661377
2025-12-02T17:43:00Z,4.070000171661377,4.079999923706055,4.070000171661377,4.079999923706055,4.079999923706055,5771.0,4.070000171661377,4.079999923706055,4.070000171661377,4.079999923706055
2025-12-02T17:44:00Z,4.079999923706055,4.079999923706055,4.070000171661377,4.070000171661377,4.070000171661377,2531.0,4.079999923706055,4.079999923706055,4.070000171661377,4.070000171661377
2025-12-02T17:45:00Z,4.074999809265137,4.079999923706055,4.070000171661377,4.079999923706055,4.079999923706055,5017.0,4.074999809265137,4.079999923706055,4.070000171661377,4.079999923706055
2025-12-02T17:46:00Z,4.073800086975098,4.079999923706055,4.070000171661377,4.070000171661377,4.070000171661377,4642.0,4.073800086975098,4.079999923706055,4.070000171661377,4.070000171661377
2025-12-02T17:47:00Z,4.079999923706055,4.079999923706055,4.070000171661377,4.074999809265137,4.074999809265137,4369.0,4.079999923706055,4.079999923706055,4.070000171661377,4.074999809265137
2025-12-02T17:48:00Z,4.070000171661377,4.079999923706055,4.070000171661377,4.079999923706055,4.079999923706055,3265.0,4.070000171661377,4.079999923706055,4.070000171661377,4.079999923706055
2025-12-02T17:49:00Z,4.079999923706055,4.079999923706055,4.059999942779541,4.060100078582764,4.060100078582764,23773.0,4.079999923706055,4.079999923706055,4.059999942779541,4.060100078582764
2025-12-02T17:50:00Z,4.070000171661377,4.070000171661377,4.059999942779541,4.059999942779541,4.059999942779541,5465.0,4.070000171661377,4.070000171661377,4.059999942779541,4.059999942779541
2025-12-02T17:51:00Z,4.070000171661377,4.070000171661377,4.050000190734863,4.054999828338623,4.054999828338623,19451.0,4.070000171661377,4.070000171661377,4.050000190734863,4.054999828338623
2025-12-02T17:52:00Z,4.054999828338623,4.059999942779541,4.050000190734863,4.050000190734863,4.050000190734863,16609.0,4.054999828338623,4.059999942779541,4.050000190734863,4.050000190734863
2025-12-02T17:53:00Z,4.050000190734863,4.057600021362305,4.050000190734863,4.050000190734863,4.050000190734863,6995.0,4.050000190734863,4.057600021362305,4.050000190734863,4.050000190734863
2025-12-02T17:54:00Z,4.050000190734863,4.059999942779541,4.050000190734863,4.059999942779541,4.059999942779541,2348.0,4.050000190734863,4.059999942779541,4.050000190734863,4.059999942779541
2025-12-02T17:55:00Z,4.050000190734863,4.054999828338623,4.050000190734863,4.050000190734863,4.050000190734863,4635.0,4.050000190734863,4.054999828338623,4.050000190734863,4.050000190734863
2025-12-02T17:56:00Z,4.054999828338623,4.054999828338623,4.034999847412109,4.039999961853027,4.039999961853027,55112.0,4.054999828338623,4.054999828338623,4.034999847412109,4.039999961853027
2025-12-02T17:57:00Z,4.050000190734863,4.050000190734863,4.039999961853027,4.04010009765625,4.04010009765625,2012.0,4.050000190734863,4.050000190734863,4.039999961853027,4.04010009765625
2025-12-02T17:58:00Z,4.039999961853027,4.050000190734863,4.039999961853027,4.045000076293945,4.045000076293945,1932.0,4.039999961853027,4.050000190734863,4.039999961853027,4.045000076293945
2025-12-02T17:59:00Z,4.045000076293945,4.045000076293945,4.045000076293945,4.045000076293945,4.045000076293945,190.0,4.045000076293945,4.045000076293945,4.045000076293945,4.045000076293945
2025-12-02T18:00:00Z,4.039999961853027,4.039999961853027,4.03000020980835,4.034999847412109,4.034999847412109,56206.0,4.039999961853027,4.039999961853027,4.03000020980835,4.034999847412109
2025-12-02T18:01:00Z,4.03000020980835,4.039999961853027,4.03000020980835,4.03980016708374,4.03980016708374,4373.0,4.03000020980835,4.039999961853027,4.03000020980835,4.03980016708374
2025-12-02T18:02:00Z,4.03000020980835,4.039999961853027,4.03000020980835,4.039999961853027,4.039999961853027,3597.0,4.03000020980835,4.039999961853027,4.03000020980835,4.039999961853027
2025-12-02T18:03:00Z,4.034999847412109,4.039999961853027,4.034999847412109,4.039899826049805,4.039899826049805,1876.0,4.034999847412109,4.039999961853027,4.034999847412109,4.039899826049805
2025-12-02T18:04:00Z,4.034999847412109,4.034999847412109,4.03000020980835,4.034999847412109,4.034999847412109,5380.0,4.034999847412109,4.034999847412109,4.03000020980835,4.034999847412109
2025-12-02T18:05:00Z,4.030700206756592,4.034999847412109,4.030700206756592,4.034999847412109,4.034999847412109,6029.0,4.030700206756592,4.034999847412109,4.030700206756592,4.034999847412109
2025-12-02T18:06:00Z,4.03000020980835,4.039999961853027,4.03000020980835,4.039899826049805,4.039899826049805,15176.0,4.03000020980835,4.039999961853027,4.03000020980835,4.039899826049805
2025-12-02T18:07:00Z,4.03980016708374,4.054999828338623,4.034999847412109,4.039999961853027,4.039999961853027,73551.0,4.03980016708374,4.054999828338623,4.034999847412109,4.039999961853027
2025-12-02T18:08:00Z,4.050000190734863,4.050000190734863,4.039999961853027,4.045000076293945,4.045000076293945,8709.0,4.050000190734863,4.050000190734863,4.039999961853027,4.045000076293945
2025-12-02T18:09:00Z,4.039999961853027,4.039999961853027,4.034999847412109,4.034999847412109,4.034999847412109,7514.0,4.039999961853027,4.039999961853027,4.034999847412109,4.034999847412109
2025-12-02T18:10:00Z,4.034200191497803,4.034200191497803,4.03000020980835,4.03000020980835,4.03000020980835,1201.0,4.034200191497803,4.034200191497803,4.03000020980835,4.03000020980835
2025-12-02T18:11:00Z,4.038599967956543,4.038599967956543,4.038599967956543,4.038599967956543,4.038599967956543,353.0,4.038599967956543,4.038599967956543,4.038599967956543,4.038599967956543
2025-12-02T18:12:00Z,4.039999961853027,4.039999961853027,4.030099868774414,4.030099868774414,4.030099868774414,2237.0,4.039999961853027,4.039999961853027,4.030099868774414,4.030099868774414
2025-12-02T18:13:00Z,4.03000020980835,4.03000020980835,4.025000095367432,4.025000095367432,4.025000095367432,10045.0,4.03000020980835,4.03000020980835,4.025000095367432,4.025000095367432
2025-12-02T18:14:00Z,4.029900074005127,4.029900074005127,4.019999980926514,4.019999980926514,4.019999980926514,2758.0,4.029900074005127,4.029900074005127,4.019999980926514,4.019999980926514
2025-12-02T18:15:00Z,4.019999980926514,4.029900074005127,4.019999980926514,4.019999980926514,4.019999980926514,8564.0,4.019999980926514,4.029900074005127,4.019999980926514,4.019999980926514
2025-12-02T18:16:00Z,4.019999980926514,4.03000020980835,4.019999980926514,4.03000020980835,4.03000020980835,1685.0,4.019999980926514,4.03000020980835,4.019999980926514,4.03000020980835
2025-12-02T18:17:00Z,4.025000095367432,4.03000020980835,4.019999980926514,4.025000095367432,4.025000095367432,26268.0,4.025000095367432,4.03000020980835,4.019999980926514,4.025000095367432
2025-12-02T18:18:00Z,4.029900074005127,4.03000020980835,4.025000095367432,4.025000095367432,4.025000095367432,7986.0,4.029900074005127,4.03000020980835,4.025000095367432,4.025000095367432
2025-12-02T18:19:00Z,4.03000020980835,4.03000020980835,4.019999980926514,4.019999980926514,4.019999980926514,2903.0,4.03000020980835,4.03000020980835,4.019999980926514,4.019999980926514
2025-12-02T18:20:00Z,4.025000095367432,4.026599884033203,4.019999980926514,4.025000095367432,4.025000095367432,12742.0,4.025000095367432,4.026599884033203,4.019999980926514,4.025000095367432
2025-12-02T18:21:00Z,4.019999980926514,4.03000020980835,4.019999980926514,4.022600173950195,4.022600173950195,2392.0,4.019999980926514,4.03000020980835,4.019999980926514,4.022600173950195
2025-12-02T18:22:00Z,4.02370023727417,4.03000020980835,4.02370023727417,4.03000020980835,4.03000020980835,1181.0,4.02370023727417,4.03000020980835,4.02370023727417,4.03000020980835
2025-12-02T18:23:00Z,4.03000020980835,4.03000020980835,4.023499965667725,4.025000095367432,4.025000095367432,3791.0,4.03000020980835,4.03000020980835,4.023499965667725,4.025000095367432
2025-12-02T18:24:00Z,4.024499893188477,4.039999961853027,4.023499965667725,4.030099868774414,4.030099868774414,47305.0,4.024499893188477,4.039999961853027,4.023499965667725,4.030099868774414
2025-12-02T18:25:00Z,4.030099868774414,4.030099868774414,4.019999980926514,4.025000095367432,4.025000095367432,23232.0,4.030099868774414,4.030099868774414,4.019999980926514,4.025000095367432
2025-12-02T18:26:00Z,4.025000095367432,4.039999961853027,4.025000095367432,4.034999847412109,4.034999847412109,40926.0,4.025000095367432,4.039999961853027,4.025000095367432,4.034999847412109
2025-12-02T18:27:00Z,4.039999961853027,4.039999961853027,4.03000020980835,4.034999847412109,4.034999847412109,7934.0,4.039999961853027,4.039999961853027,4.03000020980835,4.034999847412109
2025-12-02T18:28:00Z,4.034999847412109,4.034999847412109,4.034999847412109,4.034999847412109,4.034999847412109,3152.0,4.034999847412109,4.034999847412109,4.034999847412109,4.034999847412109
2025-12-02T18:29:00Z,4.034999847412109,4.034999847412109,4.034999847412109,4.034999847412109,4.034999847412109,1498.0,4.034999847412109,4.034999847412109,4.034999847412109,4.034999847412109
2025-12-02T18:30:00Z,4.034999847412109,4.034999847412109,4.030099868774414,4.030099868774414,4.030099868774414,4043.0,4.034999847412109,4.034999847412109,4.030099868774414,4.030099868774414
2025-12-02T18:31:00Z,4.034999847412109,4.034999847412109,4.034999847412109,4.034999847412109,4.034999847412109,2930.0,4.034999847412109,4.034999847412109,4.034999847412109,4.034999847412109
2025-12-02T18:32:00Z,4.039999961853027,4.039999961853027,4.025000095367432,4.03000020980835,4.03000020980835,26353.0,4.039999961853027,4.039999961853027,4.025000095367432,4.03000020980835
2025-12-02T18:33:00Z,4.025000095367432,4.03000020980835,4.020100116729736,4.024099826812744,4.024099826812744,4958.0,4.025000095367432,4.03000020980835,4.020100116729736,4.024099826812744
2025-12-02T18:34:00Z,4.019999980926514,4.020100116729736,4.010000228881836,4.010000228881836,4.010000228881836,24537.0,4.019999980926514,4.020100116729736,4.010000228881836,4.010000228881836
2025-12-02T18:35:00Z,4.014999866485596,4.014999866485596,4.010000228881836,4.01140022277832,4.01140022277832,8301.0,4.014999866485596,4.014999866485596,4.010000228881836,4.01140022277832
2025-12-02T18:36:00Z,4.019999980926514,4.019999980926514,4.010000228881836,4.014999866485596,4.014999866485596,2248939.0,4.019999980926514,4.019999980926514,4.010000228881836,4.014999866485596
2025-12-02T18:38:00Z,4.010000228881836,4.014999866485596,4.010000228881836,4.010000228881836,4.010000228881836,2558.0,4.010000228881836,4.014999866485596,4.010000228881836,4.010000228881836
2025-12-02T18:39:00Z,4.010000228881836,4.014999866485596,4.010000228881836,4.0100998878479,4.0100998878479,2373.0,4.010000228881836,4.014999866485596,4.010000228881836,4.0100998878479
2025-12-02T18:40:00Z,4.014999866485596,4.019999980926514,4.010000228881836,4.014999866485596,4.014999866485596,12931.0,4.014999866485596,4.019999980926514,4.010000228881836,4.014999866485596
2025-12-02T18:41:00Z,4.010000228881836,4.019999980926514,4.010000228881836,4.010000228881836,4.010000228881836,5180.0,4.010000228881836,4.019999980926514,4.010000228881836,4.010000228881836
2025-12-02T18:42:00Z,4.010000228881836,4.019999980926514,4.010000228881836,4.010000228881836,4.010000228881836,2555.0,4.010000228881836,4.019999980926514,4.010000228881836,4.010000228881836
2025-12-02T18:43:00Z,4.010000228881836,4.019999980926514,4.010000228881836,4.010000228881836,4.010000228881836,2198.0,4.010000228881836,4.019999980926514,4.010000228881836,4.010000228881836
2025-12-02T18:44:00Z,4.014999866485596,4.019999980926514,4.010000228881836,4.014999866485596,4.014999866485596,38706.0,4.014999866485596,4.019999980926514,4.010000228881836,4.014999866485596
2025-12-02T18:45:00Z,4.014999866485596,4.019999980926514,4.010000228881836,4.014999866485596,4.014999866485596,7309.0,4.014999866485596,4.019999980926514,4.010000228881836,4.014999866485596
2025-12-02T18:46:00Z,4.019999980926514,4.019999980926514,4.010000228881836,4.014999866485596,4.014999866485596,4802.0,4.019999980926514,4.019999980926514,4.010000228881836,4.014999866485596
2025-12-02T18:47:00Z,4.010000228881836,4.019999980926514,4.010000228881836,4.014999866485596,4.014999866485596,5649.0,4.010000228881836,4.019999980926514,4.010000228881836,4.014999866485596
2025-12-02T18:48:00Z,4.014999866485596,4.019999980926514,4.014999866485596,4.014999866485596,4.014999866485596,4997.0,4.014999866485596,4.019999980926514,4.014999866485596,4.014999866485596
2025-12-02T18:49:00Z,4.010000228881836,4.039899826049805,4.010000228881836,4.03000020980835,4.03000020980835,116077.0,4.010000228881836,4.039899826049805,4.010000228881836,4.03000020980835
2025-12-02T18:50:00Z,4.034999847412109,4.036499977111816,4.019999980926514,4.025000095367432,4.025000095367432,26155.0,4.034999847412109,4.036499977111816,4.019999980926514,4.025000095367432
2025-12-02T18:51:00Z,4.03000020980835,4.03000020980835,4.019999980926514,4.025000095367432,4.025000095367432,7530.0,4.03000020980835,4.03000020980835,4.019999980926514,4.025000095367432
2025-12-02T18:52:00Z,4.029900074005127,4.03000020980835,4.025000095367432,4.025000095367432,4.025000095367432,19550.0,4.029900074005127,4.03000020980835,4.025000095367432,4.025000095367432
2025-12-02T18:53:00Z,4.025000095367432,4.034999847412109,4.025000095367432,4.034999847412109,4.034999847412109,19539.0,4.025000095367432,4.034999847412109,4.025000095367432,4.034999847412109
2025-12-02T18:54:00Z,4.034999847412109,4.034999847412109,4.032700061798096,4.034999847412109,4.034999847412109,6491.0,4.034999847412109,4.034999847412109,4.032700061798096,4.034999847412109
2025-12-02T18:55:00Z,4.034999847412109,4.039999961853027,4.03000020980835,4.039999961853027,4.039999961853027,19193.0,4.034999847412109,4.039999961853027,4.03000020980835,4.039999961853027
2025-12-02T18:56:00Z,4.034999847412109,4.039999961853027,4.03000020980835,4.034999847412109,4.034999847412109,6740.0,4.034999847412109,4.039999961853027,4.03000020980835,4.034999847412109
2025-12-02T18:57:00Z,4.034999847412109,4.039999961853027,4.03000020980835,4.03000020980835,4.03000020980835,2106.0,4.034999847412109,4.039999961853027,4.03000020980835,4.03000020980835
2025-12-02T18:58:00Z,4.034999847412109,4.034999847412109,4.024400234222412,4.025000095367432,4.025000095367432,24962.0,4.034999847412109,4.034999847412109,4.024400234222412,4.025000095367432
2025-12-02T18:59:00Z,4.025000095367432,4.034999847412109,4.020100116729736,4.034999847412109,4.034999847412109,33831.0,4.025000095367432,4.034999847412109,4.020100116729736,4.034999847412109
2025-12-02T19:00:00Z,4.039999961853027,4.049900054931641,4.039999961853027,4.039999961853027,4.039999961853027,26793.0,4.039999961853027,4.049900054931641,4.039999961853027,4.039999961853027
2025-12-02T19:01:00Z,4.050000190734863,4.059999942779541,4.04010009765625,4.054999828338623,4.054999828338623,41544.0,4.050000190734863,4.059999942779541,4.04010009765625,4.054999828338623
2025-12-02T19:02:00Z,4.055099964141846,4.059999942779541,4.054999828338623,4.054999828338623,4.054999828338623,4649.0,4.055099964141846,4.059999942779541,4.054999828338623,4.054999828338623
2025-12-02T19:03:00Z,4.050000190734863,4.059999942779541,4.050000190734863,4.059999942779541,4.059999942779541,14939.0,4.050000190734863,4.059999942779541,4.050000190734863,4.059999942779541
2025-12-02T19:04:00Z,4.050000190734863,4.059999942779541,4.050000190734863,4.0543999671936035,4.0543999671936035,7966.0,4.050000190734863,4.059999942779541,4.050000190734863,4.0543999671936035
2025-12-02T19:05:00Z,4.059999942779541,4.059999942779541,4.050000190734863,4.054999828338623,4.054999828338623,6649.0,4.059999942779541,4.059999942779541,4.050000190734863,4.054999828338623
2025-12-02T19:06:00Z,4.050000190734863,4.059999942779541,4.050000190734863,4.054999828338623,4.054999828338623,7267.0,4.050000190734863,4.059999942779541,4.050000190734863,4.054999828338623
2025-12-02T19:07:00Z,4.050000190734863,4.059999942779541,4.050000190734863,4.054999828338623,4.054999828338623,23949.0,4.050000190734863,4.059999942779541,4.050000190734863,4.054999828338623
2025-12-02T19:08:00Z,4.054999828338623,4.059999942779541,4.050000190734863,4.050000190734863,4.050000190734863,996.0,4.054999828338623,4.059999942779541,4.050000190734863,4.050000190734863
2025-12-02T19:09:00Z,4.054999828338623,4.059999942779541,4.050000190734863,4.059999942779541,4.059999942779541,4399.0,4.054999828338623,4.059999942779541,4.050000190734863,4.059999942779541
2025-12-02T19:10:00Z,4.054999828338623,4.059999942779541,4.050000190734863,4.054999828338623,4.054999828338623,4110.0,4.054999828338623,4.059999942779541,4.050000190734863,4.054999828338623
2025-12-02T19:11:00Z,4.050000190734863,4.059999942779541,4.050000190734863,4.05019998550415,4.05019998550415,9594.0,4.050000190734863,4.059999942779541,4.050000190734863,4.05019998550415
2025-12-02T19:12:00Z,4.054999828338623,4.059999942779541,4.050000190734863,4.054999828338623,4.054999828338623,4033.0,4.054999828338623,4.059999942779541,4.050000190734863,4.054999828338623
2025-12-02T19:13:00Z,4.054999828338623,4.059999942779541,4.050000190734863,4.054999828338623,4.054999828338623,2514122.0,4.054999828338623,4.059999942779541,4.050000190734863,4.054999828338623
2025-12-02T19:15:00Z,4.054999828338623,4.059999942779541,4.050000190734863,4.054999828338623,4.054999828338623,3300.0,4.054999828338623,4.059999942779541,4.050000190734863,4.054999828338623
2025-12-02T19:16:00Z,4.054999828338623,4.059999942779541,4.050000190734863,4.054999828338623,4.054999828338623,2515640.0,4.054999828338623,4.059999942779541,4.050000190734863,4.054999828338623
2025-12-02T19:18:00Z,4.054999828338623,4.059999942779541,4.050000190734863,4.054999828338623,4.054999828338623,13291.0,4.054999828338623,4.059999942779541,4.050000190734863,4.054999828338623
2025-12-02T19:19:00Z,4.054999828338623,4.059999942779541,4.050000190734863,4.054999828338623,4.054999828338623,9222.0,4.054999828338623,4.059999942779541,4.050000190734863,4.054999828338623
2025-12-02T19:20:00Z,4.050000190734863,4.059999942779541,4.050000190734863,4.054999828338623,4.054999828338623,7781.0,4.050000190734863,4.059999942779541,4.050000190734863,4.054999828338623
2025-12-02T19:21:00Z,4.054999828338623,4.059999942779541,4.050000190734863,4.050099849700928,4.050099849700928,1818.0,4.054999828338623,4.059999942779541,4.050000190734863,4.050099849700928
2025-12-02T19:22:00Z,4.050000190734863,4.059999942779541,4.050000190734863,4.054999828338623,4.054999828338623,14125.0,4.050000190734863,4.059999942779541,4.050000190734863,4.054999828338623
2025-12-02T19:23:00Z,4.054999828338623,4.059999942779541,4.050000190734863,4.054999828338623,4.054999828338623,5029.0,4.054999828338623,4.059999942779541,4.050000190734863,4.054999828338623
2025-12-02T19:24:00Z,4.054999828338623,4.054999828338623,4.039999961853027,4.045000076293945,4.045000076293945,33060.0,4.054999828338623,4.054999828338623,4.039999961853027,4.045000076293945
2025-12-02T19:25:00Z,4.039999961853027,4.048399925231934,4.039999961853027,4.045000076293945,4.045000076293945,7066.0,4.039999961853027,4.048399925231934,4.039999961853027,4.045000076293945
2025-12-02T19:26:00Z,4.045000076293945,4.050000190734863,4.045000076293945,4.045000076293945,4.045000076293945,7009.0,4.045000076293945,4.050000190734863,4.045000076293945,4.045000076293945
2025-12-02T19:27:00Z,4.045000076293945,4.050000190734863,4.045000076293945,4.045000076293945,4.045000076293945,8130.0,4.045000076293945,4.050000190734863,4.045000076293945,4.045000076293945
2025-12-02T19:28:00Z,4.039999961853027,4.050000190734863,4.039999961853027,4.045000076293945,4.045000076293945,14799.0,4.039999961853027,4.050000190734863,4.039999961853027,4.045000076293945
2025-12-02T19:29:00Z,4.050000190734863,4.050000190734863,4.0447998046875,4.045000076293945,4.045000076293945,7093.0,4.050000190734863,4.050000190734863,4.0447998046875,4.045000076293945
2025-12-02T19:30:00Z,4.045000076293945,4.059999942779541,4.045000076293945,4.054999828338623,4.054999828338623,74164.0,4.045000076293945,4.059999942779541,4.045000076293945,4.054999828338623
2025-12-02T19:31:00Z,4.054999828338623,4.059999942779541,4.054999828338623,4.054999828338623,4.054999828338623,22389.0,4.054999828338623,4.059999942779541,4.054999828338623,4.054999828338623
2025-12-02T19:32:00Z,4.054999828338623,4.059999942779541,4.054999828338623,4.054999828338623,4.054999828338623,6294.0,4.054999828338623,4.059999942779541,4.054999828338623,4.054999828338623
2025-12-02T19:33:00Z,4.059999942779541,4.059999942779541,4.050000190734863,4.059999942779541,4.059999942779541,55781.0,4.059999942779541,4.059999942779541,4.050000190734863,4.059999942779541
2025-12-02T19:34:00Z,4.057700157165527,4.059999942779541,4.050000190734863,4.059100151062012,4.059100151062012,16830.0,4.057700157165527,4.059999942779541,4.050000190734863,4.059100151062012
2025-12-02T19:35:00Z,4.059999942779541,4.059999942779541,4.054999828338623,4.059999942779541,4.059999942779541,3953.0,4.059999942779541,4.059999942779541,4.054999828338623,4.059999942779541
2025-12-02T19:36:00Z,4.054999828338623,4.059999942779541,4.050000190734863,4.054999828338623,4.054999828338623,26445.0,4.054999828338623,4.059999942779541,4.050000190734863,4.054999828338623
2025-12-02T19:37:00Z,4.055500030517578,4.059999942779541,4.050000190734863,4.053599834442139,4.053599834442139,12296.0,4.055500030517578,4.059999942779541,4.050000190734863,4.053599834442139
2025-12-02T19:38:00Z,4.054999828338623,4.054999828338623,4.050000190734863,4.054999828338623,4.054999828338623,12105.0,4.054999828338623,4.054999828338623,4.050000190734863,4.054999828338623
2025-12-02T19:39:00Z,4.054999828338623,4.059999942779541,4.050000190734863,4.050000190734863,4.050000190734863,10777.0,4.054999828338623,4.059999942779541,4.050000190734863,4.050000190734863
2025-12-02T19:40:00Z,4.050000190734863,4.059999942779541,4.050000190734863,4.059999942779541,4.059999942779541,3041.0,4.050000190734863,4.059999942779541,4.050000190734863,4.059999942779541
2025-12-02T19:41:00Z,4.059999942779541,4.059999942779541,4.050000190734863,4.050000190734863,4.050000190734863,2727830.0,4.059999942779541,4.059999942779541,4.050000190734863,4.050000190734863
2025-12-02T19:43:00Z,4.059999942779541,4.059999942779541,4.050000190734863,4.050000190734863,4.050000190734863,5841.0,4.059999942779541,4.059999942779541,4.050000190734863,4.050000190734863
2025-12-02T19:44:00Z,4.050000190734863,4.059999942779541,4.050000190734863,4.050000190734863,4.050000190734863,4806.0,4.050000190734863,4.059999942779541,4.050000190734863,4.050000190734863
2025-12-02T19:45:00Z,4.050000190734863,4.059999942779541,4.050000190734863,4.050000190734863,4.050000190734863,6927.0,4.050000190734863,4.059999942779541,4.050000190734863,4.050000190734863
2025-12-02T19:46:00Z,4.054999828338623,4.055799961090088,4.050000190734863,4.054999828338623,4.054999828338623,10162.0,4.054999828338623,4.055799961090088,4.050000190734863,4.054999828338623
2025-12-02T19:47:00Z,4.050000190734863,4.050000190734863,4.050000190734863,4.050000190734863,4.050000190734863,682.0,4.050000190734863,4.050000190734863,4.050000190734863,4.050000190734863
2025-12-02T19:48:00Z,4.050000190734863,4.0559000968933105,4.050000190734863,4.050000190734863,4.050000190734863,1653.0,4.050000190734863,4.0559000968933105,4.050000190734863,4.050000190734863
2025-12-02T19:49:00Z,4.050000190734863,4.059999942779541,4.050000190734863,4.059999942779541,4.059999942779541,1164.0,4.050000190734863,4.059999942779541,4.050000190734863,4.059999942779541
2025-12-02T19:50:00Z,4.050000190734863,4.054999828338623,4.050000190734863,4.054999828338623,4.054999828338623,5756.0,4.050000190734863,4.054999828338623,4.050000190734863,4.054999828338623
2025-12-02T19:51:00Z,4.054999828338623,4.070000171661377,4.050000190734863,4.059999942779541,4.059999942779541,70129.0,4.054999828338623,4.070000171661377,4.050000190734863,4.059999942779541
2025-12-02T19:52:00Z,4.059999942779541,4.070000171661377,4.059999942779541,4.069900035858154,4.069900035858154,3472.0,4.059999942779541,4.070000171661377,4.059999942779541,4.069900035858154
2025-12-02T19:53:00Z,4.065000057220459,4.070000171661377,4.065000057220459,4.070000171661377,4.070000171661377,1749.0,4.065000057220459,4.070000171661377,4.065000057220459,4.070000171661377
2025-12-02T19:54:00Z,4.059999942779541,4.065000057220459,4.059999942779541,4.065000057220459,4.065000057220459,2103.0,4.059999942779541,4.065000057220459,4.059999942779541,4.065000057220459
2025-12-02T19:55:00Z,4.059999942779541,4.065000057220459,4.054999828338623,4.065000057220459,4.065000057220459,43747.0,4.059999942779541,4.065000057220459,4.054999828338623,4.065000057220459
2025-12-02T19:56:00Z,4.060100078582764,4.065000057220459,4.060100078582764,4.065000057220459,4.065000057220459,2067.0,4.060100078582764,4.065000057220459,4.060100078582764,4.065000057220459
2025-12-02T19:57:00Z,4.065000057220459,4.0690999031066895,4.059999942779541,4.0690999031066895,4.0690999031066895,2042.0,4.065000057220459,4.0690999031066895,4.059999942779541,4.0690999031066895
2025-12-02T19:58:00Z,4.065000057220459,4.065000057220459,4.065000057220459,4.065000057220459,4.065000057220459,4271.0,4.065000057220459,4.065000057220459,4.065000057220459,4.065000057220459
2025-12-02T19:59:00Z,4.065000057220459,4.065199851989746,4.065000057220459,4.065000057220459,4.065000057220459,3064.0,4.065000057220459,4.065199851989746,4.065000057220459,4.065000057220459
2025-12-02T20:00:00Z,4.070000171661377,4.070000171661377,4.059999942779541,4.065000057220459,4.065000057220459,15810.0,4.070000171661377,4.070000171661377,4.059999942779541,4.065000057220459
2025-12-02T20:01:00Z,4.070000171661377,4.070000171661377,4.059999942779541,4.059999942779541,4.059999942779541,26965.0,4.070000171661377,4.070000171661377,4.059999942779541,4.059999942779541
2025-12-02T20:02:00Z,4.059999942779541,4.070000171661377,4.059999942779541,4.070000171661377,4.070000171661377,15042.0,4.059999942779541,4.070000171661377,4.059999942779541,4.070000171661377
2025-12-02T20:03:00Z,4.059999942779541,4.070000171661377,4.059999942779541,4.070000171661377,4.070000171661377,53087.0,4.059999942779541,4.070000171661377,4.059999942779541,4.070000171661377
2025-12-02T20:04:00Z,4.059999942779541,4.070000171661377,4.059999942779541,4.070000171661377,4.070000171661377,4436.0,4.059999942779541,4.070000171661377,4.059999942779541,4.070000171661377
2025-12-02T20:05:00Z,4.070000171661377,4.070000171661377,4.059999942779541,4.059999942779541,4.059999942779541,37840.0,4.070000171661377,4.070000171661377,4.059999942779541,4.059999942779541
2025-12-02T20:06:00Z,4.061600208282471,4.065000057220459,4.059999942779541,4.065000057220459,4.065000057220459,3078.0,4.061600208282471,4.065000057220459,4.059999942779541,4.065000057220459
2025-12-02T20:07:00Z,4.059999942779541,4.070000171661377,4.059999942779541,4.065000057220459,4.065000057220459,4344.0,4.059999942779541,4.070000171661377,4.059999942779541,4.065000057220459
2025-12-02T20:08:00Z,4.069900035858154,4.070000171661377,4.059999942779541,4.069900035858154,4.069900035858154,14111.0,4.069900035858154,4.070000171661377,4.059999942779541,4.069900035858154
2025-12-02T20:09:00Z,4.070000171661377,4.070000171661377,4.059999942779541,4.065000057220459,4.065000057220459,9220.0,4.070000171661377,4.070000171661377,4.059999942779541,4.065000057220459
2025-12-02T20:10:00Z,4.065000057220459,4.070000171661377,4.059999942779541,4.070000171661377,4.070000171661377,6451.0,4.065000057220459,4.070000171661377,4.059999942779541,4.070000171661377
2025-12-02T20:11:00Z,4.070000171661377,4.070000171661377,4.059999942779541,4.059999942779541,4.059999942779541,4220.0,4.070000171661377,4.070000171661377,4.059999942779541,4.059999942779541
2025-12-02T20:12:00Z,4.065000057220459,4.067999839782715,4.059999942779541,4.067999839782715,4.067999839782715,2867840.0,4.065000057220459,4.067999839782715,4.059999942779541,4.067999839782715
2025-12-02T20:14:00Z,4.063399791717529,4.070000171661377,4.059999942779541,4.070000171661377,4.070000171661377,8844.0,4.063399791717529,4.070000171661377,4.059999942779541,4.070000171661377
2025-12-02T20:15:00Z,4.064599990844727,4.070000171661377,4.050000190734863,4.050000190734863,4.050000190734863,2919149.0,4.064599990844727,4.070000171661377,4.050000190734863,4.050000190734863
2025-12-02T20:17:00Z,4.050000190734863,4.051799774169922,4.050000190734863,4.050000190734863,4.050000190734863,6179.0,4.050000190734863,4.051799774169922,4.050000190734863,4.050000190734863
2025-12-02T20:18:00Z,4.050000190734863,4.054999828338623,4.050000190734863,4.050000190734863,4.050000190734863,2898389.0,4.050000190734863,4.054999828338623,4.050000190734863,4.050000190734863
2025-12-02T20:20:00Z,4.070000171661377,4.070000171661377,4.065000057220459,4.065000057220459,4.065000057220459,4656.0,4.070000171661377,4.070000171661377,4.065000057220459,4.065000057220459
2025-12-02T20:21:00Z,4.065000057220459,4.070000171661377,4.065000057220459,4.065000057220459,4.065000057220459,14210.0,4.065000057220459,4.070000171661377,4.065000057220459,4.065000057220459
2025-12-02T20:22:00Z,4.065000057220459,4.070000171661377,4.064300060272217,4.070000171661377,4.070000171661377,3555.0,4.065000057220459,4.070000171661377,4.064300060272217,4.070000171661377
2025-12-02T20:23:00Z,4.065000057220459,4.070000171661377,4.065000057220459,4.070000171661377,4.070000171661377,2673.0,4.065000057220459,4.070000171661377,4.065000057220459,4.070000171661377
2025-12-02T20:24:00Z,4.065000057220459,4.065000057220459,4.059999942779541,4.059999942779541,4.059999942779541,14294.0,4.065000057220459,4.065000057220459,4.059999942779541,4.059999942779541
2025-12-02T20:25:00Z,4.065000057220459,4.070000171661377,4.059999942779541,4.065000057220459,4.065000057220459,6739.0,4.065000057220459,4.070000171661377,4.059999942779541,4.065000057220459
2025-12-02T20:26:00Z,4.065000057220459,4.065499782562256,4.054999828338623,4.059999942779541,4.059999942779541,23264.0,4.065000057220459,4.065499782562256,4.054999828338623,4.059999942779541
2025-12-02T20:27:00Z,4.054999828338623,4.059899806976318,4.050000190734863,4.050000190734863,4.050000190734863,3731.0,4.054999828338623,4.059899806976318,4.050000190734863,4.050000190734863
2025-12-02T20:28:00Z,4.054999828338623,4.054999828338623,4.050000190734863,4.050000190734863,4.050000190734863,2079.0,4.054999828338623,4.054999828338623,4.050000190734863,4.050000190734863
2025-12-02T20:29:00Z,4.054999828338623,4.059000015258789,4.050000190734863,4.054999828338623,4.054999828338623,3564.0,4.054999828338623,4.059000015258789,4.050000190734863,4.054999828338623
2025-12-02T20:30:00Z,4.0559000968933105,4.0559000968933105,4.050000190734863,4.054999828338623,4.054999828338623,3050653.0,4.0559000968933105,4.0559000968933105,4.050000190734863,4.054999828338623
2025-12-02T20:32:00Z,4.059999942779541,4.059999942779541,4.050000190734863,4.059999942779541,4.059999942779541,13140.0,4.059999942779541,4.059999942779541,4.050000190734863,4.059999942779541
2025-12-02T20:33:00Z,4.050000190734863,4.059999942779541,4.050000190734863,4.050000190734863,4.050000190734863,7584.0,4.050000190734863,4.059999942779541,4.050000190734863,4.050000190734863
2025-12-02T20:34:00Z,4.050000190734863,4.054999828338623,4.050000190734863,4.054999828338623,4.054999828338623,3047552.0,4.050000190734863,4.054999828338623,4.050000190734863,4.054999828338623
2025-12-02T20:36:00Z,4.054100036621094,4.059999942779541,4.050000190734863,4.050000190734863,4.050000190734863,7673.0,4.054100036621094,4.059999942779541,4.050000190734863,4.050000190734863
2025-12-02T20:37:00Z,4.054999828338623,4.054999828338623,4.050000190734863,4.054999828338623,4.054999828338623,7635.0,4.054999828338623,4.054999828338623,4.050000190734863,4.054999828338623
2025-12-02T20:38:00Z,4.050000190734863,4.055099964141846,4.039999961853027,4.039999961853027,4.039999961853027,31279.0,4.050000190734863,4.055099964141846,4.039999961853027,4.039999961853027
2025-12-02T20:39:00Z,4.045000076293945,4.045000076293945,4.039999961853027,4.039999961853027,4.039999961853027,3499.0,4.045000076293945,4.045000076293945,4.039999961853027,4.039999961853027
2025-12-02T20:40:00Z,4.039999961853027,4.045000076293945,4.039999961853027,4.041500091552734,4.041500091552734,3131703.0,4.039999961853027,4.045000076293945,4.039999961853027,4.041500091552734
2025-12-02T20:42:00Z,4.039999961853027,4.045000076293945,4.039999961853027,4.039999961853027,4.039999961853027,7877.0,4.039999961853027,4.045000076293945,4.039999961853027,4.039999961853027
2025-12-02T20:43:00Z,4.039999961853027,4.0482001304626465,4.039999961853027,4.0482001304626465,4.0482001304626465,10112.0,4.039999961853027,4.0482001304626465,4.039999961853027,4.0482001304626465
2025-12-02T20:44:00Z,4.045000076293945,4.045499801635742,4.039999961853027,4.039999961853027,4.039999961853027,9181.0,4.045000076293945,4.045499801635742,4.039999961853027,4.039999961853027
2025-12-02T20:45:00Z,4.045000076293945,4.045000076293945,4.03000020980835,4.039999961853027,4.039999961853027,33477.0,4.045000076293945,4.045000076293945,4.03000020980835,4.039999961853027
2025-12-02T20:46:00Z,4.034999847412109,4.034999847412109,4.03000020980835,4.03000020980835,4.03000020980835,5811.0,4.034999847412109,4.034999847412109,4.03000020980835,4.03000020980835
2025-12-02T20:47:00Z,4.03000020980835,4.0381999015808105,4.03000020980835,4.034999847412109,4.034999847412109,12428.0,4.03000020980835,4.0381999015808105,4.03000020980835,4.034999847412109
2025-12-02T20:48:00Z,4.03000020980835,4.038000106811523,4.03000020980835,4.034999847412109,4.034999847412109,14261.0,4.03000020980835,4.038000106811523,4.03000020980835,4.034999847412109
2025-12-02T20:49:00Z,4.03000020980835,4.034999847412109,4.03000020980835,4.03000020980835,4.03000020980835,15302.0,4.03000020980835,4.034999847412109,4.03000020980835,4.03000020980835
2025-12-02T20:50:00Z,4.03000020980835,4.039999961853027,4.03000020980835,4.03000020980835,4.03000020980835,11914.0,4.03000020980835,4.039999961853027,4.03000020980835,4.03000020980835
2025-12-02T20:51:00Z,4.03000020980835,4.039999961853027,4.03000020980835,4.03000020980835,4.03000020980835,9719.0,4.03000020980835,4.039999961853027,4.03000020980835,4.03000020980835
2025-12-02T20:52:00Z,4.039999961853027,4.039999961853027,4.03000020980835,4.034999847412109,4.034999847412109,20946.0,4.039999961853027,4.039999961853027,4.03000020980835,4.034999847412109
2025-12-02T20:53:00Z,4.034999847412109,4.034999847412109,4.025000095367432,4.025000095367432,4.025000095367432,46084.0,4.034999847412109,4.034999847412109,4.025000095367432,4.025000095367432
2025-12-02T20:54:00Z,4.025000095367432,4.03000020980835,4.019999980926514,4.019999980926514,4.019999980926514,83321.0,4.025000095367432,4.03000020980835,4.019999980926514,4.019999980926514
2025-12-02T20:55:00Z,4.025000095367432,4.025000095367432,4.010000228881836,4.010000228881836,4.010000228881836,182016.0,4.025000095367432,4.025000095367432,4.010000228881836,4.010000228881836
2025-12-02T20:56:00Z,4.014999866485596,4.019999980926514,4.010000228881836,4.010000228881836,4.010000228881836,46626.0,4.014999866485596,4.019999980926514,4.010000228881836,4.010000228881836
2025-12-02T20:57:00Z,4.014999866485596,4.019899845123291,4.0,4.005000114440918,4.005000114440918,148779.0,4.014999866485596,4.019899845123291,4.0,4.005000114440918
2025-12-02T20:58:00Z,4.005000114440918,4.005000114440918,3.990000009536743,3.994999885559082,3.994999885559082,277445.0,4.005000114440918,4.005000114440918,3.990000009536743,3.994999885559082
2025-12-02T20:59:00Z,3.990000009536743,4.0,3.9800000190734863,3.9800000190734863,3.9800000190734863,277097.0,3.990000009536743,4.0,3.9800000190734863,3.9800000190734863
2025-12-03T14:30:00Z,3.990000009536743,3.990000009536743,3.9700000286102295,3.984999895095825,3.984999895095825,152596.0,3.990000009536743,3.990000009536743,3.9700000286102295,3.984999895095825
2025-12-03T14:31:00Z,3.984999895095825,3.986999988555908,3.9730000495910645,3.9860000610351562,3.9860000610351562,39344.0,3.984999895095825,3.986999988555908,3.9730000495910645,3.9860000610351562
2025-12-03T14:32:00Z,3.984999895095825,4.0,3.984999895095825,3.994999885559082,3.994999885559082,8699.0,3.984999895095825,4.0,3.984999895095825,3.994999885559082
2025-12-03T14:33:00Z,3.994999885559082,4.00600004196167,3.994999885559082,4.0,4.0,9022.0,3.994999885559082,4.00600004196167,3.994999885559082,4.0
2025-12-03T14:34:00Z,4.005000114440918,4.00600004196167,4.0,4.005000114440918,4.005000114440918,3572.0,4.005000114440918,4.00600004196167,4.0,4.005000114440918
2025-12-03T14:35:00Z,4.010000228881836,4.03000020980835,4.010000228881836,4.03000020980835,4.03000020980835,35114.0,4.010000228881836,4.03000020980835,4.010000228881836,4.03000020980835
2025-12-03T14:36:00Z,4.026000022888184,4.035999774932861,4.026000022888184,4.035999774932861,4.035999774932861,2250.0,4.026000022888184,4.035999774932861,4.026000022888184,4.035999774932861
2025-12-03T14:37:00Z,4.034999847412109,4.034999847412109,4.03000020980835,4.03000020980835,4.03000020980835,2248.0,4.034999847412109,4.034999847412109,4.03000020980835,4.03000020980835
2025-12-03T14:38:00Z,4.039999961853027,4.050000190734863,4.030099868774414,4.050000190734863,4.050000190734863,8030.0,4.039999961853027,4.050000190734863,4.030099868774414,4.050000190734863
2025-12-03T14:39:00Z,4.045000076293945,4.046000003814697,4.0355000495910645,4.0355000495910645,4.0355000495910645,15566.0,4.045000076293945,4.046000003814697,4.0355000495910645,4.0355000495910645
2025-12-03T14:40:00Z,4.039999961853027,4.059999942779541,4.039999961853027,4.056000232696533,4.056000232696533,22097.0,4.039999961853027,4.059999942779541,4.039999961853027,4.056000232696533
2025-12-03T14:41:00Z,4.059999942779541,4.079999923706055,4.059999942779541,4.074999809265137,4.074999809265137,23089.0,4.059999942779541,4.079999923706055,4.059999942779541,4.074999809265137
2025-12-03T14:42:00Z,4.074999809265137,4.079999923706055,4.063799858093262,4.063799858093262,4.063799858093262,13735.0,4.074999809265137,4.079999923706055,4.063799858093262,4.063799858093262
2025-12-03T14:43:00Z,4.065999984741211,4.065999984741211,4.054999828338623,4.065499782562256,4.065499782562256,12020.0,4.065999984741211,4.065999984741211,4.054999828338623,4.065499782562256
2025-12-03T14:44:00Z,4.065499782562256,4.069799900054932,4.060100078582764,4.065000057220459,4.065000057220459,9353.0,4.065499782562256,4.069799900054932,4.060100078582764,4.065000057220459
2025-12-03T14:45:00Z,4.06879997253418,4.06879997253418,4.053500175476074,4.059999942779541,4.059999942779541,13591.0,4.06879997253418,4.06879997253418,4.053500175476074,4.059999942779541
2025-12-03T14:46:00Z,4.059999942779541,4.070000171661377,4.059999942779541,4.065999984741211,4.065999984741211,4962.0,4.059999942779541,4.070000171661377,4.059999942779541,4.065999984741211
2025-12-03T14:47:00Z,4.065000057220459,4.070000171661377,4.065000057220459,4.065999984741211,4.065999984741211,2551.0,4.065000057220459,4.070000171661377,4.065000057220459,4.065999984741211
2025-12-03T14:48:00Z,4.059999942779541,4.065999984741211,4.055500030517578,4.065000057220459,4.065000057220459,16577.0,4.059999942779541,4.065999984741211,4.055500030517578,4.065000057220459
2025-12-03T14:49:00Z,4.065000057220459,4.079999923706055,4.065000057220459,4.070000171661377,4.070000171661377,13234.0,4.065000057220459,4.079999923706055,4.065000057220459,4.070000171661377
2025-12-03T14:50:00Z,4.076000213623047,4.079999923706055,4.070000171661377,4.074999809265137,4.074999809265137,11971.0,4.076000213623047,4.079999923706055,4.070000171661377,4.074999809265137
2025-12-03T14:51:00Z,4.074999809265137,4.079999923706055,4.074999809265137,4.079999923706055,4.079999923706055,13657.0,4.074999809265137,4.079999923706055,4.074999809265137,4.079999923706055
2025-12-03T14:52:00Z,4.070000171661377,4.079899787902832,4.059999942779541,4.074999809265137,4.074999809265137,30195.0,4.070000171661377,4.079899787902832,4.059999942779541,4.074999809265137
2025-12-03T14:53:00Z,4.070000171661377,4.075500011444092,4.065999984741211,4.065999984741211,4.065999984741211,4969.0,4.070000171661377,4.075500011444092,4.065999984741211,4.065999984741211
2025-12-03T14:54:00Z,4.059999942779541,4.079999923706055,4.059999942779541,4.075500011444092,4.075500011444092,23775.0,4.059999942779541,4.079999923706055,4.059999942779541,4.075500011444092
2025-12-03T14:55:00Z,4.074999809265137,4.075099945068359,4.07450008392334,4.07480001449585,4.07480001449585,7276.0,4.074999809265137,4.075099945068359,4.07450008392334,4.07480001449585
2025-12-03T14:56:00Z,4.076000213623047,4.076000213623047,4.065000057220459,4.070000171661377,4.070000171661377,5312.0,4.076000213623047,4.076000213623047,4.065000057220459,4.070000171661377
2025-12-03T14:59:00Z,4.059999942779541,4.070000171661377,4.050099849700928,4.070000171661377,4.070000171661377,37237.0,4.059999942779541,4.070000171661377,4.050099849700928,4.070000171661377
2025-12-03T15:00:00Z,4.065000057220459,4.070000171661377,4.059999942779541,4.065800189971924,4.065800189971924,10477.0,4.065000057220459,4.070000171661377,4.059999942779541,4.065800189971924
2025-12-03T15:01:00Z,4.065000057220459,4.065000057220459,4.059999942779541,4.059999942779541,4.059999942779541,16083.0,4.065000057220459,4.065000057220459,4.059999942779541,4.059999942779541
2025-12-03T15:02:00Z,4.0655999183654785,4.0655999183654785,4.054999828338623,4.054999828338623,4.054999828338623,46186.0,4.0655999183654785,4.0655999183654785,4.054999828338623,4.054999828338623
2025-12-03T15:03:00Z,4.054999828338623,4.059999942779541,4.045000076293945,4.050000190734863,4.050000190734863,165657.0,4.054999828338623,4.059999942779541,4.045000076293945,4.050000190734863
2025-12-03T15:04:00Z,4.054999828338623,4.059999942779541,4.050000190734863,4.059999942779541,4.059999942779541,2730.0,4.054999828338623,4.059999942779541,4.050000190734863,4.059999942779541
2025-12-03T15:05:00Z,4.054999828338623,4.059999942779541,4.045000076293945,4.045000076293945,4.045000076293945,7116.0,4.054999828338623,4.059999942779541,4.045000076293945,4.045000076293945
2025-12-03T15:06:00Z,4.04010009765625,4.045000076293945,4.030099868774414,4.036499977111816,4.036499977111816,6122.0,4.04010009765625,4.045000076293945,4.030099868774414,4.036499977111816
2025-12-03T15:07:00Z,4.039999961853027,4.050000190734863,4.039999961853027,4.039999961853027,4.039999961853027,21797.0,4.039999961853027,4.050000190734863,4.039999961853027,4.039999961853027
2025-12-03T15:08:00Z,4.039999961853027,4.050000190734863,4.039999961853027,4.039999961853027,4.039999961853027,23699.0,4.039999961853027,4.050000190734863,4.039999961853027,4.039999961853027
2025-12-03T15:09:00Z,4.039999961853027,4.039999961853027,4.034299850463867,4.034999847412109,4.034999847412109,6187.0,4.039999961853027,4.039999961853027,4.034299850463867,4.034999847412109
2025-12-03T15:10:00Z,4.034999847412109,4.039999961853027,4.034999847412109,4.039999961853027,4.039999961853027,11583.0,4.034999847412109,4.039999961853027,4.034999847412109,4.039999961853027
2025-12-03T15:11:00Z,4.034999847412109,4.039999961853027,4.034999847412109,4.034999847412109,4.034999847412109,3202.0,4.034999847412109,4.039999961853027,4.034999847412109,4.034999847412109
2025-12-03T15:12:00Z,4.034999847412109,4.034999847412109,4.034999847412109,4.034999847412109,4.034999847412109,933.0,4.034999847412109,4.034999847412109,4.034999847412109,4.034999847412109
2025-12-03T15:13:00Z,4.03000020980835,4.03879976272583,4.03000020980835,4.03879976272583,4.03879976272583,23939.0,4.03000020980835,4.03879976272583,4.03000020980835,4.03879976272583
2025-12-03T15:14:00Z,4.034999847412109,4.036900043487549,4.025000095367432,4.025000095367432,4.025000095367432,107962.0,4.034999847412109,4.036900043487549,4.025000095367432,4.025000095367432
2025-12-03T15:15:00Z,4.029900074005127,4.03000020980835,4.019999980926514,4.025000095367432,4.025000095367432,2576.0,4.029900074005127,4.03000020980835,4.019999980926514,4.025000095367432
2025-12-03T15:16:00Z,4.019999980926514,4.034999847412109,4.019999980926514,4.0335001945495605,4.0335001945495605,16245.0,4.019999980926514,4.034999847412109,4.019999980926514,4.0335001945495605
2025-12-03T15:17:00Z,4.034999847412109,4.034999847412109,4.019999980926514,4.019999980926514,4.019999980926514,96417.0,4.034999847412109,4.034999847412109,4.019999980926514,4.019999980926514
2025-12-03T15:18:00Z,4.019999980926514,4.026000022888184,4.019999980926514,4.019999980926514,4.019999980926514,23995.0,4.019999980926514,4.026000022888184,4.019999980926514,4.019999980926514
2025-12-03T15:19:00Z,4.019999980926514,4.065000057220459,4.019999980926514,4.065000057220459,4.065000057220459,59317.0,4.019999980926514,4.065000057220459,4.019999980926514,4.065000057220459
2025-12-03T15:20:00Z,4.065000057220459,4.065000057220459,4.045000076293945,4.045000076293945,4.045000076293945,42579.0,4.065000057220459,4.065000057220459,4.045000076293945,4.045000076293945
2025-12-03T15:21:00Z,4.045000076293945,4.050000190734863,4.045000076293945,4.045000076293945,4.045000076293945,13246.0,4.045000076293945,4.050000190734863,4.045000076293945,4.045000076293945
2025-12-03T15:22:00Z,4.045000076293945,4.045599937438965,4.039999961853027,4.045000076293945,4.045000076293945,3152.0,4.045000076293945,4.045599937438965,4.039999961853027,4.045000076293945
2025-12-03T15:23:00Z,4.045000076293945,4.065000057220459,4.045000076293945,4.065000057220459,4.065000057220459,891570.0,4.045000076293945,4.065000057220459,4.045000076293945,4.065000057220459
2025-12-03T15:24:00Z,4.065000057220459,4.065000057220459,4.059999942779541,4.064499855041504,4.064499855041504,4225.0,4.065000057220459,4.065000057220459,4.059999942779541,4.064499855041504
2025-12-03T15:25:00Z,4.070000171661377,4.070000171661377,4.064499855041504,4.065000057220459,4.065000057220459,4550.0,4.070000171661377,4.070000171661377,4.064499855041504,4.065000057220459
2025-12-03T15:26:00Z,4.065000057220459,4.065000057220459,4.065000057220459,4.065000057220459,4.065000057220459,7062.0,4.065000057220459,4.065000057220459,4.065000057220459,4.065000057220459
2025-12-03T15:27:00Z,4.059999942779541,4.070000171661377,4.059999942779541,4.070000171661377,4.070000171661377,5812.0,4.059999942779541,4.070000171661377,4.059999942779541,4.070000171661377
2025-12-03T15:28:00Z,4.065000057220459,4.065000057220459,4.044000148773193,4.044000148773193,4.044000148773193,17527.0,4.065000057220459,4.065000057220459,4.044000148773193,4.044000148773193
2025-12-03T15:29:00Z,4.048500061035156,4.048500061035156,4.048500061035156,4.048500061035156,4.048500061035156,183.0,4.048500061035156,4.048500061035156,4.048500061035156,4.048500061035156
2025-12-03T15:30:00Z,4.039999961853027,4.045000076293945,4.039999961853027,4.039999961853027,4.039999961853027,1991.0,4.039999961853027,4.045000076293945,4.039999961853027,4.039999961853027
2025-12-03T15:31:00Z,4.04010009765625,4.049799919128418,4.04010009765625,4.045000076293945,4.045000076293945,9352.0,4.04010009765625,4.049799919128418,4.04010009765625,4.045000076293945
2025-12-03T15:32:00Z,4.045000076293945,4.050000190734863,4.039999961853027,4.039999961853027,4.039999961853027,4338.0,4.045000076293945,4.050000190734863,4.039999961853027,4.039999961853027
2025-12-03T15:33:00Z,4.050000190734863,4.059999942779541,4.050000190734863,4.054999828338623,4.054999828338623,44325.0,4.050000190734863,4.059999942779541,4.050000190734863,4.054999828338623
2025-12-03T15:34:00Z,4.054999828338623,4.059999942779541,4.050000190734863,4.059999942779541,4.059999942779541,6210.0,4.054999828338623,4.059999942779541,4.050000190734863,4.059999942779541
2025-12-03T15:35:00Z,4.059999942779541,4.059999942779541,4.050000190734863,4.054999828338623,4.054999828338623,2480.0,4.059999942779541,4.059999942779541,4.050000190734863,4.054999828338623
2025-12-03T15:36:00Z,4.059999942779541,4.059999942779541,4.050000190734863,4.059999942779541,4.059999942779541,6852.0,4.059999942779541,4.059999942779541,4.050000190734863,4.059999942779541
2025-12-03T15:37:00Z,4.059999942779541,4.059999942779541,4.04449987411499,4.050000190734863,4.050000190734863,37757.0,4.059999942779541,4.059999942779541,4.04449987411499,4.050000190734863
2025-12-03T15:38:00Z,4.0553998947143555,4.05620002746582,4.050000190734863,4.050000190734863,4.050000190734863,8259.0,4.0553998947143555,4.05620002746582,4.050000190734863,4.050000190734863
2025-12-03T15:40:00Z,4.054999828338623,4.059999942779541,4.050000190734863,4.050000190734863,4.050000190734863,1449.0,4.054999828338623,4.059999942779541,4.050000190734863,4.050000190734863
2025-12-03T15:41:00Z,4.052199840545654,4.054999828338623,4.050000190734863,4.050000190734863,4.050000190734863,10877.0,4.052199840545654,4.054999828338623,4.050000190734863,4.050000190734863
2025-12-03T15:42:00Z,4.054999828338623,4.054999828338623,4.050000190734863,4.054999828338623,4.054999828338623,10087.0,4.054999828338623,4.054999828338623,4.050000190734863,4.054999828338623
2025-12-03T15:43:00Z,4.059999942779541,4.070000171661377,4.059999942779541,4.070000171661377,4.070000171661377,16841.0,4.059999942779541,4.070000171661377,4.059999942779541,4.070000171661377
2025-12-03T15:44:00Z,4.059999942779541,4.070000171661377,4.059999942779541,4.065000057220459,4.065000057220459,1108.0,4.059999942779541,4.070000171661377,4.059999942779541,4.065000057220459
2025-12-03T15:45:00Z,4.070000171661377,4.079999923706055,4.065000057220459,4.079999923706055,4.079999923706055,31008.0,4.070000171661377,4.079999923706055,4.065000057220459,4.079999923706055
2025-12-03T15:46:00Z,4.070099830627441,4.079999923706055,4.070000171661377,4.079999923706055,4.079999923706055,10565.0,4.070099830627441,4.079999923706055,4.070000171661377,4.079999923706055
2025-12-03T15:47:00Z,4.074999809265137,4.079999923706055,4.074999809265137,4.079999923706055,4.079999923706055,29871.0,4.074999809265137,4.079999923706055,4.074999809265137,4.079999923706055
2025-12-03T15:48:00Z,4.089900016784668,4.110000133514404,4.085000038146973,4.101399898529053,4.101399898529053,53394.0,4.089900016784668,4.110000133514404,4.085000038146973,4.101399898529053
2025-12-03T15:49:00Z,4.110000133514404,4.110000133514404,4.090000152587891,4.090000152587891,4.090000152587891,35231.0,4.110000133514404,4.110000133514404,4.090000152587891,4.090000152587891
2025-12-03T15:50:00Z,4.090000152587891,4.09499979019165,4.085000038146973,4.085000038146973,4.085000038146973,7666.0,4.090000152587891,4.09499979019165,4.085000038146973,4.085000038146973
2025-12-03T15:51:00Z,4.084199905395508,4.09499979019165,4.084199905395508,4.09499979019165,4.09499979019165,10273.0,4.084199905395508,4.09499979019165,4.084199905395508,4.09499979019165
2025-12-03T15:52:00Z,4.099999904632568,4.099999904632568,4.09499979019165,4.099999904632568,4.099999904632568,12065.0,4.099999904632568,4.099999904632568,4.09499979019165,4.099999904632568
2025-12-03T15:53:00Z,4.09499979019165,4.099999904632568,4.090000152587891,4.09499979019165,4.09499979019165,21298.0,4.09499979019165,4.099999904632568,4.090000152587891,4.09499979019165
2025-12-03T15:54:00Z,4.09499979019165,4.110000133514404,4.09499979019165,4.105000019073486,4.105000019073486,23237.0,4.09499979019165,4.110000133514404,4.09499979019165,4.105000019073486
2025-12-03T15:55:00Z,4.105000019073486,4.110000133514404,4.099999904632568,4.102399826049805,4.102399826049805,11420.0,4.105000019073486,4.110000133514404,4.099999904632568,4.102399826049805
2025-12-03T15:56:00Z,4.100100040435791,4.105000019073486,4.070000171661377,4.070000171661377,4.070000171661377,108898.0,4.100100040435791,4.105000019073486,4.070000171661377,4.070000171661377
2025-12-03T15:57:00Z,4.070000171661377,4.079999923706055,4.070000171661377,4.079599857330322,4.079599857330322,14738.0,4.070000171661377,4.079999923706055,4.070000171661377,4.079599857330322
2025-12-03T15:58:00Z,4.079999923706055,4.110000133514404,4.079999923706055,4.099999904632568,4.099999904632568,38610.0,4.079999923706055,4.110000133514404,4.079999923706055,4.099999904632568
2025-12-03T15:59:00Z,4.105000019073486,4.125,4.105000019073486,4.114999771118164,4.114999771118164,66691.0,4.105000019073486,4.125,4.105000019073486,4.114999771118164
2025-12-03T16:00:00Z,4.114999771118164,4.130000114440918,4.114999771118164,4.130000114440918,4.130000114440918,13839.0,4.114999771118164,4.130000114440918,4.114999771118164,4.130000114440918
2025-12-03T16:01:00Z,4.125,4.125,4.110000133514404,4.119999885559082,4.119999885559082,33118.0,4.125,4.125,4.110000133514404,4.119999885559082
2025-12-03T16:02:00Z,4.114999771118164,4.119999885559082,4.114999771118164,4.114999771118164,4.114999771118164,4686.0,4.114999771118164,4.119999885559082,4.114999771118164,4.114999771118164
2025-12-03T16:03:00Z,4.110000133514404,4.119999885559082,4.110000133514404,4.114500045776367,4.114500045776367,18536.0,4.110000133514404,4.119999885559082,4.110000133514404,4.114500045776367
2025-12-03T16:04:00Z,4.119999885559082,4.125,4.114999771118164,4.125,4.125,18876.0,4.119999885559082,4.125,4.114999771118164,4.125
2025-12-03T16:05:00Z,4.121399879455566,4.135000228881836,4.119999885559082,4.135000228881836,4.135000228881836,15517.0,4.121399879455566,4.135000228881836,4.119999885559082,4.135000228881836
2025-12-03T16:06:00Z,4.139999866485596,4.139999866485596,4.130099773406982,4.135000228881836,4.135000228881836,8787.0,4.139999866485596,4.139999866485596,4.130099773406982,4.135000228881836
2025-12-03T16:07:00Z,4.135000228881836,4.150000095367432,4.130000114440918,4.150000095367432,4.150000095367432,101471.0,4.135000228881836,4.150000095367432,4.130000114440918,4.150000095367432
2025-12-03T16:08:00Z,4.150000095367432,4.150000095367432,4.139999866485596,4.142000198364258,4.142000198364258,13355.0,4.150000095367432,4.150000095367432,4.139999866485596,4.142000198364258
2025-12-03T16:09:00Z,4.144999980926514,4.145500183105469,4.135000228881836,4.135000228881836,4.135000228881836,18425.0,4.144999980926514,4.145500183105469,4.135000228881836,4.135000228881836
2025-12-03T16:10:00Z,4.130000114440918,4.130000114440918,4.119999885559082,4.125,4.125,22477.0,4.130000114440918,4.130000114440918,4.119999885559082,4.125
2025-12-03T16:11:00Z,4.1255998611450195,4.130000114440918,4.119999885559082,4.119999885559082,4.119999885559082,8605.0,4.1255998611450195,4.130000114440918,4.119999885559082,4.119999885559082
2025-12-03T16:12:00Z,4.125,4.130000114440918,4.119999885559082,4.125,4.125,9179.0,4.125,4.130000114440918,4.119999885559082,4.125
2025-12-03T16:13:00Z,4.120100021362305,4.130000114440918,4.119999885559082,4.130000114440918,4.130000114440918,14294.0,4.120100021362305,4.130000114440918,4.119999885559082,4.130000114440918
2025-12-03T16:14:00Z,4.130000114440918,4.139999866485596,4.130000114440918,4.139999866485596,4.139999866485596,6010.0,4.130000114440918,4.139999866485596,4.130000114440918,4.139999866485596
2025-12-03T16:15:00Z,4.130000114440918,4.139999866485596,4.130000114440918,4.139999866485596,4.139999866485596,6866.0,4.130000114440918,4.139999866485596,4.130000114440918,4.139999866485596
2025-12-03T16:16:00Z,4.130000114440918,4.139999866485596,4.119999885559082,4.119999885559082,4.119999885559082,28243.0,4.130000114440918,4.139999866485596,4.119999885559082,4.119999885559082
2025-12-03T16:17:00Z,4.130000114440918,4.139999866485596,4.119999885559082,4.139999866485596,4.139999866485596,18852.0,4.130000114440918,4.139999866485596,4.119999885559082,4.139999866485596
2025-12-03T16:18:00Z,4.139999866485596,4.159999847412109,4.139999866485596,4.159900188446045,4.159900188446045,27137.0,4.139999866485596,4.159999847412109,4.139999866485596,4.159900188446045
2025-12-03T16:19:00Z,4.15500020980835,4.170000076293945,4.15500020980835,4.164999961853027,4.164999961853027,28147.0,4.15500020980835,4.170000076293945,4.15500020980835,4.164999961853027
2025-12-03T16:20:00Z,4.164999961853027,4.168799877166748,4.159999847412109,4.164999961853027,4.164999961853027,15609.0,4.164999961853027,4.168799877166748,4.159999847412109,4.164999961853027
2025-12-03T16:21:00Z,4.164999961853027,4.170000076293945,4.160099983215332,4.164999961853027,4.164999961853027,23307.0,4.164999961853027,4.170000076293945,4.160099983215332,4.164999961853027
2025-12-03T16:22:00Z,4.164999961853027,4.164999961853027,4.15500020980835,4.15500020980835,4.15500020980835,11869.0,4.164999961853027,4.164999961853027,4.15500020980835,4.15500020980835
2025-12-03T16:23:00Z,4.159999847412109,4.165500164031982,4.156599998474121,4.164999961853027,4.164999961853027,47241.0,4.159999847412109,4.165500164031982,4.156599998474121,4.164999961853027
2025-12-03T16:24:00Z,4.160200119018555,4.160200119018555,4.150100231170654,4.15500020980835,4.15500020980835,38595.0,4.160200119018555,4.160200119018555,4.150100231170654,4.15500020980835
2025-12-03T16:25:00Z,4.15500020980835,4.159999847412109,4.1545000076293945,4.159999847412109,4.159999847412109,8041.0,4.15500020980835,4.159999847412109,4.1545000076293945,4.159999847412109
2025-12-03T16:26:00Z,4.1545000076293945,4.15500020980835,4.150000095367432,4.15500020980835,4.15500020980835,2884.0,4.1545000076293945,4.15500020980835,4.150000095367432,4.15500020980835
2025-12-03T16:27:00Z,4.15500020980835,4.1596999168396,4.150000095367432,4.1596999168396,4.1596999168396,7930.0,4.15500020980835,4.1596999168396,4.150000095367432,4.1596999168396
2025-12-03T16:28:00Z,4.15500020980835,4.164999961853027,4.153500080108643,4.164999961853027,4.164999961853027,13120.0,4.15500020980835,4.164999961853027,4.153500080108643,4.164999961853027
2025-12-03T16:29:00Z,4.159999847412109,4.170000076293945,4.159999847412109,4.164999961853027,4.164999961853027,11135.0,4.159999847412109,4.170000076293945,4.159999847412109,4.164999961853027
2025-12-03T16:30:00Z,4.164999961853027,4.170000076293945,4.159999847412109,4.164999961853027,4.164999961853027,13410.0,4.164999961853027,4.170000076293945,4.159999847412109,4.164999961853027
2025-12-03T16:31:00Z,4.164999961853027,4.190000057220459,4.164999961853027,4.184999942779541,4.184999942779541,56233.0,4.164999961853027,4.190000057220459,4.164999961853027,4.184999942779541
2025-12-03T16:32:00Z,4.184999942779541,4.190000057220459,4.184100151062012,4.184999942779541,4.184999942779541,9452.0,4.184999942779541,4.190000057220459,4.184100151062012,4.184999942779541
2025-12-03T16:33:00Z,4.184999942779541,4.188300132751465,4.170000076293945,4.179999828338623,4.179999828338623,52814.0,4.184999942779541,4.188300132751465,4.170000076293945,4.179999828338623
2025-12-03T16:34:00Z,4.184999942779541,4.190000057220459,4.180600166320801,4.184999942779541,4.184999942779541,5417.0,4.184999942779541,4.190000057220459,4.180600166320801,4.184999942779541
2025-12-03T16:35:00Z,4.184999942779541,4.186500072479248,4.179999828338623,4.184999942779541,4.184999942779541,12235.0,4.184999942779541,4.186500072479248,4.179999828338623,4.184999942779541
2025-12-03T16:36:00Z,4.184999942779541,4.190000057220459,4.179999828338623,4.190000057220459,4.190000057220459,13359.0,4.184999942779541,4.190000057220459,4.179999828338623,4.190000057220459
2025-12-03T16:37:00Z,4.188199996948242,4.199999809265137,4.184999942779541,4.194699764251709,4.194699764251709,35339.0,4.188199996948242,4.199999809265137,4.184999942779541,4.194699764251709
2025-12-03T16:38:00Z,4.199999809265137,4.199999809265137,4.190000057220459,4.195000171661377,4.195000171661377,30034.0,4.199999809265137,4.199999809265137,4.190000057220459,4.195000171661377
2025-12-03T16:39:00Z,4.195000171661377,4.199999809265137,4.190000057220459,4.190000057220459,4.190000057220459,24031.0,4.195000171661377,4.199999809265137,4.190000057220459,4.190000057220459
2025-12-03T16:40:00Z,4.190000057220459,4.190000057220459,4.179999828338623,4.184999942779541,4.184999942779541,18539.0,4.190000057220459,4.190000057220459,4.179999828338623,4.184999942779541
2025-12-03T16:41:00Z,4.184999942779541,4.190000057220459,4.184999942779541,4.190000057220459,4.190000057220459,18035.0,4.184999942779541,4.190000057220459,4.184999942779541,4.190000057220459
2025-12-03T16:42:00Z,4.195000171661377,4.199999809265137,4.190000057220459,4.195000171661377,4.195000171661377,32088.0,4.195000171661377,4.199999809265137,4.190000057220459,4.195000171661377
2025-12-03T16:43:00Z,4.195000171661377,4.199999809265137,4.194499969482422,4.195000171661377,4.195000171661377,12838.0,4.195000171661377,4.199999809265137,4.194499969482422,4.195000171661377
2025-12-03T16:44:00Z,4.199999809265137,4.199999809265137,4.195000171661377,4.195000171661377,4.195000171661377,3471.0,4.199999809265137,4.199999809265137,4.195000171661377,4.195000171661377
2025-12-03T16:45:00Z,4.195000171661377,4.199999809265137,4.195000171661377,4.195000171661377,4.195000171661377,4190.0,4.195000171661377,4.199999809265137,4.195000171661377,4.195000171661377
2025-12-03T16:46:00Z,4.190000057220459,4.199999809265137,4.184199810028076,4.199999809265137,4.199999809265137,53610.0,4.190000057220459,4.199999809265137,4.184199810028076,4.199999809265137
2025-12-03T16:47:00Z,4.195000171661377,4.199999809265137,4.190000057220459,4.195000171661377,4.195000171661377,7374.0,4.195000171661377,4.199999809265137,4.190000057220459,4.195000171661377
2025-12-03T16:48:00Z,4.195000171661377,4.195000171661377,4.190000057220459,4.195000171661377,4.195000171661377,4707.0,4.195000171661377,4.195000171661377,4.190000057220459,4.195000171661377
2025-12-03T16:49:00Z,4.199999809265137,4.199999809265137,4.190100193023682,4.19379997253418,4.19379997253418,15384.0,4.199999809265137,4.199999809265137,4.190100193023682,4.19379997253418
2025-12-03T16:50:00Z,4.195000171661377,4.195000171661377,4.179999828338623,4.184999942779541,4.184999942779541,24901.0,4.195000171661377,4.195000171661377,4.179999828338623,4.184999942779541
2025-12-03T16:51:00Z,4.184999942779541,4.190000057220459,4.184999942779541,4.190000057220459,4.190000057220459,11770.0,4.184999942779541,4.190000057220459,4.184999942779541,4.190000057220459
2025-12-03T16:52:00Z,4.199999809265137,4.199999809265137,4.190100193023682,4.195000171661377,4.195000171661377,17114.0,4.199999809265137,4.199999809265137,4.190100193023682,4.195000171661377
2025-12-03T16:53:00Z,4.195000171661377,4.195000171661377,4.179999828338623,4.184999942779541,4.184999942779541,19577.0,4.195000171661377,4.195000171661377,4.179999828338623,4.184999942779541
2025-12-03T16:54:00Z,4.184999942779541,4.184999942779541,4.180099964141846,4.184999942779541,4.184999942779541,2083.0,4.184999942779541,4.184999942779541,4.180099964141846,4.184999942779541
2025-12-03T16:55:00Z,4.184999942779541,4.184999942779541,4.179999828338623,4.184999942779541,4.184999942779541,8488.0,4.184999942779541,4.184999942779541,4.179999828338623,4.184999942779541
2025-12-03T16:56:00Z,4.179999828338623,4.179999828338623,4.170000076293945,4.179900169372559,4.179900169372559,14621.0,4.179999828338623,4.179999828338623,4.170000076293945,4.179900169372559
2025-12-03T16:57:00Z,4.179999828338623,4.179999828338623,4.170000076293945,4.170000076293945,4.170000076293945,3955.0,4.179999828338623,4.179999828338623,4.170000076293945,4.170000076293945
2025-12-03T16:58:00Z,4.175000190734863,4.175000190734863,4.170000076293945,4.171199798583984,4.171199798583984,2024.0,4.175000190734863,4.175000190734863,4.170000076293945,4.171199798583984
2025-12-03T16:59:00Z,4.17549991607666,4.178199768066406,4.170000076293945,4.175000190734863,4.175000190734863,2961.0,4.17549991607666,4.178199768066406,4.170000076293945,4.175000190734863
2025-12-03T17:00:00Z,4.175000190734863,4.179999828338623,4.175000190734863,4.179900169372559,4.179900169372559,10709.0,4.175000190734863,4.179999828338623,4.175000190734863,4.179900169372559
2025-12-03T17:01:00Z,4.170100212097168,4.179800033569336,4.170100212097168,4.175000190734863,4.175000190734863,8263.0,4.170100212097168,4.179800033569336,4.170100212097168,4.175000190734863
2025-12-03T17:02:00Z,4.174300193786621,4.179999828338623,4.170000076293945,4.179900169372559,4.179900169372559,9131.0,4.174300193786621,4.179999828338623,4.170000076293945,4.179900169372559
2025-12-03T17:03:00Z,4.175000190734863,4.179999828338623,4.175000190734863,4.175000190734863,4.175000190734863,1854.0,4.175000190734863,4.179999828338623,4.175000190734863,4.175000190734863
2025-12-03T17:04:00Z,4.175000190734863,4.179999828338623,4.175000190734863,4.175000190734863,4.175000190734863,2954.0,4.175000190734863,4.179999828338623,4.175000190734863,4.175000190734863
2025-12-03T17:05:00Z,4.175000190734863,4.179999828338623,4.1732001304626465,4.175000190734863,4.175000190734863,7552.0,4.175000190734863,4.179999828338623,4.1732001304626465,4.175000190734863
2025-12-03T17:06:00Z,4.171800136566162,4.179999828338623,4.170000076293945,4.179999828338623,4.179999828338623,5788.0,4.171800136566162,4.179999828338623,4.170000076293945,4.179999828338623
2025-12-03T17:07:00Z,4.175000190734863,4.179999828338623,4.175000190734863,4.179999828338623,4.179999828338623,4531.0,4.175000190734863,4.179999828338623,4.175000190734863,4.179999828338623
2025-12-03T17:08:00Z,4.175000190734863,4.179999828338623,4.171199798583984,4.175000190734863,4.175000190734863,4900.0,4.175000190734863,4.179999828338623,4.171199798583984,4.175000190734863
2025-12-03T17:09:00Z,4.175000190734863,4.179999828338623,4.170000076293945,4.175000190734863,4.175000190734863,5606.0,4.175000190734863,4.179999828338623,4.170000076293945,4.175000190734863
2025-12-03T17:10:00Z,4.175000190734863,4.179999828338623,4.170000076293945,4.175000190734863,4.175000190734863,8656.0,4.175000190734863,4.179999828338623,4.170000076293945,4.175000190734863
2025-12-03T17:11:00Z,4.175000190734863,4.190000057220459,4.175000190734863,4.184999942779541,4.184999942779541,32074.0,4.175000190734863,4.190000057220459,4.175000190734863,4.184999942779541
2025-12-03T17:12:00Z,4.184999942779541,4.190000057220459,4.180099964141846,4.184999942779541,4.184999942779541,8072.0,4.184999942779541,4.190000057220459,4.180099964141846,4.184999942779541
2025-12-03T17:13:00Z,4.190000057220459,4.190000057220459,4.180099964141846,4.184999942779541,4.184999942779541,2017247.0,4.190000057220459,4.190000057220459,4.180099964141846,4.184999942779541
2025-12-03T17:15:00Z,4.189899921417236,4.190000057220459,4.184999942779541,4.188000202178955,4.188000202178955,15011.0,4.189899921417236,4.190000057220459,4.184999942779541,4.188000202178955
2025-12-03T17:16:00Z,4.190000057220459,4.199999809265137,4.190000057220459,4.195000171661377,4.195000171661377,23477.0,4.190000057220459,4.199999809265137,4.190000057220459,4.195000171661377
2025-12-03T17:17:00Z,4.195000171661377,4.199999809265137,4.190000057220459,4.199999809265137,4.199999809265137,16375.0,4.195000171661377,4.199999809265137,4.190000057220459,4.199999809265137
2025-12-03T17:18:00Z,4.195000171661377,4.199999809265137,4.190000057220459,4.195000171661377,4.195000171661377,6504.0,4.195000171661377,4.199999809265137,4.190000057220459,4.195000171661377
2025-12-03T17:19:00Z,4.195000171661377,4.1971001625061035,4.190000057220459,4.195000171661377,4.195000171661377,18216.0,4.195000171661377,4.1971001625061035,4.190000057220459,4.195000171661377
2025-12-03T17:20:00Z,4.195000171661377,4.195000171661377,4.190000057220459,4.190000057220459,4.190000057220459,14845.0,4.195000171661377,4.195000171661377,4.190000057220459,4.190000057220459
2025-12-03T17:21:00Z,4.195000171661377,4.204999923706055,4.195000171661377,4.204999923706055,4.204999923706055,30486.0,4.195000171661377,4.204999923706055,4.195000171661377,4.204999923706055
2025-12-03T17:22:00Z,4.204999923706055,4.21999979019165,4.204999923706055,4.218800067901611,4.218800067901611,27377.0,4.204999923706055,4.21999979019165,4.204999923706055,4.218800067901611
2025-12-03T17:23:00Z,4.215000152587891,4.230000019073486,4.215000152587891,4.224999904632568,4.224999904632568,32042.0,4.215000152587891,4.230000019073486,4.215000152587891,4.224999904632568
2025-12-03T17:24:00Z,4.221399784088135,4.230000019073486,4.21999979019165,4.230000019073486,4.230000019073486,13230.0,4.221399784088135,4.230000019073486,4.21999979019165,4.230000019073486
2025-12-03T17:25:00Z,4.224999904632568,4.230000019073486,4.21999979019165,4.229800224304199,4.229800224304199,11190.0,4.224999904632568,4.230000019073486,4.21999979019165,4.229800224304199
2025-12-03T17:26:00Z,4.224599838256836,4.230000019073486,4.224599838256836,4.230000019073486,4.230000019073486,17623.0,4.224599838256836,4.230000019073486,4.224599838256836,4.230000019073486
2025-12-03T17:27:00Z,4.224999904632568,4.230000019073486,4.220300197601318,4.224999904632568,4.224999904632568,10784.0,4.224999904632568,4.230000019073486,4.220300197601318,4.224999904632568
2025-12-03T17:28:00Z,4.229899883270264,4.239999771118164,4.221399784088135,4.2399001121521,4.2399001121521,72463.0,4.229899883270264,4.239999771118164,4.221399784088135,4.2399001121521
2025-12-03T17:29:00Z,4.235000133514404,4.239999771118164,4.230000019073486,4.235000133514404,4.235000133514404,25932.0,4.235000133514404,4.239999771118164,4.230000019073486,4.235000133514404
2025-12-03T17:30:00Z,4.235000133514404,4.235000133514404,4.235000133514404,4.235000133514404,4.235000133514404,4887.0,4.235000133514404,4.235000133514404,4.235000133514404,4.235000133514404
2025-12-03T17:31:00Z,4.235000133514404,4.235000133514404,4.21999979019165,4.228799819946289,4.228799819946289,31808.0,4.235000133514404,4.235000133514404,4.21999979019165,4.228799819946289
2025-12-03T17:32:00Z,4.230000019073486,4.230000019073486,4.2245001792907715,4.229000091552734,4.229000091552734,7773.0,4.230000019073486,4.230000019073486,4.2245001792907715,4.229000091552734
2025-12-03T17:33:00Z,4.21999979019165,4.28000020980835,4.21999979019165,4.275000095367432,4.275000095367432,204661.0,4.21999979019165,4.28000020980835,4.21999979019165,4.275000095367432
2025-12-03T17:34:00Z,4.275000095367432,4.300000190734863,4.264999866485596,4.274099826812744,4.274099826812744,276790.0,4.275000095367432,4.300000190734863,4.264999866485596,4.274099826812744
2025-12-03T17:35:00Z,4.275000095367432,4.289999961853027,4.275000095367432,4.284999847412109,4.284999847412109,2736163.0,4.275000095367432,4.289999961853027,4.275000095367432,4.284999847412109
2025-12-03T17:37:00Z,4.275000095367432,4.309999942779541,4.275000095367432,4.309999942779541,4.309999942779541,98231.0,4.275000095367432,4.309999942779541,4.275000095367432,4.309999942779541
2025-12-03T17:38:00Z,4.309899806976318,4.309999942779541,4.300000190734863,4.309999942779541,4.309999942779541,33915.0,4.309899806976318,4.309999942779541,4.300000190734863,4.309999942779541
2025-12-03T17:39:00Z,4.30649995803833,4.320000171661377,4.289999961853027,4.299900054931641,4.299900054931641,85061.0,4.30649995803833,4.320000171661377,4.289999961853027,4.299900054931641
2025-12-03T17:40:00Z,4.295000076293945,4.300000190734863,4.289999961853027,4.289999961853027,4.289999961853027,29257.0,4.295000076293945,4.300000190734863,4.289999961853027,4.289999961853027
2025-12-03T17:41:00Z,4.289999961853027,4.300000190734863,4.284900188446045,4.285299777984619,4.285299777984619,42425.0,4.289999961853027,4.300000190734863,4.284900188446045,4.285299777984619
2025-12-03T17:42:00Z,4.284999847412109,4.289899826049805,4.28000020980835,4.284999847412109,4.284999847412109,28343.0,4.284999847412109,4.289899826049805,4.28000020980835,4.284999847412109
2025-12-03T17:43:00Z,4.284999847412109,4.289999961853027,4.28000020980835,4.2845001220703125,4.2845001220703125,38724.0,4.284999847412109,4.289999961853027,4.28000020980835,4.2845001220703125
2025-12-03T17:44:00Z,4.280799865722656,4.284999847412109,4.270100116729736,4.275000095367432,4.275000095367432,36821.0,4.280799865722656,4.284999847412109,4.270100116729736,4.275000095367432
2025-12-03T17:45:00Z,4.275000095367432,4.2982001304626465,4.275000095367432,4.292699813842773,4.292699813842773,40033.0,4.275000095367432,4.2982001304626465,4.275000095367432,4.292699813842773
2025-12-03T17:46:00Z,4.295000076293945,4.299900054931641,4.28000020980835,4.2881999015808105,4.2881999015808105,26989.0,4.295000076293945,4.299900054931641,4.28000020980835,4.2881999015808105
2025-12-03T17:47:00Z,4.288099765777588,4.291999816894531,4.284299850463867,4.2845001220703125,4.2845001220703125,27130.0,4.288099765777588,4.291999816894531,4.284299850463867,4.2845001220703125
2025-12-03T17:48:00Z,4.28000020980835,4.289899826049805,4.28000020980835,4.284999847412109,4.284999847412109,7431.0,4.28000020980835,4.289899826049805,4.28000020980835,4.284999847412109
2025-12-03T17:49:00Z,4.289899826049805,4.297599792480469,4.280099868774414,4.289999961853027,4.289999961853027,78634.0,4.289899826049805,4.297599792480469,4.280099868774414,4.289999961853027
2025-12-03T17:50:00Z,4.295000076293945,4.304999828338623,4.289999961853027,4.300000190734863,4.300000190734863,65170.0,4.295000076293945,4.304999828338623,4.289999961853027,4.300000190734863
2025-12-03T17:51:00Z,4.304999828338623,4.309899806976318,4.300000190734863,4.307799816131592,4.307799816131592,18799.0,4.304999828338623,4.309899806976318,4.300000190734863,4.307799816131592
2025-12-03T17:52:00Z,4.304999828338623,4.305099964141846,4.300000190734863,4.304999828338623,4.304999828338623,11556.0,4.304999828338623,4.305099964141846,4.300000190734863,4.304999828338623
2025-12-03T17:53:00Z,4.304999828338623,4.309999942779541,4.300000190734863,4.307199954986572,4.307199954986572,12202.0,4.304999828338623,4.309999942779541,4.300000190734863,4.307199954986572
2025-12-03T17:54:00Z,4.308599948883057,4.320000171661377,4.308599948883057,4.313499927520752,4.313499927520752,29310.0,4.308599948883057,4.320000171661377,4.308599948883057,4.313499927520752
2025-12-03T17:55:00Z,4.315000057220459,4.320000171661377,4.309999942779541,4.315000057220459,4.315000057220459,21257.0,4.315000057220459,4.320000171661377,4.309999942779541,4.315000057220459
2025-12-03T17:56:00Z,4.318600177764893,4.320000171661377,4.309999942779541,4.309999942779541,4.309999942779541,26803.0,4.318600177764893,4.320000171661377,4.309999942779541,4.309999942779541
2025-12-03T17:57:00Z,4.315999984741211,4.324999809265137,4.309999942779541,4.321400165557861,4.321400165557861,113595.0,4.315999984741211,4.324999809265137,4.309999942779541,4.321400165557861
2025-12-03T17:58:00Z,4.324999809265137,4.329899787902832,4.320000171661377,4.324999809265137,4.324999809265137,23279.0,4.324999809265137,4.329899787902832,4.320000171661377,4.324999809265137
2025-12-03T17:59:00Z,4.324999809265137,4.329999923706055,4.320000171661377,4.324999809265137,4.324999809265137,39717.0,4.324999809265137,4.329999923706055,4.320000171661377,4.324999809265137
2025-12-03T18:00:00Z,4.320000171661377,4.329999923706055,4.320000171661377,4.321700096130371,4.321700096130371,34403.0,4.320000171661377,4.329999923706055,4.320000171661377,4.321700096130371
2025-12-03T18:01:00Z,4.324999809265137,4.346499919891357,4.324999809265137,4.34499979019165,4.34499979019165,65782.0,4.324999809265137,4.346499919891357,4.324999809265137,4.34499979019165
2025-12-03T18:02:00Z,4.3454999923706055,4.349999904632568,4.340000152587891,4.341400146484375,4.341400146484375,26079.0,4.3454999923706055,4.349999904632568,4.340000152587891,4.341400146484375
2025-12-03T18:03:00Z,4.34499979019165,4.349899768829346,4.340000152587891,4.345600128173828,4.345600128173828,23741.0,4.34499979019165,4.349899768829346,4.340000152587891,4.345600128173828
2025-12-03T18:04:00Z,4.344600200653076,4.3454999923706055,4.329999923706055,4.330599784851074,4.330599784851074,51071.0,4.344600200653076,4.3454999923706055,4.329999923706055,4.330599784851074
2025-12-03T18:05:00Z,4.333399772644043,4.349999904632568,4.333399772644043,4.348499774932861,4.348499774932861,65460.0,4.333399772644043,4.349999904632568,4.333399772644043,4.348499774932861
2025-12-03T18:06:00Z,4.34499979019165,4.348999977111816,4.340000152587891,4.340000152587891,4.340000152587891,24264.0,4.34499979019165,4.348999977111816,4.340000152587891,4.340000152587891
2025-12-03T18:07:00Z,4.34499979019165,4.349999904632568,4.340000152587891,4.348299980163574,4.348299980163574,20408.0,4.34499979019165,4.349999904632568,4.340000152587891,4.348299980163574
2025-12-03T18:08:00Z,4.34499979019165,4.349999904632568,4.340000152587891,4.34499979019165,4.34499979019165,22303.0,4.34499979019165,4.349999904632568,4.340000152587891,4.34499979019165
2025-12-03T18:09:00Z,4.349999904632568,4.349999904632568,4.340000152587891,4.34499979019165,4.34499979019165,21350.0,4.349999904632568,4.349999904632568,4.340000152587891,4.34499979019165
2025-12-03T18:10:00Z,4.34499979019165,4.34499979019165,4.334499835968018,4.335000038146973,4.335000038146973,29354.0,4.34499979019165,4.34499979019165,4.334499835968018,4.335000038146973
2025-12-03T18:11:00Z,4.340000152587891,4.349999904632568,4.340000152587891,4.3480000495910645,4.3480000495910645,52686.0,4.340000152587891,4.349999904632568,4.340000152587891,4.3480000495910645
2025-12-03T18:12:00Z,4.34250020980835,4.349899768829346,4.340000152587891,4.349899768829346,4.349899768829346,33740.0,4.34250020980835,4.349899768829346,4.340000152587891,4.349899768829346
2025-12-03T18:13:00Z,4.34499979019165,4.349999904632568,4.329999923706055,4.3379998207092285,4.3379998207092285,32235.0,4.34499979019165,4.349999904632568,4.329999923706055,4.3379998207092285
2025-12-03T18:14:00Z,4.339900016784668,4.339900016784668,4.335000038146973,4.339900016784668,4.339900016784668,7977.0,4.339900016784668,4.339900016784668,4.335000038146973,4.339900016784668
2025-12-03T18:15:00Z,4.339900016784668,4.340000152587891,4.329999923706055,4.33519983291626,4.33519983291626,20650.0,4.339900016784668,4.340000152587891,4.329999923706055,4.33519983291626
2025-12-03T18:16:00Z,4.340000152587891,4.349999904632568,4.340000152587891,4.340000152587891,4.340000152587891,36148.0,4.340000152587891,4.349999904632568,4.340000152587891,4.340000152587891
2025-12-03T18:17:00Z,4.349999904632568,4.349999904632568,4.340000152587891,4.34499979019165,4.34499979019165,20130.0,4.349999904632568,4.349999904632568,4.340000152587891,4.34499979019165
2025-12-03T18:18:00Z,4.34499979019165,4.349999904632568,4.340000152587891,4.34499979019165,4.34499979019165,43675.0,4.34499979019165,4.349999904632568,4.340000152587891,4.34499979019165
2025-12-03T18:19:00Z,4.34499979019165,4.359899997711182,4.34499979019165,4.355000019073486,4.355000019073486,58839.0,4.34499979019165,4.359899997711182,4.34499979019165,4.355000019073486
2025-12-03T18:20:00Z,4.355000019073486,4.359899997711182,4.349999904632568,4.355000019073486,4.355000019073486,20260.0,4.355000019073486,4.359899997711182,4.349999904632568,4.355000019073486
2025-12-03T18:21:00Z,4.355000019073486,4.359899997711182,4.349999904632568,4.359899997711182,4.359899997711182,25562.0,4.355000019073486,4.359899997711182,4.349999904632568,4.359899997711182
2025-12-03T18:22:00Z,4.355000019073486,4.360000133514404,4.355000019073486,4.355000019073486,4.355000019073486,17518.0,4.355000019073486,4.360000133514404,4.355000019073486,4.355000019073486
2025-12-03T18:23:00Z,4.359899997711182,4.364999771118164,4.354499816894531,4.355000019073486,4.355000019073486,67188.0,4.359899997711182,4.364999771118164,4.354499816894531,4.355000019073486
2025-12-03T18:24:00Z,4.355000019073486,4.360000133514404,4.350100040435791,4.355000019073486,4.355000019073486,20637.0,4.355000019073486,4.360000133514404,4.350100040435791,4.355000019073486
2025-12-03T18:25:00Z,4.353499889373779,4.359899997711182,4.353499889373779,4.355000019073486,4.355000019073486,10047.0,4.353499889373779,4.359899997711182,4.353499889373779,4.355000019073486
2025-12-03T18:26:00Z,4.355000019073486,4.3597002029418945,4.349999904632568,4.355000019073486,4.355000019073486,20475.0,4.355000019073486,4.3597002029418945,4.349999904632568,4.355000019073486
2025-12-03T18:27:00Z,4.355000019073486,4.360000133514404,4.353499889373779,4.359799861907959,4.359799861907959,7717.0,4.355000019073486,4.360000133514404,4.353499889373779,4.359799861907959
2025-12-03T18:28:00Z,4.360000133514404,4.369999885559082,4.360000133514404,4.367000102996826,4.367000102996826,23455.0,4.360000133514404,4.369999885559082,4.360000133514404,4.367000102996826
2025-12-03T18:29:00Z,4.369900226593018,4.369999885559082,4.360000133514404,4.369999885559082,4.369999885559082,11314.0,4.369900226593018,4.369999885559082,4.360000133514404,4.369999885559082
2025-12-03T18:30:00Z,4.36899995803833,4.375,4.360000133514404,4.364999771118164,4.364999771118164,58268.0,4.36899995803833,4.375,4.360000133514404,4.364999771118164
2025-12-03T18:31:00Z,4.364999771118164,4.369900226593018,4.361400127410889,4.369900226593018,4.369900226593018,19484.0,4.364999771118164,4.369900226593018,4.361400127410889,4.369900226593018
2025-12-03T18:32:00Z,4.364999771118164,4.364999771118164,4.360000133514404,4.364999771118164,4.364999771118164,19844.0,4.364999771118164,4.364999771118164,4.360000133514404,4.364999771118164
2025-12-03T18:33:00Z,4.365799903869629,4.369999885559082,4.355000019073486,4.355000019073486,4.355000019073486,36810.0,4.365799903869629,4.369999885559082,4.355000019073486,4.355000019073486
2025-12-03T18:34:00Z,4.355000019073486,4.359899997711182,4.355000019073486,4.356299877166748,4.356299877166748,8412.0,4.355000019073486,4.359899997711182,4.355000019073486,4.356299877166748
2025-12-03T18:35:00Z,4.3557000160217285,4.360000133514404,4.350100040435791,4.355000019073486,4.355000019073486,12499.0,4.3557000160217285,4.360000133514404,4.350100040435791,4.355000019073486
2025-12-03T18:36:00Z,4.355000019073486,4.360000133514404,4.355000019073486,4.359899997711182,4.359899997711182,37388.0,4.355000019073486,4.360000133514404,4.355000019073486,4.359899997711182
2025-12-03T18:41:00Z,4.385000228881836,4.389900207519531,4.380000114440918,4.382299900054932,4.382299900054932,369622.0,4.385000228881836,4.389900207519531,4.380000114440918,4.382299900054932
2025-12-03T18:42:00Z,4.385000228881836,4.389999866485596,4.384200096130371,4.385000228881836,4.385000228881836,18550.0,4.385000228881836,4.389999866485596,4.384200096130371,4.385000228881836
2025-12-03T18:43:00Z,4.3856000900268555,4.400000095367432,4.385000228881836,4.400000095367432,4.400000095367432,51843.0,4.3856000900268555,4.400000095367432,4.385000228881836,4.400000095367432
2025-12-03T18:44:00Z,4.399799823760986,4.400000095367432,4.384500026702881,4.384500026702881,4.384500026702881,43104.0,4.399799823760986,4.400000095367432,4.384500026702881,4.384500026702881
2025-12-03T18:45:00Z,4.389900207519531,4.389999866485596,4.380099773406982,4.386499881744385,4.386499881744385,29205.0,4.389900207519531,4.389999866485596,4.380099773406982,4.386499881744385
2025-12-03T18:46:00Z,4.389900207519531,4.389999866485596,4.383900165557861,4.385000228881836,4.385000228881836,27546.0,4.389900207519531,4.389999866485596,4.383900165557861,4.385000228881836
2025-12-03T18:47:00Z,4.385000228881836,4.389999866485596,4.380099773406982,4.389900207519531,4.389900207519531,22196.0,4.385000228881836,4.389999866485596,4.380099773406982,4.389900207519531
2025-12-03T18:48:00Z,4.385000228881836,4.3871002197265625,4.383699893951416,4.385000228881836,4.385000228881836,7391.0,4.385000228881836,4.3871002197265625,4.383699893951416,4.385000228881836
2025-12-03T18:49:00Z,4.389999866485596,4.389999866485596,4.383500099182129,4.385000228881836,4.385000228881836,14815.0,4.389999866485596,4.389999866485596,4.383500099182129,4.385000228881836
2025-12-03T18:50:00Z,4.38640022277832,4.389999866485596,4.380000114440918,4.385000228881836,4.385000228881836,38392.0,4.38640022277832,4.389999866485596,4.380000114440918,4.385000228881836
2025-12-03T18:51:00Z,4.385000228881836,4.389999866485596,4.380000114440918,4.385000228881836,4.385000228881836,28165.0,4.385000228881836,4.389999866485596,4.380000114440918,4.385000228881836
2025-12-03T18:52:00Z,4.380000114440918,4.400000095367432,4.380000114440918,4.394999980926514,4.394999980926514,83357.0,4.380000114440918,4.400000095367432,4.380000114440918,4.394999980926514
2025-12-03T18:53:00Z,4.3979997634887695,4.400000095367432,4.390100002288818,4.394999980926514,4.394999980926514,11065.0,4.3979997634887695,4.400000095367432,4.390100002288818,4.394999980926514
2025-12-03T18:54:00Z,4.394999980926514,4.400000095367432,4.389999866485596,4.394999980926514,4.394999980926514,13632.0,4.394999980926514,4.400000095367432,4.389999866485596,4.394999980926514
2025-12-03T18:55:00Z,4.394999980926514,4.400000095367432,4.389999866485596,4.394999980926514,4.394999980926514,16723.0,4.394999980926514,4.400000095367432,4.389999866485596,4.394999980926514
2025-12-03T18:56:00Z,4.394999980926514,4.400000095367432,4.380000114440918,4.380000114440918,4.380000114440918,44335.0,4.394999980926514,4.400000095367432,4.380000114440918,4.380000114440918
2025-12-03T18:57:00Z,4.380000114440918,4.385000228881836,4.370699882507324,4.385000228881836,4.385000228881836,35948.0,4.380000114440918,4.385000228881836,4.370699882507324,4.385000228881836
2025-12-03T18:58:00Z,4.385000228881836,4.385000228881836,4.383999824523926,4.385000228881836,4.385000228881836,8494.0,4.385000228881836,4.385000228881836,4.383999824523926,4.385000228881836
2025-12-03T18:59:00Z,4.385000228881836,4.389900207519531,4.380000114440918,4.383999824523926,4.383999824523926,7066.0,4.385000228881836,4.389900207519531,4.380000114440918,4.383999824523926
2025-12-03T19:00:00Z,4.389999866485596,4.394999980926514,4.384900093078613,4.394999980926514,4.394999980926514,22304.0,4.389999866485596,4.394999980926514,4.384900093078613,4.394999980926514
2025-12-03T19:01:00Z,4.400000095367432,4.420000076293945,4.394999980926514,4.414999961853027,4.414999961853027,98656.0,4.400000095367432,4.420000076293945,4.394999980926514,4.414999961853027
2025-12-03T19:02:00Z,4.414999961853027,4.420000076293945,4.410099983215332,4.420000076293945,4.420000076293945,44278.0,4.414999961853027,4.420000076293945,4.410099983215332,4.420000076293945
2025-12-03T19:03:00Z,4.419899940490723,4.420000076293945,4.41349983215332,4.420000076293945,4.420000076293945,4431.0,4.419899940490723,4.420000076293945,4.41349983215332,4.420000076293945
2025-12-03T19:04:00Z,4.420000076293945,4.420000076293945,4.4145002365112305,4.420000076293945,4.420000076293945,12927.0,4.420000076293945,4.420000076293945,4.4145002365112305,4.420000076293945
2025-12-03T19:05:00Z,4.41480016708374,4.420000076293945,4.409999847412109,4.41379976272583,4.41379976272583,27190.0,4.41480016708374,4.420000076293945,4.409999847412109,4.41379976272583
2025-12-03T19:06:00Z,4.419899940490723,4.420000076293945,4.40500020980835,4.410399913787842,4.410399913787842,84349.0,4.419899940490723,4.420000076293945,4.40500020980835,4.410399913787842
2025-12-03T19:07:00Z,4.414999961853027,4.420000076293945,4.414999961853027,4.414999961853027,4.414999961853027,7166.0,4.414999961853027,4.420000076293945,4.414999961853027,4.414999961853027
2025-12-03T19:08:00Z,4.414999961853027,4.425000190734863,4.4141998291015625,4.414999961853027,4.414999961853027,41900.0,4.414999961853027,4.425000190734863,4.4141998291015625,4.414999961853027
2025-12-03T19:09:00Z,4.414999961853027,4.420000076293945,4.409999847412109,4.410299777984619,4.410299777984619,11709.0,4.414999961853027,4.420000076293945,4.409999847412109,4.410299777984619
2025-12-03T19:10:00Z,4.419899940490723,4.420000076293945,4.414999961853027,4.414999961853027,4.414999961853027,6044.0,4.419899940490723,4.420000076293945,4.414999961853027,4.414999961853027
2025-12-03T19:11:00Z,4.414999961853027,4.420000076293945,4.414999961853027,4.420000076293945,4.420000076293945,8378.0,4.414999961853027,4.420000076293945,4.414999961853027,4.420000076293945
2025-12-03T19:12:00Z,4.414999961853027,4.420000076293945,4.410099983215332,4.419899940490723,4.419899940490723,10080.0,4.414999961853027,4.420000076293945,4.410099983215332,4.419899940490723
2025-12-03T19:13:00Z,4.414999961853027,4.420000076293945,4.409999847412109,4.420000076293945,4.420000076293945,11551.0,4.414999961853027,4.420000076293945,4.409999847412109,4.420000076293945
2025-12-03T19:14:00Z,4.414999961853027,4.420000076293945,4.414999961853027,4.419899940490723,4.419899940490723,16285.0,4.414999961853027,4.420000076293945,4.414999961853027,4.419899940490723
2025-12-03T19:15:00Z,4.414999961853027,4.420000076293945,4.409999847412109,4.420000076293945,4.420000076293945,14137.0,4.414999961853027,4.420000076293945,4.409999847412109,4.420000076293945
2025-12-03T19:16:00Z,4.420000076293945,4.420000076293945,4.409999847412109,4.414999961853027,4.414999961853027,18380.0,4.420000076293945,4.420000076293945,4.409999847412109,4.414999961853027
2025-12-03T19:17:00Z,4.414999961853027,4.420000076293945,4.409999847412109,4.414999961853027,4.414999961853027,20009.0,4.414999961853027,4.420000076293945,4.409999847412109,4.414999961853027
2025-12-03T19:18:00Z,4.414999961853027,4.420000076293945,4.410200119018555,4.414999961853027,4.414999961853027,8430.0,4.414999961853027,4.420000076293945,4.410200119018555,4.414999961853027
2025-12-03T19:19:00Z,4.414899826049805,4.420000076293945,4.4145002365112305,4.420000076293945,4.420000076293945,17768.0,4.414899826049805,4.420000076293945,4.4145002365112305,4.420000076293945
2025-12-03T19:20:00Z,4.414999961853027,4.429999828338623,4.414999961853027,4.425000190734863,4.425000190734863,52091.0,4.414999961853027,4.429999828338623,4.414999961853027,4.425000190734863
2025-12-03T19:21:00Z,4.425000190734863,4.429699897766113,4.414999961853027,4.416900157928467,4.416900157928467,25461.0,4.425000190734863,4.429699897766113,4.414999961853027,4.416900157928467
2025-12-03T19:22:00Z,4.414999961853027,4.420000076293945,4.410099983215332,4.416299819946289,4.416299819946289,10584.0,4.414999961853027,4.420000076293945,4.410099983215332,4.416299819946289
2025-12-03T19:23:00Z,4.415800094604492,4.420000076293945,4.414999961853027,4.418000221252441,4.418000221252441,10129.0,4.415800094604492,4.420000076293945,4.414999961853027,4.418000221252441
2025-12-03T19:24:00Z,4.420000076293945,4.420000076293945,4.409999847412109,4.420000076293945,4.420000076293945,10908.0,4.420000076293945,4.420000076293945,4.409999847412109,4.420000076293945
2025-12-03T19:25:00Z,4.420000076293945,4.429999828338623,4.420000076293945,4.427999973297119,4.427999973297119,25023.0,4.420000076293945,4.429999828338623,4.420000076293945,4.427999973297119
2025-12-03T19:26:00Z,4.429900169372559,4.440000057220459,4.426599979400635,4.43720006942749,4.43720006942749,36913.0,4.429900169372559,4.440000057220459,4.426599979400635,4.43720006942749
2025-12-03T19:27:00Z,4.435100078582764,4.440000057220459,4.4334001541137695,4.4334001541137695,4.4334001541137695,9177.0,4.435100078582764,4.440000057220459,4.4334001541137695,4.4334001541137695
2025-12-03T19:28:00Z,4.434999942779541,4.440000057220459,4.429999828338623,4.434999942779541,4.434999942779541,43863.0,4.434999942779541,4.440000057220459,4.429999828338623,4.434999942779541
2025-12-03T19:29:00Z,4.434999942779541,4.440000057220459,4.434999942779541,4.4394001960754395,4.4394001960754395,5701.0,4.434999942779541,4.440000057220459,4.434999942779541,4.4394001960754395
2025-12-03T19:30:00Z,4.440000057220459,4.440000057220459,4.434999942779541,4.434999942779541,4.434999942779541,10898.0,4.440000057220459,4.440000057220459,4.434999942779541,4.434999942779541
2025-12-03T19:31:00Z,4.433599948883057,4.440000057220459,4.433599948883057,4.434999942779541,4.434999942779541,15385.0,4.433599948883057,4.440000057220459,4.433599948883057,4.434999942779541
2025-12-03T19:32:00Z,4.435500144958496,4.440000057220459,4.429999828338623,4.439899921417236,4.439899921417236,19240.0,4.435500144958496,4.440000057220459,4.429999828338623,4.439899921417236
2025-12-03T19:33:00Z,4.434999942779541,4.449999809265137,4.434999942779541,4.438399791717529,4.438399791717529,78755.0,4.434999942779541,4.449999809265137,4.434999942779541,4.438399791717529
2025-12-03T19:34:00Z,4.435100078582764,4.439899921417236,4.43179988861084,4.434999942779541,4.434999942779541,9356.0,4.435100078582764,4.439899921417236,4.43179988861084,4.434999942779541
2025-12-03T19:35:00Z,4.434500217437744,4.440000057220459,4.433499813079834,4.438899993896484,4.438899993896484,7756.0,4.434500217437744,4.440000057220459,4.433499813079834,4.438899993896484
2025-12-03T19:36:00Z,4.440000057220459,4.449999809265137,4.440000057220459,4.445000171661377,4.445000171661377,30445.0,4.440000057220459,4.449999809265137,4.440000057220459,4.445000171661377
2025-12-03T19:37:00Z,4.445000171661377,4.449999809265137,4.440000057220459,4.446300029754639,4.446300029754639,14774.0,4.445000171661377,4.449999809265137,4.440000057220459,4.446300029754639
2025-12-03T19:38:00Z,4.446499824523926,4.446499824523926,4.440000057220459,4.445000171661377,4.445000171661377,15258.0,4.446499824523926,4.446499824523926,4.440000057220459,4.445000171661377
2025-12-03T19:39:00Z,4.445000171661377,4.449999809265137,4.440100193023682,4.449999809265137,4.449999809265137,9088.0,4.445000171661377,4.449999809265137,4.440100193023682,4.449999809265137
2025-12-03T19:40:00Z,4.445000171661377,4.449999809265137,4.445000171661377,4.449999809265137,4.449999809265137,13937.0,4.445000171661377,4.449999809265137,4.445000171661377,4.449999809265137
2025-12-03T19:41:00Z,4.445799827575684,4.449999809265137,4.440000057220459,4.449999809265137,4.449999809265137,16559.0,4.445799827575684,4.449999809265137,4.440000057220459,4.449999809265137
2025-12-03T19:42:00Z,4.445000171661377,4.449999809265137,4.440000057220459,4.449999809265137,4.449999809265137,14572.0,4.445000171661377,4.449999809265137,4.440000057220459,4.449999809265137
2025-12-03T19:43:00Z,4.445000171661377,4.460000038146973,4.445000171661377,4.454999923706055,4.454999923706055,119551.0,4.445000171661377,4.460000038146973,4.445000171661377,4.454999923706055
2025-12-03T19:44:00Z,4.454999923706055,4.460000038146973,4.449999809265137,4.460000038146973,4.460000038146973,20348.0,4.454999923706055,4.460000038146973,4.449999809265137,4.460000038146973
2025-12-03T19:45:00Z,4.454999923706055,4.458600044250488,4.449999809265137,4.454999923706055,4.454999923706055,28087.0,4.454999923706055,4.458600044250488,4.449999809265137,4.454999923706055
2025-12-03T19:46:00Z,4.454999923706055,4.458499908447266,4.440000057220459,4.458499908447266,4.458499908447266,51493.0,4.454999923706055,4.458499908447266,4.440000057220459,4.458499908447266
2025-12-03T19:47:00Z,4.454999923706055,4.465000152587891,4.454500198364258,4.459799766540527,4.459799766540527,56622.0,4.454999923706055,4.465000152587891,4.454500198364258,4.459799766540527
2025-12-03T19:48:00Z,4.456299781799316,4.460000038146973,4.449999809265137,4.460000038146973,4.460000038146973,29617.0,4.456299781799316,4.460000038146973,4.449999809265137,4.460000038146973
2025-12-03T19:49:00Z,4.454999923706055,4.460000038146973,4.454999923706055,4.454999923706055,4.454999923706055,10778.0,4.454999923706055,4.460000038146973,4.454999923706055,4.454999923706055
2025-12-03T19:50:00Z,4.460000038146973,4.46999979019165,4.460000038146973,4.46999979019165,4.46999979019165,49336.0,4.460000038146973,4.46999979019165,4.460000038146973,4.46999979019165
2025-12-03T19:51:00Z,4.4654998779296875,4.46999979019165,4.460000038146973,4.46999979019165,4.46999979019165,13745.0,4.4654998779296875,4.46999979019165,4.460000038146973,4.46999979019165
2025-12-03T19:52:00Z,4.4654998779296875,4.46999979019165,4.465000152587891,4.466700077056885,4.466700077056885,11163.0,4.4654998779296875,4.46999979019165,4.465000152587891,4.466700077056885
2025-12-03T19:53:00Z,4.460000038146973,4.476099967956543,4.460000038146973,4.476099967956543,4.476099967956543,28782.0,4.460000038146973,4.476099967956543,4.460000038146973,4.476099967956543
2025-12-03T19:54:00Z,4.474999904632568,4.480000019073486,4.46999979019165,4.480000019073486,4.480000019073486,11088.0,4.474999904632568,4.480000019073486,4.46999979019165,4.480000019073486
2025-12-03T19:55:00Z,4.479100227355957,4.485000133514404,4.46999979019165,4.480000019073486,4.480000019073486,130925.0,4.479100227355957,4.485000133514404,4.46999979019165,4.480000019073486
2025-12-03T19:56:00Z,4.4745001792907715,4.479899883270264,4.472899913787842,4.479899883270264,4.479899883270264,18550.0,4.4745001792907715,4.479899883270264,4.472899913787842,4.479899883270264
2025-12-03T19:57:00Z,4.474999904632568,4.479899883270264,4.470099925994873,4.476200103759766,4.476200103759766,7035.0,4.474999904632568,4.479899883270264,4.470099925994873,4.476200103759766
2025-12-03T19:58:00Z,4.474999904632568,4.479899883270264,4.46999979019165,4.474999904632568,4.474999904632568,25068.0,4.474999904632568,4.479899883270264,4.46999979019165,4.474999904632568
2025-12-03T19:59:00Z,4.474999904632568,4.480000019073486,4.46999979019165,4.479899883270264,4.479899883270264,23284.0,4.474999904632568,4.480000019073486,4.46999979019165,4.479899883270264
2025-12-03T20:00:00Z,4.480000019073486,4.485000133514404,4.46999979019165,4.474999904632568,4.474999904632568,43229.0,4.480000019073486,4.485000133514404,4.46999979019165,4.474999904632568
2025-12-03T20:01:00Z,4.474999904632568,4.480000019073486,4.46999979019165,4.475200176239014,4.475200176239014,14230.0,4.474999904632568,4.480000019073486,4.46999979019165,4.475200176239014
2025-12-03T20:02:00Z,4.4745001792907715,4.47599983215332,4.470300197601318,4.474999904632568,4.474999904632568,12561.0,4.4745001792907715,4.47599983215332,4.470300197601318,4.474999904632568
2025-12-03T20:03:00Z,4.474999904632568,4.47599983215332,4.46999979019165,4.474999904632568,4.474999904632568,16194.0,4.474999904632568,4.47599983215332,4.46999979019165,4.474999904632568
2025-12-03T20:04:00Z,4.474999904632568,4.474999904632568,4.460000038146973,4.460000038146973,4.460000038146973,32387.0,4.474999904632568,4.474999904632568,4.460000038146973,4.460000038146973
2025-12-03T20:05:00Z,4.465000152587891,4.46999979019165,4.460000038146973,4.469399929046631,4.469399929046631,21806.0,4.465000152587891,4.46999979019165,4.460000038146973,4.469399929046631
2025-12-03T20:06:00Z,4.460000038146973,4.480000019073486,4.460000038146973,4.476500034332275,4.476500034332275,25928.0,4.460000038146973,4.480000019073486,4.460000038146973,4.476500034332275
2025-12-03T20:07:00Z,4.480000019073486,4.480000019073486,4.471499919891357,4.480000019073486,4.480000019073486,18327.0,4.480000019073486,4.480000019073486,4.471499919891357,4.480000019073486
2025-12-03T20:08:00Z,4.480000019073486,4.480000019073486,4.473199844360352,4.480000019073486,4.480000019073486,7797.0,4.480000019073486,4.480000019073486,4.473199844360352,4.480000019073486
2025-12-03T20:09:00Z,4.46999979019165,4.480000019073486,4.46999979019165,4.480000019073486,4.480000019073486,75318.0,4.46999979019165,4.480000019073486,4.46999979019165,4.480000019073486
2025-12-03T20:10:00Z,4.480000019073486,4.480000019073486,4.46999979019165,4.480000019073486,4.480000019073486,22968.0,4.480000019073486,4.480000019073486,4.46999979019165,4.480000019073486
2025-12-03T20:11:00Z,4.480000019073486,4.489999771118164,4.46999979019165,4.485000133514404,4.485000133514404,43889.0,4.480000019073486,4.489999771118164,4.46999979019165,4.485000133514404
2025-12-03T20:12:00Z,4.489999771118164,4.5,4.480000019073486,4.4944000244140625,4.4944000244140625,68648.0,4.489999771118164,4.5,4.480000019073486,4.4944000244140625
2025-12-03T20:13:00Z,4.494999885559082,4.499300003051758,4.489999771118164,4.494999885559082,4.494999885559082,22560.0,4.494999885559082,4.499300003051758,4.489999771118164,4.494999885559082
2025-12-03T20:14:00Z,4.494999885559082,4.499899864196777,4.489999771118164,4.494999885559082,4.494999885559082,20312.0,4.494999885559082,4.499899864196777,4.489999771118164,4.494999885559082
2025-12-03T20:15:00Z,4.489999771118164,4.5,4.480000019073486,4.494999885559082,4.494999885559082,83288.0,4.489999771118164,4.5,4.480000019073486,4.494999885559082
2025-12-03T20:16:00Z,4.5,4.505799770355225,4.5,4.503600120544434,4.503600120544434,73965.0,4.5,4.505799770355225,4.5,4.503600120544434
2025-12-03T20:17:00Z,4.505499839782715,4.510000228881836,4.503399848937988,4.505000114440918,4.505000114440918,23365.0,4.505499839782715,4.510000228881836,4.503399848937988,4.505000114440918
2025-12-03T20:18:00Z,4.509699821472168,4.509699821472168,4.5,4.500100135803223,4.500100135803223,12762.0,4.509699821472168,4.509699821472168,4.5,4.500100135803223
2025-12-03T20:19:00Z,4.510000228881836,4.510000228881836,4.5,4.506800174713135,4.506800174713135,23931.0,4.510000228881836,4.510000228881836,4.5,4.506800174713135
2025-12-03T20:20:00Z,4.505000114440918,4.510000228881836,4.5,4.5,4.5,5419449.0,4.505000114440918,4.510000228881836,4.5,4.5
2025-12-03T20:22:00Z,4.5,4.509900093078613,4.5,4.505000114440918,4.505000114440918,12885.0,4.5,4.509900093078613,4.5,4.505000114440918
2025-12-03T20:23:00Z,4.5,4.505099773406982,4.5,4.505000114440918,4.505000114440918,31624.0,4.5,4.505099773406982,4.5,4.505000114440918
2025-12-03T20:24:00Z,4.505000114440918,4.510000228881836,4.5,4.505000114440918,4.505000114440918,30551.0,4.505000114440918,4.510000228881836,4.5,4.505000114440918
2025-12-03T20:25:00Z,4.505000114440918,4.510000228881836,4.5,4.5,4.5,24510.0,4.505000114440918,4.510000228881836,4.5,4.5
2025-12-03T20:26:00Z,4.5,4.505199909210205,4.490099906921387,4.5,4.5,127630.0,4.5,4.505199909210205,4.490099906921387,4.5
2025-12-03T20:27:00Z,4.505000114440918,4.510000228881836,4.5,4.504700183868408,4.504700183868408,53816.0,4.505000114440918,4.510000228881836,4.5,4.504700183868408
2025-12-03T20:28:00Z,4.5,4.519999980926514,4.5,4.519999980926514,4.519999980926514,80088.0,4.5,4.519999980926514,4.5,4.519999980926514
2025-12-03T20:29:00Z,4.519999980926514,4.519999980926514,4.510000228881836,4.510000228881836,4.510000228881836,62562.0,4.519999980926514,4.519999980926514,4.510000228881836,4.510000228881836
2025-12-03T20:30:00Z,4.510000228881836,4.519899845123291,4.500199794769287,4.505000114440918,4.505000114440918,43345.0,4.510000228881836,4.519899845123291,4.500199794769287,4.505000114440918
2025-12-03T20:31:00Z,4.510000228881836,4.516499996185303,4.510000228881836,4.514999866485596,4.514999866485596,20806.0,4.510000228881836,4.516499996185303,4.510000228881836,4.514999866485596
2025-12-03T20:32:00Z,4.514999866485596,4.53000020980835,4.510000228881836,4.525599956512451,4.525599956512451,45412.0,4.514999866485596,4.53000020980835,4.510000228881836,4.525599956512451
2025-12-03T20:33:00Z,4.53000020980835,4.53000020980835,4.524600028991699,4.53000020980835,4.53000020980835,24103.0,4.53000020980835,4.53000020980835,4.524600028991699,4.53000020980835
2025-12-03T20:34:00Z,4.529699802398682,4.53000020980835,4.489999771118164,4.489999771118164,4.489999771118164,125540.0,4.529699802398682,4.53000020980835,4.489999771118164,4.489999771118164
2025-12-03T20:35:00Z,4.498600006103516,4.5,4.489999771118164,4.494999885559082,4.494999885559082,22324.0,4.498600006103516,4.5,4.489999771118164,4.494999885559082
2025-12-03T20:36:00Z,4.494999885559082,4.5,4.489999771118164,4.494999885559082,4.494999885559082,10942.0,4.494999885559082,4.5,4.489999771118164,4.494999885559082
2025-12-03T20:37:00Z,4.494999885559082,4.495699882507324,4.489999771118164,4.489999771118164,4.489999771118164,19803.0,4.494999885559082,4.495699882507324,4.489999771118164,4.489999771118164
2025-12-03T20:38:00Z,4.494999885559082,4.5,4.480199813842773,4.494999885559082,4.494999885559082,103138.0,4.494999885559082,4.5,4.480199813842773,4.494999885559082
2025-12-03T20:39:00Z,4.494999885559082,4.499899864196777,4.489999771118164,4.493100166320801,4.493100166320801,14222.0,4.494999885559082,4.499899864196777,4.489999771118164,4.493100166320801
2025-12-03T20:40:00Z,4.494999885559082,4.5,4.489999771118164,4.492599964141846,4.492599964141846,33977.0,4.494999885559082,4.5,4.489999771118164,4.492599964141846
2025-12-03T20:41:00Z,4.489999771118164,4.5,4.489999771118164,4.4959001541137695,4.4959001541137695,37572.0,4.489999771118164,4.5,4.489999771118164,4.4959001541137695
2025-12-03T20:42:00Z,4.493500232696533,4.510000228881836,4.489999771118164,4.505199909210205,4.505199909210205,77133.0,4.493500232696533,4.510000228881836,4.489999771118164,4.505199909210205
2025-12-03T20:43:00Z,4.510000228881836,4.519999980926514,4.504499912261963,4.514999866485596,4.514999866485596,37590.0,4.510000228881836,4.519999980926514,4.504499912261963,4.514999866485596
2025-12-03T20:44:00Z,4.514999866485596,4.519999980926514,4.510000228881836,4.515100002288818,4.515100002288818,31966.0,4.514999866485596,4.519999980926514,4.510000228881836,4.515100002288818
2025-12-03T20:45:00Z,4.514999866485596,4.519999980926514,4.510000228881836,4.514999866485596,4.514999866485596,40470.0,4.514999866485596,4.519999980926514,4.510000228881836,4.514999866485596
2025-12-03T20:46:00Z,4.519999980926514,4.525000095367432,4.510000228881836,4.513500213623047,4.513500213623047,89275.0,4.519999980926514,4.525000095367432,4.510000228881836,4.513500213623047
2025-12-03T20:47:00Z,4.519999980926514,4.519999980926514,4.514999866485596,4.514999866485596,4.514999866485596,12876.0,4.519999980926514,4.519999980926514,4.514999866485596,4.514999866485596
2025-12-03T20:48:00Z,4.519999980926514,4.519999980926514,4.510000228881836,4.519999980926514,4.519999980926514,37736.0,4.519999980926514,4.519999980926514,4.510000228881836,4.519999980926514
2025-12-03T20:49:00Z,4.514999866485596,4.516499996185303,4.510000228881836,4.514999866485596,4.514999866485596,45042.0,4.514999866485596,4.516499996185303,4.510000228881836,4.514999866485596
2025-12-03T20:50:00Z,4.519999980926514,4.53000020980835,4.519999980926514,4.53000020980835,4.53000020980835,71309.0,4.519999980926514,4.53000020980835,4.519999980926514,4.53000020980835
2025-12-03T20:51:00Z,4.53000020980835,4.53000020980835,4.519999980926514,4.525000095367432,4.525000095367432,86318.0,4.53000020980835,4.53000020980835,4.519999980926514,4.525000095367432
2025-12-03T20:52:00Z,4.53000020980835,4.53000020980835,4.519999980926514,4.53000020980835,4.53000020980835,37412.0,4.53000020980835,4.53000020980835,4.519999980926514,4.53000020980835
2025-12-03T20:53:00Z,4.525000095367432,4.53000020980835,4.519999980926514,4.53000020980835,4.53000020980835,40587.0,4.525000095367432,4.53000020980835,4.519999980926514,4.53000020980835
2025-12-03T20:54:00Z,4.53000020980835,4.534999847412109,4.519999980926514,4.534999847412109,4.534999847412109,250002.0,4.53000020980835,4.534999847412109,4.519999980926514,4.534999847412109
2025-12-03T20:55:00Z,4.534999847412109,4.539999961853027,4.53000020980835,4.534999847412109,4.534999847412109,69722.0,4.534999847412109,4.539999961853027,4.53000020980835,4.534999847412109
2025-12-03T20:56:00Z,4.534999847412109,4.539999961853027,4.519999980926514,4.525000095367432,4.525000095367432,123737.0,4.534999847412109,4.539999961853027,4.519999980926514,4.525000095367432
2025-12-03T20:57:00Z,4.519999980926514,4.53000020980835,4.494999885559082,4.505000114440918,4.505000114440918,202517.0,4.519999980926514,4.53000020980835,4.494999885559082,4.505000114440918
2025-12-03T20:58:00Z,4.505000114440918,4.510000228881836,4.5,4.505000114440918,4.505000114440918,63789.0,4.505000114440918,4.510000228881836,4.5,4.505000114440918
2025-12-03T20:59:00Z,4.505000114440918,4.510000228881836,4.5,4.505000114440918,4.505000114440918,156061.0,4.505000114440918,4.510000228881836,4.5,4.505000114440918
2025-12-04T14:30:00Z,4.489999771118164,4.510000228881836,4.474999904632568,4.489999771118164,4.489999771118164,389849.0,4.489999771118164,4.510000228881836,4.474999904632568,4.489999771118164
2025-12-04T14:31:00Z,4.470200061798096,4.489999771118164,4.46999979019165,4.474999904632568,4.474999904632568,40851.0,4.470200061798096,4.489999771118164,4.46999979019165,4.474999904632568
2025-12-04T14:32:00Z,4.480000019073486,4.505000114440918,4.480000019073486,4.505000114440918,4.505000114440918,29208.0,4.480000019073486,4.505000114440918,4.480000019073486,4.505000114440918
2025-12-04T14:33:00Z,4.501399993896484,4.519899845123291,4.489999771118164,4.503900051116943,4.503900051116943,11705.0,4.501399993896484,4.519899845123291,4.489999771118164,4.503900051116943
2025-12-04T14:34:00Z,4.505000114440918,4.505000114440918,4.480000019073486,4.4899001121521,4.4899001121521,32106.0,4.505000114440918,4.505000114440918,4.480000019073486,4.4899001121521
2025-12-04T14:35:00Z,4.485000133514404,4.494999885559082,4.485000133514404,4.489999771118164,4.489999771118164,25245.0,4.485000133514404,4.494999885559082,4.485000133514404,4.489999771118164
2025-12-04T14:36:00Z,4.489999771118164,4.489999771118164,4.470099925994873,4.486499786376953,4.486499786376953,10129.0,4.489999771118164,4.489999771118164,4.470099925994873,4.486499786376953
2025-12-04T14:37:00Z,4.485000133514404,4.494999885559082,4.473499774932861,4.4745001792907715,4.4745001792907715,11826.0,4.485000133514404,4.494999885559082,4.473499774932861,4.4745001792907715
2025-12-04T14:38:00Z,4.471399784088135,4.480000019073486,4.465000152587891,4.476799964904785,4.476799964904785,13308.0,4.471399784088135,4.480000019073486,4.465000152587891,4.476799964904785
2025-12-04T14:39:00Z,4.479899883270264,4.4899001121521,4.468200206756592,4.480000019073486,4.480000019073486,25149.0,4.479899883270264,4.4899001121521,4.468200206756592,4.480000019073486
2025-12-04T14:40:00Z,4.474999904632568,4.4882001876831055,4.470699787139893,4.485000133514404,4.485000133514404,24300.0,4.474999904632568,4.4882001876831055,4.470699787139893,4.485000133514404
2025-12-04T14:41:00Z,4.485000133514404,4.489999771118164,4.46999979019165,4.480000019073486,4.480000019073486,16898.0,4.485000133514404,4.489999771118164,4.46999979019165,4.480000019073486
2025-12-04T14:42:00Z,4.485000133514404,4.5,4.474999904632568,4.494999885559082,4.494999885559082,14472.0,4.485000133514404,4.5,4.474999904632568,4.494999885559082
2025-12-04T14:43:00Z,4.494999885559082,4.5,4.485000133514404,4.499300003051758,4.499300003051758,12521.0,4.494999885559082,4.5,4.485000133514404,4.499300003051758
2025-12-04T14:44:00Z,4.5,4.510000228881836,4.5,4.508200168609619,4.508200168609619,24231.0,4.5,4.510000228881836,4.5,4.508200168609619
2025-12-04T14:45:00Z,4.505000114440918,4.519899845123291,4.5,4.514999866485596,4.514999866485596,19848.0,4.505000114440918,4.519899845123291,4.5,4.514999866485596
2025-12-04T14:46:00Z,4.514999866485596,4.514999866485596,4.480000019073486,4.480000019073486,4.480000019073486,20210.0,4.514999866485596,4.514999866485596,4.480000019073486,4.480000019073486
2025-12-04T14:47:00Z,4.485000133514404,4.499899864196777,4.480000019073486,4.499899864196777,4.499899864196777,14707.0,4.485000133514404,4.499899864196777,4.480000019073486,4.499899864196777
2025-12-04T14:48:00Z,4.494999885559082,4.5,4.489999771118164,4.498799800872803,4.498799800872803,8358.0,4.494999885559082,4.5,4.489999771118164,4.498799800872803
2025-12-04T14:49:00Z,4.494999885559082,4.498199939727783,4.489999771118164,4.490099906921387,4.490099906921387,5279.0,4.494999885559082,4.498199939727783,4.489999771118164,4.490099906921387
2025-12-04T14:50:00Z,4.489999771118164,4.495200157165527,4.485000133514404,4.485000133514404,4.485000133514404,21610.0,4.489999771118164,4.495200157165527,4.485000133514404,4.485000133514404
2025-12-04T14:51:00Z,4.480100154876709,4.480100154876709,4.449999809265137,4.454800128936768,4.454800128936768,42169.0,4.480100154876709,4.480100154876709,4.449999809265137,4.454800128936768
2025-12-04T14:52:00Z,4.454999923706055,4.469200134277344,4.449999809265137,4.462600231170654,4.462600231170654,21993.0,4.454999923706055,4.469200134277344,4.449999809265137,4.462600231170654
2025-12-04T14:53:00Z,4.46560001373291,4.46999979019165,4.460100173950195,4.460999965667725,4.460999965667725,13312.0,4.46560001373291,4.46999979019165,4.460100173950195,4.460999965667725
2025-12-04T14:54:00Z,4.4654998779296875,4.4654998779296875,4.465000152587891,4.465000152587891,4.465000152587891,7559.0,4.4654998779296875,4.4654998779296875,4.465000152587891,4.465000152587891
2025-12-04T14:55:00Z,4.46999979019165,4.480000019073486,4.46999979019165,4.474800109863281,4.474800109863281,14749.0,4.46999979019165,4.480000019073486,4.46999979019165,4.474800109863281
2025-12-04T14:56:00Z,4.475500106811523,4.4899001121521,4.475500106811523,4.485000133514404,4.485000133514404,8789.0,4.475500106811523,4.4899001121521,4.475500106811523,4.485000133514404
2025-12-04T14:57:00Z,4.485000133514404,4.485000133514404,4.465000152587891,4.474999904632568,4.474999904632568,60893.0,4.485000133514404,4.485000133514404,4.465000152587891,4.474999904632568
2025-12-04T14:58:00Z,4.480000019073486,4.514999866485596,4.480000019073486,4.494999885559082,4.494999885559082,23996.0,4.480000019073486,4.514999866485596,4.480000019073486,4.494999885559082
2025-12-04T14:59:00Z,4.490099906921387,4.499899864196777,4.489999771118164,4.496300220489502,4.496300220489502,6596.0,4.490099906921387,4.499899864196777,4.489999771118164,4.496300220489502
2025-12-04T15:00:00Z,4.5,4.514999866485596,4.5,4.514999866485596,4.514999866485596,27986.0,4.5,4.514999866485596,4.5,4.514999866485596
2025-12-04T15:01:00Z,4.514999866485596,4.550000190734863,4.514999866485596,4.550000190734863,4.550000190734863,72602.0,4.514999866485596,4.550000190734863,4.514999866485596,4.550000190734863
2025-12-04T15:02:00Z,4.550000190734863,4.565000057220459,4.544600009918213,4.565000057220459,4.565000057220459,14381.0,4.550000190734863,4.565000057220459,4.544600009918213,4.565000057220459
2025-12-04T15:03:00Z,4.570000171661377,4.570000171661377,4.550000190734863,4.559899806976318,4.559899806976318,19043.0,4.570000171661377,4.570000171661377,4.550000190734863,4.559899806976318
2025-12-04T15:04:00Z,4.554999828338623,4.565000057220459,4.550000190734863,4.565000057220459,4.565000057220459,22279.0,4.554999828338623,4.565000057220459,4.550000190734863,4.565000057220459
2025-12-04T15:05:00Z,4.565000057220459,4.570000171661377,4.554999828338623,4.570000171661377,4.570000171661377,25878.0,4.565000057220459,4.570000171661377,4.554999828338623,4.570000171661377
2025-12-04T15:06:00Z,4.574999809265137,4.590000152587891,4.570000171661377,4.58519983291626,4.58519983291626,40118.0,4.574999809265137,4.590000152587891,4.570000171661377,4.58519983291626
2025-12-04T15:07:00Z,4.585000038146973,4.590000152587891,4.559999942779541,4.565299987792969,4.565299987792969,79206.0,4.585000038146973,4.590000152587891,4.559999942779541,4.565299987792969
2025-12-04T15:08:00Z,4.568600177764893,4.569900035858154,4.559999942779541,4.568699836730957,4.568699836730957,4971.0,4.568600177764893,4.569900035858154,4.559999942779541,4.568699836730957
2025-12-04T15:09:00Z,4.561699867248535,4.570000171661377,4.559999942779541,4.569900035858154,4.569900035858154,46772.0,4.561699867248535,4.570000171661377,4.559999942779541,4.569900035858154
2025-12-04T15:10:00Z,4.564499855041504,4.570000171661377,4.550000190734863,4.550000190734863,4.550000190734863,21318.0,4.564499855041504,4.570000171661377,4.550000190734863,4.550000190734863
2025-12-04T15:11:00Z,4.554999828338623,4.565000057220459,4.550000190734863,4.554999828338623,4.554999828338623,26423.0,4.554999828338623,4.565000057220459,4.550000190734863,4.554999828338623
2025-12-04T15:12:00Z,4.553899765014648,4.559999942779541,4.550000190734863,4.555500030517578,4.555500030517578,21214.0,4.553899765014648,4.559999942779541,4.550000190734863,4.555500030517578
2025-12-04T15:13:00Z,4.554999828338623,4.570000171661377,4.554999828338623,4.570000171661377,4.570000171661377,9079.0,4.554999828338623,4.570000171661377,4.554999828338623,4.570000171661377
2025-12-04T15:14:00Z,4.560100078582764,4.579999923706055,4.560100078582764,4.570000171661377,4.570000171661377,38940.0,4.560100078582764,4.579999923706055,4.560100078582764,4.570000171661377
2025-12-04T15:15:00Z,4.570000171661377,4.574999809265137,4.559999942779541,4.570000171661377,4.570000171661377,15482.0,4.570000171661377,4.574999809265137,4.559999942779541,4.570000171661377
2025-12-04T15:16:00Z,4.570000171661377,4.579999923706055,4.570000171661377,4.57450008392334,4.57450008392334,28376.0,4.570000171661377,4.579999923706055,4.570000171661377,4.57450008392334
2025-12-04T15:17:00Z,4.579999923706055,4.599999904632568,4.579999923706055,4.599999904632568,4.599999904632568,31739.0,4.579999923706055,4.599999904632568,4.579999923706055,4.599999904632568
2025-12-04T15:18:00Z,4.594699859619141,4.599999904632568,4.590000152587891,4.59499979019165,4.59499979019165,19445.0,4.594699859619141,4.599999904632568,4.590000152587891,4.59499979019165
2025-12-04T15:19:00Z,4.59499979019165,4.599999904632568,4.5945000648498535,4.59499979019165,4.59499979019165,17999.0,4.59499979019165,4.599999904632568,4.5945000648498535,4.59499979019165
2025-12-04T15:20:00Z,4.599899768829346,4.610000133514404,4.590099811553955,4.608399868011475,4.608399868011475,29954.0,4.599899768829346,4.610000133514404,4.590099811553955,4.608399868011475
2025-12-04T15:21:00Z,4.599999904632568,4.605000019073486,4.590099811553955,4.599999904632568,4.599999904632568,8566.0,4.599999904632568,4.605000019073486,4.590099811553955,4.599999904632568
2025-12-04T15:22:00Z,4.5954999923706055,4.605000019073486,4.590000152587891,4.605000019073486,4.605000019073486,22790.0,4.5954999923706055,4.605000019073486,4.590000152587891,4.605000019073486
2025-12-04T15:23:00Z,4.600100040435791,4.610000133514404,4.59499979019165,4.599899768829346,4.599899768829346,108714.0,4.600100040435791,4.610000133514404,4.59499979019165,4.599899768829346
2025-12-04T15:24:00Z,4.595799922943115,4.599999904632568,4.590000152587891,4.59499979019165,4.59499979019165,43658.0,4.595799922943115,4.599999904632568,4.590000152587891,4.59499979019165
2025-12-04T15:25:00Z,4.590099811553955,4.590099811553955,4.559999942779541,4.560100078582764,4.560100078582764,30182.0,4.590099811553955,4.590099811553955,4.559999942779541,4.560100078582764
2025-12-04T15:26:00Z,4.565000057220459,4.570000171661377,4.559999942779541,4.570000171661377,4.570000171661377,5885.0,4.565000057220459,4.570000171661377,4.559999942779541,4.570000171661377
2025-12-04T15:27:00Z,4.565000057220459,4.569900035858154,4.559999942779541,4.559999942779541,4.559999942779541,21663.0,4.565000057220459,4.569900035858154,4.559999942779541,4.559999942779541
2025-12-04T15:28:00Z,4.570000171661377,4.579999923706055,4.570000171661377,4.579999923706055,4.579999923706055,22463.0,4.570000171661377,4.579999923706055,4.570000171661377,4.579999923706055
2025-12-04T15:29:00Z,4.574999809265137,4.590000152587891,4.570000171661377,4.585000038146973,4.585000038146973,23932.0,4.574999809265137,4.590000152587891,4.570000171661377,4.585000038146973
2025-12-04T15:30:00Z,4.579999923706055,4.589900016784668,4.570000171661377,4.576499938964844,4.576499938964844,51389.0,4.579999923706055,4.589900016784668,4.570000171661377,4.576499938964844
2025-12-04T15:31:00Z,4.570000171661377,4.575500011444092,4.570000171661377,4.571400165557861,4.571400165557861,7387.0,4.570000171661377,4.575500011444092,4.570000171661377,4.571400165557861
2025-12-04T15:32:00Z,4.574999809265137,4.574999809265137,4.574999809265137,4.574999809265137,4.574999809265137,4096.0,4.574999809265137,4.574999809265137,4.574999809265137,4.574999809265137
2025-12-04T15:33:00Z,4.574999809265137,4.579999923706055,4.570000171661377,4.57450008392334,4.57450008392334,10778.0,4.574999809265137,4.579999923706055,4.570000171661377,4.57450008392334
2025-12-04T15:34:00Z,4.574999809265137,4.579999923706055,4.571000099182129,4.571000099182129,4.571000099182129,28053.0,4.574999809265137,4.579999923706055,4.571000099182129,4.571000099182129
2025-12-04T15:35:00Z,4.579899787902832,4.579999923706055,4.572000026702881,4.579899787902832,4.579899787902832,17787.0,4.579899787902832,4.579999923706055,4.572000026702881,4.579899787902832
2025-12-04T15:36:00Z,4.578199863433838,4.590000152587891,4.574999809265137,4.590000152587891,4.590000152587891,16797.0,4.578199863433838,4.590000152587891,4.574999809265137,4.590000152587891
2025-12-04T15:37:00Z,4.589799880981445,4.619999885559082,4.582200050354004,4.619999885559082,4.619999885559082,37843.0,4.589799880981445,4.619999885559082,4.582200050354004,4.619999885559082
2025-12-04T15:38:00Z,4.616300106048584,4.616300106048584,4.579999923706055,4.585000038146973,4.585000038146973,49474.0,4.616300106048584,4.616300106048584,4.579999923706055,4.585000038146973
2025-12-04T15:39:00Z,4.590000152587891,4.590000152587891,4.579999923706055,4.579999923706055,4.579999923706055,30220.0,4.590000152587891,4.590000152587891,4.579999923706055,4.579999923706055
2025-12-04T15:40:00Z,4.585000038146973,4.585000038146973,4.574999809265137,4.579699993133545,4.579699993133545,12582.0,4.585000038146973,4.585000038146973,4.574999809265137,4.579699993133545
2025-12-04T15:41:00Z,4.575200080871582,4.579999923706055,4.574999809265137,4.57889986038208,4.57889986038208,4642.0,4.575200080871582,4.579999923706055,4.574999809265137,4.57889986038208
2025-12-04T15:42:00Z,4.574999809265137,4.579999923706055,4.574999809265137,4.576499938964844,4.576499938964844,20718.0,4.574999809265137,4.579999923706055,4.574999809265137,4.576499938964844
2025-12-04T15:43:00Z,4.579999923706055,4.579999923706055,4.570099830627441,4.579999923706055,4.579999923706055,8992.0,4.579999923706055,4.579999923706055,4.570099830627441,4.579999923706055
2025-12-04T15:44:00Z,4.574999809265137,4.579999923706055,4.570000171661377,4.574999809265137,4.574999809265137,21231.0,4.574999809265137,4.579999923706055,4.570000171661377,4.574999809265137
2025-12-04T15:45:00Z,4.574999809265137,4.590000152587891,4.570000171661377,4.590000152587891,4.590000152587891,49823.0,4.574999809265137,4.590000152587891,4.570000171661377,4.590000152587891
2025-12-04T15:46:00Z,4.590000152587891,4.590000152587891,4.579999923706055,4.579999923706055,4.579999923706055,17222.0,4.590000152587891,4.590000152587891,4.579999923706055,4.579999923706055
2025-12-04T15:47:00Z,4.588500022888184,4.588500022888184,4.574999809265137,4.575200080871582,4.575200080871582,18560.0,4.588500022888184,4.588500022888184,4.574999809265137,4.575200080871582
2025-12-04T15:48:00Z,4.579899787902832,4.585000038146973,4.576300144195557,4.580100059509277,4.580100059509277,19830.0,4.579899787902832,4.585000038146973,4.576300144195557,4.580100059509277
2025-12-04T15:49:00Z,4.581399917602539,4.585000038146973,4.579999923706055,4.585000038146973,4.585000038146973,20224.0,4.581399917602539,4.585000038146973,4.579999923706055,4.585000038146973
2025-12-04T15:50:00Z,4.585000038146973,4.585000038146973,4.570099830627441,4.578199863433838,4.578199863433838,7398.0,4.585000038146973,4.585000038146973,4.570099830627441,4.578199863433838
2025-12-04T15:51:00Z,4.570000171661377,4.5777997970581055,4.570000171661377,4.573400020599365,4.573400020599365,9680.0,4.570000171661377,4.5777997970581055,4.570000171661377,4.573400020599365
2025-12-04T15:52:00Z,4.574999809265137,4.577499866485596,4.570000171661377,4.570000171661377,4.570000171661377,5106.0,4.574999809265137,4.577499866485596,4.570000171661377,4.570000171661377
2025-12-04T15:53:00Z,4.574999809265137,4.579999923706055,4.570099830627441,4.574999809265137,4.574999809265137,6168.0,4.574999809265137,4.579999923706055,4.570099830627441,4.574999809265137
2025-12-04T15:54:00Z,4.579999923706055,4.579999923706055,4.571400165557861,4.576399803161621,4.576399803161621,36481.0,4.579999923706055,4.579999923706055,4.571400165557861,4.576399803161621
2025-12-04T15:55:00Z,4.579999923706055,4.599999904632568,4.579999923706055,4.59499979019165,4.59499979019165,44713.0,4.579999923706055,4.599999904632568,4.579999923706055,4.59499979019165
2025-12-04T15:56:00Z,4.5980000495910645,4.599999904632568,4.590000152587891,4.59499979019165,4.59499979019165,19024.0,4.5980000495910645,4.599999904632568,4.590000152587891,4.59499979019165
2025-12-04T15:57:00Z,4.599999904632568,4.599999904632568,4.579999923706055,4.590000152587891,4.590000152587891,19951.0,4.599999904632568,4.599999904632568,4.579999923706055,4.590000152587891
2025-12-04T15:58:00Z,4.585000038146973,4.588600158691406,4.580100059509277,4.584099769592285,4.584099769592285,14016.0,4.585000038146973,4.588600158691406,4.580100059509277,4.584099769592285
2025-12-04T15:59:00Z,4.585000038146973,4.590000152587891,4.579999923706055,4.579999923706055,4.579999923706055,13355.0,4.585000038146973,4.590000152587891,4.579999923706055,4.579999923706055
2025-12-04T16:00:00Z,4.579999923706055,4.590000152587891,4.57859992980957,4.57859992980957,4.57859992980957,22387.0,4.579999923706055,4.590000152587891,4.57859992980957,4.57859992980957
2025-12-04T16:03:00Z,4.570000171661377,4.574999809265137,4.570000171661377,4.574999809265137,4.574999809265137,18434.0,4.570000171661377,4.574999809265137,4.570000171661377,4.574999809265137
2025-12-04T16:04:00Z,4.574999809265137,4.576399803161621,4.565000057220459,4.565000057220459,4.565000057220459,24532.0,4.574999809265137,4.576399803161621,4.565000057220459,4.565000057220459
2025-12-04T16:05:00Z,4.565000057220459,4.565000057220459,4.554999828338623,4.5640997886657715,4.5640997886657715,41435.0,4.565000057220459,4.565000057220459,4.554999828338623,4.5640997886657715
2025-12-04T16:06:00Z,4.565000057220459,4.570000171661377,4.565000057220459,4.570000171661377,4.570000171661377,12369.0,4.565000057220459,4.570000171661377,4.565000057220459,4.570000171661377
2025-12-04T16:07:00Z,4.570000171661377,4.579999923706055,4.570000171661377,4.579999923706055,4.579999923706055,30201.0,4.570000171661377,4.579999923706055,4.570000171661377,4.579999923706055
2025-12-04T16:08:00Z,4.579899787902832,4.579999923706055,4.570000171661377,4.573299884796143,4.573299884796143,50609.0,4.579899787902832,4.579999923706055,4.570000171661377,4.573299884796143
2025-12-04T16:09:00Z,4.574100017547607,4.579899787902832,4.570099830627441,4.576399803161621,4.576399803161621,7672.0,4.574100017547607,4.579899787902832,4.570099830627441,4.576399803161621
2025-12-04T16:10:00Z,4.574999809265137,4.574999809265137,4.570000171661377,4.570000171661377,4.570000171661377,3789.0,4.574999809265137,4.574999809265137,4.570000171661377,4.570000171661377
2025-12-04T16:11:00Z,4.571599960327148,4.574999809265137,4.559999942779541,4.565400123596191,4.565400123596191,30664.0,4.571599960327148,4.574999809265137,4.559999942779541,4.565400123596191
2025-12-04T16:12:00Z,4.563499927520752,4.570000171661377,4.563499927520752,4.570000171661377,4.570000171661377,15985.0,4.563499927520752,4.570000171661377,4.563499927520752,4.570000171661377
2025-12-04T16:13:00Z,4.570000171661377,4.570000171661377,4.559999942779541,4.559999942779541,4.559999942779541,3423.0,4.570000171661377,4.570000171661377,4.559999942779541,4.559999942779541
2025-12-04T16:14:00Z,4.570000171661377,4.570000171661377,4.564700126647949,4.564700126647949,4.564700126647949,2079.0,4.570000171661377,4.570000171661377,4.564700126647949,4.564700126647949
2025-12-04T16:15:00Z,4.5696001052856445,4.569900035858154,4.559999942779541,4.565000057220459,4.565000057220459,3211.0,4.5696001052856445,4.569900035858154,4.559999942779541,4.565000057220459
2025-12-04T16:16:00Z,4.565000057220459,4.570000171661377,4.565000057220459,4.570000171661377,4.570000171661377,1731.0,4.565000057220459,4.570000171661377,4.565000057220459,4.570000171661377
2025-12-04T16:17:00Z,4.565000057220459,4.579999923706055,4.565000057220459,4.579999923706055,4.579999923706055,21599.0,4.565000057220459,4.579999923706055,4.565000057220459,4.579999923706055
2025-12-04T16:18:00Z,4.574999809265137,4.579999923706055,4.574999809265137,4.579999923706055,4.579999923706055,7529.0,4.574999809265137,4.579999923706055,4.574999809265137,4.579999923706055
2025-12-04T16:19:00Z,4.578199863433838,4.585000038146973,4.574999809265137,4.585000038146973,4.585000038146973,44597.0,4.578199863433838,4.585000038146973,4.574999809265137,4.585000038146973
2025-12-04T16:20:00Z,4.580699920654297,4.590000152587891,4.579999923706055,4.590000152587891,4.590000152587891,17773.0,4.580699920654297,4.590000152587891,4.579999923706055,4.590000152587891
2025-12-04T16:21:00Z,4.590000152587891,4.610000133514404,4.590000152587891,4.605000019073486,4.605000019073486,92533.0,4.590000152587891,4.610000133514404,4.590000152587891,4.605000019073486
2025-12-04T16:22:00Z,4.599999904632568,4.610000133514404,4.59499979019165,4.605000019073486,4.605000019073486,51021.0,4.599999904632568,4.610000133514404,4.59499979019165,4.605000019073486
2025-12-04T16:23:00Z,4.605000019073486,4.605500221252441,4.599999904632568,4.605000019073486,4.605000019073486,39882.0,4.605000019073486,4.605500221252441,4.599999904632568,4.605000019073486
2025-12-04T16:24:00Z,4.605000019073486,4.610000133514404,4.599999904632568,4.6006999015808105,4.6006999015808105,9034.0,4.605000019073486,4.610000133514404,4.599999904632568,4.6006999015808105
2025-12-04T16:25:00Z,4.610000133514404,4.610000133514404,4.605000019073486,4.605000019073486,4.605000019073486,4468.0,4.610000133514404,4.610000133514404,4.605000019073486,4.605000019073486
2025-12-04T16:26:00Z,4.603300094604492,4.610000133514404,4.599999904632568,4.599999904632568,4.599999904632568,15368.0,4.603300094604492,4.610000133514404,4.599999904632568,4.599999904632568
2025-12-04T16:27:00Z,4.606299877166748,4.610000133514404,4.59499979019165,4.59499979019165,4.59499979019165,18106.0,4.606299877166748,4.610000133514404,4.59499979019165,4.59499979019165
2025-12-04T16:28:00Z,4.59499979019165,4.59499979019165,4.585000038146973,4.590000152587891,4.590000152587891,18206.0,4.59499979019165,4.59499979019165,4.585000038146973,4.590000152587891
2025-12-04T16:29:00Z,4.585000038146973,4.599899768829346,4.585000038146973,4.59499979019165,4.59499979019165,21716.0,4.585000038146973,4.599899768829346,4.585000038146973,4.59499979019165
2025-12-04T16:30:00Z,4.599899768829346,4.599999904632568,4.594399929046631,4.599899768829346,4.599899768829346,7128.0,4.599899768829346,4.599999904632568,4.594399929046631,4.599899768829346
2025-12-04T16:31:00Z,4.59499979019165,4.635000228881836,4.59499979019165,4.630099773406982,4.630099773406982,65410.0,4.59499979019165,4.635000228881836,4.59499979019165,4.630099773406982
2025-12-04T16:32:00Z,4.635200023651123,4.639999866485596,4.635000228881836,4.639999866485596,4.639999866485596,18641.0,4.635200023651123,4.639999866485596,4.635000228881836,4.639999866485596
2025-12-04T16:33:00Z,4.639999866485596,4.639999866485596,4.624499797821045,4.625,4.625,47744.0,4.639999866485596,4.639999866485596,4.624499797821045,4.625
2025-12-04T16:34:00Z,4.625,4.629899978637695,4.619999885559082,4.629899978637695,4.629899978637695,24852.0,4.625,4.629899978637695,4.619999885559082,4.629899978637695
2025-12-04T16:35:00Z,4.620299816131592,4.629899978637695,4.620100021362305,4.625,4.625,9930.0,4.620299816131592,4.629899978637695,4.620100021362305,4.625
2025-12-04T16:36:00Z,4.630000114440918,4.630000114440918,4.619999885559082,4.620200157165527,4.620200157165527,14372.0,4.630000114440918,4.630000114440918,4.619999885559082,4.620200157165527
2025-12-04T16:37:00Z,4.623499870300293,4.623499870300293,4.614999771118164,4.614999771118164,4.614999771118164,29091.0,4.623499870300293,4.623499870300293,4.614999771118164,4.614999771118164
2025-12-04T16:38:00Z,4.619900226593018,4.619999885559082,4.610000133514404,4.610199928283691,4.610199928283691,36594.0,4.619900226593018,4.619999885559082,4.610000133514404,4.610199928283691
2025-12-04T16:39:00Z,4.610000133514404,4.619999885559082,4.610000133514404,4.614999771118164,4.614999771118164,12918.0,4.610000133514404,4.619999885559082,4.610000133514404,4.614999771118164
2025-12-04T16:40:00Z,4.618500232696533,4.619999885559082,4.610000133514404,4.614999771118164,4.614999771118164,10447.0,4.618500232696533,4.619999885559082,4.610000133514404,4.614999771118164
2025-12-04T16:41:00Z,4.614999771118164,4.619900226593018,4.613100051879883,4.619900226593018,4.619900226593018,12298.0,4.614999771118164,4.619900226593018,4.613100051879883,4.619900226593018
2025-12-04T16:42:00Z,4.614999771118164,4.619999885559082,4.610000133514404,4.614999771118164,4.614999771118164,14494.0,4.614999771118164,4.619999885559082,4.610000133514404,4.614999771118164
2025-12-04T16:43:00Z,4.614999771118164,4.619999885559082,4.614299774169922,4.619999885559082,4.619999885559082,9002.0,4.614999771118164,4.619999885559082,4.614299774169922,4.619999885559082
2025-12-04T16:44:00Z,4.618199825286865,4.619999885559082,4.614999771118164,4.619900226593018,4.619900226593018,12282.0,4.618199825286865,4.619999885559082,4.614999771118164,4.619900226593018
2025-12-04T16:45:00Z,4.614999771118164,4.625,4.613999843597412,4.619900226593018,4.619900226593018,65764.0,4.614999771118164,4.625,4.613999843597412,4.619900226593018
2025-12-04T16:46:00Z,4.614999771118164,4.629899978637695,4.614999771118164,4.629899978637695,4.629899978637695,49429.0,4.614999771118164,4.629899978637695,4.614999771118164,4.629899978637695
2025-12-04T16:47:00Z,4.625,4.639999866485596,4.625,4.635000228881836,4.635000228881836,29969.0,4.625,4.639999866485596,4.625,4.635000228881836
2025-12-04T16:48:00Z,4.639900207519531,4.639999866485596,4.635000228881836,4.639999866485596,4.639999866485596,13287.0,4.639900207519531,4.639999866485596,4.635000228881836,4.639999866485596
2025-12-04T16:49:00Z,4.634500026702881,4.639999866485596,4.634399890899658,4.634399890899658,4.634399890899658,13813.0,4.634500026702881,4.639999866485596,4.634399890899658,4.634399890899658
2025-12-04T16:50:00Z,4.638599872589111,4.650000095367432,4.638599872589111,4.650000095367432,4.650000095367432,57537.0,4.638599872589111,4.650000095367432,4.638599872589111,4.650000095367432
2025-12-04T16:51:00Z,4.650000095367432,4.659999847412109,4.644999980926514,4.644999980926514,4.644999980926514,83345.0,4.650000095367432,4.659999847412109,4.644999980926514,4.644999980926514
2025-12-04T16:52:00Z,4.644999980926514,4.659999847412109,4.644999980926514,4.659999847412109,4.659999847412109,32923.0,4.644999980926514,4.659999847412109,4.644999980926514,4.659999847412109
2025-12-04T16:53:00Z,4.650100231170654,4.659999847412109,4.644999980926514,4.644999980926514,4.644999980926514,55977.0,4.650100231170654,4.659999847412109,4.644999980926514,4.644999980926514
2025-12-04T16:54:00Z,4.639999866485596,4.650000095367432,4.635000228881836,4.64139986038208,4.64139986038208,25839.0,4.639999866485596,4.650000095367432,4.635000228881836,4.64139986038208
2025-12-04T16:55:00Z,4.649899959564209,4.649899959564209,4.644499778747559,4.644999980926514,4.644999980926514,7841.0,4.649899959564209,4.649899959564209,4.644499778747559,4.644999980926514
2025-12-04T16:56:00Z,4.649899959564209,4.650000095367432,4.639999866485596,4.650000095367432,4.650000095367432,14993.0,4.649899959564209,4.650000095367432,4.639999866485596,4.650000095367432
2025-12-04T16:57:00Z,4.648600101470947,4.650000095367432,4.639999866485596,4.649899959564209,4.649899959564209,6905.0,4.648600101470947,4.650000095367432,4.639999866485596,4.649899959564209
2025-12-04T16:58:00Z,4.6458001136779785,4.650000095367432,4.639999866485596,4.644999980926514,4.644999980926514,17192.0,4.6458001136779785,4.650000095367432,4.639999866485596,4.644999980926514
2025-12-04T16:59:00Z,4.645599842071533,4.649899959564209,4.639999866485596,4.644499778747559,4.644499778747559,25563.0,4.645599842071533,4.649899959564209,4.639999866485596,4.644499778747559
2025-12-04T17:00:00Z,4.639999866485596,4.644999980926514,4.635000228881836,4.644999980926514,4.644999980926514,41566.0,4.639999866485596,4.644999980926514,4.635000228881836,4.644999980926514
2025-12-04T17:01:00Z,4.642600059509277,4.650000095367432,4.640100002288818,4.644999980926514,4.644999980926514,12018.0,4.642600059509277,4.650000095367432,4.640100002288818,4.644999980926514
2025-12-04T17:02:00Z,4.650000095367432,4.650000095367432,4.639999866485596,4.644999980926514,4.644999980926514,4438.0,4.650000095367432,4.650000095367432,4.639999866485596,4.644999980926514
2025-12-04T17:03:00Z,4.644999980926514,4.649899959564209,4.6417999267578125,4.644999980926514,4.644999980926514,11829.0,4.644999980926514,4.649899959564209,4.6417999267578125,4.644999980926514
2025-12-04T17:04:00Z,4.644599914550781,4.646500110626221,4.639999866485596,4.644999980926514,4.644999980926514,4073.0,4.644599914550781,4.646500110626221,4.639999866485596,4.644999980926514
2025-12-04T17:05:00Z,4.639999866485596,4.649899959564209,4.633999824523926,4.649899959564209,4.649899959564209,25985.0,4.639999866485596,4.649899959564209,4.633999824523926,4.649899959564209
2025-12-04T17:06:00Z,4.644999980926514,4.644999980926514,4.630099773406982,4.635000228881836,4.635000228881836,25698.0,4.644999980926514,4.644999980926514,4.630099773406982,4.635000228881836
2025-12-04T17:07:00Z,4.633500099182129,4.639999866485596,4.633500099182129,4.639900207519531,4.639900207519531,5092.0,4.633500099182129,4.639999866485596,4.633500099182129,4.639900207519531
2025-12-04T17:08:00Z,4.635900020599365,4.639999866485596,4.630000114440918,4.635000228881836,4.635000228881836,4674.0,4.635900020599365,4.639999866485596,4.630000114440918,4.635000228881836
2025-12-04T17:09:00Z,4.635000228881836,4.639999866485596,4.630099773406982,4.639999866485596,4.639999866485596,36804.0,4.635000228881836,4.639999866485596,4.630099773406982,4.639999866485596
2025-12-04T17:10:00Z,4.639999866485596,4.650000095367432,4.639999866485596,4.644999980926514,4.644999980926514,25175.0,4.639999866485596,4.650000095367432,4.639999866485596,4.644999980926514
2025-12-04T17:11:00Z,4.644999980926514,4.650000095367432,4.6417999267578125,4.6417999267578125,4.6417999267578125,8392.0,4.644999980926514,4.650000095367432,4.6417999267578125,4.6417999267578125
2025-12-04T17:12:00Z,4.644999980926514,4.650000095367432,4.640100002288818,4.644999980926514,4.644999980926514,15494.0,4.644999980926514,4.650000095367432,4.640100002288818,4.644999980926514
2025-12-04T17:13:00Z,4.650000095367432,4.650000095367432,4.644999980926514,4.644999980926514,4.644999980926514,2374.0,4.650000095367432,4.650000095367432,4.644999980926514,4.644999980926514
2025-12-04T17:14:00Z,4.644999980926514,4.650000095367432,4.639999866485596,4.644999980926514,4.644999980926514,5220.0,4.644999980926514,4.650000095367432,4.639999866485596,4.644999980926514
2025-12-04T17:15:00Z,4.644999980926514,4.650000095367432,4.63129997253418,4.639999866485596,4.639999866485596,31206.0,4.644999980926514,4.650000095367432,4.63129997253418,4.639999866485596
2025-12-04T17:16:00Z,4.6479997634887695,4.6479997634887695,4.639999866485596,4.644400119781494,4.644400119781494,3193.0,4.6479997634887695,4.6479997634887695,4.639999866485596,4.644400119781494
2025-12-04T17:17:00Z,4.639999866485596,4.639999866485596,4.631800174713135,4.639900207519531,4.639900207519531,13541.0,4.639999866485596,4.639999866485596,4.631800174713135,4.639900207519531
2025-12-04T17:18:00Z,4.635000228881836,4.635000228881836,4.635000228881836,4.635000228881836,4.635000228881836,746.0,4.635000228881836,4.635000228881836,4.635000228881836,4.635000228881836
2025-12-04T17:19:00Z,4.635499954223633,4.640100002288818,4.634200096130371,4.640100002288818,4.640100002288818,15186.0,4.635499954223633,4.640100002288818,4.634200096130371,4.640100002288818
2025-12-04T17:20:00Z,4.644999980926514,4.650000095367432,4.644999980926514,4.650000095367432,4.650000095367432,5517.0,4.644999980926514,4.650000095367432,4.644999980926514,4.650000095367432
2025-12-04T17:21:00Z,4.639999866485596,4.650000095367432,4.639999866485596,4.650000095367432,4.650000095367432,2126.0,4.639999866485596,4.650000095367432,4.639999866485596,4.650000095367432
2025-12-04T17:22:00Z,4.639999866485596,4.650000095367432,4.639999866485596,4.650000095367432,4.650000095367432,5026.0,4.639999866485596,4.650000095367432,4.639999866485596,4.650000095367432
2025-12-04T17:23:00Z,4.650000095367432,4.650000095367432,4.639999866485596,4.650000095367432,4.650000095367432,8275.0,4.650000095367432,4.650000095367432,4.639999866485596,4.650000095367432
2025-12-04T17:24:00Z,4.650000095367432,4.650000095367432,4.644999980926514,4.650000095367432,4.650000095367432,1909641.0,4.650000095367432,4.650000095367432,4.644999980926514,4.650000095367432
2025-12-04T17:26:00Z,4.6468000411987305,4.650000095367432,4.644999980926514,4.649799823760986,4.649799823760986,4277.0,4.6468000411987305,4.650000095367432,4.644999980926514,4.649799823760986
2025-12-04T17:27:00Z,4.650000095367432,4.650000095367432,4.640100002288818,4.650000095367432,4.650000095367432,5903.0,4.650000095367432,4.650000095367432,4.640100002288818,4.650000095367432
2025-12-04T17:28:00Z,4.649700164794922,4.650000095367432,4.642499923706055,4.642499923706055,4.642499923706055,8385.0,4.649700164794922,4.650000095367432,4.642499923706055,4.642499923706055
2025-12-04T17:29:00Z,4.644999980926514,4.650000095367432,4.639999866485596,4.644999980926514,4.644999980926514,5634.0,4.644999980926514,4.650000095367432,4.639999866485596,4.644999980926514
2025-12-04T17:30:00Z,4.650000095367432,4.650000095367432,4.644999980926514,4.644999980926514,4.644999980926514,3878.0,4.650000095367432,4.650000095367432,4.644999980926514,4.644999980926514
2025-12-04T17:31:00Z,4.644999980926514,4.650000095367432,4.639999866485596,4.642499923706055,4.642499923706055,12984.0,4.644999980926514,4.650000095367432,4.639999866485596,4.642499923706055
2025-12-04T17:32:00Z,4.6493000984191895,4.650000095367432,4.644999980926514,4.650000095367432,4.650000095367432,6592.0,4.6493000984191895,4.650000095367432,4.644999980926514,4.650000095367432
2025-12-04T17:33:00Z,4.650000095367432,4.650000095367432,4.644999980926514,4.647600173950195,4.647600173950195,11903.0,4.650000095367432,4.650000095367432,4.644999980926514,4.647600173950195
2025-12-04T17:34:00Z,4.644999980926514,4.650000095367432,4.644999980926514,4.650000095367432,4.650000095367432,15364.0,4.644999980926514,4.650000095367432,4.644999980926514,4.650000095367432
2025-12-04T17:35:00Z,4.650000095367432,4.650000095367432,4.644999980926514,4.646200180053711,4.646200180053711,25938.0,4.650000095367432,4.650000095367432,4.644999980926514,4.646200180053711
2025-12-04T17:36:00Z,4.649799823760986,4.650000095367432,4.6433000564575195,4.644999980926514,4.644999980926514,13566.0,4.649799823760986,4.650000095367432,4.6433000564575195,4.644999980926514
2025-12-04T17:37:00Z,4.644999980926514,4.659999847412109,4.639999866485596,4.658199787139893,4.658199787139893,65046.0,4.644999980926514,4.659999847412109,4.639999866485596,4.658199787139893
2025-12-04T17:38:00Z,4.65500020980835,4.659999847412109,4.654600143432617,4.65500020980835,4.65500020980835,24645.0,4.65500020980835,4.659999847412109,4.654600143432617,4.65500020980835
2025-12-04T17:39:00Z,4.65500020980835,4.65500020980835,4.639999866485596,4.644999980926514,4.644999980926514,90920.0,4.65500020980835,4.65500020980835,4.639999866485596,4.644999980926514
2025-12-04T17:40:00Z,4.644999980926514,4.644999980926514,4.635000228881836,4.644999980926514,4.644999980926514,52304.0,4.644999980926514,4.644999980926514,4.635000228881836,4.644999980926514
2025-12-04T17:41:00Z,4.644999980926514,4.649899959564209,4.644400119781494,4.644999980926514,4.644999980926514,17643.0,4.644999980926514,4.649899959564209,4.644400119781494,4.644999980926514
2025-12-04T17:42:00Z,4.644999980926514,4.650000095367432,4.639999866485596,4.644599914550781,4.644599914550781,9883.0,4.644999980926514,4.650000095367432,4.639999866485596,4.644599914550781
2025-12-04T17:43:00Z,4.650000095367432,4.650000095367432,4.639999866485596,4.644999980926514,4.644999980926514,3629.0,4.650000095367432,4.650000095367432,4.639999866485596,4.644999980926514
2025-12-04T17:44:00Z,4.644499778747559,4.65500020980835,4.639999866485596,4.651000022888184,4.651000022888184,24638.0,4.644499778747559,4.65500020980835,4.639999866485596,4.651000022888184
2025-12-04T17:45:00Z,4.65500020980835,4.659999847412109,4.650000095367432,4.650000095367432,4.650000095367432,37182.0,4.65500020980835,4.659999847412109,4.650000095367432,4.650000095367432
2025-12-04T17:46:00Z,4.644999980926514,4.649899959564209,4.640100002288818,4.649899959564209,4.649899959564209,15679.0,4.644999980926514,4.649899959564209,4.640100002288818,4.649899959564209
2025-12-04T17:47:00Z,4.644999980926514,4.650000095367432,4.644999980926514,4.649899959564209,4.649899959564209,11420.0,4.644999980926514,4.650000095367432,4.644999980926514,4.649899959564209
2025-12-04T17:48:00Z,4.650000095367432,4.650000095367432,4.644999980926514,4.644999980926514,4.644999980926514,13017.0,4.650000095367432,4.650000095367432,4.644999980926514,4.644999980926514
2025-12-04T17:49:00Z,4.645599842071533,4.645599842071533,4.639999866485596,4.644999980926514,4.644999980926514,25284.0,4.645599842071533,4.645599842071533,4.639999866485596,4.644999980926514
2025-12-04T17:50:00Z,4.639999866485596,4.644999980926514,4.639999866485596,4.644999980926514,4.644999980926514,9272.0,4.639999866485596,4.644999980926514,4.639999866485596,4.644999980926514
2025-12-04T17:51:00Z,4.64139986038208,4.649899959564209,4.64139986038208,4.648600101470947,4.648600101470947,7508.0,4.64139986038208,4.649899959564209,4.64139986038208,4.648600101470947
2025-12-04T17:52:00Z,4.650000095367432,4.650000095367432,4.644499778747559,4.650000095367432,4.650000095367432,15629.0,4.650000095367432,4.650000095367432,4.644499778747559,4.650000095367432
2025-12-04T17:53:00Z,4.650000095367432,4.650000095367432,4.642600059509277,4.650000095367432,4.650000095367432,11139.0,4.650000095367432,4.650000095367432,4.642600059509277,4.650000095367432
2025-12-04T17:54:00Z,4.650000095367432,4.65500020980835,4.644999980926514,4.650000095367432,4.650000095367432,52165.0,4.650000095367432,4.65500020980835,4.644999980926514,4.650000095367432
2025-12-04T17:55:00Z,4.659999847412109,4.659999847412109,4.650100231170654,4.65500020980835,4.65500020980835,20190.0,4.659999847412109,4.659999847412109,4.650100231170654,4.65500020980835
2025-12-04T17:56:00Z,4.659999847412109,4.659999847412109,4.65500020980835,4.659999847412109,4.659999847412109,3747.0,4.659999847412109,4.659999847412109,4.65500020980835,4.659999847412109
2025-12-04T17:57:00Z,4.650000095367432,4.659999847412109,4.650000095367432,4.65500020980835,4.65500020980835,5933.0,4.650000095367432,4.659999847412109,4.650000095367432,4.65500020980835
2025-12-04T17:58:00Z,4.659900188446045,4.659999847412109,4.654799938201904,4.659999847412109,4.659999847412109,6002.0,4.659900188446045,4.659999847412109,4.654799938201904,4.659999847412109
2025-12-04T17:59:00Z,4.6596999168396,4.659999847412109,4.65500020980835,4.659999847412109,4.659999847412109,3233.0,4.6596999168396,4.659999847412109,4.65500020980835,4.659999847412109
2025-12-04T18:00:00Z,4.659999847412109,4.670000076293945,4.659900188446045,4.664999961853027,4.664999961853027,18790.0,4.659999847412109,4.670000076293945,4.659900188446045,4.664999961853027
2025-12-04T18:01:00Z,4.664999961853027,4.670000076293945,4.650000095367432,4.658199787139893,4.658199787139893,17209.0,4.664999961853027,4.670000076293945,4.650000095367432,4.658199787139893
2025-12-04T18:02:00Z,4.653500080108643,4.6596999168396,4.653500080108643,4.65500020980835,4.65500020980835,8631.0,4.653500080108643,4.6596999168396,4.653500080108643,4.65500020980835
2025-12-04T18:03:00Z,4.65500020980835,4.659999847412109,4.650000095367432,4.650700092315674,4.650700092315674,3198.0,4.65500020980835,4.659999847412109,4.650000095367432,4.650700092315674
2025-12-04T18:04:00Z,4.65500020980835,4.659999847412109,4.650000095367432,4.650100231170654,4.650100231170654,8053.0,4.65500020980835,4.659999847412109,4.650000095367432,4.650100231170654
2025-12-04T18:05:00Z,4.650000095367432,4.65500020980835,4.650000095367432,4.650000095367432,4.650000095367432,4339.0,4.650000095367432,4.65500020980835,4.650000095367432,4.650000095367432
2025-12-04T18:06:00Z,4.650000095367432,4.650000095367432,4.639999866485596,4.644999980926514,4.644999980926514,24590.0,4.650000095367432,4.650000095367432,4.639999866485596,4.644999980926514
2025-12-04T18:07:00Z,4.639999866485596,4.649700164794922,4.630000114440918,4.635000228881836,4.635000228881836,13190.0,4.639999866485596,4.649700164794922,4.630000114440918,4.635000228881836
2025-12-04T18:08:00Z,4.635000228881836,4.6371002197265625,4.630000114440918,4.630000114440918,4.630000114440918,11784.0,4.635000228881836,4.6371002197265625,4.630000114440918,4.630000114440918
2025-12-04T18:09:00Z,4.635000228881836,4.639999866485596,4.630000114440918,4.635000228881836,4.635000228881836,5486.0,4.635000228881836,4.639999866485596,4.630000114440918,4.635000228881836
2025-12-04T18:10:00Z,4.639999866485596,4.639999866485596,4.630000114440918,4.630000114440918,4.630000114440918,31907.0,4.639999866485596,4.639999866485596,4.630000114440918,4.630000114440918
2025-12-04T18:11:00Z,4.635000228881836,4.635000228881836,4.630000114440918,4.630000114440918,4.630000114440918,6692.0,4.635000228881836,4.635000228881836,4.630000114440918,4.630000114440918
2025-12-04T18:12:00Z,4.639900207519531,4.639900207519531,4.630000114440918,4.635000228881836,4.635000228881836,3990.0,4.639900207519531,4.639900207519531,4.630000114440918,4.635000228881836
2025-12-04T18:13:00Z,4.630099773406982,4.639999866485596,4.630099773406982,4.639999866485596,4.639999866485596,10691.0,4.630099773406982,4.639999866485596,4.630099773406982,4.639999866485596
2025-12-04T18:14:00Z,4.639999866485596,4.644999980926514,4.630099773406982,4.644999980926514,4.644999980926514,25850.0,4.639999866485596,4.644999980926514,4.630099773406982,4.644999980926514
2025-12-04T18:15:00Z,4.639999866485596,4.639999866485596,4.630000114440918,4.635000228881836,4.635000228881836,21613.0,4.639999866485596,4.639999866485596,4.630000114440918,4.635000228881836
2025-12-04T18:16:00Z,4.635000228881836,4.639999866485596,4.635000228881836,4.635799884796143,4.635799884796143,4797.0,4.635000228881836,4.639999866485596,4.635000228881836,4.635799884796143
2025-12-04T18:17:00Z,4.633900165557861,4.633900165557861,4.633900165557861,4.633900165557861,4.633900165557861,3568.0,4.633900165557861,4.633900165557861,4.633900165557861,4.633900165557861
2025-12-04T18:18:00Z,4.630099773406982,4.635000228881836,4.630099773406982,4.634500026702881,4.634500026702881,10640.0,4.630099773406982,4.635000228881836,4.630099773406982,4.634500026702881
2025-12-04T18:19:00Z,4.635000228881836,4.635000228881836,4.630000114440918,4.630000114440918,4.630000114440918,13083.0,4.635000228881836,4.635000228881836,4.630000114440918,4.630000114440918
2025-12-04T18:20:00Z,4.639999866485596,4.639999866485596,4.630000114440918,4.635000228881836,4.635000228881836,5493.0,4.639999866485596,4.639999866485596,4.630000114440918,4.635000228881836
2025-12-04T18:21:00Z,4.633200168609619,4.639999866485596,4.630000114440918,4.639999866485596,4.639999866485596,4346.0,4.633200168609619,4.639999866485596,4.630000114440918,4.639999866485596
2025-12-04T18:22:00Z,4.630000114440918,4.639999866485596,4.630000114440918,4.639999866485596,4.639999866485596,5253.0,4.630000114440918,4.639999866485596,4.630000114440918,4.639999866485596
2025-12-04T18:23:00Z,4.630000114440918,4.639999866485596,4.630000114440918,4.635000228881836,4.635000228881836,22387.0,4.630000114440918,4.639999866485596,4.630000114440918,4.635000228881836
2025-12-04T18:24:00Z,4.630000114440918,4.639999866485596,4.630000114440918,4.639999866485596,4.639999866485596,6686.0,4.630000114440918,4.639999866485596,4.630000114440918,4.639999866485596
2025-12-04T18:25:00Z,4.635000228881836,4.639999866485596,4.630000114440918,4.639900207519531,4.639900207519531,1981.0,4.635000228881836,4.639999866485596,4.630000114440918,4.639900207519531
2025-12-04T18:26:00Z,4.635000228881836,4.639999866485596,4.630000114440918,4.635000228881836,4.635000228881836,2674.0,4.635000228881836,4.639999866485596,4.630000114440918,4.635000228881836
2025-12-04T18:27:00Z,4.635000228881836,4.639999866485596,4.630000114440918,4.634500026702881,4.634500026702881,9176.0,4.635000228881836,4.639999866485596,4.630000114440918,4.634500026702881
2025-12-04T18:28:00Z,4.639999866485596,4.639999866485596,4.630000114440918,4.639999866485596,4.639999866485596,4987.0,4.639999866485596,4.639999866485596,4.630000114440918,4.639999866485596
2025-12-04T18:29:00Z,4.639999866485596,4.639999866485596,4.630000114440918,4.635000228881836,4.635000228881836,20156.0,4.639999866485596,4.639999866485596,4.630000114440918,4.635000228881836
2025-12-04T18:30:00Z,4.639999866485596,4.650000095367432,4.639999866485596,4.650000095367432,4.650000095367432,20363.0,4.639999866485596,4.650000095367432,4.639999866485596,4.650000095367432
2025-12-04T18:31:00Z,4.650000095367432,4.650000095367432,4.644999980926514,4.650000095367432,4.650000095367432,13695.0,4.650000095367432,4.650000095367432,4.644999980926514,4.650000095367432
2025-12-04T18:32:00Z,4.650000095367432,4.650000095367432,4.644999980926514,4.644999980926514,4.644999980926514,2424.0,4.650000095367432,4.650000095367432,4.644999980926514,4.644999980926514
2025-12-04T18:33:00Z,4.645599842071533,4.650000095367432,4.639999866485596,4.644999980926514,4.644999980926514,39904.0,4.645599842071533,4.650000095367432,4.639999866485596,4.644999980926514
2025-12-04T18:34:00Z,4.650000095367432,4.650000095367432,4.639999866485596,4.650000095367432,4.650000095367432,5240.0,4.650000095367432,4.650000095367432,4.639999866485596,4.650000095367432
2025-12-04T18:35:00Z,4.639999866485596,4.650000095367432,4.639999866485596,4.650000095367432,4.650000095367432,4723.0,4.639999866485596,4.650000095367432,4.639999866485596,4.650000095367432
2025-12-04T18:36:00Z,4.644999980926514,4.650000095367432,4.642600059509277,4.644999980926514,4.644999980926514,8422.0,4.644999980926514,4.650000095367432,4.642600059509277,4.644999980926514
2025-12-04T18:37:00Z,4.650000095367432,4.650000095367432,4.630000114440918,4.639999866485596,4.639999866485596,44765.0,4.650000095367432,4.650000095367432,4.630000114440918,4.639999866485596
2025-12-04T18:38:00Z,4.630000114440918,4.639999866485596,4.630000114440918,4.635000228881836,4.635000228881836,3672.0,4.630000114440918,4.639999866485596,4.630000114440918,4.635000228881836
2025-12-04T18:39:00Z,4.635000228881836,4.644999980926514,4.630000114440918,4.644999980926514,4.644999980926514,22480.0,4.635000228881836,4.644999980926514,4.630000114440918,4.644999980926514
2025-12-04T18:40:00Z,4.644999980926514,4.650000095367432,4.635000228881836,4.635000228881836,4.635000228881836,32795.0,4.644999980926514,4.650000095367432,4.635000228881836,4.635000228881836
2025-12-04T18:41:00Z,4.635000228881836,4.635000228881836,4.630000114440918,4.630000114440918,4.630000114440918,23995.0,4.635000228881836,4.635000228881836,4.630000114440918,4.630000114440918
2025-12-04T18:42:00Z,4.635000228881836,4.635000228881836,4.630000114440918,4.635000228881836,4.635000228881836,2195.0,4.635000228881836,4.635000228881836,4.630000114440918,4.635000228881836
2025-12-04T18:43:00Z,4.630000114440918,4.635000228881836,4.630000114440918,4.630000114440918,4.630000114440918,3813.0,4.630000114440918,4.635000228881836,4.630000114440918,4.630000114440918
2025-12-04T18:44:00Z,4.630099773406982,4.635000228881836,4.619999885559082,4.625,4.625,9395.0,4.630099773406982,4.635000228881836,4.619999885559082,4.625
2025-12-04T18:45:00Z,4.622099876403809,4.630000114440918,4.619999885559082,4.630000114440918,4.630000114440918,20580.0,4.622099876403809,4.630000114440918,4.619999885559082,4.630000114440918
2025-12-04T18:46:00Z,4.624499797821045,4.629899978637695,4.619999885559082,4.629700183868408,4.629700183868408,3636.0,4.624499797821045,4.629899978637695,4.619999885559082,4.629700183868408
2025-12-04T18:47:00Z,4.630000114440918,4.630000114440918,4.610000133514404,4.614999771118164,4.614999771118164,32741.0,4.630000114440918,4.630000114440918,4.610000133514404,4.614999771118164
2025-12-04T18:48:00Z,4.610000133514404,4.617000102996826,4.610000133514404,4.611800193786621,4.611800193786621,6405.0,4.610000133514404,4.617000102996826,4.610000133514404,4.611800193786621
2025-12-04T18:49:00Z,4.614999771118164,4.614999771118164,4.610000133514404,4.610099792480469,4.610099792480469,3389.0,4.614999771118164,4.614999771118164,4.610000133514404,4.610099792480469
2025-12-04T18:50:00Z,4.610000133514404,4.619999885559082,4.610000133514404,4.610000133514404,4.610000133514404,23690.0,4.610000133514404,4.619999885559082,4.610000133514404,4.610000133514404
2025-12-04T18:51:00Z,4.614999771118164,4.619999885559082,4.610000133514404,4.619900226593018,4.619900226593018,16068.0,4.614999771118164,4.619999885559082,4.610000133514404,4.619900226593018
2025-12-04T18:52:00Z,4.611199855804443,4.629899978637695,4.611199855804443,4.625,4.625,26594.0,4.611199855804443,4.629899978637695,4.611199855804443,4.625
2025-12-04T18:53:00Z,4.625,4.630000114440918,4.623000144958496,4.630000114440918,4.630000114440918,3595.0,4.625,4.630000114440918,4.623000144958496,4.630000114440918
2025-12-04T18:54:00Z,4.630000114440918,4.630000114440918,4.625,4.630000114440918,4.630000114440918,31910.0,4.630000114440918,4.630000114440918,4.625,4.630000114440918
2025-12-04T18:55:00Z,4.630000114440918,4.630000114440918,4.614999771118164,4.619999885559082,4.619999885559082,19085.0,4.630000114440918,4.630000114440918,4.614999771118164,4.619999885559082
2025-12-04T18:56:00Z,4.614999771118164,4.619699954986572,4.614999771118164,4.618500232696533,4.618500232696533,8382.0,4.614999771118164,4.619699954986572,4.614999771118164,4.618500232696533
2025-12-04T18:57:00Z,4.619999885559082,4.625,4.619999885559082,4.625,4.625,12434.0,4.619999885559082,4.625,4.619999885559082,4.625
2025-12-04T18:58:00Z,4.625,4.630000114440918,4.625,4.630000114440918,4.630000114440918,5393.0,4.625,4.630000114440918,4.625,4.630000114440918
2025-12-04T18:59:00Z,4.625,4.625,4.620100021362305,4.625,4.625,8569.0,4.625,4.625,4.620100021362305,4.625
2025-12-04T19:00:00Z,4.625,4.625,4.625,4.625,4.625,945.0,4.625,4.625,4.625,4.625
2025-12-04T19:01:00Z,4.6219000816345215,4.630000114440918,4.6219000816345215,4.630000114440918,4.630000114440918,11750.0,4.6219000816345215,4.630000114440918,4.6219000816345215,4.630000114440918
2025-12-04T19:02:00Z,4.625,4.625,4.610000133514404,4.614999771118164,4.614999771118164,47417.0,4.625,4.625,4.610000133514404,4.614999771118164
2025-12-04T19:03:00Z,4.619900226593018,4.619900226593018,4.610099792480469,4.610099792480469,4.610099792480469,4573.0,4.619900226593018,4.619900226593018,4.610099792480469,4.610099792480469
2025-12-04T19:04:00Z,4.614999771118164,4.615600109100342,4.614999771118164,4.614999771118164,4.614999771118164,6085.0,4.614999771118164,4.615600109100342,4.614999771118164,4.614999771118164
2025-12-04T19:05:00Z,4.614999771118164,4.619999885559082,4.614999771118164,4.614999771118164,4.614999771118164,9366.0,4.614999771118164,4.619999885559082,4.614999771118164,4.614999771118164
2025-12-04T19:06:00Z,4.619999885559082,4.619999885559082,4.614799976348877,4.619999885559082,4.619999885559082,35168.0,4.619999885559082,4.619999885559082,4.614799976348877,4.619999885559082
2025-12-04T19:07:00Z,4.619999885559082,4.619999885559082,4.614999771118164,4.614999771118164,4.614999771118164,15198.0,4.619999885559082,4.619999885559082,4.614999771118164,4.614999771118164
2025-12-04T19:08:00Z,4.614999771118164,4.619999885559082,4.614999771118164,4.619999885559082,4.619999885559082,2489.0,4.614999771118164,4.619999885559082,4.614999771118164,4.619999885559082
2025-12-04T19:09:00Z,4.612100124359131,4.619999885559082,4.612100124359131,4.614999771118164,4.614999771118164,13653.0,4.612100124359131,4.619999885559082,4.612100124359131,4.614999771118164
2025-12-04T19:10:00Z,4.619999885559082,4.619999885559082,4.610099792480469,4.614999771118164,4.614999771118164,12320.0,4.619999885559082,4.619999885559082,4.610099792480469,4.614999771118164
2025-12-04T19:11:00Z,4.614999771118164,4.619999885559082,4.610000133514404,4.619999885559082,4.619999885559082,34095.0,4.614999771118164,4.619999885559082,4.610000133514404,4.619999885559082
2025-12-04T19:12:00Z,4.619999885559082,4.619999885559082,4.614500045776367,4.619900226593018,4.619900226593018,5761.0,4.619999885559082,4.619999885559082,4.614500045776367,4.619900226593018
2025-12-04T19:13:00Z,4.614999771118164,4.619999885559082,4.599999904632568,4.605000019073486,4.605000019073486,42488.0,4.614999771118164,4.619999885559082,4.599999904632568,4.605000019073486
2025-12-04T19:14:00Z,4.605000019073486,4.605999946594238,4.605000019073486,4.605000019073486,4.605000019073486,11240.0,4.605000019073486,4.605999946594238,4.605000019073486,4.605000019073486
2025-12-04T19:15:00Z,4.599999904632568,4.599999904632568,4.585000038146973,4.585000038146973,4.585000038146973,51796.0,4.599999904632568,4.599999904632568,4.585000038146973,4.585000038146973
2025-12-04T19:16:00Z,4.585000038146973,4.58650016784668,4.579999923706055,4.580100059509277,4.580100059509277,37498.0,4.585000038146973,4.58650016784668,4.579999923706055,4.580100059509277
2025-12-04T19:17:00Z,4.579999923706055,4.58650016784668,4.579999923706055,4.580100059509277,4.580100059509277,17141.0,4.579999923706055,4.58650016784668,4.579999923706055,4.580100059509277
2025-12-04T19:18:00Z,4.585000038146973,4.58519983291626,4.585000038146973,4.58519983291626,4.58519983291626,5864.0,4.585000038146973,4.58519983291626,4.585000038146973,4.58519983291626
2025-12-04T19:19:00Z,4.579999923706055,4.579999923706055,4.559999942779541,4.565000057220459,4.565000057220459,38061.0,4.579999923706055,4.579999923706055,4.559999942779541,4.565000057220459
2025-12-04T19:20:00Z,4.565000057220459,4.565000057220459,4.559999942779541,4.565000057220459,4.565000057220459,6085.0,4.565000057220459,4.565000057220459,4.559999942779541,4.565000057220459
2025-12-04T19:21:00Z,4.559999942779541,4.565000057220459,4.559999942779541,4.565000057220459,4.565000057220459,9405.0,4.559999942779541,4.565000057220459,4.559999942779541,4.565000057220459
2025-12-04T19:22:00Z,4.559999942779541,4.565499782562256,4.545000076293945,4.545000076293945,4.545000076293945,36885.0,4.559999942779541,4.565499782562256,4.545000076293945,4.545000076293945
2025-12-04T19:23:00Z,4.545000076293945,4.550000190734863,4.54010009765625,4.54010009765625,4.54010009765625,46618.0,4.545000076293945,4.550000190734863,4.54010009765625,4.54010009765625
2025-12-04T19:24:00Z,4.548799991607666,4.549900054931641,4.5447998046875,4.549900054931641,4.549900054931641,7677.0,4.548799991607666,4.549900054931641,4.5447998046875,4.549900054931641
2025-12-04T19:25:00Z,4.550000190734863,4.565000057220459,4.550000190734863,4.565000057220459,4.565000057220459,21059.0,4.550000190734863,4.565000057220459,4.550000190734863,4.565000057220459
2025-12-04T19:26:00Z,4.570000171661377,4.570000171661377,4.565000057220459,4.565000057220459,4.565000057220459,9611.0,4.570000171661377,4.570000171661377,4.565000057220459,4.565000057220459
2025-12-04T19:27:00Z,4.570000171661377,4.570000171661377,4.564499855041504,4.565000057220459,4.565000057220459,14377.0,4.570000171661377,4.570000171661377,4.564499855041504,4.565000057220459
2025-12-04T19:28:00Z,4.569900035858154,4.579999923706055,4.564499855041504,4.579999923706055,4.579999923706055,16683.0,4.569900035858154,4.579999923706055,4.564499855041504,4.579999923706055
2025-12-04T19:29:00Z,4.574999809265137,4.574999809265137,4.559999942779541,4.560100078582764,4.560100078582764,40394.0,4.574999809265137,4.574999809265137,4.559999942779541,4.560100078582764
2025-12-04T19:30:00Z,4.569900035858154,4.569900035858154,4.565000057220459,4.565000057220459,4.565000057220459,3831.0,4.569900035858154,4.569900035858154,4.565000057220459,4.565000057220459
2025-12-04T19:31:00Z,4.570000171661377,4.574999809265137,4.563899993896484,4.574999809265137,4.574999809265137,12337.0,4.570000171661377,4.574999809265137,4.563899993896484,4.574999809265137
2025-12-04T19:32:00Z,4.574999809265137,4.585000038146973,4.570099830627441,4.580100059509277,4.580100059509277,21822.0,4.574999809265137,4.585000038146973,4.570099830627441,4.580100059509277
2025-12-04T19:33:00Z,4.580100059509277,4.584000110626221,4.580100059509277,4.584000110626221,4.584000110626221,16723.0,4.580100059509277,4.584000110626221,4.580100059509277,4.584000110626221
2025-12-04T19:34:00Z,4.585000038146973,4.585000038146973,4.585000038146973,4.585000038146973,4.585000038146973,633.0,4.585000038146973,4.585000038146973,4.585000038146973,4.585000038146973
2025-12-04T19:35:00Z,4.58519983291626,4.59499979019165,4.585000038146973,4.59499979019165,4.59499979019165,29055.0,4.58519983291626,4.59499979019165,4.585000038146973,4.59499979019165
2025-12-04T19:36:00Z,4.59499979019165,4.599800109863281,4.59499979019165,4.59499979019165,4.59499979019165,6065.0,4.59499979019165,4.599800109863281,4.59499979019165,4.59499979019165
2025-12-04T19:37:00Z,4.5954999923706055,4.599999904632568,4.590000152587891,4.59499979019165,4.59499979019165,8670.0,4.5954999923706055,4.599999904632568,4.590000152587891,4.59499979019165
2025-12-04T19:38:00Z,4.599999904632568,4.599999904632568,4.591800212860107,4.59499979019165,4.59499979019165,11033.0,4.599999904632568,4.599999904632568,4.591800212860107,4.59499979019165
2025-12-04T19:39:00Z,4.59499979019165,4.599999904632568,4.59499979019165,4.598700046539307,4.598700046539307,6125.0,4.59499979019165,4.599999904632568,4.59499979019165,4.598700046539307
2025-12-04T19:40:00Z,4.599999904632568,4.599999904632568,4.59499979019165,4.599999904632568,4.599999904632568,8643.0,4.599999904632568,4.599999904632568,4.59499979019165,4.599999904632568
2025-12-04T19:41:00Z,4.599999904632568,4.599999904632568,4.591800212860107,4.59499979019165,4.59499979019165,10819.0,4.599999904632568,4.599999904632568,4.591800212860107,4.59499979019165
2025-12-04T19:42:00Z,4.594799995422363,4.599999904632568,4.590000152587891,4.599999904632568,4.599999904632568,35043.0,4.594799995422363,4.599999904632568,4.590000152587891,4.599999904632568
2025-12-04T19:43:00Z,4.599999904632568,4.599999904632568,4.59499979019165,4.599899768829346,4.599899768829346,1303.0,4.599999904632568,4.599999904632568,4.59499979019165,4.599899768829346
2025-12-04T19:44:00Z,4.599999904632568,4.60830020904541,4.599899768829346,4.606400012969971,4.606400012969971,29632.0,4.599999904632568,4.60830020904541,4.599899768829346,4.606400012969971
2025-12-04T19:45:00Z,4.605000019073486,4.610000133514404,4.605000019073486,4.610000133514404,4.610000133514404,9510.0,4.605000019073486,4.610000133514404,4.605000019073486,4.610000133514404
2025-12-04T19:46:00Z,4.605000019073486,4.610000133514404,4.599999904632568,4.605000019073486,4.605000019073486,15225.0,4.605000019073486,4.610000133514404,4.599999904632568,4.605000019073486
2025-12-04T19:47:00Z,4.605000019073486,4.610000133514404,4.605000019073486,4.610000133514404,4.610000133514404,6008.0,4.605000019073486,4.610000133514404,4.605000019073486,4.610000133514404
2025-12-04T19:48:00Z,4.609899997711182,4.619999885559082,4.605000019073486,4.614999771118164,4.614999771118164,25896.0,4.609899997711182,4.619999885559082,4.605000019073486,4.614999771118164
2025-12-04T19:49:00Z,4.614999771118164,4.619999885559082,4.614999771118164,4.618199825286865,4.618199825286865,4770.0,4.614999771118164,4.619999885559082,4.614999771118164,4.618199825286865
2025-12-04T19:50:00Z,4.619999885559082,4.619999885559082,4.614999771118164,4.619999885559082,4.619999885559082,27783.0,4.619999885559082,4.619999885559082,4.614999771118164,4.619999885559082
2025-12-04T19:51:00Z,4.619999885559082,4.625,4.619999885559082,4.625,4.625,34222.0,4.619999885559082,4.625,4.619999885559082,4.625
2025-12-04T19:52:00Z,4.625,4.630000114440918,4.619999885559082,4.625,4.625,33449.0,4.625,4.630000114440918,4.619999885559082,4.625
2025-12-04T19:53:00Z,4.630000114440918,4.630000114440918,4.624499797821045,4.625,4.625,27874.0,4.630000114440918,4.630000114440918,4.624499797821045,4.625
2025-12-04T19:54:00Z,4.630000114440918,4.630000114440918,4.620100021362305,4.630000114440918,4.630000114440918,30708.0,4.630000114440918,4.630000114440918,4.620100021362305,4.630000114440918
2025-12-04T19:55:00Z,4.630000114440918,4.630000114440918,4.610000133514404,4.614999771118164,4.614999771118164,31392.0,4.630000114440918,4.630000114440918,4.610000133514404,4.614999771118164
2025-12-04T19:56:00Z,4.614999771118164,4.619999885559082,4.610000133514404,4.610099792480469,4.610099792480469,8024.0,4.614999771118164,4.619999885559082,4.610000133514404,4.610099792480469
2025-12-04T19:57:00Z,4.610000133514404,4.614999771118164,4.610000133514404,4.610000133514404,4.610000133514404,3309.0,4.610000133514404,4.614999771118164,4.610000133514404,4.610000133514404
2025-12-04T19:58:00Z,4.615499973297119,4.619999885559082,4.610000133514404,4.610099792480469,4.610099792480469,7727.0,4.615499973297119,4.619999885559082,4.610000133514404,4.610099792480469
2025-12-04T19:59:00Z,4.610099792480469,4.619999885559082,4.610000133514404,4.610000133514404,4.610000133514404,6317.0,4.610099792480469,4.619999885559082,4.610000133514404,4.610000133514404
2025-12-04T20:00:00Z,4.619999885559082,4.619999885559082,4.614999771118164,4.619999885559082,4.619999885559082,13148.0,4.619999885559082,4.619999885559082,4.614999771118164,4.619999885559082
2025-12-04T20:01:00Z,4.616700172424316,4.6255998611450195,4.614999771118164,4.625,4.625,18495.0,4.616700172424316,4.6255998611450195,4.614999771118164,4.625
2025-12-04T20:02:00Z,4.625,4.625800132751465,4.619999885559082,4.620100021362305,4.620100021362305,7926.0,4.625,4.625800132751465,4.619999885559082,4.620100021362305
2025-12-04T20:03:00Z,4.625,4.630000114440918,4.619999885559082,4.630000114440918,4.630000114440918,16137.0,4.625,4.630000114440918,4.619999885559082,4.630000114440918
2025-12-04T20:04:00Z,4.625,4.630000114440918,4.619999885559082,4.624199867248535,4.624199867248535,5695.0,4.625,4.630000114440918,4.619999885559082,4.624199867248535
2025-12-04T20:05:00Z,4.625,4.630000114440918,4.62060022354126,4.630000114440918,4.630000114440918,8500.0,4.625,4.630000114440918,4.62060022354126,4.630000114440918
2025-12-04T20:06:00Z,4.625,4.630000114440918,4.614999771118164,4.614999771118164,4.614999771118164,19887.0,4.625,4.630000114440918,4.614999771118164,4.614999771118164
2025-12-04T20:07:00Z,4.610000133514404,4.610000133514404,4.605000019073486,4.605000019073486,4.605000019073486,29347.0,4.610000133514404,4.610000133514404,4.605000019073486,4.605000019073486
2025-12-04T20:08:00Z,4.609899997711182,4.619999885559082,4.599999904632568,4.611999988555908,4.611999988555908,23590.0,4.609899997711182,4.619999885559082,4.599999904632568,4.611999988555908
2025-12-04T20:09:00Z,4.614999771118164,4.614999771118164,4.610000133514404,4.610000133514404,4.610000133514404,2713.0,4.614999771118164,4.614999771118164,4.610000133514404,4.610000133514404
2025-12-04T20:10:00Z,4.619999885559082,4.619999885559082,4.614999771118164,4.619999885559082,4.619999885559082,19129.0,4.619999885559082,4.619999885559082,4.614999771118164,4.619999885559082
2025-12-04T20:11:00Z,4.619999885559082,4.619999885559082,4.61329984664917,4.615200042724609,4.615200042724609,12777.0,4.619999885559082,4.619999885559082,4.61329984664917,4.615200042724609
2025-12-04T20:12:00Z,4.614999771118164,4.619999885559082,4.614999771118164,4.619900226593018,4.619900226593018,18895.0,4.614999771118164,4.619999885559082,4.614999771118164,4.619900226593018
2025-12-04T20:13:00Z,4.619999885559082,4.625,4.614999771118164,4.625,4.625,21755.0,4.619999885559082,4.625,4.614999771118164,4.625
2025-12-04T20:14:00Z,4.625,4.625,4.619999885559082,4.625,4.625,7179.0,4.625,4.625,4.619999885559082,4.625
2025-12-04T20:15:00Z,4.625,4.630000114440918,4.610000133514404,4.610000133514404,4.610000133514404,17860.0,4.625,4.630000114440918,4.610000133514404,4.610000133514404
2025-12-04T20:16:00Z,4.610000133514404,4.619999885559082,4.610000133514404,4.614999771118164,4.614999771118164,6074.0,4.610000133514404,4.619999885559082,4.610000133514404,4.614999771118164
2025-12-04T20:17:00Z,4.619999885559082,4.619999885559082,4.610000133514404,4.614999771118164,4.614999771118164,4572.0,4.619999885559082,4.619999885559082,4.610000133514404,4.614999771118164
2025-12-04T20:18:00Z,4.614999771118164,4.619999885559082,4.614999771118164,4.614999771118164,4.614999771118164,3380.0,4.614999771118164,4.619999885559082,4.614999771118164,4.614999771118164
2025-12-04T20:19:00Z,4.619999885559082,4.619999885559082,4.610000133514404,4.619999885559082,4.619999885559082,3367.0,4.619999885559082,4.619999885559082,4.610000133514404,4.619999885559082
2025-12-04T20:20:00Z,4.619999885559082,4.619999885559082,4.614999771118164,4.614999771118164,4.614999771118164,13429.0,4.619999885559082,4.619999885559082,4.614999771118164,4.614999771118164
2025-12-04T20:21:00Z,4.614999771118164,4.619999885559082,4.613500118255615,4.619999885559082,4.619999885559082,8689.0,4.614999771118164,4.619999885559082,4.613500118255615,4.619999885559082
2025-12-04T20:22:00Z,4.614999771118164,4.630000114440918,4.614999771118164,4.619999885559082,4.619999885559082,24525.0,4.614999771118164,4.630000114440918,4.614999771118164,4.619999885559082
2025-12-04T20:23:00Z,4.625,4.630000114440918,4.620100021362305,4.630000114440918,4.630000114440918,12101.0,4.625,4.630000114440918,4.620100021362305,4.630000114440918
2025-12-04T20:24:00Z,4.625,4.630000114440918,4.605000019073486,4.605000019073486,4.605000019073486,40496.0,4.625,4.630000114440918,4.605000019073486,4.605000019073486
2025-12-04T20:25:00Z,4.610000133514404,4.610000133514404,4.599999904632568,4.605000019073486,4.605000019073486,10913.0,4.610000133514404,4.610000133514404,4.599999904632568,4.605000019073486
2025-12-04T20:26:00Z,4.605199813842773,4.605199813842773,4.605000019073486,4.605000019073486,4.605000019073486,5568.0,4.605199813842773,4.605199813842773,4.605000019073486,4.605000019073486
2025-12-04T20:27:00Z,4.605000019073486,4.609899997711182,4.605000019073486,4.605000019073486,4.605000019073486,4354.0,4.605000019073486,4.609899997711182,4.605000019073486,4.605000019073486
2025-12-04T20:28:00Z,4.605000019073486,4.610000133514404,4.60099983215332,4.605000019073486,4.605000019073486,4511.0,4.605000019073486,4.610000133514404,4.60099983215332,4.605000019073486
2025-12-04T20:29:00Z,4.610000133514404,4.610000133514404,4.6016998291015625,4.605000019073486,4.605000019073486,7762.0,4.610000133514404,4.610000133514404,4.6016998291015625,4.605000019073486
2025-12-04T20:30:00Z,4.605000019073486,4.610000133514404,4.603799819946289,4.605000019073486,4.605000019073486,15624.0,4.605000019073486,4.610000133514404,4.603799819946289,4.605000019073486
2025-12-04T20:31:00Z,4.6041998863220215,4.610000133514404,4.6041998863220215,4.610000133514404,4.610000133514404,12185.0,4.6041998863220215,4.610000133514404,4.6041998863220215,4.610000133514404
2025-12-04T20:32:00Z,4.605000019073486,4.610000133514404,4.605000019073486,4.605000019073486,4.605000019073486,3298.0,4.605000019073486,4.610000133514404,4.605000019073486,4.605000019073486
2025-12-04T20:33:00Z,4.605000019073486,4.610000133514404,4.604700088500977,4.610000133514404,4.610000133514404,3575.0,4.605000019073486,4.610000133514404,4.604700088500977,4.610000133514404
2025-12-04T20:34:00Z,4.610000133514404,4.610000133514404,4.60099983215332,4.610000133514404,4.610000133514404,10421.0,4.610000133514404,4.610000133514404,4.60099983215332,4.610000133514404
2025-12-04T20:35:00Z,4.610000133514404,4.610000133514404,4.599999904632568,4.599999904632568,4.599999904632568,10698.0,4.610000133514404,4.610000133514404,4.599999904632568,4.599999904632568
2025-12-04T20:36:00Z,4.605000019073486,4.605000019073486,4.590000152587891,4.59499979019165,4.59499979019165,34859.0,4.605000019073486,4.605000019073486,4.590000152587891,4.59499979019165
2025-12-04T20:37:00Z,4.59499979019165,4.601200103759766,4.59499979019165,4.601200103759766,4.601200103759766,16521.0,4.59499979019165,4.601200103759766,4.59499979019165,4.601200103759766
2025-12-04T20:38:00Z,4.610000133514404,4.610000133514404,4.605000019073486,4.605000019073486,4.605000019073486,6049.0,4.610000133514404,4.610000133514404,4.605000019073486,4.605000019073486
2025-12-04T20:39:00Z,4.605000019073486,4.605000019073486,4.605000019073486,4.605000019073486,4.605000019073486,8336.0,4.605000019073486,4.605000019073486,4.605000019073486,4.605000019073486
2025-12-04T20:40:00Z,4.610000133514404,4.610000133514404,4.605000019073486,4.605000019073486,4.605000019073486,5542.0,4.610000133514404,4.610000133514404,4.605000019073486,4.605000019073486
2025-12-04T20:41:00Z,4.605000019073486,4.607500076293945,4.599999904632568,4.599999904632568,4.599999904632568,9352.0,4.605000019073486,4.607500076293945,4.599999904632568,4.599999904632568
2025-12-04T20:42:00Z,4.605000019073486,4.610000133514404,4.599999904632568,4.599999904632568,4.599999904632568,37416.0,4.605000019073486,4.610000133514404,4.599999904632568,4.599999904632568
2025-12-04T20:43:00Z,4.605000019073486,4.609000205993652,4.599999904632568,4.605000019073486,4.605000019073486,28360.0,4.605000019073486,4.609000205993652,4.599999904632568,4.605000019073486
2025-12-04T20:44:00Z,4.605000019073486,4.605000019073486,4.599999904632568,4.599999904632568,4.599999904632568,3585.0,4.605000019073486,4.605000019073486,4.599999904632568,4.599999904632568
2025-12-04T20:45:00Z,4.605000019073486,4.610000133514404,4.599999904632568,4.610000133514404,4.610000133514404,10860.0,4.605000019073486,4.610000133514404,4.599999904632568,4.610000133514404
2025-12-04T20:46:00Z,4.605000019073486,4.605000019073486,4.599999904632568,4.605000019073486,4.605000019073486,7722.0,4.605000019073486,4.605000019073486,4.599999904632568,4.605000019073486
2025-12-04T20:47:00Z,4.605000019073486,4.610000133514404,4.605000019073486,4.605000019073486,4.605000019073486,9878.0,4.605000019073486,4.610000133514404,4.605000019073486,4.605000019073486
2025-12-04T20:48:00Z,4.605000019073486,4.610000133514404,4.599999904632568,4.610000133514404,4.610000133514404,20412.0,4.605000019073486,4.610000133514404,4.599999904632568,4.610000133514404
2025-12-04T20:49:00Z,4.605000019073486,4.610000133514404,4.599999904632568,4.600100040435791,4.600100040435791,15546.0,4.605000019073486,4.610000133514404,4.599999904632568,4.600100040435791
2025-12-04T20:50:00Z,4.610000133514404,4.610000133514404,4.599999904632568,4.610000133514404,4.610000133514404,25297.0,4.610000133514404,4.610000133514404,4.599999904632568,4.610000133514404
2025-12-04T20:51:00Z,4.6041998863220215,4.610000133514404,4.600100040435791,4.605000019073486,4.605000019073486,27545.0,4.6041998863220215,4.610000133514404,4.600100040435791,4.605000019073486
2025-12-04T20:52:00Z,4.610000133514404,4.610000133514404,4.599999904632568,4.605000019073486,4.605000019073486,21574.0,4.610000133514404,4.610000133514404,4.599999904632568,4.605000019073486
2025-12-04T20:53:00Z,4.605000019073486,4.610000133514404,4.599999904632568,4.610000133514404,4.610000133514404,25582.0,4.605000019073486,4.610000133514404,4.599999904632568,4.610000133514404
2025-12-04T20:54:00Z,4.605000019073486,4.610000133514404,4.590000152587891,4.59499979019165,4.59499979019165,92945.0,4.605000019073486,4.610000133514404,4.590000152587891,4.59499979019165
2025-12-04T20:55:00Z,4.59499979019165,4.599999904632568,4.590000152587891,4.590099811553955,4.590099811553955,79092.0,4.59499979019165,4.599999904632568,4.590000152587891,4.590099811553955
2025-12-04T20:56:00Z,4.590000152587891,4.59499979019165,4.579999923706055,4.580100059509277,4.580100059509277,74362.0,4.590000152587891,4.59499979019165,4.579999923706055,4.580100059509277
2025-12-04T20:57:00Z,4.579999923706055,4.579999923706055,4.559999942779541,4.559999942779541,4.559999942779541,94336.0,4.579999923706055,4.579999923706055,4.559999942779541,4.559999942779541
2025-12-04T20:58:00Z,4.559999942779541,4.570000171661377,4.559999942779541,4.559999942779541,4.559999942779541,53237.0,4.559999942779541,4.570000171661377,4.559999942779541,4.559999942779541
2025-12-04T20:59:00Z,4.559999942779541,4.570000171661377,4.559999942779541,4.565000057220459,4.565000057220459,110611.0,4.559999942779541,4.570000171661377,4.559999942779541,4.565000057220459
2025-12-05T14:30:00Z,4.579999923706055,4.579999923706055,4.519999980926514,4.534999847412109,4.534999847412109,228216.0,4.579999923706055,4.579999923706055,4.519999980926514,4.534999847412109
2025-12-05T14:31:00Z,4.53000020980835,4.53000020980835,4.482399940490723,4.494999885559082,4.494999885559082,71266.0,4.53000020980835,4.53000020980835,4.482399940490723,4.494999885559082
2025-12-05T14:32:00Z,4.489999771118164,4.505199909210205,4.489999771118164,4.505199909210205,4.505199909210205,2690.0,4.489999771118164,4.505199909210205,4.489999771118164,4.505199909210205
2025-12-05T14:33:00Z,4.510000228881836,4.519999980926514,4.505000114440918,4.514999866485596,4.514999866485596,11318.0,4.510000228881836,4.519999980926514,4.505000114440918,4.514999866485596
2025-12-05T14:34:00Z,4.519999980926514,4.579999923706055,4.514999866485596,4.559999942779541,4.559999942779541,315406.0,4.519999980926514,4.579999923706055,4.514999866485596,4.559999942779541
2025-12-05T14:35:00Z,4.552000045776367,4.554999828338623,4.539999961853027,4.539999961853027,4.539999961853027,27713.0,4.552000045776367,4.554999828338623,4.539999961853027,4.539999961853027
2025-12-05T14:36:00Z,4.550000190734863,4.565000057220459,4.550000190734863,4.565000057220459,4.565000057220459,12161.0,4.550000190734863,4.565000057220459,4.550000190734863,4.565000057220459
2025-12-05T14:37:00Z,4.5644001960754395,4.569900035858154,4.553899765014648,4.553899765014648,4.553899765014648,11401.0,4.5644001960754395,4.569900035858154,4.553899765014648,4.553899765014648
2025-12-05T14:38:00Z,4.559999942779541,4.559999942779541,4.550099849700928,4.554999828338623,4.554999828338623,17766.0,4.559999942779541,4.559999942779541,4.550099849700928,4.554999828338623
2025-12-05T14:39:00Z,4.559999942779541,4.559999942779541,4.539999961853027,4.539999961853027,4.539999961853027,5388.0,4.559999942779541,4.559999942779541,4.539999961853027,4.539999961853027
2025-12-05T14:40:00Z,4.539999961853027,4.550000190734863,4.534999847412109,4.534999847412109,4.534999847412109,32213.0,4.539999961853027,4.550000190734863,4.534999847412109,4.534999847412109
2025-12-05T14:41:00Z,4.534999847412109,4.545000076293945,4.534999847412109,4.545000076293945,4.545000076293945,8458.0,4.534999847412109,4.545000076293945,4.534999847412109,4.545000076293945
2025-12-05T14:42:00Z,4.550000190734863,4.559999942779541,4.550000190734863,4.550099849700928,4.550099849700928,11482.0,4.550000190734863,4.559999942779541,4.550000190734863,4.550099849700928
2025-12-05T14:43:00Z,4.550000190734863,4.559999942779541,4.550000190734863,4.559999942779541,4.559999942779541,18608.0,4.550000190734863,4.559999942779541,4.550000190734863,4.559999942779541
2025-12-05T14:44:00Z,4.565000057220459,4.579999923706055,4.565000057220459,4.565000057220459,4.565000057220459,13425.0,4.565000057220459,4.579999923706055,4.565000057220459,4.565000057220459
2025-12-05T14:45:00Z,4.569900035858154,4.579999923706055,4.559999942779541,4.559999942779541,4.559999942779541,24869.0,4.569900035858154,4.579999923706055,4.559999942779541,4.559999942779541
2025-12-05T14:46:00Z,4.561800003051758,4.570000171661377,4.559999942779541,4.569900035858154,4.569900035858154,6859.0,4.561800003051758,4.570000171661377,4.559999942779541,4.569900035858154
2025-12-05T14:47:00Z,4.565000057220459,4.565000057220459,4.53000020980835,4.539999961853027,4.539999961853027,17841.0,4.565000057220459,4.565000057220459,4.53000020980835,4.539999961853027
2025-12-05T14:48:00Z,4.539999961853027,4.539999961853027,4.525000095367432,4.534999847412109,4.534999847412109,299272.0,4.539999961853027,4.539999961853027,4.525000095367432,4.534999847412109
2025-12-05T14:50:00Z,4.539999961853027,4.550000190734863,4.539999961853027,4.545000076293945,4.545000076293945,295249.0,4.539999961853027,4.550000190734863,4.539999961853027,4.545000076293945
2025-12-05T14:52:00Z,4.543900012969971,4.545000076293945,4.539999961853027,4.539999961853027,4.539999961853027,2880.0,4.543900012969971,4.545000076293945,4.539999961853027,4.539999961853027
2025-12-05T14:53:00Z,4.550000190734863,4.570099830627441,4.550000190734863,4.570000171661377,4.570000171661377,21647.0,4.550000190734863,4.570099830627441,4.550000190734863,4.570000171661377
2025-12-05T14:54:00Z,4.570000171661377,4.579800128936768,4.570000171661377,4.579800128936768,4.579800128936768,330396.0,4.570000171661377,4.579800128936768,4.570000171661377,4.579800128936768
2025-12-05T14:56:00Z,4.579999923706055,4.579999923706055,4.570000171661377,4.579999923706055,4.579999923706055,7488.0,4.579999923706055,4.579999923706055,4.570000171661377,4.579999923706055
2025-12-05T14:57:00Z,4.574999809265137,4.579999923706055,4.570000171661377,4.579899787902832,4.579899787902832,10388.0,4.574999809265137,4.579999923706055,4.570000171661377,4.579899787902832
2025-12-05T14:58:00Z,4.574999809265137,4.579999923706055,4.570000171661377,4.574999809265137,4.574999809265137,11578.0,4.574999809265137,4.579999923706055,4.570000171661377,4.574999809265137
2025-12-05T14:59:00Z,4.574999809265137,4.579899787902832,4.570000171661377,4.570000171661377,4.570000171661377,1786.0,4.574999809265137,4.579899787902832,4.570000171661377,4.570000171661377
2025-12-05T15:00:00Z,4.574999809265137,4.579899787902832,4.565000057220459,4.574999809265137,4.574999809265137,16239.0,4.574999809265137,4.579899787902832,4.565000057220459,4.574999809265137
2025-12-05T15:01:00Z,4.570000171661377,4.579999923706055,4.565000057220459,4.579999923706055,4.579999923706055,27398.0,4.570000171661377,4.579999923706055,4.565000057220459,4.579999923706055
2025-12-05T15:02:00Z,4.590000152587891,4.605000019073486,4.590000152587891,4.605000019073486,4.605000019073486,22164.0,4.590000152587891,4.605000019073486,4.590000152587891,4.605000019073486
2025-12-05T15:03:00Z,4.599999904632568,4.610000133514404,4.599999904632568,4.610000133514404,4.610000133514404,20673.0,4.599999904632568,4.610000133514404,4.599999904632568,4.610000133514404
2025-12-05T15:04:00Z,4.606500148773193,4.619999885559082,4.605000019073486,4.614999771118164,4.614999771118164,16573.0,4.606500148773193,4.619999885559082,4.605000019073486,4.614999771118164
2025-12-05T15:05:00Z,4.614999771118164,4.630000114440918,4.614999771118164,4.624499797821045,4.624499797821045,38050.0,4.614999771118164,4.630000114440918,4.614999771118164,4.624499797821045
2025-12-05T15:06:00Z,4.630000114440918,4.644999980926514,4.619999885559082,4.625,4.625,55134.0,4.630000114440918,4.644999980926514,4.619999885559082,4.625
2025-12-05T15:07:00Z,4.619999885559082,4.619999885559082,4.605000019073486,4.605000019073486,4.605000019073486,27500.0,4.619999885559082,4.619999885559082,4.605000019073486,4.605000019073486
2025-12-05T15:08:00Z,4.599999904632568,4.605000019073486,4.590099811553955,4.59499979019165,4.59499979019165,27212.0,4.599999904632568,4.605000019073486,4.590099811553955,4.59499979019165
2025-12-05T15:09:00Z,4.597799777984619,4.614999771118164,4.59499979019165,4.614999771118164,4.614999771118164,12572.0,4.597799777984619,4.614999771118164,4.59499979019165,4.614999771118164
2025-12-05T15:10:00Z,4.619900226593018,4.619999885559082,4.610000133514404,4.619999885559082,4.619999885559082,7137.0,4.619900226593018,4.619999885559082,4.610000133514404,4.619999885559082
2025-12-05T15:11:00Z,4.610099792480469,4.619999885559082,4.610099792480469,4.619999885559082,4.619999885559082,2064.0,4.610099792480469,4.619999885559082,4.610099792480469,4.619999885559082
2025-12-05T15:12:00Z,4.61460018157959,4.625,4.61460018157959,4.619999885559082,4.619999885559082,14080.0,4.61460018157959,4.625,4.61460018157959,4.619999885559082
2025-12-05T15:13:00Z,4.625,4.625,4.610000133514404,4.6107001304626465,4.6107001304626465,15240.0,4.625,4.625,4.610000133514404,4.6107001304626465
2025-12-05T15:14:00Z,4.610000133514404,4.610000133514404,4.599999904632568,4.600100040435791,4.600100040435791,13325.0,4.610000133514404,4.610000133514404,4.599999904632568,4.600100040435791
2025-12-05T15:15:00Z,4.599999904632568,4.605000019073486,4.599999904632568,4.605000019073486,4.605000019073486,1093.0,4.599999904632568,4.605000019073486,4.599999904632568,4.605000019073486
2025-12-05T15:16:00Z,4.605000019073486,4.609899997711182,4.604100227355957,4.605500221252441,4.605500221252441,10268.0,4.605000019073486,4.609899997711182,4.604100227355957,4.605500221252441
2025-12-05T15:17:00Z,4.605000019073486,4.614999771118164,4.605000019073486,4.610000133514404,4.610000133514404,11755.0,4.605000019073486,4.614999771118164,4.605000019073486,4.610000133514404
2025-12-05T15:18:00Z,4.610000133514404,4.614999771118164,4.605000019073486,4.610000133514404,4.610000133514404,13244.0,4.610000133514404,4.614999771118164,4.605000019073486,4.610000133514404
2025-12-05T15:19:00Z,4.610000133514404,4.610000133514404,4.599999904632568,4.599999904632568,4.599999904632568,7976.0,4.610000133514404,4.610000133514404,4.599999904632568,4.599999904632568
2025-12-05T15:20:00Z,4.606500148773193,4.606500148773193,4.599999904632568,4.599999904632568,4.599999904632568,9288.0,4.606500148773193,4.606500148773193,4.599999904632568,4.599999904632568
2025-12-05T15:21:00Z,4.599999904632568,4.599999904632568,4.59499979019165,4.599999904632568,4.599999904632568,15182.0,4.599999904632568,4.599999904632568,4.59499979019165,4.599999904632568
2025-12-05T15:22:00Z,4.596700191497803,4.5980000495910645,4.59499979019165,4.5980000495910645,4.5980000495910645,4572.0,4.596700191497803,4.5980000495910645,4.59499979019165,4.5980000495910645
2025-12-05T15:23:00Z,4.599999904632568,4.609899997711182,4.59499979019165,4.605000019073486,4.605000019073486,10971.0,4.599999904632568,4.609899997711182,4.59499979019165,4.605000019073486
2025-12-05T15:24:00Z,4.610000133514404,4.614999771118164,4.609899997711182,4.610000133514404,4.610000133514404,9233.0,4.610000133514404,4.614999771118164,4.609899997711182,4.610000133514404
2025-12-05T15:25:00Z,4.614999771118164,4.614999771118164,4.610000133514404,4.614999771118164,4.614999771118164,12425.0,4.614999771118164,4.614999771118164,4.610000133514404,4.614999771118164
2025-12-05T15:26:00Z,4.615699768066406,4.619999885559082,4.610000133514404,4.614999771118164,4.614999771118164,3573.0,4.615699768066406,4.619999885559082,4.610000133514404,4.614999771118164
2025-12-05T15:27:00Z,4.610000133514404,4.610000133514404,4.590099811553955,4.599999904632568,4.599999904632568,109387.0,4.610000133514404,4.610000133514404,4.590099811553955,4.599999904632568
2025-12-05T15:28:00Z,4.599999904632568,4.599999904632568,4.590000152587891,4.59499979019165,4.59499979019165,6882.0,4.599999904632568,4.599999904632568,4.590000152587891,4.59499979019165
2025-12-05T15:29:00Z,4.590000152587891,4.599999904632568,4.590000152587891,4.599999904632568,4.599999904632568,22400.0,4.590000152587891,4.599999904632568,4.590000152587891,4.599999904632568
2025-12-05T15:30:00Z,4.590000152587891,4.619900226593018,4.590000152587891,4.610000133514404,4.610000133514404,35223.0,4.590000152587891,4.619900226593018,4.590000152587891,4.610000133514404
2025-12-05T15:31:00Z,4.610099792480469,4.625,4.610099792480469,4.625,4.625,4590.0,4.610099792480469,4.625,4.610099792480469,4.625
2025-12-05T15:32:00Z,4.625,4.627999782562256,4.619999885559082,4.625,4.625,18807.0,4.625,4.627999782562256,4.619999885559082,4.625
2025-12-05T15:33:00Z,4.621799945831299,4.621799945831299,4.619999885559082,4.619999885559082,4.619999885559082,3728.0,4.621799945831299,4.621799945831299,4.619999885559082,4.619999885559082
2025-12-05T15:34:00Z,4.625,4.6350998878479,4.620100021362305,4.620100021362305,4.620100021362305,25067.0,4.625,4.6350998878479,4.620100021362305,4.620100021362305
2025-12-05T15:35:00Z,4.625,4.630000114440918,4.599999904632568,4.606500148773193,4.606500148773193,17464.0,4.625,4.630000114440918,4.599999904632568,4.606500148773193
2025-12-05T15:36:00Z,4.605000019073486,4.610000133514404,4.605000019073486,4.609899997711182,4.609899997711182,13643.0,4.605000019073486,4.610000133514404,4.605000019073486,4.609899997711182
2025-12-05T15:37:00Z,4.605000019073486,4.605000019073486,4.599999904632568,4.605000019073486,4.605000019073486,13440.0,4.605000019073486,4.605000019073486,4.599999904632568,4.605000019073486
2025-12-05T15:38:00Z,4.605000019073486,4.605500221252441,4.600100040435791,4.605000019073486,4.605000019073486,9514.0,4.605000019073486,4.605500221252441,4.600100040435791,4.605000019073486
2025-12-05T15:39:00Z,4.599999904632568,4.606500148773193,4.599999904632568,4.606500148773193,4.606500148773193,6615.0,4.599999904632568,4.606500148773193,4.599999904632568,4.606500148773193
2025-12-05T15:40:00Z,4.599999904632568,4.599999904632568,4.590000152587891,4.590000152587891,4.590000152587891,9957.0,4.599999904632568,4.599999904632568,4.590000152587891,4.590000152587891
2025-12-05T15:41:00Z,4.59499979019165,4.599899768829346,4.590000152587891,4.59499979019165,4.59499979019165,29453.0,4.59499979019165,4.599899768829346,4.590000152587891,4.59499979019165
2025-12-05T15:42:00Z,4.599699974060059,4.605000019073486,4.59499979019165,4.599999904632568,4.599999904632568,16273.0,4.599699974060059,4.605000019073486,4.59499979019165,4.599999904632568
2025-12-05T15:43:00Z,4.610000133514404,4.610000133514404,4.599999904632568,4.599999904632568,4.599999904632568,12481.0,4.610000133514404,4.610000133514404,4.599999904632568,4.599999904632568
2025-12-05T15:44:00Z,4.605000019073486,4.610000133514404,4.590000152587891,4.590000152587891,4.590000152587891,19292.0,4.605000019073486,4.610000133514404,4.590000152587891,4.590000152587891
2025-12-05T15:45:00Z,4.590000152587891,4.595200061798096,4.590000152587891,4.59499979019165,4.59499979019165,27480.0,4.590000152587891,4.595200061798096,4.590000152587891,4.59499979019165
2025-12-05T15:46:00Z,4.591599941253662,4.605000019073486,4.591599941253662,4.605000019073486,4.605000019073486,12724.0,4.591599941253662,4.605000019073486,4.591599941253662,4.605000019073486
2025-12-05T15:47:00Z,4.605000019073486,4.605000019073486,4.605000019073486,4.605000019073486,4.605000019073486,1697.0,4.605000019073486,4.605000019073486,4.605000019073486,4.605000019073486
2025-12-05T15:48:00Z,4.610000133514404,4.610000133514404,4.605000019073486,4.605000019073486,4.605000019073486,2188.0,4.610000133514404,4.610000133514404,4.605000019073486,4.605000019073486
2025-12-05T15:49:00Z,4.605000019073486,4.605500221252441,4.599999904632568,4.605000019073486,4.605000019073486,7072.0,4.605000019073486,4.605500221252441,4.599999904632568,4.605000019073486
2025-12-05T15:50:00Z,4.609899997711182,4.610000133514404,4.599999904632568,4.609899997711182,4.609899997711182,14062.0,4.609899997711182,4.610000133514404,4.599999904632568,4.609899997711182
2025-12-05T15:51:00Z,4.606500148773193,4.610000133514404,4.600100040435791,4.610000133514404,4.610000133514404,5523.0,4.606500148773193,4.610000133514404,4.600100040435791,4.610000133514404
2025-12-05T15:52:00Z,4.605000019073486,4.610000133514404,4.599999904632568,4.605000019073486,4.605000019073486,11399.0,4.605000019073486,4.610000133514404,4.599999904632568,4.605000019073486
2025-12-05T15:53:00Z,4.605000019073486,4.614999771118164,4.59499979019165,4.614999771118164,4.614999771118164,12234.0,4.605000019073486,4.614999771118164,4.59499979019165,4.614999771118164
2025-12-05T15:54:00Z,4.610000133514404,4.614999771118164,4.610000133514404,4.614999771118164,4.614999771118164,7954.0,4.610000133514404,4.614999771118164,4.610000133514404,4.614999771118164
2025-12-05T15:55:00Z,4.614999771118164,4.614999771118164,4.605000019073486,4.605000019073486,4.605000019073486,6947.0,4.614999771118164,4.614999771118164,4.605000019073486,4.605000019073486
2025-12-05T15:56:00Z,4.599999904632568,4.605000019073486,4.59499979019165,4.599800109863281,4.599800109863281,15225.0,4.599999904632568,4.605000019073486,4.59499979019165,4.599800109863281
2025-12-05T15:57:00Z,4.599999904632568,4.604800224304199,4.599999904632568,4.599999904632568,4.599999904632568,8529.0,4.599999904632568,4.604800224304199,4.599999904632568,4.599999904632568
2025-12-05T15:58:00Z,4.599999904632568,4.615799903869629,4.599999904632568,4.615799903869629,4.615799903869629,5200.0,4.599999904632568,4.615799903869629,4.599999904632568,4.615799903869629
2025-12-05T15:59:00Z,4.61359977722168,4.619699954986572,4.610000133514404,4.619699954986572,4.619699954986572,10720.0,4.61359977722168,4.619699954986572,4.610000133514404,4.619699954986572
2025-12-05T16:00:00Z,4.619999885559082,4.630000114440918,4.619999885559082,4.630000114440918,4.630000114440918,5726.0,4.619999885559082,4.630000114440918,4.619999885559082,4.630000114440918
2025-12-05T16:01:00Z,4.627200126647949,4.627200126647949,4.619999885559082,4.619999885559082,4.619999885559082,14278.0,4.627200126647949,4.627200126647949,4.619999885559082,4.619999885559082
2025-12-05T16:02:00Z,4.625,4.626100063323975,4.619999885559082,4.626100063323975,4.626100063323975,4573.0,4.625,4.626100063323975,4.619999885559082,4.626100063323975
2025-12-05T16:03:00Z,4.625,4.635000228881836,4.625,4.625,4.625,17519.0,4.625,4.635000228881836,4.625,4.625
2025-12-05T16:04:00Z,4.625,4.625800132751465,4.619999885559082,4.625,4.625,8576.0,4.625,4.625800132751465,4.619999885559082,4.625
2025-12-05T16:05:00Z,4.625,4.625,4.620100021362305,4.625,4.625,7114.0,4.625,4.625,4.620100021362305,4.625
2025-12-05T16:06:00Z,4.629899978637695,4.630000114440918,4.620100021362305,4.620100021362305,4.620100021362305,9303.0,4.629899978637695,4.630000114440918,4.620100021362305,4.620100021362305
2025-12-05T16:07:00Z,4.619999885559082,4.619999885559082,4.610099792480469,4.610099792480469,4.610099792480469,5971.0,4.619999885559082,4.619999885559082,4.610099792480469,4.610099792480469
2025-12-05T16:08:00Z,4.617199897766113,4.617199897766113,4.605000019073486,4.605000019073486,4.605000019073486,8240.0,4.617199897766113,4.617199897766113,4.605000019073486,4.605000019073486
2025-12-05T16:09:00Z,4.605000019073486,4.605000019073486,4.599999904632568,4.599999904632568,4.599999904632568,2883.0,4.605000019073486,4.605000019073486,4.599999904632568,4.599999904632568
2025-12-05T16:10:00Z,4.599999904632568,4.599999904632568,4.59499979019165,4.59499979019165,4.59499979019165,24483.0,4.599999904632568,4.599999904632568,4.59499979019165,4.59499979019165
2025-12-05T16:11:00Z,4.59499979019165,4.603600025177002,4.590099811553955,4.59499979019165,4.59499979019165,19815.0,4.59499979019165,4.603600025177002,4.590099811553955,4.59499979019165
2025-12-05T16:12:00Z,4.59499979019165,4.599899768829346,4.594799995422363,4.59499979019165,4.59499979019165,17316.0,4.59499979019165,4.599899768829346,4.594799995422363,4.59499979019165
2025-12-05T16:13:00Z,4.59499979019165,4.599999904632568,4.590000152587891,4.59499979019165,4.59499979019165,14698.0,4.59499979019165,4.599999904632568,4.590000152587891,4.59499979019165
2025-12-05T16:14:00Z,4.5980000495910645,4.5980000495910645,4.590000152587891,4.590099811553955,4.590099811553955,11229.0,4.5980000495910645,4.5980000495910645,4.590000152587891,4.590099811553955
2025-12-05T16:15:00Z,4.59499979019165,4.59499979019165,4.590000152587891,4.59499979019165,4.59499979019165,16063.0,4.59499979019165,4.59499979019165,4.590000152587891,4.59499979019165
2025-12-05T16:16:00Z,4.590000152587891,4.59499979019165,4.590000152587891,4.59499979019165,4.59499979019165,5159.0,4.590000152587891,4.59499979019165,4.590000152587891,4.59499979019165
2025-12-05T16:17:00Z,4.59499979019165,4.599999904632568,4.590000152587891,4.59499979019165,4.59499979019165,33541.0,4.59499979019165,4.599999904632568,4.590000152587891,4.59499979019165
2025-12-05T16:18:00Z,4.59499979019165,4.599999904632568,4.59499979019165,4.59499979019165,4.59499979019165,8518.0,4.59499979019165,4.599999904632568,4.59499979019165,4.59499979019165
2025-12-05T16:19:00Z,4.599999904632568,4.599999904632568,4.590000152587891,4.59499979019165,4.59499979019165,1928.0,4.599999904632568,4.599999904632568,4.590000152587891,4.59499979019165
2025-12-05T16:20:00Z,4.59499979019165,4.59499979019165,4.590000152587891,4.59499979019165,4.59499979019165,5217.0,4.59499979019165,4.59499979019165,4.590000152587891,4.59499979019165
2025-12-05T16:21:00Z,4.59499979019165,4.599999904632568,4.591599941253662,4.59499979019165,4.59499979019165,7496.0,4.59499979019165,4.599999904632568,4.591599941253662,4.59499979019165
2025-12-05T16:22:00Z,4.5945000648498535,4.605000019073486,4.5945000648498535,4.59499979019165,4.59499979019165,30973.0,4.5945000648498535,4.605000019073486,4.5945000648498535,4.59499979019165
2025-12-05T16:23:00Z,4.590000152587891,4.59499979019165,4.585000038146973,4.585000038146973,4.585000038146973,26066.0,4.590000152587891,4.59499979019165,4.585000038146973,4.585000038146973
2025-12-05T16:24:00Z,4.585000038146973,4.590000152587891,4.585000038146973,4.58519983291626,4.58519983291626,11059.0,4.585000038146973,4.590000152587891,4.585000038146973,4.58519983291626
2025-12-05T16:25:00Z,4.585000038146973,4.585000038146973,4.5802998542785645,4.584499835968018,4.584499835968018,8617.0,4.585000038146973,4.585000038146973,4.5802998542785645,4.584499835968018
2025-12-05T16:26:00Z,4.585000038146973,4.585000038146973,4.559999942779541,4.564000129699707,4.564000129699707,57511.0,4.585000038146973,4.585000038146973,4.559999942779541,4.564000129699707
2025-12-05T16:27:00Z,4.565499782562256,4.570000171661377,4.559999942779541,4.565199851989746,4.565199851989746,22606.0,4.565499782562256,4.570000171661377,4.559999942779541,4.565199851989746
2025-12-05T16:28:00Z,4.559999942779541,4.570000171661377,4.559999942779541,4.559999942779541,4.559999942779541,18144.0,4.559999942779541,4.570000171661377,4.559999942779541,4.559999942779541
2025-12-05T16:29:00Z,4.560699939727783,4.565000057220459,4.552999973297119,4.554599761962891,4.554599761962891,40016.0,4.560699939727783,4.565000057220459,4.552999973297119,4.554599761962891
2025-12-05T16:30:00Z,4.554999828338623,4.559999942779541,4.554599761962891,4.554999828338623,4.554999828338623,7450.0,4.554999828338623,4.559999942779541,4.554599761962891,4.554999828338623
2025-12-05T16:31:00Z,4.559999942779541,4.559999942779541,4.550000190734863,4.550099849700928,4.550099849700928,36761.0,4.559999942779541,4.559999942779541,4.550000190734863,4.550099849700928
2025-12-05T16:32:00Z,4.550099849700928,4.557499885559082,4.550000190734863,4.554999828338623,4.554999828338623,6690.0,4.550099849700928,4.557499885559082,4.550000190734863,4.554999828338623
2025-12-05T16:33:00Z,4.551599979400635,4.570000171661377,4.551599979400635,4.570000171661377,4.570000171661377,19444.0,4.551599979400635,4.570000171661377,4.551599979400635,4.570000171661377
2025-12-05T16:34:00Z,4.565000057220459,4.565000057220459,4.554500102996826,4.554500102996826,4.554500102996826,5185.0,4.565000057220459,4.565000057220459,4.554500102996826,4.554500102996826
2025-12-05T16:35:00Z,4.550099849700928,4.559899806976318,4.550000190734863,4.554999828338623,4.554999828338623,17022.0,4.550099849700928,4.559899806976318,4.550000190734863,4.554999828338623
2025-12-05T16:36:00Z,4.559999942779541,4.559999942779541,4.550000190734863,4.550000190734863,4.550000190734863,10176.0,4.559999942779541,4.559999942779541,4.550000190734863,4.550000190734863
2025-12-05T16:41:00Z,4.545000076293945,4.549900054931641,4.539999961853027,4.545000076293945,4.545000076293945,62909.0,4.545000076293945,4.549900054931641,4.539999961853027,4.545000076293945
2025-12-05T16:42:00Z,4.545000076293945,4.550000190734863,4.534999847412109,4.534999847412109,4.534999847412109,11208.0,4.545000076293945,4.550000190734863,4.534999847412109,4.534999847412109
2025-12-05T16:43:00Z,4.534999847412109,4.545000076293945,4.534999847412109,4.545000076293945,4.545000076293945,9156.0,4.534999847412109,4.545000076293945,4.534999847412109,4.545000076293945
2025-12-05T16:44:00Z,4.540200233459473,4.548500061035156,4.539999961853027,4.548500061035156,4.548500061035156,7853.0,4.540200233459473,4.548500061035156,4.539999961853027,4.548500061035156
2025-12-05T16:45:00Z,4.545000076293945,4.550000190734863,4.545000076293945,4.545199871063232,4.545199871063232,25422.0,4.545000076293945,4.550000190734863,4.545000076293945,4.545199871063232
2025-12-05T16:46:00Z,4.550000190734863,4.559899806976318,4.550000190734863,4.554800033569336,4.554800033569336,7681.0,4.550000190734863,4.559899806976318,4.550000190734863,4.554800033569336
2025-12-05T16:47:00Z,4.550000190734863,4.550099849700928,4.539999961853027,4.545000076293945,4.545000076293945,16190.0,4.550000190734863,4.550099849700928,4.539999961853027,4.545000076293945
2025-12-05T16:48:00Z,4.545000076293945,4.545000076293945,4.540999889373779,4.545000076293945,4.545000076293945,4672.0,4.545000076293945,4.545000076293945,4.540999889373779,4.545000076293945
2025-12-05T16:49:00Z,4.539999961853027,4.549900054931641,4.539999961853027,4.543499946594238,4.543499946594238,4032.0,4.539999961853027,4.549900054931641,4.539999961853027,4.543499946594238
2025-12-05T16:50:00Z,4.550000190734863,4.550000190734863,4.539999961853027,4.54010009765625,4.54010009765625,6437.0,4.550000190734863,4.550000190734863,4.539999961853027,4.54010009765625
2025-12-05T16:51:00Z,4.550000190734863,4.559999942779541,4.545000076293945,4.554999828338623,4.554999828338623,5387.0,4.550000190734863,4.559999942779541,4.545000076293945,4.554999828338623
2025-12-05T16:52:00Z,4.559999942779541,4.559999942779541,4.554999828338623,4.559999942779541,4.559999942779541,12390.0,4.559999942779541,4.559999942779541,4.554999828338623,4.559999942779541
2025-12-05T16:53:00Z,4.559999942779541,4.559999942779541,4.550000190734863,4.559999942779541,4.559999942779541,11534.0,4.559999942779541,4.559999942779541,4.550000190734863,4.559999942779541
2025-12-05T16:54:00Z,4.559999942779541,4.559999942779541,4.550099849700928,4.554999828338623,4.554999828338623,30066.0,4.559999942779541,4.559999942779541,4.550099849700928,4.554999828338623
2025-12-05T16:55:00Z,4.554999828338623,4.554999828338623,4.539999961853027,4.540800094604492,4.540800094604492,26719.0,4.554999828338623,4.554999828338623,4.539999961853027,4.540800094604492
2025-12-05T16:56:00Z,4.539999961853027,4.548299789428711,4.539999961853027,4.548299789428711,4.548299789428711,1886.0,4.539999961853027,4.548299789428711,4.539999961853027,4.548299789428711
2025-12-05T16:57:00Z,4.539999961853027,4.549900054931641,4.539999961853027,4.549900054931641,4.549900054931641,6140.0,4.539999961853027,4.549900054931641,4.539999961853027,4.549900054931641
2025-12-05T16:58:00Z,4.545599937438965,4.555500030517578,4.545000076293945,4.554999828338623,4.554999828338623,30070.0,4.545599937438965,4.555500030517578,4.545000076293945,4.554999828338623
2025-12-05T16:59:00Z,4.555200099945068,4.555200099945068,4.545000076293945,4.545000076293945,4.545000076293945,5038.0,4.555200099945068,4.555200099945068,4.545000076293945,4.545000076293945
2025-12-05T17:00:00Z,4.545499801635742,4.549900054931641,4.545499801635742,4.549900054931641,4.549900054931641,1819.0,4.545499801635742,4.549900054931641,4.545499801635742,4.549900054931641
2025-12-05T17:01:00Z,4.545000076293945,4.545000076293945,4.545000076293945,4.545000076293945,4.545000076293945,1753.0,4.545000076293945,4.545000076293945,4.545000076293945,4.545000076293945
2025-12-05T17:02:00Z,4.543499946594238,4.550000190734863,4.543499946594238,4.545400142669678,4.545400142669678,2840.0,4.543499946594238,4.550000190734863,4.543499946594238,4.545400142669678
2025-12-05T17:03:00Z,4.543499946594238,4.545000076293945,4.539999961853027,4.5447998046875,4.5447998046875,8868.0,4.543499946594238,4.545000076293945,4.539999961853027,4.5447998046875
2025-12-05T17:04:00Z,4.545000076293945,4.545000076293945,4.545000076293945,4.545000076293945,4.545000076293945,377.0,4.545000076293945,4.545000076293945,4.545000076293945,4.545000076293945
2025-12-05T17:05:00Z,4.539999961853027,4.539999961853027,4.534999847412109,4.534999847412109,4.534999847412109,19333.0,4.539999961853027,4.539999961853027,4.534999847412109,4.534999847412109
2025-12-05T17:06:00Z,4.539999961853027,4.550000190734863,4.539999961853027,4.545000076293945,4.545000076293945,8141.0,4.539999961853027,4.550000190734863,4.539999961853027,4.545000076293945
2025-12-05T17:07:00Z,4.54010009765625,4.545000076293945,4.533400058746338,4.534999847412109,4.534999847412109,40133.0,4.54010009765625,4.545000076293945,4.533400058746338,4.534999847412109
2025-12-05T17:08:00Z,4.534999847412109,4.534999847412109,4.53000020980835,4.531799793243408,4.531799793243408,36693.0,4.534999847412109,4.534999847412109,4.53000020980835,4.531799793243408
2025-12-05T17:09:00Z,4.53000020980835,4.53439998626709,4.525000095367432,4.53439998626709,4.53439998626709,12483.0,4.53000020980835,4.53439998626709,4.525000095367432,4.53439998626709
2025-12-05T17:10:00Z,4.539999961853027,4.539999961853027,4.5335001945495605,4.534999847412109,4.534999847412109,2774.0,4.539999961853027,4.539999961853027,4.5335001945495605,4.534999847412109
2025-12-05T17:11:00Z,4.534999847412109,4.534999847412109,4.525000095367432,4.529900074005127,4.529900074005127,10040.0,4.534999847412109,4.534999847412109,4.525000095367432,4.529900074005127
2025-12-05T17:12:00Z,4.53000020980835,4.53000020980835,4.53000020980835,4.53000020980835,4.53000020980835,20122.0,4.53000020980835,4.53000020980835,4.53000020980835,4.53000020980835
2025-12-05T17:13:00Z,4.538700103759766,4.538700103759766,4.526400089263916,4.53000020980835,4.53000020980835,10885.0,4.538700103759766,4.538700103759766,4.526400089263916,4.53000020980835
2025-12-05T17:14:00Z,4.53000020980835,4.534999847412109,4.53000020980835,4.534999847412109,4.534999847412109,16738.0,4.53000020980835,4.534999847412109,4.53000020980835,4.534999847412109
2025-12-05T17:15:00Z,4.534999847412109,4.536600112915039,4.53000020980835,4.534999847412109,4.534999847412109,2499.0,4.534999847412109,4.536600112915039,4.53000020980835,4.534999847412109
2025-12-05T17:16:00Z,4.534999847412109,4.534999847412109,4.525000095367432,4.525000095367432,4.525000095367432,5400.0,4.534999847412109,4.534999847412109,4.525000095367432,4.525000095367432
2025-12-05T17:17:00Z,4.525000095367432,4.529900074005127,4.525000095367432,4.5289998054504395,4.5289998054504395,8460.0,4.525000095367432,4.529900074005127,4.525000095367432,4.5289998054504395
2025-12-05T17:18:00Z,4.525000095367432,4.525000095367432,4.525000095367432,4.525000095367432,4.525000095367432,2959.0,4.525000095367432,4.525000095367432,4.525000095367432,4.525000095367432
2025-12-05T17:19:00Z,4.53000020980835,4.53000020980835,4.525000095367432,4.525000095367432,4.525000095367432,6671.0,4.53000020980835,4.53000020980835,4.525000095367432,4.525000095367432
2025-12-05T17:20:00Z,4.525000095367432,4.528500080108643,4.525000095367432,4.528500080108643,4.528500080108643,1442.0,4.525000095367432,4.528500080108643,4.525000095367432,4.528500080108643
2025-12-05T17:23:00Z,4.525000095367432,4.525000095367432,4.520100116729736,4.520100116729736,4.520100116729736,12301.0,4.525000095367432,4.525000095367432,4.520100116729736,4.520100116729736
2025-12-05T17:24:00Z,4.525000095367432,4.526400089263916,4.519999980926514,4.519999980926514,4.519999980926514,1110.0,4.525000095367432,4.526400089263916,4.519999980926514,4.519999980926514
2025-12-05T17:25:00Z,4.525000095367432,4.53000020980835,4.525000095367432,4.53000020980835,4.53000020980835,12952.0,4.525000095367432,4.53000020980835,4.525000095367432,4.53000020980835
2025-12-05T17:26:00Z,4.525000095367432,4.53000020980835,4.5218000411987305,4.53000020980835,4.53000020980835,3438.0,4.525000095367432,4.53000020980835,4.5218000411987305,4.53000020980835
2025-12-05T17:27:00Z,4.525000095367432,4.53000020980835,4.525000095367432,4.53000020980835,4.53000020980835,7328.0,4.525000095367432,4.53000020980835,4.525000095367432,4.53000020980835
2025-12-05T17:28:00Z,4.525000095367432,4.53000020980835,4.519999980926514,4.525000095367432,4.525000095367432,49219.0,4.525000095367432,4.53000020980835,4.519999980926514,4.525000095367432
2025-12-05T17:29:00Z,4.519999980926514,4.519999980926514,4.510000228881836,4.519999980926514,4.519999980926514,24174.0,4.519999980926514,4.519999980926514,4.510000228881836,4.519999980926514
2025-12-05T17:30:00Z,4.514999866485596,4.519999980926514,4.51200008392334,4.519999980926514,4.519999980926514,9440.0,4.514999866485596,4.519999980926514,4.51200008392334,4.519999980926514
2025-12-05T17:31:00Z,4.519999980926514,4.519999980926514,4.51200008392334,4.514999866485596,4.514999866485596,3741.0,4.519999980926514,4.519999980926514,4.51200008392334,4.514999866485596
2025-12-05T17:32:00Z,4.519999980926514,4.519999980926514,4.5106000900268555,4.519899845123291,4.519899845123291,34959.0,4.519999980926514,4.519999980926514,4.5106000900268555,4.519899845123291
2025-12-05T17:33:00Z,4.519999980926514,4.519999980926514,4.519999980926514,4.519999980926514,4.519999980926514,3844.0,4.519999980926514,4.519999980926514,4.519999980926514,4.519999980926514
2025-12-05T17:34:00Z,4.519999980926514,4.519999980926514,4.510000228881836,4.514999866485596,4.514999866485596,3655.0,4.519999980926514,4.519999980926514,4.510000228881836,4.514999866485596
2025-12-05T17:35:00Z,4.517899990081787,4.519999980926514,4.517899990081787,4.519999980926514,4.519999980926514,1092.0,4.517899990081787,4.519999980926514,4.517899990081787,4.519999980926514
2025-12-05T17:36:00Z,4.514999866485596,4.519999980926514,4.514999866485596,4.519999980926514,4.519999980926514,3915.0,4.514999866485596,4.519999980926514,4.514999866485596,4.519999980926514
2025-12-05T17:37:00Z,4.514999866485596,4.525000095367432,4.510000228881836,4.520100116729736,4.520100116729736,39272.0,4.514999866485596,4.525000095367432,4.510000228881836,4.520100116729736
2025-12-05T17:38:00Z,4.525000095367432,4.525000095367432,4.510000228881836,4.514999866485596,4.514999866485596,72943.0,4.525000095367432,4.525000095367432,4.510000228881836,4.514999866485596
2025-12-05T17:39:00Z,4.514999866485596,4.514999866485596,4.510000228881836,4.514999866485596,4.514999866485596,3604.0,4.514999866485596,4.514999866485596,4.510000228881836,4.514999866485596
2025-12-05T17:40:00Z,4.514999866485596,4.514999866485596,4.510000228881836,4.5117998123168945,4.5117998123168945,6853.0,4.514999866485596,4.514999866485596,4.510000228881836,4.5117998123168945
2025-12-05T17:41:00Z,4.514999866485596,4.514999866485596,4.5,4.5,4.5,7888.0,4.514999866485596,4.514999866485596,4.5,4.5
2025-12-05T17:42:00Z,4.509900093078613,4.5100998878479,4.500199794769287,4.505000114440918,4.505000114440918,21004.0,4.509900093078613,4.5100998878479,4.500199794769287,4.505000114440918
2025-12-05T17:43:00Z,4.509900093078613,4.510000228881836,4.505000114440918,4.509900093078613,4.509900093078613,11375.0,4.509900093078613,4.510000228881836,4.505000114440918,4.509900093078613
2025-12-05T17:44:00Z,4.510000228881836,4.514999866485596,4.510000228881836,4.514999866485596,4.514999866485596,13650.0,4.510000228881836,4.514999866485596,4.510000228881836,4.514999866485596
2025-12-05T17:45:00Z,4.5100998878479,4.519999980926514,4.510000228881836,4.514999866485596,4.514999866485596,9925.0,4.5100998878479,4.519999980926514,4.510000228881836,4.514999866485596
2025-12-05T17:46:00Z,4.514999866485596,4.514999866485596,4.514999866485596,4.514999866485596,4.514999866485596,1772.0,4.514999866485596,4.514999866485596,4.514999866485596,4.514999866485596
2025-12-05T17:47:00Z,4.519899845123291,4.519899845123291,4.514999866485596,4.514999866485596,4.514999866485596,126788.0,4.519899845123291,4.519899845123291,4.514999866485596,4.514999866485596
2025-12-05T17:48:00Z,4.514999866485596,4.518599987030029,4.514999866485596,4.514999866485596,4.514999866485596,7480.0,4.514999866485596,4.518599987030029,4.514999866485596,4.514999866485596
2025-12-05T17:49:00Z,4.515500068664551,4.515500068664551,4.514999866485596,4.514999866485596,4.514999866485596,16971.0,4.515500068664551,4.515500068664551,4.514999866485596,4.514999866485596
2025-12-05T17:50:00Z,4.514999866485596,4.519999980926514,4.5100998878479,4.514999866485596,4.514999866485596,172798.0,4.514999866485596,4.519999980926514,4.5100998878479,4.514999866485596
2025-12-05T17:51:00Z,4.515600204467773,4.528200149536133,4.514999866485596,4.525000095367432,4.525000095367432,80205.0,4.515600204467773,4.528200149536133,4.514999866485596,4.525000095367432
2025-12-05T17:52:00Z,4.525000095367432,4.566800117492676,4.525000095367432,4.566800117492676,4.566800117492676,420493.0,4.525000095367432,4.566800117492676,4.525000095367432,4.566800117492676
2025-12-05T17:53:00Z,4.565000057220459,4.576600074768066,4.562600135803223,4.574999809265137,4.574999809265137,6663.0,4.565000057220459,4.576600074768066,4.562600135803223,4.574999809265137
2025-12-05T17:54:00Z,4.5706000328063965,4.574999809265137,4.561500072479248,4.574999809265137,4.574999809265137,11631.0,4.5706000328063965,4.574999809265137,4.561500072479248,4.574999809265137
2025-12-05T17:55:00Z,4.574999809265137,4.575699806213379,4.565000057220459,4.570000171661377,4.570000171661377,13438.0,4.574999809265137,4.575699806213379,4.565000057220459,4.570000171661377
2025-12-05T17:56:00Z,4.574999809265137,4.574999809265137,4.570000171661377,4.571499824523926,4.571499824523926,5192.0,4.574999809265137,4.574999809265137,4.570000171661377,4.571499824523926
2025-12-05T17:57:00Z,4.565000057220459,4.5655999183654785,4.559999942779541,4.565100193023682,4.565100193023682,11297.0,4.565000057220459,4.5655999183654785,4.559999942779541,4.565100193023682
2025-12-05T17:58:00Z,4.564499855041504,4.565299987792969,4.560100078582764,4.565299987792969,4.565299987792969,3870.0,4.564499855041504,4.565299987792969,4.560100078582764,4.565299987792969
2025-12-05T17:59:00Z,4.565000057220459,4.565000057220459,4.565000057220459,4.565000057220459,4.565000057220459,7560.0,4.565000057220459,4.565000057220459,4.565000057220459,4.565000057220459
2025-12-05T18:00:00Z,4.559999942779541,4.559999942779541,4.550000190734863,4.550000190734863,4.550000190734863,41402.0,4.559999942779541,4.559999942779541,4.550000190734863,4.550000190734863
2025-12-05T18:01:00Z,4.550000190734863,4.554999828338623,4.545000076293945,4.550000190734863,4.550000190734863,36410.0,4.550000190734863,4.554999828338623,4.545000076293945,4.550000190734863
2025-12-05T18:02:00Z,4.543499946594238,4.549900054931641,4.543499946594238,4.549900054931641,4.549900054931641,5608.0,4.543499946594238,4.549900054931641,4.543499946594238,4.549900054931641
2025-12-05T18:03:00Z,4.545000076293945,4.545000076293945,4.545000076293945,4.545000076293945,4.545000076293945,4681.0,4.545000076293945,4.545000076293945,4.545000076293945,4.545000076293945
2025-12-05T18:04:00Z,4.54449987411499,4.54449987411499,4.54449987411499,4.54449987411499,4.54449987411499,570.0,4.54449987411499,4.54449987411499,4.54449987411499,4.54449987411499
2025-12-05T18:05:00Z,4.545000076293945,4.550000190734863,4.539999961853027,4.545000076293945,4.545000076293945,8672.0,4.545000076293945,4.550000190734863,4.539999961853027,4.545000076293945
2025-12-05T18:06:00Z,4.550000190734863,4.550000190734863,4.545000076293945,4.550000190734863,4.550000190734863,2222.0,4.550000190734863,4.550000190734863,4.545000076293945,4.550000190734863
2025-12-05T18:07:00Z,4.550000190734863,4.550000190734863,4.545000076293945,4.550000190734863,4.550000190734863,1723.0,4.550000190734863,4.550000190734863,4.545000076293945,4.550000190734863
2025-12-05T18:08:00Z,4.543499946594238,4.550000190734863,4.543499946594238,4.545000076293945,4.545000076293945,18256.0,4.543499946594238,4.550000190734863,4.543499946594238,4.545000076293945
2025-12-05T18:09:00Z,4.550000190734863,4.555500030517578,4.545000076293945,4.554999828338623,4.554999828338623,40188.0,4.550000190734863,4.555500030517578,4.545000076293945,4.554999828338623
2025-12-05T18:10:00Z,4.550000190734863,4.550000190734863,4.545000076293945,4.545000076293945,4.545000076293945,11331.0,4.550000190734863,4.550000190734863,4.545000076293945,4.545000076293945
2025-12-05T18:11:00Z,4.545000076293945,4.545000076293945,4.54010009765625,4.545000076293945,4.545000076293945,3760.0,4.545000076293945,4.545000076293945,4.54010009765625,4.545000076293945
2025-12-05T18:12:00Z,4.549900054931641,4.550000190734863,4.545000076293945,4.550000190734863,4.550000190734863,26137.0,4.549900054931641,4.550000190734863,4.545000076293945,4.550000190734863
2025-12-05T18:13:00Z,4.545000076293945,4.545000076293945,4.534999847412109,4.534999847412109,4.534999847412109,42155.0,4.545000076293945,4.545000076293945,4.534999847412109,4.534999847412109
2025-12-05T18:14:00Z,4.539999961853027,4.545000076293945,4.539999961853027,4.545000076293945,4.545000076293945,10468.0,4.539999961853027,4.545000076293945,4.539999961853027,4.545000076293945
2025-12-05T18:15:00Z,4.545199871063232,4.545199871063232,4.534999847412109,4.534999847412109,4.534999847412109,8442.0,4.545199871063232,4.545199871063232,4.534999847412109,4.534999847412109
2025-12-05T18:16:00Z,4.534999847412109,4.535699844360352,4.529799938201904,4.530099868774414,4.530099868774414,19014.0,4.534999847412109,4.535699844360352,4.529799938201904,4.530099868774414
2025-12-05T18:17:00Z,4.534999847412109,4.534999847412109,4.534999847412109,4.534999847412109,4.534999847412109,690.0,4.534999847412109,4.534999847412109,4.534999847412109,4.534999847412109
2025-12-05T18:18:00Z,4.53000020980835,4.5329999923706055,4.525000095367432,4.525000095367432,4.525000095367432,42754.0,4.53000020980835,4.5329999923706055,4.525000095367432,4.525000095367432
2025-12-05T18:19:00Z,4.519999980926514,4.53000020980835,4.519999980926514,4.5279998779296875,4.5279998779296875,2169.0,4.519999980926514,4.53000020980835,4.519999980926514,4.5279998779296875
2025-12-05T18:20:00Z,4.525000095367432,4.52839994430542,4.519999980926514,4.525000095367432,4.525000095367432,3524.0,4.525000095367432,4.52839994430542,4.519999980926514,4.525000095367432
2025-12-05T18:21:00Z,4.525000095367432,4.525000095367432,4.525000095367432,4.525000095367432,4.525000095367432,2787.0,4.525000095367432,4.525000095367432,4.525000095367432,4.525000095367432
2025-12-05T18:22:00Z,4.525000095367432,4.529900074005127,4.519999980926514,4.529900074005127,4.529900074005127,10993.0,4.525000095367432,4.529900074005127,4.519999980926514,4.529900074005127
2025-12-05T18:23:00Z,4.53000020980835,4.53000020980835,4.525000095367432,4.528299808502197,4.528299808502197,8267.0,4.53000020980835,4.53000020980835,4.525000095367432,4.528299808502197
2025-12-05T18:24:00Z,4.53000020980835,4.53000020980835,4.525000095367432,4.525000095367432,4.525000095367432,13296.0,4.53000020980835,4.53000020980835,4.525000095367432,4.525000095367432
2025-12-05T18:25:00Z,4.525000095367432,4.534999847412109,4.525000095367432,4.531499862670898,4.531499862670898,9411.0,4.525000095367432,4.534999847412109,4.525000095367432,4.531499862670898
2025-12-05T18:26:00Z,4.534999847412109,4.539000034332275,4.53000020980835,4.536399841308594,4.536399841308594,2829.0,4.534999847412109,4.539000034332275,4.53000020980835,4.536399841308594
2025-12-05T18:27:00Z,4.534999847412109,4.539999961853027,4.531400203704834,4.531400203704834,4.531400203704834,6165.0,4.534999847412109,4.539999961853027,4.531400203704834,4.531400203704834
2025-12-05T18:28:00Z,4.539999961853027,4.539999961853027,4.539999961853027,4.539999961853027,4.539999961853027,1146.0,4.539999961853027,4.539999961853027,4.539999961853027,4.539999961853027
2025-12-05T18:29:00Z,4.538000106811523,4.539999961853027,4.534999847412109,4.534999847412109,4.534999847412109,7952.0,4.538000106811523,4.539999961853027,4.534999847412109,4.534999847412109
2025-12-05T18:30:00Z,4.535699844360352,4.539899826049805,4.534999847412109,4.534999847412109,4.534999847412109,1365.0,4.535699844360352,4.539899826049805,4.534999847412109,4.534999847412109
2025-12-05T18:31:00Z,4.539999961853027,4.539999961853027,4.534999847412109,4.534999847412109,4.534999847412109,2701.0,4.539999961853027,4.539999961853027,4.534999847412109,4.534999847412109
2025-12-05T18:32:00Z,4.534999847412109,4.534999847412109,4.53000020980835,4.53000020980835,4.53000020980835,13917.0,4.534999847412109,4.534999847412109,4.53000020980835,4.53000020980835
2025-12-05T18:34:00Z,4.539999961853027,4.539999961853027,4.539999961853027,4.539999961853027,4.539999961853027,2470.0,4.539999961853027,4.539999961853027,4.539999961853027,4.539999961853027
2025-12-05T18:35:00Z,4.534999847412109,4.534999847412109,4.534999847412109,4.534999847412109,4.534999847412109,484.0,4.534999847412109,4.534999847412109,4.534999847412109,4.534999847412109
2025-12-05T18:36:00Z,4.534999847412109,4.539999961853027,4.530200004577637,4.538599967956543,4.538599967956543,3066.0,4.534999847412109,4.539999961853027,4.530200004577637,4.538599967956543
2025-12-05T18:37:00Z,4.530099868774414,4.536499977111816,4.530099868774414,4.536499977111816,4.536499977111816,1195.0,4.530099868774414,4.536499977111816,4.530099868774414,4.536499977111816
2025-12-05T18:38:00Z,4.533699989318848,4.537399768829346,4.533699989318848,4.534999847412109,4.534999847412109,4532.0,4.533699989318848,4.537399768829346,4.533699989318848,4.534999847412109
2025-12-05T18:39:00Z,4.539999961853027,4.539999961853027,4.538599967956543,4.538599967956543,4.538599967956543,7814.0,4.539999961853027,4.539999961853027,4.538599967956543,4.538599967956543
2025-12-05T18:40:00Z,4.539999961853027,4.539999961853027,4.530099868774414,4.534999847412109,4.534999847412109,9113.0,4.539999961853027,4.539999961853027,4.530099868774414,4.534999847412109
2025-12-05T18:41:00Z,4.534999847412109,4.534999847412109,4.534999847412109,4.534999847412109,4.534999847412109,4818.0,4.534999847412109,4.534999847412109,4.534999847412109,4.534999847412109
2025-12-05T18:42:00Z,4.534999847412109,4.53879976272583,4.53000020980835,4.538700103759766,4.538700103759766,7470.0,4.534999847412109,4.53879976272583,4.53000020980835,4.538700103759766
2025-12-05T18:43:00Z,4.53000020980835,4.534999847412109,4.525000095367432,4.534999847412109,4.534999847412109,13306.0,4.53000020980835,4.534999847412109,4.525000095367432,4.534999847412109
2025-12-05T18:44:00Z,4.534999847412109,4.539999961853027,4.534999847412109,4.539999961853027,4.539999961853027,7779.0,4.534999847412109,4.539999961853027,4.534999847412109,4.539999961853027
2025-12-05T18:45:00Z,4.539999961853027,4.545000076293945,4.53000020980835,4.534999847412109,4.534999847412109,82699.0,4.539999961853027,4.545000076293945,4.53000020980835,4.534999847412109
2025-12-05T18:46:00Z,4.534999847412109,4.534999847412109,4.525000095367432,4.53000020980835,4.53000020980835,12128.0,4.534999847412109,4.534999847412109,4.525000095367432,4.53000020980835
2025-12-05T18:47:00Z,4.5269999504089355,4.539999961853027,4.5269999504089355,4.534999847412109,4.534999847412109,10333.0,4.5269999504089355,4.539999961853027,4.5269999504089355,4.534999847412109
2025-12-05T18:48:00Z,4.534999847412109,4.539999961853027,4.53000020980835,4.534999847412109,4.534999847412109,16486.0,4.534999847412109,4.539999961853027,4.53000020980835,4.534999847412109
2025-12-05T18:49:00Z,4.534999847412109,4.550000190734863,4.534999847412109,4.54449987411499,4.54449987411499,9558.0,4.534999847412109,4.550000190734863,4.534999847412109,4.54449987411499
2025-12-05T18:50:00Z,4.550000190734863,4.550000190734863,4.54010009765625,4.550000190734863,4.550000190734863,9158.0,4.550000190734863,4.550000190734863,4.54010009765625,4.550000190734863
2025-12-05T18:51:00Z,4.545000076293945,4.546199798583984,4.545000076293945,4.545000076293945,4.545000076293945,2165.0,4.545000076293945,4.546199798583984,4.545000076293945,4.545000076293945
2025-12-05T18:52:00Z,4.545000076293945,4.545000076293945,4.545000076293945,4.545000076293945,4.545000076293945,2572.0,4.545000076293945,4.545000076293945,4.545000076293945,4.545000076293945
2025-12-05T18:53:00Z,4.549900054931641,4.549900054931641,4.545000076293945,4.545000076293945,4.545000076293945,3088.0,4.549900054931641,4.549900054931641,4.545000076293945,4.545000076293945
2025-12-05T18:54:00Z,4.545000076293945,4.545000076293945,4.545000076293945,4.545000076293945,4.545000076293945,1888.0,4.545000076293945,4.545000076293945,4.545000076293945,4.545000076293945
2025-12-05T18:55:00Z,4.545000076293945,4.550000190734863,4.545000076293945,4.545000076293945,4.545000076293945,4934.0,4.545000076293945,4.550000190734863,4.545000076293945,4.545000076293945
2025-12-05T18:56:00Z,4.539999961853027,4.550000190734863,4.539999961853027,4.550000190734863,4.550000190734863,8698.0,4.539999961853027,4.550000190734863,4.539999961853027,4.550000190734863
2025-12-05T18:57:00Z,4.54010009765625,4.550000190734863,4.539999961853027,4.54010009765625,4.54010009765625,82437.0,4.54010009765625,4.550000190734863,4.539999961853027,4.54010009765625
2025-12-05T18:58:00Z,4.545000076293945,4.545000076293945,4.545000076293945,4.545000076293945,4.545000076293945,13320.0,4.545000076293945,4.545000076293945,4.545000076293945,4.545000076293945
2025-12-05T18:59:00Z,4.545000076293945,4.545000076293945,4.545000076293945,4.545000076293945,4.545000076293945,4873.0,4.545000076293945,4.545000076293945,4.545000076293945,4.545000076293945
2025-12-05T19:00:00Z,4.545000076293945,4.545000076293945,4.545000076293945,4.545000076293945,4.545000076293945,1311.0,4.545000076293945,4.545000076293945,4.545000076293945,4.545000076293945
2025-12-05T19:01:00Z,4.545000076293945,4.545000076293945,4.544400215148926,4.545000076293945,4.545000076293945,10928.0,4.545000076293945,4.545000076293945,4.544400215148926,4.545000076293945
2025-12-05T19:02:00Z,4.541800022125244,4.545000076293945,4.541800022125244,4.545000076293945,4.545000076293945,4011.0,4.541800022125244,4.545000076293945,4.541800022125244,4.545000076293945
2025-12-05T19:03:00Z,4.545000076293945,4.550000190734863,4.545000076293945,4.550000190734863,4.550000190734863,9525.0,4.545000076293945,4.550000190734863,4.545000076293945,4.550000190734863
2025-12-05T19:04:00Z,4.545000076293945,4.545000076293945,4.534999847412109,4.534999847412109,4.534999847412109,24677.0,4.545000076293945,4.545000076293945,4.534999847412109,4.534999847412109
2025-12-05T19:05:00Z,4.534999847412109,4.539700031280518,4.534999847412109,4.539700031280518,4.539700031280518,5483.0,4.534999847412109,4.539700031280518,4.534999847412109,4.539700031280518
2025-12-05T19:06:00Z,4.539999961853027,4.545000076293945,4.534999847412109,4.534999847412109,4.534999847412109,31390.0,4.539999961853027,4.545000076293945,4.534999847412109,4.534999847412109
2025-12-05T19:07:00Z,4.534999847412109,4.539999961853027,4.5345001220703125,4.539999961853027,4.539999961853027,68457.0,4.534999847412109,4.539999961853027,4.5345001220703125,4.539999961853027
2025-12-05T19:08:00Z,4.536399841308594,4.536399841308594,4.53000020980835,4.535600185394287,4.535600185394287,1883.0,4.536399841308594,4.536399841308594,4.53000020980835,4.535600185394287
2025-12-05T19:09:00Z,4.534999847412109,4.545000076293945,4.53000020980835,4.541800022125244,4.541800022125244,26696.0,4.534999847412109,4.545000076293945,4.53000020980835,4.541800022125244
2025-12-05T19:10:00Z,4.539999961853027,4.545000076293945,4.539999961853027,4.545000076293945,4.545000076293945,18093.0,4.539999961853027,4.545000076293945,4.539999961853027,4.545000076293945
2025-12-05T19:11:00Z,4.550000190734863,4.550000190734863,4.545000076293945,4.545000076293945,4.545000076293945,4321.0,4.550000190734863,4.550000190734863,4.545000076293945,4.545000076293945
2025-12-05T19:12:00Z,4.550000190734863,4.550000190734863,4.545000076293945,4.550000190734863,4.550000190734863,5792.0,4.550000190734863,4.550000190734863,4.545000076293945,4.550000190734863
2025-12-05T19:13:00Z,4.539999961853027,4.545000076293945,4.539999961853027,4.545000076293945,4.545000076293945,1761.0,4.539999961853027,4.545000076293945,4.539999961853027,4.545000076293945
2025-12-05T19:14:00Z,4.545000076293945,4.545000076293945,4.539999961853027,4.539999961853027,4.539999961853027,1709.0,4.545000076293945,4.545000076293945,4.539999961853027,4.539999961853027
2025-12-05T19:15:00Z,4.544600009918213,4.545000076293945,4.544600009918213,4.545000076293945,4.545000076293945,9448.0,4.544600009918213,4.545000076293945,4.544600009918213,4.545000076293945
2025-12-05T19:16:00Z,4.545000076293945,4.545000076293945,4.54010009765625,4.545000076293945,4.545000076293945,9685.0,4.545000076293945,4.545000076293945,4.54010009765625,4.545000076293945
2025-12-05T19:17:00Z,4.545000076293945,4.550000190734863,4.539999961853027,4.539999961853027,4.539999961853027,7627.0,4.545000076293945,4.550000190734863,4.539999961853027,4.539999961853027
2025-12-05T19:18:00Z,4.545000076293945,4.550000190734863,4.542900085449219,4.545000076293945,4.545000076293945,10181.0,4.545000076293945,4.550000190734863,4.542900085449219,4.545000076293945
2025-12-05T19:19:00Z,4.545000076293945,4.545199871063232,4.545000076293945,4.545000076293945,4.545000076293945,3716.0,4.545000076293945,4.545199871063232,4.545000076293945,4.545000076293945
2025-12-05T19:20:00Z,4.545000076293945,4.545000076293945,4.539999961853027,4.545000076293945,4.545000076293945,4130.0,4.545000076293945,4.545000076293945,4.539999961853027,4.545000076293945
2025-12-05T19:21:00Z,4.545000076293945,4.545000076293945,4.544300079345703,4.545000076293945,4.545000076293945,4303.0,4.545000076293945,4.545000076293945,4.544300079345703,4.545000076293945
2025-12-05T19:22:00Z,4.539999961853027,4.545000076293945,4.539999961853027,4.545000076293945,4.545000076293945,4230.0,4.539999961853027,4.545000076293945,4.539999961853027,4.545000076293945
2025-12-05T19:23:00Z,4.545000076293945,4.545000076293945,4.545000076293945,4.545000076293945,4.545000076293945,5552.0,4.545000076293945,4.545000076293945,4.545000076293945,4.545000076293945
2025-12-05T19:24:00Z,4.550000190734863,4.550000190734863,4.545000076293945,4.545000076293945,4.545000076293945,2868.0,4.550000190734863,4.550000190734863,4.545000076293945,4.545000076293945
2025-12-05T19:25:00Z,4.545000076293945,4.545300006866455,4.545000076293945,4.545300006866455,4.545300006866455,12844.0,4.545000076293945,4.545300006866455,4.545000076293945,4.545300006866455
2025-12-05T19:26:00Z,4.545000076293945,4.548999786376953,4.539999961853027,4.545000076293945,4.545000076293945,2777.0,4.545000076293945,4.548999786376953,4.539999961853027,4.545000076293945
2025-12-05T19:27:00Z,4.544600009918213,4.550000190734863,4.544600009918213,4.550000190734863,4.550000190734863,2388.0,4.544600009918213,4.550000190734863,4.544600009918213,4.550000190734863
2025-12-05T19:28:00Z,4.544899940490723,4.550000190734863,4.544899940490723,4.549900054931641,4.549900054931641,3910.0,4.544899940490723,4.550000190734863,4.544899940490723,4.549900054931641
2025-12-05T19:29:00Z,4.545000076293945,4.545000076293945,4.545000076293945,4.545000076293945,4.545000076293945,6215.0,4.545000076293945,4.545000076293945,4.545000076293945,4.545000076293945
2025-12-05T19:30:00Z,4.550000190734863,4.550000190734863,4.545000076293945,4.550000190734863,4.550000190734863,4122.0,4.550000190734863,4.550000190734863,4.545000076293945,4.550000190734863
2025-12-05T19:31:00Z,4.550000190734863,4.550000190734863,4.545000076293945,4.545000076293945,4.545000076293945,2215.0,4.550000190734863,4.550000190734863,4.545000076293945,4.545000076293945
2025-12-05T19:32:00Z,4.545000076293945,4.550000190734863,4.539999961853027,4.545000076293945,4.545000076293945,5367.0,4.545000076293945,4.550000190734863,4.539999961853027,4.545000076293945
2025-12-05T19:33:00Z,4.550000190734863,4.550000190734863,4.545000076293945,4.545000076293945,4.545000076293945,2841.0,4.550000190734863,4.550000190734863,4.545000076293945,4.545000076293945
2025-12-05T19:34:00Z,4.550000190734863,4.550000190734863,4.548600196838379,4.550000190734863,4.550000190734863,3071.0,4.550000190734863,4.550000190734863,4.548600196838379,4.550000190734863
2025-12-05T19:35:00Z,4.550000190734863,4.550000190734863,4.550000190734863,4.550000190734863,4.550000190734863,16057.0,4.550000190734863,4.550000190734863,4.550000190734863,4.550000190734863
2025-12-05T19:36:00Z,4.550000190734863,4.550000190734863,4.547399997711182,4.547399997711182,4.547399997711182,2853.0,4.550000190734863,4.550000190734863,4.547399997711182,4.547399997711182
2025-12-05T19:37:00Z,4.545000076293945,4.550000190734863,4.545000076293945,4.550000190734863,4.550000190734863,8739.0,4.545000076293945,4.550000190734863,4.545000076293945,4.550000190734863
2025-12-05T19:38:00Z,4.550000190734863,4.550000190734863,4.545199871063232,4.550000190734863,4.550000190734863,12688.0,4.550000190734863,4.550000190734863,4.545199871063232,4.550000190734863
2025-12-05T19:39:00Z,4.550000190734863,4.550000190734863,4.545000076293945,4.550000190734863,4.550000190734863,2475.0,4.550000190734863,4.550000190734863,4.545000076293945,4.550000190734863
2025-12-05T19:40:00Z,4.550000190734863,4.554999828338623,4.550000190734863,4.554999828338623,4.554999828338623,200247.0,4.550000190734863,4.554999828338623,4.550000190734863,4.554999828338623
2025-12-05T19:41:00Z,4.554999828338623,4.559999942779541,4.554299831390381,4.554999828338623,4.554999828338623,4345.0,4.554999828338623,4.559999942779541,4.554299831390381,4.554999828338623
2025-12-05T19:42:00Z,4.554999828338623,4.555099964141846,4.545000076293945,4.550000190734863,4.550000190734863,27618.0,4.554999828338623,4.555099964141846,4.545000076293945,4.550000190734863
2025-12-05T19:43:00Z,4.545000076293945,4.549900054931641,4.534999847412109,4.534999847412109,4.534999847412109,6691.0,4.545000076293945,4.549900054931641,4.534999847412109,4.534999847412109
2025-12-05T19:44:00Z,4.539999961853027,4.539999961853027,4.53000020980835,4.539700031280518,4.539700031280518,8066.0,4.539999961853027,4.539999961853027,4.53000020980835,4.539700031280518
2025-12-05T19:45:00Z,4.534999847412109,4.539999961853027,4.534999847412109,4.539999961853027,4.539999961853027,2102.0,4.534999847412109,4.539999961853027,4.534999847412109,4.539999961853027
2025-12-05T19:46:00Z,4.534999847412109,4.539999961853027,4.534999847412109,4.539999961853027,4.539999961853027,13705.0,4.534999847412109,4.539999961853027,4.534999847412109,4.539999961853027
2025-12-05T19:47:00Z,4.534999847412109,4.539999961853027,4.530099868774414,4.539999961853027,4.539999961853027,3928.0,4.534999847412109,4.539999961853027,4.530099868774414,4.539999961853027
2025-12-05T19:48:00Z,4.539299964904785,4.539999961853027,4.533199787139893,4.533199787139893,4.533199787139893,1147.0,4.539299964904785,4.539999961853027,4.533199787139893,4.533199787139893
2025-12-05T19:49:00Z,4.536600112915039,4.539999961853027,4.536600112915039,4.539999961853027,4.539999961853027,2724.0,4.536600112915039,4.539999961853027,4.536600112915039,4.539999961853027
2025-12-05T19:50:00Z,4.539999961853027,4.545000076293945,4.539999961853027,4.545000076293945,4.545000076293945,8268.0,4.539999961853027,4.545000076293945,4.539999961853027,4.545000076293945
2025-12-05T19:51:00Z,4.544000148773193,4.545000076293945,4.539999961853027,4.545000076293945,4.545000076293945,38976.0,4.544000148773193,4.545000076293945,4.539999961853027,4.545000076293945
2025-12-05T19:52:00Z,4.548500061035156,4.548500061035156,4.5441999435424805,4.5441999435424805,4.5441999435424805,2893.0,4.548500061035156,4.548500061035156,4.5441999435424805,4.5441999435424805
2025-12-05T19:53:00Z,4.545000076293945,4.545499801635742,4.539999961853027,4.544400215148926,4.544400215148926,8917.0,4.545000076293945,4.545499801635742,4.539999961853027,4.544400215148926
2025-12-05T19:54:00Z,4.545000076293945,4.545000076293945,4.541500091552734,4.545000076293945,4.545000076293945,8518.0,4.545000076293945,4.545000076293945,4.541500091552734,4.545000076293945
2025-12-05T19:55:00Z,4.545000076293945,4.549900054931641,4.545000076293945,4.549900054931641,4.549900054931641,3420.0,4.545000076293945,4.549900054931641,4.545000076293945,4.549900054931641
2025-12-05T19:56:00Z,4.545000076293945,4.550000190734863,4.545000076293945,4.545000076293945,4.545000076293945,2398.0,4.545000076293945,4.550000190734863,4.545000076293945,4.545000076293945
2025-12-05T19:57:00Z,4.550000190734863,4.559999942779541,4.550000190734863,4.554999828338623,4.554999828338623,18621.0,4.550000190734863,4.559999942779541,4.550000190734863,4.554999828338623
2025-12-05T19:58:00Z,4.554999828338623,4.554999828338623,4.550000190734863,4.554999828338623,4.554999828338623,19137.0,4.554999828338623,4.554999828338623,4.550000190734863,4.554999828338623
2025-12-05T19:59:00Z,4.550000190734863,4.550000190734863,4.545000076293945,4.545000076293945,4.545000076293945,10583.0,4.550000190734863,4.550000190734863,4.545000076293945,4.545000076293945
2025-12-05T20:00:00Z,4.545000076293945,4.550000190734863,4.545000076293945,4.546599864959717,4.546599864959717,4304.0,4.545000076293945,4.550000190734863,4.545000076293945,4.546599864959717
2025-12-05T20:01:00Z,4.542600154876709,4.554999828338623,4.542600154876709,4.543499946594238,4.543499946594238,36631.0,4.542600154876709,4.554999828338623,4.542600154876709,4.543499946594238
2025-12-05T20:02:00Z,4.550000190734863,4.550000190734863,4.541999816894531,4.541999816894531,4.541999816894531,2514.0,4.550000190734863,4.550000190734863,4.541999816894531,4.541999816894531
2025-12-05T20:03:00Z,4.545000076293945,4.550000190734863,4.545000076293945,4.545000076293945,4.545000076293945,2808.0,4.545000076293945,4.550000190734863,4.545000076293945,4.545000076293945
2025-12-05T20:04:00Z,4.550000190734863,4.550000190734863,4.545000076293945,4.549900054931641,4.549900054931641,6975.0,4.550000190734863,4.550000190734863,4.545000076293945,4.549900054931641
2025-12-05T20:05:00Z,4.550000190734863,4.550000190734863,4.544400215148926,4.550000190734863,4.550000190734863,5453.0,4.550000190734863,4.550000190734863,4.544400215148926,4.550000190734863
2025-12-05T20:06:00Z,4.550000190734863,4.559999942779541,4.550000190734863,4.554999828338623,4.554999828338623,149665.0,4.550000190734863,4.559999942779541,4.550000190734863,4.554999828338623
2025-12-05T20:07:00Z,4.559899806976318,4.570000171661377,4.554999828338623,4.565000057220459,4.565000057220459,30727.0,4.559899806976318,4.570000171661377,4.554999828338623,4.565000057220459
2025-12-05T20:08:00Z,4.565000057220459,4.570000171661377,4.564499855041504,4.565000057220459,4.565000057220459,37023.0,4.565000057220459,4.570000171661377,4.564499855041504,4.565000057220459
2025-12-05T20:09:00Z,4.570000171661377,4.570000171661377,4.565000057220459,4.570000171661377,4.570000171661377,4857.0,4.570000171661377,4.570000171661377,4.565000057220459,4.570000171661377
2025-12-05T20:10:00Z,4.570000171661377,4.570000171661377,4.565000057220459,4.570000171661377,4.570000171661377,8991.0,4.570000171661377,4.570000171661377,4.565000057220459,4.570000171661377
2025-12-05T20:11:00Z,4.565000057220459,4.569799900054932,4.565000057220459,4.565000057220459,4.565000057220459,6386.0,4.565000057220459,4.569799900054932,4.565000057220459,4.565000057220459
2025-12-05T20:12:00Z,4.565000057220459,4.565000057220459,4.565000057220459,4.565000057220459,4.565000057220459,6865.0,4.565000057220459,4.565000057220459,4.565000057220459,4.565000057220459
2025-12-05T20:13:00Z,4.565000057220459,4.565000057220459,4.565000057220459,4.565000057220459,4.565000057220459,4700.0,4.565000057220459,4.565000057220459,4.565000057220459,4.565000057220459
2025-12-05T20:14:00Z,4.565000057220459,4.570000171661377,4.56220006942749,4.565000057220459,4.565000057220459,28885.0,4.565000057220459,4.570000171661377,4.56220006942749,4.565000057220459
2025-12-05T20:15:00Z,4.565000057220459,4.570000171661377,4.560100078582764,4.565000057220459,4.565000057220459,20352.0,4.565000057220459,4.570000171661377,4.560100078582764,4.565000057220459
2025-12-05T20:16:00Z,4.565000057220459,4.570000171661377,4.565000057220459,4.565000057220459,4.565000057220459,7101.0,4.565000057220459,4.570000171661377,4.565000057220459,4.565000057220459
2025-12-05T20:17:00Z,4.570000171661377,4.570000171661377,4.559999942779541,4.570000171661377,4.570000171661377,12376.0,4.570000171661377,4.570000171661377,4.559999942779541,4.570000171661377
2025-12-05T20:18:00Z,4.565000057220459,4.570000171661377,4.565000057220459,4.570000171661377,4.570000171661377,20079.0,4.565000057220459,4.570000171661377,4.565000057220459,4.570000171661377
2025-12-05T20:19:00Z,4.565000057220459,4.570000171661377,4.565000057220459,4.565000057220459,4.565000057220459,46467.0,4.565000057220459,4.570000171661377,4.565000057220459,4.565000057220459
2025-12-05T20:20:00Z,4.565000057220459,4.570000171661377,4.564300060272217,4.570000171661377,4.570000171661377,8734.0,4.565000057220459,4.570000171661377,4.564300060272217,4.570000171661377
2025-12-05T20:21:00Z,4.567800045013428,4.570000171661377,4.565000057220459,4.565000057220459,4.565000057220459,38818.0,4.567800045013428,4.570000171661377,4.565000057220459,4.565000057220459
2025-12-05T20:22:00Z,4.570000171661377,4.570000171661377,4.565000057220459,4.565000057220459,4.565000057220459,12628.0,4.570000171661377,4.570000171661377,4.565000057220459,4.565000057220459
2025-12-05T20:23:00Z,4.565000057220459,4.570000171661377,4.565000057220459,4.565000057220459,4.565000057220459,9647.0,4.565000057220459,4.570000171661377,4.565000057220459,4.565000057220459
2025-12-05T20:24:00Z,4.570000171661377,4.570000171661377,4.565000057220459,4.570000171661377,4.570000171661377,7474.0,4.570000171661377,4.570000171661377,4.565000057220459,4.570000171661377
2025-12-05T20:25:00Z,4.5680999755859375,4.570000171661377,4.560100078582764,4.565000057220459,4.565000057220459,7444.0,4.5680999755859375,4.570000171661377,4.560100078582764,4.565000057220459
2025-12-05T20:26:00Z,4.565000057220459,4.565000057220459,4.559999942779541,4.565000057220459,4.565000057220459,17821.0,4.565000057220459,4.565000057220459,4.559999942779541,4.565000057220459
2025-12-05T20:27:00Z,4.565000057220459,4.565000057220459,4.554999828338623,4.554999828338623,4.554999828338623,58718.0,4.565000057220459,4.565000057220459,4.554999828338623,4.554999828338623
2025-12-05T20:28:00Z,4.55649995803833,4.559999942779541,4.554999828338623,4.554999828338623,4.554999828338623,21566.0,4.55649995803833,4.559999942779541,4.554999828338623,4.554999828338623
2025-12-05T20:29:00Z,4.554999828338623,4.559999942779541,4.551799774169922,4.554999828338623,4.554999828338623,8113.0,4.554999828338623,4.559999942779541,4.551799774169922,4.554999828338623
2025-12-05T20:30:00Z,4.554999828338623,4.554999828338623,4.539999961853027,4.545000076293945,4.545000076293945,75978.0,4.554999828338623,4.554999828338623,4.539999961853027,4.545000076293945
2025-12-05T20:31:00Z,4.539999961853027,4.539999961853027,4.525000095367432,4.53000020980835,4.53000020980835,20253.0,4.539999961853027,4.539999961853027,4.525000095367432,4.53000020980835
2025-12-05T20:32:00Z,4.53000020980835,4.53000020980835,4.524899959564209,4.525000095367432,4.525000095367432,11645.0,4.53000020980835,4.53000020980835,4.524899959564209,4.525000095367432
2025-12-05T20:33:00Z,4.525000095367432,4.534999847412109,4.525000095367432,4.534999847412109,4.534999847412109,19826.0,4.525000095367432,4.534999847412109,4.525000095367432,4.534999847412109
2025-12-05T20:34:00Z,4.534999847412109,4.534999847412109,4.53000020980835,4.534999847412109,4.534999847412109,11154.0,4.534999847412109,4.534999847412109,4.53000020980835,4.534999847412109
2025-12-05T20:35:00Z,4.534999847412109,4.53849983215332,4.53000020980835,4.534999847412109,4.534999847412109,15843.0,4.534999847412109,4.53849983215332,4.53000020980835,4.534999847412109
2025-12-05T20:36:00Z,4.534999847412109,4.534999847412109,4.53000020980835,4.534999847412109,4.534999847412109,11537.0,4.534999847412109,4.534999847412109,4.53000020980835,4.534999847412109
2025-12-05T20:37:00Z,4.534999847412109,4.539999961853027,4.53000020980835,4.534999847412109,4.534999847412109,17954.0,4.534999847412109,4.539999961853027,4.53000020980835,4.534999847412109
2025-12-05T20:38:00Z,4.534999847412109,4.539999961853027,4.53000020980835,4.534999847412109,4.534999847412109,7463.0,4.534999847412109,4.539999961853027,4.53000020980835,4.534999847412109
2025-12-05T20:39:00Z,4.534999847412109,4.534999847412109,4.53000020980835,4.534999847412109,4.534999847412109,8950.0,4.534999847412109,4.534999847412109,4.53000020980835,4.534999847412109
2025-12-05T20:40:00Z,4.534999847412109,4.537199974060059,4.525000095367432,4.53000020980835,4.53000020980835,30994.0,4.534999847412109,4.537199974060059,4.525000095367432,4.53000020980835
2025-12-05T20:41:00Z,4.520100116729736,4.53000020980835,4.520100116729736,4.525000095367432,4.525000095367432,5442.0,4.520100116729736,4.53000020980835,4.520100116729736,4.525000095367432
2025-12-05T20:42:00Z,4.525000095367432,4.525000095367432,4.510000228881836,4.514999866485596,4.514999866485596,42541.0,4.525000095367432,4.525000095367432,4.510000228881836,4.514999866485596
2025-12-05T20:43:00Z,4.519999980926514,4.529900074005127,4.514999866485596,4.529900074005127,4.529900074005127,2378012.0,4.519999980926514,4.529900074005127,4.514999866485596,4.529900074005127
2025-12-05T20:45:00Z,4.525000095367432,4.528200149536133,4.519999980926514,4.528200149536133,4.528200149536133,27324.0,4.525000095367432,4.528200149536133,4.519999980926514,4.528200149536133
2025-12-05T20:46:00Z,4.525000095367432,4.528200149536133,4.514999866485596,4.514999866485596,4.514999866485596,40518.0,4.525000095367432,4.528200149536133,4.514999866485596,4.514999866485596
2025-12-05T20:47:00Z,4.510000228881836,4.514999866485596,4.510000228881836,4.514999866485596,4.514999866485596,4525.0,4.510000228881836,4.514999866485596,4.510000228881836,4.514999866485596
2025-12-05T20:48:00Z,4.510000228881836,4.519999980926514,4.510000228881836,4.514999866485596,4.514999866485596,30512.0,4.510000228881836,4.519999980926514,4.510000228881836,4.514999866485596
2025-12-05T20:49:00Z,4.514400005340576,4.519999980926514,4.5100998878479,4.519999980926514,4.519999980926514,16490.0,4.514400005340576,4.519999980926514,4.5100998878479,4.519999980926514
2025-12-05T20:50:00Z,4.519999980926514,4.519999980926514,4.510000228881836,4.514999866485596,4.514999866485596,42644.0,4.519999980926514,4.519999980926514,4.510000228881836,4.514999866485596
2025-12-05T20:51:00Z,4.514999866485596,4.515699863433838,4.510000228881836,4.510000228881836,4.510000228881836,15941.0,4.514999866485596,4.515699863433838,4.510000228881836,4.510000228881836
2025-12-05T20:52:00Z,4.514999866485596,4.514999866485596,4.510000228881836,4.514999866485596,4.514999866485596,40481.0,4.514999866485596,4.514999866485596,4.510000228881836,4.514999866485596
2025-12-05T20:53:00Z,4.514999866485596,4.514999866485596,4.500100135803223,4.505000114440918,4.505000114440918,133029.0,4.514999866485596,4.514999866485596,4.500100135803223,4.505000114440918
2025-12-05T20:54:00Z,4.505000114440918,4.505799770355225,4.5,4.5,4.5,27053.0,4.505000114440918,4.505799770355225,4.5,4.5
2025-12-05T20:55:00Z,4.5,4.5,4.480000019073486,4.485000133514404,4.485000133514404,227573.0,4.5,4.5,4.480000019073486,4.485000133514404
2025-12-05T20:56:00Z,4.485000133514404,4.489999771118164,4.480000019073486,4.489999771118164,4.489999771118164,51575.0,4.485000133514404,4.489999771118164,4.480000019073486,4.489999771118164
2025-12-05T20:57:00Z,4.485000133514404,4.485000133514404,4.460000038146973,4.4629998207092285,4.4629998207092285,155449.0,4.485000133514404,4.485000133514404,4.460000038146973,4.4629998207092285
2025-12-05T20:58:00Z,4.465000152587891,4.46999979019165,4.460000038146973,4.465000152587891,4.465000152587891,2819446.0,4.465000152587891,4.46999979019165,4.460000038146973,4.465000152587891
2025-12-08T14:33:00Z,4.53000020980835,4.53000020980835,4.514500141143799,4.514500141143799,4.514500141143799,16411.0,4.53000020980835,4.53000020980835,4.514500141143799,4.514500141143799
2025-12-08T14:34:00Z,4.510000228881836,4.510000228881836,4.489999771118164,4.5,4.5,53496.0,4.510000228881836,4.510000228881836,4.489999771118164,4.5
2025-12-08T14:35:00Z,4.5,4.5,4.485000133514404,4.485000133514404,4.485000133514404,24732.0,4.5,4.5,4.485000133514404,4.485000133514404
2025-12-08T14:36:00Z,4.4899001121521,4.4899001121521,4.46999979019165,4.474999904632568,4.474999904632568,171813.0,4.4899001121521,4.4899001121521,4.46999979019165,4.474999904632568
2025-12-08T14:37:00Z,4.480000019073486,4.480000019073486,4.460000038146973,4.46999979019165,4.46999979019165,154939.0,4.480000019073486,4.480000019073486,4.460000038146973,4.46999979019165
2025-12-08T14:38:00Z,4.479899883270264,4.510000228881836,4.474999904632568,4.510000228881836,4.510000228881836,26810.0,4.479899883270264,4.510000228881836,4.474999904632568,4.510000228881836
2025-12-08T14:39:00Z,4.510000228881836,4.510000228881836,4.489999771118164,4.5,4.5,19309.0,4.510000228881836,4.510000228881836,4.489999771118164,4.5
2025-12-08T14:40:00Z,4.5,4.505000114440918,4.491799831390381,4.494999885559082,4.494999885559082,27723.0,4.5,4.505000114440918,4.491799831390381,4.494999885559082
2025-12-08T14:41:00Z,4.5,4.51140022277832,4.490099906921387,4.510000228881836,4.510000228881836,20834.0,4.5,4.51140022277832,4.490099906921387,4.510000228881836
2025-12-08T14:42:00Z,4.505000114440918,4.510000228881836,4.505000114440918,4.505000114440918,4.505000114440918,20017.0,4.505000114440918,4.510000228881836,4.505000114440918,4.505000114440918
2025-12-08T14:43:00Z,4.50029993057251,4.510000228881836,4.490099906921387,4.5,4.5,18732.0,4.50029993057251,4.510000228881836,4.490099906921387,4.5
2025-12-08T14:44:00Z,4.5,4.5,4.485000133514404,4.494999885559082,4.494999885559082,25644.0,4.5,4.5,4.485000133514404,4.494999885559082
2025-12-08T14:45:00Z,4.498799800872803,4.5,4.480999946594238,4.5,4.5,28747.0,4.498799800872803,4.5,4.480999946594238,4.5
2025-12-08T14:46:00Z,4.5,4.5,4.494999885559082,4.494999885559082,4.494999885559082,12899.0,4.5,4.5,4.494999885559082,4.494999885559082
2025-12-08T14:47:00Z,4.494999885559082,4.499899864196777,4.485000133514404,4.485000133514404,4.485000133514404,10545.0,4.494999885559082,4.499899864196777,4.485000133514404,4.485000133514404
2025-12-08T14:48:00Z,4.485000133514404,4.489999771118164,4.480000019073486,4.485000133514404,4.485000133514404,14043.0,4.485000133514404,4.489999771118164,4.480000019073486,4.485000133514404
2025-12-08T14:49:00Z,4.485000133514404,4.489999771118164,4.480000019073486,4.485000133514404,4.485000133514404,18441.0,4.485000133514404,4.489999771118164,4.480000019073486,4.485000133514404
2025-12-08T14:50:00Z,4.485000133514404,4.494999885559082,4.470099925994873,4.489999771118164,4.489999771118164,41885.0,4.485000133514404,4.494999885559082,4.470099925994873,4.489999771118164
2025-12-08T14:51:00Z,4.494999885559082,4.5,4.494999885559082,4.5,4.5,15532.0,4.494999885559082,4.5,4.494999885559082,4.5
2025-12-08T14:52:00Z,4.490099906921387,4.499800205230713,4.489999771118164,4.499800205230713,4.499800205230713,8730.0,4.490099906921387,4.499800205230713,4.489999771118164,4.499800205230713
2025-12-08T14:53:00Z,4.5,4.5,4.480100154876709,4.489999771118164,4.489999771118164,24330.0,4.5,4.5,4.480100154876709,4.489999771118164
2025-12-08T14:54:00Z,4.485000133514404,4.5100998878479,4.481500148773193,4.5100998878479,4.5100998878479,21385.0,4.485000133514404,4.5100998878479,4.481500148773193,4.5100998878479
2025-12-08T14:55:00Z,4.510000228881836,4.510000228881836,4.5,4.504300117492676,4.504300117492676,13420.0,4.510000228881836,4.510000228881836,4.5,4.504300117492676
2025-12-08T14:56:00Z,4.505499839782715,4.519999980926514,4.500100135803223,4.514999866485596,4.514999866485596,20541.0,4.505499839782715,4.519999980926514,4.500100135803223,4.514999866485596
2025-12-08T14:57:00Z,4.514999866485596,4.519999980926514,4.5100998878479,4.514999866485596,4.514999866485596,13342.0,4.514999866485596,4.519999980926514,4.5100998878479,4.514999866485596
2025-12-08T14:58:00Z,4.514999866485596,4.514999866485596,4.505000114440918,4.509900093078613,4.509900093078613,11869.0,4.514999866485596,4.514999866485596,4.505000114440918,4.509900093078613
2025-12-08T14:59:00Z,4.509900093078613,4.510000228881836,4.5,4.505000114440918,4.505000114440918,5152.0,4.509900093078613,4.510000228881836,4.5,4.505000114440918
2025-12-08T15:00:00Z,4.505000114440918,4.510000228881836,4.5046000480651855,4.505000114440918,4.505000114440918,9183.0,4.505000114440918,4.510000228881836,4.5046000480651855,4.505000114440918
2025-12-08T15:01:00Z,4.505000114440918,4.510000228881836,4.505000114440918,4.505000114440918,4.505000114440918,6206.0,4.505000114440918,4.510000228881836,4.505000114440918,4.505000114440918
2025-12-08T15:02:00Z,4.505000114440918,4.510000228881836,4.5,4.5,4.5,10535.0,4.505000114440918,4.510000228881836,4.5,4.5
2025-12-08T15:03:00Z,4.505000114440918,4.510000228881836,4.5,4.505000114440918,4.505000114440918,12135.0,4.505000114440918,4.510000228881836,4.5,4.505000114440918
2025-12-08T15:04:00Z,4.505000114440918,4.510000228881836,4.5,4.510000228881836,4.510000228881836,44704.0,4.505000114440918,4.510000228881836,4.5,4.510000228881836
2025-12-08T15:05:00Z,4.505000114440918,4.507500171661377,4.491399765014648,4.491399765014648,4.491399765014648,19600.0,4.505000114440918,4.507500171661377,4.491399765014648,4.491399765014648
2025-12-08T15:06:00Z,4.494999885559082,4.505000114440918,4.489999771118164,4.505000114440918,4.505000114440918,44774.0,4.494999885559082,4.505000114440918,4.489999771118164,4.505000114440918
2025-12-08T15:07:00Z,4.505000114440918,4.505000114440918,4.494999885559082,4.494999885559082,4.494999885559082,7205.0,4.505000114440918,4.505000114440918,4.494999885559082,4.494999885559082
2025-12-08T15:08:00Z,4.499899864196777,4.499899864196777,4.489999771118164,4.492300033569336,4.492300033569336,838.0,4.499899864196777,4.499899864196777,4.489999771118164,4.492300033569336
2025-12-08T15:09:00Z,4.489999771118164,4.489999771118164,4.465000152587891,4.474999904632568,4.474999904632568,53884.0,4.489999771118164,4.489999771118164,4.465000152587891,4.474999904632568
2025-12-08T15:10:00Z,4.474999904632568,4.489999771118164,4.474999904632568,4.4882001876831055,4.4882001876831055,19737.0,4.474999904632568,4.489999771118164,4.474999904632568,4.4882001876831055
2025-12-08T15:11:00Z,4.485000133514404,4.485000133514404,4.465000152587891,4.480000019073486,4.480000019073486,31197.0,4.485000133514404,4.485000133514404,4.465000152587891,4.480000019073486
2025-12-08T15:12:00Z,4.475200176239014,4.479899883270264,4.470799922943115,4.474999904632568,4.474999904632568,14374.0,4.475200176239014,4.479899883270264,4.470799922943115,4.474999904632568
2025-12-08T15:13:00Z,4.474999904632568,4.480000019073486,4.46999979019165,4.474999904632568,4.474999904632568,6774.0,4.474999904632568,4.480000019073486,4.46999979019165,4.474999904632568
2025-12-08T15:14:00Z,4.46999979019165,4.480000019073486,4.46999979019165,4.474999904632568,4.474999904632568,29103.0,4.46999979019165,4.480000019073486,4.46999979019165,4.474999904632568
2025-12-08T15:15:00Z,4.474999904632568,4.474999904632568,4.470099925994873,4.470099925994873,4.470099925994873,1376.0,4.474999904632568,4.474999904632568,4.470099925994873,4.470099925994873
2025-12-08T15:16:00Z,4.480000019073486,4.480000019073486,4.474999904632568,4.474999904632568,4.474999904632568,7994.0,4.480000019073486,4.480000019073486,4.474999904632568,4.474999904632568
2025-12-08T15:17:00Z,4.474999904632568,4.489999771118164,4.474999904632568,4.485000133514404,4.485000133514404,3797.0,4.474999904632568,4.489999771118164,4.474999904632568,4.485000133514404
2025-12-08T15:18:00Z,4.480100154876709,4.489999771118164,4.480100154876709,4.489999771118164,4.489999771118164,5364.0,4.480100154876709,4.489999771118164,4.480100154876709,4.489999771118164
2025-12-08T15:19:00Z,4.485000133514404,4.489999771118164,4.480000019073486,4.485000133514404,4.485000133514404,10597.0,4.485000133514404,4.489999771118164,4.480000019073486,4.485000133514404
2025-12-08T15:20:00Z,4.485000133514404,4.489999771118164,4.485000133514404,4.485799789428711,4.485799789428711,9544.0,4.485000133514404,4.489999771118164,4.485000133514404,4.485799789428711
2025-12-08T15:21:00Z,4.485000133514404,4.499899864196777,4.485000133514404,4.489999771118164,4.489999771118164,11006.0,4.485000133514404,4.499899864196777,4.485000133514404,4.489999771118164
2025-12-08T15:22:00Z,4.494999885559082,4.5,4.489999771118164,4.5,4.5,3675.0,4.494999885559082,4.5,4.489999771118164,4.5
2025-12-08T15:23:00Z,4.49560022354126,4.49560022354126,4.489999771118164,4.495200157165527,4.495200157165527,19227.0,4.49560022354126,4.49560022354126,4.489999771118164,4.495200157165527
2025-12-08T15:24:00Z,4.489999771118164,4.499899864196777,4.489999771118164,4.489999771118164,4.489999771118164,3609.0,4.489999771118164,4.499899864196777,4.489999771118164,4.489999771118164
2025-12-08T15:25:00Z,4.489999771118164,4.495699882507324,4.485000133514404,4.495699882507324,4.495699882507324,12221.0,4.489999771118164,4.495699882507324,4.485000133514404,4.495699882507324
2025-12-08T15:26:00Z,4.494999885559082,4.494999885559082,4.465000152587891,4.465000152587891,4.465000152587891,51651.0,4.494999885559082,4.494999885559082,4.465000152587891,4.465000152587891
2025-12-08T15:27:00Z,4.469900131225586,4.479899883270264,4.465000152587891,4.474999904632568,4.474999904632568,10391.0,4.469900131225586,4.479899883270264,4.465000152587891,4.474999904632568
2025-12-08T15:28:00Z,4.473499774932861,4.489999771118164,4.473499774932861,4.48390007019043,4.48390007019043,13165.0,4.473499774932861,4.489999771118164,4.473499774932861,4.48390007019043
2025-12-08T15:29:00Z,4.485000133514404,4.485199928283691,4.484499931335449,4.485199928283691,4.485199928283691,12689.0,4.485000133514404,4.485199928283691,4.484499931335449,4.485199928283691
2025-12-08T15:30:00Z,4.480000019073486,4.489999771118164,4.480000019073486,4.489999771118164,4.489999771118164,929.0,4.480000019073486,4.489999771118164,4.480000019073486,4.489999771118164
2025-12-08T15:31:00Z,4.485000133514404,4.494999885559082,4.480599880218506,4.494999885559082,4.494999885559082,5135.0,4.485000133514404,4.494999885559082,4.480599880218506,4.494999885559082
2025-12-08T15:32:00Z,4.494999885559082,4.5,4.491499900817871,4.491499900817871,4.491499900817871,7560.0,4.494999885559082,4.5,4.491499900817871,4.491499900817871
2025-12-08T15:33:00Z,4.490499973297119,4.5,4.489999771118164,4.494999885559082,4.494999885559082,14356.0,4.490499973297119,4.5,4.489999771118164,4.494999885559082
2025-12-08T15:34:00Z,4.489999771118164,4.5,4.489999771118164,4.494999885559082,4.494999885559082,3644.0,4.489999771118164,4.5,4.489999771118164,4.494999885559082
2025-12-08T15:35:00Z,4.489999771118164,4.5,4.489999771118164,4.489999771118164,4.489999771118164,2793.0,4.489999771118164,4.5,4.489999771118164,4.489999771118164
2025-12-08T15:36:00Z,4.489999771118164,4.494999885559082,4.489999771118164,4.489999771118164,4.489999771118164,7388.0,4.489999771118164,4.494999885559082,4.489999771118164,4.489999771118164
2025-12-08T15:37:00Z,4.494999885559082,4.494999885559082,4.485000133514404,4.489999771118164,4.489999771118164,15545.0,4.494999885559082,4.494999885559082,4.485000133514404,4.489999771118164
2025-12-08T15:38:00Z,4.489999771118164,4.509500026702881,4.489999771118164,4.504700183868408,4.504700183868408,13347.0,4.489999771118164,4.509500026702881,4.489999771118164,4.504700183868408
2025-12-08T15:39:00Z,4.506800174713135,4.506800174713135,4.505000114440918,4.505000114440918,4.505000114440918,1259.0,4.506800174713135,4.506800174713135,4.505000114440918,4.505000114440918
2025-12-08T15:40:00Z,4.5,4.5,4.5,4.5,4.5,2151.0,4.5,4.5,4.5,4.5
2025-12-08T15:41:00Z,4.508200168609619,4.508200168609619,4.485000133514404,4.489999771118164,4.489999771118164,11797.0,4.508200168609619,4.508200168609619,4.485000133514404,4.489999771118164
2025-12-08T15:42:00Z,4.480000019073486,4.481800079345703,4.480000019073486,4.480000019073486,4.480000019073486,9931.0,4.480000019073486,4.481800079345703,4.480000019073486,4.480000019073486
2025-12-08T15:43:00Z,4.480000019073486,4.484799861907959,4.46999979019165,4.46999979019165,4.46999979019165,10303.0,4.480000019073486,4.484799861907959,4.46999979019165,4.46999979019165
2025-12-08T15:44:00Z,4.46999979019165,4.4720001220703125,4.465000152587891,4.465000152587891,4.465000152587891,22644.0,4.46999979019165,4.4720001220703125,4.465000152587891,4.465000152587891
2025-12-08T15:45:00Z,4.468999862670898,4.476500034332275,4.462500095367432,4.475800037384033,4.475800037384033,24102.0,4.468999862670898,4.476500034332275,4.462500095367432,4.475800037384033
2025-12-08T15:46:00Z,4.474999904632568,4.480000019073486,4.474999904632568,4.474999904632568,4.474999904632568,625380.0,4.474999904632568,4.480000019073486,4.474999904632568,4.474999904632568
2025-12-08T15:48:00Z,4.479300022125244,4.480000019073486,4.470099925994873,4.470099925994873,4.470099925994873,4036.0,4.479300022125244,4.480000019073486,4.470099925994873,4.470099925994873
2025-12-08T15:49:00Z,4.4720001220703125,4.478499889373779,4.46999979019165,4.471399784088135,4.471399784088135,9928.0,4.4720001220703125,4.478499889373779,4.46999979019165,4.471399784088135
2025-12-08T15:50:00Z,4.480000019073486,4.480000019073486,4.46999979019165,4.46999979019165,4.46999979019165,17626.0,4.480000019073486,4.480000019073486,4.46999979019165,4.46999979019165
2025-12-08T15:51:00Z,4.470099925994873,4.5,4.46999979019165,4.474800109863281,4.474800109863281,74597.0,4.470099925994873,4.5,4.46999979019165,4.474800109863281
2025-12-08T15:52:00Z,4.480000019073486,4.480000019073486,4.46999979019165,4.46999979019165,4.46999979019165,6597.0,4.480000019073486,4.480000019073486,4.46999979019165,4.46999979019165
2025-12-08T15:53:00Z,4.474999904632568,4.480000019073486,4.474999904632568,4.480000019073486,4.480000019073486,2000.0,4.474999904632568,4.480000019073486,4.474999904632568,4.480000019073486
2025-12-08T15:54:00Z,4.480000019073486,4.485000133514404,4.474299907684326,4.485000133514404,4.485000133514404,13366.0,4.480000019073486,4.485000133514404,4.474299907684326,4.485000133514404
2025-12-08T15:55:00Z,4.485000133514404,4.486700057983398,4.480000019073486,4.481800079345703,4.481800079345703,6924.0,4.485000133514404,4.486700057983398,4.480000019073486,4.481800079345703
2025-12-08T15:56:00Z,4.485000133514404,4.485000133514404,4.474100112915039,4.475500106811523,4.475500106811523,10762.0,4.485000133514404,4.485000133514404,4.474100112915039,4.475500106811523
2025-12-08T15:57:00Z,4.474999904632568,4.480000019073486,4.474999904632568,4.480000019073486,4.480000019073486,4515.0,4.474999904632568,4.480000019073486,4.474999904632568,4.480000019073486
2025-12-08T15:58:00Z,4.480000019073486,4.480000019073486,4.470099925994873,4.479899883270264,4.479899883270264,16813.0,4.480000019073486,4.480000019073486,4.470099925994873,4.479899883270264
2025-12-08T15:59:00Z,4.480000019073486,4.480000019073486,4.474999904632568,4.474999904632568,4.474999904632568,8002.0,4.480000019073486,4.480000019073486,4.474999904632568,4.474999904632568
2025-12-08T16:00:00Z,4.46999979019165,4.480000019073486,4.46999979019165,4.480000019073486,4.480000019073486,689703.0,4.46999979019165,4.480000019073486,4.46999979019165,4.480000019073486
2025-12-08T16:02:00Z,4.480000019073486,4.480000019073486,4.479899883270264,4.480000019073486,4.480000019073486,10795.0,4.480000019073486,4.480000019073486,4.479899883270264,4.480000019073486
2025-12-08T16:03:00Z,4.485000133514404,4.485000133514404,4.480000019073486,4.480000019073486,4.480000019073486,708204.0,4.485000133514404,4.485000133514404,4.480000019073486,4.480000019073486
2025-12-08T16:05:00Z,4.474999904632568,4.480000019073486,4.46999979019165,4.470300197601318,4.470300197601318,15326.0,4.474999904632568,4.480000019073486,4.46999979019165,4.470300197601318
2025-12-08T16:06:00Z,4.474999904632568,4.480000019073486,4.46999979019165,4.480000019073486,4.480000019073486,16754.0,4.474999904632568,4.480000019073486,4.46999979019165,4.480000019073486
2025-12-08T16:07:00Z,4.474999904632568,4.474999904632568,4.474999904632568,4.474999904632568,4.474999904632568,6511.0,4.474999904632568,4.474999904632568,4.474999904632568,4.474999904632568
2025-12-08T16:08:00Z,4.474999904632568,4.480000019073486,4.46999979019165,4.46999979019165,4.46999979019165,18422.0,4.474999904632568,4.480000019073486,4.46999979019165,4.46999979019165
2025-12-08T16:09:00Z,4.474999904632568,4.474999904632568,4.46999979019165,4.474999904632568,4.474999904632568,5492.0,4.474999904632568,4.474999904632568,4.46999979019165,4.474999904632568
2025-12-08T16:10:00Z,4.474999904632568,4.480000019073486,4.470099925994873,4.480000019073486,4.480000019073486,11839.0,4.474999904632568,4.480000019073486,4.470099925994873,4.480000019073486
2025-12-08T16:11:00Z,4.480000019073486,4.489999771118164,4.480000019073486,4.485000133514404,4.485000133514404,12508.0,4.480000019073486,4.489999771118164,4.480000019073486,4.485000133514404
2025-12-08T16:12:00Z,4.489999771118164,4.5,4.480100154876709,4.5,4.5,14706.0,4.489999771118164,4.5,4.480100154876709,4.5
2025-12-08T16:13:00Z,4.491600036621094,4.5,4.490200042724609,4.5,4.5,6534.0,4.491600036621094,4.5,4.490200042724609,4.5
2025-12-08T16:14:00Z,4.494999885559082,4.5,4.489999771118164,4.494999885559082,4.494999885559082,14194.0,4.494999885559082,4.5,4.489999771118164,4.494999885559082
2025-12-08T16:15:00Z,4.5,4.5,4.489999771118164,4.5,4.5,10436.0,4.5,4.5,4.489999771118164,4.5
2025-12-08T16:16:00Z,4.495500087738037,4.514999866485596,4.494999885559082,4.514999866485596,4.514999866485596,38404.0,4.495500087738037,4.514999866485596,4.494999885559082,4.514999866485596
2025-12-08T16:17:00Z,4.519999980926514,4.519999980926514,4.5100998878479,4.519999980926514,4.519999980926514,7863.0,4.519999980926514,4.519999980926514,4.5100998878479,4.519999980926514
2025-12-08T16:18:00Z,4.519899845123291,4.519999980926514,4.514699935913086,4.519999980926514,4.519999980926514,6098.0,4.519899845123291,4.519999980926514,4.514699935913086,4.519999980926514
2025-12-08T16:19:00Z,4.519999980926514,4.53000020980835,4.514999866485596,4.53000020980835,4.53000020980835,22489.0,4.519999980926514,4.53000020980835,4.514999866485596,4.53000020980835
2025-12-08T16:20:00Z,4.53000020980835,4.539999961853027,4.525000095367432,4.539999961853027,4.539999961853027,11841.0,4.53000020980835,4.539999961853027,4.525000095367432,4.539999961853027
2025-12-08T16:21:00Z,4.539899826049805,4.550000190734863,4.539899826049805,4.545000076293945,4.545000076293945,10252.0,4.539899826049805,4.550000190734863,4.539899826049805,4.545000076293945
2025-12-08T16:22:00Z,4.545000076293945,4.554999828338623,4.539999961853027,4.54449987411499,4.54449987411499,30268.0,4.545000076293945,4.554999828338623,4.539999961853027,4.54449987411499
2025-12-08T16:23:00Z,4.546199798583984,4.559999942779541,4.545000076293945,4.558700084686279,4.558700084686279,50977.0,4.546199798583984,4.559999942779541,4.545000076293945,4.558700084686279
2025-12-08T16:24:00Z,4.554999828338623,4.559999942779541,4.550000190734863,4.557600021362305,4.557600021362305,18505.0,4.554999828338623,4.559999942779541,4.550000190734863,4.557600021362305
2025-12-08T16:25:00Z,4.554999828338623,4.559999942779541,4.550000190734863,4.554999828338623,4.554999828338623,8568.0,4.554999828338623,4.559999942779541,4.550000190734863,4.554999828338623
2025-12-08T16:26:00Z,4.554999828338623,4.559999942779541,4.554999828338623,4.559999942779541,4.559999942779541,20493.0,4.554999828338623,4.559999942779541,4.554999828338623,4.559999942779541
2025-12-08T16:27:00Z,4.559999942779541,4.559999942779541,4.550099849700928,4.554999828338623,4.554999828338623,22900.0,4.559999942779541,4.559999942779541,4.550099849700928,4.554999828338623
2025-12-08T16:28:00Z,4.559999942779541,4.574999809265137,4.559700012207031,4.570000171661377,4.570000171661377,36788.0,4.559999942779541,4.574999809265137,4.559700012207031,4.570000171661377
2025-12-08T16:29:00Z,4.574999809265137,4.579999923706055,4.574999809265137,4.579999923706055,4.579999923706055,6263.0,4.574999809265137,4.579999923706055,4.574999809265137,4.579999923706055
2025-12-08T16:30:00Z,4.579999923706055,4.579999923706055,4.574999809265137,4.579999923706055,4.579999923706055,5869.0,4.579999923706055,4.579999923706055,4.574999809265137,4.579999923706055
2025-12-08T16:31:00Z,4.579999923706055,4.590000152587891,4.574999809265137,4.590000152587891,4.590000152587891,969650.0,4.579999923706055,4.590000152587891,4.574999809265137,4.590000152587891
2025-12-08T16:33:00Z,4.590000152587891,4.590000152587891,4.5843000411987305,4.590000152587891,4.590000152587891,14622.0,4.590000152587891,4.590000152587891,4.5843000411987305,4.590000152587891
2025-12-08T16:34:00Z,4.585000038146973,4.590000152587891,4.5817999839782715,4.584799766540527,4.584799766540527,15560.0,4.585000038146973,4.590000152587891,4.5817999839782715,4.584799766540527
2025-12-08T16:35:00Z,4.585000038146973,4.590000152587891,4.574999809265137,4.5858001708984375,4.5858001708984375,26214.0,4.585000038146973,4.590000152587891,4.574999809265137,4.5858001708984375
2025-12-08T16:36:00Z,4.585000038146973,4.589799880981445,4.580100059509277,4.589300155639648,4.589300155639648,14554.0,4.585000038146973,4.589799880981445,4.580100059509277,4.589300155639648
2025-12-08T16:37:00Z,4.585000038146973,4.599999904632568,4.585000038146973,4.59499979019165,4.59499979019165,19699.0,4.585000038146973,4.599999904632568,4.585000038146973,4.59499979019165
2025-12-08T16:38:00Z,4.598199844360352,4.599999904632568,4.59499979019165,4.599999904632568,4.599999904632568,9382.0,4.598199844360352,4.599999904632568,4.59499979019165,4.599999904632568
2025-12-08T16:39:00Z,4.599999904632568,4.599999904632568,4.590000152587891,4.599999904632568,4.599999904632568,2545.0,4.599999904632568,4.599999904632568,4.590000152587891,4.599999904632568
2025-12-08T16:40:00Z,4.596700191497803,4.599999904632568,4.590000152587891,4.590000152587891,4.590000152587891,36796.0,4.596700191497803,4.599999904632568,4.590000152587891,4.590000152587891
2025-12-08T16:41:00Z,4.590000152587891,4.590000152587891,4.585000038146973,4.585000038146973,4.585000038146973,3398.0,4.590000152587891,4.590000152587891,4.585000038146973,4.585000038146973
2025-12-08T16:42:00Z,4.585000038146973,4.589900016784668,4.572999954223633,4.575099945068359,4.575099945068359,26893.0,4.585000038146973,4.589900016784668,4.572999954223633,4.575099945068359
2025-12-08T16:43:00Z,4.570000171661377,4.579899787902832,4.570000171661377,4.5792999267578125,4.5792999267578125,14511.0,4.570000171661377,4.579899787902832,4.570000171661377,4.5792999267578125
2025-12-08T16:44:00Z,4.574999809265137,4.579999923706055,4.570000171661377,4.579999923706055,4.579999923706055,5008.0,4.574999809265137,4.579999923706055,4.570000171661377,4.579999923706055
2025-12-08T16:45:00Z,4.574999809265137,4.574999809265137,4.570000171661377,4.574999809265137,4.574999809265137,5612.0,4.574999809265137,4.574999809265137,4.570000171661377,4.574999809265137
2025-12-08T16:46:00Z,4.570000171661377,4.574999809265137,4.570000171661377,4.570000171661377,4.570000171661377,6704.0,4.570000171661377,4.574999809265137,4.570000171661377,4.570000171661377
2025-12-08T16:47:00Z,4.570000171661377,4.574999809265137,4.570000171661377,4.570000171661377,4.570000171661377,3853.0,4.570000171661377,4.574999809265137,4.570000171661377,4.570000171661377
2025-12-08T16:48:00Z,4.570000171661377,4.575500011444092,4.570000171661377,4.570000171661377,4.570000171661377,6512.0,4.570000171661377,4.575500011444092,4.570000171661377,4.570000171661377
2025-12-08T16:49:00Z,4.573999881744385,4.573999881744385,4.554999828338623,4.554999828338623,4.554999828338623,46361.0,4.573999881744385,4.573999881744385,4.554999828338623,4.554999828338623
2025-12-08T16:50:00Z,4.554999828338623,4.559999942779541,4.554999828338623,4.559899806976318,4.559899806976318,49869.0,4.554999828338623,4.559999942779541,4.554999828338623,4.559899806976318
2025-12-08T16:51:00Z,4.55649995803833,4.559999942779541,4.554999828338623,4.554999828338623,4.554999828338623,31660.0,4.55649995803833,4.559999942779541,4.554999828338623,4.554999828338623
2025-12-08T16:52:00Z,4.559999942779541,4.559999942779541,4.550000190734863,4.550000190734863,4.550000190734863,13000.0,4.559999942779541,4.559999942779541,4.550000190734863,4.550000190734863
2025-12-08T16:53:00Z,4.550000190734863,4.559999942779541,4.550000190734863,4.558199882507324,4.558199882507324,13973.0,4.550000190734863,4.559999942779541,4.550000190734863,4.558199882507324
2025-12-08T16:54:00Z,4.554999828338623,4.559999942779541,4.550000190734863,4.554999828338623,4.554999828338623,25922.0,4.554999828338623,4.559999942779541,4.550000190734863,4.554999828338623
2025-12-08T16:55:00Z,4.554999828338623,4.554999828338623,4.550000190734863,4.550099849700928,4.550099849700928,2168.0,4.554999828338623,4.554999828338623,4.550000190734863,4.550099849700928
2025-12-08T16:56:00Z,4.554999828338623,4.559999942779541,4.550000190734863,4.559999942779541,4.559999942779541,5114.0,4.554999828338623,4.559999942779541,4.550000190734863,4.559999942779541
2025-12-08T16:57:00Z,4.550000190734863,4.566500186920166,4.550000190734863,4.565000057220459,4.565000057220459,38896.0,4.550000190734863,4.566500186920166,4.550000190734863,4.565000057220459
2025-12-08T16:58:00Z,4.565499782562256,4.568600177764893,4.559999942779541,4.568600177764893,4.568600177764893,62914.0,4.565499782562256,4.568600177764893,4.559999942779541,4.568600177764893
2025-12-08T16:59:00Z,4.565000057220459,4.570000171661377,4.559999942779541,4.570000171661377,4.570000171661377,38062.0,4.565000057220459,4.570000171661377,4.559999942779541,4.570000171661377
2025-12-08T17:00:00Z,4.559999942779541,4.565000057220459,4.559999942779541,4.565000057220459,4.565000057220459,36755.0,4.559999942779541,4.565000057220459,4.559999942779541,4.565000057220459
2025-12-08T17:01:00Z,4.561800003051758,4.570000171661377,4.559999942779541,4.570000171661377,4.570000171661377,33631.0,4.561800003051758,4.570000171661377,4.559999942779541,4.570000171661377
2025-12-08T17:02:00Z,4.559999942779541,4.559999942779541,4.550000190734863,4.5543999671936035,4.5543999671936035,15240.0,4.559999942779541,4.559999942779541,4.550000190734863,4.5543999671936035
2025-12-08T17:03:00Z,4.550000190734863,4.550000190734863,4.539999961853027,4.545199871063232,4.545199871063232,62316.0,4.550000190734863,4.550000190734863,4.539999961853027,4.545199871063232
2025-12-08T17:04:00Z,4.539999961853027,4.550000190734863,4.539999961853027,4.550000190734863,4.550000190734863,3769.0,4.539999961853027,4.550000190734863,4.539999961853027,4.550000190734863
2025-12-08T17:05:00Z,4.545000076293945,4.559999942779541,4.545000076293945,4.554999828338623,4.554999828338623,24101.0,4.545000076293945,4.559999942779541,4.545000076293945,4.554999828338623
2025-12-08T17:06:00Z,4.554999828338623,4.557600021362305,4.554999828338623,4.557600021362305,4.557600021362305,1124.0,4.554999828338623,4.557600021362305,4.554999828338623,4.557600021362305
2025-12-08T17:07:00Z,4.554999828338623,4.559999942779541,4.550000190734863,4.554999828338623,4.554999828338623,3564.0,4.554999828338623,4.559999942779541,4.550000190734863,4.554999828338623
2025-12-08T17:08:00Z,4.559999942779541,4.559999942779541,4.554999828338623,4.554999828338623,4.554999828338623,5070.0,4.559999942779541,4.559999942779541,4.554999828338623,4.554999828338623
2025-12-08T17:09:00Z,4.554999828338623,4.554999828338623,4.550099849700928,4.550099849700928,4.550099849700928,6515.0,4.554999828338623,4.554999828338623,4.550099849700928,4.550099849700928
2025-12-08T17:10:00Z,4.554999828338623,4.559999942779541,4.550000190734863,4.554999828338623,4.554999828338623,2371.0,4.554999828338623,4.559999942779541,4.550000190734863,4.554999828338623
2025-12-08T17:11:00Z,4.554999828338623,4.559999942779541,4.550000190734863,4.559999942779541,4.559999942779541,5545.0,4.554999828338623,4.559999942779541,4.550000190734863,4.559999942779541
2025-12-08T17:12:00Z,4.554999828338623,4.559999942779541,4.550000190734863,4.559999942779541,4.559999942779541,1236117.0,4.554999828338623,4.559999942779541,4.550000190734863,4.559999942779541
2025-12-08T17:14:00Z,4.564799785614014,4.570000171661377,4.560100078582764,4.565000057220459,4.565000057220459,11702.0,4.564799785614014,4.570000171661377,4.560100078582764,4.565000057220459
2025-12-08T17:15:00Z,4.569900035858154,4.570000171661377,4.565000057220459,4.565000057220459,4.565000057220459,5353.0,4.569900035858154,4.570000171661377,4.565000057220459,4.565000057220459
2025-12-08T17:16:00Z,4.565000057220459,4.568399906158447,4.559999942779541,4.568399906158447,4.568399906158447,6354.0,4.565000057220459,4.568399906158447,4.559999942779541,4.568399906158447
2025-12-08T17:17:00Z,4.570000171661377,4.570000171661377,4.565000057220459,4.565000057220459,4.565000057220459,4709.0,4.570000171661377,4.570000171661377,4.565000057220459,4.565000057220459
2025-12-08T17:18:00Z,4.570000171661377,4.570000171661377,4.565000057220459,4.565000057220459,4.565000057220459,1969.0,4.570000171661377,4.570000171661377,4.565000057220459,4.565000057220459
2025-12-08T17:19:00Z,4.565000057220459,4.570000171661377,4.561800003051758,4.565000057220459,4.565000057220459,8760.0,4.565000057220459,4.570000171661377,4.561800003051758,4.565000057220459
2025-12-08T17:20:00Z,4.565000057220459,4.570000171661377,4.564599990844727,4.564599990844727,4.564599990844727,3169.0,4.565000057220459,4.570000171661377,4.564599990844727,4.564599990844727
2025-12-08T17:21:00Z,4.570000171661377,4.570000171661377,4.560100078582764,4.570000171661377,4.570000171661377,4234.0,4.570000171661377,4.570000171661377,4.560100078582764,4.570000171661377
2025-12-08T17:22:00Z,4.569900035858154,4.570000171661377,4.565000057220459,4.569900035858154,4.569900035858154,5253.0,4.569900035858154,4.570000171661377,4.565000057220459,4.569900035858154
2025-12-08T17:23:00Z,4.565000057220459,4.570000171661377,4.565000057220459,4.570000171661377,4.570000171661377,7269.0,4.565000057220459,4.570000171661377,4.565000057220459,4.570000171661377
2025-12-08T17:24:00Z,4.565000057220459,4.570000171661377,4.565000057220459,4.565000057220459,4.565000057220459,3697.0,4.565000057220459,4.570000171661377,4.565000057220459,4.565000057220459
2025-12-08T17:25:00Z,4.570000171661377,4.570000171661377,4.565000057220459,4.569900035858154,4.569900035858154,11381.0,4.570000171661377,4.570000171661377,4.565000057220459,4.569900035858154
2025-12-08T17:26:00Z,4.569900035858154,4.570000171661377,4.5644001960754395,4.570000171661377,4.570000171661377,6884.0,4.569900035858154,4.570000171661377,4.5644001960754395,4.570000171661377
2025-12-08T17:27:00Z,4.570000171661377,4.570000171661377,4.563899993896484,4.565000057220459,4.565000057220459,10716.0,4.570000171661377,4.570000171661377,4.563899993896484,4.565000057220459
2025-12-08T17:28:00Z,4.565000057220459,4.570000171661377,4.565000057220459,4.565000057220459,4.565000057220459,13483.0,4.565000057220459,4.570000171661377,4.565000057220459,4.565000057220459
2025-12-08T17:29:00Z,4.565000057220459,4.570000171661377,4.565000057220459,4.570000171661377,4.570000171661377,8062.0,4.565000057220459,4.570000171661377,4.565000057220459,4.570000171661377
2025-12-08T17:30:00Z,4.565000057220459,4.570000171661377,4.565000057220459,4.565000057220459,4.565000057220459,3771.0,4.565000057220459,4.570000171661377,4.565000057220459,4.565000057220459
2025-12-08T17:31:00Z,4.570000171661377,4.579999923706055,4.570000171661377,4.574999809265137,4.574999809265137,25365.0,4.570000171661377,4.579999923706055,4.570000171661377,4.574999809265137
2025-12-08T17:32:00Z,4.579999923706055,4.579999923706055,4.574999809265137,4.574999809265137,4.574999809265137,8285.0,4.579999923706055,4.579999923706055,4.574999809265137,4.574999809265137
2025-12-08T17:33:00Z,4.570099830627441,4.579999923706055,4.570099830627441,4.578000068664551,4.578000068664551,11183.0,4.570099830627441,4.579999923706055,4.570099830627441,4.578000068664551
2025-12-08T17:34:00Z,4.579999923706055,4.579999923706055,4.574999809265137,4.579999923706055,4.579999923706055,4399.0,4.579999923706055,4.579999923706055,4.574999809265137,4.579999923706055
2025-12-08T17:35:00Z,4.579999923706055,4.585000038146973,4.574999809265137,4.585000038146973,4.585000038146973,25709.0,4.579999923706055,4.585000038146973,4.574999809265137,4.585000038146973
2025-12-08T17:36:00Z,4.590000152587891,4.590000152587891,4.579999923706055,4.587100028991699,4.587100028991699,20103.0,4.590000152587891,4.590000152587891,4.579999923706055,4.587100028991699
2025-12-08T17:37:00Z,4.590000152587891,4.590000152587891,4.585000038146973,4.587800025939941,4.587800025939941,5217.0,4.590000152587891,4.590000152587891,4.585000038146973,4.587800025939941
2025-12-08T17:38:00Z,4.585000038146973,4.59499979019165,4.5817999839782715,4.59499979019165,4.59499979019165,17718.0,4.585000038146973,4.59499979019165,4.5817999839782715,4.59499979019165
2025-12-08T17:39:00Z,4.590000152587891,4.599999904632568,4.585000038146973,4.59499979019165,4.59499979019165,36844.0,4.590000152587891,4.599999904632568,4.585000038146973,4.59499979019165
2025-12-08T17:40:00Z,4.591800212860107,4.599999904632568,4.590000152587891,4.5945000648498535,4.5945000648498535,8060.0,4.591800212860107,4.599999904632568,4.590000152587891,4.5945000648498535
2025-12-08T17:41:00Z,4.590000152587891,4.599999904632568,4.590000152587891,4.593900203704834,4.593900203704834,4246.0,4.590000152587891,4.599999904632568,4.590000152587891,4.593900203704834
2025-12-08T17:42:00Z,4.599899768829346,4.599899768829346,4.596399784088135,4.596399784088135,4.596399784088135,1470.0,4.599899768829346,4.599899768829346,4.596399784088135,4.596399784088135
2025-12-08T17:43:00Z,4.59499979019165,4.597799777984619,4.59499979019165,4.597799777984619,4.597799777984619,2539.0,4.59499979019165,4.597799777984619,4.59499979019165,4.597799777984619
2025-12-08T17:44:00Z,4.59499979019165,4.599999904632568,4.590099811553955,4.599999904632568,4.599999904632568,14670.0,4.59499979019165,4.599999904632568,4.590099811553955,4.599999904632568
2025-12-08T17:45:00Z,4.59499979019165,4.599999904632568,4.590000152587891,4.590000152587891,4.590000152587891,5852.0,4.59499979019165,4.599999904632568,4.590000152587891,4.590000152587891
2025-12-08T17:46:00Z,4.590000152587891,4.595799922943115,4.590000152587891,4.59499979019165,4.59499979019165,2872.0,4.590000152587891,4.595799922943115,4.590000152587891,4.59499979019165
2025-12-08T17:47:00Z,4.59499979019165,4.605000019073486,4.59499979019165,4.605000019073486,4.605000019073486,43078.0,4.59499979019165,4.605000019073486,4.59499979019165,4.605000019073486
2025-12-08T17:48:00Z,4.605000019073486,4.605000019073486,4.605000019073486,4.605000019073486,4.605000019073486,2287.0,4.605000019073486,4.605000019073486,4.605000019073486,4.605000019073486
2025-12-08T17:49:00Z,4.605000019073486,4.610000133514404,4.605000019073486,4.610000133514404,4.610000133514404,10749.0,4.605000019073486,4.610000133514404,4.605000019073486,4.610000133514404
2025-12-08T17:50:00Z,4.610000133514404,4.619999885559082,4.599999904632568,4.610000133514404,4.610000133514404,68539.0,4.610000133514404,4.619999885559082,4.599999904632568,4.610000133514404
2025-12-08T17:51:00Z,4.609899997711182,4.614999771118164,4.605000019073486,4.614999771118164,4.614999771118164,18959.0,4.609899997711182,4.614999771118164,4.605000019073486,4.614999771118164
2025-12-08T17:52:00Z,4.614999771118164,4.614999771118164,4.61329984664917,4.614999771118164,4.614999771118164,3441.0,4.614999771118164,4.614999771118164,4.61329984664917,4.614999771118164
2025-12-08T17:53:00Z,4.619999885559082,4.630000114440918,4.610000133514404,4.625,4.625,16373.0,4.619999885559082,4.630000114440918,4.610000133514404,4.625
2025-12-08T17:54:00Z,4.630000114440918,4.639900207519531,4.624300003051758,4.635000228881836,4.635000228881836,45003.0,4.630000114440918,4.639900207519531,4.624300003051758,4.635000228881836
2025-12-08T17:55:00Z,4.630300045013428,4.630300045013428,4.620100021362305,4.629899978637695,4.629899978637695,13635.0,4.630300045013428,4.630300045013428,4.620100021362305,4.629899978637695
2025-12-08T17:56:00Z,4.629899978637695,4.6381001472473145,4.625,4.630000114440918,4.630000114440918,27670.0,4.629899978637695,4.6381001472473145,4.625,4.630000114440918
2025-12-08T17:57:00Z,4.635000228881836,4.639999866485596,4.630000114440918,4.638599872589111,4.638599872589111,9500.0,4.635000228881836,4.639999866485596,4.630000114440918,4.638599872589111
2025-12-08T17:58:00Z,4.639999866485596,4.639999866485596,4.630000114440918,4.635300159454346,4.635300159454346,7527.0,4.639999866485596,4.639999866485596,4.630000114440918,4.635300159454346
2025-12-08T17:59:00Z,4.635000228881836,4.639999866485596,4.634799957275391,4.635000228881836,4.635000228881836,8734.0,4.635000228881836,4.639999866485596,4.634799957275391,4.635000228881836
2025-12-08T18:00:00Z,4.635000228881836,4.639900207519531,4.630000114440918,4.631499767303467,4.631499767303467,8079.0,4.635000228881836,4.639900207519531,4.630000114440918,4.631499767303467
2025-12-08T18:01:00Z,4.631100177764893,4.635000228881836,4.630000114440918,4.635000228881836,4.635000228881836,16672.0,4.631100177764893,4.635000228881836,4.630000114440918,4.635000228881836
2025-12-08T18:02:00Z,4.635000228881836,4.635000228881836,4.635000228881836,4.635000228881836,4.635000228881836,4254.0,4.635000228881836,4.635000228881836,4.635000228881836,4.635000228881836
2025-12-08T18:03:00Z,4.635000228881836,4.635000228881836,4.630000114440918,4.635000228881836,4.635000228881836,2927.0,4.635000228881836,4.635000228881836,4.630000114440918,4.635000228881836
2025-12-08T18:04:00Z,4.635000228881836,4.639999866485596,4.630000114440918,4.635000228881836,4.635000228881836,4785.0,4.635000228881836,4.639999866485596,4.630000114440918,4.635000228881836
2025-12-08T18:05:00Z,4.635000228881836,4.635000228881836,4.630000114440918,4.632299900054932,4.632299900054932,5058.0,4.635000228881836,4.635000228881836,4.630000114440918,4.632299900054932
2025-12-08T18:06:00Z,4.635000228881836,4.635000228881836,4.630000114440918,4.635000228881836,4.635000228881836,20870.0,4.635000228881836,4.635000228881836,4.630000114440918,4.635000228881836
2025-12-08T18:07:00Z,4.630000114440918,4.635000228881836,4.625,4.625,4.625,15975.0,4.630000114440918,4.635000228881836,4.625,4.625
2025-12-08T18:08:00Z,4.625,4.630000114440918,4.623499870300293,4.627500057220459,4.627500057220459,10838.0,4.625,4.630000114440918,4.623499870300293,4.627500057220459
2025-12-08T18:09:00Z,4.624499797821045,4.630000114440918,4.623499870300293,4.625,4.625,24330.0,4.624499797821045,4.630000114440918,4.623499870300293,4.625
2025-12-08T18:10:00Z,4.635000228881836,4.639999866485596,4.634200096130371,4.635000228881836,4.635000228881836,6249.0,4.635000228881836,4.639999866485596,4.634200096130371,4.635000228881836
2025-12-08T18:11:00Z,4.630000114440918,4.639900207519531,4.630000114440918,4.638199806213379,4.638199806213379,2450.0,4.630000114440918,4.639900207519531,4.630000114440918,4.638199806213379
2025-12-08T18:12:00Z,4.635000228881836,4.636499881744385,4.630000114440918,4.635000228881836,4.635000228881836,7491.0,4.635000228881836,4.636499881744385,4.630000114440918,4.635000228881836
2025-12-08T18:13:00Z,4.639900207519531,4.639999866485596,4.630099773406982,4.639999866485596,4.639999866485596,25004.0,4.639900207519531,4.639999866485596,4.630099773406982,4.639999866485596
2025-12-08T18:14:00Z,4.638599872589111,4.639999866485596,4.631800174713135,4.639900207519531,4.639900207519531,3751.0,4.638599872589111,4.639999866485596,4.631800174713135,4.639900207519531
2025-12-08T18:15:00Z,4.632800102233887,4.639999866485596,4.630000114440918,4.635000228881836,4.635000228881836,6169.0,4.632800102233887,4.639999866485596,4.630000114440918,4.635000228881836
2025-12-08T18:16:00Z,4.639999866485596,4.639999866485596,4.635000228881836,4.635000228881836,4.635000228881836,2521.0,4.639999866485596,4.639999866485596,4.635000228881836,4.635000228881836
2025-12-08T18:17:00Z,4.635000228881836,4.639999866485596,4.630000114440918,4.630099773406982,4.630099773406982,7064.0,4.635000228881836,4.639999866485596,4.630000114440918,4.630099773406982
2025-12-08T18:18:00Z,4.630000114440918,4.630000114440918,4.619999885559082,4.619999885559082,4.619999885559082,15447.0,4.630000114440918,4.630000114440918,4.619999885559082,4.619999885559082
2025-12-08T18:19:00Z,4.619999885559082,4.619999885559082,4.610000133514404,4.614999771118164,4.614999771118164,62561.0,4.619999885559082,4.619999885559082,4.610000133514404,4.614999771118164
2025-12-08T18:20:00Z,4.615300178527832,4.619900226593018,4.614999771118164,4.614999771118164,4.614999771118164,5704.0,4.615300178527832,4.619900226593018,4.614999771118164,4.614999771118164
2025-12-08T18:21:00Z,4.610000133514404,4.619900226593018,4.610000133514404,4.619900226593018,4.619900226593018,1922.0,4.610000133514404,4.619900226593018,4.610000133514404,4.619900226593018
2025-12-08T18:22:00Z,4.614999771118164,4.616099834442139,4.614799976348877,4.614799976348877,4.614799976348877,5060.0,4.614999771118164,4.616099834442139,4.614799976348877,4.614799976348877
2025-12-08T18:23:00Z,4.619900226593018,4.619900226593018,4.605000019073486,4.605000019073486,4.605000019073486,16553.0,4.619900226593018,4.619900226593018,4.605000019073486,4.605000019073486
2025-12-08T18:24:00Z,4.605000019073486,4.608500003814697,4.599999904632568,4.599999904632568,4.599999904632568,9277.0,4.605000019073486,4.608500003814697,4.599999904632568,4.599999904632568
2025-12-08T18:25:00Z,4.605000019073486,4.605000019073486,4.599999904632568,4.600100040435791,4.600100040435791,8557.0,4.605000019073486,4.605000019073486,4.599999904632568,4.600100040435791
2025-12-08T18:26:00Z,4.599999904632568,4.605000019073486,4.599999904632568,4.599999904632568,4.599999904632568,6870.0,4.599999904632568,4.605000019073486,4.599999904632568,4.599999904632568
2025-12-08T18:27:00Z,4.60830020904541,4.609899997711182,4.599999904632568,4.605000019073486,4.605000019073486,15949.0,4.60830020904541,4.609899997711182,4.599999904632568,4.605000019073486
2025-12-08T18:28:00Z,4.605000019073486,4.605000019073486,4.59499979019165,4.599899768829346,4.599899768829346,14664.0,4.605000019073486,4.605000019073486,4.59499979019165,4.599899768829346
2025-12-08T18:29:00Z,4.59499979019165,4.595399856567383,4.590000152587891,4.59499979019165,4.59499979019165,10411.0,4.59499979019165,4.595399856567383,4.590000152587891,4.59499979019165
2025-12-08T18:30:00Z,4.59499979019165,4.597799777984619,4.590000152587891,4.590000152587891,4.590000152587891,6695.0,4.59499979019165,4.597799777984619,4.590000152587891,4.590000152587891
2025-12-08T18:31:00Z,4.5920000076293945,4.59499979019165,4.590000152587891,4.59499979019165,4.59499979019165,3248.0,4.5920000076293945,4.59499979019165,4.590000152587891,4.59499979019165
2025-12-08T18:32:00Z,4.59499979019165,4.595799922943115,4.590000152587891,4.591400146484375,4.591400146484375,4503.0,4.59499979019165,4.595799922943115,4.590000152587891,4.591400146484375
2025-12-08T18:33:00Z,4.590000152587891,4.590000152587891,4.574999809265137,4.574999809265137,4.574999809265137,14022.0,4.590000152587891,4.590000152587891,4.574999809265137,4.574999809265137
2025-12-08T18:34:00Z,4.574999809265137,4.579899787902832,4.570000171661377,4.570000171661377,4.570000171661377,7928.0,4.574999809265137,4.579899787902832,4.570000171661377,4.570000171661377
2025-12-08T18:35:00Z,4.574999809265137,4.579899787902832,4.570000171661377,4.574999809265137,4.574999809265137,9713.0,4.574999809265137,4.579899787902832,4.570000171661377,4.574999809265137
2025-12-08T18:36:00Z,4.574999809265137,4.585000038146973,4.574999809265137,4.585000038146973,4.585000038146973,10712.0,4.574999809265137,4.585000038146973,4.574999809265137,4.585000038146973
2025-12-08T18:37:00Z,4.585000038146973,4.585000038146973,4.580100059509277,4.585000038146973,4.585000038146973,3548.0,4.585000038146973,4.585000038146973,4.580100059509277,4.585000038146973
2025-12-08T18:38:00Z,4.579999923706055,4.579999923706055,4.570099830627441,4.575099945068359,4.575099945068359,9105.0,4.579999923706055,4.579999923706055,4.570099830627441,4.575099945068359
2025-12-08T18:39:00Z,4.574999809265137,4.579999923706055,4.573500156402588,4.579999923706055,4.579999923706055,4805.0,4.574999809265137,4.579999923706055,4.573500156402588,4.579999923706055
2025-12-08T18:40:00Z,4.579999923706055,4.590000152587891,4.579999923706055,4.585000038146973,4.585000038146973,12784.0,4.579999923706055,4.590000152587891,4.579999923706055,4.585000038146973
2025-12-08T18:41:00Z,4.585000038146973,4.590000152587891,4.585000038146973,4.590000152587891,4.590000152587891,7346.0,4.585000038146973,4.590000152587891,4.585000038146973,4.590000152587891
2025-12-08T18:42:00Z,4.588200092315674,4.590000152587891,4.583499908447266,4.585000038146973,4.585000038146973,12372.0,4.588200092315674,4.590000152587891,4.583499908447266,4.585000038146973
2025-12-08T18:43:00Z,4.590000152587891,4.606100082397461,4.590000152587891,4.605000019073486,4.605000019073486,106401.0,4.590000152587891,4.606100082397461,4.590000152587891,4.605000019073486
2025-12-08T18:44:00Z,4.605000019073486,4.619900226593018,4.599999904632568,4.614999771118164,4.614999771118164,26481.0,4.605000019073486,4.619900226593018,4.599999904632568,4.614999771118164
2025-12-08T18:45:00Z,4.614999771118164,4.619999885559082,4.610099792480469,4.614999771118164,4.614999771118164,12912.0,4.614999771118164,4.619999885559082,4.610099792480469,4.614999771118164
2025-12-08T18:46:00Z,4.616799831390381,4.619999885559082,4.610000133514404,4.614999771118164,4.614999771118164,7555.0,4.616799831390381,4.619999885559082,4.610000133514404,4.614999771118164
2025-12-08T18:47:00Z,4.614999771118164,4.619999885559082,4.614999771118164,4.619999885559082,4.619999885559082,4339.0,4.614999771118164,4.619999885559082,4.614999771118164,4.619999885559082
2025-12-08T18:48:00Z,4.616499900817871,4.617499828338623,4.610000133514404,4.614999771118164,4.614999771118164,17726.0,4.616499900817871,4.617499828338623,4.610000133514404,4.614999771118164
2025-12-08T18:49:00Z,4.614999771118164,4.619999885559082,4.610000133514404,4.614999771118164,4.614999771118164,2973.0,4.614999771118164,4.619999885559082,4.610000133514404,4.614999771118164
2025-12-08T18:50:00Z,4.614999771118164,4.619999885559082,4.614999771118164,4.614999771118164,4.614999771118164,10348.0,4.614999771118164,4.619999885559082,4.614999771118164,4.614999771118164
2025-12-08T18:51:00Z,4.619999885559082,4.619999885559082,4.6107001304626465,4.614999771118164,4.614999771118164,7513.0,4.619999885559082,4.619999885559082,4.6107001304626465,4.614999771118164
2025-12-08T18:52:00Z,4.619999885559082,4.619999885559082,4.614999771118164,4.614999771118164,4.614999771118164,3465.0,4.619999885559082,4.619999885559082,4.614999771118164,4.614999771118164
2025-12-08T18:53:00Z,4.618899822235107,4.619999885559082,4.614500045776367,4.614999771118164,4.614999771118164,11348.0,4.618899822235107,4.619999885559082,4.614500045776367,4.614999771118164
2025-12-08T18:54:00Z,4.613500118255615,4.619999885559082,4.613500118255615,4.614999771118164,4.614999771118164,71178.0,4.613500118255615,4.619999885559082,4.613500118255615,4.614999771118164
2025-12-08T18:55:00Z,4.614999771118164,4.614999771118164,4.610000133514404,4.614999771118164,4.614999771118164,25234.0,4.614999771118164,4.614999771118164,4.610000133514404,4.614999771118164
2025-12-08T18:56:00Z,4.614500045776367,4.6184000968933105,4.59499979019165,4.605000019073486,4.605000019073486,61185.0,4.614500045776367,4.6184000968933105,4.59499979019165,4.605000019073486
2025-12-08T18:57:00Z,4.605000019073486,4.609899997711182,4.599999904632568,4.6082000732421875,4.6082000732421875,10321.0,4.605000019073486,4.609899997711182,4.599999904632568,4.6082000732421875
2025-12-08T18:58:00Z,4.605000019073486,4.605000019073486,4.599999904632568,4.599999904632568,4.599999904632568,25367.0,4.605000019073486,4.605000019073486,4.599999904632568,4.599999904632568
2025-12-08T18:59:00Z,4.605000019073486,4.614999771118164,4.605000019073486,4.614999771118164,4.614999771118164,14353.0,4.605000019073486,4.614999771118164,4.605000019073486,4.614999771118164
2025-12-08T19:00:00Z,4.610099792480469,4.6153998374938965,4.610099792480469,4.614999771118164,4.614999771118164,7974.0,4.610099792480469,4.6153998374938965,4.610099792480469,4.614999771118164
2025-12-08T19:01:00Z,4.614999771118164,4.619999885559082,4.600100040435791,4.605000019073486,4.605000019073486,16781.0,4.614999771118164,4.619999885559082,4.600100040435791,4.605000019073486
2025-12-08T19:02:00Z,4.605000019073486,4.610000133514404,4.599999904632568,4.605299949645996,4.605299949645996,19022.0,4.605000019073486,4.610000133514404,4.599999904632568,4.605299949645996
2025-12-08T19:03:00Z,4.605000019073486,4.605000019073486,4.59499979019165,4.601799964904785,4.601799964904785,29762.0,4.605000019073486,4.605000019073486,4.59499979019165,4.601799964904785
2025-12-08T19:04:00Z,4.605000019073486,4.616799831390381,4.605000019073486,4.614999771118164,4.614999771118164,12886.0,4.605000019073486,4.616799831390381,4.605000019073486,4.614999771118164
2025-12-08T19:05:00Z,4.614999771118164,4.614999771118164,4.605000019073486,4.605000019073486,4.605000019073486,10315.0,4.614999771118164,4.614999771118164,4.605000019073486,4.605000019073486
2025-12-08T19:06:00Z,4.606800079345703,4.610000133514404,4.600100040435791,4.605000019073486,4.605000019073486,5232.0,4.606800079345703,4.610000133514404,4.600100040435791,4.605000019073486
2025-12-08T19:07:00Z,4.605000019073486,4.605000019073486,4.601900100708008,4.601900100708008,4.601900100708008,2083.0,4.605000019073486,4.605000019073486,4.601900100708008,4.601900100708008
2025-12-08T19:08:00Z,4.605000019073486,4.605000019073486,4.600100040435791,4.605000019073486,4.605000019073486,7570.0,4.605000019073486,4.605000019073486,4.600100040435791,4.605000019073486
2025-12-08T19:09:00Z,4.605000019073486,4.610000133514404,4.605000019073486,4.605000019073486,4.605000019073486,5183.0,4.605000019073486,4.610000133514404,4.605000019073486,4.605000019073486
2025-12-08T19:10:00Z,4.610000133514404,4.610000133514404,4.605000019073486,4.610000133514404,4.610000133514404,7958.0,4.610000133514404,4.610000133514404,4.605000019073486,4.610000133514404
2025-12-08T19:11:00Z,4.605000019073486,4.610000133514404,4.604499816894531,4.604499816894531,4.604499816894531,12042.0,4.605000019073486,4.610000133514404,4.604499816894531,4.604499816894531
2025-12-08T19:12:00Z,4.605000019073486,4.610000133514404,4.600100040435791,4.605000019073486,4.605000019073486,8779.0,4.605000019073486,4.610000133514404,4.600100040435791,4.605000019073486
2025-12-08T19:13:00Z,4.605000019073486,4.610000133514404,4.605000019073486,4.605000019073486,4.605000019073486,2941.0,4.605000019073486,4.610000133514404,4.605000019073486,4.605000019073486
2025-12-08T19:14:00Z,4.610000133514404,4.610000133514404,4.605000019073486,4.605000019073486,4.605000019073486,10804.0,4.610000133514404,4.610000133514404,4.605000019073486,4.605000019073486
2025-12-08T19:15:00Z,4.604300022125244,4.610000133514404,4.604300022125244,4.610000133514404,4.610000133514404,20616.0,4.604300022125244,4.610000133514404,4.604300022125244,4.610000133514404
2025-12-08T19:16:00Z,4.609899997711182,4.610000133514404,4.605000019073486,4.610000133514404,4.610000133514404,2122965.0,4.609899997711182,4.610000133514404,4.605000019073486,4.610000133514404
2025-12-08T19:17:00Z,4.605000019073486,4.619999885559082,4.605000019073486,4.614999771118164,4.614999771118164,46909.0,4.605000019073486,4.619999885559082,4.605000019073486,4.614999771118164
2025-12-08T19:19:00Z,4.619900226593018,4.619999885559082,4.610000133514404,4.610000133514404,4.610000133514404,20718.0,4.619900226593018,4.619999885559082,4.610000133514404,4.610000133514404
2025-12-08T19:20:00Z,4.614999771118164,4.619999885559082,4.614999771118164,4.614999771118164,4.614999771118164,6335.0,4.614999771118164,4.619999885559082,4.614999771118164,4.614999771118164
2025-12-08T19:21:00Z,4.614999771118164,4.619999885559082,4.614500045776367,4.619999885559082,4.619999885559082,9112.0,4.614999771118164,4.619999885559082,4.614500045776367,4.619999885559082
2025-12-08T19:22:00Z,4.619999885559082,4.619999885559082,4.614999771118164,4.614999771118164,4.614999771118164,14410.0,4.619999885559082,4.619999885559082,4.614999771118164,4.614999771118164
2025-12-08T19:23:00Z,4.614999771118164,4.619999885559082,4.614999771118164,4.614999771118164,4.614999771118164,7018.0,4.614999771118164,4.619999885559082,4.614999771118164,4.614999771118164
2025-12-08T19:24:00Z,4.619999885559082,4.619999885559082,4.614500045776367,4.619999885559082,4.619999885559082,6299.0,4.619999885559082,4.619999885559082,4.614500045776367,4.619999885559082
2025-12-08T19:25:00Z,4.614999771118164,4.619999885559082,4.614999771118164,4.614999771118164,4.614999771118164,4158.0,4.614999771118164,4.619999885559082,4.614999771118164,4.614999771118164
2025-12-08T19:26:00Z,4.619999885559082,4.630000114440918,4.614999771118164,4.620100021362305,4.620100021362305,38156.0,4.619999885559082,4.630000114440918,4.614999771118164,4.620100021362305
2025-12-08T19:27:00Z,4.6244001388549805,4.630000114440918,4.619999885559082,4.625,4.625,26453.0,4.6244001388549805,4.630000114440918,4.619999885559082,4.625
2025-12-08T19:28:00Z,4.625,4.630000114440918,4.619999885559082,4.621399879455566,4.621399879455566,13585.0,4.625,4.630000114440918,4.619999885559082,4.621399879455566
2025-12-08T19:29:00Z,4.621799945831299,4.625,4.614999771118164,4.625,4.625,43944.0,4.621799945831299,4.625,4.614999771118164,4.625
2025-12-08T19:30:00Z,4.625,4.630000114440918,4.624800205230713,4.625,4.625,4234.0,4.625,4.630000114440918,4.624800205230713,4.625
2025-12-08T19:31:00Z,4.630000114440918,4.635000228881836,4.625,4.635000228881836,4.635000228881836,12732.0,4.630000114440918,4.635000228881836,4.625,4.635000228881836
2025-12-08T19:32:00Z,4.630000114440918,4.630000114440918,4.619999885559082,4.624000072479248,4.624000072479248,8447.0,4.630000114440918,4.630000114440918,4.619999885559082,4.624000072479248
2025-12-08T19:33:00Z,4.625,4.630000114440918,4.624800205230713,4.625,4.625,20663.0,4.625,4.630000114440918,4.624800205230713,4.625
2025-12-08T19:34:00Z,4.625,4.630000114440918,4.625,4.630000114440918,4.630000114440918,12494.0,4.625,4.630000114440918,4.625,4.630000114440918
2025-12-08T19:35:00Z,4.628200054168701,4.630000114440918,4.624499797821045,4.625,4.625,5447.0,4.628200054168701,4.630000114440918,4.624499797821045,4.625
2025-12-08T19:36:00Z,4.619999885559082,4.625,4.619999885559082,4.625,4.625,8943.0,4.619999885559082,4.625,4.619999885559082,4.625
2025-12-08T19:37:00Z,4.625999927520752,4.639999866485596,4.625999927520752,4.639999866485596,4.639999866485596,18232.0,4.625999927520752,4.639999866485596,4.625999927520752,4.639999866485596
2025-12-08T19:38:00Z,4.638199806213379,4.639999866485596,4.635000228881836,4.639900207519531,4.639900207519531,15999.0,4.638199806213379,4.639999866485596,4.635000228881836,4.639900207519531
2025-12-08T19:39:00Z,4.639999866485596,4.639999866485596,4.630000114440918,4.635000228881836,4.635000228881836,15979.0,4.639999866485596,4.639999866485596,4.630000114440918,4.635000228881836
2025-12-08T19:40:00Z,4.63129997253418,4.639999866485596,4.63129997253418,4.635000228881836,4.635000228881836,13196.0,4.63129997253418,4.639999866485596,4.63129997253418,4.635000228881836
2025-12-08T19:41:00Z,4.630099773406982,4.639999866485596,4.630099773406982,4.639999866485596,4.639999866485596,5762.0,4.630099773406982,4.639999866485596,4.630099773406982,4.639999866485596
2025-12-08T19:42:00Z,4.635000228881836,4.639999866485596,4.634500026702881,4.635000228881836,4.635000228881836,2450.0,4.635000228881836,4.639999866485596,4.634500026702881,4.635000228881836
2025-12-08T19:43:00Z,4.639999866485596,4.639999866485596,4.633500099182129,4.635000228881836,4.635000228881836,4773.0,4.639999866485596,4.639999866485596,4.633500099182129,4.635000228881836
2025-12-08T19:44:00Z,4.635000228881836,4.650000095367432,4.635000228881836,4.644999980926514,4.644999980926514,75677.0,4.635000228881836,4.650000095367432,4.635000228881836,4.644999980926514
2025-12-08T19:45:00Z,4.644999980926514,4.650000095367432,4.639999866485596,4.650000095367432,4.650000095367432,34094.0,4.644999980926514,4.650000095367432,4.639999866485596,4.650000095367432
2025-12-08T19:46:00Z,4.644100189208984,4.644999980926514,4.630099773406982,4.633500099182129,4.633500099182129,21601.0,4.644100189208984,4.644999980926514,4.630099773406982,4.633500099182129
2025-12-08T19:47:00Z,4.635000228881836,4.635200023651123,4.630099773406982,4.635200023651123,4.635200023651123,5220.0,4.635000228881836,4.635200023651123,4.630099773406982,4.635200023651123
2025-12-08T19:48:00Z,4.635000228881836,4.639999866485596,4.624800205230713,4.625,4.625,24919.0,4.635000228881836,4.639999866485596,4.624800205230713,4.625
2025-12-08T19:49:00Z,4.629899978637695,4.629899978637695,4.625,4.625,4.625,6652.0,4.629899978637695,4.629899978637695,4.625,4.625
2025-12-08T19:50:00Z,4.625,4.628200054168701,4.623300075531006,4.625,4.625,8239.0,4.625,4.628200054168701,4.623300075531006,4.625
2025-12-08T19:51:00Z,4.625,4.625,4.625,4.625,4.625,4777.0,4.625,4.625,4.625,4.625
2025-12-08T19:52:00Z,4.625,4.635000228881836,4.625,4.630099773406982,4.630099773406982,30031.0,4.625,4.635000228881836,4.625,4.630099773406982
2025-12-08T19:53:00Z,4.630099773406982,4.639999866485596,4.630099773406982,4.639999866485596,4.639999866485596,9990.0,4.630099773406982,4.639999866485596,4.630099773406982,4.639999866485596
2025-12-08T19:54:00Z,4.635000228881836,4.639999866485596,4.630099773406982,4.639999866485596,4.639999866485596,7378.0,4.635000228881836,4.639999866485596,4.630099773406982,4.639999866485596
2025-12-08T19:55:00Z,4.639999866485596,4.639999866485596,4.630000114440918,4.635000228881836,4.635000228881836,2545319.0,4.639999866485596,4.639999866485596,4.630000114440918,4.635000228881836
2025-12-08T19:57:00Z,4.625,4.627099990844727,4.625,4.625,4.625,6834.0,4.625,4.627099990844727,4.625,4.625
2025-12-08T19:58:00Z,4.6265997886657715,4.630000114440918,4.623300075531006,4.625,4.625,55800.0,4.6265997886657715,4.630000114440918,4.623300075531006,4.625
2025-12-08T19:59:00Z,4.630000114440918,4.630000114440918,4.620100021362305,4.625,4.625,12865.0,4.630000114440918,4.630000114440918,4.620100021362305,4.625
2025-12-08T20:00:00Z,4.625,4.635000228881836,4.620100021362305,4.625,4.625,36131.0,4.625,4.635000228881836,4.620100021362305,4.625
2025-12-08T20:01:00Z,4.625,4.630000114440918,4.610099792480469,4.614999771118164,4.614999771118164,2647696.0,4.625,4.630000114440918,4.610099792480469,4.614999771118164
2025-12-08T20:03:00Z,4.614999771118164,4.619999885559082,4.614999771118164,4.614999771118164,4.614999771118164,11496.0,4.614999771118164,4.619999885559082,4.614999771118164,4.614999771118164
2025-12-08T20:04:00Z,4.614999771118164,4.630000114440918,4.614999771118164,4.629899978637695,4.629899978637695,22120.0,4.614999771118164,4.630000114440918,4.614999771118164,4.629899978637695
2025-12-08T20:05:00Z,4.625,4.625,4.621399879455566,4.625,4.625,5396.0,4.625,4.625,4.621399879455566,4.625
2025-12-08T20:06:00Z,4.624300003051758,4.625,4.620100021362305,4.620100021362305,4.620100021362305,12175.0,4.624300003051758,4.625,4.620100021362305,4.620100021362305
2025-12-08T20:07:00Z,4.625,4.630000114440918,4.625,4.625,4.625,4421.0,4.625,4.630000114440918,4.625,4.625
2025-12-08T20:08:00Z,4.625,4.639999866485596,4.624599933624268,4.639900207519531,4.639900207519531,23435.0,4.625,4.639999866485596,4.624599933624268,4.639900207519531
2025-12-08T20:09:00Z,4.639999866485596,4.639999866485596,4.635200023651123,4.639999866485596,4.639999866485596,6399.0,4.639999866485596,4.639999866485596,4.635200023651123,4.639999866485596
2025-12-08T20:10:00Z,4.639999866485596,4.649899959564209,4.633800029754639,4.639999866485596,4.639999866485596,52971.0,4.639999866485596,4.649899959564209,4.633800029754639,4.639999866485596
2025-12-08T20:11:00Z,4.644999980926514,4.650000095367432,4.639999866485596,4.644999980926514,4.644999980926514,12409.0,4.644999980926514,4.650000095367432,4.639999866485596,4.644999980926514
2025-12-08T20:12:00Z,4.6427001953125,4.650000095367432,4.639999866485596,4.645199775695801,4.645199775695801,20095.0,4.6427001953125,4.650000095367432,4.639999866485596,4.645199775695801
2025-12-08T20:13:00Z,4.644999980926514,4.644999980926514,4.635000228881836,4.63539981842041,4.63539981842041,2791233.0,4.644999980926514,4.644999980926514,4.635000228881836,4.63539981842041
2025-12-08T20:15:00Z,4.635000228881836,4.650000095367432,4.631800174713135,4.644999980926514,4.644999980926514,23369.0,4.635000228881836,4.650000095367432,4.631800174713135,4.644999980926514
2025-12-08T20:16:00Z,4.644999980926514,4.650000095367432,4.64139986038208,4.644999980926514,4.644999980926514,4177.0,4.644999980926514,4.650000095367432,4.64139986038208,4.644999980926514
2025-12-08T20:17:00Z,4.64139986038208,4.650000095367432,4.64139986038208,4.650000095367432,4.650000095367432,7898.0,4.64139986038208,4.650000095367432,4.64139986038208,4.650000095367432
2025-12-08T20:18:00Z,4.644999980926514,4.648499965667725,4.643499851226807,4.643499851226807,4.643499851226807,8586.0,4.644999980926514,4.648499965667725,4.643499851226807,4.643499851226807
2025-12-08T20:19:00Z,4.650000095367432,4.650000095367432,4.640100002288818,4.650000095367432,4.650000095367432,26974.0,4.650000095367432,4.650000095367432,4.640100002288818,4.650000095367432
2025-12-08T20:20:00Z,4.644999980926514,4.650000095367432,4.639999866485596,4.645199775695801,4.645199775695801,16300.0,4.644999980926514,4.650000095367432,4.639999866485596,4.645199775695801
2025-12-08T20:21:00Z,4.644999980926514,4.650000095367432,4.643599987030029,4.650000095367432,4.650000095367432,5372.0,4.644999980926514,4.650000095367432,4.643599987030029,4.650000095367432
2025-12-08T20:22:00Z,4.650000095367432,4.659999847412109,4.6442999839782715,4.659999847412109,4.659999847412109,70652.0,4.650000095367432,4.659999847412109,4.6442999839782715,4.659999847412109
2025-12-08T20:23:00Z,4.65500020980835,4.659999847412109,4.639999866485596,4.639999866485596,4.639999866485596,38911.0,4.65500020980835,4.659999847412109,4.639999866485596,4.639999866485596
2025-12-08T20:24:00Z,4.644999980926514,4.644999980926514,4.635000228881836,4.639900207519531,4.639900207519531,34688.0,4.644999980926514,4.644999980926514,4.635000228881836,4.639900207519531
2025-12-08T20:25:00Z,4.635000228881836,4.639999866485596,4.634099960327148,4.635000228881836,4.635000228881836,6598.0,4.635000228881836,4.639999866485596,4.634099960327148,4.635000228881836
2025-12-08T20:26:00Z,4.6392998695373535,4.6392998695373535,4.630000114440918,4.635000228881836,4.635000228881836,13635.0,4.6392998695373535,4.6392998695373535,4.630000114440918,4.635000228881836
2025-12-08T20:27:00Z,4.635000228881836,4.635000228881836,4.635000228881836,4.635000228881836,4.635000228881836,4228.0,4.635000228881836,4.635000228881836,4.635000228881836,4.635000228881836
2025-12-08T20:28:00Z,4.630000114440918,4.639999866485596,4.630000114440918,4.639999866485596,4.639999866485596,10458.0,4.630000114440918,4.639999866485596,4.630000114440918,4.639999866485596
2025-12-08T20:29:00Z,4.639999866485596,4.645100116729736,4.639999866485596,4.644999980926514,4.644999980926514,16186.0,4.639999866485596,4.645100116729736,4.639999866485596,4.644999980926514
2025-12-08T20:30:00Z,4.639999866485596,4.644999980926514,4.639999866485596,4.644999980926514,4.644999980926514,2996573.0,4.639999866485596,4.644999980926514,4.639999866485596,4.644999980926514
2025-12-08T20:32:00Z,4.635000228881836,4.638000011444092,4.630000114440918,4.630000114440918,4.630000114440918,26656.0,4.635000228881836,4.638000011444092,4.630000114440918,4.630000114440918
2025-12-08T20:33:00Z,4.630000114440918,4.635000228881836,4.625,4.630000114440918,4.630000114440918,26229.0,4.630000114440918,4.635000228881836,4.625,4.630000114440918
2025-12-08T20:34:00Z,4.630000114440918,4.630000114440918,4.622499942779541,4.625,4.625,5452.0,4.630000114440918,4.630000114440918,4.622499942779541,4.625
2025-12-08T20:35:00Z,4.630000114440918,4.630000114440918,4.625,4.625,4.625,7117.0,4.630000114440918,4.630000114440918,4.625,4.625
2025-12-08T20:36:00Z,4.630000114440918,4.630000114440918,4.625,4.630000114440918,4.630000114440918,11180.0,4.630000114440918,4.630000114440918,4.625,4.630000114440918
2025-12-08T20:37:00Z,4.629899978637695,4.630000114440918,4.619999885559082,4.619999885559082,4.619999885559082,14976.0,4.629899978637695,4.630000114440918,4.619999885559082,4.619999885559082
2025-12-08T20:38:00Z,4.625,4.629899978637695,4.621799945831299,4.6244001388549805,4.6244001388549805,12430.0,4.625,4.629899978637695,4.621799945831299,4.6244001388549805
2025-12-08T20:39:00Z,4.625,4.629899978637695,4.625,4.625,4.625,6584.0,4.625,4.629899978637695,4.625,4.625
2025-12-08T20:40:00Z,4.630000114440918,4.630000114440918,4.625,4.625,4.625,12416.0,4.630000114440918,4.630000114440918,4.625,4.625
2025-12-08T20:41:00Z,4.630000114440918,4.630000114440918,4.619999885559082,4.625,4.625,37258.0,4.630000114440918,4.630000114440918,4.619999885559082,4.625
2025-12-08T20:42:00Z,4.625,4.630000114440918,4.625,4.625,4.625,22144.0,4.625,4.630000114440918,4.625,4.625
2025-12-08T20:43:00Z,4.625,4.630000114440918,4.623300075531006,4.630000114440918,4.630000114440918,20950.0,4.625,4.630000114440918,4.623300075531006,4.630000114440918
2025-12-08T20:44:00Z,4.630000114440918,4.630000114440918,4.619999885559082,4.625,4.625,15812.0,4.630000114440918,4.630000114440918,4.619999885559082,4.625
2025-12-08T20:45:00Z,4.626699924468994,4.630000114440918,4.619999885559082,4.625,4.625,17245.0,4.626699924468994,4.630000114440918,4.619999885559082,4.625
2025-12-08T20:46:00Z,4.625,4.630000114440918,4.619999885559082,4.625,4.625,21076.0,4.625,4.630000114440918,4.619999885559082,4.625
2025-12-08T20:47:00Z,4.629899978637695,4.629899978637695,4.619999885559082,4.625,4.625,17037.0,4.629899978637695,4.629899978637695,4.619999885559082,4.625
2025-12-08T20:48:00Z,4.619999885559082,4.625,4.619999885559082,4.625,4.625,21953.0,4.619999885559082,4.625,4.619999885559082,4.625
2025-12-08T20:49:00Z,4.625,4.629899978637695,4.619999885559082,4.624800205230713,4.624800205230713,19366.0,4.625,4.629899978637695,4.619999885559082,4.624800205230713
2025-12-08T20:50:00Z,4.625,4.639999866485596,4.625,4.635000228881836,4.635000228881836,64062.0,4.625,4.639999866485596,4.625,4.635000228881836
2025-12-08T20:51:00Z,4.635000228881836,4.638700008392334,4.632900238037109,4.632900238037109,4.632900238037109,29684.0,4.635000228881836,4.638700008392334,4.632900238037109,4.632900238037109
2025-12-08T20:52:00Z,4.635000228881836,4.639900207519531,4.630000114440918,4.635000228881836,4.635000228881836,34531.0,4.635000228881836,4.639900207519531,4.630000114440918,4.635000228881836
2025-12-08T20:53:00Z,4.635000228881836,4.639999866485596,4.635000228881836,4.635000228881836,4.635000228881836,37186.0,4.635000228881836,4.639999866485596,4.635000228881836,4.635000228881836
2025-12-08T20:54:00Z,4.635000228881836,4.635499954223633,4.614999771118164,4.614999771118164,4.614999771118164,61420.0,4.635000228881836,4.635499954223633,4.614999771118164,4.614999771118164
2025-12-08T20:55:00Z,4.614999771118164,4.619900226593018,4.614999771118164,4.614999771118164,4.614999771118164,35209.0,4.614999771118164,4.619900226593018,4.614999771118164,4.614999771118164
2025-12-08T20:56:00Z,4.614999771118164,4.619999885559082,4.599999904632568,4.599999904632568,4.599999904632568,98124.0,4.614999771118164,4.619999885559082,4.599999904632568,4.599999904632568
2025-12-08T20:57:00Z,4.605000019073486,4.610000133514404,4.599999904632568,4.599999904632568,4.599999904632568,79476.0,4.605000019073486,4.610000133514404,4.599999904632568,4.599999904632568
2025-12-08T20:58:00Z,4.599999904632568,4.605000019073486,4.594799995422363,4.59499979019165,4.59499979019165,139789.0,4.599999904632568,4.605000019073486,4.594799995422363,4.59499979019165
2025-12-08T20:59:00Z,4.59499979019165,4.610000133514404,4.590000152587891,4.605000019073486,4.605000019073486,191229.0,4.59499979019165,4.610000133514404,4.590000152587891,4.605000019073486
